date,ticker,company,adj_close,log_ret,simple_ret,z_ret
2020-01-01,HDFCBANK,HDFCBANK,638.049987792969,NA,NA,NA
2020-01-02,HDFCBANK,HDFCBANK,639.5,0.0022699899706904014,0.002272568348518666,0.11444621032855594
2020-01-03,HDFCBANK,HDFCBANK,641.099975585938,0.0024987918927942485,0.0025019164752743623,0.12771116653469441
2020-01-06,HDFCBANK,HDFCBANK,630,-0.017465593526113196,-0.017313954154799416,-1.0297384555190892
2020-01-07,HDFCBANK,HDFCBANK,629.450012207031,-8.733777801400607e-4,-8.729964967761545e-4,-0.06779279872849704
2020-01-08,HDFCBANK,HDFCBANK,623.474975585938,-0.009537812678222526,-0.009492472007654568,-0.5701196516551814
2020-01-09,HDFCBANK,HDFCBANK,632.5,0.014371591674459406,0.014475359505135524,0.8160452840975592
2020-01-10,HDFCBANK,HDFCBANK,642.049987792969,0.014985942663021293,0.01509879492959522,0.8516627250855442
2020-01-13,HDFCBANK,HDFCBANK,641.349975585938,-0.0010908715855125195,-0.0010902768014018618,-0.08040215872357011
2020-01-14,HDFCBANK,HDFCBANK,644.5,0.004899530700058154,0.0049115530271661425,0.26689572778273735
2020-01-15,HDFCBANK,HDFCBANK,643.200012207031,-0.002019085535892643,-0.002017048553869631,-0.13421603095201548
2020-01-16,HDFCBANK,HDFCBANK,641.025024414062,-0.003387241037183969,-0.0033815108079769435,-0.21353583141933744
2020-01-17,HDFCBANK,HDFCBANK,640.875,-2.340657023008404e-4,-2.3403831106153333e-4,-0.030728220613879594
2020-01-20,HDFCBANK,HDFCBANK,652.424987792969,0.01786174124760519,0.018022216177833394,1.0183892190389752
2020-01-21,HDFCBANK,HDFCBANK,625,-0.042944521615068405,-0.042035465081959156,-2.5068976601779727
2020-01-22,HDFCBANK,HDFCBANK,624.025024414062,-0.0015611789434232786,-0.0015599609375007276,-0.10766856649124341
2020-01-23,HDFCBANK,HDFCBANK,620,-0.006470992753840972,-0.0064501009680523694,-0.39231855796257625
2020-01-24,HDFCBANK,HDFCBANK,623,0.004827040748315944,0.004838709677419355,0.26269307062669706
2020-01-27,HDFCBANK,HDFCBANK,617.5,-0.008867450285320872,-0.00882825040128411,-0.531254909163872
2020-01-28,HDFCBANK,HDFCBANK,609.400024414062,-0.01320416188806617,-0.013117369369940008,-0.7826788874246813
2020-01-29,HDFCBANK,HDFCBANK,612.650024414062,0.005318943631322662,0.005333114325233043,0.29121149451386974
2020-01-30,HDFCBANK,HDFCBANK,619.474975585938,0.011078455473525251,0.011140048804214587,0.6251233412896917
2020-01-31,HDFCBANK,HDFCBANK,615.724975585938,-0.00607191008664458,-0.006053513293984179,-0.36918145293167376
2020-02-03,HDFCBANK,HDFCBANK,598.5,-0.02837387063424158,-0.02797511270278792,-1.662153676480701
2020-02-04,HDFCBANK,HDFCBANK,599,8.350731174215657e-4,8.35421888053467e-4,0.03125587240201492
2020-02-05,HDFCBANK,HDFCBANK,617.450012207031,0.03033651521845405,0.030801355938282173,1.7416232237326976
2020-02-06,HDFCBANK,HDFCBANK,622.325012207031,0.00786437059927081,0.00789537598772516,0.43878445607505384
2020-02-07,HDFCBANK,HDFCBANK,623,0.0010840348542791253,0.0010846226324331422,0.045689608386631345
2020-02-10,HDFCBANK,HDFCBANK,621.474975585938,-0.0024508731912711934,-0.0024478722537111483,-0.15924923122534212
2020-02-11,HDFCBANK,HDFCBANK,621.650024414062,2.8162707576653075e-4,2.81666736394416e-4,-8.305604282243849e-4
2020-02-12,HDFCBANK,HDFCBANK,622.599975585938,0.0015269461224811506,0.0015281124983004522,0.07136770812409128
2020-02-13,HDFCBANK,HDFCBANK,629.950012207031,0.011736251739986544,0.011805391759252545,0.6632595535510998
2020-02-14,HDFCBANK,HDFCBANK,621.599975585938,-0.013343710757140885,-0.01325507811618052,-0.7907693336056888
2020-02-17,HDFCBANK,HDFCBANK,612.5,-0.014747817358393284,-0.014639600938465381,-0.8721734249835115
2020-02-18,HDFCBANK,HDFCBANK,608.450012207031,-0.006634182573568464,-0.006612224968112616,-0.401779605282757
2020-02-19,HDFCBANK,HDFCBANK,611.25,0.004591280943768214,0.004601837023246298,0.24902472617514132
2020-02-20,HDFCBANK,HDFCBANK,615,0.006116227017436054,0.006134969325153374,0.3374345729890401
2020-02-24,HDFCBANK,HDFCBANK,604.474975585938,-0.01726199548871386,-0.017113860835873244,-1.0179347126793232
2020-02-25,HDFCBANK,HDFCBANK,602,-0.004102827008983003,-0.004094421913064106,-0.25502244346507436
2020-02-26,HDFCBANK,HDFCBANK,598.75,-0.005413296583696041,-0.005398671096345515,-0.33099786079638316
2020-02-27,HDFCBANK,HDFCBANK,597.5,-0.002089864919459242,-0.0020876826722338203,-0.1383195166862056
2020-02-28,HDFCBANK,HDFCBANK,587.75,-0.016452596385486823,-0.016317991631799162,-0.971009216779331
2020-03-02,HDFCBANK,HDFCBANK,600.099975585938,0.020794579891964544,0.02101229363834616,1.1884226515354028
2020-03-03,HDFCBANK,HDFCBANK,587.5,-0.021220021293829487,-0.020996460754119064,-1.2474041091112078
2020-03-04,HDFCBANK,HDFCBANK,589.174987792969,0.0028469865369901916,0.002851043051862089,0.14789800178503298
2020-03-05,HDFCBANK,HDFCBANK,576.5,-0.02174789284619056,-0.021513112497271964,-1.2780078425071093
2020-03-06,HDFCBANK,HDFCBANK,562.5,-0.024584205630538532,-0.024284475281873375,-1.4424451187560834
2020-03-09,HDFCBANK,HDFCBANK,555,-0.013423020332140661,-0.013333333333333334,-0.795367363331252
2020-03-11,HDFCBANK,HDFCBANK,552.5,-0.004514680354526583,-0.0045045045045045045,-0.278899937769985
2020-03-12,HDFCBANK,HDFCBANK,537.5,-0.027524673390090033,-0.027149321266968326,-1.6129208546998985
2020-03-13,HDFCBANK,HDFCBANK,490.024993896484,-0.09247236224599881,-0.08832559275072749,-5.378309888330979
2020-03-16,HDFCBANK,HDFCBANK,517.5,0.05455312738370509,0.05606858108409062,3.145598753655461
2020-03-17,HDFCBANK,HDFCBANK,504,-0.026433257068155483,-0.02608695652173913,-1.5496452074500666
2020-03-18,HDFCBANK,HDFCBANK,492.5,-0.023081807459225074,-0.022817460317460316,-1.3553425028190975
2020-03-19,HDFCBANK,HDFCBANK,423.5,-0.15094094652003442,-0.1401015228426396,-8.768068167887668
2020-03-20,HDFCBANK,HDFCBANK,437.5,0.03252319170555993,0.03305785123966942,1.8683973678121653
2020-03-23,HDFCBANK,HDFCBANK,397.299987792969,-0.09638507370208742,-0.09188574218749948,-5.605152152744802
2020-03-24,HDFCBANK,HDFCBANK,397.625,8.177179737264133e-4,8.180523962169988e-4,0.03024969544794656
2020-03-25,HDFCBANK,HDFCBANK,385.225006103516,-0.0316817550573624,-0.031185146548843704,-1.8539306580908026
2020-03-26,HDFCBANK,HDFCBANK,435.049987792969,0.12163334394117212,0.1293399465248219,7.0346226165285275
2020-03-27,HDFCBANK,HDFCBANK,472.475006103516,0.08252390944616084,0.08602463937628431,4.767224986941728
2020-03-30,HDFCBANK,HDFCBANK,440,-0.07121012148697202,-0.0687338074691743,-4.145616168280624
2020-03-31,HDFCBANK,HDFCBANK,426.899993896484,-0.030224947445687395,-0.029772741144354596,-1.7694711876809899
2020-04-01,HDFCBANK,HDFCBANK,431.924987792969,0.011702154332303072,0.0117708924064859,0.6612827317853331
2020-04-03,HDFCBANK,HDFCBANK,421.5,-0.02443215635701234,-0.024136107165825517,-1.43362995262481
2020-04-07,HDFCBANK,HDFCBANK,437,0.036113417653679994,0.036773428232502965,2.076543302662919
2020-04-08,HDFCBANK,HDFCBANK,439.975006103516,0.006784725893099893,0.00680779428722202,0.37619127672647146
2020-04-09,HDFCBANK,HDFCBANK,456.5,0.03687077904633306,0.03755893781974521,2.120451874817323
2020-04-13,HDFCBANK,HDFCBANK,467,0.022740557633874198,0.023001095290251915,1.30124211252243
2020-04-15,HDFCBANK,HDFCBANK,465.25,-0.0037543621465372014,-0.003747323340471092,-0.23481994211710208
2020-04-16,HDFCBANK,HDFCBANK,432.5,-0.07299256915042607,-0.07039226222461042,-4.24895485520267
2020-04-17,HDFCBANK,HDFCBANK,457.5,0.05619455834364207,0.057803468208092484,3.2407618956376405
2020-04-20,HDFCBANK,HDFCBANK,475.5,0.03858999726986895,0.03934426229508197,2.220124789425304
2020-04-21,HDFCBANK,HDFCBANK,462.5,-0.027720325032965166,-0.027339642481598318,-1.6242638995945116
2020-04-22,HDFCBANK,HDFCBANK,459.575012207031,-0.006344381021980307,-0.006324297930743735,-0.3849781516282589
2020-04-23,HDFCBANK,HDFCBANK,467.5,0.01709717279824214,0.01724416598480968,0.9740628125816339
2020-04-24,HDFCBANK,HDFCBANK,466.5,-0.0021413284413432264,-0.0021390374331550803,-0.1413031514289892
2020-04-27,HDFCBANK,HDFCBANK,472.575012207031,0.012938470039716208,0.013022534205854282,0.7329590252578723
2020-04-28,HDFCBANK,HDFCBANK,471.899993896484,-0.001429404528691182,-0.001428383416623234,-0.10002884989953825
2020-04-29,HDFCBANK,HDFCBANK,467.5,-0.009367737069681753,-0.009323996510686881,-0.5602593957697358
2020-04-30,HDFCBANK,HDFCBANK,500.700012207031,0.0686077949870872,0.07101606889204497,3.9604282294589
2020-05-04,HDFCBANK,HDFCBANK,478.75,-0.04482860322097313,-0.04383864923485375,-2.6161286481054864
2020-05-05,HDFCBANK,HDFCBANK,469,-0.02057577204857635,-0.020365535248041775,-1.2100532951602574
2020-05-06,HDFCBANK,HDFCBANK,459.5,-0.020463826650537635,-0.02025586353944563,-1.2035631800912576
2020-05-07,HDFCBANK,HDFCBANK,470.25,0.023125526385397933,0.023394994559303592,1.3235609531280454
2020-05-08,HDFCBANK,HDFCBANK,471,0.001593625835278026,0.001594896331738437,0.07523351249302045
2020-05-11,HDFCBANK,HDFCBANK,468.5,-0.005321992337940869,-0.005307855626326964,-0.3257044313957894
2020-05-12,HDFCBANK,HDFCBANK,450.5,-0.039178024630084275,-0.0384204909284952,-2.28853228502308
2020-05-13,HDFCBANK,HDFCBANK,475.5,0.05400880493705237,0.05549389567147614,3.1140412678158564
2020-05-14,HDFCBANK,HDFCBANK,449,-0.05734399424319069,-0.05573080967402734,-3.3417174556027613
2020-05-15,HDFCBANK,HDFCBANK,445.25,-0.008386965572483224,-0.008351893095768375,-0.5033984619150695
2020-05-18,HDFCBANK,HDFCBANK,444,-0.0028113597375462574,-0.002807411566535654,-0.18014869835075592
2020-05-19,HDFCBANK,HDFCBANK,430.424987792969,-0.031051498130102818,-0.03057435181763744,-1.817391058852125
2020-05-20,HDFCBANK,HDFCBANK,418.225006103516,-0.028753484490920148,-0.028344036790264253,-1.6841620632013294
2020-05-21,HDFCBANK,HDFCBANK,430.725006103516,0.02945026977759957,0.02988821762825461,1.6902425060677084
2020-05-22,HDFCBANK,HDFCBANK,425,-0.013380680664384404,-0.013291557310095282,-0.7929126906020855
2020-05-26,HDFCBANK,HDFCBANK,428.5,0.00820156911341771,0.00823529411764706,0.4583337827669138
2020-05-27,HDFCBANK,HDFCBANK,429.950012207031,0.003378213210816308,0.003383925804039726,0.17869625076406798
2020-05-28,HDFCBANK,HDFCBANK,460,0.06755753823448989,0.06989181751319315,3.8995388378825417
2020-05-29,HDFCBANK,HDFCBANK,472,0.025752496102414764,0.02608695652173913,1.4758614142896624
2020-06-01,HDFCBANK,HDFCBANK,487.5,0.03231130485234657,0.03283898305084746,1.8561130749063737
2020-06-02,HDFCBANK,HDFCBANK,493.350006103516,0.011928583236847637,0.012000012520032868,0.6744101105895389
2020-06-03,HDFCBANK,HDFCBANK,510,0.03319185204362186,0.03374884704671602,1.9071634324484033
2020-06-04,HDFCBANK,HDFCBANK,514.025024414062,0.007861224182157811,0.007892204733454991,0.4386020402770291
2020-06-05,HDFCBANK,HDFCBANK,501.549987792969,-0.02456867090964767,-0.024269317695793862,-1.441544482125075
2020-06-08,HDFCBANK,HDFCBANK,530,0.05517372755528608,0.05672418083833089,3.1815784955293402
2020-06-09,HDFCBANK,HDFCBANK,510,-0.03846628082779605,-0.03773584905660377,-2.2472684255216784
2020-06-10,HDFCBANK,HDFCBANK,495,-0.02985296314968116,-0.029411764705882353,-1.7479051302347837
2020-06-11,HDFCBANK,HDFCBANK,492.5,-0.005063301956546762,-0.005050505050505051,-0.3107066702380636
2020-06-12,HDFCBANK,HDFCBANK,464,-0.059609908385888276,-0.05786802030456853,-3.473085459828316
2020-06-15,HDFCBANK,HDFCBANK,484,0.04220035449037647,0.04310344827586207,2.4294378492902977
2020-06-16,HDFCBANK,HDFCBANK,487.5,0.0072053837212701635,0.007231404958677686,0.4005792172522305
2020-06-17,HDFCBANK,HDFCBANK,494.5,0.014256860624864844,0.014358974358974359,0.8093936688735165
2020-06-18,HDFCBANK,HDFCBANK,490,-0.009141759958094513,-0.00910010111223458,-0.5471582099875907
2020-06-19,HDFCBANK,HDFCBANK,508.975006103516,0.03799352031784796,0.038724502252073516,2.1855436085778015
2020-06-22,HDFCBANK,HDFCBANK,519.724975585938,0.020900867135694487,0.021120819988232564,1.1945847310336204
2020-06-23,HDFCBANK,HDFCBANK,519.5,-4.329680189327672e-4,-4.32874301806099e-4,-0.04225972566052202
2020-06-24,HDFCBANK,HDFCBANK,524.25,0.009101859242747267,0.009143407122232916,0.5105287513605562
2020-06-25,HDFCBANK,HDFCBANK,510.950012207031,-0.02569690783295919,-0.025369552299416266,-1.5069548302561673
2020-06-26,HDFCBANK,HDFCBANK,520.5,0.01851812610595337,0.018690649896881562,1.0564436038985971
2020-06-29,HDFCBANK,HDFCBANK,518.5,-0.003849860385441548,-0.0038424591738712775,-0.2403565212908319
2020-06-30,HDFCBANK,HDFCBANK,537,0.03505806683928261,0.03567984570877531,2.015358579185203
2020-07-01,HDFCBANK,HDFCBANK,532.924987792969,-0.007617416095327088,-0.007588477108065219,-0.45878327678432684
2020-07-02,HDFCBANK,HDFCBANK,545.150024414062,0.022680352522970383,0.0229395072498313,1.2977516778609488
2020-07-03,HDFCBANK,HDFCBANK,546.5,0.002473276680085191,0.002476337751959078,0.12623190370305465
2020-07-06,HDFCBANK,HDFCBANK,553.974975585938,0.013585207687981684,0.013677905921203944,0.7704541061654915
2020-07-07,HDFCBANK,HDFCBANK,554.700012207031,0.0013079337631597024,0.0013087894815577157,0.05867030887023584
2020-07-08,HDFCBANK,HDFCBANK,553.5,-0.002165696919042958,-0.0021633534894950415,-0.14271593147263972
2020-07-09,HDFCBANK,HDFCBANK,559,0.009887721006407607,0.00993676603432701,0.5560896530487064
2020-07-10,HDFCBANK,HDFCBANK,558.950012207031,-8.942759954641048e-5,-8.942360101784861e-5,-0.022342722445268658
2020-07-13,HDFCBANK,HDFCBANK,554.950012207031,-0.0071820039609322706,-0.007156275002492404,-0.4335399447298562
2020-07-14,HDFCBANK,HDFCBANK,531.299987792969,-0.04355123111350151,-0.04261649498845151,-2.5420720802727073
2020-07-15,HDFCBANK,HDFCBANK,535.099975585938,0.007126789210906247,0.007152245210383317,0.3960226439138865
2020-07-16,HDFCBANK,HDFCBANK,526.825012207031,-0.015585151437807788,-0.015464331445438384,-0.9207184712454018
2020-07-17,HDFCBANK,HDFCBANK,529.525024414062,0.005111976131432612,0.005125064574515637,0.27921240465967956
2020-07-20,HDFCBANK,HDFCBANK,567.5,0.06926032496990775,0.0717151670555298,3.998259125133711
2020-07-21,HDFCBANK,HDFCBANK,576.025024414062,0.0149103555599219,0.01502206945209171,0.8472805083491515
2020-07-22,HDFCBANK,HDFCBANK,569.25,-0.011831399971630602,-0.01176168417501247,-0.7030920267220527
2020-07-23,HDFCBANK,HDFCBANK,562.5,-0.011928570865273845,-0.011857707509881422,-0.7087255792588357
2020-07-24,HDFCBANK,HDFCBANK,561.450012207031,-0.001868389318054304,-0.001866644965278182,-0.12547930919865108
2020-07-27,HDFCBANK,HDFCBANK,549.924987792969,-0.020740861666363023,-0.020527249378369,-1.2196244846410624
2020-07-28,HDFCBANK,HDFCBANK,539.5,-0.019139098395968543,-0.018957108740971937,-1.126761105526877
2020-07-29,HDFCBANK,HDFCBANK,540.5,0.0018518523810737264,0.0018535681186283596,0.09020438244789653
2020-07-30,HDFCBANK,HDFCBANK,537,-0.006496542570398315,-0.0064754856614246065,-0.39379982697724036
2020-07-31,HDFCBANK,HDFCBANK,528.849975585938,-0.01529330289923997,-0.015176954216130438,-0.903798342046616
2020-08-03,HDFCBANK,HDFCBANK,512.974975585938,-0.030477728162898073,-0.030017964891482382,-1.7841263318018248
2020-08-04,HDFCBANK,HDFCBANK,504,-0.01765079537535801,-0.01749593257582677,-1.0404756661025443
2020-08-05,HDFCBANK,HDFCBANK,523.974975585938,0.03886765859390918,0.03963288806733721,2.2362224046449017
2020-08-06,HDFCBANK,HDFCBANK,518.5,-0.010503898995695867,-0.010448925695002003,-0.626129201639718
2020-08-07,HDFCBANK,HDFCBANK,517.424987792969,-0.002075464161185034,-0.0020733118746982114,-0.13748462235452313
2020-08-10,HDFCBANK,HDFCBANK,522,0.008803024374241748,0.00884188493977714,0.49320358465241254
2020-08-11,HDFCBANK,HDFCBANK,524.25,0.004301081899390702,0.004310344827586207,0.23220022758992503
2020-08-12,HDFCBANK,HDFCBANK,532.5,0.015614227801550798,0.015736766809728183,0.8880880084526082
2020-08-13,HDFCBANK,HDFCBANK,533.974975585938,0.002766078079929456,0.0027699072036393517,0.14320727572054748
2020-08-14,HDFCBANK,HDFCBANK,532.950012207031,-0.0019213416237182342,-0.001919497028455736,-0.12854925725322766
2020-08-17,HDFCBANK,HDFCBANK,523.5,-0.017890603729199865,-0.017731517010192033,-1.0543787281149979
2020-08-18,HDFCBANK,HDFCBANK,514,-0.018313764855426438,-0.018147086914995225,-1.0789117991483261
2020-08-19,HDFCBANK,HDFCBANK,532.5,0.03535963212841516,0.03599221789883268,2.032842043995517
2020-08-20,HDFCBANK,HDFCBANK,527.474975585938,-0.0094814730061653,-0.0094366655663137,-0.5668533185945347
2020-08-21,HDFCBANK,HDFCBANK,532.700012207031,0.009857012260933539,0.009905752619427891,0.5543092914148819
2020-08-24,HDFCBANK,HDFCBANK,543,0.019150883095587084,0.019335437501296588,1.0931281460538402
2020-08-25,HDFCBANK,HDFCBANK,559.5,0.029934207818044463,0.03038674033149171,1.7182991624714619
2020-08-26,HDFCBANK,HDFCBANK,560.5,0.001785714760234753,0.0017873100983020554,0.08637000625061535
2020-08-27,HDFCBANK,HDFCBANK,562.900024414062,0.004272793329700148,0.004281934726248073,0.2305601773900444
2020-08-28,HDFCBANK,HDFCBANK,555.974975585938,-0.012378750543180463,-0.012302448974544924,-0.7348250702832795
2020-08-31,HDFCBANK,HDFCBANK,564.75,0.0156598700493785,0.015783128376981558,0.8907341506397766
2020-09-01,HDFCBANK,HDFCBANK,564,-0.001328903850053752,-0.0013280212483399733,-0.09420225067976583
2020-09-02,HDFCBANK,HDFCBANK,562.049987792969,-0.0034634593090165427,-0.003457468452182664,-0.21795464061757383
2020-09-03,HDFCBANK,HDFCBANK,568.625,0.011630373701125851,0.011698269459713835,0.6571211979998668
2020-09-04,HDFCBANK,HDFCBANK,555,-0.02425305214373367,-0.023961310178061114,-1.4232462568777169
2020-09-07,HDFCBANK,HDFCBANK,558.150024414062,0.005659673455346688,0.005675719664976658,0.31096555143893606
2020-09-08,HDFCBANK,HDFCBANK,557,-0.0020625472744972726,-0.002060421685494549,-0.13673575654667802
2020-09-09,HDFCBANK,HDFCBANK,550.5,-0.011738283764549379,-0.011669658886894075,-0.6976935475586936
2020-09-10,HDFCBANK,HDFCBANK,551.5,0.0018148825308225342,0.0018165304268846503,0.08806102875567107
2020-09-11,HDFCBANK,HDFCBANK,548.224975585938,-0.005956096603382042,-0.005938394223140608,-0.36246708283621343
2020-09-14,HDFCBANK,HDFCBANK,544,-0.00773649523423242,-0.0077066455818112604,-0.46568697561744676
2020-09-15,HDFCBANK,HDFCBANK,534,-0.018553407895747834,-0.01838235294117647,-1.0928052769903804
2020-09-16,HDFCBANK,HDFCBANK,535.099975585938,0.0020577607318302033,0.0020598793744156458,0.10214206736831942
2020-09-17,HDFCBANK,HDFCBANK,542,0.012812401747621141,0.012894832234866902,0.7256501252353247
2020-09-18,HDFCBANK,HDFCBANK,546,0.007352974305258733,0.007380073800738007,0.409135887646626
2020-09-21,HDFCBANK,HDFCBANK,527.5,-0.03447011039468347,-0.03388278388278388,-2.0155875668117393
2020-09-22,HDFCBANK,HDFCBANK,527.025024414062,-9.008332795556578e-4,-9.004276510672128e-4,-0.06938455107924983
2020-09-23,HDFCBANK,HDFCBANK,523,-0.007666568005743048,-0.007637254831565167,-0.46163289418754005
2020-09-24,HDFCBANK,HDFCBANK,519,-0.007677580899034306,-0.0076481835564053535,-0.4622713746070582
2020-09-25,HDFCBANK,HDFCBANK,525,0.011494379425735212,0.011560693641618497,0.6492368319475414
2020-09-28,HDFCBANK,HDFCBANK,524.474975585938,-0.0010005468831095021,-0.0010000465029753242,-0.07516551905423767
2020-09-29,HDFCBANK,HDFCBANK,529,0.00859071614978506,0.008627722245483182,0.48089486244533786
2020-09-30,HDFCBANK,HDFCBANK,530,0.0018885746878681546,0.001890359168241966,0.09233338462994717
2020-10-01,HDFCBANK,HDFCBANK,545.049987792969,0.02800050463203241,0.028396203382960335,1.6061913277021445
2020-10-05,HDFCBANK,HDFCBANK,556,0.019890783072382557,0.020089922855278112,1.1360243800490257
2020-10-06,HDFCBANK,HDFCBANK,567.525024414062,0.02051655001659015,0.020728461176370585,1.172303669286794
2020-10-07,HDFCBANK,HDFCBANK,572.450012207031,0.008640572426835925,0.008678009922212246,0.48378531601146074
2020-10-08,HDFCBANK,HDFCBANK,590,0.030197120205756798,0.030657677384452367,1.7335416974859734
2020-10-09,HDFCBANK,HDFCBANK,600.5,0.017640104620273094,0.017796610169491526,1.0055396759573305
2020-10-12,HDFCBANK,HDFCBANK,615.775024414062,0.025119035197333186,0.02543717637645636,1.4391360621294031
2020-10-13,HDFCBANK,HDFCBANK,606.700012207031,-0.014847221648745324,-0.014737545121558494,-0.8779364603028722
2020-10-14,HDFCBANK,HDFCBANK,597.775024414062,-0.014819985258404004,-0.01471070976330128,-0.8763574109584924
2020-10-15,HDFCBANK,HDFCBANK,607.099975585938,0.015479012111930528,0.015599432547413986,0.8802487814710201
2020-10-16,HDFCBANK,HDFCBANK,590,-0.028570945022387405,-0.028166655038050433,-1.6735792060569754
2020-10-19,HDFCBANK,HDFCBANK,617.5,0.04555653160236722,0.046610169491525424,2.6240146343157114
2020-10-20,HDFCBANK,HDFCBANK,603.75,-0.022518863535349862,-0.022267206477732792,-1.3227054234272242
2020-10-21,HDFCBANK,HDFCBANK,615.299987792969,0.01894972894050864,0.01913041456392377,1.0814660890515948
2020-10-22,HDFCBANK,HDFCBANK,619.974975585938,0.007569181359115775,0.007597900025543278,0.42167064729593606
2020-10-23,HDFCBANK,HDFCBANK,621.75,0.0028589674171070447,0.0028630581619596353,0.14859260193786264
2020-10-26,HDFCBANK,HDFCBANK,614.900024414062,-0.011078390019972972,-0.01101725064083306,-0.6594357324930586
2020-10-27,HDFCBANK,HDFCBANK,613,-0.003094756727329672,-0.0030899729039246303,-0.196578842922366
2020-10-28,HDFCBANK,HDFCBANK,614,0.00162999221093097,0.0016313213703099511,0.07734187931081901
2020-10-29,HDFCBANK,HDFCBANK,600.299987792969,-0.022565418224229472,-0.022312723464219905,-1.3254044650414731
2020-10-30,HDFCBANK,HDFCBANK,591.275024414062,-0.015148246422050695,-0.015034088892934403,-0.8953885883188517
2020-11-02,HDFCBANK,HDFCBANK,597.174987792969,0.009928918823864812,0.009978374081931907,0.5584781261844796
2020-11-03,HDFCBANK,HDFCBANK,613.224975585938,0.02652169376185069,0.026876523834808118,1.5204562025347137
2020-11-04,HDFCBANK,HDFCBANK,626,0.020618495013520793,0.02083252464049671,1.1782140038997444
2020-11-05,HDFCBANK,HDFCBANK,633,0.01112005104407764,0.011182108626198083,0.6275348744476009
2020-11-06,HDFCBANK,HDFCBANK,633.125,1.9745285877164636e-4,1.9747235387045813e-4,-0.005710621276735786
2020-11-09,HDFCBANK,HDFCBANK,657.599975585938,0.03792893161301479,0.03865741454837189,2.181799031901412
2020-11-10,HDFCBANK,HDFCBANK,678.5,0.03128767265896105,0.03178227674877816,1.7967672613240493
2020-11-11,HDFCBANK,HDFCBANK,699.950012207031,0.031124442085771784,0.031613872081106886,1.7873038512925736
2020-11-12,HDFCBANK,HDFCBANK,688.700012207031,-0.0162031410852993,-0.016072576332311683,-0.9565468661052194
2020-11-13,HDFCBANK,HDFCBANK,684.400024414062,-0.006263202585146209,-0.006243629616310145,-0.38027177329198625
2020-11-14,HDFCBANK,HDFCBANK,683.900024414062,-7.308338879080993e-4,-7.305668938689283e-4,-0.05952871392307617
2020-11-17,HDFCBANK,HDFCBANK,692.900024414062,0.013073980065604156,0.013159818217159499,0.7408153165965459
2020-11-18,HDFCBANK,HDFCBANK,701.5,0.01233517567456959,0.012411567734047006,0.6979825999748372
2020-11-19,HDFCBANK,HDFCBANK,694.849975585938,-0.00952493974565539,-0.009479721188969416,-0.5693733341191332
2020-11-20,HDFCBANK,HDFCBANK,686.325012207031,-0.012344665541229302,-0.01226878272783731,-0.7328489677487776
2020-11-23,HDFCBANK,HDFCBANK,707.5,0.0303863352617617,0.0308527117857414,1.7445115766214636
2020-11-24,HDFCBANK,HDFCBANK,704,-0.0049592733593502355,-0.0049469964664310955,-0.30467553739918984
2020-11-25,HDFCBANK,HDFCBANK,725.650024414062,0.030289482402733277,0.030752875588156314,1.738896462370508
2020-11-26,HDFCBANK,HDFCBANK,707.5,-0.02533020904338304,-0.02501209095764529,-1.4856952038516136
2020-11-27,HDFCBANK,HDFCBANK,715.900024414062,0.011802896987360922,0.01187282602694282,0.6671233597623393
2020-12-01,HDFCBANK,HDFCBANK,720.424987792969,0.006300772193515545,0.006320663814211277,0.34813371247283126
2020-12-02,HDFCBANK,HDFCBANK,715.5,-0.006859699701763683,-0.0068362256673755025,-0.41485412319649184
2020-12-03,HDFCBANK,HDFCBANK,714.5,-0.0013986016265834893,-0.001397624039133473,-0.09824302946707239
2020-12-04,HDFCBANK,HDFCBANK,690.5,-0.03416702452057527,-0.03358992302309307,-1.9980159449924098
2020-12-07,HDFCBANK,HDFCBANK,687.5,-0.004354143308620503,-0.004344677769732078,-0.26959268692250105
2020-12-08,HDFCBANK,HDFCBANK,687.5,0,0,-0.017158092960098438
2020-12-09,HDFCBANK,HDFCBANK,688.5,0.0014534886279830986,0.0014545454545454545,0.06710895698000316
2020-12-10,HDFCBANK,HDFCBANK,699,0.015135424065100813,0.015250544662309368,0.8603290170204391
2020-12-11,HDFCBANK,HDFCBANK,695.025024414062,-0.00570289096606287,-0.005686660351842568,-0.34778730366608146
2020-12-14,HDFCBANK,HDFCBANK,691.5,-0.005084700162934489,-0.005071794957359705,-0.3119472466633537
2020-12-15,HDFCBANK,HDFCBANK,690.400024414062,-0.0015919759733965238,-0.0015907094518263988,-0.10945404648248586
2020-12-16,HDFCBANK,HDFCBANK,702,0.016662228894394795,0.016801818041334484,0.9488466265303501
2020-12-17,HDFCBANK,HDFCBANK,709.299987792969,0.010345146972260792,0.010398843009927319,0.5826092528352812
2020-12-18,HDFCBANK,HDFCBANK,717.5,0.011494396635704182,0.011560711050546991,0.6492378297078862
2020-12-21,HDFCBANK,HDFCBANK,708.75,-0.01227009259181436,-0.012195121951219513,-0.7285255473025857
2020-12-22,HDFCBANK,HDFCBANK,692.400024414062,-0.02333899647985334,-0.02306874862213468,-1.3702532215052157
2020-12-23,HDFCBANK,HDFCBANK,683.75,-0.012571504825917604,-0.012492813560170016,-0.7460001386373526
2020-12-24,HDFCBANK,HDFCBANK,694.700012207031,0.015887761534302464,0.016014643081581022,0.9039463235947581
2020-12-28,HDFCBANK,HDFCBANK,702.5,0.011165285937407395,0.011227850375572564,0.6301573999643936
2020-12-29,HDFCBANK,HDFCBANK,710.525024414062,0.01135876655920772,0.011423522297597218,0.6413745783487294
2020-12-30,HDFCBANK,HDFCBANK,719.950012207031,0.013177614342557991,0.013264821743247312,0.7468235884353791
2020-12-31,HDFCBANK,HDFCBANK,717.5,-0.003408834475890396,-0.003403030995888767,-0.2147877265789012
2021-01-01,HDFCBANK,HDFCBANK,720,0.0034782643763247925,0.003484320557491289,0.184496789136472
2021-01-04,HDFCBANK,HDFCBANK,719,-0.0013898542890543016,-0.001388888888888889,-0.09773589627440488
2021-01-05,HDFCBANK,HDFCBANK,709.599975585938,-0.013159961131063705,-0.013073747446539701,-0.7801163167061986
2021-01-06,HDFCBANK,HDFCBANK,717.5,0.011071551043793332,0.011133067482899444,0.6247230520037447
2021-01-07,HDFCBANK,HDFCBANK,716.25,-0.0017436796048268398,-0.0017421602787456446,-0.11824917376433608
2021-01-08,HDFCBANK,HDFCBANK,716,-3.4910106830365726e-4,-3.4904013961605586e-4,-0.03739747880084488
2021-01-11,HDFCBANK,HDFCBANK,725,0.012491487894029053,0.012569832402234637,0.7070449134665613
2021-01-12,HDFCBANK,HDFCBANK,726.224975585938,0.001688195693263256,0.0016896214978454548,0.08071626811438906
2021-01-13,HDFCBANK,HDFCBANK,746.450012207031,0.02746880130510857,0.027849547042602,1.5753654444165064
2021-01-14,HDFCBANK,HDFCBANK,735.575012207031,-0.014676128967071897,-0.014568959504529787,-0.8680172388701137
2021-01-15,HDFCBANK,HDFCBANK,734.549987792969,-0.0013944726879188065,-0.0013935008626605539,-0.09800365127452385
2021-01-18,HDFCBANK,HDFCBANK,734.950012207031,5.444360992759652e-4,5.445843315088191e-4,0.014405981972186035
2021-01-19,HDFCBANK,HDFCBANK,745.900024414062,0.014789089394797502,0.014898989081105655,0.8402500150959898
2021-01-20,HDFCBANK,HDFCBANK,750.5,0.006148075381387294,0.006167013588116507,0.33928100482477713
2021-01-21,HDFCBANK,HDFCBANK,746,-0.006014050869755808,-0.005996002664890073,-0.3658270231651149
2021-01-22,HDFCBANK,HDFCBANK,733.950012207031,-0.01628467716855329,-0.016152798650092462,-0.9612739792502452
2021-01-25,HDFCBANK,HDFCBANK,732.549987792969,-0.0019093417516369512,-0.001907520118232697,-0.12785355602758308
2021-01-27,HDFCBANK,HDFCBANK,734,0.0019774473309450095,0.0019794037692903773,0.09748584011414187
2021-01-28,HDFCBANK,HDFCBANK,694.950012207031,-0.054669110518411605,-0.05320161824655174,-3.1866391453357577
2021-01-29,HDFCBANK,HDFCBANK,695.674987792969,0.0010426616113147487,0.0010432053719023158,0.043290964830746834
2021-02-01,HDFCBANK,HDFCBANK,705.125,0.013492512352721427,0.013583947062709866,0.7650800273490446
2021-02-02,HDFCBANK,HDFCBANK,750.5,0.06236455901337644,0.06435029250132955,3.598472127803978
2021-02-03,HDFCBANK,HDFCBANK,789.5,0.05066018262218004,0.0519653564290473,2.919902477593986
2021-02-04,HDFCBANK,HDFCBANK,783,-0.008267137704893663,-0.008233058898036731,-0.49645135499728305
2021-02-05,HDFCBANK,HDFCBANK,774,-0.011560822401075971,-0.011494252873563218,-0.6874050972121621
2021-02-08,HDFCBANK,HDFCBANK,810,0.04546237407675741,0.046511627906976744,2.61855578396075
2021-02-09,HDFCBANK,HDFCBANK,805,-0.006191970247921107,-0.006172839506172839,-0.3761420272432489
2021-02-10,HDFCBANK,HDFCBANK,804.174987792969,-0.0010253854124944418,-0.001024859884510587,-0.07660555068284683
2021-02-11,HDFCBANK,HDFCBANK,791,-0.01651892423841506,-0.01638323498362873,-0.9748546218189833
2021-02-12,HDFCBANK,HDFCBANK,786.950012207031,-0.005133238258218586,-0.005120085705396937,-0.314761277692257
2021-02-15,HDFCBANK,HDFCBANK,800.049987792969,0.016509480947613155,0.01664651551271799,0.9399909543139411
2021-02-16,HDFCBANK,HDFCBANK,810.599975585938,0.013100473618652098,0.013186660776125186,0.7423512994138862
2021-02-17,HDFCBANK,HDFCBANK,810,-7.404364092159136e-4,-7.401623538222605e-4,-0.06008542701117188
2021-02-18,HDFCBANK,HDFCBANK,802.974975585938,-0.008710697859195081,-0.00867286964699018,-0.522167074373652
2021-02-19,HDFCBANK,HDFCBANK,772.5,-0.03869154103538883,-0.037952584467156145,-2.2603280482784647
2021-02-22,HDFCBANK,HDFCBANK,772.525024414062,3.23935388343989e-5,3.239406351073819e-5,-0.015280054217901512
2021-02-23,HDFCBANK,HDFCBANK,776.875,0.005615059954240545,0.0056308539509607285,0.30837905158380413
2021-02-24,HDFCBANK,HDFCBANK,763.25,-0.017693830649988293,-0.01753821399839099,-1.0429706671411751
2021-02-25,HDFCBANK,HDFCBANK,804.875,0.05310135424336032,0.05453652145430724,3.0614311603466033
2021-02-26,HDFCBANK,HDFCBANK,793.525024414062,-0.014201909635455447,-0.014101538233810162,-0.8405240316096373
2021-03-01,HDFCBANK,HDFCBANK,782,-0.014630335677581124,-0.014523832342366405,-0.865362339933756
2021-03-02,HDFCBANK,HDFCBANK,787.849975585938,0.007452944874532047,0.00748078719429406,0.4149317533942545
2021-03-03,HDFCBANK,HDFCBANK,792,0.005253706394582813,0.005267531310102026,0.28742931873314875
2021-03-04,HDFCBANK,HDFCBANK,774.275024414062,-0.02263425263865234,-0.02238001967921459,-1.329395189788882
2021-03-05,HDFCBANK,HDFCBANK,765.5,-0.011397924078035063,-0.01133321382890092,-0.677960949622308
2021-03-08,HDFCBANK,HDFCBANK,771,0.007159158465591074,0.007184846505551927,0.3978992747650237
2021-03-09,HDFCBANK,HDFCBANK,772.5,0.0019436352085710307,0.0019455252918287938,0.09552555796964199
2021-03-10,HDFCBANK,HDFCBANK,786,0.01732478365730592,0.017475728155339806,0.987258716050278
2021-03-12,HDFCBANK,HDFCBANK,800,0.017654935238720745,0.017811704834605598,1.006399491742133
2021-03-15,HDFCBANK,HDFCBANK,774.200012207031,-0.032781473757096,-0.03224998474121122,-1.9176876416725088
2021-03-16,HDFCBANK,HDFCBANK,765.450012207031,-0.011366341785218828,-0.011301988971888749,-0.6761299434522345
2021-03-17,HDFCBANK,HDFCBANK,762.125,-0.004353327897632293,-0.004343865901110871,-0.2695454128832397
2021-03-18,HDFCBANK,HDFCBANK,755.875,-0.008234565634603171,-0.008200754469411186,-0.49456296576534936
2021-03-19,HDFCBANK,HDFCBANK,742.5,-0.017853147916522268,-0.01769472465685464,-1.0522072004011347
2021-03-22,HDFCBANK,HDFCBANK,747.450012207031,0.0066445590502371464,0.006666683107112489,0.36806500307006773
2021-03-23,HDFCBANK,HDFCBANK,735,-0.016796930514255133,-0.016656648610211783,-0.9909722358675946
2021-03-24,HDFCBANK,HDFCBANK,745.450012207031,0.014117580036956602,0.014217703683035404,0.8013187764863385
2021-03-25,HDFCBANK,HDFCBANK,745.099975585938,-4.696744562670311e-4,-4.695641764854563e-4,-0.044387807799191215
2021-03-26,HDFCBANK,HDFCBANK,747,0.0025467803392909836,0.0025500261392008344,0.13049333127931964
2021-03-30,HDFCBANK,HDFCBANK,753.325012207031,0.008431572661520687,0.008467218483307929,0.4716684041057052
2021-03-31,HDFCBANK,HDFCBANK,774,0.027075115795388995,0.02744497721162485,1.552541243477096
2021-04-01,HDFCBANK,HDFCBANK,749.700012207031,-0.031898730798156485,-0.03139533306585139,-1.8665099829188592
2021-04-05,HDFCBANK,HDFCBANK,740,-0.013022956593355148,-0.012938524808710217,-0.7721733799684496
2021-04-06,HDFCBANK,HDFCBANK,730,-0.013605652055778598,-0.013513513513513514,-0.8059555690317673
2021-04-07,HDFCBANK,HDFCBANK,719.650024414062,-0.014279517508846866,-0.014178048747860212,-0.845023403958972
2021-04-08,HDFCBANK,HDFCBANK,726.5,0.009473466376747655,0.009518481697426738,0.5320729425678595
2021-04-09,HDFCBANK,HDFCBANK,713,-0.01875706259604164,-0.018582243633860976,-1.1046123049022591
2021-04-12,HDFCBANK,HDFCBANK,696.5,-0.02341362719443556,-0.02314165497896213,-1.3745799909285803
2021-04-13,HDFCBANK,HDFCBANK,684,-0.01810987559730991,-0.017946877243359655,-1.067091172577758
2021-04-15,HDFCBANK,HDFCBANK,702.5,0.026687483585350467,0.027046783625730993,1.5300679869459908
2021-04-16,HDFCBANK,HDFCBANK,717.474975585938,0.02109266858550834,0.021316691225534454,1.2057045582127814
2021-04-19,HDFCBANK,HDFCBANK,695,-0.031826224228616966,-0.031325100318075054,-1.8623063623340526
2021-04-20,HDFCBANK,HDFCBANK,712.5,0.024868066578013524,0.025179856115107913,1.4245859756887858
2021-04-22,HDFCBANK,HDFCBANK,690,-0.03208831455150051,-0.031578947368421054,-1.8775012375481033
2021-04-23,HDFCBANK,HDFCBANK,704.5,0.020796733747429758,0.021014492753623187,1.188547522857102
2021-04-26,HDFCBANK,HDFCBANK,706.5,0.002834870785847127,0.0028388928317956,0.14719558238733108
2021-04-27,HDFCBANK,HDFCBANK,703.625,-0.004077658340391457,-0.004069355980184005,-0.2535632717782118
2021-04-28,HDFCBANK,HDFCBANK,718.125,0.020398104818829508,0.020607567951678805,1.1654367236480716
2021-04-29,HDFCBANK,HDFCBANK,743.099975585938,0.034186943706060215,0.03477803388816425,1.9648545881955446
2021-04-30,HDFCBANK,HDFCBANK,722.5,-0.02811317232249317,-0.027721674421661464,-1.6470395041146695
2021-05-03,HDFCBANK,HDFCBANK,696.5,-0.03664962676672683,-0.035986159169550176,-2.141946598064086
2021-05-04,HDFCBANK,HDFCBANK,704.974975585938,0.012094513339640744,0.012167947718503883,0.6840300277938691
2021-05-05,HDFCBANK,HDFCBANK,700.5,-0.006367940782439377,-0.0063477084164847005,-0.3863440457074827
2021-05-06,HDFCBANK,HDFCBANK,703.799987792969,0.00469984176596284,0.004710903344709461,0.2553186180221709
2021-05-07,HDFCBANK,HDFCBANK,706.474975585938,0.0037935736937188495,0.0038007784020534204,0.20277707388303645
2021-05-10,HDFCBANK,HDFCBANK,713.5,0.00989465568014779,0.009943769640581555,0.5564916957528128
2021-05-11,HDFCBANK,HDFCBANK,698,-0.021963334154518663,-0.021723896285914507,-1.2904982075079259
2021-05-12,HDFCBANK,HDFCBANK,699.875,0.002682644906684922,0.0026862464183381087,0.13837017741712682
2021-05-14,HDFCBANK,HDFCBANK,697.174987792969,-0.0038653098919537,-0.0038578491974009966,-0.24125221755686732
2021-05-17,HDFCBANK,HDFCBANK,697.575012207031,5.736145187747045e-4,5.737790670436893e-4,0.016097621855523388
2021-05-18,HDFCBANK,HDFCBANK,729.474975585938,0.04471501156376189,0.04572979653898418,2.575226904055206
2021-05-19,HDFCBANK,HDFCBANK,735.099975585938,0.007681447308508873,0.0077110253103361325,0.42817934656055195
2021-05-20,HDFCBANK,HDFCBANK,729.174987792969,-0.008092769839246314,-0.008060111535504068,-0.48634225241500617
2021-05-21,HDFCBANK,HDFCBANK,721.5,-0.010581363114977215,-0.01052557742853914,-0.6306202397409967
2021-05-24,HDFCBANK,HDFCBANK,751.625,0.04090515114580711,0.04175329175329175,2.3543475026455756
2021-05-25,HDFCBANK,HDFCBANK,755.25,0.004811290907048571,0.004822883751870947,0.261779962236941
2021-05-26,HDFCBANK,HDFCBANK,740,-0.020398634068565978,-0.020191989407480966,-1.1997835932028806
2021-05-27,HDFCBANK,HDFCBANK,736.549987792969,-0.0046730805105232665,-0.0046621786581500305,-0.28808330088608614
2021-05-28,HDFCBANK,HDFCBANK,745.450012207031,0.012010973562101162,0.012083394965127177,0.6791867490296717
2021-05-31,HDFCBANK,HDFCBANK,750,0.006085127280562699,0.006103679278906936,0.33563154334726886
2021-06-01,HDFCBANK,HDFCBANK,760.150024414062,0.01344260781391515,0.01353336588541606,0.7621867757728958
2021-06-02,HDFCBANK,HDFCBANK,755,-0.006798065095246604,-0.0067750105224712465,-0.41128081249737736
2021-06-03,HDFCBANK,HDFCBANK,754,-0.001325381241068682,-0.0013245033112582781,-0.0939980248870424
2021-06-04,HDFCBANK,HDFCBANK,758,0.00529101763441568,0.005305039787798408,0.2895924647322242
2021-06-07,HDFCBANK,HDFCBANK,755,-0.003965636393346954,-0.00395778364116095,-0.24706871872547453
2021-06-08,HDFCBANK,HDFCBANK,748.275024414062,-0.008947159154219555,-0.008907252431705901,-0.5358760882407767
2021-06-09,HDFCBANK,HDFCBANK,741.950012207031,-0.008488718190036904,-0.008452790752950539,-0.509297643195098
2021-06-10,HDFCBANK,HDFCBANK,741.049987792969,-0.0012137889744589048,-0.0012130526305738584,-0.08752838286694359
2021-06-11,HDFCBANK,HDFCBANK,745.5,0.005987051274483807,0.006005009486990567,0.3299455162652105
2021-06-14,HDFCBANK,HDFCBANK,739.125,-0.008588080063799115,-0.008551307847082495,-0.5150582193821169
2021-06-15,HDFCBANK,HDFCBANK,743,0.005228990576765143,0.005242685607982411,0.285996401396023
2021-06-16,HDFCBANK,HDFCBANK,744,0.0013449901153326123,0.0013458950201884253,0.06081867757366742
2021-06-17,HDFCBANK,HDFCBANK,733,-0.01489533294644036,-0.01478494623655914,-0.8807257474341905
2021-06-18,HDFCBANK,HDFCBANK,734.75,0.0023846034123751396,0.0023874488403819918,0.12109100714933096
2021-06-21,HDFCBANK,HDFCBANK,730.674987792969,-0.0055615575612916746,-0.005546120730903059,-0.3395933977429335
2021-06-22,HDFCBANK,HDFCBANK,748.5,0.02410245612194788,0.02439526808064436,1.3801991581424584
2021-06-23,HDFCBANK,HDFCBANK,745,-0.004686985480123573,-0.004676018704074816,-0.28888945151235595
2021-06-24,HDFCBANK,HDFCBANK,745,0,0,-0.017158092960098438
2021-06-25,HDFCBANK,HDFCBANK,755.549987792969,0.014061726323726247,0.014161057440226815,0.798080617238644
2021-06-28,HDFCBANK,HDFCBANK,760,0.005872488577091039,0.005889765440973559,0.32330366138130606
2021-06-29,HDFCBANK,HDFCBANK,753.5,-0.008589415213826612,-0.008552631578947369,-0.5151356256664721
2021-06-30,HDFCBANK,HDFCBANK,749,-0.005990034549330675,-0.005972130059721301,-0.36443465969306593
2021-07-01,HDFCBANK,HDFCBANK,751,0.0026666682469152977,0.0026702269692923898,0.13744391906135894
2021-07-02,HDFCBANK,HDFCBANK,742.5,-0.011382781087280068,-0.011318242343541944,-0.6770830238280316
2021-07-05,HDFCBANK,HDFCBANK,744.974975585938,0.003327757321021265,0.00333330045244169,0.17577103421728904
2021-07-06,HDFCBANK,HDFCBANK,748.5,0.004720575861807092,0.004731735332840599,0.25652069216044254
2021-07-07,HDFCBANK,HDFCBANK,767,0.0244155975075732,0.024716098864395457,1.39835375548349
2021-07-08,HDFCBANK,HDFCBANK,762.5,-0.005884292885689534,-0.005867014341590613,-0.35830421059339745
2021-07-09,HDFCBANK,HDFCBANK,756.275024414062,-0.008197409549685012,-0.008163902407787482,-0.4924088149841892
2021-07-12,HDFCBANK,HDFCBANK,751,-0.006999447167747006,-0.006975008090673055,-0.42295608317629585
2021-07-13,HDFCBANK,HDFCBANK,748.049987792969,-0.003935847422363025,-0.003928112126539311,-0.24534168168009343
2021-07-14,HDFCBANK,HDFCBANK,748.75,9.353450878873035e-4,9.357826595202868e-4,0.037069212100828836
2021-07-15,HDFCBANK,HDFCBANK,752.5,0.00499584719337167,0.005008347245409015,0.2724797458451063
2021-07-16,HDFCBANK,HDFCBANK,763.974975585938,0.015134037538382824,0.015249136991279675,0.8602486321354537
2021-07-19,HDFCBANK,HDFCBANK,743.5,-0.027166268261203788,-0.026800584103208975,-1.5921420592465385
2021-07-20,HDFCBANK,HDFCBANK,721,-0.030729628615260695,-0.03026227303295225,-1.7987304419341692
2021-07-22,HDFCBANK,HDFCBANK,728.049987792969,0.009730573105215991,0.009778069060983325,0.546978890306743
2021-07-23,HDFCBANK,HDFCBANK,725.75,-0.003164107485425922,-0.003159106972779746,-0.2005995030660851
2021-07-26,HDFCBANK,HDFCBANK,715,-0.014923060210731615,-0.014812263176024801,-0.8823332555493215
2021-07-27,HDFCBANK,HDFCBANK,718.049987792969,0.004256644812367866,0.004265717192963605,0.22962395546831785
2021-07-28,HDFCBANK,HDFCBANK,717.525024414062,-7.313632486535822e-4,-7.310958677410236e-4,-0.05955940399351575
2021-07-29,HDFCBANK,HDFCBANK,714.125,-0.004749807213095226,-0.004738544717431337,-0.2925315867225859
2021-07-30,HDFCBANK,HDFCBANK,709.5,-0.00649752044452921,-0.006476457202870646,-0.39385651993419707
2021-08-02,HDFCBANK,HDFCBANK,717.5,0.011212451033678805,0.01127554615926709,0.6328918303867682
2021-08-03,HDFCBANK,HDFCBANK,705,-0.017575144821507488,-0.017421602787456445,-1.0360897707631607
2021-08-04,HDFCBANK,HDFCBANK,720.5,0.021747612627308212,0.02198581560283688,1.243675410695408
2021-08-05,HDFCBANK,HDFCBANK,733.549987792969,0.017950329505041315,0.018112404986771656,1.0235251870608477
2021-08-06,HDFCBANK,HDFCBANK,741.775024414062,0.011150250649565095,0.011212646388066513,0.6292857183240432
2021-08-09,HDFCBANK,HDFCBANK,746,0.005679604609577373,0.005695764142605528,0.3121210744589211
2021-08-10,HDFCBANK,HDFCBANK,744.5,-0.002012748079697121,-0.0020107238605898124,-0.13384861236514817
2021-08-11,HDFCBANK,HDFCBANK,757.450012207031,0.017244692596225013,0.017394240707899293,0.9826153791063724
2021-08-12,HDFCBANK,HDFCBANK,748.5,-0.011886340860605644,-0.011815977375131058,-0.7062772643261733
2021-08-13,HDFCBANK,HDFCBANK,750.599975585938,0.0028016503151750095,0.002805578605127528,0.14526960167632577
2021-08-16,HDFCBANK,HDFCBANK,763.075012207031,0.01648348447521527,0.01662008663316932,0.9384837901052614
2021-08-17,HDFCBANK,HDFCBANK,758.599975585938,-0.00588174157832563,-0.005864477999548148,-0.3581562967116459
2021-08-18,HDFCBANK,HDFCBANK,778.349975585938,0.025701666043678704,0.02603480178699613,1.4729145050290695
2021-08-20,HDFCBANK,HDFCBANK,743.025024414062,-0.04644653873056418,-0.04538440583271486,-2.7099296244335642
2021-08-23,HDFCBANK,HDFCBANK,764.924987792969,0.029048049461361594,0.029474058960769055,1.666923493574036
2021-08-24,HDFCBANK,HDFCBANK,765,9.805998031225675e-5,9.806478834931861e-5,-0.011472994983401777
2021-08-25,HDFCBANK,HDFCBANK,776.049987792969,0.014341101540961005,0.014444428487541147,0.814277596650458
2021-08-26,HDFCBANK,HDFCBANK,775,-0.001353906014149853,-0.0013529898968944875,-0.09565176914859644
2021-08-27,HDFCBANK,HDFCBANK,776,0.001289490829871692,0.0012903225806451613,0.05760106653114766
2021-08-30,HDFCBANK,HDFCBANK,777.799987792969,0.0023168858441222798,0.0023195718981558985,0.11716503236292738
2021-08-31,HDFCBANK,HDFCBANK,781.75,0.005065590310609543,0.005078442104684653,0.2765231532926193
2021-09-01,HDFCBANK,HDFCBANK,787.5,0.007328374361837434,0.007355292612727854,0.40770968821107706
2021-09-02,HDFCBANK,HDFCBANK,787.049987792969,-5.716074088123711e-4,-5.714440724203461e-4,-0.05029744413022968
2021-09-03,HDFCBANK,HDFCBANK,793.049987792969,0.007594492666081894,0.007623403968056831,0.42313808854528584
2021-09-06,HDFCBANK,HDFCBANK,789.974975585938,-0.0038849874711966987,-0.003877450670655297,-0.24239303938432877
2021-09-07,HDFCBANK,HDFCBANK,781.25,-0.011106067435249571,-0.011044622748292111,-0.6610403505756662
2021-09-08,HDFCBANK,HDFCBANK,785.974975585938,0.0060297531948419695,0.006047968750000582,0.3324211908498495
2021-09-09,HDFCBANK,HDFCBANK,787,0.0013032941719499133,0.0013041438288768645,0.05840132522863731
2021-09-13,HDFCBANK,HDFCBANK,781,-0.007653098577717271,-0.007623888182973317,-0.4608519943977098
2021-09-14,HDFCBANK,HDFCBANK,780,-0.001281230156048573,-0.0012804097311139564,-0.09143833393750822
2021-09-15,HDFCBANK,HDFCBANK,767.5,-0.016155440222285256,-0.016025641025641024,-0.953781374220107
2021-09-16,HDFCBANK,HDFCBANK,768.875,0.0017899280671801918,0.0017915309446254071,0.08661427575499869
2021-09-17,HDFCBANK,HDFCBANK,784.5,0.020118164644554973,0.020321898878231184,1.1492069904450215
2021-09-20,HDFCBANK,HDFCBANK,782,-0.003191831627776174,-0.0031867431485022306,-0.20220683018443825
2021-09-21,HDFCBANK,HDFCBANK,781,-0.0012795907056250815,-0.0012787723785166241,-0.09134328561855275
2021-09-22,HDFCBANK,HDFCBANK,774.5,-0.008357489982762664,-0.008322663252240717,-0.5016895933741145
2021-09-23,HDFCBANK,HDFCBANK,771,-0.004529286293593798,-0.004519044544867657,-0.2797467276059034
2021-09-24,HDFCBANK,HDFCBANK,789.5,0.023711460132367208,0.023994811932555125,1.3575308840699645
2021-09-27,HDFCBANK,HDFCBANK,807.849975585938,0.02297653380610868,0.02324252765793281,1.314923001046443
2021-09-28,HDFCBANK,HDFCBANK,816,0.010037987462301603,0.010088537055597221,0.5648014590438536
2021-09-29,HDFCBANK,HDFCBANK,798.5,-0.02167938730903992,-0.02144607843137255,-1.2740361846563995
2021-09-30,HDFCBANK,HDFCBANK,793,-0.006911746020219111,-0.0068879148403256105,-0.417871545990207
2021-10-01,HDFCBANK,HDFCBANK,791.5,-0.0018933423137811995,-0.0018915510718789407,-0.12692597709586828
2021-10-04,HDFCBANK,HDFCBANK,794.5,0.0037831066557038992,0.003790271636133923,0.20217023981626106
2021-10-05,HDFCBANK,HDFCBANK,796,0.0018861998676122948,0.0018879798615481435,0.09219570271538208
2021-10-06,HDFCBANK,HDFCBANK,798,0.002509411605425707,0.002512562814070352,0.1283268520223108
2021-10-07,HDFCBANK,HDFCBANK,813.299987792969,0.018991432713660866,0.01917291703379571,1.083883895333152
2021-10-08,HDFCBANK,HDFCBANK,806,-0.009016287656841253,-0.008975762821266928,-0.5398838629633009
2021-10-11,HDFCBANK,HDFCBANK,799.950012207031,-0.007534501532164965,-0.007506188328745629,-0.45397624527391206
2021-10-12,HDFCBANK,HDFCBANK,812.5,0.015566673229429175,0.01568846503088868,0.8853309978873356
2021-10-13,HDFCBANK,HDFCBANK,818.5,0.007357482607296982,0.0073846153846153844,0.40939725970395635
2021-10-14,HDFCBANK,HDFCBANK,819,6.106870418797265e-4,6.108735491753207e-4,0.018246928080389694
2021-10-18,HDFCBANK,HDFCBANK,852.5,0.040089125304602506,0.040903540903540904,2.307037816839075
2021-10-19,HDFCBANK,HDFCBANK,837.724975585938,-0.017483353967075548,-0.017331406937316184,-1.030768129874099
2021-10-20,HDFCBANK,HDFCBANK,844.549987792969,0.008114071481869796,0.008147079776698003,0.45326104456632677
2021-10-21,HDFCBANK,HDFCBANK,835.900024414062,-0.010294908760438917,-0.010242097571407892,-0.6140128422459548
2021-10-22,HDFCBANK,HDFCBANK,840.049987792969,0.004952381432069261,0.004964664741834309,0.2699597870316431
2021-10-25,HDFCBANK,HDFCBANK,845,0.005875228013077278,0.005892521015369572,0.3234624821554186
2021-10-26,HDFCBANK,HDFCBANK,825,-0.023953241022492872,-0.023668639053254437,-1.4058644912141949
2021-10-27,HDFCBANK,HDFCBANK,826.375,0.0016652793190612488,0.0016666666666666668,0.07938767481675436
2021-10-28,HDFCBANK,HDFCBANK,825,-0.0016652793190612089,-0.0016638935108153079,-0.11370386073694892
2021-10-29,HDFCBANK,HDFCBANK,795,-0.0370412716803491,-0.03636363636363636,-2.164652493975215
2021-11-01,HDFCBANK,HDFCBANK,792.5,-0.00314960890289622,-0.0031446540880503146,-0.19975893730274202
2021-11-02,HDFCBANK,HDFCBANK,803,0.013162208195325957,0.013249211356466877,0.7459304059548337
2021-11-03,HDFCBANK,HDFCBANK,802.549987792969,-5.605707978410158e-4,-5.604137073860804e-4,-0.04965758866112759
2021-11-04,HDFCBANK,HDFCBANK,797.5,-0.006312308489921114,-0.006292427723856255,-0.3831187234850282
2021-11-08,HDFCBANK,HDFCBANK,796.049987792969,-0.0018198520514889848,-0.00181819712480379,-0.12266532621531578
2021-11-09,HDFCBANK,HDFCBANK,797.299987792969,0.0015690215904774429,0.0015702531488827698,0.07380706368190988
2021-11-10,HDFCBANK,HDFCBANK,784,-0.016821983847580244,-0.016681284330362388,-0.9924247209093268
2021-11-11,HDFCBANK,HDFCBANK,775.025024414062,-0.011513701951826,-0.011447672941247392,-0.684673255233008
2021-11-12,HDFCBANK,HDFCBANK,775,-3.228904523481925e-5,-3.228852394922903e-5,-0.019030073610608454
2021-11-15,HDFCBANK,HDFCBANK,781.049987792969,0.007776123294669915,0.007806435861895455,0.43366825503934164
2021-11-16,HDFCBANK,HDFCBANK,777.5,-0.004555508594627755,-0.0045451480039072276,-0.2812669843923903
2021-11-17,HDFCBANK,HDFCBANK,768.450012207031,-0.01170812911480447,-0.011639855682275211,-0.6959453100238003
2021-11-18,HDFCBANK,HDFCBANK,763.025024414062,-0.007084686794752602,-0.007059649563135683,-0.4278979119374354
2021-11-22,HDFCBANK,HDFCBANK,773,0.012988220443589892,0.013072933739752353,0.7358433407503033
2021-11-23,HDFCBANK,HDFCBANK,751,-0.028873396823287264,-0.028460543337645538,-1.691114067025422
2021-11-24,HDFCBANK,HDFCBANK,762,0.014540903922511436,0.014647137150466045,0.8258612836089343
2021-11-25,HDFCBANK,HDFCBANK,757.400024414062,-0.00605500798491216,-0.0060367133673726444,-0.3682015414116539
2021-11-26,HDFCBANK,HDFCBANK,750,-0.00981834117137795,-0.009770298620978833,-0.58638349306903
2021-11-29,HDFCBANK,HDFCBANK,747.400024414062,-0.003472656813650608,-0.0034666341145839397,-0.21848787257233537
2021-11-30,HDFCBANK,HDFCBANK,747.5,1.3375554813602864e-4,1.3376449380816176e-4,-0.009403518732583082
2021-12-01,HDFCBANK,HDFCBANK,747.5,0,0,-0.017158092960098438
2021-12-02,HDFCBANK,HDFCBANK,752.25,0.006334410245313041,0.006354515050167224,0.35008390275030227
2021-12-03,HDFCBANK,HDFCBANK,762.900024414062,0.014058277587682725,0.014157559872465331,0.7978806742829064
2021-12-06,HDFCBANK,HDFCBANK,756.5,-0.008424459869426786,-0.008389073547320335,-0.5055722207819665
2021-12-07,HDFCBANK,HDFCBANK,756.974975585938,6.276623124838866e-4,6.278593336919428e-4,0.019231081618441406
2021-12-08,HDFCBANK,HDFCBANK,768,0.014459537606777687,0.01456458240977927,0.821144012858153
2021-12-09,HDFCBANK,HDFCBANK,772.599975585938,0.005971685484635125,0.0059895515441900455,0.3290546735330285
2021-12-10,HDFCBANK,HDFCBANK,762.450012207031,-0.013224470061015233,-0.013137410949578692,-0.7838562683763751
2021-12-13,HDFCBANK,HDFCBANK,763,7.210827131651026e-4,7.213427558050023e-4,0.024647196624825802
2021-12-14,HDFCBANK,HDFCBANK,751.25,-0.015519545435039616,-0.015399737876802096,-0.9169149159886213
2021-12-15,HDFCBANK,HDFCBANK,751.5,3.327233436117565e-4,3.3277870216306157e-4,0.0021317824971834316
2021-12-16,HDFCBANK,HDFCBANK,756.400024414062,0.006499159867927996,0.006520325234946168,0.3596353807661789
2021-12-17,HDFCBANK,HDFCBANK,748.5,-0.010499165201274106,-0.01044424135255908,-0.6258547564990647
2021-12-20,HDFCBANK,HDFCBANK,726,-0.03052118903488699,-0.03006012024048096,-1.7866460071538173
2021-12-21,HDFCBANK,HDFCBANK,719.75,-0.008646085332510798,-0.008608815426997245,-0.5184211166082886
2021-12-22,HDFCBANK,HDFCBANK,726.150024414062,0.008852709182765399,0.008892010300885092,0.4960840972071867
2021-12-23,HDFCBANK,HDFCBANK,726.625,6.538873464639946e-4,6.541011773995566e-4,0.020751496849449543
2021-12-24,HDFCBANK,HDFCBANK,722.75,-0.005347145125059146,-0.005332874591432995,-0.32716268234280216
2021-12-27,HDFCBANK,HDFCBANK,714.450012207031,-0.011550347895562816,-0.01148389871043788,-0.6867978302118006
2021-12-28,HDFCBANK,HDFCBANK,730.349975585938,0.022010804868032936,0.02225482973929811,1.2589341703898496
2021-12-29,HDFCBANK,HDFCBANK,728.025024414062,-0.0031884160678784337,-0.0031833384673021596,-0.20200881063964438
2021-12-30,HDFCBANK,HDFCBANK,729.25,0.0016811869467837975,0.0016826009338399522,0.08030993098987947
2021-12-31,HDFCBANK,HDFCBANK,730.75,0.0020547952435246205,0.002056907781967775,0.10197014104820083
2022-01-03,HDFCBANK,HDFCBANK,742.5,0.015951466685499276,0.016079370509750255,0.907639675612787
2022-01-04,HDFCBANK,HDFCBANK,760,0.023295562603522082,0.02356902356902357,1.33341892532572
2022-01-05,HDFCBANK,HDFCBANK,768.400024414062,0.010992029386619454,0.011052663702713218,0.6201127266614065
2022-01-06,HDFCBANK,HDFCBANK,771.5,0.004026209136219297,0.0040343252048980855,0.21626428119488533
2022-01-07,HDFCBANK,HDFCBANK,772,6.47878221560671e-4,6.480881399870382e-4,0.02040311350569588
2022-01-10,HDFCBANK,HDFCBANK,779,0.009026495845972125,0.009067357512953367,0.5061595041594145
2022-01-11,HDFCBANK,HDFCBANK,780.775024414062,0.0022760015419207294,0.0022785935995661686,0.11479473549987941
2022-01-12,HDFCBANK,HDFCBANK,784,0.004121972937738919,0.004130479952734348,0.2218162565524812
2022-01-13,HDFCBANK,HDFCBANK,777.5,-0.008325376297018652,-0.008290816326530613,-0.4998277793163694
2022-01-14,HDFCBANK,HDFCBANK,765,-0.01620781022685331,-0.01607717041800643,-0.9568175629493049
2022-01-17,HDFCBANK,HDFCBANK,765,0,0,-0.017158092960098438
2022-01-18,HDFCBANK,HDFCBANK,766.5,0.0019588644853329716,0.00196078431372549,0.09640848625731004
2022-01-19,HDFCBANK,HDFCBANK,767,6.521030553874259e-4,6.523157208088715e-4,0.020648051289324638
2022-01-20,HDFCBANK,HDFCBANK,764.224975585938,-0.003624584886489085,-0.0036180240079035793,-0.2272960120064557
2022-01-21,HDFCBANK,HDFCBANK,750,-0.018789009950411013,-0.01861359683387937,-1.1064644757787754
2022-01-24,HDFCBANK,HDFCBANK,754.974975585938,0.006611397250076203,0.006633300781250607,0.3661424238241995
2022-01-25,HDFCBANK,HDFCBANK,729.325012207031,-0.034565138194290926,-0.03397458751397678,-2.021096871928444
2022-01-27,HDFCBANK,HDFCBANK,725,-0.005947810731466497,-0.005930157521874892,-0.36198670344482226
2022-01-28,HDFCBANK,HDFCBANK,738.75,0.01878791386563327,0.01896551724137931,1.072084743554241
2022-01-31,HDFCBANK,HDFCBANK,736.375,-0.003220068878456505,-0.003214890016920474,-0.20384390512774375
2022-02-01,HDFCBANK,HDFCBANK,754.25,0.02398437819731907,0.024274316754371073,1.3733535054280466
2022-02-02,HDFCBANK,HDFCBANK,755.974975585938,0.002284396515708146,0.0022870077374053097,0.11528144015086228
2022-02-03,HDFCBANK,HDFCBANK,764.375,0.011050231886558272,0.011111511207829848,0.6234870585100077
2022-02-04,HDFCBANK,HDFCBANK,764.200012207031,-2.2895545502965909e-4,-2.2892924672965152e-4,-0.03043195034817792
2022-02-07,HDFCBANK,HDFCBANK,756.049987792969,-0.010722055573527711,-0.010664779225172408,-0.6387769863454208
2022-02-08,HDFCBANK,HDFCBANK,738.200012207031,-0.023892688280770326,-0.023609517722558124,-1.4023539024056506
2022-02-09,HDFCBANK,HDFCBANK,737,-0.0016269149427725242,-0.0016255922340657923,-0.1114796583934291
2022-02-10,HDFCBANK,HDFCBANK,757,0.026775361248112268,0.027137042062415198,1.535162757729883
2022-02-11,HDFCBANK,HDFCBANK,750.125,-0.009123394127771828,-0.009081902245706737,-0.5460934377484431
2022-02-14,HDFCBANK,HDFCBANK,745,-0.006855640930117459,-0.0068321946342276285,-0.41461881298736936
2022-02-15,HDFCBANK,HDFCBANK,738,-0.009440393779087073,-0.009395973154362415,-0.5644717208213859
2022-02-16,HDFCBANK,HDFCBANK,767.174987792969,0.038771096499043985,0.03953250378451081,2.230624147655704
2022-02-17,HDFCBANK,HDFCBANK,756.549987792969,-0.013946312337064675,-0.013849513043388322,-0.8257055941665198
2022-02-18,HDFCBANK,HDFCBANK,749.150024414062,-0.009829345684282152,-0.009781195556547868,-0.5870214876295734
2022-02-21,HDFCBANK,HDFCBANK,752,0.0037970608716703085,0.0038042788400988524,0.20297924553607055
2022-02-22,HDFCBANK,HDFCBANK,744.900024414062,-0.009486309992657387,-0.009441456896194089,-0.5671337463697791
2022-02-23,HDFCBANK,HDFCBANK,762.549987792969,0.023418050136838814,0.02369440569261678,1.3405202282794029
2022-02-24,HDFCBANK,HDFCBANK,724.950012207031,-0.050565360296373305,-0.04930821085547808,-2.948721270889047
2022-02-25,HDFCBANK,HDFCBANK,719.974975585938,-0.006886248522197093,-0.0068625926440736415,-0.4163933101803056
2022-02-28,HDFCBANK,HDFCBANK,713,-0.009735034861155048,-0.009687802802120315,-0.5815537497406492
2022-03-02,HDFCBANK,HDFCBANK,693.25,-0.028090735918408567,-0.02769985974754558,-1.6457387374302428
2022-03-03,HDFCBANK,HDFCBANK,690.5,-0.003974711646540559,-0.003966822935448972,-0.24759486306493575
2022-03-04,HDFCBANK,HDFCBANK,680,-0.015323174679194442,-0.015206372194062274,-0.9055301800016994
2022-03-07,HDFCBANK,HDFCBANK,659.25,-0.030989972936756316,-0.03051470588235294,-1.8138240914603685
2022-03-08,HDFCBANK,HDFCBANK,651.099975585938,-0.01243962248722,-0.012362570214731961,-0.7383541650760255
2022-03-09,HDFCBANK,HDFCBANK,665,0.02112383790967804,0.02134852547268664,1.2075116222281717
2022-03-10,HDFCBANK,HDFCBANK,713.5,0.07039539626103704,0.07293233082706767,4.064065700660822
2022-03-11,HDFCBANK,HDFCBANK,694,-0.027710476410086646,-0.027330063069376315,-1.6236929185906237
2022-03-14,HDFCBANK,HDFCBANK,707.5,0.01926566901058814,0.019452449567723344,1.099782942139336
2022-03-15,HDFCBANK,HDFCBANK,721.75,0.01994118902565188,0.020141342756183747,1.1389467014897643
2022-03-16,HDFCBANK,HDFCBANK,723.5,0.002421727528494122,0.0024246622791825423,0.12324330451633644
2022-03-17,HDFCBANK,HDFCBANK,736,0.01712957265733774,0.017277125086385625,0.9759412177455254
2022-03-21,HDFCBANK,HDFCBANK,743.5,0.010138647171333613,0.010190217391304348,0.5706372781652779
2022-03-22,HDFCBANK,HDFCBANK,740.650024414062,-0.003840553909127434,-0.003833188414173443,-0.23981697162444332
2022-03-23,HDFCBANK,HDFCBANK,753.5,0.017200806075467846,0.017349591794186114,0.9800710264605088
2022-03-24,HDFCBANK,HDFCBANK,733,-0.027583316179898697,-0.027206370272063702,-1.61632071267078
2022-03-25,HDFCBANK,HDFCBANK,725.5,-0.010284629562409008,-0.010231923601637109,-0.6134168983375855
2022-03-28,HDFCBANK,HDFCBANK,715.450012207031,-0.013949339909466342,-0.013852498680866958,-0.8258811198568188
2022-03-29,HDFCBANK,HDFCBANK,720.5,0.007033683024800578,0.007058477471250156,0.3906247457238017
2022-03-30,HDFCBANK,HDFCBANK,736,0.021284703289299364,0.021512838306731435,1.216837908459247
2022-03-31,HDFCBANK,HDFCBANK,735.5,-6.795786873839907e-4,-6.793478260869565e-4,-0.05655715676115442
2022-04-01,HDFCBANK,HDFCBANK,738.200012207031,0.0036642670906169373,0.0036709887247192694,0.19528043044779078
2022-04-04,HDFCBANK,HDFCBANK,790,0.06781813832895811,0.07017066775452921,3.914647316031023
2022-04-05,HDFCBANK,HDFCBANK,833.349975585938,0.05342074723082895,0.05487338681764298,3.0799481988066044
2022-04-06,HDFCBANK,HDFCBANK,793.849975585938,-0.04855919692237505,-0.04739905340757596,-2.8324125045388784
2022-04-07,HDFCBANK,HDFCBANK,770.650024414062,-0.029660149496961507,-0.029224603999958687,-1.736726619863219
2022-04-08,HDFCBANK,HDFCBANK,756.049987792969,-0.01912685085968019,-0.01894509330898123,-1.1260510457904713
2022-04-11,HDFCBANK,HDFCBANK,753,-0.00404226761298583,-0.004034108646535899,-0.2515114688701665
2022-04-12,HDFCBANK,HDFCBANK,742,-0.014715984632513116,-0.014608233731739707,-0.8703278997762067
2022-04-13,HDFCBANK,HDFCBANK,745,0.004034975212179082,0.004043126684636119,0.21677250076156124
2022-04-18,HDFCBANK,HDFCBANK,709.424987792969,-0.048929452819152355,-0.047751694237625535,-2.853878356795077
2022-04-19,HDFCBANK,HDFCBANK,690.450012207031,-0.027111188949228163,-0.026746979472726733,-1.5889487964692735
2022-04-20,HDFCBANK,HDFCBANK,677.224975585938,-0.019340046367864478,-0.019154227514341107,-1.1384112089106329
2022-04-21,HDFCBANK,HDFCBANK,682.5,0.007758996815800261,0.007789175834069131,0.432675335093205
2022-04-22,HDFCBANK,HDFCBANK,680,-0.0036697288889624017,-0.003663003663003663,-0.22991326806039108
2022-04-25,HDFCBANK,HDFCBANK,675,-0.007380107297622534,-0.007352941176470588,-0.44502512833899366
2022-04-26,HDFCBANK,HDFCBANK,686,0.01616493685335536,0.016296296296296295,0.9200157623252175
2022-04-27,HDFCBANK,HDFCBANK,680,-0.008784829555732803,-0.008746355685131196,-0.5264649128665179
2022-04-28,HDFCBANK,HDFCBANK,686,0.008784829555732811,0.008823529411764706,0.4921487269463215
2022-04-29,HDFCBANK,HDFCBANK,690.174987792969,0.006067543210038171,0.006085988036397926,0.3346120941954053
2022-05-02,HDFCBANK,HDFCBANK,681.025024414062,-0.01334611889170822,-0.013257454327874943,-0.7909089469414531
2022-05-04,HDFCBANK,HDFCBANK,700,0.02748128299918946,0.027862376426275346,1.576089079619563
2022-05-05,HDFCBANK,HDFCBANK,687.5,-0.018018505502678365,-0.017857142857142856,-1.0617939255411353
2022-05-06,HDFCBANK,HDFCBANK,665,-0.03327478888487221,-0.03272727272727273,-1.9462879414672236
2022-05-09,HDFCBANK,HDFCBANK,650,-0.0228146777661714,-0.022556390977443608,-1.3398554664903208
2022-05-10,HDFCBANK,HDFCBANK,657.525024414062,0.01151046038331709,0.01157696063701853,0.650169137044085
2022-05-11,HDFCBANK,HDFCBANK,676.5,0.02844962433784284,0.028858180116942404,1.6322293660809706
2022-05-12,HDFCBANK,HDFCBANK,660.549987792969,-0.02385964476658126,-0.02357725381674948,-1.4004381808741857
2022-05-13,HDFCBANK,HDFCBANK,655.025024414062,-0.008399362726501595,-0.008364186633879066,-0.5041171958471202
2022-05-16,HDFCBANK,HDFCBANK,649.5,-0.008470604007105576,-0.00843482952274126,-0.5082474603946886
2022-05-17,HDFCBANK,HDFCBANK,656.299987792969,0.010415146769249563,0.010469573199336378,0.5866675414762009
2022-05-18,HDFCBANK,HDFCBANK,662.025024414062,0.008685373572356712,0.008723200864814035,0.4863826946866641
2022-05-19,HDFCBANK,HDFCBANK,643.099975585938,-0.029003161274532157,-0.028586606442670453,-1.6986372545364774
2022-05-20,HDFCBANK,HDFCBANK,651.5,0.012977201387171325,0.013061770693442583,0.7352045030190411
2022-05-23,HDFCBANK,HDFCBANK,657,0.008406621919710765,0.00844205679201842,0.47022186688094775
2022-05-24,HDFCBANK,HDFCBANK,650,-0.010711655594927772,-0.0106544901065449,-0.6381740400965238
2022-05-25,HDFCBANK,HDFCBANK,665,0.022814677766171264,0.023076923076923078,1.305539280570116
2022-05-26,HDFCBANK,HDFCBANK,671.075012207031,0.009093881732330946,0.00913535670230229,0.5100662494491497
2022-05-27,HDFCBANK,HDFCBANK,685.900024414062,0.02185095771129029,0.022091438270476698,1.2496669163634408
2022-05-30,HDFCBANK,HDFCBANK,705.125,0.027643211960664757,0.02802883058994073,1.5854770277745633
2022-05-31,HDFCBANK,HDFCBANK,697.950012207031,-0.010227607611537097,-0.010175483485862759,-0.6101110096713129
2022-06-01,HDFCBANK,HDFCBANK,690,-0.011455886857297946,-0.011390518042820569,-0.6813213834920866
2022-06-02,HDFCBANK,HDFCBANK,693.625,0.005239871054760171,0.005253623188405797,0.28662720494338306
2022-06-03,HDFCBANK,HDFCBANK,699.150024414062,0.00793387776042757,0.007965434368804534,0.44281418379884
2022-06-06,HDFCBANK,HDFCBANK,688.150024414062,-0.015858473503131756,-0.01573338999625837,-0.9365645148159982
2022-06-07,HDFCBANK,HDFCBANK,681,-0.010444566753848885,-0.010390211669541195,-0.622689372190405
2022-06-08,HDFCBANK,HDFCBANK,686.650024414062,0.008262430382100219,0.008296658464114605,0.4618622586481482
2022-06-09,HDFCBANK,HDFCBANK,681.125,-0.008078893628350155,-0.008046347072916375,-0.4855377690953199
2022-06-10,HDFCBANK,HDFCBANK,680.049987792969,-0.0015795359746965743,-0.0015782891642958674,-0.10873282859916601
2022-06-13,HDFCBANK,HDFCBANK,661.799987792969,-0.027202929886250785,-0.026836262521272098,-1.5942675433605817
2022-06-14,HDFCBANK,HDFCBANK,655.625,-0.009374397891753511,-0.009330595205300458,-0.5606455617261505
2022-06-15,HDFCBANK,HDFCBANK,650.825012207031,-0.007348171527873042,-0.00732123972235497,-0.44317362908915753
2022-06-16,HDFCBANK,HDFCBANK,655,0.00639442801256335,0.0064149160137700586,0.35356347602855565
2022-06-17,HDFCBANK,HDFCBANK,637.5,-0.027080958602670697,-0.026717557251908396,-1.587196170357159
2022-06-20,HDFCBANK,HDFCBANK,652.349975585938,0.023026913254384825,0.02329407935049091,1.3178437858411143
2022-06-21,HDFCBANK,HDFCBANK,668.450012207031,0.02438042740386186,0.024680060126670633,1.3963147433930034
2022-06-22,HDFCBANK,HDFCBANK,666.125,-0.003484277073881587,-0.0034782140243434156,-0.21916156552758034
2022-06-23,HDFCBANK,HDFCBANK,665.25,-0.0013144307591478209,-0.0013135672734096453,-0.09336316281166872
2022-06-24,HDFCBANK,HDFCBANK,669.275024414062,0.006032163571756477,0.006050393707721977,0.3325609341873059
2022-06-27,HDFCBANK,HDFCBANK,685,0.023223764832670087,0.023495536232963243,1.3292563978552654
2022-06-28,HDFCBANK,HDFCBANK,672,-0.019160497739075744,-0.01897810218978102,-1.1280017478542972
2022-06-29,HDFCBANK,HDFCBANK,665.625,-0.009531891625359562,-0.009486607142857142,-0.5697763743513928
2022-06-30,HDFCBANK,HDFCBANK,668,0.0035617246388556846,0.003568075117370892,0.18933545796077766
2022-07-01,HDFCBANK,HDFCBANK,671.974975585938,0.005932927581723852,0.005950562254398136,0.3268076562001651
2022-07-04,HDFCBANK,HDFCBANK,676.849975585938,0.007228545443302993,0.007254734442676493,0.4019220347670448
2022-07-05,HDFCBANK,HDFCBANK,682,0.007580011281789527,0.0076088122919761554,0.42229851986213757
2022-07-06,HDFCBANK,HDFCBANK,674,-0.011799546931155055,-0.011730205278592375,-0.7012453237614512
2022-07-07,HDFCBANK,HDFCBANK,690,0.023461486678997966,0.02373887240356083,1.3430384930919936
2022-07-08,HDFCBANK,HDFCBANK,705,0.021506205220963682,0.021739130434782608,1.229679642462551
2022-07-11,HDFCBANK,HDFCBANK,697,-0.011412392051744786,-0.011347517730496455,-0.6787997408172698
2022-07-12,HDFCBANK,HDFCBANK,702.625,0.008037910561715154,0.008070301291248206,0.4488455603729204
2022-07-13,HDFCBANK,HDFCBANK,695,-0.010911475757446882,-0.010852161537093044,-0.6497587579194641
2022-07-14,HDFCBANK,HDFCBANK,681,-0.020349539415279727,-0.02014388489208633,-1.1969372953229962
2022-07-15,HDFCBANK,HDFCBANK,676.5,-0.0066298585386696885,-0.006607929515418502,-0.40152891624553805
2022-07-18,HDFCBANK,HDFCBANK,674,-0.0037023366985356656,-0.003695491500369549,-0.2318037293029812
2022-07-19,HDFCBANK,HDFCBANK,668.5,-0.008193714370309198,-0.008160237388724036,-0.49219458429878543
2022-07-20,HDFCBANK,HDFCBANK,679.950012207031,0.016982887465806132,0.017127916540061364,0.9674370381308425
2022-07-21,HDFCBANK,HDFCBANK,680.275024414062,4.7788006317491205e-4,4.7799426604328525e-4,0.01054734784876318
2022-07-22,HDFCBANK,HDFCBANK,683,0.0039976954998112175,0.004005696943357643,0.21461118258997386
2022-07-25,HDFCBANK,HDFCBANK,697.5,0.021007654124730536,0.0212298682284041,1.200775783625852
2022-07-26,HDFCBANK,HDFCBANK,698,7.165890668517189e-4,7.168458781362007e-4,0.024386674243698888
2022-07-27,HDFCBANK,HDFCBANK,694.450012207031,-0.005098919822160626,-0.005085942396803693,-0.3127716416473055
2022-07-28,HDFCBANK,HDFCBANK,707.525024414062,0.018652816148224397,0.01882786662423309,1.0642523560965669
2022-07-29,HDFCBANK,HDFCBANK,719,0.016088358632610475,0.016218473113994766,0.915576084829572
2022-08-01,HDFCBANK,HDFCBANK,719.5,6.951686063759254e-4,6.954102920723226e-4,0.02314480762162673
2022-08-02,HDFCBANK,HDFCBANK,721,0.0020826109575265684,0.0020847810979847115,0.10358277709900658
2022-08-03,HDFCBANK,HDFCBANK,712.474975585938,-0.011894347743583347,-0.011823889617284391,-0.7067414691329788
2022-08-04,HDFCBANK,HDFCBANK,720,0.01050642246873528,0.010561808725806096,0.5919593158862653
2022-08-05,HDFCBANK,HDFCBANK,716.5,-0.004872964741874437,-0.004861111111111111,-0.2996717331457046
2022-08-08,HDFCBANK,HDFCBANK,714,-0.0034952849286421844,-0.0034891835310537334,-0.2197997538346549
2022-08-10,HDFCBANK,HDFCBANK,730.674987792969,0.02308578539815067,0.023354324640012573,1.3212569407728327
2022-08-11,HDFCBANK,HDFCBANK,743.25,0.01706371414047192,0.017210130929778116,0.9721230228020851
2022-08-12,HDFCBANK,HDFCBANK,742.5,-0.0010095912013523254,-0.0010090817356205853,-0.07568986991764946
2022-08-16,HDFCBANK,HDFCBANK,747.400024414062,0.006577679039850853,0.006599359480218243,0.3641875863041474
2022-08-17,HDFCBANK,HDFCBANK,750,0.003472656813650625,0.003478693472048323,0.18417168665213948
2022-08-18,HDFCBANK,HDFCBANK,750,0,0,-0.017158092960098438
2022-08-19,HDFCBANK,HDFCBANK,755,0.006644542718668511,0.006666666666666667,0.3680640562356149
2022-08-22,HDFCBANK,HDFCBANK,742.400024414062,-0.016829534891713776,-0.016688709385348284,-0.9928624981308679
2022-08-23,HDFCBANK,HDFCBANK,726.650024414062,-0.021443249687028352,-0.021214977750614518,-1.2603459359652918
2022-08-24,HDFCBANK,HDFCBANK,730.950012207031,0.005900109987569181,0.005917549918802101,0.32490503254539105
2022-08-25,HDFCBANK,HDFCBANK,739.950012207031,0.012237558187107509,0.012312743484093246,0.6923231558397916
2022-08-26,HDFCBANK,HDFCBANK,736.025024414062,-0.005318514131504813,-0.005304395875691672,-0.32550277987282167
2022-08-29,HDFCBANK,HDFCBANK,718.5,-0.024098413194374852,-0.023810364909825507,-1.4142809524250866
2022-08-30,HDFCBANK,HDFCBANK,723.224975585938,0.0065546377882623325,0.006576166438327007,0.3628517531500988
2022-09-01,HDFCBANK,HDFCBANK,732.375,0.012572334557610854,0.012651698604087802,0.7117320570096048
2022-09-02,HDFCBANK,HDFCBANK,736.075012207031,0.005039354430112754,0.0050520733326929815,0.27500210922699536
2022-09-05,HDFCBANK,HDFCBANK,743.049987792969,0.009431288481236193,0.00947590323033021,0.5296276487010855
2022-09-06,HDFCBANK,HDFCBANK,749.450012207031,0.008576299688288956,0.008613181507574752,0.4800590577080573
2022-09-07,HDFCBANK,HDFCBANK,735.650024414062,-0.01858512513357328,-0.018413486647801687,-1.0946441066945436
2022-09-08,HDFCBANK,HDFCBANK,745.049987792969,0.012696818506274788,0.012777765332630702,0.7189491035807644
2022-09-09,HDFCBANK,HDFCBANK,748.099975585938,0.004085312406309038,0.004093668670479186,0.21969083584167784
2022-09-12,HDFCBANK,HDFCBANK,750,0.0025365802867548504,0.0025398001284171676,0.12990197588794883
2022-09-13,HDFCBANK,HDFCBANK,749.450012207031,-7.335860657655925e-4,-7.333170572919698e-4,-0.0596882734163508
2022-09-14,HDFCBANK,HDFCBANK,747.025024414062,-0.003240936007925968,-0.003235689843846569,-0.20505369198624143
2022-09-15,HDFCBANK,HDFCBANK,765,0.023777149369871246,0.02406207958031505,1.3613392649204987
2022-09-16,HDFCBANK,HDFCBANK,751.549987792969,-0.017738109489774417,-0.017581715303308525,-1.045537764765272
2022-09-19,HDFCBANK,HDFCBANK,744.5,-0.00942487221269777,-0.00938059730886597,-0.5635718468320785
2022-09-20,HDFCBANK,HDFCBANK,757,0.01665040131338508,0.0167897918065816,0.9481609140036554
2022-09-21,HDFCBANK,HDFCBANK,754,-0.003970885429492732,-0.003963011889035667,-0.24737303537613003
2022-09-22,HDFCBANK,HDFCBANK,751,-0.003986716243821345,-0.003978779840848806,-0.24829083823742437
2022-09-23,HDFCBANK,HDFCBANK,736.174987792969,-0.01993780614104544,-0.01974036245942879,-1.1730667622387114
2022-09-26,HDFCBANK,HDFCBANK,712.674987792969,-0.03244236673185334,-0.03192175826355132,-1.898027667675454
2022-09-27,HDFCBANK,HDFCBANK,716.200012207031,0.004933995717261304,0.0049461879179714665,0.268893861975142
2022-09-28,HDFCBANK,HDFCBANK,703,-0.0186025827978323,-0.018430622706014855,-1.0956562273521326
2022-09-29,HDFCBANK,HDFCBANK,698.150024414062,-0.0069228774528104975,-0.006898969539029807,-0.41851689881101634
2022-09-30,HDFCBANK,HDFCBANK,689.400024414062,-0.01261232486159705,-0.012533122816036042,-0.7483667096024998
2022-10-03,HDFCBANK,HDFCBANK,704.974975585938,0.02234061706324374,0.022592037453310856,1.2780552699221168
2022-10-04,HDFCBANK,HDFCBANK,714.75,0.013770524642920126,0.013865775031145696,0.7811979900844284
2022-10-06,HDFCBANK,HDFCBANK,729.974975585938,0.021077422333179358,0.021301120092253174,1.204820645754389
2022-10-07,HDFCBANK,HDFCBANK,715.125,-0.020552900946907586,-0.02034312967238109,-1.2087273265703404
2022-10-10,HDFCBANK,HDFCBANK,704,-0.015678996430650453,-0.015556720852997728,-0.9261592022881171
2022-10-11,HDFCBANK,HDFCBANK,700.549987792969,-0.004912632765726812,-0.004900585521350884,-0.3019715153955538
2022-10-12,HDFCBANK,HDFCBANK,701.599975585938,0.0014976828679631633,0.0014988049550566497,0.06967114986941891
2022-10-13,HDFCBANK,HDFCBANK,701.025024414062,-8.198216972866449e-4,-8.194857352948761e-4,-0.06468784625654864
2022-10-14,HDFCBANK,HDFCBANK,708.5,0.010606474567743093,0.010662922614190221,0.5977599083789652
2022-10-17,HDFCBANK,HDFCBANK,717.5,0.012622888503040938,0.012702893436838392,0.7146629584024402
2022-10-18,HDFCBANK,HDFCBANK,729.025024414062,0.015935110828331597,0.016062751796602152,0.9066914330147872
2022-10-19,HDFCBANK,HDFCBANK,732,0.00407245549920379,0.004080759214444013,0.21894544739332336
2022-10-20,HDFCBANK,HDFCBANK,722,-0.013755375068485344,-0.01366120218579235,-0.814635868516772
2022-10-21,HDFCBANK,HDFCBANK,726,0.005524875931969807,0.00554016620498615,0.3031505679464517
2022-10-24,HDFCBANK,HDFCBANK,727.150024414062,0.0015828023739236162,0.0015840556667521283,0.0746060145264609
2022-10-25,HDFCBANK,HDFCBANK,730.549987792969,0.004664841210002476,0.004675738519910833,0.25328943558464745
2022-10-27,HDFCBANK,HDFCBANK,732.25,0.002324327299120662,0.002327030641896048,0.1175964560754375
2022-10-28,HDFCBANK,HDFCBANK,725,-0.009950330853168092,-0.009900990099009901,-0.5940356899234503
2022-10-31,HDFCBANK,HDFCBANK,736,0.015058463874201535,0.015172413793103448,0.855867194530016
2022-11-01,HDFCBANK,HDFCBANK,751.75,0.021173703139762107,0.021399456521739132,1.2104025948528419
2022-11-02,HDFCBANK,HDFCBANK,758.5,0.008938976919948593,0.008979048885932824,0.5010855313962682
2022-11-03,HDFCBANK,HDFCBANK,748.849975585938,-0.012804134952255493,-0.012722510763430514,-0.7594870377408487
2022-11-04,HDFCBANK,HDFCBANK,751.599975585938,0.0036655712201921157,0.0036722976425929126,0.1953560382990833
2022-11-07,HDFCBANK,HDFCBANK,755,0.004513514192501177,0.0045237154397343195,0.24451614276655131
2022-11-09,HDFCBANK,HDFCBANK,757.525024414062,0.0033388231189533674,0.0033444031974331724,0.1764125818214595
2022-11-10,HDFCBANK,HDFCBANK,748.549987792969,-0.011918586779701852,-0.011847841763425793,-0.70814674470774
2022-11-11,HDFCBANK,HDFCBANK,772.5,0.03149402318362427,0.03199520753135731,1.8087305815951484
2022-11-14,HDFCBANK,HDFCBANK,806,0.042451733734727805,0.04336569579288026,2.444011742012839
2022-11-15,HDFCBANK,HDFCBANK,811.575012207031,0.0068930766603557125,0.006916888594331294,0.3824729904871523
2022-11-16,HDFCBANK,HDFCBANK,809.325012207031,-0.00277623716609918,-0.0027723869835288005,-0.1781124419775206
2022-11-17,HDFCBANK,HDFCBANK,809.049987792969,-3.398772431723211e-4,-3.39819491445165e-4,-0.0368627208962993
2022-11-18,HDFCBANK,HDFCBANK,810.5,0.0017906364180184124,0.0017922405647474925,0.08665534290496482
2022-11-21,HDFCBANK,HDFCBANK,803.825012207031,-0.008269742193870853,-0.008235641940739022,-0.49660235212136367
2022-11-22,HDFCBANK,HDFCBANK,800,-0.0047698713139326075,-0.0047585135433007185,-0.29369481741783593
2022-11-23,HDFCBANK,HDFCBANK,802.5,0.0031201273362436777,0.003125,0.16373353632465404
2022-11-24,HDFCBANK,HDFCBANK,802.974975585938,5.916948031184813e-4,5.918698890192582e-4,0.017145839360907262
2022-11-25,HDFCBANK,HDFCBANK,814.849975585938,0.01468046745328918,0.014788754769517826,0.8339525798127335
2022-11-28,HDFCBANK,HDFCBANK,801.450012207031,-0.016581414957506382,-0.01644469998206892,-0.9784775662611208
2022-11-29,HDFCBANK,HDFCBANK,798.625,-0.0035311033805648976,-0.003524876366588992,-0.22187635437960493
2022-11-30,HDFCBANK,HDFCBANK,798.549987792969,-9.393110668456516e-5,-9.392669529631883e-5,-0.022603816514812965
2022-12-01,HDFCBANK,HDFCBANK,811,0.01547048629959017,0.015590773774150751,0.8797544913607068
2022-12-02,HDFCBANK,HDFCBANK,805,-0.007425776696849538,-0.007398273736128237,-0.44767284464808965
2022-12-05,HDFCBANK,HDFCBANK,804.974975585938,-3.1086711835377494e-05,-3.108622864850342e-5,-0.018960367465912984
2022-12-06,HDFCBANK,HDFCBANK,800.5,-0.005574658269958649,-0.005559148696120198,-0.34035292076240325
2022-12-07,HDFCBANK,HDFCBANK,807.075012207031,0.008180083442822898,0.008213631738951933,0.4570881355412303
2022-12-08,HDFCBANK,HDFCBANK,805,-0.002574338461029009,-0.002571027693394552,-0.16640721915331577
2022-12-09,HDFCBANK,HDFCBANK,813,0.009888832129247195,0.009937888198757764,0.5561540711955089
2022-12-12,HDFCBANK,HDFCBANK,812.5,-6.151953439180327e-4,-6.150061500615006e-4,-0.05282448605792023
2022-12-13,HDFCBANK,HDFCBANK,825,0.01526747213078838,0.015384615384615385,0.867984598723358
2022-12-14,HDFCBANK,HDFCBANK,826.5,0.0018165309263977853,0.0018181818181818182,0.08815659567624166
2022-12-15,HDFCBANK,HDFCBANK,828.525024414062,0.0024471236322675663,0.002450120283196667,0.12471566192165748
2022-12-16,HDFCBANK,HDFCBANK,810.025024414062,-0.022581899365734105,-0.022328836733788836,-1.3263599710891318
2022-12-19,HDFCBANK,HDFCBANK,822,0.014675253528567465,0.014783463751135525,0.8336502987721737
2022-12-20,HDFCBANK,HDFCBANK,810.099975585938,-0.014582728356831528,-0.014476915345574264,-0.8626022712287895
2022-12-21,HDFCBANK,HDFCBANK,820.5,0.01275624383079723,0.012837951768286133,0.7223943295652209
2022-12-22,HDFCBANK,HDFCBANK,811.099975585938,-0.01152258955378784,-0.01145645876180627,-0.6851885203571703
2022-12-23,HDFCBANK,HDFCBANK,793.5,-0.02193778100989391,-0.021698897935761553,-1.2890167455461568
2022-12-26,HDFCBANK,HDFCBANK,799.75,0.007845638863163513,0.007876496534341524,0.43769847018453556
2022-12-27,HDFCBANK,HDFCBANK,816.5,0.020727733580892513,0.020944045014066895,1.1845471885114955
2022-12-28,HDFCBANK,HDFCBANK,811.549987792969,-0.006080928101065677,-0.006062476677319072,-0.36970427881207824
2022-12-29,HDFCBANK,HDFCBANK,810.049987792969,-0.0018500252225054847,-0.0018483149806696301,-0.12441463753426764
2022-12-30,HDFCBANK,HDFCBANK,822.5,0.015252523552578218,0.015369436941727321,0.8671179441363749
2023-01-02,HDFCBANK,HDFCBANK,813.5,-0.011002555980434436,-0.01094224924012158,-0.6550391994387748
2023-01-03,HDFCBANK,HDFCBANK,811.099975585938,-0.002954605682734785,-0.0029502451309920655,-0.18845348518191857
2023-01-04,HDFCBANK,HDFCBANK,817.5,0.007859581795050698,0.007890549385652087,0.4385068217017258
2023-01-05,HDFCBANK,HDFCBANK,807.5,-0.012307847674596814,-0.012232415902140673,-0.7307144254162978
2023-01-06,HDFCBANK,HDFCBANK,801,-0.008082108028452344,-0.00804953560371517,-0.48572412625610106
2023-01-09,HDFCBANK,HDFCBANK,798,-0.003752349618550464,-0.003745318352059925,-0.2347032643577449
2023-01-10,HDFCBANK,HDFCBANK,800,0.0025031302181184748,0.002506265664160401,0.12796268406962022
2023-01-11,HDFCBANK,HDFCBANK,783.974975585938,-0.0202346267224255,-0.020031280517577556,-1.1902751492001638
2023-01-12,HDFCBANK,HDFCBANK,793.900024414062,0.012580438537627501,0.012659905146469978,0.7122018910871676
2023-01-13,HDFCBANK,HDFCBANK,799.375,0.0068726328499779344,0.006896303586813416,0.3812877458578491
2023-01-16,HDFCBANK,HDFCBANK,807.5,0.01011288276370443,0.010164190774042221,0.5691435680786856
2023-01-17,HDFCBANK,HDFCBANK,794.900024414062,-0.01572670380436978,-0.015603684936146073,-0.928925071636057
2023-01-18,HDFCBANK,HDFCBANK,802.5,0.009515503711729174,0.009560920056003345,0.534510087336685
2023-01-19,HDFCBANK,HDFCBANK,818.5,0.019741541807018752,0.019937694704049845,1.1273720102131595
2023-01-20,HDFCBANK,HDFCBANK,822.049987792969,0.004327808796196815,0.004337187285240045,0.23374973867968835
2023-01-23,HDFCBANK,HDFCBANK,833.125,0.013382485325586668,0.013472431569234734,0.7587011312147203
2023-01-24,HDFCBANK,HDFCBANK,837.525024414062,0.005267452217240584,0.005281349634283025,0.28822624270081504
2023-01-25,HDFCBANK,HDFCBANK,845.700012207031,0.0097135580721959755,0.009760887799965442,0.545992431513997
2023-01-27,HDFCBANK,HDFCBANK,816,-0.03575034625830266,-0.03511885039415174,-2.089810162969514
2023-01-30,HDFCBANK,HDFCBANK,797.5,-0.022932520305107403,-0.02267156862745098,-1.346687472549679
2023-01-31,HDFCBANK,HDFCBANK,809.849975585938,0.015367180527005649,0.015485862803683956,0.8737652647992576
2023-02-01,HDFCBANK,HDFCBANK,812,0.002651324975672739,0.002654842846054878,0.1365543818615837
2023-02-02,HDFCBANK,HDFCBANK,804.049987792969,-0.009838899043574689,-0.009790655427378107,-0.5875753505144293
2023-02-03,HDFCBANK,HDFCBANK,805.5,0.0018017614989257781,0.0018033856464709996,0.08730032748231892
2023-02-06,HDFCBANK,HDFCBANK,830,0.02996249817361456,0.03041589075108628,1.7199393162089953
2023-02-07,HDFCBANK,HDFCBANK,829.700012207031,-3.614964078200549e-4,-3.614310758662378e-4,-0.03811610753583691
2023-02-08,HDFCBANK,HDFCBANK,827.125,-0.0031083720506000475,-0.0031035460638133535,-0.19736820109406866
2023-02-09,HDFCBANK,HDFCBANK,830,0.0034698684584200147,0.0034758954208855978,0.1840100297496052
2023-02-10,HDFCBANK,HDFCBANK,824.400024414062,-0.006769822159999949,-0.006746958537274644,-0.40964340798724547
2023-02-13,HDFCBANK,HDFCBANK,827.5,0.0037532286205743375,0.0037602808031710648,0.20043803921289716
2023-02-14,HDFCBANK,HDFCBANK,832.5,0.006024114603380876,0.006042296072507553,0.3320942894492495
2023-02-15,HDFCBANK,HDFCBANK,839,0.007777484612607352,0.0078078078078078076,0.43374717842712046
2023-02-16,HDFCBANK,HDFCBANK,836.599975585938,-0.002864676641587649,-0.0028605773707533317,-0.1832397842588321
2023-02-17,HDFCBANK,HDFCBANK,830.5,-0.007318100772268916,-0.007291388673141728,-0.4414302553774927
2023-02-20,HDFCBANK,HDFCBANK,830,-6.022282627059187e-4,-6.020469596628537e-4,-0.052072710186378095
2023-02-21,HDFCBANK,HDFCBANK,820,-0.01212136053234485,-0.012048192771084338,-0.7199026990451468
2023-02-22,HDFCBANK,HDFCBANK,819.5,-6.099420744144223e-4,-6.097560975609756e-4,-0.05251992397529572
2023-02-23,HDFCBANK,HDFCBANK,806.5,-0.01599050061862087,-0.01586333129957291,-0.9442188819160744
2023-02-24,HDFCBANK,HDFCBANK,808.950012207031,0.0030332279760517398,0.003037832866746463,0.15869548333677608
2023-02-27,HDFCBANK,HDFCBANK,792.950012207031,-0.019976942202253142,-0.01977872520991469,-1.1753357035711418
2023-02-28,HDFCBANK,HDFCBANK,796,0.0038390025053209004,0.00384638091432762,0.2054108419513161
2023-03-01,HDFCBANK,HDFCBANK,806,0.012484556662245277,0.01256281407035176,0.7066430703123563
2023-03-02,HDFCBANK,HDFCBANK,797,-0.011229063716413303,-0.011166253101736972,-0.6681711485521548
2023-03-03,HDFCBANK,HDFCBANK,798,0.0012539186595936812,0.0012547051442910915,0.05553874434190945
2023-03-06,HDFCBANK,HDFCBANK,810,0.014925650216675792,0.015037593984962405,0.8481672270889363
2023-03-08,HDFCBANK,HDFCBANK,810,0,0,-0.017158092960098438
2023-03-09,HDFCBANK,HDFCBANK,814.974975585938,0.006123160300446033,0.0061419451678246355,0.3378365350645615
2023-03-10,HDFCBANK,HDFCBANK,805.224975585938,-0.0120356968160466,-0.011963557522720372,-0.7149362834018568
2023-03-13,HDFCBANK,HDFCBANK,793.950012207031,-0.014101208803715045,-0.014002252439701688,-0.8346858283695793
2023-03-14,HDFCBANK,HDFCBANK,785.125,-0.011177561572623965,-0.011115324732471702,-0.6651852746765946
2023-03-15,HDFCBANK,HDFCBANK,789,0.004923380071329462,0.0049355198216844455,0.2682784122573645
2023-03-16,HDFCBANK,HDFCBANK,769.5,-0.025025367566940373,-0.024714828897338403,-1.4680217997226428
2023-03-17,HDFCBANK,HDFCBANK,778.75,0.011949116822728955,0.012020792722547108,0.6756005600183118
2023-03-20,HDFCBANK,HDFCBANK,783.974975585938,0.00668703084383897,0.0067094389546554795,0.37052733589028175
2023-03-21,HDFCBANK,HDFCBANK,785.974975585938,0.0025478532999513854,0.0025511018365161624,0.13055553694630123
2023-03-22,HDFCBANK,HDFCBANK,792,0.0076364375689725655,0.007665669520292855,0.42556987449707934
2023-03-23,HDFCBANK,HDFCBANK,783.875,-0.010311822951240916,-0.010258838383838384,-0.6149934546384895
2023-03-24,HDFCBANK,HDFCBANK,780,-0.0049556491795474875,-0.004943390208898103,-0.30446542296516504
2023-03-27,HDFCBANK,HDFCBANK,781.099975585938,0.0014092316766131287,0.001410225110176865,0.06454312835259593
2023-03-28,HDFCBANK,HDFCBANK,782.849975585938,0.0022379242111505524,0.002240430232618106,0.11258717482701146
2023-03-29,HDFCBANK,HDFCBANK,792,0.01162031624302462,0.01168809439792541,0.6565381096235491
2023-03-31,HDFCBANK,HDFCBANK,797.799987792969,0.007296532356014098,0.007323216910314365,0.40586362499238415
2023-04-03,HDFCBANK,HDFCBANK,803.775024414062,0.007461485470979113,0.007489391717869522,0.41542690062380094
2023-04-05,HDFCBANK,HDFCBANK,809.299987792969,0.006850251776793294,0.006873768419135111,0.37999018702219434
2023-04-06,HDFCBANK,HDFCBANK,824.275024414062,0.01833458029607441,0.018503690654847638,1.0458024033899773
2023-04-10,HDFCBANK,HDFCBANK,831.625,0.008877376347764969,0.008916897113512208,0.4975141938621457
2023-04-11,HDFCBANK,HDFCBANK,829.5,-0.002558508431552367,-0.002555238238388697,-0.16548946179437962
2023-04-12,HDFCBANK,HDFCBANK,834,0.005410292728247479,0.0054249547920434,0.2965075241933233
2023-04-13,HDFCBANK,HDFCBANK,844.150024414062,0.012096830485929227,0.012170293062424514,0.6841643660186415
2023-04-17,HDFCBANK,HDFCBANK,860,0.018602156402877573,0.018776254371300496,1.0613153208773665
2023-04-18,HDFCBANK,HDFCBANK,835,-0.02950066439669799,-0.029069767441860465,-1.7274803563219234
2023-04-19,HDFCBANK,HDFCBANK,832.5,-0.0029985029962565574,-0.0029940119760479044,-0.19099846354608263
2023-04-20,HDFCBANK,HDFCBANK,835.849975585938,0.004015920085376138,0.004023994697823369,0.21566776606257235
2023-04-21,HDFCBANK,HDFCBANK,834.5,-0.0016163988380853299,-0.0016150931690721297,-0.1108699796509949
2023-04-24,HDFCBANK,HDFCBANK,843.5,0.010727158884133238,0.01078490113840623,0.6047566685327389
2023-04-25,HDFCBANK,HDFCBANK,843.849975585938,4.1482276471432866e-4,4.149088155755243e-4,0.006891555559669564
2023-04-26,HDFCBANK,HDFCBANK,830,-0.016549023960093657,-0.016412841128923477,-0.9765996748596756
2023-04-27,HDFCBANK,HDFCBANK,835.25,0.006305380446222254,0.006325301204819277,0.3484008792421452
2023-04-28,HDFCBANK,HDFCBANK,842.349975585938,0.008464494612071306,0.008500419737728769,0.47357707789768677
2023-05-02,HDFCBANK,HDFCBANK,844.349975585938,0.002371495814584461,0.0023743100349813647,0.12033108472795326
2023-05-03,HDFCBANK,HDFCBANK,842.474975585938,-0.002223112446754588,-0.002220643162450311,-0.14604463803963014
2023-05-04,HDFCBANK,HDFCBANK,843.549987792969,0.0012752033641940826,0.0012760167817250073,0.056772740419340884
2023-05-05,HDFCBANK,HDFCBANK,819.5,-0.028924764397076867,-0.02851044768063173,-1.6940921391083368
2023-05-08,HDFCBANK,HDFCBANK,817.5,-0.0024434954124758746,-0.0024405125076266015,-0.15882149918656116
2023-05-09,HDFCBANK,HDFCBANK,824.950012207031,0.009071890463342907,0.00911316477924284,0.5087912897925112
2023-05-10,HDFCBANK,HDFCBANK,822.25,-0.003278308165585061,-0.003272940380723847,-0.20722036974016245
2023-05-11,HDFCBANK,HDFCBANK,832.575012207031,0.012478837479433425,0.012557023055069654,0.706311496570158
2023-05-12,HDFCBANK,HDFCBANK,823.5,-0.010959772930904811,-0.010899933428189889,-0.6525588213319949
2023-05-15,HDFCBANK,HDFCBANK,836,0.015065063467006529,0.015179113539769277,0.8562498106755956
2023-05-16,HDFCBANK,HDFCBANK,835.900024414062,-1.1959517267441708e-4,-1.1958802145688367e-4,-0.02409170922260377
2023-05-17,HDFCBANK,HDFCBANK,825,-0.013125631577346192,-0.013039866127175432,-0.7781260361069282
2023-05-18,HDFCBANK,HDFCBANK,824,-0.0012128564252092936,-0.0012121212121212121,-0.08747431765262013
2023-05-19,HDFCBANK,HDFCBANK,824,0,0,-0.017158092960098438
2023-05-22,HDFCBANK,HDFCBANK,822.5,-0.0018220472699447688,-0.0018203883495145632,-0.1227925955861809
2023-05-23,HDFCBANK,HDFCBANK,824.5,0.0024286593601267024,0.0024316109422492403,0.12364518244720789
2023-05-24,HDFCBANK,HDFCBANK,813.775024414062,-0.013093196981581316,-0.013007853955049066,-0.7762456170596196
2023-05-25,HDFCBANK,HDFCBANK,807.849975585938,-0.007307577516266972,-0.007280942091323423,-0.4408201620324359
2023-05-26,HDFCBANK,HDFCBANK,809.5,0.0020404056158843976,0.0020424886599337624,0.10113589202303941
2023-05-29,HDFCBANK,HDFCBANK,814.25,0.005850671038652973,0.00586781964175417,0.3220387738784147
2023-05-30,HDFCBANK,HDFCBANK,816.799987792969,0.003126807749167851,0.0031317013115983758,0.1641208380748459
2023-05-31,HDFCBANK,HDFCBANK,814.950012207031,-0.002267475260997975,-0.002264906480883617,-0.1486166041433611
2023-06-01,HDFCBANK,HDFCBANK,809.950012207031,-0.006154244207027014,-0.00613534563483115,-0.37395483285392905
2023-06-02,HDFCBANK,HDFCBANK,806.224975585938,-0.004609702842138481,-0.0045990944687348346,-0.2844089349199218
2023-06-05,HDFCBANK,HDFCBANK,807.25,0.001270580043037324,0.0012713875718338929,0.0565047000457837
2023-06-06,HDFCBANK,HDFCBANK,803.825012207031,-0.004251810656524665,-0.004242784506619978,-0.263659877722178
2023-06-07,HDFCBANK,HDFCBANK,801.724975585938,-0.002615973136508532,-0.0026125544604877113,-0.16882101944753705
2023-06-08,HDFCBANK,HDFCBANK,801.625,-1.247083763243503e-4,-1.247006005580504e-4,-0.02438815088649262
2023-06-09,HDFCBANK,HDFCBANK,807.950012207031,0.007859273057876292,0.007890238212419801,0.4384889224417019
2023-06-12,HDFCBANK,HDFCBANK,806.275024414062,-0.002075284865645743,-0.00207313295087837,-0.1374742275665127
2023-06-13,HDFCBANK,HDFCBANK,795.049987792969,-0.014019915256642163,-0.013922093927255842,-0.8299727764343163
2023-06-14,HDFCBANK,HDFCBANK,805.224975585938,0.01271672074626852,0.012797922079358039,0.7201029502770394
2023-06-15,HDFCBANK,HDFCBANK,802,-0.004013103284369361,-0.0040050615464221504,-0.24982064591587638
2023-06-16,HDFCBANK,HDFCBANK,793.575012207031,-0.010560539025851428,-0.010504972310435134,-0.6294129481774191
2023-06-19,HDFCBANK,HDFCBANK,805.5,0.014915133776366109,0.015026919458822298,0.8475575288885466
2023-06-20,HDFCBANK,HDFCBANK,802.075012207031,-0.00426106769409288,-0.004252002225908103,-0.2641965611416696
2023-06-21,HDFCBANK,HDFCBANK,808,0.0073599235981592175,0.007387074404257371,0.40953877790707893
2023-06-22,HDFCBANK,HDFCBANK,820,0.014742281737203431,0.01485148514851485,0.8375363074383441
2023-06-23,HDFCBANK,HDFCBANK,818.775024414062,-0.0014949896060650184,-0.0014938726657779935,-0.10383119199151282
2023-06-26,HDFCBANK,HDFCBANK,822.5,0.004539131987293309,0.0045494494517631994,0.246001352868332
2023-06-27,HDFCBANK,HDFCBANK,821.474975585938,-0.0012470074813944968,-0.0012462302906529425,-0.08945424972890963
2023-06-28,HDFCBANK,HDFCBANK,835,0.016330249692723016,0.01646431701028382,0.9295998932379338
2023-06-30,HDFCBANK,HDFCBANK,852,0.02015480197846034,0.02035928143712575,1.1513310662626355
2023-07-03,HDFCBANK,HDFCBANK,856.25,0.004975862747119206,0.004988262910798122,0.27132113318178025
2023-07-04,HDFCBANK,HDFCBANK,861.724975585938,0.0063737763341320105,0.006394132071168414,0.35236618009915066
2023-07-05,HDFCBANK,HDFCBANK,858.125,-0.004186389388331566,-0.004177638675831715,-0.2598670325854242
2023-07-06,HDFCBANK,HDFCBANK,836.5,-0.02552325609535679,-0.02520029133284778,-1.4968872457130173
2023-07-07,HDFCBANK,HDFCBANK,832.5,-0.004793298572279735,-0.004781829049611476,-0.29505302959169827
2023-07-10,HDFCBANK,HDFCBANK,830.5,-0.0024052928012493415,-0.0024024024024024023,-0.156606675289015
2023-07-11,HDFCBANK,HDFCBANK,831.5,0.0012033695796327285,0.0012040939193257074,0.05260812502815083
2023-07-12,HDFCBANK,HDFCBANK,827.674987792969,-0.0046107481266265,-0.004600134945316924,-0.2844695360408785
2023-07-13,HDFCBANK,HDFCBANK,828.349975585938,8.151904050663696e-4,8.155227630701532e-4,0.03010315783464683
2023-07-14,HDFCBANK,HDFCBANK,826.799987792969,-0.0018729278679976717,-0.0018711750330801724,-0.12574243490006376
2023-07-17,HDFCBANK,HDFCBANK,825,-0.0021794267087435954,-0.002177053482758027,-0.14351192591807008
2023-07-18,HDFCBANK,HDFCBANK,849,0.028675799976666298,0.02909090909090909,1.6453420616226053
2023-07-19,HDFCBANK,HDFCBANK,840.549987792969,-0.010002761354950691,-0.009952900126067164,-0.5970753860222286
2023-07-20,HDFCBANK,HDFCBANK,840.575012207031,2.9771033163940723e-5,2.977147632558038e-5,-0.015432095872749099
2023-07-21,HDFCBANK,HDFCBANK,840,-6.843041522013845e-4,-6.840700695126051e-4,-0.0568311189869959
2023-07-24,HDFCBANK,HDFCBANK,839.25,-8.932559772149909e-4,-8.928571428571428e-4,-0.06894525151924004
2023-07-25,HDFCBANK,HDFCBANK,842.325012207031,0.0036573041491328078,0.0036640002466857583,0.19487674890087195
2023-07-26,HDFCBANK,HDFCBANK,849.799987792969,0.008835073306841095,0.008874217763464344,0.49506164459996344
2023-07-27,HDFCBANK,HDFCBANK,849.950012207031,1.7652527071808865e-4,1.765408522206224e-4,-0.006923913265185748
2023-07-28,HDFCBANK,HDFCBANK,830.75,-0.02284863135213273,-0.022589578129630382,-1.3418239500881728
2023-07-31,HDFCBANK,HDFCBANK,825.025024414062,-0.006915188736941886,-0.006891333838023418,-0.4180711399714893
2023-08-01,HDFCBANK,HDFCBANK,827.224975585938,0.0026629777236449417,0.002666526598315401,0.13722995831702223
2023-08-02,HDFCBANK,HDFCBANK,821,-0.007553586768978503,-0.007525130127422344,-0.4550827256224489
2023-08-03,HDFCBANK,HDFCBANK,820,-0.0012187691941294547,-0.001218026796589525,-0.087817114688859
2023-08-04,HDFCBANK,HDFCBANK,817.575012207031,-0.0029616836449887596,-0.0029573021865475333,-0.18886383514080163
2023-08-07,HDFCBANK,HDFCBANK,831.549987792969,0.016948757822986583,0.01709320291995315,0.9654583475098477
2023-08-08,HDFCBANK,HDFCBANK,825.849975585938,-0.006878285031542098,-0.006854683772119969,-0.41593162107465836
2023-08-09,HDFCBANK,HDFCBANK,826.5,7.867878563242569e-4,7.870974550805732e-4,0.028456499617169794
2023-08-10,HDFCBANK,HDFCBANK,823.525024414062,-0.0036059802313008673,-0.0035994864923629215,-0.22621739372373859
2023-08-11,HDFCBANK,HDFCBANK,819.200012207031,-0.005265667843373903,-0.005251828516210868,-0.3224389782610706
2023-08-14,HDFCBANK,HDFCBANK,805.5,-0.01686506656937512,-0.016723647464459153,-0.9949224727314941
2023-08-16,HDFCBANK,HDFCBANK,791.549987792969,-0.01747016951892287,-0.01731845090879084,-1.0300037519976404
2023-08-17,HDFCBANK,HDFCBANK,798.799987792969,0.009117553161842583,0.009159244661496032,0.5114386176221148
2023-08-18,HDFCBANK,HDFCBANK,793.775024414062,-0.006310509729141436,-0.0062906402800412785,-0.3830144390334452
2023-08-21,HDFCBANK,HDFCBANK,800.25,0.008124102319165254,0.008157192386744044,0.45384258958225876
2023-08-22,HDFCBANK,HDFCBANK,798.174987792969,-0.00259632249057265,-0.0025929549603636646,-0.16768175909795177
2023-08-23,HDFCBANK,HDFCBANK,790,-0.010294910898332702,-0.010242099687405151,-0.6140129661918866
2023-08-24,HDFCBANK,HDFCBANK,796.650024414062,0.008382520721357397,0.008417752422863349,0.4688245825498843
2023-08-25,HDFCBANK,HDFCBANK,787.275024414062,-0.011837819581610317,-0.0117680282592037,-0.7034642082337218
2023-08-28,HDFCBANK,HDFCBANK,780.75,-0.0083226504376265,-0.00828811306305362,-0.49966974565507627
2023-08-29,HDFCBANK,HDFCBANK,794.849975585938,0.01789839072838504,0.018059526847182778,1.0205139990803849
2023-08-30,HDFCBANK,HDFCBANK,801.974975585938,0.008924017976833756,0.008963955738625616,0.5002182758964723
2023-08-31,HDFCBANK,HDFCBANK,789.5,-0.01567757117270995,-0.015555317766397266,-0.926076571932614
2023-09-01,HDFCBANK,HDFCBANK,785.5,-0.00507937600002089,-0.00506649778340722,-0.3116385744842311
2023-09-04,HDFCBANK,HDFCBANK,795,0.012021656958656082,0.0120942075111394,0.679806126638613
2023-09-05,HDFCBANK,HDFCBANK,794.200012207031,-0.0010067805869580597,-0.0010062739534200972,-0.07552692252407225
2023-09-06,HDFCBANK,HDFCBANK,788.400024414062,-0.007329727822216042,-0.007302930878647537,-0.44210434197142096
2023-09-07,HDFCBANK,HDFCBANK,797.75,0.011789658913195052,0.011859430868088628,0.6663558728791471
2023-09-08,HDFCBANK,HDFCBANK,804.150024414062,0.007990584143387786,0.008022594063380815,0.4461017771881751
2023-09-11,HDFCBANK,HDFCBANK,814.450012207031,0.012727204489940084,0.012808540048822342,0.7207107528662876
2023-09-12,HDFCBANK,HDFCBANK,820,0.006791286466618018,0.0068143995454421884,0.3765716307007951
2023-09-13,HDFCBANK,HDFCBANK,815.650024414062,-0.005318968943955456,-0.005304848275534091,-0.3255291479521818
2023-09-14,HDFCBANK,HDFCBANK,822.125,0.007907080307171768,0.007938423824101983,0.44126058214809455
2023-09-15,HDFCBANK,HDFCBANK,825,0.003490934713165852,0.0034970351223962293,0.18523136103940116
2023-09-18,HDFCBANK,HDFCBANK,826.875,0.0022701485345390775,0.0022727272727272726,0.11445540318187301
2023-09-20,HDFCBANK,HDFCBANK,799.5,-0.03366700259521119,-0.03310657596371882,-1.9690268137776243
2023-09-21,HDFCBANK,HDFCBANK,776.5,-0.02918988968526712,-0.028767979987492184,-1.7094629686216805
2023-09-22,HDFCBANK,HDFCBANK,779.5,0.0038560459090895166,0.0038634900193174502,0.20639894555864338
2023-09-25,HDFCBANK,HDFCBANK,762.5,-0.022050180016264475,-0.021808851828094934,-1.2955331588848626
2023-09-26,HDFCBANK,HDFCBANK,762.5,0,0,-0.017158092960098438
2023-09-27,HDFCBANK,HDFCBANK,761.5,-0.0013123361463502376,-0.0013114754098360656,-0.09324172612628918
2023-09-28,HDFCBANK,HDFCBANK,767,0.0071966290320397,0.007222586999343401,0.4000716578393872
2023-09-29,HDFCBANK,HDFCBANK,761.849975585938,-0.0067371474976527035,-0.006714503799298625,-0.4077490709069396
2023-10-03,HDFCBANK,HDFCBANK,763.5,0.002163470789083575,0.0021658127806501713,0.10827068406489564
2023-10-04,HDFCBANK,HDFCBANK,747.5,-0.021178819393845597,-0.020956123117223315,-1.2450153992880097
2023-10-05,HDFCBANK,HDFCBANK,767.525024414062,0.02643677876473113,0.026789330319815445,1.515533194425
2023-10-06,HDFCBANK,HDFCBANK,772,0.005813465995203628,0.0058303969819801064,0.3198817846911514
2023-10-09,HDFCBANK,HDFCBANK,764,-0.010416760858255715,-0.010362694300518135,-0.6210773053689189
2023-10-10,HDFCBANK,HDFCBANK,760.275024414062,-0.004887547117801679,-0.004875622494683187,-0.300517156891614
2023-10-11,HDFCBANK,HDFCBANK,765.049987792969,0.006260933163243145,0.006280573773401223,0.34582401600263046
2023-10-12,HDFCBANK,HDFCBANK,768.049987792969,0.003913644089655606,0.003921312395095199,0.20973824155640888
2023-10-13,HDFCBANK,HDFCBANK,770,0.0025356955461119423,0.0025389131411022903,0.12985068241202846
2023-10-16,HDFCBANK,HDFCBANK,765.75,-0.005534769134844865,-0.00551948051948052,-0.3380403194279401
2023-10-17,HDFCBANK,HDFCBANK,777.875,0.015710097176497313,0.015834149526607902,0.8936461045056571
2023-10-18,HDFCBANK,HDFCBANK,770.599975585938,-0.009396442379212158,-0.00935243376385929,-0.561923606761948
2023-10-19,HDFCBANK,HDFCBANK,752.700012207031,-0.023502642252025807,-0.023228606210759884,-1.379740702996749
2023-10-20,HDFCBANK,HDFCBANK,752.5,-2.6576163511312024e-4,-2.6572632361803264e-4,-0.03256581514456177
2023-10-23,HDFCBANK,HDFCBANK,761.75,0.012217421242787635,0.01229235880398671,0.6911557019911857
2023-10-25,HDFCBANK,HDFCBANK,760.5,-0.001642306166470913,-0.0016409583196586807,-0.11237197567136413
2023-10-26,HDFCBANK,HDFCBANK,745.625,-0.019753318847166995,-0.0195595003287311,-1.16237097851721
2023-10-27,HDFCBANK,HDFCBANK,734.75,-0.014692487553153872,-0.014585079631181894,-0.8689656396788852
2023-10-30,HDFCBANK,HDFCBANK,731.625,-0.00426221768764177,-0.004253147329023477,-0.26426323284583675
2023-10-31,HDFCBANK,HDFCBANK,752,0.027468236338454955,0.027848966342046814,1.575332690067901
2023-11-01,HDFCBANK,HDFCBANK,731.125,-0.02815188018665002,-0.0277593085106383,-1.6492836204147097
2023-11-02,HDFCBANK,HDFCBANK,742.5,0.015438426913664894,0.015558215079500769,0.8778958253740572
2023-11-03,HDFCBANK,HDFCBANK,744,0.0020181641562371953,0.00202020202020202,0.0998464273827606
2023-11-06,HDFCBANK,HDFCBANK,749,0.006697948684127718,0.006720430107526882,0.3711603055435267
2023-11-07,HDFCBANK,HDFCBANK,747,-0.0026737983844022043,-0.0026702269692923898,-0.17217347983714215
2023-11-08,HDFCBANK,HDFCBANK,741.974975585938,-0.0067496681595791185,-0.006726940313336071,-0.4084749652989036
2023-11-09,HDFCBANK,HDFCBANK,743,0.0013805277445209422,0.0013814811116137481,0.06287899721835653
2023-11-10,HDFCBANK,HDFCBANK,740.049987792969,-0.003978309729434916,-0.003970406738938119,-0.24780346451190283
2023-11-13,HDFCBANK,HDFCBANK,746.049987792969,0.008074870735890489,0.008107560433712914,0.45098835308767976
2023-11-15,HDFCBANK,HDFCBANK,752.049987792969,0.008010189145332707,0.008042356542019027,0.4472383912945138
2023-11-16,HDFCBANK,HDFCBANK,754.849975585938,0.00371622680126534,0.0037231405337643368,0.19829283209152287
2023-11-17,HDFCBANK,HDFCBANK,745,-0.013134803291253272,-0.013048918201649405,-0.7786577728257195
2023-11-20,HDFCBANK,HDFCBANK,756.5,0.015318314848851149,0.015436241610738255,0.8709322419175334
2023-11-21,HDFCBANK,HDFCBANK,759.5,0.003957788807416973,0.0039656311962987445,0.21229756335953212
2023-11-22,HDFCBANK,HDFCBANK,760,6.581112445493242e-4,6.583278472679394e-4,0.020996380382795297
2023-11-23,HDFCBANK,HDFCBANK,754.25,-0.007594555241206327,-0.007565789473684211,-0.4574579023033853
2023-11-24,HDFCBANK,HDFCBANK,760.599975585938,0.008383685356563213,0.008418926862363878,0.46889210311465596
2023-11-28,HDFCBANK,HDFCBANK,767.599975585938,0.00916116893210185,0.00920326087915985,0.5139672733128812
2023-11-29,HDFCBANK,HDFCBANK,766.950012207031,-8.471062173855367e-4,-8.467475242046362e-4,-0.06626968595828435
2023-11-30,HDFCBANK,HDFCBANK,784.575012207031,0.022720559346265688,0.022980637224688245,1.3000826973965194
2023-12-01,HDFCBANK,HDFCBANK,778.950012207031,-0.007195310827142644,-0.007169486553206329,-0.4343114198813693
2023-12-04,HDFCBANK,HDFCBANK,794,0.019136586617562686,0.01932086469878501,1.092299297444738
2023-12-05,HDFCBANK,HDFCBANK,818.25,0.030084452134154206,0.030541561712846346,1.727009684896673
2023-12-06,HDFCBANK,HDFCBANK,819.224975585938,0.0011908282150138452,0.0011915375324631284,0.051881030382681916
2023-12-07,HDFCBANK,HDFCBANK,812.5,-0.008242827392411145,-0.008208948440723526,-0.49504194712398825
2023-12-08,HDFCBANK,HDFCBANK,815.224975585938,0.0033482046076556363,0.0033538161057697904,0.17695648038507164
2023-12-11,HDFCBANK,HDFCBANK,825.025024414062,0.011949599686213619,0.012021281390551565,0.6756285543765703
2023-12-12,HDFCBANK,HDFCBANK,827.099975585938,0.002511858682432011,0.002515016042512835,0.12846872307401877
2023-12-13,HDFCBANK,HDFCBANK,816.224975585938,-0.013235554840905328,-0.013148350043531173,-0.7844989164732301
2023-12-14,HDFCBANK,HDFCBANK,823,0.00826617833778133,0.008300437522385913,0.4620795490778585
2023-12-15,HDFCBANK,HDFCBANK,825,0.0024271856576111375,0.002430133657351154,0.12355974348257816
2023-12-18,HDFCBANK,HDFCBANK,830.349975585938,0.006463882915946692,0.0064848188920460055,0.35759017407029436
2023-12-19,HDFCBANK,HDFCBANK,825,-0.006463882915946629,-0.006443036964218292,-0.39190635999048756
2023-12-20,HDFCBANK,HDFCBANK,829,0.004836768800614021,0.0048484848484848485,0.2632570614643547
2023-12-21,HDFCBANK,HDFCBANK,828.5,-6.033182686774004e-4,-6.031363088057901e-4,-0.05213590406754475
2023-12-22,HDFCBANK,HDFCBANK,841.799987792969,0.015925604968746496,0.016053093292660203,0.9061403239596769
2023-12-26,HDFCBANK,HDFCBANK,836.625,-0.0061665004145579055,-0.006147526571646501,-0.37466539531186516
2023-12-27,HDFCBANK,HDFCBANK,840.75,0.004918409199572699,0.004930524428507396,0.26799022238748277
2023-12-28,HDFCBANK,HDFCBANK,854.650024414062,0.016397706348049955,0.01653288660608034,0.9335107414095601
2023-12-29,HDFCBANK,HDFCBANK,848.5,-0.007221972294147911,-0.007195956518316874,-0.4358571376313091
2024-01-01,HDFCBANK,HDFCBANK,853,0.00528946281739814,0.005303476723629935,0.28950232309592766
2024-01-02,HDFCBANK,HDFCBANK,849.400024414062,-0.004229300869793878,-0.0042203699717912714,-0.26235485662599206
2024-01-03,HDFCBANK,HDFCBANK,851,0.001881881951488772,0.0018836538026257522,0.0919453684185648
2024-01-04,HDFCBANK,HDFCBANK,839,-0.014201422106167963,-0.01410105757931845,-0.8404957667481001
2024-01-05,HDFCBANK,HDFCBANK,843.575012207031,0.005438121270828681,0.005452934692528036,0.2981209039902499
2024-01-08,HDFCBANK,HDFCBANK,839.25,-0.005140191877890481,-0.0051270036978875964,-0.3151644188003984
2024-01-09,HDFCBANK,HDFCBANK,833.575012207031,-0.00678494106964372,-0.006761975326742898,-0.4105199376617565
2024-01-10,HDFCBANK,HDFCBANK,821.5,-0.01459175731317784,-0.014485813550313106,-0.8631257314751882
2024-01-11,HDFCBANK,HDFCBANK,830,0.010293763313320728,0.010346926354230066,0.5796302482041849
2024-01-12,HDFCBANK,HDFCBANK,826,-0.00483092726966558,-0.004819277108433735,-0.2972345804210253
2024-01-15,HDFCBANK,HDFCBANK,823.849975585938,-0.002606328651648674,-0.0026029351259831057,-0.16826187349229146
2024-01-16,HDFCBANK,HDFCBANK,836.5,0.015238075557549349,0.015354766995125665,0.8662803112198233
2024-01-17,HDFCBANK,HDFCBANK,785,-0.06354280264447021,-0.06156604901374776,-3.701097836751376
2024-01-18,HDFCBANK,HDFCBANK,747,-0.04961853264959112,-0.048407643312101914,-2.893828256207001
2024-01-19,HDFCBANK,HDFCBANK,752.974975585938,0.00796680916124772,0.00799862862910034,0.44472340547700323
2024-01-23,HDFCBANK,HDFCBANK,732.5,-0.027568653402842678,-0.02719210631137518,-1.6154706276115285
2024-01-24,HDFCBANK,HDFCBANK,690.125,-0.05959060028701368,-0.057849829351535834,-3.471966058891295
2024-01-25,HDFCBANK,HDFCBANK,726.25,0.05102156756191234,0.05234558956710741,2.940854029727063
2024-01-29,HDFCBANK,HDFCBANK,724.025024414062,-0.0030683522699091496,-0.003063649688038492,-0.19504802548818767
2024-01-30,HDFCBANK,HDFCBANK,727.275024414062,0.00447875053173751,0.004488795125044407,0.24250069449865694
2024-01-31,HDFCBANK,HDFCBANK,719.75,-0.01040077693566423,-0.010346875888010415,-0.6201506259458234
2024-02-01,HDFCBANK,HDFCBANK,732.525024414062,0.017593573838004726,0.01774925239883577,1.0028420203460846
2024-02-02,HDFCBANK,HDFCBANK,737.5,0.006768584883684933,0.006791543524287621,0.3752554900816585
2024-02-05,HDFCBANK,HDFCBANK,723,-0.019856866055210226,-0.01966101694915254,-1.168374202473248
2024-02-06,HDFCBANK,HDFCBANK,722.775024414062,-3.1121797507192807e-4,-3.1116955178140353e-4,-0.035201179189149015
2024-02-07,HDFCBANK,HDFCBANK,726.5,0.005140478826644835,0.005153713756168749,0.2808648689408819
2024-02-08,HDFCBANK,HDFCBANK,714.924987792969,-0.016060857997663196,-0.015932570140441877,-0.9482979016340624
2024-02-09,HDFCBANK,HDFCBANK,696.075012207031,-0.02672019432616045,-0.026366368371218005,-1.5662806016213524
2024-02-12,HDFCBANK,HDFCBANK,699.825012207031,0.0053728905446576375,0.005387350406545913,0.29433910566444393
2024-02-13,HDFCBANK,HDFCBANK,695.974975585938,-0.005516616161040064,-0.00550142757680416,-0.3369878876987059
2024-02-14,HDFCBANK,HDFCBANK,688,-0.01152486713678794,-0.011458710249206678,-0.685320564871807
2024-02-15,HDFCBANK,HDFCBANK,692.5,0.0065194001281499705,0.006540697674418605,0.3608088244286123
2024-02-16,HDFCBANK,HDFCBANK,711.950012207031,0.027699463311420404,0.0280866602267596,1.5887382403441461
2024-02-19,HDFCBANK,HDFCBANK,714.5,0.003575295997008034,0.00358169499156839,0.19012226722310122
2024-02-20,HDFCBANK,HDFCBANK,707.5,-0.009845367852529414,-0.00979706088173548,-0.5879503843721053
2024-02-21,HDFCBANK,HDFCBANK,732,0.03404288444391893,0.03462897526501767,1.9565026487283341
2024-02-22,HDFCBANK,HDFCBANK,708.875,-0.032101307627119435,-0.03159153005464481,-1.8782545204641001
2024-02-23,HDFCBANK,HDFCBANK,711.275024414062,0.0033799621978726916,0.003385680711073243,0.17879764954819838
2024-02-26,HDFCBANK,HDFCBANK,706.775024414062,-0.006346764853952395,-0.006326666683828853,-0.38511635600356214
2024-02-27,HDFCBANK,HDFCBANK,706.775024414062,0,0,-0.017158092960098438
2024-02-28,HDFCBANK,HDFCBANK,710.075012207031,0.00465821177239365,0.004669078106862601,0.2529050891650728
2024-02-29,HDFCBANK,HDFCBANK,701.049987792969,-0.012791421695862676,-0.012709959171793373,-0.7587499775459977
2024-03-01,HDFCBANK,HDFCBANK,700,-0.0014988587112387609,-0.0014977359835274045,-0.10405550615030447
2024-03-04,HDFCBANK,HDFCBANK,715.474975585938,0.02186628861881268,0.022107107979911365,1.2505557367676354
2024-03-05,HDFCBANK,HDFCBANK,711,-0.00627419385897648,-0.0062545522046709955,-0.3809090003076843
2024-03-06,HDFCBANK,HDFCBANK,716.775024414062,0.008089588078095884,0.008122397206838319,0.45184160160076137
2024-03-07,HDFCBANK,HDFCBANK,722.75,0.00830136301511858,0.00833591487206503,0.46411940608480234
2024-03-11,HDFCBANK,HDFCBANK,715,-0.01078083820244782,-0.010722933241093047,-0.6421849515894935
2024-03-12,HDFCBANK,HDFCBANK,717,0.0027932979056126536,0.002797202797202797,0.1447853647169435
2024-03-13,HDFCBANK,HDFCBANK,732.75,0.021728738991381443,0.021966527196652718,1.2425811980606665
2024-03-14,HDFCBANK,HDFCBANK,731.049987792969,-0.0023227394254977307,-0.0023200439536417913,-0.15182058387883451
2024-03-15,HDFCBANK,HDFCBANK,725,-0.008310185310829341,-0.008275751171590628,-0.4989470709522246
2024-03-18,HDFCBANK,HDFCBANK,723.5,-0.0020711087831361843,-0.0020689655172413794,-0.13723211617560674
2024-03-19,HDFCBANK,HDFCBANK,717.75,-0.007979227070365176,-0.007947477539737388,-0.47975952862106697
2024-03-20,HDFCBANK,HDFCBANK,724.525024414062,0.009394982417116794,0.009439253798762863,0.5275227784878777
2024-03-21,HDFCBANK,HDFCBANK,721.299987792969,-0.0044611788323165305,-0.004451242555357174,-0.27579814849062756
2024-03-22,HDFCBANK,HDFCBANK,720.5,-0.001109707146396853,-0.0011090916491164474,-0.08149416393030669
2024-03-26,HDFCBANK,HDFCBANK,713.599975585938,-0.00962286838630864,-0.009576716744013941,-0.5750508175845144
2024-03-27,HDFCBANK,HDFCBANK,711.775024414062,-0.002560662519068171,-0.0025573868193835623,-0.16561434656937885
2024-03-28,HDFCBANK,HDFCBANK,720.349975585938,0.011975286581337254,0.01204727740894655,0.6771177706198327
2024-04-01,HDFCBANK,HDFCBANK,729,0.01193656089312098,0.012008085940484765,0.6748726209571113
2024-04-02,HDFCBANK,HDFCBANK,732.575012207031,0.0048920093828410055,0.004903994797024722,0.26645967400058135
2024-04-03,HDFCBANK,HDFCBANK,736.049987792969,0.0047322932280094996,0.00474350821149207,0.25720001490431216
2024-04-04,HDFCBANK,HDFCBANK,752,0.021438289330331206,0.021669740468112514,1.2257421697933668
2024-04-05,HDFCBANK,HDFCBANK,769.5,0.023004629329093987,0.02327127659574468,1.316551859224564
2024-04-08,HDFCBANK,HDFCBANK,777.474975585938,0.010310504514924318,0.010363840917398252,0.5806008314233633
2024-04-09,HDFCBANK,HDFCBANK,777.424987792969,-6.429711770986777e-5,-6.4295050694467e-5,-0.02088576466302766
2024-04-10,HDFCBANK,HDFCBANK,774.950012207031,-0.0031886337810647027,-0.003183555487409995,-0.20202143271840492
2024-04-12,HDFCBANK,HDFCBANK,760.5,-0.018822415195736145,-0.018646379739872362,-1.108401168933355
2024-04-15,HDFCBANK,HDFCBANK,748.775024414062,-0.015537541240114394,-0.015417456391765883,-0.917958235747547
2024-04-16,HDFCBANK,HDFCBANK,743.5,-0.007069804559023398,-0.007044872280816128,-0.4270351036035626
2024-04-18,HDFCBANK,HDFCBANK,754.900024414062,0.01521655658615845,0.015332917840029651,0.8650327333565051
2024-04-19,HDFCBANK,HDFCBANK,743.275024414062,-0.015519192269379844,-0.01539939014973948,-0.916894440955163
2024-04-22,HDFCBANK,HDFCBANK,778.700012207031,0.0465597480421187,0.04766067287259541,2.682176829878656
2024-04-23,HDFCBANK,HDFCBANK,763.150024414062,-0.02017124190680568,-0.01996916341236006,-1.1866003688679012
2024-04-24,HDFCBANK,HDFCBANK,757.5,-0.007431098968777188,-0.007403556618372737,-0.4479814071959401
2024-04-25,HDFCBANK,HDFCBANK,753.125,-0.005792320704504433,-0.005775577557755775,-0.3529720571552385
2024-04-26,HDFCBANK,HDFCBANK,759.900024414062,0.00895566112471219,0.008995883039418484,0.5020528101826016
2024-04-29,HDFCBANK,HDFCBANK,757.5,-0.0031633404202077177,-0.003158342330509382,-0.2005550319076561
2024-04-30,HDFCBANK,HDFCBANK,764.599975585938,0.009329251948285317,0.009372905063944495,0.5237120072214425
2024-05-02,HDFCBANK,HDFCBANK,761,-0.004719431470123757,-0.004708312452114814,-0.2907705311486621
2024-05-03,HDFCBANK,HDFCBANK,766.625,0.007364406084462072,0.007391590013140605,0.4097986532785586
2024-05-06,HDFCBANK,HDFCBANK,761,-0.007364406084461934,-0.007337355291048427,-0.4441148391987474
2024-05-07,HDFCBANK,HDFCBANK,760.974975585938,-3.288413339998699e-5,-3.288359272279271e-5,-0.019064574275538003
2024-05-08,HDFCBANK,HDFCBANK,747.974975585938,-0.01723095141245631,-0.017083347569991008,-1.0161349100018373
2024-05-09,HDFCBANK,HDFCBANK,737.474975585938,-0.014137366086435553,-0.014037902794508145,-0.8367820728740413
2024-05-10,HDFCBANK,HDFCBANK,719.5,-0.024675629901971398,-0.024373675285261704,-1.4477455067317782
2024-05-13,HDFCBANK,HDFCBANK,716,-0.004876359366776929,-0.004864489228630994,-0.29986853896907256
2024-05-14,HDFCBANK,HDFCBANK,726.125,0.014042009352050917,0.014141061452513967,0.7969375116065496
2024-05-15,HDFCBANK,HDFCBANK,729.849975585938,0.005116823813095759,0.005129937112670621,0.27949345249516827
2024-05-16,HDFCBANK,HDFCBANK,723.025024414062,-0.009395166651674197,-0.00935116996667254,-0.5618496455392169
2024-05-17,HDFCBANK,HDFCBANK,723.099975585938,1.0365794373658852e-4,1.0366331640685571e-4,-0.011148449022491435
2024-05-21,HDFCBANK,HDFCBANK,725.049987792969,0.0026931097399261602,0.002696739417603908,0.13897688366055846
2024-05-22,HDFCBANK,HDFCBANK,728.924987792969,0.0053302281532413955,0.005344459092807362,0.29186572279867967
2024-05-23,HDFCBANK,HDFCBANK,729.325012207031,5.486362751188346e-4,5.487868035272529e-4,0.014649490191441537
2024-05-24,HDFCBANK,HDFCBANK,743.75,0.019585491273698206,0.01977854530083524,1.118324868163793
2024-05-27,HDFCBANK,HDFCBANK,761.674987792969,0.02381498263298024,0.024100823923319633,1.3635326755949437
2024-05-28,HDFCBANK,HDFCBANK,765.049987792969,0.004421235719142132,0.004431023801607831,0.23916623181903104
2024-05-29,HDFCBANK,HDFCBANK,759,-0.007939397816331992,-0.007907964040914633,-0.47745039893537516
2024-05-30,HDFCBANK,HDFCBANK,749.599975585938,-0.01246207904087116,-0.012384748898632471,-0.7396560999460841
2024-05-31,HDFCBANK,HDFCBANK,759.5,0.013120623681068795,0.013207076756270593,0.7435195137936025
2024-06-03,HDFCBANK,HDFCBANK,799.5,0.05132621023818137,0.052666227781435156,2.9585159082728003
2024-06-04,HDFCBANK,HDFCBANK,778.5,-0.026617540999955863,-0.02626641651031895,-1.5603292011086407
2024-06-05,HDFCBANK,HDFCBANK,747.025024414062,-0.04127030681738848,-0.04043028334738337,-2.4098338515932993
2024-06-06,HDFCBANK,HDFCBANK,782.450012207031,0.04633135375355268,0.04742142048153606,2.6689355065204308
2024-06-07,HDFCBANK,HDFCBANK,780.525024414062,-0.002463236739158632,-0.002460205460971529,-0.15996601681775047
2024-06-10,HDFCBANK,HDFCBANK,787,0.008261446946344486,0.008295666869616001,0.46180524325198635
2024-06-11,HDFCBANK,HDFCBANK,778,-0.01150172423901164,-0.011435832274459974,-0.6839788387068214
2024-06-12,HDFCBANK,HDFCBANK,787.5,0.012136846521396454,0.012210796915167094,0.6864843244924831
2024-06-13,HDFCBANK,HDFCBANK,790.875,0.004276556767260172,0.004285714285714286,0.23077836539283397
2024-06-14,HDFCBANK,HDFCBANK,792,0.0014214643473774466,0.001422475106685633,0.0652523262495399
2024-06-18,HDFCBANK,HDFCBANK,798.450012207031,0.008110971760860205,0.008143954806857352,0.4530813360085253
2024-06-19,HDFCBANK,HDFCBANK,806.700012207031,0.010279503499700231,0.010332519098090824,0.5788035252403029
2024-06-20,HDFCBANK,HDFCBANK,834.900024414062,0.03436011936686778,0.03495724777526567,1.9748945718436663
2024-06-21,HDFCBANK,HDFCBANK,836.424987792969,0.0018248560764170898,0.0018265221395545662,0.0886392522439845
2024-06-24,HDFCBANK,HDFCBANK,823.5,-0.015573292900576092,-0.015452656223331477,-0.9200309640094446
2024-06-25,HDFCBANK,HDFCBANK,835.549987792969,0.014526626422120856,0.014632650628984794,0.8250335352418195
2024-06-26,HDFCBANK,HDFCBANK,853.974975585938,0.021811714726846135,0.022051329139070357,1.247391776079376
2024-06-27,HDFCBANK,HDFCBANK,848.049987792969,-0.006962308843049066,-0.006938128121264519,-0.420802962056693
2024-06-28,HDFCBANK,HDFCBANK,848.799987792969,8.839909946441003e-4,8.843818298398401e-4,0.0340919215622998
2024-07-01,HDFCBANK,HDFCBANK,840,-0.01042168108089766,-0.010367563524418175,-0.621362558819894
2024-07-02,HDFCBANK,HDFCBANK,857.5,0.02061928720273561,0.020833333333333332,1.17825993163997
2024-07-03,HDFCBANK,HDFCBANK,895.5,0.04336104246067139,0.044314868804664724,2.4967295702399404
2024-07-04,HDFCBANK,HDFCBANK,879.875,-0.017602369572470754,-0.017448352875488553,-1.0376681453062155
2024-07-05,HDFCBANK,HDFCBANK,842.5,-0.04340618970177885,-0.04247762466259412,-2.5336631999762194
2024-07-08,HDFCBANK,HDFCBANK,822.650024414062,-0.023842795716520215,-0.023560801882418936,-1.3994613450630191
2024-07-09,HDFCBANK,HDFCBANK,812.5,-0.012414952306103991,-0.012338204719912904,-0.7369238935595439
2024-07-10,HDFCBANK,HDFCBANK,814.974975585938,0.003041493763037909,0.003046123798077483,0.15917469828992248
2024-07-11,HDFCBANK,HDFCBANK,811.974975585938,-0.0036878865240631896,-0.0036810946223754994,-0.230965970031617
2024-07-12,HDFCBANK,HDFCBANK,811,-0.0012014673274543782,-0.0012007458545559143,-0.08681402650839709
2024-07-15,HDFCBANK,HDFCBANK,811.75,9.243568675425225e-4,9.247842170160296e-4,0.036432162113151006
2024-07-16,HDFCBANK,HDFCBANK,810.375,-0.0016953074877955935,-0.0016938712657838004,-0.11544476544417144
2024-07-18,HDFCBANK,HDFCBANK,804,-0.00789783431619342,-0.007866728366496992,-0.47504072508280254
2024-07-19,HDFCBANK,HDFCBANK,808,0.004962789342129097,0.004975124378109453,0.2705631931126396
2024-07-22,HDFCBANK,HDFCBANK,808.5,6.186204960661022e-4,6.188118811881188e-4,0.018706875800137936
2024-07-23,HDFCBANK,HDFCBANK,823.775024414062,0.018716784989498664,0.01889304194689183,1.067960995736733
2024-07-24,HDFCBANK,HDFCBANK,804.075012207031,-0.024204900414789007,-0.023914311096094865,-1.4204546257155848
2024-07-25,HDFCBANK,HDFCBANK,796.5,-0.00946543424176805,-0.009420778026964267,-0.5659234596782554
2024-07-26,HDFCBANK,HDFCBANK,802.5,0.007504725654067792,0.007532956685499058,0.4179337813778726
2024-07-29,HDFCBANK,HDFCBANK,807.5,0.0062112000926406764,0.006230529595015576,0.3429407054190807
2024-07-30,HDFCBANK,HDFCBANK,801,-0.008082108028452344,-0.00804953560371517,-0.48572412625610106
2024-07-31,HDFCBANK,HDFCBANK,807,0.007462721201589594,0.00749063670411985,0.41549854299585753
2024-08-01,HDFCBANK,HDFCBANK,811.450012207031,0.0054991175354211054,0.005514265436221837,0.3016572063565792
2024-08-02,HDFCBANK,HDFCBANK,815.5,0.004978636255698725,0.004991050258232882,0.2714819293390257
2024-08-05,HDFCBANK,HDFCBANK,820.049987792969,0.005563877062333712,0.0055793841728620204,0.3054116865660422
2024-08-06,HDFCBANK,HDFCBANK,815,-0.006177185882539562,-0.006158146293691434,-0.3752848930132631
2024-08-07,HDFCBANK,HDFCBANK,808.5,-0.008007434223701126,-0.007975460122699387,-0.4813948586491574
2024-08-08,HDFCBANK,HDFCBANK,812,0.00431966114451638,0.004329004329004329,0.23327737270596724
2024-08-09,HDFCBANK,HDFCBANK,826,0.01709443335930004,0.017241379310344827,0.9739039916361532
2024-08-12,HDFCBANK,HDFCBANK,826,0,0,-0.017158092960098438
2024-08-13,HDFCBANK,HDFCBANK,814,-0.014634407518437809,-0.014527845036319613,-0.8655984078397667
2024-08-14,HDFCBANK,HDFCBANK,803.25,-0.013294368006572448,-0.013206388206388206,-0.7879086521072018
2024-08-16,HDFCBANK,HDFCBANK,814.25,0.013601446160375057,0.013694366635543105,0.7713955432966662
2024-08-19,HDFCBANK,HDFCBANK,818.825012207031,0.005602956559235506,0.00561868247716429,0.3076773485421026
2024-08-20,HDFCBANK,HDFCBANK,813.724975585938,-0.006247959633776322,-0.006228481720833875,-0.37938805220907473
2024-08-21,HDFCBANK,HDFCBANK,814.049987792969,3.993331002897743e-4,3.9941284436672414e-4,0.005993531109742794
2024-08-22,HDFCBANK,HDFCBANK,816,0.002392580782015126,0.0023954452874790214,0.12155350089912809
2024-08-23,HDFCBANK,HDFCBANK,817,0.0012247398958958697,0.0012254901960784314,0.05384708450338301
2024-08-26,HDFCBANK,HDFCBANK,816.099975585938,-0.0011022283003336772,-0.0011016210698433847,-0.08106057244388792
2024-08-27,HDFCBANK,HDFCBANK,821.700012207031,0.006838513233297428,0.0068619492569796875,0.3793096365094856
2024-08-28,HDFCBANK,HDFCBANK,818.875,-0.003443932740926139,-0.0034380092065998996,-0.21682257377043507
2024-08-29,HDFCBANK,HDFCBANK,821,0.002591662400387851,0.0025950236605098457,0.13309540109331783
2024-08-30,HDFCBANK,HDFCBANK,828,0.00849004493283146,0.008526187576126675,0.475058376143872
2024-09-02,HDFCBANK,HDFCBANK,823.400024414062,-0.005571015399149679,-0.005555526069973375,-0.3401417227038324
2024-09-03,HDFCBANK,HDFCBANK,817,-0.007803044126107069,-0.007772679407699014,-0.4695451955491989
2024-09-04,HDFCBANK,HDFCBANK,819.5,0.0030553033238815324,0.0030599755201958386,0.15997531752481478
2024-09-05,HDFCBANK,HDFCBANK,823,0.00426180249318536,0.004270896888346553,0.22992297572802636
2024-09-06,HDFCBANK,HDFCBANK,819.150024414062,-0.004688953606656905,-0.004677977625684028,-0.2890035550654762
2024-09-09,HDFCBANK,HDFCBANK,819,-1.8316321734341767e-4,-0.00018314644398546861,-0.027777112390945293
2024-09-10,HDFCBANK,HDFCBANK,827,0.009720611170621856,0.009768009768009768,0.5464013399745405
2024-09-11,HDFCBANK,HDFCBANK,825.200012207031,-0.0021788990337795783,-0.0021765269564316533,-0.14348133358202497
2024-09-12,HDFCBANK,HDFCBANK,827,0.002178899033779471,0.0021812745593093688,0.1091651476618219
2024-09-13,HDFCBANK,HDFCBANK,837,0.01201937546578394,0.012091898428053204,0.6796738554463287
2024-09-16,HDFCBANK,HDFCBANK,833.5,-0.004190368298626574,-0.004181600955794504,-0.2600977127751976
2024-09-17,HDFCBANK,HDFCBANK,839,0.00657700427635755,0.0065986802639472104,0.3641484664046908
2024-09-18,HDFCBANK,HDFCBANK,835.924987792969,-0.0036718249286313274,-0.0036650920226829827,-0.2300347874696643
2024-09-19,HDFCBANK,HDFCBANK,849.599975585938,0.016226740213150365,0.01635910876294539,0.9235988566171478
2024-09-20,HDFCBANK,HDFCBANK,858.25,0.010129810586076211,0.010181290798762607,0.5701249707712952
2024-09-23,HDFCBANK,HDFCBANK,874.5,0.018756862120855245,0.01893387707544422,1.0702844962887583
2024-09-24,HDFCBANK,HDFCBANK,882.5,0.00910649434879501,0.009148084619782733,0.5107974749716552
2024-09-25,HDFCBANK,HDFCBANK,880.075012207031,-0.0027516438236661277,-0.002747861521777878,-0.17668662523901899
2024-09-26,HDFCBANK,HDFCBANK,886.525024414062,0.007302208461520266,0.007328934599399472,0.4061927012967631
2024-09-27,HDFCBANK,HDFCBANK,888.5,0.0022252941494000514,0.002227771954032872,0.11185493790146159
2024-09-30,HDFCBANK,HDFCBANK,874.400024414062,-0.01599668281144668,-0.015869415403419195,-0.9445772989972693
2024-10-01,HDFCBANK,HDFCBANK,862,-0.014282694119566286,-0.014181180315464123,-0.845207570253073
2024-10-03,HDFCBANK,HDFCBANK,857.825012207031,-0.00485514045270333,-0.0048433733097087905,-0.2986383571448117
2024-10-04,HDFCBANK,HDFCBANK,837.25,-0.024277418536675793,-0.023985092430558977,-1.4246589160560437
2024-10-07,HDFCBANK,HDFCBANK,826.099975585938,-0.013406909659252765,-0.013317437341370015,-0.7944333354684425
2024-10-08,HDFCBANK,HDFCBANK,815,-0.013527688774198493,-0.013436600791647452,-0.8014355916367455
2024-10-09,HDFCBANK,HDFCBANK,824.75,0.011892196867828136,0.01196319018404908,0.672300584641916
2024-10-10,HDFCBANK,HDFCBANK,819.5,-0.006385911924806392,-0.006365565322825098,-0.38738593562816503
2024-10-11,HDFCBANK,HDFCBANK,832.224975585938,0.01540840943341101,0.015527731038362361,0.8761555403391891
2024-10-14,HDFCBANK,HDFCBANK,828.025024414062,-0.005059430966435761,-0.005046653603394784,-0.31048224679867686
2024-10-15,HDFCBANK,HDFCBANK,847,0.022657318001194825,0.0229159445988547,1.2964162348726533
2024-10-16,HDFCBANK,HDFCBANK,840.049987792969,-0.00823929530795782,-0.00820544534478279,-0.49483717198416893
2024-10-17,HDFCBANK,HDFCBANK,847.474975585938,0.008799912142341876,0.008838745194766757,0.49302315076673736
2024-10-18,HDFCBANK,HDFCBANK,831.549987792969,-0.01896989705014182,-0.018791100919479727,-1.1169515356518804
2024-10-21,HDFCBANK,HDFCBANK,857.5,0.03072976460379832,0.03120679765254449,1.7644221400473736
2024-10-22,HDFCBANK,HDFCBANK,865.025024414062,0.008737257431774397,0.008775538675291015,0.48939069880067093
2024-10-23,HDFCBANK,HDFCBANK,852.525024414062,-0.014555873593629778,-0.014450449001133889,-0.861045346992656
2024-10-24,HDFCBANK,HDFCBANK,869.049987792969,0.019198084084840968,0.019383552277851893,1.0958646573977222
2024-10-25,HDFCBANK,HDFCBANK,877.5,0.009676308376940225,0.00972327521514682,0.5438328536061013
2024-10-28,HDFCBANK,HDFCBANK,871,-0.00743497848751809,-0.007407407407407408,-0.44820632508878716
2024-10-29,HDFCBANK,HDFCBANK,863.075012207031,-0.00914036926017722,-0.00909872306885072,-0.5470775832743218
2024-10-30,HDFCBANK,HDFCBANK,871,0.009140369260177108,0.009182270000730785,0.5127613973541184
2024-10-31,HDFCBANK,HDFCBANK,864,-0.00806920804844713,-0.008036739380022962,-0.484976240625352
2024-11-01,HDFCBANK,HDFCBANK,866.5,0.0028893403516052313,0.0028935185185185184,0.15035349468852535
2024-11-04,HDFCBANK,HDFCBANK,872.5,0.006900544920921491,0.006924408540103866,0.38290596827173623
2024-11-05,HDFCBANK,HDFCBANK,851.5,-0.024363153973839275,-0.024068767908309457,-1.4296294897681454
2024-11-06,HDFCBANK,HDFCBANK,885.75,0.0394352436428384,0.04022313564298297,2.269128556604097
2024-11-07,HDFCBANK,HDFCBANK,872.150024414062,-0.015473288288475634,-0.01535419202476766,-0.9142331246043964
2024-11-08,HDFCBANK,HDFCBANK,876,0.004404635479285637,0.004414350144087298,0.23820382095865436
2024-11-11,HDFCBANK,HDFCBANK,877.275024414062,0.0014544490979172492,0.001455507321988636,0.06716464091611991
2024-11-12,HDFCBANK,HDFCBANK,886,0.009896410570772266,0.009945541982989229,0.5565934368005548
2024-11-13,HDFCBANK,HDFCBANK,858.375,-0.03167588366424054,-0.031179458239277653,-1.853590259846267
2024-11-14,HDFCBANK,HDFCBANK,836.549987792969,-0.025754790029279807,-0.02542596441768577,-1.5103105922718363
2024-11-18,HDFCBANK,HDFCBANK,850,0.01595007257280149,0.016077953981585208,0.9075588509251598
2024-11-19,HDFCBANK,HDFCBANK,857,0.00820156911341771,0.00823529411764706,0.4583337827669138
2024-11-21,HDFCBANK,HDFCBANK,874.700012207031,0.020443065783706683,0.020653456484283572,1.168043367965556
2024-11-22,HDFCBANK,HDFCBANK,871.775024414062,-0.0033495932852681456,-0.0033439896560521227,-0.2113531758899127
2024-11-25,HDFCBANK,HDFCBANK,892.525024414062,0.02352316072367597,0.023802012467547463,1.3466140902468893
2024-11-26,HDFCBANK,HDFCBANK,905,0.01388039188003198,0.013977171781965116,0.7875676222771016
2024-11-27,HDFCBANK,HDFCBANK,894.950012207031,-0.011167079267514418,-0.011104958887258539,-0.6645775554890154
2024-11-28,HDFCBANK,HDFCBANK,909.5,0.0161271335257653,0.01625787764065988,0.917824087184041
2024-11-29,HDFCBANK,HDFCBANK,900.650024414062,-0.009778245981451637,-0.009730594377062073,-0.5840589455584198
2024-12-02,HDFCBANK,HDFCBANK,901.75,0.0012205678069230003,0.001221313002965351,0.05360520464064258
2024-12-03,HDFCBANK,HDFCBANK,911.349975585938,0.010589670098395799,0.010645939102786753,0.5967856571667831
2024-12-04,HDFCBANK,HDFCBANK,919,0.00835913247364278,0.00839416757447498,0.4674686320455354
2024-12-05,HDFCBANK,HDFCBANK,930,0.011898463791614518,0.011969532100108813,0.6726639140615693
2024-12-06,HDFCBANK,HDFCBANK,928.5,-0.0016142053545411135,-0.0016129032258064516,-0.11074281086287734
2024-12-09,HDFCBANK,HDFCBANK,926.825012207031,-0.0018056008915030496,-0.0018039717748723504,-0.12183910495212946
2024-12-10,HDFCBANK,HDFCBANK,938.849975585938,0.01289091613334238,0.012974362172501272,0.7302020532898075
2024-12-11,HDFCBANK,HDFCBANK,930.849975585938,-0.008557575044402176,-0.008521063224193179,-0.5132896689143278
2024-12-12,HDFCBANK,HDFCBANK,925.5,-0.0057639889766454315,-0.005747409062959184,-0.3513295048294616
2024-12-13,HDFCBANK,HDFCBANK,931.25,0.0061936376802171084,0.006212857914640735,0.3419225119112175
2024-12-16,HDFCBANK,HDFCBANK,932.549987792969,0.001394986599738957,0.0013959600461411837,0.06371725976219483
2024-12-17,HDFCBANK,HDFCBANK,928.174987792969,-0.00470247685126681,-0.0046914375178473255,-0.2897875749105274
2024-12-18,HDFCBANK,HDFCBANK,914.924987792969,-0.014378198081441522,-0.014275325422748232,-0.8507444812201616
2024-12-19,HDFCBANK,HDFCBANK,899.799987792969,-0.01666957852011049,-0.016531409898952847,-0.9835889122942623
2024-12-20,HDFCBANK,HDFCBANK,891.099975585938,-0.009715875619683626,-0.009668828989840762,-0.5804429789187768
2024-12-23,HDFCBANK,HDFCBANK,891,-1.121997501963131e-4,-1.1219345603978538e-4,-0.023662954278607207
2024-12-24,HDFCBANK,HDFCBANK,901.025024414062,0.011188603796301036,0.01125143031881262,0.6315092696261557
2024-12-26,HDFCBANK,HDFCBANK,899.275024414062,-0.0019441209839789557,-0.001942232404852493,-0.12986990706894547
2024-12-27,HDFCBANK,HDFCBANK,897.400024414062,-0.0020871895359198633,-0.0020850128704749562,-0.13816440939882724
2024-12-30,HDFCBANK,HDFCBANK,896.099975585938,-0.0014497341018342806,-0.0014486837449920165,-0.10120747154289271
2024-12-31,HDFCBANK,HDFCBANK,885.150024414062,-0.012294836892254022,-0.01221956418949348,-0.7299601159402332
2025-01-01,HDFCBANK,HDFCBANK,886.724975585938,0.00177772313131829,0.001779304217856709,0.08590668580899563
2025-01-02,HDFCBANK,HDFCBANK,888.549987792969,0.002056034008906399,0.0020581490961445797,0.10204195936330886
2025-01-03,HDFCBANK,HDFCBANK,895.5,0.007791314607418908,0.007821745880942341,0.43454898233601924
2025-01-06,HDFCBANK,HDFCBANK,870.049987792969,-0.028831554269443,-0.028419890795121187,-1.6886882148333011
2025-01-07,HDFCBANK,HDFCBANK,857.5,-0.014529488191228486,-0.01442444453657677,-0.8595156342869401
2025-01-08,HDFCBANK,HDFCBANK,854.125,-0.0039436259391526195,-0.0039358600583090375,-0.2457926467926848
2025-01-09,HDFCBANK,HDFCBANK,842.075012207031,-0.014208454694861747,-0.01410799097669425,-0.8409034861421553
2025-01-10,HDFCBANK,HDFCBANK,835.5,-0.00783875037063215,-0.007808107486526987,-0.4716152907894648
2025-01-13,HDFCBANK,HDFCBANK,820,-0.018726007777149632,-0.01855176540993417,-1.1028118794128041
2025-01-14,HDFCBANK,HDFCBANK,819.950012207031,-6.096258131328587e-5,-6.0960723132899236e-5,-0.020692442514062683
2025-01-15,HDFCBANK,HDFCBANK,828.25,0.010071663503019796,0.010122553411064886,0.5667538517563597
2025-01-16,HDFCBANK,HDFCBANK,826.424987792969,-0.002205886908942823,-0.0022034557283803474,-0.1450459750799871
2025-01-17,HDFCBANK,HDFCBANK,821.75,-0.005672941726733612,-0.005656880977732643,-0.34605097494796233
2025-01-20,HDFCBANK,HDFCBANK,813,-0.010705102996518213,-0.01064800730149072,-0.6377941484848625
2025-01-21,HDFCBANK,HDFCBANK,829.125,0.019639818297909447,0.019833948339483393,1.1214745165161562
2025-01-22,HDFCBANK,HDFCBANK,821.200012207031,-0.00960422783607189,-0.009558254536974495,-0.5739701182605088
2025-01-23,HDFCBANK,HDFCBANK,843.5,0.026793201976374956,0.02715536709873669,1.536197086798949
2025-01-24,HDFCBANK,HDFCBANK,830,-0.01613420119537944,-0.016004742145820983,-0.952550026339914
2025-01-27,HDFCBANK,HDFCBANK,820.549987792969,-0.01145086854165184,-0.011385556875940991,-0.6810304430285534
2025-01-28,HDFCBANK,HDFCBANK,823.5,0.003588717368703338,0.0035951645249129335,0.1909003809125645
2025-01-29,HDFCBANK,HDFCBANK,837.5,0.016857714081526552,0.01700060716454159,0.9601800210333674
2025-01-30,HDFCBANK,HDFCBANK,840.5,0.003575689149448703,0.003582089552238806,0.19014506051897853
2025-01-31,HDFCBANK,HDFCBANK,843.625,0.0037111302149002213,0.0037180249851279,0.1979973538266881
2025-02-01,HDFCBANK,HDFCBANK,848.75,0.006056595809335299,0.006074974070232627,0.3339774107558635
2025-02-03,HDFCBANK,HDFCBANK,835,-0.016332954022050455,-0.016200294550810016,-0.9640728645984171
2025-02-04,HDFCBANK,HDFCBANK,844.349975585938,0.01113534681266624,0.011197575552021503,0.6284216576468038
2025-02-05,HDFCBANK,HDFCBANK,866.5,0.02589503749213895,0.026233226807036977,1.4841253540103927
2025-02-06,HDFCBANK,HDFCBANK,867.75,0.001441545586234948,0.0014425851125216388,0.0664165505338484
2025-02-07,HDFCBANK,HDFCBANK,875,0.0083202316157187,0.008354940939210602,0.46521332679285526
2025-02-10,HDFCBANK,HDFCBANK,858.650024414062,-0.018862469494666214,-0.01868568638392909,-1.1107233457590104
2025-02-11,HDFCBANK,HDFCBANK,851.5,-0.008361916760205292,-0.008327053177388752,-0.5019462389843035
2025-02-12,HDFCBANK,HDFCBANK,846.5,-0.005889298529552957,-0.005871990604815032,-0.358594416401204
2025-02-13,HDFCBANK,HDFCBANK,849.5,0.003537739538796741,0.0035440047253396337,0.18794490451194198
2025-02-14,HDFCBANK,HDFCBANK,850.950012207031,0.0017054456738792702,0.001706900773432634,0.081716348163211
2025-02-17,HDFCBANK,HDFCBANK,842.599975585938,-0.00986106621562624,-0.00981260532500181,-0.588860508277852
2025-02-18,HDFCBANK,HDFCBANK,856.525024414062,0.016391213829660804,0.01652628676904567,0.9331343329803488
2025-02-19,HDFCBANK,HDFCBANK,858.5,0.0023031459376296895,0.0023058002155733988,0.11636845138919796
2025-02-20,HDFCBANK,HDFCBANK,855.5,-0.0035005870052820694,-0.0034944670937682005,-0.22010714554615346
2025-02-21,HDFCBANK,HDFCBANK,840.450012207031,-0.017748616128446183,-0.017592037163026274,-1.0461468947086447
2025-02-24,HDFCBANK,HDFCBANK,840.549987792969,1.1894775259475686e-4,1.1895482715910462e-4,-0.010262011342952286
2025-02-25,HDFCBANK,HDFCBANK,835.549987792969,-0.005966248916580919,-0.00594848619667284,-0.36305567050512727
2025-02-27,HDFCBANK,HDFCBANK,841.275024414062,0.006828451179891601,0.006851818209243523,0.3787262817170746
2025-02-28,HDFCBANK,HDFCBANK,842.5,0.0014550350068095505,0.0014560940838474737,0.06719860940609455
2025-03-03,HDFCBANK,HDFCBANK,869.900024414062,0.03200462835234411,0.03252228417099352,1.8383332839650284
2025-03-04,HDFCBANK,HDFCBANK,849,-0.02431910426751353,-0.02402577747729075,-1.427075676321425
2025-03-05,HDFCBANK,HDFCBANK,850.974975585938,0.0023235359377003903,0.00232623743926732,0.11755057632719672
2025-03-06,HDFCBANK,HDFCBANK,843.5,-0.008822820263024623,-0.008784013396858196,-0.528667451480846
2025-03-07,HDFCBANK,HDFCBANK,841,-0.0029682420130749264,-0.002963841138114997,-0.1892440612536192
2025-03-10,HDFCBANK,HDFCBANK,844.5,0.00415307627490663,0.004161712247324614,0.2236194949239105
2025-03-11,HDFCBANK,HDFCBANK,841.200012207031,-0.003915277907860987,-0.003907623200673745,-0.24414914926366021
2025-03-12,HDFCBANK,HDFCBANK,845.775024414062,0.005423937312373282,0.005438673491013988,0.29729857878419164
2025-03-13,HDFCBANK,HDFCBANK,858.025024414062,0.014379869394031465,0.0144837570824305,0.8165251908509659
2025-03-17,HDFCBANK,HDFCBANK,852.5,-0.006460055888726721,-0.006439234587400335,-0.39168448533137196
2025-03-18,HDFCBANK,HDFCBANK,855.200012207031,0.003162164827053797,0.003167169744317915,0.1661706901277549
2025-03-19,HDFCBANK,HDFCBANK,867.5,0.014280137836288443,0.014382586082086415,0.8107431819689307
2025-03-20,HDFCBANK,HDFCBANK,877,0.010891480551168753,0.01095100864553314,0.6142833355157045
2025-03-21,HDFCBANK,HDFCBANK,877.775024414062,8.833319983172169e-4,8.837222509259353e-4,0.034053715775671185
2025-03-24,HDFCBANK,HDFCBANK,889.5,0.01326918273538948,0.01335760902261338,0.7521323319529483
2025-03-25,HDFCBANK,HDFCBANK,902.450012207031,0.014453793430913018,0.014558754589129873,0.8208109901257189
2025-03-26,HDFCBANK,HDFCBANK,912.5,0.01107478491984383,0.011136337367197475,0.6249105382966547
2025-03-27,HDFCBANK,HDFCBANK,900,-0.013793322132335873,-0.0136986301369863,-0.8168358768711614
2025-03-28,HDFCBANK,HDFCBANK,914.5,0.01598270450660971,0.01611111111111111,0.9094507107876446
2025-04-01,HDFCBANK,HDFCBANK,901,-0.014872210222582474,-0.014762165117550574,-0.879385190866653
2025-04-02,HDFCBANK,HDFCBANK,885.349975585938,-0.0175222381317176,-0.01736961644180027,-1.033022467321732
2025-04-03,HDFCBANK,HDFCBANK,890.549987792969,0.005856216200879354,0.005873397357456949,0.3223602586518489
2025-04-04,HDFCBANK,HDFCBANK,906.5,0.01775179451740614,0.017910294116739698,1.0120149781773247
2025-04-07,HDFCBANK,HDFCBANK,881.400024414062,-0.028079450087834048,-0.027688886470974026,-1.6450844332751713
2025-04-08,HDFCBANK,HDFCBANK,882.5,0.0012472087003800622,0.0012479867885971498,0.05514972962430916
2025-04-09,HDFCBANK,HDFCBANK,882.5,0,0,-0.017158092960098438
2025-04-11,HDFCBANK,HDFCBANK,887.375,0.005508877552098048,0.005524079320113315,0.30222305035212077
2025-04-15,HDFCBANK,HDFCBANK,932.5,0.04960148515842073,0.05085223270883223,2.8585237297094155
2025-04-16,HDFCBANK,HDFCBANK,941.900024414062,0.01002998623081546,0.010080455135723372,0.5643375818863413
2025-04-17,HDFCBANK,HDFCBANK,941,-9.559981634063861e-4,-9.555413427470003e-4,-0.07258277494759872
2025-04-21,HDFCBANK,HDFCBANK,962,0.022071311080326825,0.022316684378320937,1.2624420616212593
2025-04-22,HDFCBANK,HDFCBANK,967.5,0.005700974238230451,0.005717255717255718,0.3133599940694647
2025-04-23,HDFCBANK,HDFCBANK,989.450012207031,0.022433820628164024,0.02268735111837832,1.2834588137191065
2025-04-24,HDFCBANK,HDFCBANK,955,-0.03543790505137071,-0.03481733466270629,-2.071696158992466
2025-04-25,HDFCBANK,HDFCBANK,962.400024414062,0.007718849547633523,0.007748716663939314,0.4303477683091018
2025-04-28,HDFCBANK,HDFCBANK,955.599975585938,-0.00709080012512102,-0.007065719716979604,-0.4282523366680717
2025-04-29,HDFCBANK,HDFCBANK,959.400024414062,0.0039687246119397565,0.003976610428222378,0.2129315745021823
2025-04-30,HDFCBANK,HDFCBANK,956.5,-0.003027325634874813,-0.003022747905216271,-0.19266947677665763
2025-05-02,HDFCBANK,HDFCBANK,964.900024414062,0.008743705448198368,0.008782043297503445,0.48976452719640273
2025-05-05,HDFCBANK,HDFCBANK,969.5,0.0047559803542005594,0.004767307979633747,0.2585732931035708
2025-05-06,HDFCBANK,HDFCBANK,965,-0.004652373343720587,-0.0046415678184631255,-0.2868827879783927
2025-05-07,HDFCBANK,HDFCBANK,967,0.002070394114308495,0.002072538860103627,0.10287449681545438
2025-05-08,HDFCBANK,HDFCBANK,977.400024414062,0.01069751436133764,0.010754937346496428,0.6030380059751009
2025-05-09,HDFCBANK,HDFCBANK,955.049987792969,-0.02313232746505035,-0.02286682633806113,-1.3582714365389024
2025-05-12,HDFCBANK,HDFCBANK,958.799987792969,0.003918807479075714,0.003926496045160838,0.210037592776465
2025-05-13,HDFCBANK,HDFCBANK,975,0.016754981169189668,0.016896133096873846,0.9542240064573215
2025-05-14,HDFCBANK,HDFCBANK,961.049987792969,-0.014411046946471773,-0.014307704827724126,-0.8526489178264671
2025-05-15,HDFCBANK,HDFCBANK,956.75,-0.004484299745563727,-0.004474260285715011,-0.2771386000867063
2025-05-16,HDFCBANK,HDFCBANK,966.900024414062,0.010552978433521465,0.010608857500979405,0.5946584314721168
2025-05-19,HDFCBANK,HDFCBANK,968.5,0.0016533801077175962,0.0016547476942174392,0.07869780946986495
2025-05-20,HDFCBANK,HDFCBANK,964.049987792969,-0.004605335023884207,-0.004594746728994344,-0.2841557075111371
2025-05-21,HDFCBANK,HDFCBANK,963.5,-5.706599687452462e-4,-5.704971733136809e-4,-0.05024251561003723
2025-05-22,HDFCBANK,HDFCBANK,957.599975585938,-0.006142359105710235,-0.006123533382524178,-0.373265785546009
2025-05-23,HDFCBANK,HDFCBANK,960.049987792969,0.002555224975219484,0.002558492344918769,0.13098291512869614
2025-05-26,HDFCBANK,HDFCBANK,967.5,0.007730071180006519,0.007760025313012751,0.4309983505272076
2025-05-27,HDFCBANK,HDFCBANK,965.799987792969,-0.0017586641037903035,-0.001757118560238783,-0.1191179108828602
2025-05-28,HDFCBANK,HDFCBANK,960.099975585938,-0.005919340525234566,-0.0059018557455737825,-0.36033612273564936
2025-05-29,HDFCBANK,HDFCBANK,964,0.0040538743356336344,0.004062102398952677,0.21786819105408098
2025-05-30,HDFCBANK,HDFCBANK,965.950012207031,0.0020207910653494226,0.002022834239658737,0.09999872433031591
2025-06-02,HDFCBANK,HDFCBANK,965.049987792969,-9.321848567959243e-4,-9.31750507467403e-4,-0.07120218134765618
2025-06-03,HDFCBANK,HDFCBANK,969,0.004084711071666961,0.00409306487435386,0.21965597303275103
2025-06-04,HDFCBANK,HDFCBANK,960.5,-0.00881062968215492,-0.008771929824561403,-0.5279606937758534
2025-06-05,HDFCBANK,HDFCBANK,974,0.013957321433923692,0.014055179593961478,0.7920276685649478
2025-06-06,HDFCBANK,HDFCBANK,972,-0.002055499182095999,-0.002053388090349076,-0.13632713831401616
2025-06-09,HDFCBANK,HDFCBANK,997.5,0.02589634430357945,0.026234567901234566,1.4842011173447587
2025-06-10,HDFCBANK,HDFCBANK,991.400024414062,-0.006134038551701042,-0.006115263745301208,-0.3727833954352622
2025-06-11,HDFCBANK,HDFCBANK,983.799987792969,-0.007695498259119479,-0.007665963721944476,-0.46331014646121926
2025-06-12,HDFCBANK,HDFCBANK,975,-0.008985140955350912,-0.008944895204472038,-0.5380781105140382
2025-06-13,HDFCBANK,HDFCBANK,960,-0.015504186535965199,-0.015384615384615385,-0.9160244727540395
2025-06-16,HDFCBANK,HDFCBANK,962,0.002081166203824671,0.0020833333333333333,0.10349901646269677
2025-06-17,HDFCBANK,HDFCBANK,968.5,0.0067340321813441194,0.006756756756756757,0.3732522722802512
2025-06-18,HDFCBANK,HDFCBANK,958.5,-0.010378920361351419,-0.010325245224574084,-0.6188834753099818
2025-06-19,HDFCBANK,HDFCBANK,966.950012207031,0.008777237946871247,0.008815870847189383,0.49170859795545974
2025-06-20,HDFCBANK,HDFCBANK,965.799987792969,-0.0011900396324237522,-0.0011893318160647757,-0.0861514976593188
2025-06-23,HDFCBANK,HDFCBANK,974.200012207031,0.00865987310260871,0.008697478277316662,0.48490428658880874
2025-06-24,HDFCBANK,HDFCBANK,982.5,0.00848370984066104,0.008519798490009785,0.4746910946130624
2025-06-25,HDFCBANK,HDFCBANK,983,5.087764037502004e-4,5.089058524173028e-4,0.012338585443677812
2025-06-26,HDFCBANK,HDFCBANK,990.700012207031,0.007802656153440013,0.007833176202473065,0.4352065166342301
2025-06-27,HDFCBANK,HDFCBANK,1006.5,0.015822468779239582,0.015948306852011204,0.9001609290992776
2025-06-30,HDFCBANK,HDFCBANK,1005.75,-7.454342499486196e-4,-7.451564828614009e-4,-0.060375180426855656
2025-07-01,HDFCBANK,HDFCBANK,1002.5,-0.003236651649173345,-0.003231419338801889,-0.2048053032021685
2025-07-02,HDFCBANK,HDFCBANK,1009.95001220703,0.007403956565441965,0.007431433622972568,0.4120916208957269
2025-07-03,HDFCBANK,HDFCBANK,997.450012207031,-0.012454081313507932,-0.012376850189528586,-0.7391924259426214
2025-07-04,HDFCBANK,HDFCBANK,993.549987792969,-0.003917658867110579,-0.003909994853208298,-0.24428718709080793
2025-07-07,HDFCBANK,HDFCBANK,994.5,9.557227284791434e-4,9.561795769746227e-4,0.038250620489139936
2025-07-08,HDFCBANK,HDFCBANK,988.5,-0.006051455683355267,-0.006033182503770739,-0.3679955941706959
2025-07-09,HDFCBANK,HDFCBANK,1003.5,0.015060525625721214,0.015174506828528073,0.8559867260591439
2025-07-10,HDFCBANK,HDFCBANK,1008,0.004474280394921107,0.004484304932735426,0.2422415350975479
2025-07-11,HDFCBANK,HDFCBANK,999,-0.008968669982760375,-0.008928571428571428,-0.5371231940164974
2025-07-14,HDFCBANK,HDFCBANK,991.5,-0.007535830688702848,-0.0075075075075075074,-0.4540533040813906
2025-07-15,HDFCBANK,HDFCBANK,986.5,-0.00505562249718068,-0.005042864346949067,-0.31026144805093675
2025-07-16,HDFCBANK,HDFCBANK,1009,0.022551694890939007,0.02280790674100355,1.2902926589908754
2025-07-17,HDFCBANK,HDFCBANK,1002,-0.006961738708798884,-0.006937561942517344,-0.42076990811295534
2025-07-18,HDFCBANK,HDFCBANK,993.450012207031,-0.008569535758197817,-0.008532921949070836,-0.5139830999101623
2025-07-21,HDFCBANK,HDFCBANK,989.099975585938,-0.004388331823925518,-0.004378717165073161,-0.27157479071823787
2025-07-22,HDFCBANK,HDFCBANK,1006.54998779297,0.017488494754556324,0.01764231385881366,0.9967499848102487
2025-07-23,HDFCBANK,HDFCBANK,1005.5,-0.001043699604536267,-0.0010431551395398407,-0.07766732915547415
2025-07-24,HDFCBANK,HDFCBANK,1018.84997558594,0.013189586071869156,0.01327695234802586,0.747517658063659
2025-07-25,HDFCBANK,HDFCBANK,1007.5,-0.01120250146373783,-0.011139987101057383,-0.6666311828244341
2025-07-28,HDFCBANK,HDFCBANK,1001.5,-0.005973138714965093,-0.005955334987593052,-0.36345511152815196
2025-07-29,HDFCBANK,HDFCBANK,999.950012207031,-0.0015488651661361944,-0.0015476662935286843,-0.10695466638523303
2025-07-30,HDFCBANK,HDFCBANK,1014,0.013952894211391804,0.014050690155959564,0.7917709971503883
2025-07-31,HDFCBANK,HDFCBANK,1007.29998779297,-0.006629433321057601,-0.006607507107524654,-0.40150426394825595
2025-08-01,HDFCBANK,HDFCBANK,1007,-2.978581115086388e-4,-2.9781375618526953e-4,-0.03442663147793449
2025-08-04,HDFCBANK,HDFCBANK,1005.04998779297,-0.001938334364851473,-0.0019364570079741803,-0.12953442365778417
2025-08-05,HDFCBANK,HDFCBANK,993.25,-0.01181016365900248,-0.011740697414346597,-0.7018608362040638
2025-08-06,HDFCBANK,HDFCBANK,985.549987792969,-0.007782546107778714,-0.007752340505442761,-0.46835680817492303
2025-08-07,HDFCBANK,HDFCBANK,990.049987792969,0.004555585987162359,0.004565978444256547,0.2469552853601215
2025-08-08,HDFCBANK,HDFCBANK,993.549987792969,0.0035289409914557933,0.0035351750347497515,0.18743480239355886
2025-08-11,HDFCBANK,HDFCBANK,987.950012207031,-0.005652274029801483,-0.005636329983132011,-0.34485275033443835
2025-08-12,HDFCBANK,HDFCBANK,995.950012207031,0.008064966242207086,0.008097575688195397,0.45041413293364324
2025-08-13,HDFCBANK,HDFCBANK,997,0.0010537021838850217,0.0010542575230680486,0.04393104997639912
2025-08-14,HDFCBANK,HDFCBANK,989,-0.00805643833912618,-0.00802407221664995,-0.4842359075313379
2025-08-18,HDFCBANK,HDFCBANK,1005,0.016048488870464086,0.016177957532861477,0.9132646066568451
2025-08-19,HDFCBANK,HDFCBANK,999.150024414062,-0.00583787853104666,-0.00582087122978901,-0.35561330495758525
2025-08-20,HDFCBANK,HDFCBANK,993.5,-0.005670879970257976,-0.005654830882254569,-0.34593144313150925
2025-08-21,HDFCBANK,HDFCBANK,998.75,0.005270435088612898,0.005284348263714142,0.2883991768167458
2025-08-22,HDFCBANK,HDFCBANK,994.950012207031,-0.003812000171820434,-0.003804743722622255,-0.2381615481410382
2025-08-25,HDFCBANK,HDFCBANK,980.099975585938,-0.015037914543296555,-0.014925409758176921,-0.8889920181923543
2025-08-26,HDFCBANK,HDFCBANK,979.5,-6.123449807720022e-4,-6.121575358465532e-4,-0.052659234201834305
2025-08-28,HDFCBANK,HDFCBANK,967,-0.012843741931301144,-0.012761613067891782,-0.7617832808740665
2025-08-29,HDFCBANK,HDFCBANK,954,-0.013534824005007818,-0.01344364012409514,-0.8018492617813671
2025-09-01,HDFCBANK,HDFCBANK,949.599975585938,-0.0046228538626664805,-0.004612184920400467,-0.2851713748057667
2025-09-02,HDFCBANK,HDFCBANK,951,0.001473244959770184,0.0014743307182565784,0.06825434454292181
2025-09-03,HDFCBANK,HDFCBANK,945,-0.006329135051647512,-0.006309148264984227,-0.38409425551879867
2025-09-04,HDFCBANK,HDFCBANK,960.200012207031,0.015956681316105906,0.01608466900214923,0.9079419975775332
2025-09-05,HDFCBANK,HDFCBANK,967.5,0.007573816094088137,0.0076025699855906785,0.42193934939367256
2025-09-08,HDFCBANK,HDFCBANK,969,0.0015491869868293187,0.0015503875968992248,0.07265713825147986
2025-09-09,HDFCBANK,HDFCBANK,974,0.00514669175176878,0.005159958720330237,0.28122506774919326
2025-09-10,HDFCBANK,HDFCBANK,973.900024414062,-1.0264960703594278e-4,-1.0264433874533342e-4,-0.023109277851329785
2025-09-11,HDFCBANK,HDFCBANK,960.299987792969,-0.014062931103257029,-0.013964509990925819,-0.8324666511197623
2025-09-12,HDFCBANK,HDFCBANK,969.900024414062,0.009947275638985847,0.009996914238389784,0.5595423757608192
2025-09-15,HDFCBANK,HDFCBANK,969.599975585938,-3.0940843569763466e-4,-3.0936057384404813e-4,-0.0350962698407809
2025-09-16,HDFCBANK,HDFCBANK,961.200012207031,-0.008701073573433853,-0.008663328785492965,-0.5216090994756958
2025-09-17,HDFCBANK,HDFCBANK,965.150024414062,0.004101038407401708,0.0041094591727702115,0.22060256208013693
2025-09-18,HDFCBANK,HDFCBANK,973.299987792969,0.00840879192105004,0.008444245115006587,0.47034767427132307
2025-09-19,HDFCBANK,HDFCBANK,974.900024414062,0.0016425797873094615,0.0016439295604238847,0.0780716531163307
2025-09-22,HDFCBANK,HDFCBANK,964,-0.01124363206731201,-0.011180658673809366,-0.6690157591869348
2025-09-23,HDFCBANK,HDFCBANK,967,0.0031072008427487003,0.0031120331950207467,0.16298411355524223
2025-09-24,HDFCBANK,HDFCBANK,952.200012207031,-0.015423385873057633,-0.015305054594590462,-0.9113399961332123
2025-09-25,HDFCBANK,HDFCBANK,952.5,3.149974206192984e-4,3.15047037516476e-4,0.0011041093463363032
2025-09-26,HDFCBANK,HDFCBANK,945.099975585938,-0.0077993908320986745,-0.007769054502952279,-0.4693333931981351
2025-09-29,HDFCBANK,HDFCBANK,946.049987792969,0.001004692705856261,0.001005197578639275,0.04108969019340678
2025-09-30,HDFCBANK,HDFCBANK,958.049987792969,0.012604547059555729,0.01268431917429087,0.7135996000077576
2025-10-01,HDFCBANK,HDFCBANK,952.700012207031,-0.00559988440834544,-0.005584234282245056,-0.34181542430203216
2025-10-03,HDFCBANK,HDFCBANK,952,-7.350367344584341e-4,-7.347666611333087e-4,-0.059772376978520295
2025-10-06,HDFCBANK,HDFCBANK,971.900024414062,0.02068790883799141,0.02090338698956097,1.1822383203619347
2025-10-07,HDFCBANK,HDFCBANK,974,0.0021583600131783905,0.0021606909488493795,0.10797438315125693
2025-10-08,HDFCBANK,HDFCBANK,976,0.002051282770557361,0.002053388090349076,0.10176650289840945
2025-10-09,HDFCBANK,HDFCBANK,974.5,-0.0015380674654770212,-0.0015368852459016393,-0.10632866191353146
2025-10-10,HDFCBANK,HDFCBANK,979,0.004607123582894835,0.004617752693689072,0.24994321458761584
2025-10-13,HDFCBANK,HDFCBANK,974.299987792969,-0.00481239062824197,-0.004800829629245171,-0.2961599052852916
2025-10-14,HDFCBANK,HDFCBANK,970,-0.0044231804048399295,-0.004413412549362251,-0.27359516229302705
2025-10-15,HDFCBANK,HDFCBANK,975,0.005141399500418652,0.005154639175257732,0.2809182456659441
2025-10-16,HDFCBANK,HDFCBANK,982.650024414062,0.00781555769327246,0.007846178886217482,0.43595449269708625
2025-10-17,HDFCBANK,HDFCBANK,993.950012207031,0.011433887170743588,0.011499503904970615,0.645729749900782
2025-10-20,HDFCBANK,HDFCBANK,997,0.003063854099974927,0.0030685524981247164,0.16047105492668806
2025-10-21,HDFCBANK,HDFCBANK,1006,0.008986580697846186,0.009027081243731194,0.5038453947018383
2025-10-23,HDFCBANK,HDFCBANK,1016,0.0098912774787427,0.009940357852882704,0.5562958420935342
2025-10-24,HDFCBANK,HDFCBANK,1011,-0.004933409117955777,-0.004921259842519685,-0.30317603937816023
2025-10-27,HDFCBANK,HDFCBANK,996.5,-0.014446079367621965,-0.014342235410484669,-0.8546799476713186
2025-10-28,HDFCBANK,HDFCBANK,997.650024414062,0.0011533982172603936,0.001154063636790813,0.04971099930763682
2025-10-29,HDFCBANK,HDFCBANK,1004.90002441406,0.0072407994798172936,0.007267077454597377,0.40263247135873065
2025-10-30,HDFCBANK,HDFCBANK,1000,-0.004888058367790045,-0.004876131251879628,-0.30054679697786724
2025-10-31,HDFCBANK,HDFCBANK,994,-0.006018072325563021,-0.006,-0.3660601699615976
2025-11-03,HDFCBANK,HDFCBANK,985,-0.009095565484485158,-0.009054325955734407,-0.5444800521130446
2025-11-04,HDFCBANK,HDFCBANK,987,0.002028398261392619,0.0020304568527918783,0.10043975699925788
2025-11-06,HDFCBANK,HDFCBANK,981,-0.006097579868118445,-0.0060790273556231,-0.37066967699876624
2025-11-07,HDFCBANK,HDFCBANK,980,-0.0010198879007455228,-0.0010193679918450561,-0.07628682848015901
2025-11-10,HDFCBANK,HDFCBANK,982.299987792969,0.0023441765892174725,0.0023469263193560993,0.11874723296330658
2025-11-11,HDFCBANK,HDFCBANK,983.5,0.0012208895752786378,0.001221635164352602,0.053623859392782795
2025-11-12,HDFCBANK,HDFCBANK,998.799987792969,0.015436908354807228,0.015556672895748833,0.8778077858306907
2025-11-13,HDFCBANK,HDFCBANK,984,-0.014928649131667642,-0.014817769297006355,-0.8826572772654605
2025-11-14,HDFCBANK,HDFCBANK,976.049987792969,-0.008112094949713983,-0.00807928069820226,-0.4874626396113867
2025-11-17,HDFCBANK,HDFCBANK,991.25,0.015452970846518334,0.015572985397398636,0.8787390203550781
2025-11-18,HDFCBANK,HDFCBANK,997.650024414062,0.006435764921051977,0.006456518954917574,0.3559600130670422
2025-11-19,HDFCBANK,HDFCBANK,990,-0.007697594741474191,-0.007668044130560758,-0.46343169153551966
2025-11-20,HDFCBANK,HDFCBANK,995.299987792969,0.005339243858707111,0.005353523023200987,0.2923884148157331
2025-11-21,HDFCBANK,HDFCBANK,1003.09997558594,0.007806272563486133,0.007836820947086648,0.43541618061101894
2025-11-24,HDFCBANK,HDFCBANK,1000,-0.0030951805686917923,-0.00309039543553893,-0.19660341543056511
2025-11-25,HDFCBANK,HDFCBANK,1004,0.003992021269537457,0.004,0.21428221500354414
2025-11-26,HDFCBANK,HDFCBANK,981.299987792969,-0.022869089478879227,-0.022609573911385482,-1.3430100247192622
2025-11-27,HDFCBANK,HDFCBANK,1002.09997558594,0.02097484192858963,0.021196359983405327,1.1988734729248134
2025-11-28,HDFCBANK,HDFCBANK,1007,0.0048778400171774075,0.004889756045742736,0.26563819482213685
2025-12-01,HDFCBANK,HDFCBANK,1017.5,0.010373024598187659,0.010427010923535254,0.5842254782745201
2025-12-02,HDFCBANK,HDFCBANK,988,-0.029421219568882245,-0.028992628992628992,-1.7228744852169517
2025-12-03,HDFCBANK,HDFCBANK,986,-0.0020263431452323616,-0.0020242914979757085,-0.13463679608006773
2025-12-04,HDFCBANK,HDFCBANK,1000,0.014098924379501675,0.014198782961460446,0.8002372013104796
2025-12-05,HDFCBANK,HDFCBANK,992,-0.008032171697264267,-0.008,-0.48282903149372214
2025-12-08,HDFCBANK,HDFCBANK,1000,0.008032171697264253,0.008064516129032258,0.4485128455735245
2025-12-09,HDFCBANK,HDFCBANK,994.900024414062,-0.00511302484761134,-0.005099975585937955,-0.3135893906555733
2025-12-10,HDFCBANK,HDFCBANK,997.5,0.0026098946294927142,0.002613303369320137,0.134152427705649
2025-12-11,HDFCBANK,HDFCBANK,990,-0.007547205635382966,-0.007518796992481203,-0.45471277480686134
2025-12-12,HDFCBANK,HDFCBANK,1003,0.013045844833299894,0.013131313131313131,0.7391841562420617
2025-12-15,HDFCBANK,HDFCBANK,992,-0.011027680677062748,-0.010967098703888335,-0.6564958218194024
2025-12-16,HDFCBANK,HDFCBANK,990.099975585938,-0.0019171838145821385,-0.0019153471915948036,-0.12830820527430783
2025-12-17,HDFCBANK,HDFCBANK,996,0.00594133411430755,0.005959018846122514,0.32729503098068646
2025-12-18,HDFCBANK,HDFCBANK,973.299987792969,-0.023054910694050145,-0.022791176914689782,-1.353783143488321
2025-12-19,HDFCBANK,HDFCBANK,987,0.013977692542933504,0.014075837232975655,0.7932086982800871
2025-12-22,HDFCBANK,HDFCBANK,988,0.0010126583143861855,0.0010131712259371835,0.041551502084378286
2025-12-23,HDFCBANK,HDFCBANK,990.5,0.002527168390737843,0.0025303643724696357,0.12935631443836682
2025-12-24,HDFCBANK,HDFCBANK,993,0.002520797906566895,0.002523977788995457,0.12898698103083903
2025-12-26,HDFCBANK,HDFCBANK,996,0.0030165935394257273,0.0030211480362537764,0.15773108989405973
2025-12-29,HDFCBANK,HDFCBANK,993.099975585938,-0.0029159182589752137,-0.0029116710984558687,-0.18621055392863078
2025-12-30,HDFCBANK,HDFCBANK,990.200012207031,-0.0029243840704565884,-0.0029201122245481152,-0.1867013654459348
