date,ticker,company,adj_close,log_ret,simple_ret,z_ret
2020-01-01,INFOSYS,INFOSYS,735,NA,NA,NA
2020-01-02,INFOSYS,INFOSYS,738.900024414062,0.005292127622855643,0.005306155665390538,0.26713521456132616
2020-01-03,INFOSYS,INFOSYS,733.900024414062,-0.006789814018478556,-0.0067668153130255124,-0.4125125875661273
2020-01-06,INFOSYS,INFOSYS,746.099975585938,0.016486793938016133,0.016623451105095985,0.8968709459953734
2020-01-07,INFOSYS,INFOSYS,738,-0.010915782154757329,-0.010856421191512257,-0.6446114718941356
2020-01-08,INFOSYS,INFOSYS,724.950012207031,-0.017841120802824403,-0.01768291028857585,-1.0341838875598786
2020-01-09,INFOSYS,INFOSYS,721.700012207031,-0.004493146805147358,-0.004483067722291266,-0.2833177221962627
2020-01-10,INFOSYS,INFOSYS,740.450012207031,0.02564856897697425,0.02598032379500815,1.4122500509159988
2020-01-13,INFOSYS,INFOSYS,760,0.026060307310901996,0.026402846202537127,1.4354116471240326
2020-01-14,INFOSYS,INFOSYS,769.950012207031,0.013007160248361488,0.013092121325040819,0.7011304384190379
2020-01-15,INFOSYS,INFOSYS,773.849975585938,0.005052431281199843,0.005065216334925228,0.2536515298506653
2020-01-16,INFOSYS,INFOSYS,770.700012207031,-0.004078816187102699,-0.0040705091145371766,-0.26001030172795253
2020-01-17,INFOSYS,INFOSYS,770.700012207031,0,0,-0.030563865125225968
2020-01-20,INFOSYS,INFOSYS,771.599975585938,0.0011670407679111455,0.0011677220249805542,0.03508590512282463
2020-01-21,INFOSYS,INFOSYS,768.450012207031,-0.004090734452161879,-0.0040823787954566895,-0.26068074219961745
2020-01-22,INFOSYS,INFOSYS,768.450012207031,0,0,-0.030563865125225968
2020-01-23,INFOSYS,INFOSYS,777.099975585938,0.011193495859725457,0.011256377437048583,0.5991060244526426
2020-01-24,INFOSYS,INFOSYS,775.75,-0.001738707469820565,-0.001737196793655881,-0.12837171302637154
2020-01-27,INFOSYS,INFOSYS,779.049987792969,0.004244909665749856,0.004253932056679313,0.20822586008634852
2020-01-28,INFOSYS,INFOSYS,781,0.0024999368454464294,0.002503064293159625,0.11006556621156348
2020-01-29,INFOSYS,INFOSYS,786.599975585938,0.007144679120567888,0.007170263234235538,0.37134715260285195
2020-01-30,INFOSYS,INFOSYS,789.700012207031,0.003933313001089505,0.003941058628668088,0.19069755258632434
2020-01-31,INFOSYS,INFOSYS,780.549987792969,-0.011654358197679944,-0.01158670922201181,-0.6861587330197004
2020-02-03,INFOSYS,INFOSYS,782,0.0018559567816478404,0.0018576801354273035,0.07383963101276743
2020-02-04,INFOSYS,INFOSYS,770.099975585938,-0.015334395702563999,-0.015217422524376016,-0.893172595210881
2020-02-05,INFOSYS,INFOSYS,781,0.01405480499693899,0.014154038124424893,0.7600638012772978
2020-02-06,INFOSYS,INFOSYS,784.349975585938,0.004280168336073308,0.004289341339229136,0.21020927289388006
2020-02-07,INFOSYS,INFOSYS,775.950012207031,-0.010767217326401986,-0.01070945832902188,-0.6362542258435744
2020-02-10,INFOSYS,INFOSYS,774,-0.002516227259630277,-0.002513064213356492,-0.17210968428480708
2020-02-11,INFOSYS,INFOSYS,779,0.006439172281021233,0.006459948320413436,0.3316601397767563
2020-02-12,INFOSYS,INFOSYS,775.799987792969,-0.004116306599647072,-0.004107846222119413,-0.26211925716268686
2020-02-13,INFOSYS,INFOSYS,785,0.011788978511307198,0.011858742397255812,0.6326038253332522
2020-02-14,INFOSYS,INFOSYS,794.5,0.012029268194362345,0.012101910828025478,0.6461208873925172
2020-02-17,INFOSYS,INFOSYS,790.299987792969,-0.0053003812119135985,-0.005286358976753962,-0.32872723555489114
2020-02-18,INFOSYS,INFOSYS,785,-0.006728886982448676,-0.006706298715466246,-0.40908524721330003
2020-02-19,INFOSYS,INFOSYS,800,0.01892800988551886,0.01910828025477707,1.03419713929219
2020-02-20,INFOSYS,INFOSYS,803.25,0.004054270328040624,0.0040625,0.19750178851577893
2020-02-24,INFOSYS,INFOSYS,800.099975585938,-0.003929308653653402,-0.0039215990215525,-0.25160002550524013
2020-02-25,INFOSYS,INFOSYS,799,-0.001375743576039841,-0.0013747976746686045,-0.1079538348423109
2020-02-26,INFOSYS,INFOSYS,793.950012207031,-0.006340443419105897,-0.006320385222739647,-0.3872340562446833
2020-02-27,INFOSYS,INFOSYS,778,-0.02029397816877725,-0.02008944135247634,-1.1721649478224652
2020-02-28,INFOSYS,INFOSYS,750,-0.0366533176480355,-0.03598971722365039,-2.0924300386002854
2020-03-02,INFOSYS,INFOSYS,737,-0.0174853143410195,-0.017333333333333333,-1.0141686377823815
2020-03-03,INFOSYS,INFOSYS,755,0.024129857059688207,0.024423337856173677,1.3268176554211428
2020-03-04,INFOSYS,INFOSYS,753.900024414062,-0.0014579836476814496,-0.0014569213058780858,-0.11258010151345593
2020-03-05,INFOSYS,INFOSYS,763.75,0.012980744884461812,0.01306536048144241,0.6996444898397639
2020-03-06,INFOSYS,INFOSYS,741,-0.030239885189718235,-0.029787234042553193,-1.7316539809279154
2020-03-09,INFOSYS,INFOSYS,724.5,-0.022518863535349862,-0.022267206477732792,-1.2973218550701668
2020-03-11,INFOSYS,INFOSYS,690.650024414062,-0.0478485432653704,-0.04672184345885156,-2.7221972325678268
2020-03-12,INFOSYS,INFOSYS,668,-0.033345044958720996,-0.03279522712429934,-1.906329134550348
2020-03-13,INFOSYS,INFOSYS,592,-0.12078153865264005,-0.11377245508982035,-6.82491114139413
2020-03-16,INFOSYS,INFOSYS,622,0.049433457855173744,0.05067567567567568,2.750226009565711
2020-03-17,INFOSYS,INFOSYS,588.099975585938,-0.05604313278672364,-0.05450164696794541,-3.183169063326427
2020-03-18,INFOSYS,INFOSYS,568,-0.034775541231304455,-0.03417782081339465,-1.9867991183058316
2020-03-19,INFOSYS,INFOSYS,509.25,-0.10918236361423611,-0.1034330985915493,-6.172420502441474
2020-03-20,INFOSYS,INFOSYS,549.5,0.0760697187367608,0.07903780068728522,4.248600749527207
2020-03-23,INFOSYS,INFOSYS,540,-0.017439634285355967,-0.017288444040036398,-1.0115989887678087
2020-03-24,INFOSYS,INFOSYS,522,-0.03390155167568134,-0.03333333333333333,-1.937634414635238
2020-03-25,INFOSYS,INFOSYS,597,0.13424952550996347,0.14367816091954022,7.521400683134613
2020-03-26,INFOSYS,INFOSYS,615,0.029705154413915694,0.03015075376884422,1.6404459368261899
2020-03-27,INFOSYS,INFOSYS,665.049987792969,0.07823993963772968,0.08138209397230728,4.3706826060086525
2020-03-30,INFOSYS,INFOSYS,625.099975585938,-0.06195060956273191,-0.06007069083575041,-3.5154834980524687
2020-03-31,INFOSYS,INFOSYS,650,0.039060765008167124,0.03983366723174479,2.166728910763907
2020-04-01,INFOSYS,INFOSYS,634.349975585938,-0.02437154878981399,-0.02407696063701853,-1.4015413173561506
2020-04-03,INFOSYS,INFOSYS,603.5,-0.04985477356228266,-0.04863242180697236,-2.8350540938518676
2020-04-07,INFOSYS,INFOSYS,615,0.018876227268931615,0.019055509527754765,1.0312842017365635
2020-04-08,INFOSYS,INFOSYS,630,0.024097551579060524,0.024390243902439025,1.3250003689652838
2020-04-09,INFOSYS,INFOSYS,646.799987792969,0.02631728944441241,0.026666647290426948,1.4498677128302966
2020-04-13,INFOSYS,INFOSYS,629,-0.02790585212955033,-0.027520080595095014,-1.600357167342185
2020-04-15,INFOSYS,INFOSYS,651.400024414062,0.03499267362106261,0.035612121484995304,1.9378857784117232
2020-04-16,INFOSYS,INFOSYS,619.950012207031,-0.04948508100530454,-0.04828064327341787,-2.8142577068743426
2020-04-17,INFOSYS,INFOSYS,644,0.038059876788155055,0.03879343063056112,2.110425751958768
2020-04-20,INFOSYS,INFOSYS,640,-0.006230549750636086,-0.006211180124223602,-0.38105218643762295
2020-04-21,INFOSYS,INFOSYS,627.799987792969,-0.019246551390004463,-0.019062519073485974,-1.1132438464618273
2020-04-22,INFOSYS,INFOSYS,633.200012207031,0.008564722321461842,0.0086015044903805,0.45122911769294577
2020-04-23,INFOSYS,INFOSYS,647.049987792969,0.021637205116835173,0.021872986921878907,1.1865980231202446
2020-04-24,INFOSYS,INFOSYS,668.549987792969,0.032687617399699276,0.03322772645948827,1.8082190045489748
2020-04-27,INFOSYS,INFOSYS,661.049987792969,-0.011281708311727512,-0.011218308483946211,-0.6651959868428658
2020-04-28,INFOSYS,INFOSYS,673,0.017915868154745995,0.018077320063083623,0.9772609345676248
2020-04-29,INFOSYS,INFOSYS,666,-0.01045565910433863,-0.010401188707280832,-0.6187280808624012
2020-04-30,INFOSYS,INFOSYS,700,0.04979066450301561,0.05105105105105105,2.770320024279411
2020-05-04,INFOSYS,INFOSYS,689.799987792969,-0.014678652237143043,-0.014571446010044318,-0.8562849311033117
2020-05-05,INFOSYS,INFOSYS,681.75,-0.011738661080563779,-0.01167003179968892,-0.6909010394109999
2020-05-06,INFOSYS,INFOSYS,676.900024414062,-0.007139434143679023,-0.007114008926935027,-0.43217983615298455
2020-05-07,INFOSYS,INFOSYS,665.549987792969,-0.016909839430259043,-0.01676767057427407,-0.9817963362195471
2020-05-08,INFOSYS,INFOSYS,672.25,0.01001654699721424,0.010066880519747195,0.5328988922409179
2020-05-11,INFOSYS,INFOSYS,682.5,0.015132231910140684,0.015247303830420231,0.8206725060077763
2020-05-12,INFOSYS,INFOSYS,678.5,-0.005878047784190945,-0.005860805860805861,-0.36122282507732506
2020-05-13,INFOSYS,INFOSYS,694.799987792969,0.023739537522896502,0.024023563438421484,1.3048609349549287
2020-05-14,INFOSYS,INFOSYS,659,-0.05290048229531319,-0.05152560221926252,-3.006384936838459
2020-05-15,INFOSYS,INFOSYS,664.799987792969,0.008762690676770964,0.008801195436978722,0.46236546990940736
2020-05-18,INFOSYS,INFOSYS,659.849975585938,-0.007473725715852491,-0.007445866874131996,-0.4509848046789159
2020-05-19,INFOSYS,INFOSYS,664,0.006269650013008056,0.0062893454082147675,0.32212397081591254
2020-05-20,INFOSYS,INFOSYS,668.5,0.0067542470655639905,0.00677710843373494,0.34938410262786457
2020-05-21,INFOSYS,INFOSYS,666.5,-0.0029962569232345275,-0.0029917726252804786,-0.19911288588184625
2020-05-22,INFOSYS,INFOSYS,675,0.012672551253766366,0.012753188297074268,0.6823076138681706
2020-05-26,INFOSYS,INFOSYS,693,0.026317308317373358,0.02666666666666667,1.4498687744946226
2020-05-27,INFOSYS,INFOSYS,686.049987792969,-0.010079505615928125,-0.01002887764362341,-0.5975682458582203
2020-05-28,INFOSYS,INFOSYS,707,0.030080172322597732,0.03053715119859919,1.6615418918440652
2020-05-29,INFOSYS,INFOSYS,692.5,-0.020722427835079178,-0.02050919377652051,-1.1962666098457382
2020-06-01,INFOSYS,INFOSYS,698.75,0.008984786407815257,0.009025270758122744,0.4748590640639869
2020-06-02,INFOSYS,INFOSYS,700.5,0.002501341307752728,0.0025044722719141325,0.11014457170157356
2020-06-03,INFOSYS,INFOSYS,710.700012207031,0.014456051231854831,0.014561045263427583,0.7826351834084195
2020-06-04,INFOSYS,INFOSYS,702,-0.01231701298310548,-0.012241469055296229,-0.7234351809494696
2020-06-05,INFOSYS,INFOSYS,707,0.007097261870761685,0.007122507122507123,0.3686797808698632
2020-06-08,INFOSYS,INFOSYS,707.650024414062,9.189897834682347e-4,9.194121839632889e-4,0.02113224507406127
2020-06-09,INFOSYS,INFOSYS,720,0.017301556330059968,0.017452095188103468,0.9427039325671865
2020-06-10,INFOSYS,INFOSYS,715,-0.006968669316093316,-0.006944444444444444,-0.42257376924795664
2020-06-11,INFOSYS,INFOSYS,712,-0.004204631282031924,-0.004195804195804196,-0.26708780261990867
2020-06-12,INFOSYS,INFOSYS,675.799987792969,-0.052180755194868714,-0.050842713773919974,-2.965897988923137
2020-06-15,INFOSYS,INFOSYS,693,0.02513284297279619,0.025451335480491662,1.3832388161621048
2020-06-16,INFOSYS,INFOSYS,702,0.012903404835907782,0.012987012987012988,0.6952938651159739
2020-06-17,INFOSYS,INFOSYS,699.900024414062,-0.0029959014481030933,-0.00299141821358683,-0.19909288927046023
2020-06-18,INFOSYS,INFOSYS,708.200012207031,0.011789054336795297,0.011858819121941751,0.6326080907591135
2020-06-19,INFOSYS,INFOSYS,709,0.0011289696176240782,0.0011296071437162214,0.03294428133542386
2020-06-22,INFOSYS,INFOSYS,707.099975585938,-0.002683462448961724,-0.0026798651820339144,-0.18151719776580538
2020-06-23,INFOSYS,INFOSYS,695.700012207031,-0.016253513607169433,-0.01612213798969567,-0.9448759126333026
2020-06-24,INFOSYS,INFOSYS,716.900024414062,0.03001784443787512,0.030472921999492766,1.6580357492785316
2020-06-25,INFOSYS,INFOSYS,704.849975585938,-0.016951415334182426,-0.016808548497362456,-0.9841351135917468
2020-06-26,INFOSYS,INFOSYS,710.200012207031,0.007561658117458044,0.00759031965156218,0.3948035528390651
2020-06-29,INFOSYS,INFOSYS,735.400024414062,0.03486796436836778,0.03548297912403435,1.9308704846770615
2020-06-30,INFOSYS,INFOSYS,732.799987792969,-0.0035418053636609016,-0.003535540569453578,-0.22980172791542686
2020-07-01,INFOSYS,INFOSYS,737.25,0.006054250993531568,0.006072615012499485,0.3100070880735922
2020-07-02,INFOSYS,INFOSYS,737.349975585938,1.3559689101646515e-4,1.3560608469034214e-4,-0.022936106964288567
2020-07-03,INFOSYS,INFOSYS,755,0.023655104662622765,0.02393710584995461,1.3001113169203524
2020-07-06,INFOSYS,INFOSYS,765.200012207031,0.013419504269805697,0.013509949943087447,0.724326106484192
2020-07-07,INFOSYS,INFOSYS,769.400024414062,0.005473768530663708,0.005488776973378661,0.2773530957126338
2020-07-08,INFOSYS,INFOSYS,784.900024414062,0.019945330187951835,0.020145567335800453,1.091424655210886
2020-07-09,INFOSYS,INFOSYS,780,-0.006262432553808519,-0.006242864392468297,-0.38284569593676443
2020-07-10,INFOSYS,INFOSYS,773.5,-0.00836824967051658,-0.008333333333333333,-0.501304633874074
2020-07-13,INFOSYS,INFOSYS,788,0.01857241984475825,0.01874595992243051,1.014194063889595
2020-07-14,INFOSYS,INFOSYS,792.950012207031,0.006262093481182926,0.006281741379480993,0.32169889176826294
2020-07-15,INFOSYS,INFOSYS,799,0.007600762427212476,0.0076297215459142816,0.3970032951459958
2020-07-16,INFOSYS,INFOSYS,900.099975585938,0.11914489537304267,0.1265331359023003,6.6717169998940555
2020-07-17,INFOSYS,INFOSYS,911,0.012037056120640986,0.012109793033786561,0.6465589831171564
2020-07-20,INFOSYS,INFOSYS,908.5,-0.0027480094237324255,-0.0027442371020856204,-0.1851481712334143
2020-07-21,INFOSYS,INFOSYS,945,0.0393900396575169,0.040176114474408366,2.1852516613589965
2020-07-22,INFOSYS,INFOSYS,938.950012207031,-0.006422684838802161,-0.006402103484623257,-0.3918603987482079
2020-07-23,INFOSYS,INFOSYS,915.650024414062,-0.02512802040488923,-0.024814939549552415,-1.444095261566472
2020-07-24,INFOSYS,INFOSYS,903.25,-0.013634852222301642,-0.013542318662632051,-0.7975678467962216
2020-07-27,INFOSYS,INFOSYS,921.549987792969,0.02005765172368694,0.020260158087981154,1.0977431003052387
2020-07-28,INFOSYS,INFOSYS,946,0.026185547300441703,0.02653140093418768,1.4424567965011756
2020-07-29,INFOSYS,INFOSYS,953.25,0.007634629685794739,0.00766384778012685,0.3989084365994829
2020-07-30,INFOSYS,INFOSYS,962,0.009137251928033456,0.00917912404930501,0.4834357364890554
2020-07-31,INFOSYS,INFOSYS,969.25,0.0075081258853320395,0.007536382536382537,0.39179219382182373
2020-08-03,INFOSYS,INFOSYS,960,-0.009589292089156534,-0.009543461439257158,-0.5699921694349056
2020-08-04,INFOSYS,INFOSYS,960.450012207031,4.6865288073841916e-4,4.687627156573152e-4,-0.004200643897202194
2020-08-05,INFOSYS,INFOSYS,952,-0.00883690255125518,-0.008797971887796248,-0.527667855102108
2020-08-06,INFOSYS,INFOSYS,953.5,0.0015743902491084376,0.0015756302521008404,0.05800061434856173
2020-08-07,INFOSYS,INFOSYS,969.450012207031,0.01658948792824799,0.016727857584720528,0.902647810908708
2020-08-10,INFOSYS,INFOSYS,948.900024414062,-0.02142546826020532,-0.021197573401629317,-1.2358148789839565
2020-08-11,INFOSYS,INFOSYS,949.900024414062,0.0010532968893380982,0.001053851801318576,0.028687448701453712
2020-08-12,INFOSYS,INFOSYS,948,-0.0020022393428327672,-0.0020002361987874035,-0.14319622249681258
2020-08-13,INFOSYS,INFOSYS,954.799987792969,0.007147379424744246,0.007172982903975714,0.37149905333644423
2020-08-14,INFOSYS,INFOSYS,955.849975585938,0.0010990897535315914,0.0010996939740186174,0.03126344355610124
2020-08-17,INFOSYS,INFOSYS,954.099975585938,-0.0018325092640754498,-0.0018308312441261993,-0.133648363517948
2020-08-18,INFOSYS,INFOSYS,963.900024414062,0.010219117949117841,0.010271511454662412,0.5442941552146385
2020-08-19,INFOSYS,INFOSYS,970.900024414062,0.007235921403563698,0.0072621639409701,0.3764798224120686
2020-08-20,INFOSYS,INFOSYS,958.900024414062,-0.01243668190178061,-0.012359665978216446,-0.7301669397987484
2020-08-21,INFOSYS,INFOSYS,963.049987792969,0.004318499234721565,0.004327837389974806,0.21236550835612825
2020-08-24,INFOSYS,INFOSYS,947,-0.016806225668766564,-0.01666578889612043,-0.9759677312354276
2020-08-25,INFOSYS,INFOSYS,947.5,5.278437705031224e-4,5.279831045406547e-4,-8.709673163354703e-4
2020-08-26,INFOSYS,INFOSYS,941.25,-0.006618157842478117,-0.006596306068601583,-0.40285637946616676
2020-08-27,INFOSYS,INFOSYS,960,0.019724505347778573,0.0199203187250996,1.07900255272651
2020-08-28,INFOSYS,INFOSYS,951.450012207031,-0.00894613488394236,-0.008906237284342684,-0.5338125226593582
2020-08-31,INFOSYS,INFOSYS,935.25,-0.017173276349684054,-0.017026656155537445,-0.9966155042474655
2020-09-01,INFOSYS,INFOSYS,926.25,-0.009669696617958936,-0.009623095429029671,-0.5745151809593688
2020-09-02,INFOSYS,INFOSYS,915,-0.012220111334775333,-0.012145748987854251,-0.7179841537664878
2020-09-03,INFOSYS,INFOSYS,926.5,0.012489980449893148,0.012568306010928962,0.6720374230934887
2020-09-04,INFOSYS,INFOSYS,915,-0.012489980449893174,-0.0124123043712898,-0.7331651533439422
2020-09-07,INFOSYS,INFOSYS,918.900024414062,0.004253263800108665,0.004262321764002235,0.20869580682373529
2020-09-08,INFOSYS,INFOSYS,929.950012207031,0.011953505312051273,0.012025233974735193,0.6418589833067204
2020-09-09,INFOSYS,INFOSYS,935,0.005415694901005707,0.005430386286015467,0.27408626858084295
2020-09-10,INFOSYS,INFOSYS,935.299987792969,3.207911003576606e-4,3.208425593251095e-4,-0.012518341253944045
2020-09-11,INFOSYS,INFOSYS,934.900024414062,-4.277225776857808e-4,-4.276311174243969e-4,-0.05462462609181577
2020-09-14,INFOSYS,INFOSYS,957,0.023363793641595455,0.0236388651286953,1.283724141658773
2020-09-15,INFOSYS,INFOSYS,979.5,0.023238845931641137,0.023510971786833857,1.27669543394173
2020-09-16,INFOSYS,INFOSYS,986,0.00661411721803997,0.006636038795303726,0.3415013511869597
2020-09-17,INFOSYS,INFOSYS,995,0.009086382555957442,0.009127789046653144,0.4805741718537168
2020-09-18,INFOSYS,INFOSYS,1011,0.01595248186187863,0.016080402010050253,0.8668141853374144
2020-09-21,INFOSYS,INFOSYS,1001,-0.009940439705250801,-0.009891196834817012,-0.5897453442627232
2020-09-22,INFOSYS,INFOSYS,1009,0.007960241038388324,0.007992007992007992,0.41722511505295856
2020-09-23,INFOSYS,INFOSYS,1020.15002441406,0.010989957867981608,0.011050569290445985,0.5876563623995765
2020-09-24,INFOSYS,INFOSYS,1003,-0.016954190259655076,-0.016811276776580383,-0.9842912120115656
2020-09-25,INFOSYS,INFOSYS,975.799987792969,-0.02749315308996622,-0.027118656238316073,-1.577141528372878
2020-09-28,INFOSYS,INFOSYS,1014.79998779297,0.039189180824156615,0.039967206894734535,2.173952710521147
2020-09-29,INFOSYS,INFOSYS,1018,0.0031483814143421383,0.0031533427724900957,0.14654264407988407
2020-09-30,INFOSYS,INFOSYS,1009,-0.008880176756859098,-0.008840864440078585,-0.5301021673675219
2020-10-01,INFOSYS,INFOSYS,1020.59997558594,0.01143092435498016,0.011496507022735383,0.6124621355606638
2020-10-05,INFOSYS,INFOSYS,1018.04998779297,-0.0025016448813118906,-0.0024985183754350168,-0.17128937893421875
2020-10-06,INFOSYS,INFOSYS,1055,0.03565174608288956,0.036294889887611426,1.9749607091985888
2020-10-07,INFOSYS,INFOSYS,1044.90002441406,-0.009619556505129237,-0.009573436574350712,-0.5716946394855925
2020-10-08,INFOSYS,INFOSYS,1090,0.04225648581815172,0.04316200070071809,2.3464984121566608
2020-10-09,INFOSYS,INFOSYS,1095.09997558594,0.004667964764614611,0.004678876684348625,0.23202406046322868
2020-10-12,INFOSYS,INFOSYS,1123,0.0251580147506393,0.02547714823857239,1.3846548090541895
2020-10-13,INFOSYS,INFOSYS,1135.55004882812,0.011113482302691524,0.01117546645424755,0.5946050063387605
2020-10-14,INFOSYS,INFOSYS,1162,0.02302550037072191,0.02329263355602527,1.2646940648011662
2020-10-15,INFOSYS,INFOSYS,1180,0.015371780047854002,0.01549053356282272,0.8341478537733695
2020-10-16,INFOSYS,INFOSYS,1113.84997558594,-0.05769197786745234,-0.05605934272377966,-3.275921864857272
2020-10-19,INFOSYS,INFOSYS,1135,0.018810190323245015,0.01898821643635988,1.0275694126465749
2020-10-20,INFOSYS,INFOSYS,1118.90002441406,-0.014286569282129907,-0.014185000516246698,-0.8342290127305022
2020-10-21,INFOSYS,INFOSYS,1141.15002441406,0.019690465610773034,0.019885601496569604,1.0770877088108877
2020-10-22,INFOSYS,INFOSYS,1142,7.44563971809281e-4,7.448412283708563e-4,0.011320236123220662
2020-10-23,INFOSYS,INFOSYS,1133,-0.007912129187949172,-0.00788091068301226,-0.47564640006654685
2020-10-26,INFOSYS,INFOSYS,1122.25,-0.009533383365964841,-0.009488084730803177,-0.5668471252056745
2020-10-27,INFOSYS,INFOSYS,1105.69995117188,-0.014857024274055436,-0.014747203232898194,-0.866318927827295
2020-10-28,INFOSYS,INFOSYS,1095.5,-0.009267694352464922,-0.009224881633638084,-0.551901269693771
2020-10-29,INFOSYS,INFOSYS,1070,-0.023552231579569358,-0.02327704244637152,-1.355452107714308
2020-10-30,INFOSYS,INFOSYS,1072,0.0018674141747954624,0.001869158878504673,0.07448414596756997
2020-11-02,INFOSYS,INFOSYS,1065,-0.006551263487221815,-0.0065298507462686565,-0.39909335834966525
2020-11-03,INFOSYS,INFOSYS,1072,0.006551263487221728,0.006572769953051643,0.33796562809920844
2020-11-04,INFOSYS,INFOSYS,1068,-0.003738322110607104,-0.0037313432835820895,-0.24085642252562814
2020-11-05,INFOSYS,INFOSYS,1109.90002441406,0.03848220263442366,0.039232232597434455,2.134182929548179
2020-11-06,INFOSYS,INFOSYS,1108,-0.0017133548473347946,-0.0017118878928424769,-0.12694554704559316
2020-11-09,INFOSYS,INFOSYS,1129.30004882812,0.01904142665990443,0.019223870783501802,1.0405771950583778
2020-11-10,INFOSYS,INFOSYS,1113.84997558594,-0.013775554374875524,-0.013681105617778562,-0.8054827922238905
2020-11-11,INFOSYS,INFOSYS,1096,-0.016155272084297213,-0.01602547558215821,-0.9393495132283155
2020-11-12,INFOSYS,INFOSYS,1128.09997558594,0.028867591461162044,0.029288298892281024,1.5933303458987422
2020-11-13,INFOSYS,INFOSYS,1120,-0.00720609467998257,-0.0071801930336297,-0.435929704206671
2020-11-14,INFOSYS,INFOSYS,1137,0.015064529461395868,0.015178571428571428,0.8168640270518244
2020-11-17,INFOSYS,INFOSYS,1144.75,0.006793057786668865,0.006816182937554969,0.3515673296356551
2020-11-18,INFOSYS,INFOSYS,1128.5,-0.014296955279614491,-0.014195239135182355,-0.8348132582576573
2020-11-19,INFOSYS,INFOSYS,1100,-0.025579137471128468,-0.02525476295968099,-1.469472037226665
2020-11-20,INFOSYS,INFOSYS,1106,0.005439723295818121,0.005454545454545455,0.27543794252595105
2020-11-23,INFOSYS,INFOSYS,1105,-9.045681304269385e-4,-9.041591320072332e-4,-0.0814487112840523
2020-11-24,INFOSYS,INFOSYS,1145,0.035559302036486926,0.03619909502262444,1.9697604363597951
2020-11-25,INFOSYS,INFOSYS,1137,-0.007011422237803978,-0.0069868995633187774,-0.4249787576296063
2020-11-26,INFOSYS,INFOSYS,1119.94995117188,-0.015109216913543657,-0.014995645407317501,-0.8805055691991169
2020-11-27,INFOSYS,INFOSYS,1118,-0.0017426231219478507,-0.001741105635872063,-0.12859198096353
2020-12-01,INFOSYS,INFOSYS,1105.05004882812,-0.011650747731768692,-0.011583140583076926,-0.6859556327818344
2020-12-02,INFOSYS,INFOSYS,1134,0.025860578304421473,0.02619786425291846,1.4241762526563766
2020-12-03,INFOSYS,INFOSYS,1147,0.011398632841673391,0.01146384479717813,0.6106456348112121
2020-12-04,INFOSYS,INFOSYS,1125,-0.019366802490850203,-0.01918047079337402,-1.1200083549174558
2020-12-07,INFOSYS,INFOSYS,1147.30004882812,0.01962836272573218,0.019822265624995554,1.07359422319601
2020-12-08,INFOSYS,INFOSYS,1145,-0.0020067613759126835,-0.0020047491765291243,-0.14345060129909035
2020-12-09,INFOSYS,INFOSYS,1168.05004882812,0.01993109650587152,0.020131047011458514,1.0906239651372829
2020-12-10,INFOSYS,INFOSYS,1157.40002441406,-0.009159602260590668,-0.009117780890249476,-0.5458207443237127
2020-12-11,INFOSYS,INFOSYS,1159.69995117188,0.0019851776249398072,0.00198714939459618,0.0811087161267014
2020-12-14,INFOSYS,INFOSYS,1169.40002441406,0.008329508760433407,0.008364295637313812,0.4379976037087503
2020-12-15,INFOSYS,INFOSYS,1156,-0.011525047386671504,-0.011458888433642902,-0.6788845869343946
2020-12-16,INFOSYS,INFOSYS,1160,0.0034542348680876036,0.0034602076124567475,0.16374787762446863
2020-12-17,INFOSYS,INFOSYS,1165.90002441406,0.005073336778932919,0.005086227943155172,0.2548275308617988
2020-12-18,INFOSYS,INFOSYS,1182.84997558594,0.014433418139042526,0.014538082868982224,0.781361999656844
2020-12-21,INFOSYS,INFOSYS,1188,0.004344460904204564,0.004353911755807297,0.2138259351755489
2020-12-22,INFOSYS,INFOSYS,1182,-0.005063301956546762,-0.005050505050505051,-0.31539077030589246
2020-12-23,INFOSYS,INFOSYS,1238,0.0462892552784979,0.047377326565143825,2.5733545733248357
2020-12-24,INFOSYS,INFOSYS,1249.90002441406,0.009566393384445131,0.0096122975880937,0.5075763139152977
2020-12-28,INFOSYS,INFOSYS,1238.44995117188,-0.009203009358357012,-0.009160791278124561,-0.5482625321976665
2020-12-29,INFOSYS,INFOSYS,1235,-0.002789588208551979,-0.0027857009228475444,-0.18748711066522397
2020-12-30,INFOSYS,INFOSYS,1253,0.014469705833990692,0.014574898785425101,0.7834032983858015
2020-12-31,INFOSYS,INFOSYS,1243,-0.008012863385357148,-0.007980845969672785,-0.48131302037475776
2021-01-01,INFOSYS,INFOSYS,1257.90002441406,0.011915870742701059,0.011987147557570393,0.6397419185912794
2021-01-04,INFOSYS,INFOSYS,1269,0.00878550546097535,0.008824211281107542,0.4636488743820358
2021-01-05,INFOSYS,INFOSYS,1282,0.010192169766227593,0.01024428684003152,0.5427782338655379
2021-01-06,INFOSYS,INFOSYS,1300,0.013942905969012667,0.014040561622464899,0.7537691235965069
2021-01-07,INFOSYS,INFOSYS,1296,-0.003081666537408112,-0.003076923076923077,-0.20391744944264328
2021-01-08,INFOSYS,INFOSYS,1278.25,-0.0137906429521114,-0.013695987654320988,-0.806331572880181
2021-01-11,INFOSYS,INFOSYS,1342.09997558594,0.04874357825271189,0.04995108592680618,2.7114180787326676
2021-01-12,INFOSYS,INFOSYS,1378,0.026397639360783355,0.026749143183902233,1.4543876522310806
2021-01-13,INFOSYS,INFOSYS,1373.84997558594,-0.0030161728270404133,-0.0030116287475036277,-0.20023321907421526
2021-01-14,INFOSYS,INFOSYS,1360,-0.010132300016465772,-0.010081141195954135,-0.6005380994922829
2021-01-15,INFOSYS,INFOSYS,1360,0,0,-0.030563865125225968
2021-01-18,INFOSYS,INFOSYS,1338,-0.01630873804192399,-0.016176470588235296,-0.9479824634526062
2021-01-19,INFOSYS,INFOSYS,1320,-0.01354422510775726,-0.013452914798206279,-0.7924697821769954
2021-01-20,INFOSYS,INFOSYS,1320.55004882812,4.1661686080915776e-4,4.16703657666665e-4,-0.007127836200084186
2021-01-21,INFOSYS,INFOSYS,1350,0.022056238991249442,0.022301276046306932,1.2101700167796314
2021-01-22,INFOSYS,INFOSYS,1327,-0.01718383710026766,-0.017037037037037038,-0.9972095801945309
2021-01-25,INFOSYS,INFOSYS,1345,0.013473257703731865,0.013564431047475508,0.7273499088091211
2021-01-27,INFOSYS,INFOSYS,1319.59997558594,-0.01906537118261966,-0.01888477651602974,-1.1030518811806178
2021-01-28,INFOSYS,INFOSYS,1291.80004882812,-0.02129200945643442,-0.021066934883411197,-1.2283073950587624
2021-01-29,INFOSYS,INFOSYS,1286.25,-0.004305624248625924,-0.0042963683374643204,-0.27276897952123685
2021-02-01,INFOSYS,INFOSYS,1250.55004882812,-0.028147514578211987,-0.027755064079206998,-1.6139514518508706
2021-02-02,INFOSYS,INFOSYS,1280,0.023276584343615347,0.023549598194392386,1.278818340136402
2021-02-03,INFOSYS,INFOSYS,1277.65002441406,-0.0018376057903078545,-0.001835918426515626,-0.13393505939475048
2021-02-04,INFOSYS,INFOSYS,1285,0.0057362462059651065,0.005752729969469343,0.2921183031951638
2021-02-05,INFOSYS,INFOSYS,1286.40002441406,0.0010889200739730605,0.0010895131626926062,0.03069136660311798
2021-02-08,INFOSYS,INFOSYS,1285.5,-6.998906973490302e-4,-6.996458309847665e-4,-0.06993495201703372
2021-02-09,INFOSYS,INFOSYS,1306.90002441406,0.016510191577939665,0.016647237972819914,0.8981871379636076
2021-02-10,INFOSYS,INFOSYS,1295.80004882812,-0.008529636586193943,-0.008493362444397077,-0.5103831632850252
2021-02-11,INFOSYS,INFOSYS,1289,-0.005261578758502368,-0.005247760898195477,-0.32654447363127176
2021-02-12,INFOSYS,INFOSYS,1305,0.012336316817606321,0.012412723041117145,0.6633933530382777
2021-02-15,INFOSYS,INFOSYS,1320,0.01142869582362285,0.011494252873563218,0.6123367735547932
2021-02-16,INFOSYS,INFOSYS,1314,-0.004555816535860691,-0.004545454545454545,-0.2868430946904914
2021-02-17,INFOSYS,INFOSYS,1290.40002441406,-0.018123653313795552,-0.017960407599649925,-1.050077243595812
2021-02-18,INFOSYS,INFOSYS,1276,-0.011222081826025047,-0.011159349148802681,-0.661841806599384
2021-02-19,INFOSYS,INFOSYS,1296.09997558594,0.01562955168803817,0.015752331963902824,0.8486483317513953
2021-02-22,INFOSYS,INFOSYS,1295,-8.490414591352757e-4,-8.486811254222305e-4,-0.07832515869431601
2021-02-23,INFOSYS,INFOSYS,1271.15002441406,-0.018588673392195856,-0.018416969564432433,-1.076236108090625
2021-02-24,INFOSYS,INFOSYS,1260.05004882812,-0.008770580292629478,-0.00873223095051787,-0.5239370162481215
2021-02-25,INFOSYS,INFOSYS,1288.44995117188,0.02228846618209261,0.022538709768054586,1.2232335379036552
2021-02-26,INFOSYS,INFOSYS,1269,-0.01521071891651784,-0.015095620248337738,-0.8862153810224853
2021-03-01,INFOSYS,INFOSYS,1263.30004882812,-0.0045018052271499215,-0.004491687290685581,-0.2838047860853815
2021-03-02,INFOSYS,INFOSYS,1282.25,0.01488896378214006,0.015000356557777877,0.8069878969083877
2021-03-03,INFOSYS,INFOSYS,1319.19995117188,0.02840910796257826,0.02881649535728602,1.5675391848937827
2021-03-04,INFOSYS,INFOSYS,1335,0.011905836602393924,0.011976993187487916,0.6391774661540444
2021-03-05,INFOSYS,INFOSYS,1328.5,-0.004880805634481654,-0.0048689138576779025,-0.30512476937078137
2021-03-08,INFOSYS,INFOSYS,1324.80004882812,-0.0027889447118989493,-0.0027850592185773445,-0.18745091192342472
2021-03-09,INFOSYS,INFOSYS,1329.5,0.003541390195105326,0.0035476683262787045,0.16865064310784447
2021-03-10,INFOSYS,INFOSYS,1356.90002441406,0.02039977246135962,0.020609269961684842,1.1169884843936677
2021-03-12,INFOSYS,INFOSYS,1373,0.011795422623537043,0.01186526294956206,0.6329663272260516
2021-03-15,INFOSYS,INFOSYS,1370,-0.0021873869458004,-0.0021849963583394027,-0.15361136644980242
2021-03-16,INFOSYS,INFOSYS,1386.05004882812,0.011647270541316743,0.011715364108116787,0.6246322994637297
2021-03-17,INFOSYS,INFOSYS,1392.25,0.004463133106290476,0.004473107718672892,0.22050162553357716
2021-03-18,INFOSYS,INFOSYS,1393.75,0.0010768127386508147,0.0010773927096426647,0.030010290325342172
2021-03-19,INFOSYS,INFOSYS,1330,-0.04681901399262944,-0.045739910313901344,-2.6642829230788263
2021-03-22,INFOSYS,INFOSYS,1350.09997558594,0.014999703464251469,0.015112763598451128,0.8132173576846111
2021-03-23,INFOSYS,INFOSYS,1372.44995117188,0.016418782590214988,0.01655431152514477,0.8930450904810052
2021-03-24,INFOSYS,INFOSYS,1357.84997558594,-0.010694879786093429,-0.010637892896184423,-0.6321850081845668
2021-03-25,INFOSYS,INFOSYS,1346.75,-0.008208265923529313,-0.008174670092806192,-0.49230503718309027
2021-03-26,INFOSYS,INFOSYS,1344.69995117188,-0.0015233790423536638,-0.00152221928948951,-0.11625880131003262
2021-03-30,INFOSYS,INFOSYS,1346.90002441406,0.0016347702125912768,0.001636107177859771,0.06139718012349092
2021-03-31,INFOSYS,INFOSYS,1382,0.025726051596734436,0.026059822518163137,1.4166086957254493
2021-04-01,INFOSYS,INFOSYS,1380,-0.001448226176364875,-0.001447178002894356,-0.112031212590508
2021-04-05,INFOSYS,INFOSYS,1391,0.007939413772192525,0.007971014492753623,0.4160535148156365
2021-04-06,INFOSYS,INFOSYS,1423,0.02274440616640956,0.023005032350826744,1.2488816181081563
2021-04-07,INFOSYS,INFOSYS,1410.25,-0.009000325469766925,-0.008959943780744906,-0.5368609161746573
2021-04-08,INFOSYS,INFOSYS,1430,0.01390745063386741,0.0140046091118596,0.7517746477646815
2021-04-09,INFOSYS,INFOSYS,1455,0.01733145635163994,0.017482517482517484,0.944385904269555
2021-04-12,INFOSYS,INFOSYS,1474,0.01297389314368898,0.013058419243986255,0.6992590575396218
2021-04-13,INFOSYS,INFOSYS,1433,-0.028209644921110104,-0.027815468113975575,-1.6174464820579084
2021-04-15,INFOSYS,INFOSYS,1332.30004882812,-0.07286334021251294,-0.07027212224136777,-4.129359447921196
2021-04-16,INFOSYS,INFOSYS,1365,0.024247620003401155,0.024543984067735048,1.3334421970918908
2021-04-19,INFOSYS,INFOSYS,1340,-0.018484814674103102,-0.018315018315018316,-1.0703937235154486
2021-04-20,INFOSYS,INFOSYS,1379,0.0286889848483447,0.029104477611940297,1.5832831535309655
2021-04-22,INFOSYS,INFOSYS,1355.55004882812,-0.017151286756336034,-0.017005040733778103,-0.9953785193958313
2021-04-23,INFOSYS,INFOSYS,1343,-0.00930139451372814,-0.009258270352296899,-0.5537970113894208
2021-04-26,INFOSYS,INFOSYS,1332.25,-0.008036675346345952,-0.00800446760982874,-0.48265251922608626
2021-04-27,INFOSYS,INFOSYS,1346,0.010267989027781548,0.010320885719647213,0.5470433094637992
2021-04-28,INFOSYS,INFOSYS,1358,0.008875797913968291,0.008915304606240713,0.4687281132202207
2021-04-29,INFOSYS,INFOSYS,1368,0.007336790063854308,0.007363770250368188,0.3821540066868474
2021-04-30,INFOSYS,INFOSYS,1346.30004882812,-0.015989693928927285,-0.01586253740634503,-0.9300352131995444
2021-05-03,INFOSYS,INFOSYS,1340.80004882812,-0.004093638108596576,-0.004085270593867576,-0.2608440821471656
2021-05-04,INFOSYS,INFOSYS,1354,0.009796687327248484,0.009844831959408835,0.5205310836630748
2021-05-05,INFOSYS,INFOSYS,1341.09997558594,-0.00957301995982982,-0.009527344471240767,-0.5690768101937221
2021-05-06,INFOSYS,INFOSYS,1345,0.0029038585235488853,0.0029080788047558042,0.1327874505662086
2021-05-07,INFOSYS,INFOSYS,1365.30004882812,0.014980207418422136,0.01509297310640892,0.8121206428442787
2021-05-10,INFOSYS,INFOSYS,1349.84997558594,-0.011380763392793116,-0.011316247483797632,-0.6707681514944045
2021-05-11,INFOSYS,INFOSYS,1336.90002441406,-0.00963993781079691,-0.009593622555172262,-0.5728411530189912
2021-05-12,INFOSYS,INFOSYS,1330,-0.005174577034972164,-0.0051612119740099185,-0.3216503488346158
2021-05-14,INFOSYS,INFOSYS,1326.84997558594,-0.0023712485981574848,-0.002368439409067668,-0.16395417157414624
2021-05-17,INFOSYS,INFOSYS,1320.30004882812,-0.004948673149892268,-0.004936448640267367,-0.30894253385384013
2021-05-18,INFOSYS,INFOSYS,1338,0.013316941220424245,0.013406006602506933,0.7185566074118646
2021-05-19,INFOSYS,INFOSYS,1342,0.0029850768434532774,0.0029895366218236174,0.13735624043907615
2021-05-20,INFOSYS,INFOSYS,1348.40002441406,0.004757683934226148,0.004769019682608047,0.23707105028037595
2021-05-21,INFOSYS,INFOSYS,1347.5,-6.676986827011218e-4,-6.674758215397539e-4,-0.06812404838490116
2021-05-24,INFOSYS,INFOSYS,1356.65002441406,0.006767419893474937,0.006790370622679035,0.3501251162665043
2021-05-25,INFOSYS,INFOSYS,1358,9.94585442014284e-4,9.950802061298443e-4,0.025384742289030947
2021-05-26,INFOSYS,INFOSYS,1367.90002441406,0.007263705824596796,0.007290150525817378,0.37804278482730863
2021-05-27,INFOSYS,INFOSYS,1404.19995117188,0.026190975866999897,0.026536973543347275,1.4427621707067055
2021-05-28,INFOSYS,INFOSYS,1409.75,0.003944672877053564,0.00395246333934721,0.19133658188812128
2021-05-31,INFOSYS,INFOSYS,1401.5,-0.005869292082448528,-0.005852101436424898,-0.3607302888921677
2021-06-01,INFOSYS,INFOSYS,1400,-0.0010708550014929777,-0.0010702818408847663,-0.090802878834079
2021-06-02,INFOSYS,INFOSYS,1380.75,-0.013845406822053095,-0.01375,-0.8094122154579045
2021-06-03,INFOSYS,INFOSYS,1388.09997558594,0.00530905821165318,0.005323176234611625,0.26808761425059496
2021-06-04,INFOSYS,INFOSYS,1393.94995117188,0.004205520649904976,0.004214376261674257,0.20601010215259477
2021-06-07,INFOSYS,INFOSYS,1391,-0.0021184957194123454,-0.002116253291160136,-0.1497360149549465
2021-06-08,INFOSYS,INFOSYS,1396,0.0035880913988748475,0.0035945363048166786,0.17127773496451038
2021-06-09,INFOSYS,INFOSYS,1413.40002441406,0.012387162207720287,0.012464200869670487,0.6662535686116625
2021-06-10,INFOSYS,INFOSYS,1424,0.007471646441882983,0.007499628840274241,0.3897401086273246
2021-06-11,INFOSYS,INFOSYS,1430.09997558594,0.004274541835393089,0.004283690720463484,0.20989276426186537
2021-06-14,INFOSYS,INFOSYS,1471,0.0281980867941235,0.028599416203264012,1.5556685702525084
2021-06-15,INFOSYS,INFOSYS,1464,-0.004770026080180634,-0.004758667573079538,-0.29889306565655677
2021-06-16,INFOSYS,INFOSYS,1472.69995117188,0.005925002055348863,0.00594258959827869,0.3027364225323306
2021-06-17,INFOSYS,INFOSYS,1475.09997558594,0.0016283499586144795,0.0016296764403028693,0.06103602033361891
2021-06-18,INFOSYS,INFOSYS,1509,0.022721412232628704,0.022981509711295475,1.2475881358997207
2021-06-21,INFOSYS,INFOSYS,1493,-0.010659661228658537,-0.010603048376408217,-0.630203851855121
2021-06-22,INFOSYS,INFOSYS,1509.69995117188,0.011123404691570304,0.011185499780227731,0.5951631724012619
2021-06-23,INFOSYS,INFOSYS,1525,0.010083486810751333,0.010134496471463474,0.5366644705308891
2021-06-24,INFOSYS,INFOSYS,1517,-0.005259709692979729,-0.005245901639344262,-0.326439332726589
2021-06-25,INFOSYS,INFOSYS,1572,0.035613993640619616,0.03625576796308504,1.9728370137549747
2021-06-28,INFOSYS,INFOSYS,1572.90002441406,5.723707791308752e-4,5.72534614541984e-4,0.0016338191201118776
2021-06-29,INFOSYS,INFOSYS,1561,-0.007594423252850716,-0.0075656584839160525,-0.4577744265938568
2021-06-30,INFOSYS,INFOSYS,1572.05004882812,0.007053889643832903,0.007078826923843689,0.3662399545918855
2021-07-01,INFOSYS,INFOSYS,1576.84997558594,0.003048639485680009,0.0030532913130838896,0.14093184205752937
2021-07-02,INFOSYS,INFOSYS,1558.94995117188,-0.011416684263563593,-0.011351761227258507,-0.6727888151918797
2021-07-05,INFOSYS,INFOSYS,1569.15002441406,0.006521600635278192,0.0065429125768357655,0.33629699794631274
2021-07-06,INFOSYS,INFOSYS,1573.69995117188,0.002895416562567502,0.0028996123296234867,0.13231256330081959
2021-07-07,INFOSYS,INFOSYS,1566.05004882812,-0.004872946878820253,-0.0048610933348910545,-0.3046826892671617
2021-07-08,INFOSYS,INFOSYS,1568,0.0012443652099461745,0.0012451397535724715,0.03943565193008
2021-07-09,INFOSYS,INFOSYS,1556,-0.007682496172016282,-0.007653061224489796,-0.4627288095659646
2021-07-12,INFOSYS,INFOSYS,1570.55004882812,0.009307481817987314,0.009350931123470435,0.49301171144391887
2021-07-13,INFOSYS,INFOSYS,1556.40002441406,-0.009050429759688238,-0.009009597895092975,-0.539679442495433
2021-07-14,INFOSYS,INFOSYS,1554,-0.0015432258690431246,-0.0015420357083093335,-0.11737524869399855
2021-07-15,INFOSYS,INFOSYS,1557.90002441406,0.002506524261924247,0.0025096682201158293,0.11043612942596687
2021-07-16,INFOSYS,INFOSYS,1573.75,0.010122530169039863,0.0101739362844553,0.5388607841232087
2021-07-19,INFOSYS,INFOSYS,1544.69995117188,-0.018631621248451073,-0.01845912554606513,-1.0786520621629476
2021-07-20,INFOSYS,INFOSYS,1538.30004882812,-0.004151742806790049,-0.004143136237496963,-0.26411265698329695
2021-07-22,INFOSYS,INFOSYS,1561.40002441406,0.014904928018880822,0.015016560393102509,0.8078859362083278
2021-07-23,INFOSYS,INFOSYS,1588.55004882812,0.017238810864990326,0.01738825668601387,0.9391742997735507
2021-07-26,INFOSYS,INFOSYS,1594.09997558594,0.0034876171371515836,0.0034937059502243616,0.16562573686869322
2021-07-27,INFOSYS,INFOSYS,1605,0.006814458239777983,0.00683772949061962,0.3527711734673769
2021-07-28,INFOSYS,INFOSYS,1605.09997558594,6.228814475105809e-5,6.229008469782001e-5,-0.027059958060005412
2021-07-29,INFOSYS,INFOSYS,1600.09997558594,-0.0031199326918723317,-0.00311507075948634,-0.2060700428377728
2021-07-30,INFOSYS,INFOSYS,1610,0.006168066961513694,0.006187128657654477,0.316409599754448
2021-08-02,INFOSYS,INFOSYS,1627.44995117188,0.010780163663241171,0.010838478988745343,0.5758547683856553
2021-08-03,INFOSYS,INFOSYS,1647,0.011941108535890345,0.01201268820220405,0.6411616250574125
2021-08-04,INFOSYS,INFOSYS,1669.09997558594,0.01332909317965099,0.013418321545804494,0.7192401939267791
2021-08-05,INFOSYS,INFOSYS,1649.5,-0.011812332688655081,-0.011742840975753654,-0.6950453026432563
2021-08-06,INFOSYS,INFOSYS,1657,0.004536526757926851,0.004546832373446499,0.2246302528275642
2021-08-09,INFOSYS,INFOSYS,1661,0.002411092186731995,0.0024140012070006035,0.10506777042520997
2021-08-10,INFOSYS,INFOSYS,1668,0.004205473305397156,0.004214328717639976,0.2060074388728308
2021-08-11,INFOSYS,INFOSYS,1674.80004882812,0.0040684803808933336,0.004076767882565946,0.198301149369867
2021-08-12,INFOSYS,INFOSYS,1679.15002441406,0.0025939432192068684,0.002597310400715439,0.115353724953671
2021-08-13,INFOSYS,INFOSYS,1697,0.010574258715434154,0.010630363771199513,0.5642719574949421
2021-08-16,INFOSYS,INFOSYS,1707.69995117188,0.006285421066052072,0.006305215776004716,0.3230111429159606
2021-08-17,INFOSYS,INFOSYS,1703.90002441406,-0.0022276517507442547,-0.0022251723759858216,-0.15587639031728728
2021-08-18,INFOSYS,INFOSYS,1729,0.014623451133756217,0.014730896899054522,0.7920519624975019
2021-08-20,INFOSYS,INFOSYS,1716.09997558594,-0.007488946501511853,-0.007460974212874494,-0.4518410224812472
2021-08-23,INFOSYS,INFOSYS,1735.75,0.011385336451604182,0.011450396068766772,0.6098976704065628
2021-08-24,INFOSYS,INFOSYS,1750,0.008176191284176904,0.00820970761918479,0.4293730060357265
2021-08-25,INFOSYS,INFOSYS,1718,-0.01845496437335901,-0.018285714285714287,-1.0687145487688865
2021-08-26,INFOSYS,INFOSYS,1734,0.00927005479628651,0.009313154831199068,0.49090632194657985
2021-08-27,INFOSYS,INFOSYS,1725,-0.005203827875026998,-0.005190311418685121,-0.3232958020029738
2021-08-30,INFOSYS,INFOSYS,1703.05004882812,-0.012806260609758723,-0.0127246093750029,-0.7509569224064354
2021-08-31,INFOSYS,INFOSYS,1700.15002441406,-0.0017042930498362067,-0.0017028415671374573,-0.1264357919966059
2021-09-01,INFOSYS,INFOSYS,1709.5,0.00548443327349098,0.005499500309781414,0.27795302155551427
2021-09-02,INFOSYS,INFOSYS,1677.34997558594,-0.01898577756469746,-0.018806682897958466,-1.0985744859828852
2021-09-03,INFOSYS,INFOSYS,1696.05004882812,0.011086894324021246,0.011148581699920791,0.5931093476273788
2021-09-06,INFOSYS,INFOSYS,1705.15002441406,0.005351050866655102,0.005365393310313925,0.2704498352018957
2021-09-07,INFOSYS,INFOSYS,1730,0.014468310786489707,0.014573483406235288,0.7833248225086573
2021-09-08,INFOSYS,INFOSYS,1700.84997558594,-0.01699329675990102,-0.01684972509483237,-0.9864910775406392
2021-09-09,INFOSYS,INFOSYS,1685.90002441406,-0.008828551428846707,-0.008789694203764074,-0.5271980777965466
2021-09-13,INFOSYS,INFOSYS,1683,-0.0017216451122709223,-0.0017201639314691343,-0.12741190092398114
2021-09-14,INFOSYS,INFOSYS,1695.94995117188,0.007665111803375509,0.0076945639761616174,0.4006231530608738
2021-09-15,INFOSYS,INFOSYS,1693.25,-0.0015932678991684122,-0.0015919993216865686,-0.12019027270241545
2021-09-16,INFOSYS,INFOSYS,1715.19995117188,0.01287990431358236,0.012963207542820022,0.693971885684069
2021-09-17,INFOSYS,INFOSYS,1697,-0.010667677174369006,-0.010610979296871603,-0.6306547744010017
2021-09-20,INFOSYS,INFOSYS,1685,-0.007096422447764179,-0.007071302298173247,-0.42976029089593015
2021-09-21,INFOSYS,INFOSYS,1700,0.008862687257845324,0.008902077151335312,0.4679905969432062
2021-09-22,INFOSYS,INFOSYS,1717,0.009950330853168092,0.01,0.5291740226709181
2021-09-23,INFOSYS,INFOSYS,1732,0.008698228224904864,0.008736167734420501,0.4587392511251141
2021-09-24,INFOSYS,INFOSYS,1758,0.014899989122741797,0.015011547344110854,0.8076081075276842
2021-09-27,INFOSYS,INFOSYS,1768.75,0.006096283146425419,0.006114903299203641,0.3123715309074541
2021-09-28,INFOSYS,INFOSYS,1710,-0.03377971189484227,-0.033215547703180213,-1.9307805378563876
2021-09-29,INFOSYS,INFOSYS,1659.25,-0.030127677470671178,-0.029678362573099415,-1.7253419383857496
2021-09-30,INFOSYS,INFOSYS,1703,0.026025708636653943,0.02636733463914419,1.4334653612035009
2021-10-01,INFOSYS,INFOSYS,1665.09997558594,-0.022506234653835756,-0.022254858728162068,-1.2966114401534927
2021-10-04,INFOSYS,INFOSYS,1672.5,0.0044343459935310935,0.004444192254255465,0.21888225850654452
2021-10-05,INFOSYS,INFOSYS,1671,-8.972634069897823e-4,-8.968609865470852e-4,-0.08103779726239975
2021-10-06,INFOSYS,INFOSYS,1702.09997558594,0.018440518875040283,0.018611595204033514,1.006774213104966
2021-10-07,INFOSYS,INFOSYS,1687,-0.008910964924465609,-0.008871379943908351,-0.5318341001202599
2021-10-08,INFOSYS,INFOSYS,1705.25,0.010759923988860375,0.010818020154119739,0.5747162220644562
2021-10-11,INFOSYS,INFOSYS,1682,-0.013728166001935325,-0.013634364462688755,-0.8028170449068355
2021-10-12,INFOSYS,INFOSYS,1677,-0.0029770787096845036,-0.002972651605231867,-0.19803405012225178
2021-10-13,INFOSYS,INFOSYS,1695.94995117188,0.011236544170972623,0.011299911253357187,0.6015276294390746
2021-10-14,INFOSYS,INFOSYS,1754,0.03365586693794677,0.03422863321409228,1.8626861332701956
2021-10-18,INFOSYS,INFOSYS,1740,-0.008013780723553656,-0.00798175598631699,-0.48136462357791604
2021-10-19,INFOSYS,INFOSYS,1814,0.04164923846650725,0.04252873563218391,2.3123388093258606
2021-10-20,INFOSYS,INFOSYS,1829.40002441406,0.008453705892573993,0.008489539368280043,0.4449840890267311
2021-10-21,INFOSYS,INFOSYS,1814,-0.008453705892574027,-0.00841807379935533,-0.506111819277185
2021-10-22,INFOSYS,INFOSYS,1749.90002441406,-0.03597569429569167,-0.03533625997019846,-2.054311560977854
2021-10-25,INFOSYS,INFOSYS,1722.05004882812,-0.01604318745395823,-0.015915180980276483,-0.9330443948190739
2021-10-26,INFOSYS,INFOSYS,1710.05004882812,-0.006992831536497336,-0.006968438581774191,-0.423932971309977
2021-10-27,INFOSYS,INFOSYS,1709.09997558594,-5.557365192215136e-4,-5.555821262840069e-4,-0.06182581912760876
2021-10-28,INFOSYS,INFOSYS,1719.34997558594,0.0059793963366174905,0.005997308610624687,0.3057962745668784
2021-10-29,INFOSYS,INFOSYS,1699,-0.011906455534398652,-0.011835854174485273,-0.7003400133063791
2021-11-01,INFOSYS,INFOSYS,1677.5,-0.012735252826095115,-0.012654502648616834,-0.7469625078054075
2021-11-02,INFOSYS,INFOSYS,1695,0.010378150968713688,0.010432190760059613,0.5532402704536188
2021-11-03,INFOSYS,INFOSYS,1709,0.008225663301040282,0.008259587020648967,0.4321559649777707
2021-11-04,INFOSYS,INFOSYS,1715,0.003504676484449422,0.003510825043885313,0.16658537963480613
2021-11-08,INFOSYS,INFOSYS,1730,0.008708327891784414,0.008746355685131196,0.4593073896413126
2021-11-09,INFOSYS,INFOSYS,1734.75,0.0027419022878336975,0.002745664739884393,0.12367689508495336
2021-11-10,INFOSYS,INFOSYS,1726,-0.005056718136284943,-0.0050439544602968725,-0.3150204093901238
2021-11-11,INFOSYS,INFOSYS,1732.94995117188,0.004018537777463019,0.004026622926929318,0.19549171843057075
2021-11-12,INFOSYS,INFOSYS,1743,0.0057826360991846725,0.005799387813435588,0.29472788283919554
2021-11-15,INFOSYS,INFOSYS,1782.09997558594,0.022184663959431097,0.022432573485909352,1.2173943313769093
2021-11-16,INFOSYS,INFOSYS,1790,0.004423189355348835,0.004432986096339817,0.21825466197903257
2021-11-17,INFOSYS,INFOSYS,1792.55004882812,0.0014235944922076948,0.0014246082838659205,0.04951787144264434
2021-11-18,INFOSYS,INFOSYS,1781.59997558594,-0.00612739108729706,-0.0061086569099359925,-0.3752491821780333
2021-11-22,INFOSYS,INFOSYS,1784,0.0013462109002432693,0.0013471174488934694,0.045164797262959626
2021-11-23,INFOSYS,INFOSYS,1735.09997558594,-0.027792999603022096,-0.027410327586356503,-1.5940088523199505
2021-11-24,INFOSYS,INFOSYS,1740,0.002820078671642124,0.002824058834076849,0.1280745663377175
2021-11-25,INFOSYS,INFOSYS,1700,-0.023256862164267235,-0.022988505747126436,-1.3388366348139116
2021-11-26,INFOSYS,INFOSYS,1702.55004882812,0.0014989048031399813,0.0015000287224235282,0.05375431694305576
2021-11-29,INFOSYS,INFOSYS,1691,-0.006807085948867046,-0.0067839702193013334,-0.41348418880999316
2021-11-30,INFOSYS,INFOSYS,1704.55004882812,0.00798110501047065,0.00801303892851567,0.41839878011362136
2021-12-01,INFOSYS,INFOSYS,1715,0.0061119056909891825,0.006130621496895533,0.3132503489312124
2021-12-02,INFOSYS,INFOSYS,1715,0,0,-0.030563865125225968
2021-12-03,INFOSYS,INFOSYS,1771.09997558594,0.03218772807785861,0.032711356026787174,1.7800986337524745
2021-12-06,INFOSYS,INFOSYS,1730,-0.02347940018607434,-0.023205903761781,-1.351355109236396
2021-12-07,INFOSYS,INFOSYS,1701.09997558594,-0.01684632222821279,-0.01670521642431214,-0.9782232907563633
2021-12-08,INFOSYS,INFOSYS,1733,0.01857892445199417,0.018752586486324597,1.0145599688196827
2021-12-09,INFOSYS,INFOSYS,1759,0.014891455021952124,0.015002885170225043,0.8071280371038219
2021-12-10,INFOSYS,INFOSYS,1760,5.683432946392053e-4,5.685048322910744e-4,0.001407260255309784
2021-12-13,INFOSYS,INFOSYS,1767.05004882812,0.003997708067542755,0.0040057095614318165,0.19431998072594328
2021-12-14,INFOSYS,INFOSYS,1730.90002441406,-0.020669998562551493,-0.02045783843985298,-1.1933172958283063
2021-12-15,INFOSYS,INFOSYS,1745,0.008113037099338907,0.008146036967509485,0.4258203814498362
2021-12-16,INFOSYS,INFOSYS,1762.65002441406,0.010063816662302128,0.010114627171381087,0.5355579618621759
2021-12-17,INFOSYS,INFOSYS,1820,0.032018128772011205,0.03253622374924045,1.770558131167428
2021-12-20,INFOSYS,INFOSYS,1801.69995117188,-0.010105864550324726,-0.010054971883582417,-0.5990510200977334
2021-12-21,INFOSYS,INFOSYS,1801,-3.885703445602185e-4,-3.884948608810989e-4,-0.05242218794221124
2021-12-22,INFOSYS,INFOSYS,1825,0.013237920840635789,0.013325930038867296,0.7141114586898442
2021-12-23,INFOSYS,INFOSYS,1831.25,0.003418806748785461,0.003424657534246575,0.16175493277073472
2021-12-24,INFOSYS,INFOSYS,1872.94995117188,0.022515908110737403,0.022771304394200685,1.2360278727468412
2021-12-27,INFOSYS,INFOSYS,1860,-0.006938214168868033,-0.006914200330754908,-0.42086056995519416
2021-12-28,INFOSYS,INFOSYS,1880.69995117188,0.011067534278047993,0.011129006006387098,0.5920202832132789
2021-12-29,INFOSYS,INFOSYS,1883.5,0.001487726146800839,0.0014888333603535555,0.05312548182390209
2021-12-30,INFOSYS,INFOSYS,1884.5,5.307855750943978e-4,5.309264666843643e-4,-7.054814131501319e-4
2021-12-31,INFOSYS,INFOSYS,1890,0.002914295346497993,0.0029185460334306182,0.13337455518805902
2022-01-03,INFOSYS,INFOSYS,1887.75,-0.001191185370153118,-0.0011904761904761906,-0.09757184635741653
2022-01-04,INFOSYS,INFOSYS,1898.44995117188,0.005652094340003579,0.005668097561583897,0.2873844919880307
2022-01-05,INFOSYS,INFOSYS,1900,8.161481309932838e-4,8.164812705034334e-4,0.015347073687979553
2022-01-06,INFOSYS,INFOSYS,1828,-0.03863141314043656,-0.037894736842105266,-2.2037042272794607
2022-01-07,INFOSYS,INFOSYS,1815.44995117188,-0.006889129057250186,-0.006865453407067832,-0.4180993756688289
2022-01-10,INFOSYS,INFOSYS,1815,-2.478762578939103e-4,-2.4784553911252525e-4,-0.0445076962476026
2022-01-11,INFOSYS,INFOSYS,1855,0.02179922834258436,0.02203856749311295,1.1957123470048514
2022-01-12,INFOSYS,INFOSYS,1868.90002441406,0.007465339498052704,0.007493274616743935,0.3893853228950607
2022-01-13,INFOSYS,INFOSYS,1905,0.019131973021213205,0.01931616197461291,1.0456707170502082
2022-01-14,INFOSYS,INFOSYS,1882,-0.01214696741547638,-0.012073490813648294,-0.7138695747140243
2022-01-17,INFOSYS,INFOSYS,1938.55004882812,0.02960525496000636,0.030047847411328373,1.6348262735056085
2022-01-18,INFOSYS,INFOSYS,1922.09997558594,-0.008521970494009509,-0.008485761433977055,-0.5099519211172736
2022-01-19,INFOSYS,INFOSYS,1916,-0.0031786460805159505,-0.0031735995335416736,-0.20937285845563436
2022-01-20,INFOSYS,INFOSYS,1844,-0.03830255441426675,-0.037578288100208766,-2.185204873691533
2022-01-21,INFOSYS,INFOSYS,1795,-0.02693210319415986,-0.026572668112798264,-1.5455806799688363
2022-01-24,INFOSYS,INFOSYS,1765,-0.016854331554982074,-0.016713091922005572,-0.9786738409656642
2022-01-25,INFOSYS,INFOSYS,1726.59997558594,-0.021996547705937883,-0.021756387770005665,-1.2679399216016463
2022-01-27,INFOSYS,INFOSYS,1702,-0.014350112528139794,-0.014247640411086962,-0.8378035232498142
2022-01-28,INFOSYS,INFOSYS,1681,-0.012415175724703856,-0.012338425381903642,-0.7289571486562078
2022-01-31,INFOSYS,INFOSYS,1718,0.021771969135585045,0.022010707911957167,1.1941789295563314
2022-02-01,INFOSYS,INFOSYS,1766.09997558594,0.027612888334411344,0.027997657500547148,1.5227492880080846
2022-02-02,INFOSYS,INFOSYS,1789,0.012883092630107082,0.01296643719530229,0.6941512386707693
2022-02-03,INFOSYS,INFOSYS,1779,-0.005605395842884026,-0.005589714924538848,-0.3458852826395214
2022-02-04,INFOSYS,INFOSYS,1732,-0.02677459854345466,-0.026419336706014616,-1.5367205403609427
2022-02-07,INFOSYS,INFOSYS,1722.19995117188,-0.0056742952124934545,-0.005658226806073902,-0.3497610922165857
2022-02-08,INFOSYS,INFOSYS,1710,-0.0071091444131814036,-0.007083934222375562,-0.4304759420794268
2022-02-09,INFOSYS,INFOSYS,1735,0.014514042884254012,0.014619883040935672,0.7858973990575997
2022-02-10,INFOSYS,INFOSYS,1755.65002441406,0.011831759225196598,0.011902031362570604,0.6350103771137128
2022-02-11,INFOSYS,INFOSYS,1740,-0.008954059397581395,-0.008914091189263715,-0.5342583018592241
2022-02-14,INFOSYS,INFOSYS,1690,-0.029156584291455578,-0.028735632183908046,-1.6707148457786412
2022-02-15,INFOSYS,INFOSYS,1699,0.005311313754812917,0.0053254437869822485,0.26821449575661666
2022-02-16,INFOSYS,INFOSYS,1738.25,0.022839017307195196,0.023101824602707474,1.2542037969268107
2022-02-17,INFOSYS,INFOSYS,1744,0.003302465489797808,0.003307924636847404,0.1552103654060667
2022-02-18,INFOSYS,INFOSYS,1710,-0.01968795497221938,-0.0194954128440367,-1.1380742076247392
2022-02-21,INFOSYS,INFOSYS,1701,-0.005277057100843781,-0.005263157894736842,-0.32741517981949964
2022-02-22,INFOSYS,INFOSYS,1699.90002441406,-6.468732490812344e-4,-6.466640716872434e-4,-0.06695255123582665
2022-02-23,INFOSYS,INFOSYS,1750,0.02904634777077928,0.029472307115948778,1.6033859591895836
2022-02-24,INFOSYS,INFOSYS,1690.09997558594,-0.034828103598712044,-0.034228585379462856,-1.989755919335309
2022-02-25,INFOSYS,INFOSYS,1715,0.01462539628119271,0.014732870702176906,0.7921613832528135
2022-02-28,INFOSYS,INFOSYS,1682.19995117188,-0.01931064909805024,-0.019125392902693876,-1.1168495472413842
2022-03-02,INFOSYS,INFOSYS,1710,0.01639093899471548,0.0165260073921376,0.8914787993130505
2022-03-03,INFOSYS,INFOSYS,1720.19995117188,0.005947164235531942,0.0059648837262456155,0.3039831159446088
2022-03-04,INFOSYS,INFOSYS,1695.25,-0.01461031216828595,-0.014504099453603017,-0.8524405839797451
2022-03-07,INFOSYS,INFOSYS,1697,0.0010317636702747107,0.0010322961215160006,0.02747613636080379
2022-03-08,INFOSYS,INFOSYS,1718.44995117188,0.012560707077231116,0.012639924084784915,0.6760160217533006
2022-03-09,INFOSYS,INFOSYS,1791,0.04135142974925443,0.04221830771309063,2.2955861179006005
2022-03-10,INFOSYS,INFOSYS,1844.75,0.029569643877764208,0.03001116694584031,1.6328230364021898
2022-03-11,INFOSYS,INFOSYS,1814,-0.016809415263394082,-0.016668925328635318,-0.9761471561194921
2022-03-14,INFOSYS,INFOSYS,1831.55004882812,0.009628277857900233,0.00967477884681367,0.5110575131809589
2022-03-15,INFOSYS,INFOSYS,1888.34997558594,0.03054078941861667,0.031011943568870683,1.6874530745185936
2022-03-16,INFOSYS,INFOSYS,1865,-0.012442365873682856,-0.01236527968217051,-0.7304866813705417
2022-03-17,INFOSYS,INFOSYS,1923.30004882812,0.030781432971082608,0.03126007980060053,1.7009900428623304
2022-03-21,INFOSYS,INFOSYS,1861,-0.03292850840674771,-0.032392267065183014,-1.8828976232536976
2022-03-22,INFOSYS,INFOSYS,1850,-0.005928338569880278,-0.005910800644814616,-0.36405184238064353
2022-03-23,INFOSYS,INFOSYS,1897,0.025088051862643665,0.025405405405405406,1.3807191731714563
2022-03-24,INFOSYS,INFOSYS,1856.15002441406,-0.02176922773596362,-0.021533988184470217,-1.2551524473231639
2022-03-25,INFOSYS,INFOSYS,1892,0.01913000741277299,0.019314158400130906,1.045560145298093
2022-03-28,INFOSYS,INFOSYS,1866,-0.013837368204534496,-0.013742071881606765,-0.808960017550412
2022-03-29,INFOSYS,INFOSYS,1873.90002441406,0.004224731202806312,0.004233667960375134,0.20709075710397928
2022-03-30,INFOSYS,INFOSYS,1910,0.019081408430580135,0.019264621973217547,1.042826297344383
2022-03-31,INFOSYS,INFOSYS,1900,-0.005249355886143678,-0.005235602094240838,-0.3258568980262177
2022-04-01,INFOSYS,INFOSYS,1886.84997558594,-0.006945127140597993,-0.00692106548108421,-0.4212494466922215
2022-04-04,INFOSYS,INFOSYS,1889.75,0.0015357861583522971,0.0015369660818738008,0.05582901095778073
2022-04-05,INFOSYS,INFOSYS,1883.80004882812,-0.0031535058635569694,-0.0031485387865484863,-0.20795864096407463
2022-04-06,INFOSYS,INFOSYS,1855,-0.015406343267193598,-0.01528827268373627,-0.8972198754925238
2022-04-07,INFOSYS,INFOSYS,1821.05004882812,-0.01847141143674179,-0.018301860470016175,-1.0696397486093916
2022-04-08,INFOSYS,INFOSYS,1823,0.0010702110738693192,0.0010707839540900221,0.02963892559835363
2022-04-11,INFOSYS,INFOSYS,1814,-0.004949144003581146,-0.004936917169500823,-0.3089690208775545
2022-04-12,INFOSYS,INFOSYS,1757.5,-0.0316420069902619,-0.031146637265711135,-1.8105278100146496
2022-04-13,INFOSYS,INFOSYS,1754.94995117188,-0.0014520060422760987,-0.001450952391533427,-0.11224384211936707
2022-04-18,INFOSYS,INFOSYS,1605.5,-0.08900510411297535,-0.08515909588879372,-5.03738521754394
2022-04-19,INFOSYS,INFOSYS,1636.65002441406,0.01921625015674155,0.019402070640959203,1.0504115750705347
2022-04-20,INFOSYS,INFOSYS,1575,-0.03839621242657677,-0.03766842238378448,-2.19047343598953
2022-04-21,INFOSYS,INFOSYS,1595,0.012618463959211464,0.012698412698412698,0.6792650308166603
2022-04-22,INFOSYS,INFOSYS,1604.34997558594,0.005844938675740675,0.005862053658896553,0.29823260173953353
2022-04-25,INFOSYS,INFOSYS,1572.80004882812,-0.01986117345643816,-0.019665239653397542,-1.1478183005513578
2022-04-26,INFOSYS,INFOSYS,1577.19995117188,0.0027935906064872344,0.002797496316863885,0.12658452808065954
2022-04-27,INFOSYS,INFOSYS,1572.75,-0.002825412594595655,-0.002821424872967838,-0.18950234678868377
2022-04-28,INFOSYS,INFOSYS,1570,-0.001750060107785224,-0.0017485296455253536,-0.12901033516758703
2022-04-29,INFOSYS,INFOSYS,1590,0.012658396871923465,0.012738853503184714,0.6815113846861748
2022-05-02,INFOSYS,INFOSYS,1550.90002441406,-0.024898592907004167,-0.024591179613798742,-1.4311892321124209
2022-05-04,INFOSYS,INFOSYS,1547.25,-0.0023562616878021656,-0.002353487882263076,-0.16311111000456985
2022-05-05,INFOSYS,INFOSYS,1560.05004882812,0.008238741691605007,0.008272773519547583,0.43289166621409103
2022-05-06,INFOSYS,INFOSYS,1550,-0.006462972397783602,-0.0064421323121456285,-0.3941267026029741
2022-05-09,INFOSYS,INFOSYS,1540,-0.006472514505617479,-0.0064516129032258064,-0.394663476642237
2022-05-10,INFOSYS,INFOSYS,1558,0.01162053102301879,0.011688311688311689,0.6231281161643355
2022-05-11,INFOSYS,INFOSYS,1549.94995117188,-0.005180306605249629,-0.005166911956431321,-0.32197265546063786
2022-05-12,INFOSYS,INFOSYS,1514,-0.023467485828049917,-0.02319426581787309,-1.3506848885479135
2022-05-13,INFOSYS,INFOSYS,1519.30004882812,0.0034945795908898707,0.0035006927530515175,0.16601739712671432
2022-05-16,INFOSYS,INFOSYS,1510,-0.006140083779314063,-0.006121271986592375,-0.3759631866392802
2022-05-17,INFOSYS,INFOSYS,1494.90002441406,-0.010050319521934284,-0.009999983831748344,-0.5959264348625657
2022-05-18,INFOSYS,INFOSYS,1522,0.017965928134595296,0.018128286268884162,0.9800769683053414
2022-05-19,INFOSYS,INFOSYS,1481,-0.027307724153832334,-0.026938239159001315,-1.566710558530823
2022-05-20,INFOSYS,INFOSYS,1453,-0.01908715069751585,-0.018906144496961513,-1.1042770484484317
2022-05-23,INFOSYS,INFOSYS,1455.09997558594,0.0014442254176804449,0.0014452688134480394,0.050678426887262554
2022-05-24,INFOSYS,INFOSYS,1468.59997558594,0.00923493940551022,0.009277713027631532,0.4889309690711527
2022-05-25,INFOSYS,INFOSYS,1435,-0.023144700199752004,-0.022878916072795335,-1.3325271661102822
2022-05-26,INFOSYS,INFOSYS,1418,-0.011917421101648621,-0.011846689895470384,-0.7009568614837469
2022-05-27,INFOSYS,INFOSYS,1443.94995117188,0.01813495190676335,0.01830038869667137,0.9895850952829042
2022-05-30,INFOSYS,INFOSYS,1487,0.029378287461318906,0.029814086556934655,1.622058626862659
2022-05-31,INFOSYS,INFOSYS,1510.69995117188,0.015812419768003825,0.015938097627357095,0.8589352452556556
2022-06-01,INFOSYS,INFOSYS,1513,0.0015213475601969883,0.0015225053964791646,0.05501679370054081
2022-06-02,INFOSYS,INFOSYS,1484,-0.01935329006103015,-0.019167217448777262,-1.1192482375868784
2022-06-03,INFOSYS,INFOSYS,1524.90002441406,0.027187705403910117,0.027560663351792452,1.498831390306225
2022-06-06,INFOSYS,INFOSYS,1516,-0.0058535629289189935,-0.005836464208517418,-0.35984547377361914
2022-06-07,INFOSYS,INFOSYS,1519.84997558594,0.0025363424944048196,0.0025395617321503964,0.11211350023029304
2022-06-08,INFOSYS,INFOSYS,1520.19995117188,2.3024331568095095e-4,2.3026982370748586e-4,-0.017611943314766426
2022-06-09,INFOSYS,INFOSYS,1485,-0.023427100775602665,-0.023154816670494783,-1.348413100374341
2022-06-10,INFOSYS,INFOSYS,1486.09997558594,7.404500994483105e-4,7.407243002962971e-4,0.011088817664882726
2022-06-13,INFOSYS,INFOSYS,1443.59997558594,-0.029015245479543386,-0.028598345130342314,-1.6627640862299615
2022-06-14,INFOSYS,INFOSYS,1410,-0.023550272484490865,-0.02327512895135799,-1.3553419023595907
2022-06-15,INFOSYS,INFOSYS,1440.19995117188,0.021192254538844026,0.021418405086439718,1.1615681321172595
2022-06-16,INFOSYS,INFOSYS,1438,-0.0015286996300659917,-0.0015275317639678561,-0.11655810136064194
2022-06-17,INFOSYS,INFOSYS,1391.05004882812,-0.03319436653889239,-0.03264947925721836,-1.8978529922294651
2022-06-20,INFOSYS,INFOSYS,1390.05004882812,-7.191399144098203e-4,-7.188813952757794e-4,-0.07101778195086507
2022-06-21,INFOSYS,INFOSYS,1424,0.024130060144231358,0.024423545900740386,1.3268290795752644
2022-06-22,INFOSYS,INFOSYS,1436.05004882812,0.008426509973271972,0.008462112941095504,0.44345423171329906
2022-06-23,INFOSYS,INFOSYS,1439.80004882812,0.002607926003135805,0.0026113296002880713,0.11614030120499243
2022-06-24,INFOSYS,INFOSYS,1458,0.012561384620274743,0.012640610192153613,0.6760541357133012
2022-06-27,INFOSYS,INFOSYS,1468.05004882812,0.00686938923186336,0.006893037605020575,0.35586121719940284
2022-06-28,INFOSYS,INFOSYS,1469,6.468743734104176e-4,6.470836417588805e-4,0.005824884232481913
2022-06-29,INFOSYS,INFOSYS,1464.69995117188,-0.002931487186217762,-0.00292719457326072,-0.19546938132648434
2022-06-30,INFOSYS,INFOSYS,1465.05004882812,2.3899490257281244e-4,2.3902346412989824e-4,-0.017119638603093918
2022-07-01,INFOSYS,INFOSYS,1454,-0.007571025796767727,-0.0075424377733435315,-0.4564582449672403
2022-07-04,INFOSYS,INFOSYS,1480.25,0.01789261331842085,0.018053645116918846,0.9759527757578563
2022-07-05,INFOSYS,INFOSYS,1498.80004882812,0.012453828085788689,0.012531699934551594,0.6700037371566815
2022-07-06,INFOSYS,INFOSYS,1482.19995117188,-0.011137382923419962,-0.01107559188380015,-0.6570772228340384
2022-07-07,INFOSYS,INFOSYS,1503.05004882812,0.013968971911150995,0.014066993889559344,0.7552354160857943
2022-07-08,INFOSYS,INFOSYS,1515,0.007919029458064407,0.007950467904376835,0.4149068320467301
2022-07-11,INFOSYS,INFOSYS,1495,-0.013289232118682765,-0.013201320132013201,-0.7781256121977691
2022-07-12,INFOSYS,INFOSYS,1461.80004882812,-0.02245762037575966,-0.022207325198581943,-1.2938767317575017
2022-07-13,INFOSYS,INFOSYS,1450,-0.008105030034407034,-0.008072272837574286,-0.48649768872656496
2022-07-14,INFOSYS,INFOSYS,1451,6.894174695677843e-4,6.89655172413793e-4,0.008218069256661372
2022-07-15,INFOSYS,INFOSYS,1446,-0.0034518501654778985,-0.0034458993797381117,-0.22474146073735546
2022-07-18,INFOSYS,INFOSYS,1450,0.0027624326959100796,0.0027662517289073307,0.12483179610501424
2022-07-19,INFOSYS,INFOSYS,1471.55004882812,0.014752743796118462,0.014862102640082758,0.7993250876634997
2022-07-20,INFOSYS,INFOSYS,1501.25,0.01998179418345477,0.020182766597392852,1.093475871409081
2022-07-21,INFOSYS,INFOSYS,1517,0.010436605954338915,0.010491257285595338,0.5565285500764617
2022-07-22,INFOSYS,INFOSYS,1534,0.011144002578669205,0.01120632827949901,0.5963218693318401
2022-07-25,INFOSYS,INFOSYS,1480.09997558594,-0.035769066378930583,-0.03513691291659713,-2.042688080774606
2022-07-26,INFOSYS,INFOSYS,1496.65002441406,0.011119656912925205,0.011181710087906856,0.5949523478835961
2022-07-27,INFOSYS,INFOSYS,1451,-0.030976319577008363,-0.030501469060498648,-1.7730807670845767
2022-07-28,INFOSYS,INFOSYS,1496.40002441406,0.030809265904999657,0.031288783193700896,1.702555734282223
2022-07-29,INFOSYS,INFOSYS,1532.80004882812,0.024033920282914453,0.024325062697264407,1.321420905344615
2022-08-01,INFOSYS,INFOSYS,1564,0.02015048203315455,0.020354873550358685,1.102965101675004
2022-08-02,INFOSYS,INFOSYS,1546.55004882812,-0.01121996686032523,-0.01115725778253197,-0.66172283302443
2022-08-03,INFOSYS,INFOSYS,1549,0.001582886171937502,0.0015841395975102284,0.058478537140214976
2022-08-04,INFOSYS,INFOSYS,1587.5,0.024550890349978174,0.02485474499677211,1.3505021226088578
2022-08-05,INFOSYS,INFOSYS,1608.40002441406,0.013079459435369376,0.013165369709644093,0.7051974985823981
2022-08-08,INFOSYS,INFOSYS,1617,0.0053326693748907954,0.005346913364461662,0.26941581758715283
2022-08-10,INFOSYS,INFOSYS,1621.19995117188,0.0025940050585412885,0.002597372400667905,0.11535720361372179
2022-08-11,INFOSYS,INFOSYS,1630,0.005413429165159778,0.005428108248929385,0.27395881370367164
2022-08-12,INFOSYS,INFOSYS,1613.30004882812,-0.010298213862721202,-0.010245368817104295,-0.6098712832054234
2022-08-16,INFOSYS,INFOSYS,1609,-0.0026689329457035833,-0.002665374510614747,-0.1806998668062173
2022-08-17,INFOSYS,INFOSYS,1596.44995117188,-0.007830484422657078,-0.007799906046065878,-0.4710536212787281
2022-08-18,INFOSYS,INFOSYS,1594.09997558594,-0.0014730852453877325,-0.0014720007878825095,-0.11342961461278876
2022-08-19,INFOSYS,INFOSYS,1585.30004882812,-0.005535603674601611,-0.0055203104526649486,-0.34195925028586616
2022-08-22,INFOSYS,INFOSYS,1586,4.41428545056668e-4,4.415259889744012e-4,-0.005732099722744397
2022-08-23,INFOSYS,INFOSYS,1548,-0.024251348045120878,-0.02395964691046658,-1.3947796415949247
2022-08-24,INFOSYS,INFOSYS,1535,-0.008433394128374875,-0.008397932816537468,-0.5049692176734778
2022-08-25,INFOSYS,INFOSYS,1548,0.008433394128374813,0.008469055374592834,0.4438414874230224
2022-08-26,INFOSYS,INFOSYS,1535.15002441406,-0.008335663129572565,-0.008301017820374677,-0.49947153687782914
2022-08-29,INFOSYS,INFOSYS,1468.55004882812,-0.04435255936319737,-0.04338336613801641,-2.5255369733214104
2022-08-30,INFOSYS,INFOSYS,1473.09997558594,0.0030934545907363026,0.0030982442589891804,0.14345283483814483
2022-09-01,INFOSYS,INFOSYS,1460.05004882812,-0.008898292113542828,-0.008858819478718182,-0.5311212140340552
2022-09-02,INFOSYS,INFOSYS,1478,0.012219107374051222,0.012294065663219677,0.6567999475190629
2022-09-05,INFOSYS,INFOSYS,1451,-0.01843684862395924,-0.018267929634641408,-1.0676954800108216
2022-09-06,INFOSYS,INFOSYS,1461.30004882812,0.007073510010583693,0.007098586373618192,0.3673436628810804
2022-09-07,INFOSYS,INFOSYS,1440,-0.01468337032472524,-0.01457609533730012,-0.856550338597461
2022-09-08,INFOSYS,INFOSYS,1475,0.02401487620387392,0.024305555555555556,1.3203496150795504
2022-09-09,INFOSYS,INFOSYS,1488,0.008774946619117057,0.008813559322033898,0.4630549058068649
2022-09-12,INFOSYS,INFOSYS,1525.80004882812,0.02508595826474289,0.025403258621048384,1.3806014016034382
2022-09-13,INFOSYS,INFOSYS,1551.90002441406,0.016961107751521265,0.017105764025886552,0.9235526127702393
2022-09-14,INFOSYS,INFOSYS,1497,-0.036016896989673065,-0.035376005896248515,-2.0566293440989365
2022-09-15,INFOSYS,INFOSYS,1475,-0.01480511564570821,-0.014696058784235137,-0.8633989017077393
2022-09-16,INFOSYS,INFOSYS,1425,-0.03448617607116932,-0.03389830508474576,-1.9705214039337247
2022-09-19,INFOSYS,INFOSYS,1392,-0.023430251808385996,-0.023157894736842106,-1.3485903560315191
2022-09-20,INFOSYS,INFOSYS,1407.94995117188,0.011393149149148447,0.011458298255660922,0.6103371595940028
2022-09-21,INFOSYS,INFOSYS,1379.90002441406,-0.020123660593374823,-0.019922531148549128,-1.162584040281088
2022-09-22,INFOSYS,INFOSYS,1366.34997558594,-0.009868117459296664,-0.009819587352985002,-0.5856769869599956
2022-09-23,INFOSYS,INFOSYS,1367.5,8.413223052943374e-4,8.41676316177213e-4,0.016763201388476798
2022-09-26,INFOSYS,INFOSYS,1360,-0.0054995555660385465,-0.005484460694698354,-0.3399314290562121
2022-09-27,INFOSYS,INFOSYS,1393.44995117188,0.024297951631506054,0.02459555233226471,1.336273511911519
2022-09-28,INFOSYS,INFOSYS,1379,-0.010424052568301893,-0.01036991042249326,-0.6169501122719273
2022-09-29,INFOSYS,INFOSYS,1404.90002441406,0.018607544442095735,0.01878174359250181,1.0161699346634914
2022-09-30,INFOSYS,INFOSYS,1388.94995117188,-0.011418112403896293,-0.011353173154675027,-0.6728691526464928
2022-10-03,INFOSYS,INFOSYS,1412,0.016459108221686197,0.016595305546231016,0.8953135360349089
2022-10-04,INFOSYS,INFOSYS,1419.69995117188,0.005438408223074152,0.005453223209546744,0.2753639654842958
2022-10-06,INFOSYS,INFOSYS,1445,0.017663774270270938,0.01782070134413703,0.9630798484806765
2022-10-07,INFOSYS,INFOSYS,1446.34997558594,9.338030300281731e-4,9.3423915982007e-4,0.02196553750053606
2022-10-10,INFOSYS,INFOSYS,1426.34997558594,-0.013924408039455929,-0.01382791187305664,-0.8138562862345368
2022-10-11,INFOSYS,INFOSYS,1462.65002441406,0.02513115910379523,0.025449608756229727,1.3831440931532086
2022-10-12,INFOSYS,INFOSYS,1437,-0.017692268561875054,-0.01753667930531464,-1.0258104736330258
2022-10-13,INFOSYS,INFOSYS,1431,-0.004184106522573985,-0.0041753653444676405,-0.2659332193526746
2022-10-14,INFOSYS,INFOSYS,1485,0.037041271680349076,0.03773584905660377,2.0531259616346955
2022-10-17,INFOSYS,INFOSYS,1476.90002441406,-0.0054694592739241476,-0.005454529014101011,-0.33823841650947395
2022-10-18,INFOSYS,INFOSYS,1510,0.02216433784609419,0.02241179161674939,1.2162509225883782
2022-10-19,INFOSYS,INFOSYS,1504,-0.003981425299184922,-0.0039735099337748344,-0.2545317532557345
2022-10-20,INFOSYS,INFOSYS,1475,-0.019470235735864882,-0.01928191489361702,-1.1258268052732028
2022-10-21,INFOSYS,INFOSYS,1500.30004882812,0.0170071308646178,0.017152575476691523,0.9261415598610041
2022-10-24,INFOSYS,INFOSYS,1518.5,0.012057884847265372,0.012130874211525842,0.6477306655082505
2022-10-25,INFOSYS,INFOSYS,1528.09997558594,0.006302112148665614,0.006322012239670729,0.3239500696174944
2022-10-27,INFOSYS,INFOSYS,1530.80004882812,0.0017653888142032364,0.0017669480304419683,0.06874489360679546
2022-10-28,INFOSYS,INFOSYS,1526,-0.003140573604270064,-0.003135647161622839,-0.20723116007881542
2022-10-31,INFOSYS,INFOSYS,1530.25,0.0027811878867770126,0.002785058977719528,0.12588683548772261
2022-11-01,INFOSYS,INFOSYS,1553.05004882812,0.014789650089543025,0.014899558129795784,0.8014011845323062
2022-11-02,INFOSYS,INFOSYS,1572,0.012127923168429615,0.012201764641248366,0.6516705447476207
2022-11-03,INFOSYS,INFOSYS,1538.75,-0.021378295490488565,-0.02115139949109415,-1.2331612600367692
2022-11-04,INFOSYS,INFOSYS,1520.44995117188,-0.011964086955951282,-0.011892801837933386,-0.7035819648200101
2022-11-07,INFOSYS,INFOSYS,1521.40002441406,6.246680675900181e-4,6.248632133190125e-4,0.004575708612185014
2022-11-09,INFOSYS,INFOSYS,1529,0.004982947318760308,0.004995382847365864,0.24974283505995598
2022-11-10,INFOSYS,INFOSYS,1485,-0.029199154692262353,-0.02877697841726619,-1.6731095667765497
2022-11-11,INFOSYS,INFOSYS,1546.65002441406,0.040676545180384945,0.04151516795559596,2.25762170559516
2022-11-14,INFOSYS,INFOSYS,1575.15002441406,0.018259203902441346,0.018426922413037217,0.9965746668500761
2022-11-15,INFOSYS,INFOSYS,1577.84997558594,0.0017126240607746148,0.0017140914389309405,0.06577670771729635
2022-11-16,INFOSYS,INFOSYS,1597.15002441406,0.012157660821305137,0.01223186559352885,0.6533433826918243
2022-11-17,INFOSYS,INFOSYS,1597.19995117188,3.125941628532149e-5,3.12599048660565e-5,-0.02880542312932838
2022-11-18,INFOSYS,INFOSYS,1591.69995117188,-0.00344946885889354,-0.003443526276071196,-0.2246075046370616
2022-11-21,INFOSYS,INFOSYS,1582.09997558594,-0.006049533735506342,-0.006031272149548081,-0.3708694574951237
2022-11-22,INFOSYS,INFOSYS,1569,-0.008314589290558894,-0.00828011869546256,-0.49828606613204857
2022-11-23,INFOSYS,INFOSYS,1588.90002441406,0.012603494526673491,0.012683253291306564,0.6784229524301266
2022-11-24,INFOSYS,INFOSYS,1589,6.29192770098924e-5,6.292125646915336e-5,-0.027024454854866518
2022-11-25,INFOSYS,INFOSYS,1631.40002441406,0.026333669294861434,0.0266834640742983,1.4507891317286274
2022-11-28,INFOSYS,INFOSYS,1628,-0.002086289269091741,-0.0020841144803103485,-0.14792429927012313
2022-11-29,INFOSYS,INFOSYS,1621.19995117188,-0.004185681926837359,-0.004176934169606878,-0.2660218408736892
2022-11-30,INFOSYS,INFOSYS,1619.94995117188,-7.71331224804037e-4,-7.71033825344271e-4,-0.07395370983833532
2022-12-01,INFOSYS,INFOSYS,1656.19995117188,0.022130537706736085,0.022377234539731655,1.2143495568056013
2022-12-02,INFOSYS,INFOSYS,1656,-1.2073617237523337e-4,-1.2072888405685706e-4,-0.03735566040350932
2022-12-05,INFOSYS,INFOSYS,1638,-0.010929070532190317,-0.010869565217391304,-0.6453589855624083
2022-12-06,INFOSYS,INFOSYS,1625,-0.007968169649176845,-0.007936507936507936,-0.47879885498101954
2022-12-07,INFOSYS,INFOSYS,1608,-0.010516645024926129,-0.010461538461538461,-0.6221587336596477
2022-12-08,INFOSYS,INFOSYS,1605.5,-0.0015559362093430843,-0.001554726368159204,-0.11809024592752314
2022-12-09,INFOSYS,INFOSYS,1628,0.01391703303291709,0.014014325755216444,0.752313688313507
2022-12-12,INFOSYS,INFOSYS,1550,-0.04909733664919334,-0.04791154791154791,-2.7924458485454857
2022-12-13,INFOSYS,INFOSYS,1547.19995117188,-0.0018081167732857024,-0.0018064831149161276,-0.1322762080113406
2022-12-14,INFOSYS,INFOSYS,1582,0.022243055187592602,0.02249227632263157,1.2206790244388026
2022-12-15,INFOSYS,INFOSYS,1569.30004882812,-0.008060178168338423,-0.008027782030265489,-0.48397462802160696
2022-12-16,INFOSYS,INFOSYS,1525,-0.028635281117748743,-0.02822917698957647,-1.641389877427545
2022-12-19,INFOSYS,INFOSYS,1507.94995117188,-0.011243329902437297,-0.011180359887291802,-0.6630370787552778
2022-12-20,INFOSYS,INFOSYS,1501,-0.004619527505612797,-0.0046088738996138134,-0.2904270402059447
2022-12-21,INFOSYS,INFOSYS,1515,0.009283886310007658,0.009327115256495669,0.49168438876561765
2022-12-22,INFOSYS,INFOSYS,1521.5,0.0042812513935561805,0.0042904290429042905,0.21027019833613625
2022-12-23,INFOSYS,INFOSYS,1508.69995117188,-0.0084483698553642,-0.0084127826671837,-0.5058116501430019
2022-12-26,INFOSYS,INFOSYS,1500.5,-0.005449934601239784,-0.00543511064974232,-0.33714009131712347
2022-12-27,INFOSYS,INFOSYS,1509.94995117188,0.006278119459958369,0.006297868158533824,0.3226004042548328
2022-12-28,INFOSYS,INFOSYS,1505.09997558594,-0.0032171804029524228,-0.003212010823389153,-0.21154053715562243
2022-12-29,INFOSYS,INFOSYS,1504,-7.310994276427213e-4,-7.308322395738378e-4,-0.07169054276403167
2022-12-30,INFOSYS,INFOSYS,1528,0.015831465216680662,0.015957446808510637,0.8600066125671363
2023-01-02,INFOSYS,INFOSYS,1514,-0.009204535729071683,-0.009162303664921465,-0.5483483954249734
2023-01-03,INFOSYS,INFOSYS,1519.84997558594,0.003856474699327615,0.0038639204662747695,0.18637515272196714
2023-01-04,INFOSYS,INFOSYS,1521,7.563835625710799e-4,7.56669692754797e-4,0.011985125850532363
2023-01-05,INFOSYS,INFOSYS,1505.90002441406,-0.00997727095424751,-0.00992766310712689,-0.5918172196428014
2023-01-06,INFOSYS,INFOSYS,1470,-0.02412834153226341,-0.0238395802058829,-1.3878601324139725
2023-01-09,INFOSYS,INFOSYS,1448.19995117188,-0.0149410285344826,-0.014829965189197278,-0.8710444357517282
2023-01-10,INFOSYS,INFOSYS,1482,0.02307115461773273,0.023339352277127946,1.2672622619966014
2023-01-11,INFOSYS,INFOSYS,1470,-0.008130126083250176,-0.008097165991902834,-0.4879094216205538
2023-01-12,INFOSYS,INFOSYS,1481.94995117188,0.008096354373910085,0.00812921848427211,0.4248819248666324
2023-01-13,INFOSYS,INFOSYS,1483.5,0.0010454055841843436,0.0010459522110677674,0.028243537584939322
2023-01-16,INFOSYS,INFOSYS,1510,0.017705490078093605,0.017863161442534546,0.965426495894007
2023-01-17,INFOSYS,INFOSYS,1527,0.011195375409662412,0.011258278145695364,0.5992117551391135
2023-01-18,INFOSYS,INFOSYS,1544.75,0.011557058722456524,0.011624099541584807,0.619557596553023
2023-01-19,INFOSYS,INFOSYS,1539.90002441406,-0.003144589852406683,-0.0031396508081825546,-0.2074570868627616
2023-01-20,INFOSYS,INFOSYS,1538,-0.0012346240230929608,-0.0012338621884125031,-0.10001540931065402
2023-01-23,INFOSYS,INFOSYS,1535,-0.0019524900442917782,-0.0019505851755526658,-0.14039766557487796
2023-01-24,INFOSYS,INFOSYS,1560,0.016155440222285208,0.016286644951140065,0.8782312412766525
2023-01-25,INFOSYS,INFOSYS,1547,-0.00836824967051658,-0.008333333333333333,-0.501304633874074
2023-01-27,INFOSYS,INFOSYS,1546,-6.46621425698848e-4,-6.464124111182935e-4,-0.06693838536634605
2023-01-30,INFOSYS,INFOSYS,1528.80004882812,-0.011187804282450446,-0.011125453539379044,-0.6599135853047947
2023-01-31,INFOSYS,INFOSYS,1548.90002441406,0.013061871450988681,0.0131475503296506,0.7042081182921229
2023-02-01,INFOSYS,INFOSYS,1542.19995117188,-0.004335080578386693,-0.004325697680013012,-0.2744259921418042
2023-02-02,INFOSYS,INFOSYS,1552,0.006334485005645149,0.006354590285567822,0.3257711462083177
2023-02-03,INFOSYS,INFOSYS,1597.5,0.028895485508525817,0.02931701030927835,1.5948994751451846
2023-02-06,INFOSYS,INFOSYS,1598,3.129400745301561e-4,3.1298904538341156e-4,-0.0129599865297211
2023-02-07,INFOSYS,INFOSYS,1569,-0.018314373593187407,-0.018147684605757195,-1.0608058683945238
2023-02-08,INFOSYS,INFOSYS,1565.5,-0.002233211966572185,-0.0022307202039515616,-0.15618917021467385
2023-02-09,INFOSYS,INFOSYS,1596.19995117188,0.019420512085220932,0.019610316941475567,1.0619019608769338
2023-02-10,INFOSYS,INFOSYS,1612.94995117188,0.010438996380406745,0.010493672793125118,0.5566630191768247
2023-02-13,INFOSYS,INFOSYS,1597,-0.009937901017075599,-0.009888683254115635,-0.5896025349453317
2023-02-14,INFOSYS,INFOSYS,1584.69995117188,-0.007731785078467184,-0.007701971714539761,-0.46550146796252695
2023-02-15,INFOSYS,INFOSYS,1584,-4.4179076217412715e-4,-4.4169318700514303e-4,-0.05541600639733861
2023-02-16,INFOSYS,INFOSYS,1600,0.010050335853501506,0.010101010101010102,0.5347996233149264
2023-02-17,INFOSYS,INFOSYS,1594,-0.003757048877712288,-0.00375,-0.24190986298096423
2023-02-20,INFOSYS,INFOSYS,1584.94995117188,-0.005693750085038799,-0.005677571410363863,-0.3508554909282031
2023-02-21,INFOSYS,INFOSYS,1598.69995117188,0.00863793816333351,0.008675352802044966,0.455347742619816
2023-02-22,INFOSYS,INFOSYS,1563,-0.02258371700697848,-0.02233061378760361,-1.3009700699648596
2023-02-23,INFOSYS,INFOSYS,1569.84997558594,0.004373006403390139,0.004382581948777992,0.2154317106674395
2023-02-24,INFOSYS,INFOSYS,1560,-0.006294236581284059,-0.006274469369127797,-0.3846347740513782
2023-02-27,INFOSYS,INFOSYS,1540,-0.012903404835907841,-0.01282051282051282,-0.7564215953664292
2023-02-28,INFOSYS,INFOSYS,1515.59997558594,-0.015971032371740728,-0.015844171697441557,-0.928985441010385
2023-03-01,INFOSYS,INFOSYS,1492.40002441406,-0.015425805330006261,-0.015307437018736268,-0.8983146786796407
2023-03-02,INFOSYS,INFOSYS,1485,-0.004970806469127856,-0.004958472455778314,-0.31018760374565196
2023-03-03,INFOSYS,INFOSYS,1486.75,0.0011777573499030542,0.0011784511784511784,0.03568874708426909
2023-03-06,INFOSYS,INFOSYS,1494.55004882812,0.005232661253785998,0.005246375535981166,0.2637900413897878
2023-03-08,INFOSYS,INFOSYS,1490.55004882812,-0.002679978736549363,-0.002676390799449245,-0.18132122781705107
2023-03-09,INFOSYS,INFOSYS,1495,0.0029809947208470538,0.002985442303919001,0.1371266080058385
2023-03-10,INFOSYS,INFOSYS,1460,-0.023689771122404665,-0.023411371237458192,-1.3631891462440942
2023-03-13,INFOSYS,INFOSYS,1464.19995117188,0.002872549162174388,0.0028766788848493168,0.1310261989995406
2023-03-14,INFOSYS,INFOSYS,1441,-0.015971667865034383,-0.01584479712167167,-0.9290211895376599
2023-03-15,INFOSYS,INFOSYS,1438,-0.002084057718530124,-0.002081887578070784,-0.1477987674243683
2023-03-16,INFOSYS,INFOSYS,1417.80004882812,-0.014146850420718704,-0.014047253944283728,-0.8263693805709655
2023-03-17,INFOSYS,INFOSYS,1430,0.008568035393679646,0.008604846065539249,0.451415488585801
2023-03-20,INFOSYS,INFOSYS,1419.69995117188,-0.007228896977691454,-0.007202831348335663,-0.4372124062740506
2023-03-21,INFOSYS,INFOSYS,1399,-0.014687851610780287,-0.014580511293807817,-0.8568024252494605
2023-03-22,INFOSYS,INFOSYS,1403,0.002855105436979715,0.0028591851322373124,0.13004493374918424
2023-03-23,INFOSYS,INFOSYS,1383.94995117188,-0.013671107026786746,-0.013578081844704203,-0.799607295331593
2023-03-24,INFOSYS,INFOSYS,1388,0.0029221679910756532,0.002926441685763679,0.13381741658757382
2023-03-27,INFOSYS,INFOSYS,1386.25,-0.001261602402173001,-0.001260806916426513,-0.10153302929186472
2023-03-28,INFOSYS,INFOSYS,1392.09997558594,0.004211121192368185,0.004220000422679893,0.2063251505520026
2023-03-29,INFOSYS,INFOSYS,1379,-0.009454782063643294,-0.009410226144444958,-0.5624255509295305
2023-03-31,INFOSYS,INFOSYS,1404,0.017966706792454594,0.018129079042784626,0.9801207702966431
2023-04-03,INFOSYS,INFOSYS,1435,0.02183954360796505,0.02207977207977208,1.1979802094330583
2023-04-05,INFOSYS,INFOSYS,1400,-0.02469261259037152,-0.024390243902439025,-1.4196021814845687
2023-04-06,INFOSYS,INFOSYS,1416,0.011363758650315003,0.011428571428571429,0.6086838501733347
2023-04-10,INFOSYS,INFOSYS,1423.94995117188,0.005598670451637363,0.005614372296525425,0.2843792276532833
2023-04-11,INFOSYS,INFOSYS,1428.90002441406,0.003470268855534095,0.003476297209818501,0.1646498406243614
2023-04-12,INFOSYS,INFOSYS,1413.05004882812,-0.01115441124306794,-0.011092431461353988,-0.658035120195757
2023-04-13,INFOSYS,INFOSYS,1409.75,-0.0023381396304770854,-0.002335408311161247,-0.16209168640556143
2023-04-17,INFOSYS,INFOSYS,1250.30004882812,-0.12002882213321504,-0.113105125853435,-6.782568433306381
2023-04-18,INFOSYS,INFOSYS,1269.94995117188,0.015593929595945437,0.015716149385243523,0.8466444753087206
2023-04-19,INFOSYS,INFOSYS,1254.34997558594,-0.012360000505689922,-0.012283929434813325,-0.7258533663794892
2023-04-20,INFOSYS,INFOSYS,1230.69995117188,-0.019034417141121016,-0.018854406564653096,-1.1013106174917136
2023-04-21,INFOSYS,INFOSYS,1228.09997558594,-0.002114833766410265,-0.002112599081087383,-0.1495300184037926
2023-04-24,INFOSYS,INFOSYS,1228,-8.141002971297224e-5,-8.140671600640792e-5,-0.035143439287069235
2023-04-25,INFOSYS,INFOSYS,1225.94995117188,-0.0016708159056423462,-0.0016694208698045585,-0.12455259572333302
2023-04-26,INFOSYS,INFOSYS,1228,0.0016708159056422695,0.001672212496244537,0.06342486547287675
2023-04-27,INFOSYS,INFOSYS,1230,0.0016273396593754076,0.0016286644951140066,0.06097918777493669
2023-04-28,INFOSYS,INFOSYS,1255.69995117188,0.02067897774327459,0.020894269245430894,1.1326946731693759
2023-05-02,INFOSYS,INFOSYS,1254.55004882812,-9.161656601467783e-4,-9.157461085244607e-4,-0.08210110936858124
2023-05-03,INFOSYS,INFOSYS,1266,0.009085342254530544,0.009126739250120348,0.4805156515761546
2023-05-04,INFOSYS,INFOSYS,1268.94995117188,0.0023274246516387016,0.002330135206856242,0.10036120437617062
2023-05-05,INFOSYS,INFOSYS,1279,0.007888774223082477,0.007919972587444242,0.41320487845609455
2023-05-08,INFOSYS,INFOSYS,1262.44995117188,-0.013024283851252526,-0.012939834892978888,-0.7632214260179264
2023-05-09,INFOSYS,INFOSYS,1266,0.002808084976531382,0.0028120313401926423,0.12739988268475935
2023-05-10,INFOSYS,INFOSYS,1276.40002441406,0.008181310827246668,0.00821486920541864,0.42966099668313684
2023-05-11,INFOSYS,INFOSYS,1270.25,-0.004829903057526844,-0.004818257831735164,-0.30226133685496764
2023-05-12,INFOSYS,INFOSYS,1253.34997558594,-0.013393784453130641,-0.013304486844369218,-0.7840070149080496
2023-05-15,INFOSYS,INFOSYS,1249.90002441406,-0.002756379391724056,-0.002752584065968608,-0.18561900866321343
2023-05-16,INFOSYS,INFOSYS,1265,0.012008554532634096,0.012080946708532717,0.6449556777693013
2023-05-17,INFOSYS,INFOSYS,1260.59997558594,-0.003484343449626741,-0.0034782801692173904,-0.22656931174104772
2023-05-18,INFOSYS,INFOSYS,1258.59997558594,-0.001587806016951975,-0.0015865461198905537,-0.11988302438471286
2023-05-19,INFOSYS,INFOSYS,1256.05004882812,-0.002028057667710887,-0.0020260025482940975,-0.14464858572442446
2023-05-22,INFOSYS,INFOSYS,1272.94995117188,0.013365088102741026,0.013454800116864304,0.7212650233037224
2023-05-23,INFOSYS,INFOSYS,1299.19995117188,0.020411649694120532,0.020621392047530388,1.1176566166675146
2023-05-24,INFOSYS,INFOSYS,1296.30004882812,-0.0022345625508966723,-0.002232067774590269,-0.1562651448961427
2023-05-25,INFOSYS,INFOSYS,1294.5,-0.0013895700817033816,-0.0013886050762300568,-0.10873161994211465
2023-05-26,INFOSYS,INFOSYS,1306,0.008844510644784117,0.008883738895326381,0.4669681044098118
2023-05-29,INFOSYS,INFOSYS,1332.69995117188,0.02023789211081088,0.02044406674722818,1.1078821976953714
2023-05-30,INFOSYS,INFOSYS,1315,-0.013370257335322407,-0.013281272469707787,-0.7826835393953012
2023-05-31,INFOSYS,INFOSYS,1319.84997558594,0.0036814096502123432,0.00368819436193156,0.17652718462274447
2023-06-01,INFOSYS,INFOSYS,1322.55004882812,0.0020436528587457936,0.0020457425405348167,0.08439813477437655
2023-06-02,INFOSYS,INFOSYS,1309,-0.010298241210923044,-0.010245395885113287,-0.609872821629116
2023-06-05,INFOSYS,INFOSYS,1304,-0.003827023423301714,-0.0038197097020626434,-0.24584615464057769
2023-06-06,INFOSYS,INFOSYS,1288.59997558594,-0.0118801247282461,-0.011809834673358895,-0.6988588213704238
2023-06-07,INFOSYS,INFOSYS,1290.5,0.0014734014003163923,0.0014744873894600517,0.05231966908674405
2023-06-08,INFOSYS,INFOSYS,1286.19995117188,-0.0033376434209916026,-0.0033320796808368833,-0.21831696663015904
2023-06-09,INFOSYS,INFOSYS,1282.5,-0.002880798692752366,-0.0028766531739555035,-0.19261799169064564
2023-06-12,INFOSYS,INFOSYS,1273.5,-0.007042282625412923,-0.007017543859649123,-0.4267147529881226
2023-06-13,INFOSYS,INFOSYS,1299.90002441406,0.0205183417759525,0.02073029007778563,1.123658387001632
2023-06-14,INFOSYS,INFOSYS,1306.34997558594,0.004949612922635168,0.004961882491530353,0.24786766882142783
2023-06-15,INFOSYS,INFOSYS,1293.94995117188,-0.009537452415854377,-0.00949211516500254,-0.5670760222568495
2023-06-16,INFOSYS,INFOSYS,1287,-0.005385589106118384,-0.00537111282054279,-0.33352045172323175
2023-06-19,INFOSYS,INFOSYS,1294,0.005424267464719212,0.005439005439005439,0.2745685026670057
2023-06-20,INFOSYS,INFOSYS,1294,0,0,-0.030563865125225968
2023-06-21,INFOSYS,INFOSYS,1299.94995117188,0.00458756854911914,0.0045981075516847,0.22750151658882967
2023-06-22,INFOSYS,INFOSYS,1289.40002441406,-0.008148751799010732,-0.008115640720098067,-0.4889571776150377
2023-06-23,INFOSYS,INFOSYS,1276.44995117188,-0.01009426375401361,-0.010043487666339139,-0.598398438257013
2023-06-26,INFOSYS,INFOSYS,1270.25,-0.004869017583099351,-0.0048571831321611685,-0.3044616538342902
2023-06-27,INFOSYS,INFOSYS,1280,0.007646346439821575,0.007675654398740406,0.3995675414320342
2023-06-28,INFOSYS,INFOSYS,1290,0.007782140442054949,0.0078125,0.4072063877284157
2023-06-30,INFOSYS,INFOSYS,1308.19995117188,0.014009890846734116,0.014108489280527133,0.7575372368907647
2023-07-03,INFOSYS,INFOSYS,1330,0.01652683301334762,0.016664156582937958,0.8991232718512742
2023-07-04,INFOSYS,INFOSYS,1344.30004882812,0.010694525566745753,0.0107519164121203,0.5710373519645756
2023-07-05,INFOSYS,INFOSYS,1357.84997558594,0.010029080701627266,0.010079540478803089,0.5336039531416994
2023-07-06,INFOSYS,INFOSYS,1342.55004882812,-0.011331721477149016,-0.01126775934964227,-0.6680093871195129
2023-07-07,INFOSYS,INFOSYS,1334,-0.006388879531454534,-0.006368514034603873,-0.3899587422495161
2023-07-10,INFOSYS,INFOSYS,1336.55004882812,0.0019097560851009418,0.001911580830674661,0.07686601364507507
2023-07-11,INFOSYS,INFOSYS,1333.44995117188,-0.0023221715725402804,-0.002319477417967359,-0.16119343215114054
2023-07-12,INFOSYS,INFOSYS,1351,0.013075526972069214,0.01316138548184462,0.7049762849630773
2023-07-13,INFOSYS,INFOSYS,1334.90002441406,-0.011988658009457026,-0.01191708037449297,-0.704964165049649
2023-07-14,INFOSYS,INFOSYS,1380.65002441406,0.03369801948377464,0.03427222950279102,1.8650573485910824
2023-07-17,INFOSYS,INFOSYS,1425.94995117188,0.03228380356887531,0.03281057904376964,1.7855031869481648
2023-07-18,INFOSYS,INFOSYS,1434,0.005629518156173841,0.005645393670026268,0.28611450954846873
2023-07-19,INFOSYS,INFOSYS,1486,0.03562020411813879,0.03626220362622036,1.973186372949165
2023-07-20,INFOSYS,INFOSYS,1471,-0.010145504676266959,-0.010094212651413189,-0.6012809037764066
2023-07-21,INFOSYS,INFOSYS,1320.19995117188,-0.10815923833216397,-0.10251532891102651,-6.114866437879334
2023-07-24,INFOSYS,INFOSYS,1341,0.015632401012404998,0.01575522617589613,0.8488086153466112
2023-07-25,INFOSYS,INFOSYS,1337,-0.0029873061797353537,-0.002982848620432513,-0.1986093779749873
2023-07-26,INFOSYS,INFOSYS,1343,0.00447761942129448,0.004487658937920718,0.22131652701594437
2023-07-27,INFOSYS,INFOSYS,1358.59997558594,0.011548822263950556,0.011615767375979151,0.6190942694581674
2023-07-28,INFOSYS,INFOSYS,1353.84997558594,-0.0035023723504876807,-0.003496246198555546,-0.2275834949914444
2023-07-31,INFOSYS,INFOSYS,1348.75,-0.003774129864356056,-0.0037670167876117555,-0.24287072302939292
2023-08-01,INFOSYS,INFOSYS,1362,0.009775970137113324,0.009823911028730306,0.5193656755557018
2023-08-02,INFOSYS,INFOSYS,1369.30004882812,0.005345488287913107,0.005359800901703376,0.2701369223830468
2023-08-03,INFOSYS,INFOSYS,1350,-0.014195103564895747,-0.014094828116479982,-0.8290837740318203
2023-08-04,INFOSYS,INFOSYS,1368.90002441406,0.013902923003792847,0.014000018084488888,0.7515199541135803
2023-08-07,INFOSYS,INFOSYS,1387.90002441406,0.013784315516173743,0.013879757221958342,0.7448479041509816
2023-08-08,INFOSYS,INFOSYS,1392.84997558594,0.0035601592377273164,0.0035665041320031387,0.1697064616960117
2023-08-09,INFOSYS,INFOSYS,1384,-0.006374133012554095,-0.006353861321078043,-0.3891292034669891
2023-08-10,INFOSYS,INFOSYS,1391.59997558594,0.005476289556294456,0.005491311839552024,0.27749491145549277
2023-08-11,INFOSYS,INFOSYS,1392,2.874151604556946e-4,2.87456468150315e-4,-0.01439584446259257
2023-08-14,INFOSYS,INFOSYS,1371.84997558594,-0.014581385827948285,-0.014475592251479884,-0.8508133849567978
2023-08-16,INFOSYS,INFOSYS,1410.80004882812,0.02799677790571489,0.028392370838905886,1.5443443023808978
2023-08-17,INFOSYS,INFOSYS,1420,0.006499917623174672,0.006521087931292556,0.33507725926877735
2023-08-18,INFOSYS,INFOSYS,1403.69995117188,-0.011545298840322682,-0.011478907625436617,-0.6800237958771709
2023-08-21,INFOSYS,INFOSYS,1389.75,-0.009987697921404812,-0.009937986505046093,-0.5924037698448874
2023-08-22,INFOSYS,INFOSYS,1404.69995117188,0.010699847242752128,0.010757295320654796,0.5713367132352006
2023-08-23,INFOSYS,INFOSYS,1416,0.008012273177334096,0.008044457336737898,0.420152089038125
2023-08-24,INFOSYS,INFOSYS,1421.5,0.0038766568373893744,0.003884180790960452,0.18751046244147287
2023-08-25,INFOSYS,INFOSYS,1413,-0.005997548406527069,-0.005979599015124868,-0.3679451167200648
2023-08-28,INFOSYS,INFOSYS,1420.09997558594,0.005012170774650371,0.005024752714748762,0.2513867477815917
2023-08-29,INFOSYS,INFOSYS,1424,0.0027425385127432555,0.0027463027118571916,0.12371268476795932
2023-08-30,INFOSYS,INFOSYS,1427,0.002104525504915443,0.002106741573033708,0.08782241552386673
2023-08-31,INFOSYS,INFOSYS,1435.15002441406,0.005695051882273888,0.005711299519313244,0.2898009909296353
2023-09-01,INFOSYS,INFOSYS,1430.94995117188,-0.002930865136944828,-0.002926574344654172,-0.19543438906830968
2023-09-04,INFOSYS,INFOSYS,1443,0.008385754551705352,0.008421013480067267,0.4411616090939539
2023-09-05,INFOSYS,INFOSYS,1465,0.015130962677296774,0.015246015246015246,0.8206011076068934
2023-09-06,INFOSYS,INFOSYS,1481.90002441406,0.011469822219801239,0.011535852842361773,0.6146502646807923
2023-09-07,INFOSYS,INFOSYS,1470.59997558594,-0.007654600510275288,-0.007625378663846107,-0.4611595895056479
2023-09-08,INFOSYS,INFOSYS,1463.5,-0.004839637028753242,-0.0048279448550317804,-0.3028089038227934
2023-09-11,INFOSYS,INFOSYS,1469.59997558594,0.004159411156250621,0.004168073512770756,0.20341629587958818
2023-09-12,INFOSYS,INFOSYS,1482.5,0.008739613583689234,0.00877791550650827,0.4610673097247207
2023-09-13,INFOSYS,INFOSYS,1505,0.015063046311095542,0.01517706576728499,0.8167805951108528
2023-09-14,INFOSYS,INFOSYS,1505,0,0,-0.030563865125225968
2023-09-15,INFOSYS,INFOSYS,1518,0.008600780772599122,0.008637873754152824,0.45325752072542946
2023-09-18,INFOSYS,INFOSYS,1504.90002441406,-0.00866721193985779,-0.008629759938036892,-0.518122216288282
2023-09-20,INFOSYS,INFOSYS,1476.19995117188,-0.019255281756666277,-0.019071082979983674,-1.1137349574677908
2023-09-21,INFOSYS,INFOSYS,1486.55004882812,0.006986846517879627,0.007011311474454107,0.3624685646485663
2023-09-22,INFOSYS,INFOSYS,1491.90002441406,0.003592459976279274,0.0035989205948077593,0.1715234813949669
2023-09-25,INFOSYS,INFOSYS,1489.84997558594,-0.0013750644092493812,-0.0013741194413648121,-0.10791562954136533
2023-09-26,INFOSYS,INFOSYS,1479.15002441406,-0.0072078123920472055,-0.007181898410725443,-0.4360263309959797
2023-09-27,INFOSYS,INFOSYS,1456,-0.015774665195282343,-0.015650896820442867,-0.9179391602177907
2023-09-28,INFOSYS,INFOSYS,1467.90002441406,0.008139874838520094,0.008173093690975275,0.4273300899875898
2023-09-29,INFOSYS,INFOSYS,1432.09997558594,-0.02469094315822888,-0.02438861518679398,-1.4195082705950586
2023-10-03,INFOSYS,INFOSYS,1436.05004882812,0.0027544415082703805,0.002758238467648765,0.12438226627968148
2023-10-04,INFOSYS,INFOSYS,1425,-0.00772450924244215,-0.007694751890532871,-0.46509217895006083
2023-10-05,INFOSYS,INFOSYS,1452,0.018770102681990468,0.018947368421052633,1.0253143548024022
2023-10-06,INFOSYS,INFOSYS,1469.5,0.011980290474230723,0.012052341597796144,0.6433657342202168
2023-10-09,INFOSYS,INFOSYS,1464.90002441406,-0.00313520945722292,-0.0031302998203062275,-0.20692940967651197
2023-10-10,INFOSYS,INFOSYS,1483.90002441406,0.012886776062963089,0.012970168396030808,0.6943584435323046
2023-10-11,INFOSYS,INFOSYS,1497,0.008789331954916229,0.008828071548224903,0.4638641268864738
2023-10-12,INFOSYS,INFOSYS,1491.90002441406,-0.0034126136664181074,-0.003406797318597195,-0.2225342823598395
2023-10-13,INFOSYS,INFOSYS,1405,-0.06001318898536409,-0.058247887252491845,-3.406497403243031
2023-10-16,INFOSYS,INFOSYS,1432.09997558594,0.01910457866907643,0.019288238851202847,1.0441296972561076
2023-10-17,INFOSYS,INFOSYS,1440.25,0.005674828175569861,0.005690960514628483,0.2886633428412487
2023-10-18,INFOSYS,INFOSYS,1442,0.0012143292324019804,0.001215066828675577,0.037746032270536044
2023-10-19,INFOSYS,INFOSYS,1426.09997558594,-0.011087610221631858,-0.011026369219181691,-0.6542773494047132
2023-10-20,INFOSYS,INFOSYS,1430,0.0027310156306904272,0.002734748251052736,0.12306448585309403
2023-10-23,INFOSYS,INFOSYS,1425.59997558594,-0.0030816836628711894,-0.003076940149692307,-0.20391841280463313
2023-10-25,INFOSYS,INFOSYS,1399,-0.018835064925600532,-0.018658793519554507,-1.0900964187188769
2023-10-26,INFOSYS,INFOSYS,1355.05004882812,-0.031919305629295486,-0.03141526173829878,-1.8261267440392388
2023-10-27,INFOSYS,INFOSYS,1363.65002441406,0.00632655610325609,0.00634661102988592,0.3253251201272472
2023-10-30,INFOSYS,INFOSYS,1380.34997558594,0.012172126356428486,0.012246508175039795,0.6541571152395421
2023-10-31,INFOSYS,INFOSYS,1379.94995117188,-2.898412690466223e-4,-2.897992691239002e-4,-0.046868362144102095
2023-11-01,INFOSYS,INFOSYS,1373.05004882812,-0.00501265295415624,-0.0050001105749527186,-0.31254160216913385
2023-11-02,INFOSYS,INFOSYS,1370,-0.002223838450496747,-0.0022213675537342387,-0.1556618800002366
2023-11-03,INFOSYS,INFOSYS,1380.05004882812,0.007309025938192085,0.007335802064321166,0.3805921859510342
2023-11-06,INFOSYS,INFOSYS,1393.90002441406,0.009985825490407383,0.010035850219853122,0.5311707093710478
2023-11-07,INFOSYS,INFOSYS,1400,0.004366645352580097,0.004376193040461555,0.21507388124476826
2023-11-08,INFOSYS,INFOSYS,1405,0.0035650661644961446,0.0035714285714285713,0.1699824919974845
2023-11-09,INFOSYS,INFOSYS,1395.90002441406,-0.006497916759299216,-0.006476850950846976,-0.3960924345362904
2023-11-10,INFOSYS,INFOSYS,1369.94995117188,-0.01876517884501416,-0.01859020903239309,-1.0861651034982063
2023-11-13,INFOSYS,INFOSYS,1379.84997558594,0.007200572734472049,0.0072265591933423105,0.37449134688640656
2023-11-15,INFOSYS,INFOSYS,1399,0.013782915767476438,0.01387833804608224,0.7447691638165308
2023-11-16,INFOSYS,INFOSYS,1416.09997558594,0.012148901323181405,0.012222998989235168,0.6528506329480939
2023-11-17,INFOSYS,INFOSYS,1441.05004882812,0.017465451418903714,0.017618864255580825,0.9519235547288306
2023-11-20,INFOSYS,INFOSYS,1442,6.589904373278826e-4,6.592076192305149e-4,0.006506451521614382
2023-11-21,INFOSYS,INFOSYS,1442,0,0,-0.030563865125225968
2023-11-22,INFOSYS,INFOSYS,1436.19995117188,-0.004030336166811813,-0.004022225262219139,-0.2572831457611442
2023-11-23,INFOSYS,INFOSYS,1467.90002441406,0.021832121917068948,0.022072186547781206,1.1975627156182935
2023-11-24,INFOSYS,INFOSYS,1445.55004882812,-0.01534291885151615,-0.015225815937200094,-0.8936520495589071
2023-11-28,INFOSYS,INFOSYS,1444,-0.0010728652908637642,-0.0010722899766608517,-0.0909159640312315
2023-11-29,INFOSYS,INFOSYS,1451.09997558594,0.004904832219756297,0.004916880599681441,0.24534861127315893
2023-11-30,INFOSYS,INFOSYS,1453.25,0.0014805549089323181,0.0014816514714582915,0.05272207679178382
2023-12-01,INFOSYS,INFOSYS,1459.90002441406,0.004565529347578529,0.004575967255503181,0.2262617411179339
2023-12-04,INFOSYS,INFOSYS,1460.44995117188,3.766170280395296e-4,3.7668795713646205e-4,-0.009377954536555586
2023-12-05,INFOSYS,INFOSYS,1465.80004882812,0.0036566278462554767,0.00366332146606395,0.17513312900717887
2023-12-06,INFOSYS,INFOSYS,1456.75,-0.006193274780149775,-0.006174135984887806,-0.3789553503066888
2023-12-07,INFOSYS,INFOSYS,1472.84997558594,0.010991355684158426,0.011051982554274928,0.5877349940235782
2023-12-08,INFOSYS,INFOSYS,1470.40002441406,-0.0016647935022333822,-0.0016634085022171688,-0.12421381629847433
2023-12-11,INFOSYS,INFOSYS,1490,0.013241630734396199,0.013329689377385857,0.7143201520617575
2023-12-12,INFOSYS,INFOSYS,1477.5,-0.008424649659251578,-0.008389261744966443,-0.5044773133590182
2023-12-13,INFOSYS,INFOSYS,1476,-0.0010157441198354164,-0.0010152284263959391,-0.08770271573912372
2023-12-14,INFOSYS,INFOSYS,1463.40002441406,-0.00857321402738054,-0.008536568825162603,-0.5128345335203758
2023-12-15,INFOSYS,INFOSYS,1523.05004882812,0.039952423223572855,0.04076125694882617,2.2168875329737783
2023-12-18,INFOSYS,INFOSYS,1567.94995117188,0.02905406714883963,0.029480254032562703,1.6038201988580287
2023-12-19,INFOSYS,INFOSYS,1570.09997558594,0.0013702935266598005,0.0013712328078157587,0.046519521908992965
2023-12-20,INFOSYS,INFOSYS,1565.05004882812,-0.0032214924873420624,-0.003216309048049911,-0.21178310567358152
2023-12-21,INFOSYS,INFOSYS,1521.25,-0.028385438243030546,-0.027986356641384505,-1.6273354178282287
2023-12-22,INFOSYS,INFOSYS,1534.94995117188,0.008965410088250353,0.00900571975144125,0.4737690842083855
2023-12-26,INFOSYS,INFOSYS,1535,3.2605631310326366e-5,3.260616287963479e-5,-0.02872969423490918
2023-12-27,INFOSYS,INFOSYS,1544,0.00584607056342391,0.005863192182410423,0.29829627403650394
2023-12-28,INFOSYS,INFOSYS,1568.94995117188,0.01603012308752099,0.016159294800440416,0.8711817522342601
2023-12-29,INFOSYS,INFOSYS,1541.05004882812,-0.017942540730198856,-0.017782531764586253,-1.0398890823686462
2024-01-01,INFOSYS,INFOSYS,1539,-0.001331179103164402,-0.0013302934772812486,-0.10544694092228565
2024-01-02,INFOSYS,INFOSYS,1546,0.0045380953084881,0.004548408057179987,0.22471848880594628
2024-01-03,INFOSYS,INFOSYS,1519.94995117188,-0.016993542709751414,-0.016849966900465717,-0.9865049130051877
2024-01-04,INFOSYS,INFOSYS,1504.94995117188,-0.009917764842896325,-0.009868745999455452,-0.5884698108410057
2024-01-05,INFOSYS,INFOSYS,1506.75,0.001195370768434084,0.0011960855088359113,0.036679558126726956
2024-01-08,INFOSYS,INFOSYS,1528.94995117188,0.01462617998365692,0.014733665951139872,0.7922054690192518
2024-01-09,INFOSYS,INFOSYS,1541.90002441406,0.00843424466424698,0.008469913114065163,0.4438893327820971
2024-01-10,INFOSYS,INFOSYS,1524.94995117188,-0.011053847411782712,-0.01099297812685438,-0.6523780835260307
2024-01-11,INFOSYS,INFOSYS,1524.90002441406,-3.274046803880617e-5,-3.273993207556488e-5,-0.03240562101213335
2024-01-12,INFOSYS,INFOSYS,1562,0.024038201268395367,0.024329447827371894,1.3216617244496411
2024-01-15,INFOSYS,INFOSYS,1644.94995117188,0.05174290751747097,0.053104962337951346,2.8801399285118516
2024-01-16,INFOSYS,INFOSYS,1644.80004882812,-9.113296989964348e-5,-9.112881741673198e-5,-0.035690385723681724
2024-01-17,INFOSYS,INFOSYS,1620.25,-0.01503836763937718,-0.014925856091511737,-0.8765200712635174
2024-01-18,INFOSYS,INFOSYS,1642.65002441406,0.013730347944658626,0.013825042070087949,0.7418120559028059
2024-01-19,INFOSYS,INFOSYS,1651.59997558594,0.005433693977385349,0.005448483267196545,0.27509877410891936
2024-01-23,INFOSYS,INFOSYS,1650.09997558594,-9.086229066133597e-4,-9.082102338175703e-4,-0.08167680539384271
2024-01-24,INFOSYS,INFOSYS,1659.90002441406,0.005921496957068844,0.005939063676817559,0.3025392495602227
2024-01-25,INFOSYS,INFOSYS,1672.94995117188,0.00783113164149282,0.007861875152647576,0.4099622991547401
2024-01-29,INFOSYS,INFOSYS,1665.15002441406,-0.0046732818132735904,-0.004662379022370785,-0.2934508916812368
2024-01-30,INFOSYS,INFOSYS,1662.44995117188,-0.0016228355899537566,-0.00162151950430419,-0.12185354973625685
2024-01-31,INFOSYS,INFOSYS,1648.25,-0.008578269525181167,-0.008541581153688443,-0.5131189214168627
2024-02-01,INFOSYS,INFOSYS,1659.55004882812,0.0068323916923353585,0.006855785729179432,0.35377998744587513
2024-02-02,INFOSYS,INFOSYS,1666.05004882812,0.003909073903209653,0.003916724298004709,0.18933402592077306
2024-02-05,INFOSYS,INFOSYS,1694.75,0.017079652722120812,0.01722634394570992,0.9302211459508339
2024-02-06,INFOSYS,INFOSYS,1686.75,-0.004731636803540188,-0.004720460244873876,-0.2967335462458124
2024-02-07,INFOSYS,INFOSYS,1729,0.02473960617575575,0.025048169556840076,1.3611179904903579
2024-02-08,INFOSYS,INFOSYS,1698,-0.01809211881199787,-0.017929438982070563,-1.048303327161333
2024-02-09,INFOSYS,INFOSYS,1684.69995117188,-0.007863610462407595,-0.007832773161436983,-0.4729170668057783
2024-02-12,INFOSYS,INFOSYS,1670.34997558594,-0.008554306734891106,-0.008517822758858713,-0.5117709379356511
2024-02-13,INFOSYS,INFOSYS,1683,0.007544744516812234,0.007573277815400639,0.39385210878758425
2024-02-14,INFOSYS,INFOSYS,1660.19995117188,-0.013639867580857858,-0.01354726608919786,-0.7978499767320221
2024-02-15,INFOSYS,INFOSYS,1677,0.010068435213260701,0.010119292448033987,0.535817770103367
2024-02-16,INFOSYS,INFOSYS,1689,0.007130154984591269,0.007155635062611807,0.3705301235699904
2024-02-19,INFOSYS,INFOSYS,1705,0.009428472909817198,0.009473060982830076,0.4998178467556352
2024-02-20,INFOSYS,INFOSYS,1685,-0.011799546931155055,-0.011730205278592375,-0.6943260629513761
2024-02-21,INFOSYS,INFOSYS,1674,-0.006549591737041495,-0.006528189910979229,-0.39899931706313285
2024-02-22,INFOSYS,INFOSYS,1665,-0.005390848634876423,-0.005376344086021506,-0.3338163170126649
2024-02-23,INFOSYS,INFOSYS,1697,0.019036862819682213,0.01921921921921922,1.0403204644708306
2024-02-26,INFOSYS,INFOSYS,1674.94995117188,-0.0130787013188576,-0.012993546746093104,-0.7662825823579471
2024-02-27,INFOSYS,INFOSYS,1661,-0.008363454302073844,-0.008328577914892268,-0.5010348790847158
2024-02-28,INFOSYS,INFOSYS,1670,0.005403795797506026,0.005418422636965683,0.27341690600809404
2024-02-29,INFOSYS,INFOSYS,1665,-0.0029985029962565574,-0.0029940119760479044,-0.19923923466237817
2024-03-01,INFOSYS,INFOSYS,1669,0.0023995212472907763,0.0024024024024024023,0.10441686812877199
2024-03-04,INFOSYS,INFOSYS,1657.84997558594,-0.006703077231951805,-0.006680661722025164,-0.40763336632201647
2024-03-05,INFOSYS,INFOSYS,1634,-0.01449057100993508,-0.01438608796764654,-0.8457047614180019
2024-03-06,INFOSYS,INFOSYS,1602.80004882812,-0.0192788661936966,-0.019094217363451654,-1.115061657369836
2024-03-07,INFOSYS,INFOSYS,1616.59997558594,0.008573032971389161,0.008609886659230986,0.45169661829218966
2024-03-11,INFOSYS,INFOSYS,1608.15002441406,-0.005240698045825458,-0.0052269895456464426,-0.32536986685870095
2024-03-12,INFOSYS,INFOSYS,1600,-0.005080835923942732,-0.005067950309567364,-0.3163771119682686
2024-03-13,INFOSYS,INFOSYS,1612.90002441406,0.008030186832011545,0.0080625152587875,0.42115978932265097
2024-03-14,INFOSYS,INFOSYS,1614.40002441406,9.295696621436278e-4,9.30001845926517e-4,0.021727397037376993
2024-03-15,INFOSYS,INFOSYS,1641.09997558594,0.016403348086910616,0.01653862163534756,0.8921768503786149
2024-03-18,INFOSYS,INFOSYS,1630,-0.006786719008130339,-0.00676374124128352,-0.41233848334983714
2024-03-19,INFOSYS,INFOSYS,1592.34997558594,-0.023369117645646777,-0.023098174487153372,-1.3451513641398132
2024-03-20,INFOSYS,INFOSYS,1563,-0.018603845733684586,-0.018431862364390112,-1.0770896007536475
2024-03-21,INFOSYS,INFOSYS,1564,6.395906837797982e-4,6.397952655150352e-4,0.005415153429620467
2024-03-22,INFOSYS,INFOSYS,1521,-0.02787862884596348,-0.027493606138107418,-1.5988257707003408
2024-03-26,INFOSYS,INFOSYS,1492,-0.019250511495586643,-0.0190664036817883,-1.1134666150477899
2024-03-27,INFOSYS,INFOSYS,1496,0.0026773777707163942,0.002680965147453083,0.12004718493206873
2024-03-28,INFOSYS,INFOSYS,1487.15002441406,-0.005933326501612572,-0.005915759081510696,-0.36433242947000816
2024-04-01,INFOSYS,INFOSYS,1525,0.025132857008702,0.025451349873630246,1.3832396057266314
2024-04-02,INFOSYS,INFOSYS,1484.84997558594,-0.02668066944969133,-0.02632788486167869,-1.5314367288654736
2024-04-03,INFOSYS,INFOSYS,1479,-0.003947556881020863,-0.003939775520844474,-0.25262654657206823
2024-04-04,INFOSYS,INFOSYS,1490.55004882812,0.007779028393140003,0.007809363643083163,0.40703132503833284
2024-04-05,INFOSYS,INFOSYS,1480.05004882812,-0.0070693081417965336,-0.007044379360662976,-0.4282350245931965
2024-04-08,INFOSYS,INFOSYS,1483,0.001991159175788778,0.0019931428496054756,0.081445197464594
2024-04-09,INFOSYS,INFOSYS,1490,0.004709056801572644,0.004720161834120027,0.2343356187733533
2024-04-10,INFOSYS,INFOSYS,1500.34997558594,0.006922277993898349,0.006946292339557048,0.3588363789690431
2024-04-12,INFOSYS,INFOSYS,1504,0.002429827576381929,0.0024327819998360947,0.10612169592622514
2024-04-15,INFOSYS,INFOSYS,1480,-0.01608613775162438,-0.015957446808510637,-0.9354604862285584
2024-04-16,INFOSYS,INFOSYS,1451,-0.019789113873972867,-0.019594594594594596,-1.143764718908718
2024-04-18,INFOSYS,INFOSYS,1421.09997558594,-0.020821771466064044,-0.02060649511651275,-1.2018550063517464
2024-04-19,INFOSYS,INFOSYS,1385,-0.025731062796684946,-0.025402840198526823,-1.47801832197685
2024-04-22,INFOSYS,INFOSYS,1419.90002441406,0.024886324153083873,0.025198573584158845,1.3693713452725476
2024-04-23,INFOSYS,INFOSYS,1443,0.016137815999348108,0.01626873384657663,0.8772398224518483
2024-04-24,INFOSYS,INFOSYS,1444.30004882812,9.005291407133297e-4,9.009347388218973e-4,0.02009377496332121
2024-04-25,INFOSYS,INFOSYS,1420,-0.016967937319277916,-0.01682479263767708,-0.9850645280178615
2024-04-26,INFOSYS,INFOSYS,1439.69995117188,0.01377785302152005,0.01387320505061972,0.7444843681881347
2024-04-29,INFOSYS,INFOSYS,1429.94995117188,-0.00679528015586268,-0.006772244447229259,-0.4128200752506015
2024-04-30,INFOSYS,INFOSYS,1434.69995117188,0.0033162896097003614,0.0033217945817664843,0.1559880162991958
2024-05-02,INFOSYS,INFOSYS,1413,-0.01524063038613675,-0.015125079745179628,-0.8878979967136045
2024-05-03,INFOSYS,INFOSYS,1422.09997558594,0.006419531526511817,0.006440180881769286,0.33055528461102845
2024-05-06,INFOSYS,INFOSYS,1420,-0.0014777636157327835,-0.001476672260735227,-0.11369278788550793
2024-05-07,INFOSYS,INFOSYS,1424.94995117188,0.0034798195060075803,0.003485881106957748,0.165187095214384
2024-05-08,INFOSYS,INFOSYS,1435.25,0.007202358946432151,0.007228358315075719,0.37459182701359606
2024-05-09,INFOSYS,INFOSYS,1427.55004882812,-0.005379327657144684,-0.0053648849830203816,-0.33316822522194245
2024-05-10,INFOSYS,INFOSYS,1435.05004882812,0.005240003427062876,0.00525375625615142,0.26420306208452426
2024-05-13,INFOSYS,INFOSYS,1425,-0.0070279121149134606,-0.007003274092305696,-0.4259063658789683
2024-05-14,INFOSYS,INFOSYS,1426.40002441406,9.81990962037735e-4,9.824732730245606e-4,0.024676262568708897
2024-05-15,INFOSYS,INFOSYS,1426,-2.8048269054731483e-4,-2.8044335895487793e-4,-0.046341912216026696
2024-05-16,INFOSYS,INFOSYS,1433.94995117188,0.0055595180224713376,0.005575000821795233,0.2821767784757766
2024-05-17,INFOSYS,INFOSYS,1457,0.015946687198492095,0.016074514183206042,0.8664882170161263
2024-05-21,INFOSYS,INFOSYS,1430,-0.01870508294125183,-0.018531228551818806,-1.082784516989727
2024-05-22,INFOSYS,INFOSYS,1428.75,-8.74508144932509e-4,-8.741258741258741e-4,-0.07975774110063598
2024-05-23,INFOSYS,INFOSYS,1454.69995117188,0.01799972410462927,0.018162695483380578,0.9819780995503206
2024-05-24,INFOSYS,INFOSYS,1468.25,0.009271555188979276,0.009314669198417395,0.4909907238271912
2024-05-27,INFOSYS,INFOSYS,1471.84997558594,0.0024488809325714143,0.002451881890645327,0.10719350806054573
2024-05-28,INFOSYS,INFOSYS,1475.5,0.0024768190477939757,0.0024798888980562934,0.10876511626477973
2024-05-29,INFOSYS,INFOSYS,1465.40002441406,-0.006868655996792273,-0.006845120695316843,-0.41694770063545183
2024-05-30,INFOSYS,INFOSYS,1442.80004882812,-0.015542555514206836,-0.015422393346128542,-0.9048822493934763
2024-05-31,INFOSYS,INFOSYS,1409.80004882812,-0.02313781889743521,-0.02287219218408224,-1.3321400708788849
2024-06-03,INFOSYS,INFOSYS,1440,0.021195228595486518,0.021421442847149398,1.1617354323013258
2024-06-04,INFOSYS,INFOSYS,1409,-0.021762880671366124,-0.021527777777777778,-1.2547954046696146
2024-06-05,INFOSYS,INFOSYS,1400.15002441406,-0.006300841740827426,-0.006281033063122783,-0.3850063353698829
2024-06-06,INFOSYS,INFOSYS,1444.94995117188,0.031495293921633125,0.03199651892772565,1.7411470011120225
2024-06-07,INFOSYS,INFOSYS,1481,0.02464285018831275,0.024948994806970836,1.3556751571974597
2024-06-10,INFOSYS,INFOSYS,1525.30004882812,0.029473608750230088,0.029912254441674543,1.6274207537812992
2024-06-11,INFOSYS,INFOSYS,1500.05004882812,-0.01669267059894287,-0.016554119970952234,-0.9695798959091861
2024-06-12,INFOSYS,INFOSYS,1507,0.004622446207409517,0.004633146192228382,0.22946349625270343
2024-06-13,INFOSYS,INFOSYS,1495,-0.007994712801708699,-0.007962840079628402,-0.4802919920789584
2024-06-14,INFOSYS,INFOSYS,1503.69995117188,0.005802498231504714,0.005819365332361205,0.2958451912137616
2024-06-18,INFOSYS,INFOSYS,1497,-0.004465599636663083,-0.00445564367190311,-0.281768105994582
2024-06-19,INFOSYS,INFOSYS,1505,0.005329792763347826,0.005344021376085505,0.2692539990011347
2024-06-20,INFOSYS,INFOSYS,1516.30004882812,0.007480290826066808,0.007508338091774085,0.39022638284430833
2024-06-21,INFOSYS,INFOSYS,1545,0.01875072132280286,0.0189276200274879,1.0242240914519292
2024-06-24,INFOSYS,INFOSYS,1524.55004882812,-0.013324593774907467,-0.013236214350731393,-0.7801148182911409
2024-06-25,INFOSYS,INFOSYS,1526,9.506162874640336e-4,9.510682663350673e-4,0.0229113369260019
2024-06-26,INFOSYS,INFOSYS,1541,0.009781623475713394,0.009829619921363041,0.5196836939064174
2024-06-27,INFOSYS,INFOSYS,1538.44995117188,-0.0016561720121661021,-0.001654801316106423,-0.12372882994866082
2024-06-28,INFOSYS,INFOSYS,1572.55004882812,0.021923152313813477,0.022165230419270387,1.2026834661491972
2024-07-01,INFOSYS,INFOSYS,1559.5,-0.00833327957390522,-0.008298654047828254,-0.4993374542594346
2024-07-02,INFOSYS,INFOSYS,1596.19995117188,0.023260516803823406,0.023533152402616223,1.277914489709925
2024-07-03,INFOSYS,INFOSYS,1625,0.017882041912156508,0.01804288291512345,0.9753581003947197
2024-07-04,INFOSYS,INFOSYS,1628.19995117188,0.001967264387020491,0.0019692007211569245,0.08010103928615138
2024-07-05,INFOSYS,INFOSYS,1651.44995117188,0.01417858014774133,0.0142795729623171,0.7670265487973655
2024-07-08,INFOSYS,INFOSYS,1643.09997558594,-0.005068973699350148,-0.005056148132139762,-0.3157098239518202
2024-07-09,INFOSYS,INFOSYS,1659.90002441406,0.010172687681075156,0.010224605366529199,0.5416823043578656
2024-07-10,INFOSYS,INFOSYS,1657,-0.0017486358537617795,-0.001747107880839811,-0.12893021633028082
2024-07-11,INFOSYS,INFOSYS,1656,-6.036824813579186e-4,-6.035003017501509e-4,-0.06452293261766327
2024-07-12,INFOSYS,INFOSYS,1680,0.01438873745209967,0.014492753623188406,0.7788485683243862
2024-07-15,INFOSYS,INFOSYS,1726.19995117188,0.027128639101773325,0.027499970935642857,1.4955087221773105
2024-07-16,INFOSYS,INFOSYS,1718.59997558594,-0.0044124408257391,-0.004402720311039599,-0.27877775311250963
2024-07-18,INFOSYS,INFOSYS,1719,2.3273470951041118e-4,2.3276179433414366e-4,-0.017471794455361775
2024-07-19,INFOSYS,INFOSYS,1844,0.07019439873368985,0.07271669575334497,3.9180952359745302
2024-07-22,INFOSYS,INFOSYS,1800.15002441406,-0.024067116808742715,-0.023779813224479394,-1.3844160461890942
2024-07-23,INFOSYS,INFOSYS,1810,0.005456836952074926,0.005471752605256398,0.27640064034444656
2024-07-24,INFOSYS,INFOSYS,1837.5,0.0150791068271203,0.015193370165745856,0.8176840504279945
2024-07-25,INFOSYS,INFOSYS,1820,-0.009569451016150672,-0.009523809523809525,-0.5688760457140171
2024-07-26,INFOSYS,INFOSYS,1825.34997558594,0.002935235005075605,0.002939547025241759,0.13455247785579355
2024-07-29,INFOSYS,INFOSYS,1893.59997558594,0.03670803023092342,0.03739009007195546,2.0343800658669933
2024-07-30,INFOSYS,INFOSYS,1871.09997558594,-0.01195328615462525,-0.011882129430762051,-0.702974385252059
2024-07-31,INFOSYS,INFOSYS,1877,0.003148277434294042,0.003153238464562745,0.1465367948701087
2024-08-01,INFOSYS,INFOSYS,1856.09997558594,-0.011197258534874598,-0.01113480256476292,-0.6604454171966861
2024-08-02,INFOSYS,INFOSYS,1843,-0.007082820381810935,-0.007057796324685881,-0.4289951312465997
2024-08-05,INFOSYS,INFOSYS,1784.94995117188,-0.03200430240834242,-0.031497584822637,-1.8309080843057344
2024-08-06,INFOSYS,INFOSYS,1760.19995117188,-0.01396296506186756,-0.013865934999326333,-0.8160252418806221
2024-08-07,INFOSYS,INFOSYS,1796,0.02013455866253155,0.020338626190896988,1.102069361224698
2024-08-08,INFOSYS,INFOSYS,1779.94995117188,-0.008976723290481823,-0.00893655279962138,-0.5355332182141194
2024-08-09,INFOSYS,INFOSYS,1771.25,-0.004899734566772824,-0.004887750448349486,-0.30618958226346243
2024-08-12,INFOSYS,INFOSYS,1773.05004882812,0.0010157430003588325,0.0010162590419872958,0.02657492251453879
2024-08-13,INFOSYS,INFOSYS,1810,0.02062559025462251,0.02083976771907917,1.1296914564347944
2024-08-14,INFOSYS,INFOSYS,1802,-0.004429686091588173,-0.004419889502762431,-0.2797478543908777
2024-08-16,INFOSYS,INFOSYS,1850,0.026288479904087364,0.026637069922308545,1.4482470841810708
2024-08-19,INFOSYS,INFOSYS,1860,0.005390848634876373,0.005405405405405406,0.27268858676221014
2024-08-20,INFOSYS,INFOSYS,1880,0.01069528911674795,0.010752688172043012,0.571080304090667
2024-08-21,INFOSYS,INFOSYS,1875.09997558594,-0.0026097985284596805,-0.0026063959649255315,-0.17737336698499584
2024-08-22,INFOSYS,INFOSYS,1884,0.004735197840773108,0.00474642660654874,0.23580613571221523
2024-08-23,INFOSYS,INFOSYS,1878.19995117188,-0.003083330763090803,-0.003078582180530784,-0.20401106745215386
2024-08-26,INFOSYS,INFOSYS,1870,-0.00437541452458531,-0.004365856343869961,-0.2766949054256785
2024-08-27,INFOSYS,INFOSYS,1876.15002441406,0.003283386890046189,0.003288783109122994,0.15413713324075845
2024-08-28,INFOSYS,INFOSYS,1906.90002441406,0.016257081904912846,0.016389947285587424,0.8839489105266077
2024-08-29,INFOSYS,INFOSYS,1933,0.013594300564739722,0.013687123211380646,0.7341589563024282
2024-08-30,INFOSYS,INFOSYS,1938,0.0025833132423806037,0.002586652871184687,0.11475575480937565
2024-09-02,INFOSYS,INFOSYS,1943.34997558594,0.0027567619553978367,0.002760565317822498,0.12451279884116424
2024-09-03,INFOSYS,INFOSYS,1967,0.012096263982949584,0.012169719665100092,0.6498896144578207
2024-09-04,INFOSYS,INFOSYS,1921.09997558594,-0.023611613463037542,-0.023335040373187593,-1.3587925283009517
2024-09-05,INFOSYS,INFOSYS,1926.25,0.002677181708303984,0.002680768559423478,0.12003615579522713
2024-09-06,INFOSYS,INFOSYS,1922,-0.002208797104087752,-0.0022063595068137574,-0.15481575622879432
2024-09-09,INFOSYS,INFOSYS,1890,-0.01678948147654969,-0.01664932362122789,-0.975025816949096
2024-09-10,INFOSYS,INFOSYS,1904.90002441406,0.007852697507416604,0.007883610801089947,0.41117544798554806
2024-09-11,INFOSYS,INFOSYS,1914.69995117188,0.005131400316346661,0.005144588499249153,0.2580937902726196
2024-09-12,INFOSYS,INFOSYS,1925,0.0053650408444332566,0.0053794584482106025,0.27123681613020983
2024-09-13,INFOSYS,INFOSYS,1950.44995117188,0.0131341224092692,0.013220753855522079,0.7082724654355457
2024-09-16,INFOSYS,INFOSYS,1945.75,-0.0024125832916562766,-0.0024096753516059982,-0.16627938008963478
2024-09-17,INFOSYS,INFOSYS,1947.75,0.0010273533714699782,0.0010278812797121933,0.027228042968338872
2024-09-18,INFOSYS,INFOSYS,1938.75,-0.004631424720218908,-0.004620716211012707,-0.29109629652239793
2024-09-19,INFOSYS,INFOSYS,1910.59997558594,-0.014626119433056892,-0.01451967732511154,-0.8533297931050783
2024-09-20,INFOSYS,INFOSYS,1905,-0.0029353074968902736,-0.0029310036938645983,-0.19568428600232995
2024-09-23,INFOSYS,INFOSYS,1909,0.0020975361649463306,0.002099737532808399,0.08742924282949802
2024-09-24,INFOSYS,INFOSYS,1888,-0.011061477020301564,-0.011000523834468309,-0.6528072733710792
2024-09-25,INFOSYS,INFOSYS,1886.34997558594,-8.743357292505177e-4,-8.739536091419486e-4,-0.07974804216789848
2024-09-26,INFOSYS,INFOSYS,1897.80004882812,0.006051614292263959,0.00606996230305745,0.3098587652067389
2024-09-27,INFOSYS,INFOSYS,1932.09997558594,0.017912135362855183,0.018073519799411956,0.977050953102749
2024-09-30,INFOSYS,INFOSYS,1880,-0.02733570480731986,-0.02696546568204363,-1.568284559648311
2024-10-01,INFOSYS,INFOSYS,1875,-0.002663117419483662,-0.0026595744680851063,-0.18037272488392378
2024-10-03,INFOSYS,INFOSYS,1889.5,0.0077035843850325044,0.007733333333333333,0.40278735864484144
2024-10-04,INFOSYS,INFOSYS,1889.55004882812,2.6487518014472733e-5,2.6487868811853812e-5,-0.029073857646563808
2024-10-07,INFOSYS,INFOSYS,1923.19995117188,0.017651708644332575,0.017808420774368658,0.9624011184889469
2024-10-08,INFOSYS,INFOSYS,1937.90002441406,0.0076144851785172945,0.007643549092866124,0.39777524373177225
2024-10-09,INFOSYS,INFOSYS,1952.55004882812,0.007531310457530475,0.007559742107175809,0.3930964000500696
2024-10-10,INFOSYS,INFOSYS,1957.90002441406,0.0027362471448020556,0.0027399940857602834,0.12335877522919918
2024-10-11,INFOSYS,INFOSYS,1918,-0.020589506289356994,-0.02037898969126417,-1.1887893484015677
2024-10-14,INFOSYS,INFOSYS,1932.15002441406,0.0073504087025189555,0.007377489266976016,0.38292009860412085
2024-10-15,INFOSYS,INFOSYS,1960,0.014311088078660422,0.014413981954835899,0.7744805430879449
2024-10-16,INFOSYS,INFOSYS,1955,-0.0025542798050967423,-0.002551020408163265,-0.17425026149163275
2024-10-17,INFOSYS,INFOSYS,1935.19995117188,-0.010179538355211636,-0.01012790221387212,-0.6031954069067584
2024-10-18,INFOSYS,INFOSYS,1893.80004882812,-0.021625236731710115,-0.021393087736845937,-1.2470524934852631
2024-10-21,INFOSYS,INFOSYS,1891.09997558594,-0.001426760909295614,-0.0014257435698403309,-0.11082372276653871
2024-10-22,INFOSYS,INFOSYS,1858.19995117188,-0.01755040649314393,-0.01739729513975919,-1.017830279217212
2024-10-23,INFOSYS,INFOSYS,1845.25,-0.0069934812799431305,-0.006969083797313132,-0.423969521453819
2024-10-24,INFOSYS,INFOSYS,1861.40002441406,0.00871413621741478,0.008752214829459423,0.4596341265074479
2024-10-25,INFOSYS,INFOSYS,1863.44995117188,0.0011006762571437996,0.0011012822235592743,0.03135268945093454
2024-10-28,INFOSYS,INFOSYS,1859.69995117188,-0.0020144240046495758,-0.0020123964143183523,-0.14388164863685687
2024-10-29,INFOSYS,INFOSYS,1846,-0.007394022057273374,-0.0073667535256142,-0.4465012193428066
2024-10-30,INFOSYS,INFOSYS,1832,-0.0076128698287219404,-0.007583965330444204,-0.4588121053974659
2024-10-31,INFOSYS,INFOSYS,1787.90002441406,-0.024366505821141575,-0.02407203907529476,-1.4012576342631387
2024-11-01,INFOSYS,INFOSYS,1764.5,-0.013174396297609189,-0.01308799378853903,-0.7716657305235236
2024-11-04,INFOSYS,INFOSYS,1724.5,-0.022930210738429196,-0.022669311419665626,-1.3204614489188649
2024-11-05,INFOSYS,INFOSYS,1760,0.02037665565530183,0.020585677007828356,1.1156880902272504
2024-11-06,INFOSYS,INFOSYS,1764,0.0022701485345390775,0.0022727272727272726,0.09713923987271889
2024-11-07,INFOSYS,INFOSYS,1812.94995117188,0.027371368275844642,0.02774940542623583,1.509163013396976
2024-11-08,INFOSYS,INFOSYS,1818,0.00278166989484273,0.002785542328322785,0.12591394998075672
2024-11-11,INFOSYS,INFOSYS,1829,0.006032373653441534,0.00605060506050605,0.30877641782621096
2024-11-12,INFOSYS,INFOSYS,1871.09997558594,0.022757110761349102,0.023018029297944234,1.249596292146809
2024-11-13,INFOSYS,INFOSYS,1861.09997558594,-0.00535878252037759,-0.005344449858628465,-0.3320124956659916
2024-11-14,INFOSYS,INFOSYS,1865.59997558594,0.00241500643789729,0.0024179249148521646,0.10528795955378234
2024-11-18,INFOSYS,INFOSYS,1849.19995117188,-0.008829617360661148,-0.00879075076580077,-0.5272580398652611
2024-11-19,INFOSYS,INFOSYS,1825.5,-0.012899164613381683,-0.012816326950939408,-0.7561830693077884
2024-11-21,INFOSYS,INFOSYS,1842,0.008998015719560583,0.009038619556285949,0.47560325509869683
2024-11-22,INFOSYS,INFOSYS,1854.09997558594,0.006547452120948494,0.006568933542855592,0.33775122657438694
2024-11-25,INFOSYS,INFOSYS,1916,0.03284028959460526,0.03338548364658605,1.816807303085266
2024-11-26,INFOSYS,INFOSYS,1904.94995117188,-0.0057839436658479555,-0.005767248866450938,-0.3559291678902927
2024-11-27,INFOSYS,INFOSYS,1930.09997558594,0.013116066514087536,0.013202459412956388,0.7072567636683993
2024-11-28,INFOSYS,INFOSYS,1914.90002441406,-0.007906387699402155,-0.007875214426271157,-0.47532342299980035
2024-11-29,INFOSYS,INFOSYS,1851.09997558594,-0.033885370902951135,-0.0333176917931484,-1.9367241944943638
2024-12-02,INFOSYS,INFOSYS,1859,0.004258664944751848,0.0042677459447101745,0.20899963845897118
2024-12-03,INFOSYS,INFOSYS,1887,0.014949557647106235,0.01506186121570737,0.8103964953248688
2024-12-04,INFOSYS,INFOSYS,1884,-0.0015910902322418517,-0.001589825119236884,-0.12006777198321489
2024-12-05,INFOSYS,INFOSYS,1900,0.008456710018223458,0.008492569002123142,0.4451530806884677
2024-12-06,INFOSYS,INFOSYS,1932.80004882812,0.017115867848856853,0.01726318359374737,0.9322583624861059
2024-12-09,INFOSYS,INFOSYS,1924.19995117188,-0.0044594824520276894,-0.004449553724636099,-0.28142399482304403
2024-12-10,INFOSYS,INFOSYS,1939,0.007662104691290846,0.007691533730216781,0.4004539934026199
2024-12-11,INFOSYS,INFOSYS,1955,0.0082178171768143,0.008251676121712223,0.431714595432733
2024-12-12,INFOSYS,INFOSYS,1975.19995117188,0.010279440890907892,0.010332455842393864,0.5476875133372443
2024-12-13,INFOSYS,INFOSYS,1969.75,-0.0027630031845766183,-0.002759189604397551,-0.1859916181648675
2024-12-16,INFOSYS,INFOSYS,1995.44995117188,0.012962933202497976,0.013047316244132506,0.698642525846038
2024-12-17,INFOSYS,INFOSYS,1968,-0.013851765716096793,-0.01375627143931087,-0.8097699235555811
2024-12-18,INFOSYS,INFOSYS,1966.80004882812,-6.099172482402606e-4,-6.097312865243914e-4,-0.06487365816610192
2024-12-19,INFOSYS,INFOSYS,1934,-0.016817484350718816,-0.01667685988093364,-0.976601068050888
2024-12-20,INFOSYS,INFOSYS,1975.15002441406,0.021053960165674557,0.02127715843539814,1.153788631970556
2024-12-23,INFOSYS,INFOSYS,1930.05004882812,-0.023098422580917044,-0.022833696189391576,-1.3299239022589433
2024-12-24,INFOSYS,INFOSYS,1927.05004882812,-0.0015555731139955786,-0.0015543638372598305,-0.11806982065464725
2024-12-26,INFOSYS,INFOSYS,1909.05004882812,-0.009384599800653667,-0.009340701872764635,-0.5584775745027909
2024-12-27,INFOSYS,INFOSYS,1909.40002441406,1.8330766683185263e-4,1.833244687088405e-4,-0.020252223455880645
2024-12-30,INFOSYS,INFOSYS,1915.69995117188,0.0032939962324793604,0.003299427399846855,0.15473394263454446
2024-12-31,INFOSYS,INFOSYS,1892.30004882812,-0.012290019369071765,-0.012214805522882495,-0.7219167039534605
2025-01-01,INFOSYS,INFOSYS,1874,-0.009717862415219884,-0.009670796573436127,-0.5772246608772427
2025-01-02,INFOSYS,INFOSYS,1887,0.006913082570182791,0.006937033084311633,0.35831910701860353
2025-01-03,INFOSYS,INFOSYS,1952.94995117188,0.03435275853965844,0.0349496296618336,1.9018885114545117
2025-01-06,INFOSYS,INFOSYS,1952,-4.8653693517083154e-4,-4.864185952691609e-4,-0.05793312152946126
2025-01-07,INFOSYS,INFOSYS,1945,-0.003592510920491139,-0.003586065573770492,-0.23265407742003133
2025-01-08,INFOSYS,INFOSYS,1930,-0.007741974153615397,-0.007712082262210797,-0.46607463597937143
2025-01-09,INFOSYS,INFOSYS,1934.05004882812,0.0020962721807714357,0.0020984708953989627,0.08735813968300936
2025-01-10,INFOSYS,INFOSYS,1937,0.0015241093272933225,0.0015252713722002371,0.05517215191966926
2025-01-13,INFOSYS,INFOSYS,1956,0.009761187187766812,0.00980898296334538,0.5185340874442392
2025-01-14,INFOSYS,INFOSYS,1968.84997558594,0.006548031939857889,0.006569517170725972,0.3377838432397459
2025-01-15,INFOSYS,INFOSYS,1947,-0.011159877162420785,-0.011097836735598575,-0.6583425956152755
2025-01-16,INFOSYS,INFOSYS,1965.94995117188,0.009685837824646689,0.009732897366142785,0.5142954451335452
2025-01-17,INFOSYS,INFOSYS,1851,-0.060249530623348875,-0.05847043618956813,-3.4197923751586394
2025-01-20,INFOSYS,INFOSYS,1822.94995117188,-0.015269992373800653,-0.015153997205899513,-0.8895497022899329
2025-01-21,INFOSYS,INFOSYS,1819.05004882812,-0.0021416275861380566,-0.0021393359380233994,-0.15103725633203188
2025-01-22,INFOSYS,INFOSYS,1807.40002441406,-0.006425051637869015,-0.006404455128414555,-0.391993538754311
2025-01-23,INFOSYS,INFOSYS,1858,0.02761127839809411,0.027996002491116476,1.522658723948759
2025-01-24,INFOSYS,INFOSYS,1865.5,0.004028473287428787,0.004036598493003229,0.19605062259611872
2025-01-27,INFOSYS,INFOSYS,1848.75,-0.009019378636202932,-0.008978826051996784,-0.5379327176347387
2025-01-28,INFOSYS,INFOSYS,1830,-0.010193768189542944,-0.010141987829614604,-0.6039958805321917
2025-01-29,INFOSYS,INFOSYS,1845,0.008163310639160835,0.00819672131147541,0.42864842861803687
2025-01-30,INFOSYS,INFOSYS,1873.15002441406,0.015142241220939075,0.015257465807078591,0.8212355617058491
2025-01-31,INFOSYS,INFOSYS,1871,-0.0011484714214770712,-0.0011478121805713602,-0.09516905033342794
2025-02-01,INFOSYS,INFOSYS,1880.30004882812,0.004958317255599339,0.004970630052442543,0.24835731534875793
2025-02-03,INFOSYS,INFOSYS,1836,-0.023842072349253184,-0.023560095558009267,-1.371756576642432
2025-02-04,INFOSYS,INFOSYS,1889,0.028458296321073752,0.02886710239651416,1.570306187146744
2025-02-05,INFOSYS,INFOSYS,1906,0.008959216712637767,0.008999470619375331,0.4734206870510575
2025-02-06,INFOSYS,INFOSYS,1917,0.005754658831497051,0.005771248688352571,0.2931540721837649
2025-02-07,INFOSYS,INFOSYS,1919.30004882812,0.0011990976067753091,0.001199816811747521,0.036889204685425135
2025-02-10,INFOSYS,INFOSYS,1905,-0.007478553091618508,-0.0074506582943356225,-0.45125635998242697
2025-02-11,INFOSYS,INFOSYS,1883.09997558594,-0.011562666534029596,-0.011496075807905511,-0.6810007841135272
2025-02-12,INFOSYS,INFOSYS,1885,0.0010084788553393577,0.0010089875411255277,0.026166291158471758
2025-02-13,INFOSYS,INFOSYS,1868.5,-0.008791850956572544,-0.008753315649867375,-0.5251335590247592
2025-02-14,INFOSYS,INFOSYS,1854,-0.007790502799738112,-0.00776023548300776,-0.4688045273045113
2025-02-17,INFOSYS,INFOSYS,1838.55004882812,-0.008368223112566358,-0.008333306996699031,-0.5013031399045588
2025-02-18,INFOSYS,INFOSYS,1842.30004882812,0.002037573494120755,0.002039650757612079,0.08405615109920275
2025-02-19,INFOSYS,INFOSYS,1847.40002441406,0.0027644408665170525,0.002768265456641591,0.12494476211493576
2025-02-20,INFOSYS,INFOSYS,1805.55004882812,-0.022913976836668955,-0.022653445400496602,-1.3195482401003789
2025-02-21,INFOSYS,INFOSYS,1821.80004882812,0.008959768575636132,0.00900002744900201,0.4734517311071412
2025-02-24,INFOSYS,INFOSYS,1800.05004882812,-0.012010580710620845,-0.011938741583628112,-0.7061973870022954
2025-02-25,INFOSYS,INFOSYS,1745.15002441406,-0.030973943584980228,-0.030499165536981242,-1.772947109945043
2025-02-27,INFOSYS,INFOSYS,1755.19995117188,0.005742256884607198,0.00575877524409072,0.29245642306444175
2025-02-28,INFOSYS,INFOSYS,1755.05004882812,-8.540835772448161e-5,-8.540471053450085e-5,-0.03536835800674837
2025-03-03,INFOSYS,INFOSYS,1692.30004882812,-0.03640879507696976,-0.035753966128714884,-2.0786748630723038
2025-03-04,INFOSYS,INFOSYS,1695,0.0015941615473998778,0.0015954328984092733,0.05911281301893204
2025-03-05,INFOSYS,INFOSYS,1692.44995117188,-0.001505586412540255,-0.0015044535859115031,-0.11525790906061308
2025-03-06,INFOSYS,INFOSYS,1715,0.013235926198029942,0.01332390881780934,0.713999253673189
2025-03-07,INFOSYS,INFOSYS,1703.09997558594,-0.006962975090321446,-0.00693878974580758,-0.4222534508632503
2025-03-10,INFOSYS,INFOSYS,1686,-0.010091245947918038,-0.010040500165033982,-0.5982286770264932
2025-03-11,INFOSYS,INFOSYS,1680,-0.003565066164496146,-0.0035587188612099642,-0.2311102222479365
2025-03-12,INFOSYS,INFOSYS,1636.90002441406,-0.025989569332181214,-0.025654747372583334,-1.4925601401631376
2025-03-13,INFOSYS,INFOSYS,1599.25,-0.02326945473487634,-0.023000808755890327,-1.3395450071262172
2025-03-17,INFOSYS,INFOSYS,1545.15002441406,-0.03441376053198853,-0.0338283417764202,-1.9664477985890572
2025-03-18,INFOSYS,INFOSYS,1590.05004882812,0.02864448417101035,0.02905868278459669,1.5807798483138633
2025-03-19,INFOSYS,INFOSYS,1603,0.008111380640284103,0.008144367016261044,0.4257272003379477
2025-03-20,INFOSYS,INFOSYS,1592,-0.0068857862052246616,-0.006862133499688085,-0.4179113295666848
2025-03-21,INFOSYS,INFOSYS,1577.94995117188,-0.008864582122606783,-0.008825407555351758,-0.5292249193879168
2025-03-24,INFOSYS,INFOSYS,1597.94995117188,0.01259502188686836,0.012674673227212817,0.6779463393829261
2025-03-25,INFOSYS,INFOSYS,1605,0.004402229395526254,0.004411933441938993,0.2170755973014346
2025-03-26,INFOSYS,INFOSYS,1626,0.012999254543639597,0.013084112149532711,0.7006857172808295
2025-03-27,INFOSYS,INFOSYS,1595.55004882812,-0.018904476139284018,-0.0187269072397786,-1.0940010211597284
2025-03-28,INFOSYS,INFOSYS,1590,-0.003484518754194642,-0.0034784548640115235,-0.2265791731828435
2025-04-01,INFOSYS,INFOSYS,1539.25,-0.032438731422957716,-0.03191823899371069,-1.8553461037672385
2025-04-02,INFOSYS,INFOSYS,1535.19995117188,-0.002634650903535949,-0.0026311832568588584,-0.17877139245140322
2025-04-03,INFOSYS,INFOSYS,1534.65002441406,-3.582759861725593e-4,-3.582118129955789e-4,-0.05071803353505916
2025-04-04,INFOSYS,INFOSYS,1460.5,-0.049523515073815326,-0.04831722101745705,-2.8164197459708404
2025-04-07,INFOSYS,INFOSYS,1352,-0.0771938652248862,-0.07428962684012325,-4.372965309800896
2025-04-08,INFOSYS,INFOSYS,1431,0.05678852295354155,0.058431952662721894,3.163971910432188
2025-04-09,INFOSYS,INFOSYS,1405.05004882812,-0.018300576481328622,-0.018134137786079665,-1.0600297367901095
2025-04-11,INFOSYS,INFOSYS,1411.25,0.004402912388749614,0.0044126194487171914,0.21711401785145093
2025-04-15,INFOSYS,INFOSYS,1445.59997558594,0.024048606925616063,0.024340106703943314,1.3222470758997378
2025-04-16,INFOSYS,INFOSYS,1425,-0.014352629686736972,-0.01425012170299068,-0.8379451214596851
2025-04-17,INFOSYS,INFOSYS,1398,-0.019129169908995304,-0.018947368421052633,-1.106640763286404
2025-04-21,INFOSYS,INFOSYS,1410,0.008547060578458348,0.008583690987124463,0.4502355882445831
2025-04-22,INFOSYS,INFOSYS,1440,0.021053409197832263,0.02127659574468085,1.15375763826986
2025-04-23,INFOSYS,INFOSYS,1446,0.004158010148663677,0.004166666666666667,0.20333748472857477
2025-04-24,INFOSYS,INFOSYS,1469.90002441406,0.016393264138565813,0.01652837096408022,0.8916095960801944
2025-04-25,INFOSYS,INFOSYS,1475.5,0.0038025275257183378,0.0038097663058222586,0.18334045192113754
2025-04-28,INFOSYS,INFOSYS,1480.19995117188,0.003180265392856258,0.003185327802019656,0.14833621969574903
2025-04-29,INFOSYS,INFOSYS,1482,0.0012153460801820348,0.0012160849125112403,0.0378032332055619
2025-04-30,INFOSYS,INFOSYS,1496.80004882812,0.009937001725519971,0.009986537670796219,0.5284242166729046
2025-05-02,INFOSYS,INFOSYS,1499.69995117188,0.001935526947489881,0.001937401288856455,0.0783157069560947
2025-05-05,INFOSYS,INFOSYS,1515,0.010150383414427302,0.010202073298838472,0.5404276181281773
2025-05-06,INFOSYS,INFOSYS,1506,-0.005958309583630635,-0.005940594059405941,-0.36573780761931624
2025-05-07,INFOSYS,INFOSYS,1500,-0.00399202126953745,-0.00398406374501992,-0.2551278104272794
2025-05-08,INFOSYS,INFOSYS,1508,0.005319161477600027,0.005333333333333333,0.2686559552258229
2025-05-09,INFOSYS,INFOSYS,1500.69995117188,-0.004852636202854141,-0.004840881185755967,-0.3035401488800384
2025-05-12,INFOSYS,INFOSYS,1537,0.023900831173548548,0.024188745258353406,1.3139342179103553
2025-05-13,INFOSYS,INFOSYS,1609,0.045780403453787345,0.0468445022771633,2.5447300331193197
2025-05-14,INFOSYS,INFOSYS,1574,-0.02199271801503466,-0.02175264139216905,-1.2677244892578665
2025-05-15,INFOSYS,INFOSYS,1589.80004882812,0.00998810287503604,0.01003815046259212,0.531298819529449
2025-05-16,INFOSYS,INFOSYS,1612.59997558594,0.014239515258973521,0.014341380084008917,0.7704543434061117
2025-05-19,INFOSYS,INFOSYS,1576.5,-0.0226405681262426,-0.022386193806571923,-1.3041681269827943
2025-05-20,INFOSYS,INFOSYS,1570,-0.004131580642761796,-0.004123057405645417,-0.2629784708669649
2025-05-21,INFOSYS,INFOSYS,1567.90002441406,-0.0013384594047647722,-0.0013375640674777077,-0.1058564811376256
2025-05-22,INFOSYS,INFOSYS,1555.5,-0.007940122599897315,-0.007908683092657015,-0.47722111888819
2025-05-23,INFOSYS,INFOSYS,1550,-0.0035421064243994433,-0.0035358405657344907,-0.22981866354343528
2025-05-26,INFOSYS,INFOSYS,1566.59997558594,0.010652719435740057,0.010709661668348388,0.5686856235837443
2025-05-27,INFOSYS,INFOSYS,1579.90002441406,0.008453918982685552,0.008489754267451403,0.44499607602602936
2025-05-28,INFOSYS,INFOSYS,1581,6.95988877754147e-4,6.96231134212401e-4,0.008587731953546451
2025-05-29,INFOSYS,INFOSYS,1589,0.005047329327244023,0.005060088551549652,0.25336452864708675
2025-05-30,INFOSYS,INFOSYS,1571,-0.011392528281094863,-0.011327879169288861,-0.6714299640336409
2025-06-02,INFOSYS,INFOSYS,1560,-0.007026538012038462,-0.007001909611712286,-0.4258290682039245
2025-06-03,INFOSYS,INFOSYS,1559,-6.412311858062087e-4,-6.41025641025641e-4,-0.06663516715815353
2025-06-04,INFOSYS,INFOSYS,1543,-0.010316016694615699,-0.010262989095574085,-0.6108727493544854
2025-06-05,INFOSYS,INFOSYS,1547.90002441406,0.003170615989046389,0.0031756477083992214,0.1477934099151769
2025-06-06,INFOSYS,INFOSYS,1554.69995117188,0.004383380196708037,0.004393001260138902,0.2160152696712434
2025-06-09,INFOSYS,INFOSYS,1578,0.01487565285690447,0.014986846053836442,0.8062391148542102
2025-06-10,INFOSYS,INFOSYS,1584,0.0037950709685515343,0.0038022813688212928,0.1829209967672972
2025-06-11,INFOSYS,INFOSYS,1590.09997558594,0.003843598590190841,0.003850994688093435,0.18565083046197356
2025-06-12,INFOSYS,INFOSYS,1617,0.016775688612544654,0.016917190633971013,0.913122194049569
2025-06-13,INFOSYS,INFOSYS,1576,-0.02568258915928241,-0.025355596784168214,-1.4752915250678955
2025-06-16,INFOSYS,INFOSYS,1600,0.015113637810048106,0.015228426395939087,0.8196265284955837
2025-06-17,INFOSYS,INFOSYS,1620.69995117188,0.012854495308404117,0.012937469482425001,0.6925425479967755
2025-06-18,INFOSYS,INFOSYS,1621,1.8511819939933693e-4,1.8513533483051036e-4,-0.020150375216855795
2025-06-19,INFOSYS,INFOSYS,1623.90002441406,0.0017874357695795528,0.0017890341851079573,0.06998510525571225
2025-06-20,INFOSYS,INFOSYS,1619,-0.0030220038276205716,-0.0030174421703257496,-0.2005612314786909
2025-06-23,INFOSYS,INFOSYS,1601,-0.011180240680920389,-0.011117974058060531,-0.6594881085636652
2025-06-24,INFOSYS,INFOSYS,1601,0,0,-0.030563865125225968
2025-06-25,INFOSYS,INFOSYS,1590,-0.006894417782437524,-0.006870705808869456,-0.4183968833506516
2025-06-26,INFOSYS,INFOSYS,1608.80004882812,0.01175457359481114,0.011823930080578615,0.6306684389050538
2025-06-27,INFOSYS,INFOSYS,1619,0.006320084868546814,0.006340098745838451,0.3249610925083615
2025-06-30,INFOSYS,INFOSYS,1615,-0.0024737180208782524,-0.0024706609017912293,-0.16971840384780487
2025-07-01,INFOSYS,INFOSYS,1609,-0.003722088664373704,-0.0037151702786377707,-0.2399432393319816
2025-07-02,INFOSYS,INFOSYS,1618,0.00557795062605389,0.005593536357986327,0.28321367129352615
2025-07-03,INFOSYS,INFOSYS,1618.5,3.0897574786211015e-4,3.0902348578491963e-4,-0.013182992565243974
2025-07-04,INFOSYS,INFOSYS,1625,0.004008021397538868,0.004016064257028112,0.1949001384748015
2025-07-07,INFOSYS,INFOSYS,1640,0.00918842605440617,0.009230769230769232,0.48631444452684447
2025-07-08,INFOSYS,INFOSYS,1628,-0.007343974255758506,-0.007317073170731708,-0.44368587067529436
2025-07-09,INFOSYS,INFOSYS,1637.80004882812,0.006001640086839063,0.006019686012358721,0.3070475565543235
2025-07-10,INFOSYS,INFOSYS,1638.90002441406,6.713923170703361e-4,6.716177513409262e-4,0.007204096863681825
2025-07-11,INFOSYS,INFOSYS,1579.09997558594,-0.03717025095454124,-0.036487917467387755,-2.1215091879657435
2025-07-14,INFOSYS,INFOSYS,1591.80004882812,0.008010433034677803,0.008042602392839323,0.42004857513704214
2025-07-15,INFOSYS,INFOSYS,1565.09997558594,-0.01691577794911675,-0.01677350950066658,-0.9821303968705045
2025-07-16,INFOSYS,INFOSYS,1579,0.00884203115822714,0.00888123738475948,0.46682862537251135
2025-07-17,INFOSYS,INFOSYS,1598,0.011961112070577836,0.012032932235592146,0.6422868877667292
2025-07-18,INFOSYS,INFOSYS,1592.09997558594,-0.0036989631587627738,-0.0036921304218147676,-0.23864235578791745
2025-07-21,INFOSYS,INFOSYS,1580,-0.007629037146444785,-0.00760000990609076,-0.4597215686512062
2025-07-22,INFOSYS,INFOSYS,1565,-0.009539023046758948,-0.00949367088607595,-0.5671643752611872
2025-07-23,INFOSYS,INFOSYS,1576.30004882812,0.007194535634655678,0.007220478484421724,0.37415174074169694
2025-07-24,INFOSYS,INFOSYS,1580,0.0023444874121031777,0.0023472378717685656,0.10132103914380716
2025-07-25,INFOSYS,INFOSYS,1543.40002441406,-0.023437056179147896,-0.023164541510088607,-1.3489731236172657
2025-07-28,INFOSYS,INFOSYS,1513.90002441406,-0.019298672097431503,-0.01911364489656494,-1.1161758027069169
2025-07-29,INFOSYS,INFOSYS,1512.90002441406,-6.607638563843777e-4,-6.605456000220623e-4,-0.06773394225757257
2025-07-30,INFOSYS,INFOSYS,1519.90002441406,0.004616204377305081,0.004626875462382963,0.22911237337546492
2025-07-31,INFOSYS,INFOSYS,1509.69995117188,-0.0067336360345930085,-0.006711015907847129,-0.4093523965629577
2025-08-01,INFOSYS,INFOSYS,1493.90002441406,-0.01052075683998981,-0.01046560725232558,-0.6223900363884429
2025-08-04,INFOSYS,INFOSYS,1461.5,-0.021926860839470305,-0.02168821466266994,-1.2640198128113669
2025-08-05,INFOSYS,INFOSYS,1478.69995117188,0.011699984807162746,0.011768697346479645,0.6275976452654698
2025-08-06,INFOSYS,INFOSYS,1452,-0.018221373973721904,-0.018056368467937057,-1.0555743427966697
2025-08-07,INFOSYS,INFOSYS,1430,-0.01526747213078842,-0.015151515151515152,-0.8894079305718646
2025-08-08,INFOSYS,INFOSYS,1425,-0.003502630551202112,-0.0034965034965034965,-0.22759801960621906
2025-08-11,INFOSYS,INFOSYS,1419.90002441406,-0.0035853499282282302,-0.0035789302357473692,-0.23225124873594905
2025-08-12,INFOSYS,INFOSYS,1428.19995117188,0.005828412151913298,0.005845430393062409,0.2973029319952553
2025-08-13,INFOSYS,INFOSYS,1425,-0.0022430622236851096,-0.002240548439491507,-0.15674327863498652
2025-08-14,INFOSYS,INFOSYS,1426.19995117188,8.417166549351387e-4,8.420709978105279e-4,0.016785384815164065
2025-08-18,INFOSYS,INFOSYS,1464.69995117188,0.026636879629973485,0.0269948123111106,1.4678456814090377
2025-08-19,INFOSYS,INFOSYS,1432.69995117188,-0.022089668169522885,-0.021847478027426284,-1.2731782450671492
2025-08-20,INFOSYS,INFOSYS,1440.69995117188,0.005568330857348569,0.005583862827283816,0.2826725285822273
2025-08-21,INFOSYS,INFOSYS,1508,0.04565519689241607,0.046713438681925026,2.537686764183406
2025-08-22,INFOSYS,INFOSYS,1498.09997558594,-0.006586647341247753,-0.00656500292709549,-0.40108381314024744
2025-08-25,INFOSYS,INFOSYS,1506.69995117188,0.005724174173261419,0.005740588562907065,0.29143921280242413
2025-08-26,INFOSYS,INFOSYS,1523,0.01076027749524682,0.010818377484808543,0.5747361079276492
2025-08-28,INFOSYS,INFOSYS,1529.59997558594,0.004324173440900062,0.0043335361693631,0.21268470057477296
2025-08-29,INFOSYS,INFOSYS,1501.90002441406,-0.018275257869077213,-0.018109277990324923,-1.0586054839936287
2025-09-01,INFOSYS,INFOSYS,1476.69995117188,-0.016921154052957552,-0.016778795414169705,-0.9824328198806364
2025-09-02,INFOSYS,INFOSYS,1499.40002441406,0.015255208937487328,0.015372163603151518,0.8275903565345799
2025-09-03,INFOSYS,INFOSYS,1500,4.000637387868489e-4,4.0014377495722756e-4,-0.008059002177771146
2025-09-04,INFOSYS,INFOSYS,1484,-0.010723963362975724,-0.010666666666666666,-0.633821052265299
2025-09-05,INFOSYS,INFOSYS,1470,-0.00947874395454377,-0.009433962264150943,-0.5637734838172057
2025-09-08,INFOSYS,INFOSYS,1451,-0.013009426888594109,-0.01292517006802721,-0.7623856744213008
2025-09-09,INFOSYS,INFOSYS,1481,0.020464561383611003,0.02067539627842867,1.1206330681797465
2025-09-10,INFOSYS,INFOSYS,1510.09997558594,0.0194583223467635,0.019648869403065497,1.064028908839284
2025-09-11,INFOSYS,INFOSYS,1523.90002441406,0.009096996702028225,0.009138500133254677,0.4811712514674593
2025-09-12,INFOSYS,INFOSYS,1537,0.008559610222005251,0.008596348432356607,0.4509415457725483
2025-09-15,INFOSYS,INFOSYS,1525.59997558594,-0.007444705255310124,-0.007417062078113207,-0.44935231109387247
2025-09-16,INFOSYS,INFOSYS,1508.40002441406,-0.011338256713682038,-0.011274220927588823,-0.6683770150453799
2025-09-17,INFOSYS,INFOSYS,1516.90002441406,0.00561929212272923,0.005635109959177995,0.2855392625094221
2025-09-18,INFOSYS,INFOSYS,1550,0.021586136220959347,0.021820802329227784,1.1837252346339688
2025-09-19,INFOSYS,INFOSYS,1544.59997558594,-0.0034899695842017576,-0.003483886718748386,-0.2268857997784755
2025-09-22,INFOSYS,INFOSYS,1482.69995117188,-0.04090024423700522,-0.04007511678910806,-2.331333222184209
2025-09-23,INFOSYS,INFOSYS,1493,0.006922801447105075,0.006946819428960768,0.35886582488361785
2025-09-24,INFOSYS,INFOSYS,1487.19995117188,-0.0038923939642052136,-0.003884828418030809,-0.24952345633329137
2025-09-25,INFOSYS,INFOSYS,1489,0.0012096291090237356,0.001210361005392449,0.03748163532022938
2025-09-26,INFOSYS,INFOSYS,1475,-0.009446763910088788,-0.009402283411685695,-0.5619745041853718
2025-09-29,INFOSYS,INFOSYS,1460,-0.010221554071538028,-0.010169491525423728,-0.6055589251312091
2025-09-30,INFOSYS,INFOSYS,1443,-0.01171215592851123,-0.011643835616438357,-0.68941003996138
2025-10-01,INFOSYS,INFOSYS,1446,0.002076843944839069,0.002079002079002079,0.08626523936593843
2025-10-03,INFOSYS,INFOSYS,1439,-0.004852695831342162,-0.004840940525587829,-0.3035435031729187
2025-10-06,INFOSYS,INFOSYS,1446.59997558594,0.005267530650956227,0.005281428482237666,0.2657515563392705
2025-10-07,INFOSYS,INFOSYS,1477.69995117188,0.021270833327939512,0.021498670061392108,1.1659884399525393
2025-10-08,INFOSYS,INFOSYS,1457,-0.014107264671058741,-0.01400822349318212,-0.8241425557318257
2025-10-09,INFOSYS,INFOSYS,1502,0.03041802612887527,0.03088538091969801,1.6805472474146759
2025-10-10,INFOSYS,INFOSYS,1510,0.005312097484889884,0.005326231691078562,0.2682585830763608
2025-10-13,INFOSYS,INFOSYS,1497,-0.008646545389341656,-0.008609271523178808,-0.5169596568212016
2025-10-14,INFOSYS,INFOSYS,1499,0.0013351136829694225,0.0013360053440213762,0.04454054335131204
2025-10-15,INFOSYS,INFOSYS,1483.90002441406,-0.010124445637885513,-0.010073365967938626,-0.600096265613456
2025-10-16,INFOSYS,INFOSYS,1473.90002441406,-0.0067618080577419425,-0.006738998473936038,-0.4109371628350569
2025-10-17,INFOSYS,INFOSYS,1454.90002441406,-0.012974778905051334,-0.012890969323074226,-0.7604366146954673
2025-10-20,INFOSYS,INFOSYS,1453.69995117188,-8.251896584962593e-4,-8.248492831411621e-4,-0.07698341873543142
2025-10-21,INFOSYS,INFOSYS,1478,0.01657782566472456,0.01671600030565513,0.9019917713409938
2025-10-23,INFOSYS,INFOSYS,1510,0.02141982830082283,0.02165087956698241,1.1743698830065057
2025-10-24,INFOSYS,INFOSYS,1539.5,0.019348037555585028,0.0195364238410596,1.0578250371307747
2025-10-27,INFOSYS,INFOSYS,1510,-0.019348037555585004,-0.019162065605716143,-1.1189527673812252
2025-10-28,INFOSYS,INFOSYS,1499.69995117188,-0.0068445952799278545,-0.006821224389483442,-0.41559420847169504
2025-10-29,INFOSYS,INFOSYS,1500.19995117188,3.33344458752959e-4,3.334000241910358e-4,-0.01181217475389293
2025-10-30,INFOSYS,INFOSYS,1507,0.004522519638700326,0.004532761664742186,0.22384230763803636
2025-10-31,INFOSYS,INFOSYS,1490,-0.01134479968699059,-0.0112806901128069,-0.6687450781895787
2025-11-03,INFOSYS,INFOSYS,1482.30004882812,-0.005181151478910108,-0.0051677524643489944,-0.3220201823022223
2025-11-04,INFOSYS,INFOSYS,1479.69995117188,-0.0017556369507685874,-0.0017540967217100118,-0.12932405039556708
2025-11-06,INFOSYS,INFOSYS,1478.59997558594,-7.436538984320883e-4,-7.433774564017874e-4,-0.07239677183980169
2025-11-07,INFOSYS,INFOSYS,1470,-0.0058332768386120245,-0.005816296312687277,-0.3587043164083393
2025-11-10,INFOSYS,INFOSYS,1490.09997558594,0.013580814624456825,0.013673452779551022,0.7334003290929128
2025-11-11,INFOSYS,INFOSYS,1525,0.023151194644273194,0.023421263664095117,1.2717647691047589
2025-11-12,INFOSYS,INFOSYS,1540,0.009788006366162944,0.009836065573770493,0.5200427518785579
2025-11-13,INFOSYS,INFOSYS,1557.09997558594,0.011042684760518465,0.01110388025061039,0.5906224184930016
2025-11-14,INFOSYS,INFOSYS,1520,-0.024114766327871188,-0.023826328538717755,-1.3870964838132342
2025-11-17,INFOSYS,INFOSYS,1496,-0.015915455305899568,-0.015789473684210527,-0.9258590535662998
2025-11-18,INFOSYS,INFOSYS,1506,0.00666224982541625,0.0066844919786096255,0.3442089640678261
2025-11-19,INFOSYS,INFOSYS,1490.5,-0.010345495241712743,-0.010292164674634794,-0.6125310117711713
2025-11-20,INFOSYS,INFOSYS,1555,0.04236391149520837,0.043274069104327406,2.352541449564971
2025-11-21,INFOSYS,INFOSYS,1531,-0.015554428955650755,-0.015434083601286173,-0.9055501683936343
2025-11-24,INFOSYS,INFOSYS,1563.59997558594,0.021069722647109653,0.021293256424519923,1.1546753218902281
2025-11-25,INFOSYS,INFOSYS,1549,-0.00938127788792487,-0.009337410983566202,-0.5582907063029594
2025-11-26,INFOSYS,INFOSYS,1532.09997558594,-0.010970234030191211,-0.010910280448069722,-0.6476745637844114
2025-11-27,INFOSYS,INFOSYS,1564,0.020607314718578885,0.02082111149558636,1.1286633991677193
2025-11-28,INFOSYS,INFOSYS,1565,6.391818689972956e-4,6.393861892583121e-4,0.005392156292516733
2025-12-01,INFOSYS,INFOSYS,1562.5,-0.0015987213636969929,-0.001597444089456869,-0.1204970474982934
2025-12-02,INFOSYS,INFOSYS,1567,0.002875860745464258,0.00288,0.1312124861354445
2025-12-03,INFOSYS,INFOSYS,1555.09997558594,-0.0076231268280795225,-0.0075941444888704525,-0.45938909436800973
2025-12-04,INFOSYS,INFOSYS,1568,0.008261085382411843,0.008295302306335288,0.4341485701786267
2025-12-05,INFOSYS,INFOSYS,1610,0.02643325706815543,0.026785714285714284,1.4563912620192152
2025-12-08,INFOSYS,INFOSYS,1617.09997558594,0.004400227507955615,0.004409922724186336,0.21696298473237235
2025-12-09,INFOSYS,INFOSYS,1601.19995117188,-0.009881088862750213,-0.009832431299307134,-0.5864066698296391
2025-12-10,INFOSYS,INFOSYS,1608,0.004237853115197473,0.004246845513043642,0.2078289065820276
2025-12-11,INFOSYS,INFOSYS,1598,-0.0062383234126917025,-0.006218905472636816,-0.38148947975416286
2025-12-12,INFOSYS,INFOSYS,1601.40002441406,0.0021254145577610326,0.0021276748523529404,0.08899749145756089
2025-12-15,INFOSYS,INFOSYS,1585,-0.010293854572600035,-0.01024105418011383,-0.60962605921431
2025-12-16,INFOSYS,INFOSYS,1600,0.009419221916491558,0.00946372239747634,0.4992974488371619
2025-12-17,INFOSYS,INFOSYS,1587.19995117188,-0.008032202460949238,-0.008000030517574998,-0.48240090513794626
2025-12-18,INFOSYS,INFOSYS,1610.5,0.014573263004330197,0.014679970731423495,0.7892287199368371
2025-12-19,INFOSYS,INFOSYS,1650,0.024230598123372808,0.02452654455138156,1.332484661979342
2025-12-22,INFOSYS,INFOSYS,1664,0.008449054486527663,0.008484848484848486,0.44472243258192795
2025-12-23,INFOSYS,INFOSYS,1679,0.008974035696386969,0.009014423076923076,0.47425430221275056
2025-12-24,INFOSYS,INFOSYS,1661,-0.010778547464245966,-0.01072066706372841,-0.6368915822811454
2025-12-26,INFOSYS,INFOSYS,1663.40002441406,0.0014438844984955423,0.0014449274016014443,0.05065924909435471
2025-12-29,INFOSYS,INFOSYS,1658,-0.003251658416550039,-0.0032463775007831814,-0.21348003552922595
2025-12-30,INFOSYS,INFOSYS,1647,-0.006656605517599939,-0.0066344993968636915,-0.40501918397798947
