date,ticker,company,adj_close,log_ret,simple_ret,z_ret
2020-01-01,RELIANCE,RELIANCE,693.978515625,NA,NA,NA
2020-01-02,RELIANCE,RELIANCE,691.235534667969,-0.003960376436636629,-0.003952544488442387,-0.25569256746802266
2020-01-03,RELIANCE,RELIANCE,700.835998535156,0.013793279797370845,0.013888845965939197,0.7530364040727499
2020-01-06,RELIANCE,RELIANCE,694.892883300781,-0.008516197136396014,-0.0084800370511745,-0.5145456323476674
2020-01-07,RELIANCE,RELIANCE,694.435668945312,-6.58180343641986e-4,-6.579637904725444e-4,-0.06806806777021909
2020-01-08,RELIANCE,RELIANCE,692.607055664062,-0.002636709465712448,-0.0026332364004677967,-0.18048432840765397
2020-01-09,RELIANCE,RELIANCE,703.396179199219,0.015457468991908849,0.015577553602615946,0.8475924680478973
2020-01-10,RELIANCE,RELIANCE,709.476440429688,0.00860700204912226,0.008644148788796447,0.45836196911920746
2020-01-13,RELIANCE,RELIANCE,706.344909667969,-0.004423631368630542,-0.004413861522762326,-0.28201383137851166
2020-01-14,RELIANCE,RELIANCE,704.036193847656,-0.00327389225039532,-0.0032685389088430057,-0.21668784201661126
2020-01-15,RELIANCE,RELIANCE,702.138977050781,-0.0026984091133739644,-0.0026947716799990717,-0.18398998500647956
2020-01-16,RELIANCE,RELIANCE,699.007385253906,-0.004470049804323962,-0.004460074001344769,-0.28465123858525165
2020-01-17,RELIANCE,RELIANCE,710.207946777344,0.01589650230433446,0.016023523870737768,0.8725375056152526
2020-01-20,RELIANCE,RELIANCE,735.580688476562,0.035102429696262843,0.03572579244480438,1.96378176145683
2020-01-21,RELIANCE,RELIANCE,698.824523925781,-0.05126056764930043,-0.049968909089913104,-2.943199445304089
2020-01-22,RELIANCE,RELIANCE,705.864868164062,0.010024142320700376,0.010074552333582308,0.5388811832932292
2020-01-23,RELIANCE,RELIANCE,702.436096191406,-0.004869383511585528,-0.0048575472831990886,-0.3073406201142189
2020-01-24,RELIANCE,RELIANCE,698.093017578125,-0.00620207390508305,-0.006182880744353978,-0.38306155287847654
2020-01-27,RELIANCE,RELIANCE,692.561340332031,-0.007955544654075374,-0.007923983060717144,-0.48269042492285735
2020-01-28,RELIANCE,RELIANCE,689.68115234375,-0.004167419496920306,-0.004158747854594641,-0.26745636026156283
2020-01-29,RELIANCE,RELIANCE,673.886047363281,-0.02316836531400633,-0.022902039481276705,-1.347053952990476
2020-01-30,RELIANCE,RELIANCE,676.149047851562,0.003352509302684743,0.003358135247250602,0.15981168774508547
2020-01-31,RELIANCE,RELIANCE,664.2626953125,-0.017735840019294586,-0.017579485731482547,-1.0383882009237626
2020-02-03,RELIANCE,RELIANCE,626.272216796875,-0.05889256901497218,-0.057191949485816775,-3.376835243300728
2020-02-04,RELIANCE,RELIANCE,640.032897949219,0.021734450385308364,0.021972364066737953,1.2042386090954988
2020-02-05,RELIANCE,RELIANCE,655.987976074219,0.02462288154267306,0.024928528168040975,1.3683537723233228
2020-02-06,RELIANCE,RELIANCE,664.765625,0.013292075303031748,0.01338080764576074,0.7245589182274487
2020-02-07,RELIANCE,RELIANCE,663.348388671875,-0.0021342096408550676,-0.002131933834763192,-0.15193324434662245
2020-02-10,RELIANCE,RELIANCE,652.833557128906,-0.015978118038817338,-0.015851145073286874,-0.9385177819942192
2020-02-11,RELIANCE,RELIANCE,661.702575683594,0.013493966290824394,0.013585420752102534,0.7360299800636763
2020-02-12,RELIANCE,RELIANCE,665.702819824219,0.006027180940900683,0.006045380942476178,0.31178144176447053
2020-02-13,RELIANCE,RELIANCE,675.577575683594,0.014724638200997597,0.014833579737550852,0.8059544166918441
2020-02-14,RELIANCE,RELIANCE,675.348999023438,-3.3839983107428456e-4,-3.383425803094984e-4,-0.04989874741674138
2020-02-17,RELIANCE,RELIANCE,680.720703125,0.007922501608486059,0.007953967666094994,0.41946995631907547
2020-02-18,RELIANCE,RELIANCE,674.731811523438,-0.00883679879451053,-0.008797869043895248,-0.5327616086289161
2020-02-19,RELIANCE,RELIANCE,676.309020996094,0.002334807581211202,0.0023375353669703707,0.10198781207091111
2020-02-20,RELIANCE,RELIANCE,684.378051757812,0.011860368943271719,0.011930982008540546,0.6432120866343757
2020-02-24,RELIANCE,RELIANCE,671.920227050781,-0.018370848453692076,-0.01820313301257008,-1.0744681720861256
2020-02-25,RELIANCE,RELIANCE,663.53125,-0.012563672348661178,-0.012485078902301027,-0.7445154737364127
2020-02-26,RELIANCE,RELIANCE,644.604553222656,-0.028938918385193024,-0.02852419803489885,-1.6749258002311307
2020-02-27,RELIANCE,RELIANCE,634.546875,-0.015725871502650157,-0.015602865621059227,-0.9241856136989223
2020-02-28,RELIANCE,RELIANCE,619.414672851562,-0.024136205421421947,-0.023847256593042012,-1.4020447866137589
2020-03-02,RELIANCE,RELIANCE,619.506103515625,1.4759727332527554e-4,1.476081663387806e-4,-0.022285316536306807
2020-03-03,RELIANCE,RELIANCE,607.894104003906,-0.018921857595705673,-0.018743963047050276,-1.1057754632607883
2020-03-04,RELIANCE,RELIANCE,618.088928222656,0.01663164815553175,0.016770723965903924,0.9143070942924417
2020-03-05,RELIANCE,RELIANCE,618.180358886719,1.479138326624125e-4,1.4792477245283774e-4,-0.02226733023701314
2020-03-06,RELIANCE,RELIANCE,580.601257324219,-0.06271604059028849,-0.06078986661785277,-3.5940776241966885
2020-03-09,RELIANCE,RELIANCE,566.909118652344,-0.023865210831286246,-0.023582688633808874,-1.386647389559451
2020-03-11,RELIANCE,RELIANCE,506.540313720703,-0.11259509305979694,-0.10648762375731344,-6.4281104924583365
2020-03-12,RELIANCE,RELIANCE,496.025512695312,-0.02097655096943853,-0.020758073425896542,-1.2225192317780036
2020-03-13,RELIANCE,RELIANCE,456.252014160156,-0.08358204280324671,-0.080184380676377,-4.779644173138124
2020-03-16,RELIANCE,RELIANCE,484.847778320312,0.060789663055460505,0.06267537078777284,3.4232814919133308
2020-03-17,RELIANCE,RELIANCE,478.767456054688,-0.012619980976847103,-0.012540682947312684,-0.7477148228648507
2020-03-18,RELIANCE,RELIANCE,468.732666015625,-0.021182404128965,-0.02095963272390171,-1.2342154166742616
2020-03-19,RELIANCE,RELIANCE,420.638763427734,-0.10825817619703476,-0.10260411973567858,-6.181695127140405
2020-03-20,RELIANCE,RELIANCE,429.507781982422,0.020865438724792896,0.02108464394107538,1.1548630198076106
2020-03-23,RELIANCE,RELIANCE,418.855804443359,-0.02511314141027848,-0.024800429668347553,-1.457552430915936
2020-03-24,RELIANCE,RELIANCE,425.164703369141,0.014949912638685435,0.01506222155418449,0.8187540816649664
2020-03-25,RELIANCE,RELIANCE,440.616943359375,0.03569925763452754,0.036344127035441764,1.997692389465912
2020-03-26,RELIANCE,RELIANCE,500.962890625,0.12835613890781922,0.1369578455279823,7.262280107118552
2020-03-27,RELIANCE,RELIANCE,500.59716796875,-7.303060248194125e-4,-7.300394162803663e-4,-0.07216611175827486
2020-03-30,RELIANCE,RELIANCE,475.727325439453,-0.0509568773307088,-0.04968035003116418,-2.9259443391613313
2020-03-31,RELIANCE,RELIANCE,490.973815917969,0.03154595392602784,0.032048801200208595,1.7617095742559272
2020-04-01,RELIANCE,RELIANCE,513.054931640625,0.0439921203564712,0.04497412083243416,2.468877072461589
2020-04-03,RELIANCE,RELIANCE,518.632385253906,0.010812399957329912,0.010871065200456569,0.5836684825754677
2020-04-07,RELIANCE,RELIANCE,503.843048095703,-0.028930511553121357,-0.0285160309666405,-1.6744481400265063
2020-04-08,RELIANCE,RELIANCE,539.456298828125,0.06829697125442849,0.07068322341059152,3.8498324614020074
2020-04-09,RELIANCE,RELIANCE,554.999938964844,0.02840622545484742,0.02881352979005868,1.5833161757409557
2020-04-13,RELIANCE,RELIANCE,550.405456542969,-0.008312803425985121,-0.008278347616477907,-0.5029891886711454
2020-04-15,RELIANCE,RELIANCE,547.2509765625,-0.005747679455174216,-0.00573119314674293,-0.3572437247033216
2020-04-16,RELIANCE,RELIANCE,525.672729492188,-0.04022868907034231,-0.039430257769211406,-2.3163890921893957
2020-04-17,RELIANCE,RELIANCE,555.914306640625,0.05593532580339298,0.057529286667868634,3.1474672844482567
2020-04-20,RELIANCE,RELIANCE,560.485961914062,0.008190038925084096,0.00822366904184106,0.43467091766830845
2020-04-21,RELIANCE,RELIANCE,553.171264648438,-0.013136541983517347,-0.013050634204368593,-0.77706483652561
2020-04-22,RELIANCE,RELIANCE,603.459594726562,0.08701143215803492,0.09090915109280721,4.913152526373981
2020-04-23,RELIANCE,RELIANCE,625.1064453125,0.03524286101020693,0.035871250991951695,1.971760801549743
2020-04-24,RELIANCE,RELIANCE,617.2431640625,-0.01265889439877717,-0.012579107620733344,-0.7499258094675686
2020-04-27,RELIANCE,RELIANCE,655.576538085938,0.06025200595900914,0.06210416940244387,3.39273283856574
2020-04-28,RELIANCE,RELIANCE,662.891235351562,0.011095868189711177,0.01115765565219972,0.5997746082515245
2020-04-29,RELIANCE,RELIANCE,660.559692382812,-0.0035234330672689424,-0.0035172330608858847,-0.2308662764891793
2020-04-30,RELIANCE,RELIANCE,664.697021484375,0.006243835627583032,0.006263369002487154,0.324091348884219
2020-05-04,RELIANCE,RELIANCE,658.319580078125,-0.009640832616808986,-0.00959450877635671,-0.5784452807672518
2020-05-05,RELIANCE,RELIANCE,664.582763671875,0.009468923265508826,0.009513895353084785,0.5073346928609995
2020-05-06,RELIANCE,RELIANCE,669.291564941406,0.007060366526545054,0.007085349676411263,0.37048508114335155
2020-05-07,RELIANCE,RELIANCE,665.177062988281,-0.006166521872707122,-0.006147547897880962,-0.3810415540353054
2020-05-08,RELIANCE,RELIANCE,706.322021484375,0.060017989236656466,0.061855648346098885,3.3794364536098356
2020-05-11,RELIANCE,RELIANCE,722.322814941406,0.02240089649087672,0.022653680573917923,1.2421048089247817
2020-05-12,RELIANCE,RELIANCE,715.373901367188,-0.009666806091042875,-0.009620232713792594,-0.5799210441596455
2020-05-13,RELIANCE,RELIANCE,704.710266113281,-0.015018596695310815,-0.014906380053182131,-0.8839996047101097
2020-05-14,RELIANCE,RELIANCE,677.943237304688,-0.03872318464277998,-0.03798302663621238,-2.230849194781895
2020-05-15,RELIANCE,RELIANCE,666.40576171875,-0.017164826794273124,-0.017018350432711327,-1.0059443158096222
2020-05-18,RELIANCE,RELIANCE,678.40478515625,0.017845401192191464,0.018005581774312555,0.9832702327151054
2020-05-19,RELIANCE,RELIANCE,672.4052734375,-0.008882893831327586,-0.008843557489601424,-0.5353806409267554
2020-05-20,RELIANCE,RELIANCE,650.714782714844,-0.032789819797277776,-0.03225806158801958,-1.8937266922680227
2020-05-21,RELIANCE,RELIANCE,662.252258300781,0.01757511377368741,0.01773046485558788,0.9679130158075399
2020-05-22,RELIANCE,RELIANCE,670.005493164062,0.01163937291466412,0.011707373989443864,0.6306555127256773
2020-05-26,RELIANCE,RELIANCE,668.320983886719,-0.0025173381768776285,-0.002514172338181991,-0.17370187887552943
2020-05-27,RELIANCE,RELIANCE,660.40625,-0.01191339696443034,-0.011842713422956853,-0.7075680635293273
2020-05-28,RELIANCE,RELIANCE,671.482238769531,0.016632389568452602,0.01677147781313551,0.9143492199640938
2020-05-29,RELIANCE,RELIANCE,677.481750488281,0.008895050311519789,0.008934728831761666,0.47472832338745036
2020-06-01,RELIANCE,RELIANCE,683.019775390625,0.008141197029043534,0.008174426688766981,0.43189581405518773
2020-06-02,RELIANCE,RELIANCE,704.248779296875,0.030607860545767536,0.031081097021105935,1.708408893077559
2020-06-03,RELIANCE,RELIANCE,713.017272949219,0.012373972438878498,0.012450846788969204,0.6723940601430644
2020-06-04,RELIANCE,RELIANCE,712.555725097656,-6.47526108199502e-4,-6.473165084120285e-4,-0.06746271438166675
2020-06-05,RELIANCE,RELIANCE,736.092224121094,0.03249729564338948,0.03303109945571242,1.8157630007439214
2020-06-08,RELIANCE,RELIANCE,746.891357421875,0.014564320639398944,0.014670897133406567,0.7968454778400508
2020-06-09,RELIANCE,RELIANCE,720.078186035156,-0.036559938200734464,-0.03589969427317097,-2.1079376474413594
2020-06-10,RELIANCE,RELIANCE,712.140380859375,-0.01108474172392279,-0.011023532346518658,-0.66048544924969
2020-06-11,RELIANCE,RELIANCE,722.708740234375,0.014731235972211622,0.014840275399418635,0.8063292895002089
2020-06-12,RELIANCE,RELIANCE,692.249755859375,-0.04305948270418097,-0.04214558739821263,-2.4772294009837306
2020-06-15,RELIANCE,RELIANCE,722.247253417969,0.04242072715159078,0.04333334508923645,2.379593500077841
2020-06-16,RELIANCE,RELIANCE,758.244262695312,0.048638043506427725,0.04984028545209486,2.7328495871448504
2020-06-17,RELIANCE,RELIANCE,742.207092285156,-0.02137727569111391,-0.021150401261394437,-1.2452876480996102
2020-06-18,RELIANCE,RELIANCE,741.630249023438,-7.775020545962543e-4,-7.771998781930861e-4,-0.07484770038149081
2020-06-19,RELIANCE,RELIANCE,770.704711914062,0.03845450428980194,0.03920344798355877,2.1542402626635635
2020-06-22,RELIANCE,RELIANCE,818.423828125,0.06007502313716426,0.061916211842570006,3.3826770113317983
2020-06-23,RELIANCE,RELIANCE,807.624694824219,-0.01328286570323656,-0.013195037741657301,-0.785378671904581
2020-06-24,RELIANCE,RELIANCE,801.117553710938,-0.008089769019422178,-0.00805713489815627,-0.49031679800496314
2020-06-25,RELIANCE,RELIANCE,797.010192871094,-0.005140227234433148,-0.005127038873156448,-0.32272944517623736
2020-06-26,RELIANCE,RELIANCE,797.840942382812,0.0010417895043502085,0.0010423323555316573,0.02852098486282333
2020-06-29,RELIANCE,RELIANCE,797.494812011719,-4.339279372016429e-4,-4.3383380409047883e-4,-0.05532647266820281
2020-06-30,RELIANCE,RELIANCE,801.625244140625,0.005165892702749095,0.005179258932715574,0.26284468264177224
2020-07-01,RELIANCE,RELIANCE,793.779724121094,-0.009835224808762328,-0.0097870171590488525,-0.5894902752900723
2020-07-02,RELIANCE,RELIANCE,804.394226074219,0.013283482726748895,0.013372100131277376,0.7240707043901161
2020-07-03,RELIANCE,RELIANCE,821.377380371094,0.020893183301789103,0.02111297389559832,1.1564394138895018
2020-07-06,RELIANCE,RELIANCE,833.007202148438,0.014059624920100485,0.014158926280742824,0.7681696272344853
2020-07-07,RELIANCE,RELIANCE,858.389709472656,0.03001591504583898,0.03047093381516169,1.674775675926078
2020-07-08,RELIANCE,RELIANCE,841.798767089844,-0.01951721148817945,-0.019327983781404535,-1.1396023387923482
2020-07-09,RELIANCE,RELIANCE,834.853210449219,-0.008285078195914017,-0.008250851524333143,-0.5014138938447319
2020-07-10,RELIANCE,RELIANCE,843.852478027344,0.010721776723688334,0.010779460946532938,0.5785194428473095
2020-07-13,RELIANCE,RELIANCE,878.395690917969,0.04011947488838869,0.04093513237216052,2.2488407245301687
2020-07-14,RELIANCE,RELIANCE,892.540710449219,0.015974961422385782,0.016103243307657535,0.8769954034373532
2020-07-15,RELIANCE,RELIANCE,894.363586425781,0.0020402621585116493,0.0020423449095611393,0.0852523015149148
2020-07-16,RELIANCE,RELIANCE,852.390197753906,-0.048067988147196795,-0.04693101251988212,-2.761803151759195
2020-07-17,RELIANCE,RELIANCE,851.467224121094,-0.0010833931422196228,-0.0010828064837490276,-0.0922278500337497
2020-07-20,RELIANCE,RELIANCE,885.064392089844,0.03869939435333419,0.03945796974561158,2.1681544501791614
2020-07-21,RELIANCE,RELIANCE,894.848205566406,0.010993699386944788,0.011054352162400494,0.5939695712507135
2020-07-22,RELIANCE,RELIANCE,915.154174804688,0.022438446964202382,0.02269208242467112,1.2442383553807566
2020-07-23,RELIANCE,RELIANCE,924.822570800781,0.010509355627210096,0.010564772868086948,0.5664500802687096
2020-07-24,RELIANCE,RELIANCE,949.766662597656,0.026614432344209453,0.02697175932381984,1.4815099000147476
2020-07-27,RELIANCE,RELIANCE,1005.51586914062,0.057039655318718935,0.05869779256147747,3.210213186562946
2020-07-28,RELIANCE,RELIANCE,995.0859375,-0.010426888650220078,-0.01037271709051604,-0.6231074891430871
2020-07-29,RELIANCE,RELIANCE,1005.10052490234,0.010013737493770056,0.010064042737354027,0.5382900008218475
2020-07-30,RELIANCE,RELIANCE,968.688171386719,-0.03690008472337942,-0.036227573872930775,-2.1272641257418443
2020-07-31,RELIANCE,RELIANCE,975.841430664062,0.007357349085639298,0.0073844808769605065,0.38735906515273216
2020-08-03,RELIANCE,RELIANCE,946.674621582031,-0.030344659100292545,-0.029888881703027254,-1.7547973132932742
2020-08-04,RELIANCE,RELIANCE,932.506591796875,-0.015079225087388546,-0.014966102884937577,-0.8874443946046888
2020-08-05,RELIANCE,RELIANCE,1000.9931640625,0.07087172973945235,0.07344352615637405,3.996125340138104
2020-08-06,RELIANCE,RELIANCE,995.455139160156,-0.005547891320816895,-0.005532530192182405,-0.34589214299868815
2020-08-07,RELIANCE,RELIANCE,982.90234375,-0.012690288767568865,-0.012610106589782183,-0.7517095777756851
2020-08-10,RELIANCE,RELIANCE,996.42431640625,0.013663417256713278,0.013757188333339956,0.7456578615712761
2020-08-11,RELIANCE,RELIANCE,985.209838867188,-0.011318534485419016,-0.011254720859792641,-0.6737691091758082
2020-08-12,RELIANCE,RELIANCE,978.841125488281,-0.006485305948151359,-0.006464321739041699,-0.39915425872711263
2020-08-13,RELIANCE,RELIANCE,982.071655273438,0.003294927484333445,0.003300361724733856,0.15653999837364824
2020-08-14,RELIANCE,RELIANCE,979.556457519531,-0.00256439955755364,-0.002561114293851222,-0.17637581699300114
2020-08-17,RELIANCE,RELIANCE,971.457153320312,-0.008302710633381522,-0.008268338325009193,-0.5024157353965741
2020-08-18,RELIANCE,RELIANCE,962.227172851562,-0.009546595008790114,-0.009501170933996573,-0.5730908791631896
2020-08-19,RELIANCE,RELIANCE,988.071166992188,0.026504157319469004,0.0268585162317098,1.4752442829031585
2020-08-20,RELIANCE,RELIANCE,978.379638671875,-0.009856953208249709,-0.009808532668567972,-0.5907248416114674
2020-08-21,RELIANCE,RELIANCE,977.456665039062,-9.438148781429983e-4,-9.433696249708012e-4,-0.08429727861141016
2020-08-24,RELIANCE,RELIANCE,965.180786132812,-0.012638531500690728,-0.0125590006650161,-0.7487688283379588
2020-08-25,RELIANCE,RELIANCE,971.918640136719,0.006956670458792846,0.006980924300102863,0.36459326785161156
2020-08-26,RELIANCE,RELIANCE,962.227172851562,-0.010021528191178347,-0.009971480003504863,-0.6000756790436437
2020-08-27,RELIANCE,RELIANCE,991.301635742188,0.02976829393265569,0.030215799045108738,1.6607063153650292
2020-08-28,RELIANCE,RELIANCE,978.379638671875,-0.013121089821436354,-0.013035383584975375,-0.7761868740733358
2020-08-31,RELIANCE,RELIANCE,1003.30065917969,0.025152729628808233,0.02547172848123111,1.398458732561101
2020-09-01,RELIANCE,RELIANCE,969.149658203125,-0.03463145694764034,-0.034038650990708255,-1.998365011504937
2020-09-02,RELIANCE,RELIANCE,965.457641601562,-0.003816817070907636,-0.003809542283085799,-0.24753579742369441
2020-09-03,RELIANCE,RELIANCE,982.071655273438,0.017062045478245767,0.01720843355107277,0.9387614513540358
2020-09-04,RELIANCE,RELIANCE,961.557983398438,-0.021109406045467464,-0.02088816204484426,-1.2300678044460904
2020-09-07,RELIANCE,RELIANCE,961.765686035156,2.159830306531107e-4,2.1600635666710777e-4,-0.018399767906317775
2020-09-08,RELIANCE,RELIANCE,965.457641601562,0.003831377536568693,0.0038387266462229226,0.18702006976523602
2020-09-09,RELIANCE,RELIANCE,962.227172851562,-0.003351659721479454,-0.0033460491799941574,-0.22110644177386915
2020-09-10,RELIANCE,RELIANCE,1007.50030517578,0.045977027521916375,0.0470503573392663,2.581655721389583
2020-09-11,RELIANCE,RELIANCE,1066.98767089844,0.05736709958840321,0.059044513849830706,3.2288179470157727
2020-09-14,RELIANCE,RELIANCE,1072.98718261719,0.005607100875411002,0.005622850087572433,0.2879132916301623
2020-09-15,RELIANCE,RELIANCE,1066.96459960938,-0.005628723935476433,-0.005612912349167062,-0.350484898382578
2020-09-16,RELIANCE,RELIANCE,1070.67956542969,0.0034757604853806042,0.0034818079453339526,0.16681458546503958
2020-09-17,RELIANCE,RELIANCE,1070.67956542969,0,0,-0.030671512808285655
2020-09-18,RELIANCE,RELIANCE,1068.02600097656,-0.002481469031046432,-0.0024783927318768446,-0.17166386224912653
2020-09-21,RELIANCE,RELIANCE,1061.44958496094,-0.006176578840938561,-0.00615754299015828,-0.381612971837205
2020-09-22,RELIANCE,RELIANCE,1050.83508300781,-0.010050341661758822,-0.01000000575017475,-0.6017128056254623
2020-09-23,RELIANCE,RELIANCE,1042.98962402344,-0.007493937457274696,-0.007465927918883242,-0.45646278219129255
2020-09-24,RELIANCE,RELIANCE,1018.94549560547,-0.023322963075553028,-0.02305308496283721,-1.3558379036850254
2020-09-25,RELIANCE,RELIANCE,1010.22314453125,-0.008597023059760997,-0.00856017432908624,-0.5191380075449306
2020-09-28,RELIANCE,RELIANCE,1027.76013183594,0.01721056338619331,0.01735951843869829,0.9471999563337785
2020-09-29,RELIANCE,RELIANCE,1026.83715820312,-8.984473009680317e-4,-8.980438180368495e-4,-0.08171957918646919
2020-09-30,RELIANCE,RELIANCE,1042.98962402344,0.015607870050088844,0.01573030902834241,0.8561379700412243
2020-10-01,RELIANCE,RELIANCE,1044.74328613281,0.0016799682692021556,0.001681380206454083,0.06478108817017196
2020-10-05,RELIANCE,RELIANCE,1035.60559082031,-0.008784828524770557,-0.00874635466318603,-0.5298087567738102
2020-10-06,RELIANCE,RELIANCE,1026.95251464844,-0.008390674586133474,-0.008355571125312137,-0.5074136798437675
2020-10-07,RELIANCE,RELIANCE,1031.4521484375,0.004371969260428828,0.004381540260992859,0.21773546305917252
2020-10-08,RELIANCE,RELIANCE,1042.52807617188,0.010680943723830022,0.010738188631589379,0.5761993894786349
2020-10-09,RELIANCE,RELIANCE,1031.4521484375,-0.010680943723830029,-0.010624104988184445,-0.6375424150952065
2020-10-12,RELIANCE,RELIANCE,1031.4521484375,0,0,-0.030671512808285655
2020-10-13,RELIANCE,RELIANCE,1029.42150878906,-0.0019706596748278425,-0.001968719199931984,-0.14264064642472774
2020-10-14,RELIANCE,RELIANCE,1051.71203613281,0.021422344423616083,0.021653450169281024,1.1865053421222127
2020-10-15,RELIANCE,RELIANCE,1056.83459472656,0.004858862115531723,0.004870685527747563,0.245399788790438
2020-10-16,RELIANCE,RELIANCE,1022.22216796875,-0.03329935540367686,-0.032751034959037695,-1.922677536050939
2020-10-19,RELIANCE,RELIANCE,1010.70770263672,-0.011328072484239669,-0.011264151466124342,-0.6743110401231072
2020-10-20,RELIANCE,RELIANCE,1005.60815429688,-0.005058294012349366,-0.0050455223864786704,-0.31807415537236694
2020-10-21,RELIANCE,RELIANCE,1000.53167724609,-0.0050609511923146566,-0.005048166156070473,-0.31822513128280794
2020-10-22,RELIANCE,RELIANCE,981.794738769531,-0.018904552088263613,-0.018726981766465804,-1.1047921972510195
2020-10-23,RELIANCE,RELIANCE,971.918640136719,-0.010110165455640766,-0.010059229534260507,-0.605111879781275
2020-10-26,RELIANCE,RELIANCE,970.049560546875,-0.0019249338545523533,-0.0019230823575737321,-0.14004259230835933
2020-10-27,RELIANCE,RELIANCE,939.106018066406,-0.032418785415523926,-0.03189892943513551,-1.8726452245759817
2020-10-28,RELIANCE,RELIANCE,942.290344238281,0.0033850700217789476,0.003390805841529417,0.1616617258584522
2020-10-29,RELIANCE,RELIANCE,921.615173339844,-0.02218569421222717,-0.021941401633644275,-1.2912204504828755
2020-10-30,RELIANCE,RELIANCE,938.459899902344,0.018112373319058392,0.01827739717159424,0.9984390810590693
2020-11-02,RELIANCE,RELIANCE,935.460144042969,-0.003201586355188562,-0.0031964667426782477,-0.2125795586102594
2020-11-03,RELIANCE,RELIANCE,872.234680175781,-0.06998002455508552,-0.06758755492664131,-4.006803373615145
2020-11-04,RELIANCE,RELIANCE,847.775207519531,-0.028443001164026094,-0.028042306975595944,-1.64674872718863
2020-11-05,RELIANCE,RELIANCE,902.209106445312,0.06223080334439406,0.06420793913642134,3.5051643414143414
2020-11-06,RELIANCE,RELIANCE,918.384704589844,0.017770052493920892,0.017928879268647047,0.9789890630274881
2020-11-09,RELIANCE,RELIANCE,951.658813476562,0.03559021033271123,0.03623112266615817,1.9914965292351752
2020-11-10,RELIANCE,RELIANCE,958.53515625,0.00719965886750505,0.007225638722682106,0.37839940695816243
2020-11-11,RELIANCE,RELIANCE,964.073181152344,0.005760965570848661,0.005777591845467564,0.2966555909030276
2020-11-12,RELIANCE,RELIANCE,914.231201171875,-0.0530837109910438,-0.051699374025624814,-3.0467869815190487
2020-11-13,RELIANCE,RELIANCE,914.692687988281,5.046539431578016e-4,5.047813023822443e-4,-0.0019980358435547426
2020-11-14,RELIANCE,RELIANCE,929.876037597656,0.016463135617485126,0.016599399786138367,0.9047325324695148
2020-11-17,RELIANCE,RELIANCE,962.227172851562,0.03419928484560917,0.034790804307083235,1.9124667892424232
2020-11-18,RELIANCE,RELIANCE,919.884521484375,-0.04500242716377928,-0.04400483852654516,-2.5876238087980044
2020-11-19,RELIANCE,RELIANCE,917.092468261719,-0.003039837067381377,-0.0030352214407854323,-0.20338927179910354
2020-11-20,RELIANCE,RELIANCE,911.462158203125,-0.006158227674078976,-0.006139304654050659,-0.3805702934486608
2020-11-23,RELIANCE,RELIANCE,900.386169433594,-0.012226328852163569,-0.012151890969743003,-0.7253482580489662
2020-11-24,RELIANCE,RELIANCE,906.385681152344,0.006641163650541513,0.006663265077165849,0.34666677124682527
2020-11-25,RELIANCE,RELIANCE,913.769653320312,0.008113607158353672,0.00814661167040985,0.4303282100913002
2020-11-26,RELIANCE,RELIANCE,901.332275390625,-0.01370454451331621,-0.013611064762868916,-0.8093376596649386
2020-11-27,RELIANCE,RELIANCE,895.540405273438,-0.006446633908162799,-0.006425898944622757,-0.3969569869870909
2020-12-01,RELIANCE,RELIANCE,895.47119140625,-7.729025021472111e-5,-7.728726340027224e-5,-0.03506299778363858
2020-12-02,RELIANCE,RELIANCE,903.847412109375,0.009310503648136076,0.009353981215153292,0.49833359158935314
2020-12-03,RELIANCE,RELIANCE,910.077697753906,0.0068694237823873,0.0068930723937029904,0.35963607768182926
2020-12-04,RELIANCE,RELIANCE,908.693176269531,-0.0015224806726198872,-0.0015213222868685088,-0.11717596816327694
2020-12-07,RELIANCE,RELIANCE,895.586608886719,-0.01452856484174203,-0.014423534505473666,-0.8561569270578412
2020-12-08,RELIANCE,RELIANCE,905.070434570312,0.010533836427118,0.010589512604908386,0.5678410327456587
2020-12-09,RELIANCE,RELIANCE,927.591613769531,0.024578795631384792,0.024883344255865622,1.3658488947157421
2020-12-10,RELIANCE,RELIANCE,932.968078613281,0.005779421999753014,0.005796155079390178,0.2977042500806984
2020-12-11,RELIANCE,RELIANCE,928.999145507812,-0.004263167541509661,-0.004254093142573762,-0.27289658199801015
2020-12-14,RELIANCE,RELIANCE,926.668579101562,-0.002511837222473751,-0.0025086851990332665,-0.17338932511166377
2020-12-15,RELIANCE,RELIANCE,918.246215820312,-0.009130418179620474,-0.009088862481358524,-0.5494445034908231
2020-12-16,RELIANCE,RELIANCE,917.461669921875,-8.5476120933771e-4,-8.543960050368124e-4,-0.07923741857121078
2020-12-17,RELIANCE,RELIANCE,915.846435546875,-0.0017620985671993451,-0.0017605469830009822,-0.13079060106908386
2020-12-18,RELIANCE,RELIANCE,913.815856933594,-0.0022196221185744854,-0.0022171605789659625,-0.15678621883655428
2020-12-21,RELIANCE,RELIANCE,927.614685058594,0.014987354778087143,0.015100228366909095,0.8208814727934836
2020-12-22,RELIANCE,RELIANCE,899.463195800781,-0.03081830022892672,-0.03034825742979126,-1.7817087011375075
2020-12-23,RELIANCE,RELIANCE,890.694702148438,-0.009796413811432024,-0.009748585259829988,-0.587285108258254
2020-12-24,RELIANCE,RELIANCE,898.540161132812,0.008769680746116436,0.00880824705193611,0.46760506319220146
2020-12-28,RELIANCE,RELIANCE,926.091735839844,0.03020189331885832,0.03066259684185621,1.6853426075822384
2020-12-29,RELIANCE,RELIANCE,927.153198242188,0.0011455177876329202,0.0011461741437324997,0.034414628579717645
2020-12-30,RELIANCE,RELIANCE,920.807556152344,-0.006867750861354974,-0.006844221755234014,-0.42088405110801425
2020-12-31,RELIANCE,RELIANCE,919.999938964844,-8.774597468339264e-4,-8.770748916034991e-4,-0.08052710628861623
2021-01-01,RELIANCE,RELIANCE,917.461669921875,-0.0027628012963736015,-0.0027589882732220188,-0.1876486263407681
2021-01-04,RELIANCE,RELIANCE,920.738342285156,0.0035650917332497962,0.00357145423149944,0.17189021701956603
2021-01-05,RELIANCE,RELIANCE,908.693176269531,-0.013168396796821821,-0.013082072791419137,-0.7788747664149639
2021-01-06,RELIANCE,RELIANCE,907.262512207031,-0.0015756599872689574,-0.001574419286797467,-0.12019751564995433
2021-01-07,RELIANCE,RELIANCE,886.310424804688,-0.023364581515557304,-0.023093743123337545,-1.3582025842685228
2021-01-08,RELIANCE,RELIANCE,885.156677246094,-0.0013025900626576997,-0.001301742060461743,-0.1046822020389927
2021-01-11,RELIANCE,RELIANCE,894.755859375,0.010786232466531917,0.010844613587247705,0.5821816955310107
2021-01-12,RELIANCE,RELIANCE,878.234191894531,-0.018637606808458596,-0.01846500060028621,-1.089624874306038
2021-01-13,RELIANCE,RELIANCE,906.177978515625,0.03132243959489398,0.03181814928067593,1.7490099151886644
2021-01-14,RELIANCE,RELIANCE,897.6171875,-0.009492048158641016,-0.009447140869223174,-0.5699916309110864
2021-01-15,RELIANCE,RELIANCE,904.816589355469,0.007988576595830387,0.008020570412115662,0.4232242113947563
2021-01-18,RELIANCE,RELIANCE,899.509338378906,-0.005882824384354191,-0.005865554454901724,-0.3649224024710894
2021-01-19,RELIANCE,RELIANCE,920.530639648438,0.02310085091381791,0.023369742116759434,1.2818748875988524
2021-01-20,RELIANCE,RELIANCE,932.875793457031,0.013321780006690239,0.013410910269437457,0.7262466829772222
2021-01-21,RELIANCE,RELIANCE,960.842651367188,0.029538595293654307,0.029979187053957048,1.6476552756901508
2021-01-22,RELIANCE,RELIANCE,974.226135253906,0.013832787118383585,0.013928902789311694,0.7552811348914741
2021-01-25,RELIANCE,RELIANCE,939.129089355469,-0.03669050330211208,-0.03602556391005661,-2.1153561081063503
2021-01-27,RELIANCE,RELIANCE,888.38720703125,-0.055545253204587725,-0.05403078543658305,-3.1866471270994317
2021-01-28,RELIANCE,RELIANCE,867.688903808594,-0.02357444723955106,-0.023298740750470913,-1.3701267554440564
2021-01-29,RELIANCE,RELIANCE,874.219116210938,0.007497804613925413,0.007525983533592007,0.3953394810584922
2021-02-01,RELIANCE,RELIANCE,858.11279296875,-0.018595498096768588,-0.01842366855576938,-1.087232337418081
2021-02-02,RELIANCE,RELIANCE,883.426086425781,0.02907207711621281,0.02949879510531066,1.621148600381534
2021-02-03,RELIANCE,RELIANCE,889.91015625,0.007312881296321369,0.007339685712081043,0.3848324899620149
2021-02-04,RELIANCE,RELIANCE,887.925659179688,-0.002232487249178297,-0.0022299971029373735,-0.15751719108202686
2021-02-05,RELIANCE,RELIANCE,890.7177734375,0.0031396023510078773,0.0031445360644173142,0.14771471979842113
2021-02-08,RELIANCE,RELIANCE,892.102233886719,0.0015531132944733492,0.0015543199995617044,0.0575734298429872
2021-02-09,RELIANCE,RELIANCE,905.439636230469,0.014839873640996072,0.014950531269988515,0.8125018751613873
2021-02-10,RELIANCE,RELIANCE,901.655334472656,-0.0041882771531945445,-0.004179518552520828,-0.26864145261014405
2021-02-11,RELIANCE,RELIANCE,913.769653320312,0.013346184773381278,0.013435642628057236,0.7276333153914394
2021-02-12,RELIANCE,RELIANCE,948.612915039062,0.037422308938370244,0.03813134042276634,2.0955928865087627
2021-02-15,RELIANCE,RELIANCE,945.174743652344,-0.0036310038756420305,-0.0036244197524724726,-0.23697824517144664
2021-02-16,RELIANCE,RELIANCE,941.344299316406,-0.004060865024481266,-0.004052630861819639,-0.2614021378535265
2021-02-17,RELIANCE,RELIANCE,950.689636230469,0.009878694814328572,0.009927650192229812,0.5306171326896943
2021-02-18,RELIANCE,RELIANCE,962.227172851562,0.01206291509593259,0.012135965494312072,0.6547203736919889
2021-02-19,RELIANCE,RELIANCE,949.30517578125,-0.013520246121780075,-0.013429258115853954,-0.7988661756787412
2021-02-22,RELIANCE,RELIANCE,959.919677734375,0.011119288853645406,0.011181337913163256,0.6011053258193189
2021-02-23,RELIANCE,RELIANCE,945.151672363281,-0.015504197464398087,-0.01538462614491847,-0.9115905165721134
2021-02-24,RELIANCE,RELIANCE,936.844665527344,-0.00882792449407497,-0.008789072779362488,-0.5322573877611965
2021-02-25,RELIANCE,RELIANCE,958.073669433594,0.022407184237994572,0.022660110781866197,1.2424620667538113
2021-02-26,RELIANCE,RELIANCE,976.995178222656,0.01955704252735105,0.019749534292335058,1.0805224370444255
2021-03-01,RELIANCE,RELIANCE,973.85693359375,-0.003217309315160581,-0.0032121393215216263,-0.21347290728351867
2021-03-02,RELIANCE,RELIANCE,979.302673339844,0.005576353144261113,0.005591929941904278,0.28616626404264905
2021-03-03,RELIANCE,RELIANCE,978.8642578125,-4.477815733630313e-4,-4.476813341566725e-4,-0.056113609918861565
2021-03-04,RELIANCE,RELIANCE,1006.06964111328,0.02741359502506903,0.027792804858946182,1.5269168031636928
2021-03-05,RELIANCE,RELIANCE,994.99365234375,-0.011070216438196636,-0.011009167076419992,-0.6596601501485497
2021-03-08,RELIANCE,RELIANCE,1000.76239013672,0.005781021062899357,0.005797763412240362,0.297795105806515
2021-03-09,RELIANCE,RELIANCE,1015.29962158203,0.014421662944561006,0.014526156846605699,0.7887399390203568
2021-03-10,RELIANCE,RELIANCE,1018.53015136719,0.0031767973357590355,0.003181848704056662,0.14982806806989668
2021-03-12,RELIANCE,RELIANCE,1012.99212646484,-0.0054521072017193585,-0.005437271439550631,-0.3404498715773165
2021-03-15,RELIANCE,RELIANCE,987.632751464844,-0.02535281212246631,-0.025034128437400268,-1.471170064817767
2021-03-16,RELIANCE,RELIANCE,975.610656738281,-0.012247330055179449,-0.012172636750585622,-0.7265415064503151
2021-03-17,RELIANCE,RELIANCE,968.249755859375,-0.007573523299516702,-0.007544916435738227,-0.46098469833835665
2021-03-18,RELIANCE,RELIANCE,956.643005371094,-0.01205977953044511,-0.011987351835662888,-0.715885242442859
2021-03-19,RELIANCE,RELIANCE,918.84619140625,-0.04031154354228414,-0.03950984197096817,-2.321096725657556
2021-03-22,RELIANCE,RELIANCE,955.766174316406,0.039394552424020304,0.04018080855692699,2.207652009242982
2021-03-23,RELIANCE,RELIANCE,951.589599609375,-0.0043794466030166596,-0.004369870810732803,-0.2795033370562162
2021-03-24,RELIANCE,RELIANCE,959.804260253906,0.008595519106671492,0.008632566652581239,0.45770953017502886
2021-03-25,RELIANCE,RELIANCE,947.920654296875,-0.012458567350434763,-0.012381280693510717,-0.7385436076955666
2021-03-26,RELIANCE,RELIANCE,928.537658691406,-0.020659862149073716,-0.02044790934516182,-1.2045255754936637
2021-03-30,RELIANCE,RELIANCE,926.691650390625,-0.0019900600976698597,-0.0019880812409726212,-0.14374294154202294
2021-03-31,RELIANCE,RELIANCE,931.306701660156,0.00496777702261913,0.004980136885430722,0.25158812660455476
2021-04-01,RELIANCE,RELIANCE,931.306701660156,0,0,-0.030671512808285655
2021-04-05,RELIANCE,RELIANCE,934.514099121094,0.003438058594851963,0.0034439754972453414,0.164672435771657
2021-04-06,RELIANCE,RELIANCE,924.845703125,-0.010399797957713697,-0.010345907038948965,-0.6215682475339169
2021-04-07,RELIANCE,RELIANCE,922.999694824219,-0.00199801229793719,-0.001996017600063954,-0.14419477043244525
2021-04-08,RELIANCE,RELIANCE,928.076171875,0.005484907311381967,0.005499976954757081,0.2809704857907768
2021-04-09,RELIANCE,RELIANCE,922.284362792969,-0.006260215659307726,-0.006240661335297277,-0.3863650567409817
2021-04-12,RELIANCE,RELIANCE,904.078186035156,-0.019937749891059772,-0.01974030731983668,-1.1634965307852225
2021-04-13,RELIANCE,RELIANCE,887.925659179688,-0.018027823281459462,-0.017866294204381964,-1.0549781343925944
2021-04-15,RELIANCE,RELIANCE,888.987121582031,0.0011947266518580351,0.0011954406220490376,0.03721058262694124
2021-04-16,RELIANCE,RELIANCE,893.740600585938,0.005332828126430971,0.0053470729648453135,0.272329635826896
2021-04-19,RELIANCE,RELIANCE,878.695678710938,-0.016976952457002367,-0.016833656057626253,-0.9952696533898883
2021-04-20,RELIANCE,RELIANCE,881.695434570312,0.0034080594252297626,0.0034138734627383,0.1629679400260362
2021-04-22,RELIANCE,RELIANCE,873.273071289062,-0.009598380728726912,-0.009552463300838773,-0.5760332452495781
2021-04-23,RELIANCE,RELIANCE,879.618713378906,0.0072402299625055535,0.007266503798722435,0.38070457939108066
2021-04-26,RELIANCE,RELIANCE,886.079711914062,0.007318381530473308,0.007345226331460359,0.3851450028025357
2021-04-27,RELIANCE,RELIANCE,895.309692382812,0.010362768572265273,0.010416648011059739,0.5581212826832048
2021-04-28,RELIANCE,RELIANCE,922.007446289062,0.029383616328669097,0.029819574314219204,1.6388496657414504
2021-04-29,RELIANCE,RELIANCE,933.567993164062,0.012460497381963436,0.012538452830863156,0.6773102427986407
2021-04-30,RELIANCE,RELIANCE,926.922424316406,-0.007143919741342673,-0.007118462604028192,-0.4365754414678171
2021-05-03,RELIANCE,RELIANCE,907.308654785156,-0.02138718221432922,-0.021160098209637032,-1.2458505179019095
2021-05-04,RELIANCE,RELIANCE,899.924682617188,-0.008171621344156556,-0.008138324404848246,-0.4949674913753446
2021-05-05,RELIANCE,RELIANCE,887.625732421875,-0.013760892191757667,-0.013666643923516776,-0.8125392275546043
2021-05-06,RELIANCE,RELIANCE,886.933471679688,-7.802058964312067e-4,-7.799016149500545e-4,-0.07500132753059353
2021-05-07,RELIANCE,RELIANCE,894.271301269531,0.008239222364342266,0.00827325816889803,0.43746542711728026
2021-05-10,RELIANCE,RELIANCE,894.848205566406,6.449030538934802e-4,6.451110485777766e-4,0.005970651809691244
2021-05-11,RELIANCE,RELIANCE,883.772216796875,-0.012454745044117792,-0.01237750570502662,-0.7383264315224329
2021-05-12,RELIANCE,RELIANCE,890.740844726562,0.00785417014293961,0.007885095047391273,0.41558749244481674
2021-05-14,RELIANCE,RELIANCE,889.794738769531,-0.0010627207395829748,-0.0010621562518798118,-0.09105328344441815
2021-05-17,RELIANCE,RELIANCE,894.063659667969,0.00478617478983214,0.0047976468194690725,0.24126983322914122
2021-05-18,RELIANCE,RELIANCE,914.231201171875,0.022306514475964337,0.022557165013725868,1.236742202395759
2021-05-19,RELIANCE,RELIANCE,913.769653320312,-5.049755422560167e-4,-5.048480635656888e-4,-0.05936326242194674
2021-05-20,RELIANCE,RELIANCE,922.030517578125,0.008999803079970899,0.009040423073578696,0.4806801764025678
2021-05-21,RELIANCE,RELIANCE,919.307678222656,-0.002957459250345767,-0.0029530902758197124,-0.19870872095589576
2021-05-24,RELIANCE,RELIANCE,926.691650390625,0.008000015422335617,0.008032101050482668,0.4238741437548383
2021-05-25,RELIANCE,RELIANCE,921.338256835938,-0.005793638412655965,-0.005776887654518575,-0.35985502523221474
2021-05-26,RELIANCE,RELIANCE,911.462158203125,-0.01077716279603627,-0.010719297239137206,-0.6430093997247326
2021-05-27,RELIANCE,RELIANCE,909.293151855469,-0.002382535820930627,-0.002379699835187942,-0.16604266546712618
2021-05-28,RELIANCE,RELIANCE,918.384704589844,0.009948829539897211,0.009998483674734736,0.5346020543677783
2021-05-31,RELIANCE,RELIANCE,970.072631835938,0.05475457585897409,0.05628134591938583,3.0803793189395527
2021-06-01,RELIANCE,RELIANCE,999.608642578125,0.02999289808438349,0.03044721577835656,1.6734678959650964
2021-06-02,RELIANCE,RELIANCE,995.455139160156,-0.004163786097266582,-0.00415512955876065,-0.267249917405647
2021-06-03,RELIANCE,RELIANCE,1024.99108886719,0.02923913888391656,0.029670799361137278,1.6306407321936158
2021-06-04,RELIANCE,RELIANCE,1022.12982177734,-0.0027954078708359847,-0.0027915043564059145,-0.1895012698689166
2021-06-07,RELIANCE,RELIANCE,1016.22265625,-0.005796035894805844,-0.005779271283826029,-0.35999124560684953
2021-06-08,RELIANCE,RELIANCE,1027.57556152344,0.011109728881109315,0.011171671093551258,0.6005621463673131
2021-06-09,RELIANCE,RELIANCE,1024.06811523438,-0.0034191606913264528,-0.003413322017759947,-0.22494171846247257
2021-06-10,RELIANCE,RELIANCE,1012.25372314453,-0.011603789177292207,-0.011536724866339604,-0.689976738081523
2021-06-11,RELIANCE,RELIANCE,1007.40802001953,-0.004798538606262562,-0.004787044012984212,-0.30331534737358484
2021-06-14,RELIANCE,RELIANCE,1022.22216796875,0.014598138239665617,0.014705211448418694,0.7987669295504672
2021-06-15,RELIANCE,RELIANCE,1043.451171875,0.020554800150638687,0.020767504923547096,1.1372131270025874
2021-06-16,RELIANCE,RELIANCE,1036.02099609375,-0.007146243663676308,-0.007120769980926425,-0.4367074823136378
2021-06-17,RELIANCE,RELIANCE,1015.29962158203,-0.020203647522140822,-0.02000092140009575,-1.1786043283228214
2021-06-18,RELIANCE,RELIANCE,1027.06787109375,0.011524252904702156,0.011590912930099223,0.6241146127712073
2021-06-21,RELIANCE,RELIANCE,1016.91491699219,-0.009934562722224632,-0.009885377965088,-0.5951344665462875
2021-06-22,RELIANCE,RELIANCE,1040.22058105469,0.02265933503980405,0.022918007861889775,1.2567887956050348
2021-06-23,RELIANCE,RELIANCE,1038.37463378906,-0.0017761493317532619,-0.0017745729119860115,-0.13158893877997657
2021-06-24,RELIANCE,RELIANCE,1018.4609375,-0.019364035520899322,-0.0191777568914548,-1.1308991717431138
2021-06-25,RELIANCE,RELIANCE,993.839904785156,-0.024471749860898444,-0.02417474427176445,-1.4211097833039052
2021-06-28,RELIANCE,RELIANCE,979.302673339844,-0.014735371529700158,-0.014627337235421877,-0.8679072896255333
2021-06-29,RELIANCE,RELIANCE,964.303894042969,-0.015434272855571406,-0.015315774892886488,-0.9076175333275682
2021-06-30,RELIANCE,RELIANCE,967.419006347656,0.0032252193152030846,0.003230425931006597,0.15257931282087936
2021-07-01,RELIANCE,RELIANCE,977.456665039062,0.010322251405606142,0.0103757096206965,0.5558191743560468
2021-07-02,RELIANCE,RELIANCE,967.76513671875,-0.009964527954817056,-0.009915046535515457,-0.5968370340544403
2021-07-05,RELIANCE,RELIANCE,985.971313476562,0.01863782986110857,0.01881259829171041,1.0282945221166888
2021-07-06,RELIANCE,RELIANCE,989.894104003906,0.003970711412538763,0.003978605131534821,0.1949367555203005
2021-07-07,RELIANCE,RELIANCE,981.956298828125,-0.00805116660225424,-0.008018842766791245,-0.48812348210115436
2021-07-08,RELIANCE,RELIANCE,976.972106933594,-0.005088703227025564,-0.005075777710758818,-0.3198019490978603
2021-07-09,RELIANCE,RELIANCE,963.611633300781,-0.013769758508822151,-0.013675389029014605,-0.8130429948223674
2021-07-12,RELIANCE,RELIANCE,959.804260253906,-0.003958975313173421,-0.00395114890200435,-0.25561295829842884
2021-07-13,RELIANCE,RELIANCE,969.149658203125,0.009689677891756255,0.009736774815676221,0.519877550746852
2021-07-14,RELIANCE,RELIANCE,969.311157226562,1.6662603909776264e-4,1.666399219873599e-4,-0.021204138266638445
2021-07-15,RELIANCE,RELIANCE,966.842163085938,-0.0025504131858165467,-0.0025471636452514285,-0.17558113795945535
2021-07-16,RELIANCE,RELIANCE,963.496276855469,-0.003466635188959017,-0.00346063334659473,-0.22763912909947587
2021-07-19,RELIANCE,RELIANCE,969.149658203125,0.005850422335677629,0.00586756947946574,0.3017383540924173
2021-07-20,RELIANCE,RELIANCE,968.918884277344,-2.3814836453236646e-4,-2.381200094615877e-4,-0.04420264981254347
2021-07-22,RELIANCE,RELIANCE,977.918151855469,0.009245079592604873,0.00928794734436102,0.4946163212209204
2021-07-23,RELIANCE,RELIANCE,985.04833984375,0.0072647387280694855,0.00729119095984919,0.3820971208234016
2021-07-26,RELIANCE,RELIANCE,972.841674804688,-0.012469365602949997,-0.012391945192251464,-0.7391571438602054
2021-07-27,RELIANCE,RELIANCE,958.44287109375,-0.014911392045152827,-0.014800767775320401,-0.8779084404410219
2021-07-28,RELIANCE,RELIANCE,949.766662597656,-0.009093622196091547,-0.009052400260636207,-0.5473538257097097
2021-07-29,RELIANCE,RELIANCE,947.920654296875,-0.001945535354138537,-0.0019436440269782727,-0.14121313032125393
2021-07-30,RELIANCE,RELIANCE,949.766662597656,0.0019455353541386387,0.0019474291359863963,0.0798701047046884
2021-08-02,RELIANCE,RELIANCE,948.059143066406,-0.0017994485973389016,-0.0017978305603819095,-0.13291275872456002
2021-08-03,RELIANCE,RELIANCE,964.53466796875,0.017228888169984326,0.017378161502725958,0.9482411356865593
2021-08-04,RELIANCE,RELIANCE,966.565246582031,0.0021030287934585435,0.0021052417095150087,0.08881858230139164
2021-08-05,RELIANCE,RELIANCE,975.749084472656,0.009456663306320032,0.009501518829795398,0.506638105304012
2021-08-06,RELIANCE,RELIANCE,982.971557617188,0.00737471768360564,0.00740197788495525,0.38834591584606337
2021-08-09,RELIANCE,RELIANCE,960.381164550781,-0.023249933396361246,-0.022981736237789107,-1.351688496249617
2021-08-10,RELIANCE,RELIANCE,960.842651367188,4.804092281793889e-4,4.8052464317414314e-4,-0.003375574423953005
2021-08-11,RELIANCE,RELIANCE,967.742065429688,0.007154929141423017,0.007180586803346821,0.3758579490188338
2021-08-12,RELIANCE,RELIANCE,980.640991210938,0.013240840080061038,0.013328888184190627,0.7216478303313731
2021-08-13,RELIANCE,RELIANCE,977.133605957031,-0.00358303658791124,-0.0035766251720477857,-0.2342528351385771
2021-08-16,RELIANCE,RELIANCE,991.924682617188,0.015023785692748948,0.015137210070336443,0.8229514080560971
2021-08-17,RELIANCE,RELIANCE,1000.92395019531,0.009031622976823573,0.009072531146596256,0.48248812240555783
2021-08-18,RELIANCE,RELIANCE,1003.30065917969,0.002371700344699298,0.002374515050735109,0.10408398870518426
2021-08-20,RELIANCE,RELIANCE,988.994140625,-0.014362095882736183,-0.014259452960378968,-0.8466984775081775
2021-08-23,RELIANCE,RELIANCE,1003.30065917969,0.014362095882736197,0.014465726304150722,0.785355451891607
2021-08-24,RELIANCE,RELIANCE,999.170227050781,-0.004125341362116528,-0.0041168438305283946,-0.2650655606941102
2021-08-25,RELIANCE,RELIANCE,1008.56176757812,0.00935544091676055,0.009399339845283107,0.5008868417011013
2021-08-26,RELIANCE,RELIANCE,1018.99163818359,0.010288224787279482,0.010341330536964,0.553885846637111
2021-08-27,RELIANCE,RELIANCE,1032.37512207031,0.013048543088265741,0.013134046821597883,0.7107218810954917
2021-08-30,RELIANCE,RELIANCE,1038.37463378906,0.005794547109119486,0.005811367971284185,0.2985636300199392
2021-08-31,RELIANCE,RELIANCE,1050.78894042969,0.011884615368656311,0.011955518015044173,0.6445897223967991
2021-09-01,RELIANCE,RELIANCE,1048.98913574219,-0.0017142812839987152,-0.0017128127431223453,-0.12807371400823997
2021-09-02,RELIANCE,RELIANCE,1040.68212890625,-0.007950581256287812,-0.007919058980589493,-0.48240841410324914
2021-09-03,RELIANCE,RELIANCE,1066.06457519531,0.024097509686783924,0.024390200988400543,1.3385031429722616
2021-09-06,RELIANCE,RELIANCE,1113.59912109375,0.04362332033476807,0.044588805410527184,2.4479225568568426
2021-09-07,RELIANCE,RELIANCE,1121.44458007812,0.007020436516013954,0.0070451375506334615,0.36821633391034525
2021-09-08,RELIANCE,RELIANCE,1131.59765625,0.009012831394723034,0.009053569255444382,0.4814204204608964
2021-09-09,RELIANCE,RELIANCE,1120.47546386719,-0.009877372727416586,-0.009828751695781889,-0.5918850398431481
2021-09-13,RELIANCE,RELIANCE,1122.8291015625,0.002098367377482394,0.0021005704910187803,0.08855372951379863
2021-09-14,RELIANCE,RELIANCE,1096.06213378906,-0.024127605578497024,-0.02383886179668106,-1.4015561598996484
2021-09-15,RELIANCE,RELIANCE,1093.06237792969,-0.0027406003823732352,-0.002736848365520954,-0.18638721264368655
2021-09-16,RELIANCE,RELIANCE,1099.0849609375,0.005494701978935396,0.005509825540987922,0.2815270001671693
2021-09-17,RELIANCE,RELIANCE,1128.82861328125,0.0267024897128312,0.027062195736332513,1.4865131521739423
2021-09-20,RELIANCE,RELIANCE,1094.72375488281,-0.03067841684667752,-0.030212609777231704,-1.773760793481078
2021-09-21,RELIANCE,RELIANCE,1109.90710449219,0.013774269380375384,0.013869571699396782,0.7519562683456843
2021-09-22,RELIANCE,RELIANCE,1111.29162597656,0.001246643665591607,0.0012474210488124145,0.040160408577080906
2021-09-23,RELIANCE,RELIANCE,1129.47473144531,0.01622971938299606,0.016362136673864876,0.8914702660916145
2021-09-24,RELIANCE,RELIANCE,1155.38793945312,0.022683480669671977,0.022942707159681806,1.2581607043579608
2021-09-27,RELIANCE,RELIANCE,1147.75012207031,-0.0066325553902803315,-0.006610608542811351,-0.4075206918922536
2021-09-28,RELIANCE,RELIANCE,1169.44055175781,0.018721863060157808,0.01889821597088993,1.0330691286166076
2021-09-29,RELIANCE,RELIANCE,1186.05456542969,0.014106833904504689,0.014206804823816943,0.7708519519149822
2021-09-30,RELIANCE,RELIANCE,1165.287109375,-0.017664804997702142,-0.017509696990345686,-1.034352126138386
2021-10-01,RELIANCE,RELIANCE,1154.64953613281,-0.009170636461000602,-0.009128714422916295,-0.5517296297250465
2021-10-04,RELIANCE,RELIANCE,1178.20910644531,0.020198713182959897,0.02040408762593582,1.116980942941388
2021-10-05,RELIANCE,RELIANCE,1179.17822265625,8.221951934418599e-4,8.225332885635657e-4,0.016044053887080193
2021-10-06,RELIANCE,RELIANCE,1209.1064453125,0.025063837467628074,0.025380576134481896,1.3934080490768994
2021-10-07,RELIANCE,RELIANCE,1197.59204101562,-0.0095687035307044,-0.009523069156995556,-0.5743470433177126
2021-10-08,RELIANCE,RELIANCE,1193.09240722656,-0.00376431034693594,-0.0037572342124485704,-0.2445524652597265
2021-10-11,RELIANCE,RELIANCE,1246.69567871094,0.0439479962050948,0.04492801325337838,2.466370022124951
2021-10-12,RELIANCE,RELIANCE,1220.66711425781,-0.021099069919058494,-0.02087804176881647,-1.2294805254076318
2021-10-13,RELIANCE,RELIANCE,1236.35803222656,0.01277246291367537,0.01285437920418655,0.6950355308076064
2021-10-14,RELIANCE,RELIANCE,1246.21105957031,0.007937808548310561,0.007969396474907565,0.42033966751901586
2021-10-18,RELIANCE,RELIANCE,1231.55847167969,-0.011827378223960974,-0.01175770972187662,-0.7026806423433359
2021-10-19,RELIANCE,RELIANCE,1257.033203125,0.020473926337829573,0.02068495490154494,1.1326180308182165
2021-10-20,RELIANCE,RELIANCE,1265.77868652344,0.0069331514301297715,0.006957241365382093,0.3632569613870594
2021-10-21,RELIANCE,RELIANCE,1258.69470214844,-0.0056122619479787444,-0.00559654262662355,-0.3495495595712828
2021-10-22,RELIANCE,RELIANCE,1209.12951660156,-0.04017454037636395,-0.0393782427639349,-2.313312466413436
2021-10-25,RELIANCE,RELIANCE,1236.81958007812,0.022642537022702455,0.022900825012019455,1.2558343642309293
2021-10-26,RELIANCE,RELIANCE,1207.79125976562,-0.023749943592077587,-0.023470133219160805,-1.380098124319282
2021-10-27,RELIANCE,RELIANCE,1223.89758300781,0.01324722020201704,0.013335353366703068,0.7220103367229668
2021-10-28,RELIANCE,RELIANCE,1209.12951660156,-0.012139813632641825,-0.012066423376665629,-0.7204326278677518
2021-10-29,RELIANCE,RELIANCE,1198.12280273438,-0.009144692047493175,-0.009103006515063844,-0.5502555175078434
2021-11-01,RELIANCE,RELIANCE,1170.47900390625,-0.023342930821544917,-0.0230725921959258,-1.356972433024385
2021-11-02,RELIANCE,RELIANCE,1174.51708984375,0.003444005676284157,0.0034499430780250305,0.16501033762453138
2021-11-03,RELIANCE,RELIANCE,1156.54162597656,-0.015422880646715072,-0.015304557100638985,-0.9069702496936081
2021-11-04,RELIANCE,RELIANCE,1150.49597167969,-0.00524106598167063,-0.005227355558227462,-0.3284589109522773
2021-11-08,RELIANCE,RELIANCE,1162.70263671875,0.010554025322603874,0.010609915496912719,0.5689881273785378
2021-11-09,RELIANCE,RELIANCE,1156.05712890625,-0.005731965946705616,-0.005715569572676134,-0.3563509130465055
2021-11-10,RELIANCE,RELIANCE,1161.45666503906,0.004659774554221222,0.004670648186667488,0.23408801231351048
2021-11-11,RELIANCE,RELIANCE,1172.23266601562,0.00923522889099935,0.009278005198926298,0.4940566230962908
2021-11-12,RELIANCE,RELIANCE,1182.77795410156,0.008955678141835031,0.008995900209625693,0.47817308136375364
2021-11-15,RELIANCE,RELIANCE,1199.89953613281,0.014371963314709933,0.014475736525082243,0.7859161006039297
2021-11-16,RELIANCE,RELIANCE,1187.00061035156,-0.01080820357576034,-0.010750004806921011,-0.6447730777747168
2021-11-17,RELIANCE,RELIANCE,1153.26501464844,-0.028832567031106763,-0.02842087477371082,-1.668883118621474
2021-11-18,RELIANCE,RELIANCE,1135.28955078125,-0.01570933357443843,-0.015586585597300567,-0.9232459600807298
2021-11-22,RELIANCE,RELIANCE,1124.259765625,-0.009762896241211681,-0.0097153938822566,-0.585380703684274
2021-11-23,RELIANCE,RELIANCE,1076.7021484375,-0.04322202974885388,-0.04230127114889832,-2.486465014822294
2021-11-24,RELIANCE,RELIANCE,1098.36962890625,0.019924121556943553,0.020123931674320184,1.1013791691515702
2021-11-25,RELIANCE,RELIANCE,1095.13916015625,-0.002945482691203431,-0.0029411490130302324,-0.19802823565038982
2021-11-26,RELIANCE,RELIANCE,1138.88928222656,0.039172031523507525,0.03994937233736388,2.1950087950136434
2021-11-29,RELIANCE,RELIANCE,1125.64428710938,-0.011697902238495702,-0.011629747793644757,-0.6953240631724813
2021-11-30,RELIANCE,RELIANCE,1138.98156738281,0.011778929796591248,0.011848574568507537,0.6385848692549613
2021-12-01,RELIANCE,RELIANCE,1122.8291015625,-0.014283017265096858,-0.014181498878358213,-0.8422053808980616
2021-12-02,RELIANCE,RELIANCE,1139.76611328125,0.01497159365825859,0.015084229376653038,0.8199859559497737
2021-12-03,RELIANCE,RELIANCE,1153.01123046875,0.01155390388617009,0.01162090803820171,0.6257993251283177
2021-12-06,RELIANCE,RELIANCE,1114.98364257812,-0.03353724698428094,-0.032981107976866895,-1.9361940830809137
2021-12-07,RELIANCE,RELIANCE,1096.59289550781,-0.016631729158317392,-0.016494185536019175,-0.9756547223331884
2021-12-08,RELIANCE,RELIANCE,1118.72180175781,0.01997877984395984,0.02017969142482229,1.1044847490344625
2021-12-09,RELIANCE,RELIANCE,1123.75207519531,0.004486368315307189,0.00449644713242926,0.22423539971738268
2021-12-10,RELIANCE,RELIANCE,1126.17492675781,0.002153716540073268,0.00215603745343821,0.09169856363247371
2021-12-13,RELIANCE,RELIANCE,1141.51989746094,0.01353374780143377,0.013625743513316578,0.7382902898136459
2021-12-14,RELIANCE,RELIANCE,1098.36962890625,-0.03853369302790733,-0.03780071521369736,-2.2200826417256323
2021-12-15,RELIANCE,RELIANCE,1100.21557617188,0.0016792141556553452,0.0016806248252404664,0.06473824087311537
2021-12-16,RELIANCE,RELIANCE,1110.23010253906,0.009061154484239909,0.009102331019548743,0.4841660464743514
2021-12-17,RELIANCE,RELIANCE,1106.69970703125,-0.0031849438596486656,-0.00317987730627741,-0.21163396367541584
2021-12-20,RELIANCE,RELIANCE,1069.68737792969,-0.03401591394111268,-0.03344387720210617,-1.9633910289218799
2021-12-21,RELIANCE,RELIANCE,1066.68762207031,-0.002808268989117507,-0.0028043294903468277,-0.19023201414187002
2021-12-22,RELIANCE,RELIANCE,1072.94091796875,0.0058452330261792125,0.00586234973487657,0.3014435073991869
2021-12-23,RELIANCE,RELIANCE,1095.6005859375,0.020899293554644496,0.021119213173124575,1.1567865868322147
2021-12-24,RELIANCE,RELIANCE,1093.75463867188,-0.0016862934642093922,-0.0016848724702355192,-0.12648349933360448
2021-12-27,RELIANCE,RELIANCE,1089.85498046875,-0.003571757803918241,-0.0035653866646593274,-0.233611996089565
2021-12-28,RELIANCE,RELIANCE,1096.33898925781,0.005931795523305052,0.005949423460239826,0.30636182380392224
2021-12-29,RELIANCE,RELIANCE,1103.44616699219,0.0064617241765846725,0.00648264615599538,0.336471361713572
2021-12-30,RELIANCE,RELIANCE,1107.599609375,0.003756997989549943,0.003764064353163317,0.18279396540797282
2021-12-31,RELIANCE,RELIANCE,1095.13916015625,-0.011313717543355263,-0.011249958119596325,-0.6734954196918003
2022-01-03,RELIANCE,RELIANCE,1091.44714355469,-0.0033769717700334466,-0.003371276213913524,-0.22254462421746912
2022-01-04,RELIANCE,RELIANCE,1114.9375,0.02129387920508973,0.021522211665518872,1.1792061928058808
2022-01-05,RELIANCE,RELIANCE,1136.21264648438,0.018902142058644187,0.019081918479179328,1.0433122383364648
2022-01-06,RELIANCE,RELIANCE,1131.22839355469,-0.004396375358558327,-0.004386725447135324,-0.2804651967397614
2022-01-07,RELIANCE,RELIANCE,1121.88305664062,-0.008295542154033986,-0.008261229091592985,-0.5020084360378145
2022-01-10,RELIANCE,RELIANCE,1131.59765625,0.008621915185332252,0.008659190948537466,0.4592093051469681
2022-01-11,RELIANCE,RELIANCE,1124.21362304688,-0.006546699756074894,-0.006525316805259155,-0.40264253809387496
2022-01-12,RELIANCE,RELIANCE,1140.50451660156,0.014386933424071062,0.014490923451477036,0.7867666737377487
2022-01-13,RELIANCE,RELIANCE,1163.55651855469,0.02001055597716305,0.02021210930564277,1.1062902084701487
2022-01-14,RELIANCE,RELIANCE,1169.90209960938,0.005438790855239636,0.005453607928364456,0.2783502364876248
2022-01-17,RELIANCE,RELIANCE,1171.28662109375,0.0011827509961305747,0.0011834507219298754,0.03653014865174983
2022-01-18,RELIANCE,RELIANCE,1179.01672363281,0.0065779852883883945,0.0065996677498472685,0.34307709690378657
2022-01-19,RELIANCE,RELIANCE,1167.59460449219,-0.009735067082666369,-0.009687834711475453,-0.583799503839676
2022-01-20,RELIANCE,RELIANCE,1153.77270507812,-0.011908552947377962,-0.011837926760616901,-0.7072928356959748
2022-01-21,RELIANCE,RELIANCE,1131.59765625,-0.019406696754873522,-0.019219599086128983,-1.1333231018961052
2022-01-24,RELIANCE,RELIANCE,1142.21203613281,0.009336275607743215,0.009379994580392627,0.4997979053040291
2022-01-25,RELIANCE,RELIANCE,1084.31689453125,-0.05201656644502745,-0.05068686003132634,-2.9861538586175005
2022-01-27,RELIANCE,RELIANCE,1078.06359863281,-0.005783730800443975,-0.0057670372286722504,-0.3592920935551959
2022-01-28,RELIANCE,RELIANCE,1091.44714355469,0.012338002701254252,0.01241442985261063,0.6703503280823525
2022-01-31,RELIANCE,RELIANCE,1089.23193359375,-0.00203167054348119,-0.0020296080978556355,-0.1461071679106858
2022-02-01,RELIANCE,RELIANCE,1111.29162597656,0.020050166060206272,0.020252520792360083,1.1085407780319438
2022-02-02,RELIANCE,RELIANCE,1110.830078125,-4.154118627664246e-4,-4.1532559120510654e-4,-0.05427442454494171
2022-02-03,RELIANCE,RELIANCE,1103.90759277344,-0.006251311824510159,-0.006231813026925458,-0.3858591577870009
2022-02-04,RELIANCE,RELIANCE,1080.37109375,-0.021551654712296017,-0.021321077214721634,-1.2551955323335278
2022-02-07,RELIANCE,RELIANCE,1080.83264160156,4.271211001787441e-4,4.2721232938392736e-4,-0.006403304478253485
2022-02-08,RELIANCE,RELIANCE,1075.59460449219,-0.004858079418849677,-0.004846298037047031,-0.3066983430705869
2022-02-09,RELIANCE,RELIANCE,1094.28527832031,0.0172278071725607,0.01737706172014896,0.9481797154695065
2022-02-10,RELIANCE,RELIANCE,1105.61511230469,0.010300406514373774,0.0103536383142894,0.5545779891953226
2022-02-11,RELIANCE,RELIANCE,1095.25451660156,-0.009415071297533299,-0.009370888284561351,-0.5656179521085822
2022-02-14,RELIANCE,RELIANCE,1080.02502441406,-0.014002559890692315,-0.013904980035832439,-0.826270326444196
2022-02-15,RELIANCE,RELIANCE,1085.07836914062,0.004668002385230607,0.004678914480987662,0.23455550201831907
2022-02-16,RELIANCE,RELIANCE,1121.44458007812,0.03296544385932984,0.03351482434056995,1.8423622917389555
2022-02-17,RELIANCE,RELIANCE,1116.87573242188,-0.00408239515682563,-0.004074073509652817,-0.2626254390130513
2022-02-18,RELIANCE,RELIANCE,1128.09020996094,0.009990860538610424,0.010040935811849056,0.5369901757522398
2022-02-21,RELIANCE,RELIANCE,1113.13757324219,-0.013343452804822376,-0.013254823583007367,-0.7888211157519631
2022-02-22,RELIANCE,RELIANCE,1085.86291503906,-0.02480768614461207,-0.02450250432539819,-1.4401970438381364
2022-02-23,RELIANCE,RELIANCE,1108.10729980469,0.020278440316908435,0.020485444762454053,1.121510887014415
2022-02-24,RELIANCE,RELIANCE,1063.75708007812,-0.04084636795935628,-0.04002339821638841,-2.3514844315518872
2022-02-25,RELIANCE,RELIANCE,1052.26574707031,-0.010861362957688277,-0.010802591327491893,-0.6477934927221007
2022-02-28,RELIANCE,RELIANCE,1035.14416503906,-0.016404986788017155,-0.016271157812481733,-0.9627716522217172
2022-03-02,RELIANCE,RELIANCE,1077.34826660156,0.0399620063101698,0.040771230701867965,2.239893659493928
2022-03-03,RELIANCE,RELIANCE,1107.599609375,0.02769244641727104,0.028079446276798044,1.5427606087641323
2022-03-04,RELIANCE,RELIANCE,1085.90905761719,-0.019777682316338634,-0.019583386969637535,-1.1544017957122186
2022-03-07,RELIANCE,RELIANCE,1051.61962890625,-0.03208599786854785,-0.03157670384127865,-1.8537368692728229
2022-03-08,RELIANCE,RELIANCE,1020.60687255859,-0.029934055986244098,-0.029490469267785733,-1.7314676255103065
2022-03-09,RELIANCE,RELIANCE,1031.91369628906,0.011017612468988395,0.011078529877154937,0.5953282670786755
2022-03-10,RELIANCE,RELIANCE,1107.599609375,0.07078012370214211,0.07334519675251877,3.9909204593752396
2022-03-11,RELIANCE,RELIANCE,1096.54663085938,-0.010029344662551364,-0.009979218502845996,-0.6005197960765103
2022-03-14,RELIANCE,RELIANCE,1101.55395507812,0.004556054361164709,0.00456644895695469,0.2281948282678774
2022-03-15,RELIANCE,RELIANCE,1120.49853515625,0.017051837609144867,0.017198050073531344,0.9381814596518167
2022-03-16,RELIANCE,RELIANCE,1099.29260253906,-0.019106822612105688,-0.018925444301658906,-1.1162848236035223
2022-03-17,RELIANCE,RELIANCE,1122.71374511719,0.021081856986252118,0.02130564921844619,1.1671594936959713
2022-03-21,RELIANCE,RELIANCE,1127.90563964844,0.004613755463288086,0.004624415220558349,0.23147329511631123
2022-03-22,RELIANCE,RELIANCE,1135.33569335938,0.006565875495001324,0.0065874781096545406,0.342389041481968
2022-03-23,RELIANCE,RELIANCE,1164.36413574219,0.025246759503499985,0.025568157992916476,1.4038013311527215
2022-03-24,RELIANCE,RELIANCE,1158.36462402344,-0.005165928252139878,-0.005152607792171292,-0.3241897281070964
2022-03-25,RELIANCE,RELIANCE,1191.82336425781,0.028475169786095742,0.02888446309604578,1.5872334614784405
2022-03-28,RELIANCE,RELIANCE,1204.51452636719,0.010592229765457843,0.010648526023219248,0.5711588311389582
2022-03-29,RELIANCE,RELIANCE,1217.4365234375,0.010670834727699854,0.010727971134796257,0.5756250155505106
2022-03-30,RELIANCE,RELIANCE,1218.3134765625,7.200682852439174e-4,7.203275966486317e-4,0.010241397255945488
2022-03-31,RELIANCE,RELIANCE,1229.8740234375,0.009444238075830978,0.009488975618671111,0.5059321273461661
2022-04-01,RELIANCE,RELIANCE,1216.51354980469,-0.010922722638547249,-0.010863286302663302,-0.6512798330539801
2022-04-04,RELIANCE,RELIANCE,1225.48974609375,0.007351535299479192,0.007378624176032497,0.38702873688362843
2022-04-05,RELIANCE,RELIANCE,1223.48217773438,-0.0016395196609124158,-0.0016381763827638088,-0.1238259008157042
2022-04-06,RELIANCE,RELIANCE,1193.9462890625,-0.024437007245708922,-0.024140840961471115,-1.4191357740053794
2022-04-07,RELIANCE,RELIANCE,1197.63818359375,0.0030874071194895956,0.0030921780695419027,0.14474908604305334
2022-04-08,RELIANCE,RELIANCE,1181.43957519531,-0.013617763156337693,-0.013525460878203529,-0.804406908059747
2022-04-11,RELIANCE,RELIANCE,1199.89953613281,0.015504159512931067,0.015624972554731194,0.8502453346253874
2022-04-12,RELIANCE,RELIANCE,1193.90002441406,-0.005012553581719694,-0.005000011699384429,-0.31547527112346957
2022-04-13,RELIANCE,RELIANCE,1188.13134765625,-0.004843502989068295,-0.004831792143266887,-0.30587013806152835
2022-04-18,RELIANCE,RELIANCE,1168.97912597656,-0.01625095080610703,-0.016119616503234555,-0.9540196207773525
2022-04-19,RELIANCE,RELIANCE,1180.5166015625,0.009821314583312013,0.00986970197290875,0.5273568971271045
2022-04-20,RELIANCE,RELIANCE,1226.25122070312,0.03800958676714962,0.03874119100069147,2.1289608954656196
2022-04-21,RELIANCE,RELIANCE,1269.53991699219,0.034692837376459854,0.035301653982655126,1.9405095050798906
2022-04-22,RELIANCE,RELIANCE,1273.23193359375,0.0029039327261859843,0.0029081532231827506,0.13432442006880163
2022-04-25,RELIANCE,RELIANCE,1265.6171875,-0.005998599021927883,-0.0059806433477183245,-0.371500497121053
2022-04-26,RELIANCE,RELIANCE,1250.66455078125,-0.011884847785808027,-0.011814501941370008,-0.7059459535137658
2022-04-27,RELIANCE,RELIANCE,1271.82434082031,0.016777307873904326,0.01691883729001686,0.922583202378135
2022-04-28,RELIANCE,RELIANCE,1296.79150390625,0.019440781291856547,0.019630983843127666,1.0739166948263361
2022-04-29,RELIANCE,RELIANCE,1318.11279296875,0.016307871468215624,0.016441570598107032,0.8959107188923334
2022-05-02,RELIANCE,RELIANCE,1274.66259765625,-0.03351949700171207,-0.032963943256053445,-1.935185562840037
2022-05-04,RELIANCE,RELIANCE,1285.27709960938,0.008292822518546487,0.008327303219414392,0.44051088590684967
2022-05-05,RELIANCE,RELIANCE,1256.89477539062,-0.02233012162148249,-0.022082649902799893,-1.2994265411089487
2022-05-06,RELIANCE,RELIANCE,1205.52990722656,-0.04172498788540732,-0.04086648235775881,-2.401405944208136
2022-05-09,RELIANCE,RELIANCE,1188.33898925781,-0.014362702581759411,-0.014260051008024676,-0.8467329489924549
2022-05-10,RELIANCE,RELIANCE,1151.44213867188,-0.03154133437110442,-0.031049095350287485,-1.8227901255502827
2022-05-11,RELIANCE,RELIANCE,1141.12756347656,-0.008998326012112243,-0.008957962236137417,-0.5419392778334774
2022-05-12,RELIANCE,RELIANCE,1120.29089355469,-0.018428486375285463,-0.01825972011261299,-1.0777430491370439
2022-05-13,RELIANCE,RELIANCE,1119.5986328125,-6.18120452890349e-4,-6.179294557982645e-4,-0.06579194099017426
2022-05-16,RELIANCE,RELIANCE,1123.49829101562,0.0034770339975263116,0.003483085892418267,0.16688694400234882
2022-05-17,RELIANCE,RELIANCE,1123.79821777344,2.6692228500140806e-4,2.6695791192425894e-4,-0.015505496384298274
2022-05-18,RELIANCE,RELIANCE,1172.04809570312,0.0420385138004685,0.04293464535410686,2.3578768646138624
2022-05-19,RELIANCE,RELIANCE,1146.36560058594,-0.022156136987797906,-0.021912492508912685,-1.289541065222333
2022-05-20,RELIANCE,RELIANCE,1159.51831054688,0.011408078735393084,0.011473399022281616,0.6175138174881338
2022-05-23,RELIANCE,RELIANCE,1214.43676757812,0.04627573418359241,0.047363164972649745,2.5986276656276197
2022-05-24,RELIANCE,RELIANCE,1203.13012695312,-0.009353803684788895,-0.009310192944461134,-0.5621368429118164
2022-05-25,RELIANCE,RELIANCE,1216.05212402344,0.010683047927581549,0.010740315432915353,0.5763189463326267
2022-05-26,RELIANCE,RELIANCE,1211.16015625,-0.0040309407109693435,-0.0040228273745819354,-0.2597018952896808
2022-05-27,RELIANCE,RELIANCE,1196.69213867188,-0.012017507661410017,-0.011945585811636955,-0.7134834352649553
2022-05-30,RELIANCE,RELIANCE,1206.82202148438,0.008429276565111022,0.008464902948006666,0.4482639452338607
2022-05-31,RELIANCE,RELIANCE,1219.00561523438,0.010044980946537918,0.010095601118559547,0.540065194368602
2022-06-01,RELIANCE,RELIANCE,1215.72900390625,-0.002691556837843676,-0.0026879378463732537,-0.1836006517470498
2022-06-02,RELIANCE,RELIANCE,1215.59057617188,-1.1387045590697474e-4,-1.1386397291272696e-4,-0.03714141547858162
2022-06-03,RELIANCE,RELIANCE,1266.35559082031,0.040913132086845466,0.04176160595806726,2.2939348166429636
2022-06-06,RELIANCE,RELIANCE,1282.96960449219,0.013034232679575536,0.013119548563068219,0.7099087908987385
2022-06-07,RELIANCE,RELIANCE,1278.30834960938,-0.0036397924101944845,-0.003633176395207712,-0.23747759298485457
2022-06-08,RELIANCE,RELIANCE,1279.62365722656,0.0010284149301790497,0.0010289439301416773,0.02776106700305167
2022-06-09,RELIANCE,RELIANCE,1250.66455078125,-0.022890966239670046,-0.022630955814052077,-1.3312926653281858
2022-06-10,RELIANCE,RELIANCE,1279.2314453125,0.02258441358122345,0.02284137222359519,1.2525319008637938
2022-06-13,RELIANCE,RELIANCE,1222.974609375,-0.04497336869632241,-0.04397705836863412,-2.5859727619597668
2022-06-14,RELIANCE,RELIANCE,1222.99768066406,1.8864718259261323e-5,1.8864896199103797e-5,-0.029599655406224442
2022-06-15,RELIANCE,RELIANCE,1207.99890136719,-0.012339770223597935,-0.0122639474579592,-0.7317937809558459
2022-06-16,RELIANCE,RELIANCE,1210.51403808594,0.002079904212566125,0.002082068713724339,0.08750468760874582
2022-06-17,RELIANCE,RELIANCE,1181.43957519531,-0.02431142037353594,-0.024018278166028067,-1.4120001668528983
2022-06-20,RELIANCE,RELIANCE,1202.20703125,0.017425386371298614,0.01757809412407471,0.9594057896546637
2022-06-21,RELIANCE,RELIANCE,1181.43957519531,-0.01742538637129872,-0.017274442350496775,-1.020748815271241
2022-06-22,RELIANCE,RELIANCE,1180.56274414062,-7.424472768632129e-4,-7.421717310807432e-4,-0.07285595460111984
2022-06-23,RELIANCE,RELIANCE,1160.69519042969,-0.01697209890707964,-0.016828884199113367,-0.9949938839169784
2022-06-24,RELIANCE,RELIANCE,1144.51965332031,-0.014034095469438863,-0.013936076622659055,-0.8280621180333005
2022-06-27,RELIANCE,RELIANCE,1174.49401855469,0.025852400111366317,0.026189471842989184,1.4382126782827898
2022-06-28,RELIANCE,RELIANCE,1145.48876953125,-0.02500601347005688,-0.02469595295098506,-1.451465625159496
2022-06-29,RELIANCE,RELIANCE,1157.07238769531,0.010061592371136201,0.010112380384837973,0.5410090239116544
2022-06-30,RELIANCE,RELIANCE,1190.66955566406,0.028622789466733526,0.029036357902956965,1.595620930891287
2022-07-01,RELIANCE,RELIANCE,1188.31591796875,-0.001978690907795143,-0.0019767345894699797,-0.14309696580280554
2022-07-04,RELIANCE,RELIANCE,1097.88500976562,-0.07915149919132773,-0.0761000562524722,-4.527909114054536
2022-07-05,RELIANCE,RELIANCE,1118.21411132812,0.01834725859885123,0.018516603634874222,1.0117848157963254
2022-07-06,RELIANCE,RELIANCE,1116.87573242188,-0.0011976065033339897,-0.0011968896588600393,-0.09871723592556518
2022-07-07,RELIANCE,RELIANCE,1119.55249023438,0.0023937804608042887,0.0023966478407545003,0.10533853889566411
2022-07-08,RELIANCE,RELIANCE,1115.90661621094,-0.0032618599423452485,-0.003256545856708096,-0.21600418916422803
2022-07-11,RELIANCE,RELIANCE,1096.75439453125,-0.017311915304605657,-0.01716292510633314,-1.0143016051362563
2022-07-12,RELIANCE,RELIANCE,1109.44555664062,0.011505124088296731,0.011571562578323808,0.623027749814918
2022-07-13,RELIANCE,RELIANCE,1120.19860839844,0.009645606501931015,0.009692275293237497,0.5173734982211741
2022-07-14,RELIANCE,RELIANCE,1102.06164550781,-0.016323349684848366,-0.01619084576132496,-0.9581331873312414
2022-07-15,RELIANCE,RELIANCE,1114.52209472656,0.01124304960716001,0.011306490221795579,0.6081371763837543
2022-07-18,RELIANCE,RELIANCE,1117.29113769531,0.0024814302105461185,0.002484511506637618,0.11031863092558196
2022-07-19,RELIANCE,RELIANCE,1107.73803710938,-0.008586996876322224,-0.00855023392169353,-0.5185683388763833
2022-07-20,RELIANCE,RELIANCE,1172.20959472656,0.05657037848685223,0.05820108677085534,3.183549769758127
2022-07-21,RELIANCE,RELIANCE,1150.98059082031,-0.018276243543267155,-0.018110245814189966,-1.069092901058131
2022-07-22,RELIANCE,RELIANCE,1153.74963378906,0.00240292271222255,0.002405812044820398,0.10585798422845392
2022-07-25,RELIANCE,RELIANCE,1138.72778320312,-0.013105529834548876,-0.013020026309006349,-0.7753027852206898
2022-07-26,RELIANCE,RELIANCE,1117.33728027344,-0.018963233181276445,-0.018784562250260366,-1.1081263453173955
2022-07-27,RELIANCE,RELIANCE,1116.80651855469,-4.751365861172599e-4,-4.750237266048346e-4,-0.057667869701654995
2022-07-28,RELIANCE,RELIANCE,1124.21362304688,0.006610499680992291,0.00663239725872649,0.3449245028341084
2022-07-29,RELIANCE,RELIANCE,1142.07360839844,0.01576177534238389,0.015886647328783733,0.8648825759502923
2022-08-01,RELIANCE,RELIANCE,1162.58728027344,0.017802370619093903,0.017961777353183796,0.9808253174157786
2022-08-02,RELIANCE,RELIANCE,1187.20837402344,0.020956711531138462,0.021177845455361537,1.1600489670210214
2022-08-03,RELIANCE,RELIANCE,1199.89953613281,0.010633186402649054,0.01068991963589319,0.5734859093456727
2022-08-04,RELIANCE,RELIANCE,1204.51452636719,0.0038387696808317826,0.003846147194334106,0.18744007733898324
2022-08-05,RELIANCE,RELIANCE,1188.82360839844,-0.013112349280401532,-0.013026756942544921,-0.7756902531602938
2022-08-08,RELIANCE,RELIANCE,1168.05603027344,-0.01762339942037614,-0.017469015569919307,-1.0319995400073048
2022-08-10,RELIANCE,RELIANCE,1189.23889160156,0.017972661231065817,0.018135141447933045,0.9905009060164205
2022-08-11,RELIANCE,RELIANCE,1201.33020019531,0.01011592741301805,0.01016726637443425,0.5440962376209699
2022-08-12,RELIANCE,RELIANCE,1195.42297363281,-0.0049293674363103755,-0.0049172380429124436,-0.31074879259988253
2022-08-16,RELIANCE,RELIANCE,1221.22082519531,0.02135095920415335,0.021580521816560096,1.1824493697600849
2022-08-17,RELIANCE,RELIANCE,1229.89709472656,0.0070794682685570804,0.007104586944676777,0.3715704057841159
2022-08-18,RELIANCE,RELIANCE,1227.58959960938,-0.001877931466028146,-0.0018761692560083788,-0.13737200601272276
2022-08-19,RELIANCE,RELIANCE,1222.974609375,-0.0037664760411321363,-0.0037593917672881032,-0.24467551588380115
2022-08-22,RELIANCE,RELIANCE,1207.7451171875,-0.012531014009115911,-0.012452827778070566,-0.7426598890147359
2022-08-23,RELIANCE,RELIANCE,1197.13061523438,-0.008827542095661391,-0.0087886937418039,-0.5322356606108358
2022-08-24,RELIANCE,RELIANCE,1218.40576171875,0.017615712061261255,0.017771783808406442,0.9702197332707425
2022-08-25,RELIANCE,RELIANCE,1222.48999023438,0.0033465028762454615,0.0033521086685182493,0.15947041402181003
2022-08-26,RELIANCE,RELIANCE,1215.12902832031,-0.0060394870835278735,-0.006021286041498576,-0.3738236789931368
2022-08-29,RELIANCE,RELIANCE,1192.97705078125,-0.01839836093398726,-0.018230144307951387,-1.07603137887502
2022-08-30,RELIANCE,RELIANCE,1206.36059570312,0.011156148656669484,0.011218610545027215,0.6031996297027327
2022-09-01,RELIANCE,RELIANCE,1191.892578125,-0.012065609465641556,-0.0119931118685847,-0.7162164882694846
2022-09-02,RELIANCE,RELIANCE,1181.62414550781,-0.008652558946454367,-0.008615233290019779,-0.5222934509718739
2022-09-05,RELIANCE,RELIANCE,1168.05603027344,-0.011549032233111278,-0.011482598156065116,-0.6868655526862274
2022-09-06,RELIANCE,RELIANCE,1187.43908691406,0.016458106000770314,0.016594286693663536,0.9044467592164394
2022-09-07,RELIANCE,RELIANCE,1188.36206054688,7.769788984565439e-4,7.772808247525735e-4,0.013474950028346389
2022-09-08,RELIANCE,RELIANCE,1194.47692871094,0.0051324337185285574,0.005145627218396689,0.26094360681284345
2022-09-09,RELIANCE,RELIANCE,1204.51452636719,0.008368230083022109,0.00840334159244282,0.44479540026024705
2022-09-12,RELIANCE,RELIANCE,1186.30834960938,-0.015230345058149785,-0.015114949931504555,-0.8960307438431774
2022-09-13,RELIANCE,RELIANCE,1208.20654296875,0.018290806153492812,0.018459107504874676,1.0085772952497531
2022-09-14,RELIANCE,RELIANCE,1188.36206054688,-0.01656112489689358,-0.016424743382955898,-0.9716431225210881
2022-09-15,RELIANCE,RELIANCE,1192.05407714844,0.0031019950701820847,0.003106811235509274,0.14557794564836293
2022-09-16,RELIANCE,RELIANCE,1173.94018554688,-0.015312163520078326,-0.015195528415028754,-0.900679513193354
2022-09-19,RELIANCE,RELIANCE,1153.38037109375,-0.017668687074105675,-0.01751351108536438,-1.0345726983341277
2022-09-20,RELIANCE,RELIANCE,1164.11022949219,0.009259959946839246,0.009302966018283182,0.49546179463919293
2022-09-21,RELIANCE,RELIANCE,1152.24975585938,-0.010240702965224545,-0.010188445503123698,-0.6125287727330327
2022-09-22,RELIANCE,RELIANCE,1147.28857421875,-0.00431494380703655,-0.004305647812378849,-0.27583841090281436
2022-09-23,RELIANCE,RELIANCE,1146.8271484375,-4.022689726725192e-4,-4.021880733574022e-4,-0.05352767053366919
2022-09-26,RELIANCE,RELIANCE,1104.85363769531,-0.037286256334654704,-0.0365996835699059,-2.149205662017273
2022-09-27,RELIANCE,RELIANCE,1104.83056640625,-2.0881978536179957e-5,-2.0881760509133928e-5,-0.03185798710151819
2022-09-28,RELIANCE,RELIANCE,1089.30114746094,-0.01415564814526053,-0.014055928046798605,-0.8349685098240095
2022-09-29,RELIANCE,RELIANCE,1089.1396484375,-1.4827028950245618e-4,-1.482592980062863e-4,-0.039095948579063476
2022-09-30,RELIANCE,RELIANCE,1066.52612304688,-0.02098131839619834,-0.020762741878933323,-1.2227901078966428
2022-10-03,RELIANCE,RELIANCE,1103.67687988281,0.034240470936855456,0.034833424173237065,1.914806904592019
2022-10-04,RELIANCE,RELIANCE,1106.58435058594,0.0026308857433403905,0.0026343495602070793,0.11881040996531915
2022-10-06,RELIANCE,RELIANCE,1120.98315429688,0.012928007094912415,0.013011935062443082,0.703873255268433
2022-10-07,RELIANCE,RELIANCE,1114.36059570312,-0.005925332933705814,-0.005907812769866204,-0.3673376573743029
2022-10-10,RELIANCE,RELIANCE,1109.90710449219,-0.00400446147896593,-0.003996454314790276,-0.2581973957030081
2022-10-11,RELIANCE,RELIANCE,1114.060546875,0.0037351687279681906,0.003742153163989613,0.1815536682942619
2022-10-12,RELIANCE,RELIANCE,1085.44763183594,-0.026019025087933707,-0.025683447025676272,-1.509023018070054
2022-10-13,RELIANCE,RELIANCE,1094.40075683594,0.008214493623789915,0.008248325149373232,0.43606038712461165
2022-10-14,RELIANCE,RELIANCE,1114.52209472656,0.01821873899636013,0.018385712697050298,1.0044825764865801
2022-10-17,RELIANCE,RELIANCE,1086.83215332031,-0.025158514988188285,-0.024844676958193035,-1.4601304712912144
2022-10-18,RELIANCE,RELIANCE,1117.75256347656,0.02805284610761928,0.028450032566470426,1.5632378335226143
2022-10-19,RELIANCE,RELIANCE,1132.75134277344,0.013329460419631099,0.013418693713597139,0.7266830694288198
2022-10-20,RELIANCE,RELIANCE,1146.8271484375,0.012349637982469318,0.012426209647738445,0.6710114226252997
2022-10-21,RELIANCE,RELIANCE,1157.30310058594,0.009093257066075016,0.00913472632969407,0.4859900541002455
2022-10-24,RELIANCE,RELIANCE,1135.28955078125,-0.01920465580456538,-0.01902142126254098,-1.1218435194750453
2022-10-25,RELIANCE,RELIANCE,1153.2880859375,0.01572933856721745,0.015853695776433686,0.8630395800951023
2022-10-27,RELIANCE,RELIANCE,1134.36657714844,-0.016542654445627174,-0.01640657613633356,-0.9705936666194825
2022-10-28,RELIANCE,RELIANCE,1137.59704589844,0.0028437699391871854,0.002847817288588246,0.130906084969011
2022-10-31,RELIANCE,RELIANCE,1172.67114257812,0.03036599122651173,0.030831740295158314,1.6946663385048943
2022-11-01,RELIANCE,RELIANCE,1199.89953613281,0.022953658894016314,0.02321912134277332,1.273511717061109
2022-11-02,RELIANCE,RELIANCE,1168.65600585938,-0.026383457807364077,-0.026038455164442892,-1.5297293918682935
2022-11-03,RELIANCE,RELIANCE,1167.525390625,-9.679174094535907e-4,-9.67449128495768e-4,-0.08566673858630205
2022-11-04,RELIANCE,RELIANCE,1178.62438964844,0.009461528769951471,0.009506430534669985,0.5069145516911854
2022-11-07,RELIANCE,RELIANCE,1195.74609375,0.01442234984170258,0.014526853721962312,0.7887789672091445
2022-11-09,RELIANCE,RELIANCE,1204.65307617188,0.00742128510386143,0.0074488910885308944,0.39099178807219953
2022-11-10,RELIANCE,RELIANCE,1195.28454589844,-0.007807351137177161,-0.007776952932549768,-0.47427035122539557
2022-11-11,RELIANCE,RELIANCE,1199.89953613281,0.003853562638479257,0.003860997157711199,0.18828058504945694
2022-11-14,RELIANCE,RELIANCE,1214.09069824219,0.01175756669563168,0.011826958576146381,0.6373710585009494
2022-11-15,RELIANCE,RELIANCE,1210.19104003906,-0.0032171686195234827,-0.0032119990778086732,-0.21346491322508698
2022-11-16,RELIANCE,RELIANCE,1204.51452636719,-0.004701628395276452,-0.004690593041976896,-0.29780909355345264
2022-11-17,RELIANCE,RELIANCE,1192.95397949219,-0.009644036155642138,-0.009597681573726266,-0.5786272997491371
2022-11-18,RELIANCE,RELIANCE,1203.0146484375,0.008398046583069557,0.008433409098976784,0.44648951706815254
2022-11-21,RELIANCE,RELIANCE,1194.36157226562,-0.007218820036744566,-0.007192826939488055,-0.440831133757506
2022-11-22,RELIANCE,RELIANCE,1174.51708984375,-0.016754717720792858,-0.01661513806428518,-0.9826426984718449
2022-11-23,RELIANCE,RELIANCE,1188.36206054688,0.011718863528559343,0.011787798426136009,0.6351720181792457
2022-11-24,RELIANCE,RELIANCE,1184.20861816406,-0.0035012205646964404,-0.003495098439030108,-0.22960420435147577
2022-11-25,RELIANCE,RELIANCE,1194.82312011719,0.008923439075086845,0.008963371647798184,0.4763413189247559
2022-11-28,RELIANCE,RELIANCE,1204.00695800781,0.0076569681565889945,0.007686357700978563,0.4043828507498732
2022-11-29,RELIANCE,RELIANCE,1247.87243652344,0.035784924452644494,0.03643291114215094,2.002559815093359
2022-11-30,RELIANCE,RELIANCE,1251.818359375,0.00315713138249667,0.003162120370695341,0.1487106860192791
2022-12-01,RELIANCE,RELIANCE,1265.34020996094,0.010743844920680508,0.010801767272922171,0.5797733158164747
2022-12-02,RELIANCE,RELIANCE,1259.89453125,-0.0043130145992516375,-0.004303726909230289,-0.27572879698672226
2022-12-05,RELIANCE,RELIANCE,1251.58752441406,-0.006615247049925873,-0.006593414472319547,-0.40653726492179176
2022-12-06,RELIANCE,RELIANCE,1229.94323730469,-0.01744474526615149,-0.017293466647091207,-1.0218487508471927
2022-12-07,RELIANCE,RELIANCE,1239.12707519531,0.0074391403092120625,0.007466879455954043,0.3920062868713535
2022-12-08,RELIANCE,RELIANCE,1227.58959960938,-0.009354588501455765,-0.00931097045402827,-0.5621814347017432
2022-12-09,RELIANCE,RELIANCE,1221.12854003906,-0.005277107609562154,-0.005263208137618563,-0.33050672768120726
2022-12-12,RELIANCE,RELIANCE,1193.20788574219,-0.023130081445982813,-0.022864631675856912,-1.344878736443025
2022-12-13,RELIANCE,RELIANCE,1205.94519042969,0.010618267328439755,0.010674841190457973,0.5726382359320882
2022-12-14,RELIANCE,RELIANCE,1217.27502441406,0.00935112415693524,0.009394982520169981,0.5006415716203033
2022-12-15,RELIANCE,RELIANCE,1201.05334472656,-0.013415814988123656,-0.013326224034957397,-0.7929325973407597
2022-12-16,RELIANCE,RELIANCE,1186.51611328125,-0.012177581719502704,-0.012103735033200915,-0.722578538710796
2022-12-19,RELIANCE,RELIANCE,1191.13110351562,0.003881985516902538,0.00388953018228086,0.18989551892799092
2022-12-20,RELIANCE,RELIANCE,1192.46948242188,0.0011229893588792419,0.0011236201475301778,0.03313460611743761
2022-12-21,RELIANCE,RELIANCE,1209.59106445312,0.014255987031892242,0.01435808822248971,0.7793265488548248
2022-12-22,RELIANCE,RELIANCE,1198.9765625,-0.008814010909606505,-0.008775281386456855,-0.531466844361779
2022-12-23,RELIANCE,RELIANCE,1182.96252441406,-0.013446422252974892,-0.01335642295838456,-0.7946716439004156
2022-12-26,RELIANCE,RELIANCE,1160.55676269531,-0.01912204825039336,-0.018940381674261344,-1.1171499154048132
2022-12-27,RELIANCE,RELIANCE,1167.59460449219,0.006045881151647913,0.006064194379028148,0.3128439521626676
2022-12-28,RELIANCE,RELIANCE,1171.28662109375,0.0031570817942779177,0.003162070625673823,0.14870786851102935
2022-12-29,RELIANCE,RELIANCE,1166.21008300781,-0.004343574952183626,-0.0043341552737958524,-0.27746517810037463
2022-12-30,RELIANCE,RELIANCE,1174.56323242188,0.007137115599359444,0.007162645509397524,0.3748458174483877
2023-01-02,RELIANCE,RELIANCE,1176.82458496094,0.0019234200496467627,0.001925271008523929,0.07861355517701032
2023-01-03,RELIANCE,RELIANCE,1183.77014160156,0.005884598999826087,0.005901947265021259,0.30368020712949084
2023-01-04,RELIANCE,RELIANCE,1180.05505371094,-0.00314328737744346,-0.0031383524216903615,-0.2092671216064355
2023-01-05,RELIANCE,RELIANCE,1164.59484863281,-0.013187835958507513,-0.013101257462109096,-0.7799792625996574
2023-01-06,RELIANCE,RELIANCE,1166.04858398438,0.0012474971673111543,0.0012482756155727747,0.040208902921030076
2023-01-09,RELIANCE,RELIANCE,1174.65551757812,0.0073541737969508554,0.007381282145491882,0.38717865129032436
2023-01-10,RELIANCE,RELIANCE,1202.66857910156,0.02356797561083175,0.023847895067310238,1.3084160241956886
2023-01-11,RELIANCE,RELIANCE,1177.97839355469,-0.020743160266257905,-0.020529500791743076,-1.2092584160404767
2023-01-12,RELIANCE,RELIANCE,1165.21789550781,-0.010891639127302188,-0.010832539982650853,-0.6495137270802682
2023-01-13,RELIANCE,RELIANCE,1134.55114746094,-0.026670996375074446,-0.026318466413103977,-1.5460667862540873
2023-01-16,RELIANCE,RELIANCE,1141.15063476562,0.005799974193991947,0.005816826609755998,0.29887198665756387
2023-01-17,RELIANCE,RELIANCE,1134.36657714844,-0.005962668778202867,-0.0059449273483280045,-0.36945900902855977
2023-01-18,RELIANCE,RELIANCE,1141.51989746094,0.006286204473195207,0.006306004123007528,0.3264986660867382
2023-01-19,RELIANCE,RELIANCE,1141.24291992188,-2.4266869804439722e-4,-2.4263925637746177e-4,-0.04445948656292944
2023-01-20,RELIANCE,RELIANCE,1142.21203613281,8.488157531171778e-4,8.491760991571665e-4,0.017556583443199787
2023-01-23,RELIANCE,RELIANCE,1130.21313476562,-0.010560535092937575,-0.01050496841883641,-0.6307010257608722
2023-01-24,RELIANCE,RELIANCE,1126.0595703125,-0.003681797094638292,-0.003675027590244163,-0.23986421924259033
2023-01-25,RELIANCE,RELIANCE,1113.34533691406,-0.011355132759187765,-0.011290906568034933,-0.6758485534644839
2023-01-27,RELIANCE,RELIANCE,1100.40026855469,-0.011695305801579273,-0.011627181549303275,-0.6951765385665152
2023-01-30,RELIANCE,RELIANCE,1076.07922363281,-0.022349907179409326,-0.022101998351767255,-1.3005507188690582
2023-01-31,RELIANCE,RELIANCE,1099.29260253906,0.021342797392576173,0.02157218390285648,1.1819856311538148
2023-02-01,RELIANCE,RELIANCE,1098.34655761719,-8.609648002828501e-4,-8.605942764327689e-4,-0.0795898948066109
2023-02-02,RELIANCE,RELIANCE,1069.75659179688,-0.02637478123966292,-0.02603000448449946,-1.5292364057983634
2023-02-03,RELIANCE,RELIANCE,1084.06311035156,0.013284982910900816,0.013373620377182444,0.7241559419995833
2023-02-06,RELIANCE,RELIANCE,1068.3720703125,-0.014580060894212874,-0.014474286496079937,-0.8590828347898959
2023-02-07,RELIANCE,RELIANCE,1066.98767089844,-0.001296642978984768,-0.001295802700696828,-0.10434430005880384
2023-02-08,RELIANCE,RELIANCE,1067.44909667969,4.3236304344750965e-4,4.324565258204565e-4,-0.006105467234325765
2023-02-09,RELIANCE,RELIANCE,1086.11682128906,0.01733700559972698,0.01748816376109748,0.9543841623551184
2023-02-10,RELIANCE,RELIANCE,1086.78601074219,6.159405422293764e-4,6.16130272557397e-4,0.004325056997046026
2023-02-13,RELIANCE,RELIANCE,1080.001953125,-0.006261876932894984,-0.006242312240067407,-0.38645944714569813
2023-02-14,RELIANCE,RELIANCE,1075.27160644531,-0.004389562757957788,-0.004379942708439258,-0.2800781177343598
2023-02-15,RELIANCE,RELIANCE,1096.52355957031,0.01957148797560574,0.019764265137862086,1.081343199932325
2023-02-16,RELIANCE,RELIANCE,1130.42077636719,0.030445157077642376,0.030913350197567264,1.6991643915560286
2023-02-17,RELIANCE,RELIANCE,1116.82958984375,-0.01209598399994727,-0.012023121661933459,-0.7179423115223051
2023-02-20,RELIANCE,RELIANCE,1128.36706542969,0.010277564876729029,0.010330560446159159,0.5532801707997206
2023-02-21,RELIANCE,RELIANCE,1118.67565917969,-0.008625974251852287,-0.008588877278431948,-0.5207829592009836
2023-02-22,RELIANCE,RELIANCE,1119.57556152344,8.041120531205071e-4,8.04435437890806e-4,0.015016604256527769
2023-02-23,RELIANCE,RELIANCE,1097.44665527344,-0.019963391444415144,-0.019765442378796242,-1.1649534350647661
2023-02-24,RELIANCE,RELIANCE,1094.67761230469,-0.0025263571800966337,-0.0025231686255037743,-0.17421432148011265
2023-02-27,RELIANCE,RELIANCE,1099.29260253906,0.004206982400905221,0.004215844174116052,0.20836122358245024
2023-02-28,RELIANCE,RELIANCE,1087.33972167969,-0.010932793577949887,-0.01087324778840699,-0.6518520446712476
2023-03-01,RELIANCE,RELIANCE,1081.75561523438,-0.0051487997660218335,-0.005135567416486761,-0.32321652011218155
2023-03-02,RELIANCE,RELIANCE,1078.52514648438,-0.0029907882486762166,-0.002986320296844557,-0.20060241123384306
2023-03-03,RELIANCE,RELIANCE,1084.13232421875,0.005185463139327305,0.005198930922146287,0.26395663761611304
2023-03-06,RELIANCE,RELIANCE,1107.599609375,0.02141519375766818,0.02164614469286399,1.186099054886931
2023-03-08,RELIANCE,RELIANCE,1111.61462402344,0.00361841499455584,0.0036249693611806228,0.17491994328143948
2023-03-09,RELIANCE,RELIANCE,1114.98364257812,0.0030261598387428743,0.0030307432826728953,0.14126913207171504
2023-03-10,RELIANCE,RELIANCE,1080.60192871094,-0.031321507192832915,-0.03083607019353298,-1.8102999634939865
2023-03-13,RELIANCE,RELIANCE,1074.83312988281,-0.005352805763594087,-0.0053385050265565,-0.33480775278035846
2023-03-14,RELIANCE,RELIANCE,1052.21960449219,-0.021263579466859844,-0.021039103430953575,-1.2388276449403632
2023-03-15,RELIANCE,RELIANCE,1054.11181640625,0.0017966901165751342,0.001798305131344893,0.07141300147889927
2023-03-16,RELIANCE,RELIANCE,1035.14416503906,-0.018157825254027874,-0.017993965224539284,-1.0623645991499784
2023-03-17,RELIANCE,RELIANCE,1035.95178222656,7.798935916042895e-4,7.801977876864384e-4,0.01364055734790519
2023-03-20,RELIANCE,RELIANCE,1022.22216796875,-0.013341746857086927,-0.013253140245872338,-0.7887241870471375
2023-03-21,RELIANCE,RELIANCE,1024.04504394531,0.0017816602329791085,0.0017832483325833386,0.07055903208677174
2023-03-22,RELIANCE,RELIANCE,1054.52709960938,0.029331905741936753,0.029766323116640094,1.6359115685808008
2023-03-23,RELIANCE,RELIANCE,1046.681640625,-0.00746760214030535,-0.007439788875303568,-0.4549664595830626
2023-03-24,RELIANCE,RELIANCE,1036.18249511719,-0.01008153556724457,-0.010030887234766719,-0.6034851839899089
2023-03-27,RELIANCE,RELIANCE,1023.37591552734,-0.012436398582317924,-0.012359386160448124,-0.7372840204664307
2023-03-28,RELIANCE,RELIANCE,1036.06713867188,0.012325064075559576,0.012401330685997516,0.6696151799856388
2023-03-29,RELIANCE,RELIANCE,1033.29809570312,-0.0026762260962562867,-0.002672648195665777,-0.1827295881762242
2023-03-31,RELIANCE,RELIANCE,1040.68212890625,0.0071206700193681876,0.00714608227174313,0.3739114108803932
2023-04-03,RELIANCE,RELIANCE,1082.21716308594,0.039135474212267714,0.03991135527939069,2.192931678137932
2023-04-05,RELIANCE,RELIANCE,1083.6015625,0.0012784076398011626,0.00127922515118166,0.041965177161879634
2023-04-06,RELIANCE,RELIANCE,1069.82580566406,-0.012794436404607618,-0.012712935559226828,-0.7576270483751927
2023-04-10,RELIANCE,RELIANCE,1084.52465820312,0.013645951182743483,0.013739482129930636,0.7446654724768732
2023-04-11,RELIANCE,RELIANCE,1077.140625,-0.006831827277412287,-0.006808543399422686,-0.418842941411683
2023-04-12,RELIANCE,RELIANCE,1078.22509765625,0.0010063004494927502,0.0010068069396695534,0.026504564282439184
2023-04-13,RELIANCE,RELIANCE,1085.90905761719,0.007101216190580036,0.007126489614870504,0.37280608133884147
2023-04-17,RELIANCE,RELIANCE,1119.11401367188,0.030119835711705494,0.030578026605240432,1.680680250455383
2023-04-18,RELIANCE,RELIANCE,1096.98510742188,-0.019971707564178817,-0.019773594092878648,-1.1654259411686272
2023-04-19,RELIANCE,RELIANCE,1079.47119140625,-0.016094321831140592,-0.015965500258058176,-0.9451202604006018
2023-04-20,RELIANCE,RELIANCE,1086.41674804688,0.006413610161942787,0.0064342214001856576,0.3337376149367565
2023-04-21,RELIANCE,RELIANCE,1084.82458496094,-0.0014665927247392476,-0.0014655178031840297,-0.1140005212894565
2023-04-24,RELIANCE,RELIANCE,1096.06213378906,0.010305577257402708,0.01035886260682838,0.554871780977079
2023-04-25,RELIANCE,RELIANCE,1091.90856933594,-0.003796732229290374,-0.0037895337545885534,-0.2463946149336713
2023-04-26,RELIANCE,RELIANCE,1097.90808105469,0.005479478593601218,0.005494518393970193,0.2806620363744099
2023-04-27,RELIANCE,RELIANCE,1096.06213378906,-0.001682746364310932,-0.0016813313404677001,-0.1262819598656006
2023-04-28,RELIANCE,RELIANCE,1099.29260253906,0.0029430060009984845,0.0029473408946556236,0.13654448920818513
2023-05-02,RELIANCE,RELIANCE,1124.30590820312,0.022498990432356827,0.02275400162457768,1.2476783200595793
2023-05-03,RELIANCE,RELIANCE,1128.36706542969,0.0036056379899815356,0.003612146122277874,0.17419397818930699
2023-05-04,RELIANCE,RELIANCE,1117.3603515625,-0.009802438103576713,-0.009754550805680037,-0.5876273970769218
2023-05-05,RELIANCE,RELIANCE,1126.52111816406,0.008165152768161413,0.008198578541604523,0.4332569335769564
2023-05-08,RELIANCE,RELIANCE,1130.67456054688,0.0036801834327066566,0.0036869636226518746,0.17842950842499575
2023-05-09,RELIANCE,RELIANCE,1142.21203613281,0.01015235401554647,0.010204064006135946,0.5461659278763682
2023-05-10,RELIANCE,RELIANCE,1149.13464355469,0.006042410383104146,0.006060702569128837,0.3126467496970198
2023-05-11,RELIANCE,RELIANCE,1153.26501464844,0.0035878875414762155,0.0035943317146659723,0.17318543147480764
2023-05-12,RELIANCE,RELIANCE,1139.81225585938,-0.011733501791833866,-0.0116649327068687,-0.69734676206632
2023-05-15,RELIANCE,RELIANCE,1149.08850097656,0.00810545924778886,0.008138397415446301,0.4298652613141065
2023-05-16,RELIANCE,RELIANCE,1150.98059082031,0.0016452464643746136,0.0016466006248796292,0.0628082612768228
2023-05-17,RELIANCE,RELIANCE,1136.67407226562,-0.012507748917599633,-0.012429852135467956,-0.7413380107757587
2023-05-18,RELIANCE,RELIANCE,1130.46691894531,-0.00547576780975678,-0.005460803120051726,-0.34179422231256945
2023-05-19,RELIANCE,RELIANCE,1123.31372070312,-0.006347753757015137,-0.006327649329945639,-0.3913388049147178
2023-05-22,RELIANCE,RELIANCE,1123.75207519531,3.9015724288162695e-4,3.902333641181025e-4,-0.008503520527501853
2023-05-23,RELIANCE,RELIANCE,1135.58959960938,0.010478833604586768,0.010533928857940147,0.5647158770102733
2023-05-24,RELIANCE,RELIANCE,1128.78247070312,-0.0060123947838263,-0.005994356507493129,-0.3722843460661933
2023-05-25,RELIANCE,RELIANCE,1123.24450683594,-0.00491821375630037,-0.004906139146305481,-0.3101150617211785
2023-05-26,RELIANCE,RELIANCE,1134.36657714844,0.009853034803852098,0.009901735770629038,0.5291591797116436
2023-05-29,RELIANCE,RELIANCE,1163.44104003906,0.025307614481127907,0.025630570819273526,1.4072589952071919
2023-05-30,RELIANCE,RELIANCE,1163.25646972656,-1.5865432623925432e-4,-1.5864174130715162e-4,-0.039685949791201824
2023-05-31,RELIANCE,RELIANCE,1153.74963378906,-0.008206184069488441,-0.008172605255085938,-0.49693127967439343
2023-06-01,RELIANCE,RELIANCE,1144.5888671875,-0.007971684858256441,-0.007939995240973451,-0.483607480618283
2023-06-02,RELIANCE,RELIANCE,1140.36608886719,-0.003696163127084358,-0.0036893407243128876,-0.24068046987532946
2023-06-05,RELIANCE,RELIANCE,1138.61242675781,-0.001538989896994837,-0.001537806259323306,-0.11811399088407173
2023-06-06,RELIANCE,RELIANCE,1146.11181640625,0.006564833024652614,0.0065864287726021525,0.3423298103000157
2023-06-07,RELIANCE,RELIANCE,1147.75012207031,0.0014284259354463839,0.001429446621706661,0.05048893131617221
2023-06-08,RELIANCE,RELIANCE,1156.5185546875,0.007610635885644809,0.007639670385199799,0.4017503392602595
2023-06-09,RELIANCE,RELIANCE,1156.98010253906,3.9900421488618144e-4,3.9908382765610934e-4,-0.00800085240924068
2023-06-12,RELIANCE,RELIANCE,1142.44287109375,-0.012644411486930653,-0.01256480678743498,-0.7491029179696546
2023-06-13,RELIANCE,RELIANCE,1151.44213867188,0.007846351242484801,0.00787721452497165,0.41514323739614395
2023-06-14,RELIANCE,RELIANCE,1163.44104003906,0.010366837461879127,0.01042075929322859,0.5583524692501518
2023-06-15,RELIANCE,RELIANCE,1177.6552734375,0.012143377431621917,0.012217407594597822,0.6592920905292333
2023-06-16,RELIANCE,RELIANCE,1181.53186035156,0.003286378047384568,0.0032917841082174167,0.15605423563120122
2023-06-19,RELIANCE,RELIANCE,1192.515625,0.009253263119542917,0.009296206913262437,0.4950812936526822
2023-06-20,RELIANCE,RELIANCE,1175.69396972656,-0.014206460633460836,-0.01410602504553347,-0.8378555787346681
2023-06-21,RELIANCE,RELIANCE,1180.05505371094,0.003702507290042521,0.0037093700373357296,0.17969790752850515
2023-06-22,RELIANCE,RELIANCE,1179.59362792969,-3.910970228082544e-4,-3.9102055433680504e-4,-0.052892901596603814
2023-06-23,RELIANCE,RELIANCE,1167.0869140625,-0.01065916903361644,-0.010602561400014164,-0.6363052186228146
2023-06-26,RELIANCE,RELIANCE,1156.98010253906,-0.008697576416139692,-0.00865986191916017,-0.52485125795532
2023-06-27,RELIANCE,RELIANCE,1152.15747070312,-0.0041770043532039,-0.00416829280413419,-0.2680009535607614
2023-06-28,RELIANCE,RELIANCE,1159.74914550781,0.00656748160875569,0.006589094804946303,0.342480297809919
2023-06-30,RELIANCE,RELIANCE,1175.16320800781,0.013203310523073853,0.01329085911354629,0.7195154723019579
2023-07-03,RELIANCE,RELIANCE,1180.53967285156,0.004564645416670828,0.0045750792801490334,0.2286829556975692
2023-07-04,RELIANCE,RELIANCE,1211.43713378906,0.025835684910572778,0.026172319023271842,1.4372629523737532
2023-07-05,RELIANCE,RELIANCE,1204.05310058594,-0.0061139193189787625,-0.006095267345837967,-0.37805277700687634
2023-07-06,RELIANCE,RELIANCE,1188.8466796875,-0.012709788955990335,-0.012629360691019319,-0.7528175413834045
2023-07-07,RELIANCE,RELIANCE,1216.05212402344,0.02262598734134266,0.022883896469384275,1.2548940428212236
2023-07-10,RELIANCE,RELIANCE,1240.92687988281,0.020248936390397394,0.020455336879038687,1.1198345300401886
2023-07-11,RELIANCE,RELIANCE,1270.462890625,0.023522730704049262,0.023801572212682916,1.3058452946690724
2023-07-12,RELIANCE,RELIANCE,1276.64697265625,0.0048557734170486715,0.004867581789978739,0.2452242948187658
2023-07-13,RELIANCE,RELIANCE,1284.76940917969,0.006342165847612738,0.006362319965824294,0.3296782849166935
2023-07-14,RELIANCE,RELIANCE,1269.12451171875,-0.012251952234579356,-0.01217720265532247,-0.7268041298902922
2023-07-17,RELIANCE,RELIANCE,1267.74011230469,-0.001091425642800143,-0.0010908302544603242,-0.09268424143519906
2023-07-18,RELIANCE,RELIANCE,1300.04504394531,0.02516303679804725,0.025482298246358396,1.3990443663082532
2023-07-19,RELIANCE,RELIANCE,1306.04455566406,0.0046042333450586346,0.004614849113645316,0.23093226647399215
2023-07-20,RELIANCE,RELIANCE,1290,-0.012360928027399742,-0.01228484556248705,-0.732995927115924
2023-07-21,RELIANCE,RELIANCE,1304.5,0.011177607221065299,0.01124031007751938,0.6044188645075763
2023-07-24,RELIANCE,RELIANCE,1240.5,-0.050305301444927446,-0.04906094288999617,-2.888923036930302
2023-07-25,RELIANCE,RELIANCE,1247,0.005226142548180756,0.005239822652156389,0.26626796423609267
2023-07-26,RELIANCE,RELIANCE,1242.5,-0.0036151877092527075,-0.0036086607858861267,-0.23607960068687792
2023-07-27,RELIANCE,RELIANCE,1267.02502441406,0.019546173074061396,0.019738450232643864,1.079904855387241
2023-07-28,RELIANCE,RELIANCE,1256.02502441406,-0.008719660318634784,-0.008681754336373101,-0.5261060232812819
2023-07-31,RELIANCE,RELIANCE,1263.92504882812,0.006270005409270594,0.006289703039750651,0.3255782660926627
2023-08-01,RELIANCE,RELIANCE,1277.5,0.01068304594237853,0.010740313426390561,0.576318833537168
2023-08-02,RELIANCE,RELIANCE,1254.59997558594,-0.018088265874853342,-0.017925655118637963,-1.0584123675594321
2023-08-03,RELIANCE,RELIANCE,1237.65002441406,-0.013602337258402195,-0.013510243505276501,-0.8035304378862533
2023-08-04,RELIANCE,RELIANCE,1249.40002441406,0.009449015655492944,0.009493798544190872,0.5062035803333902
2023-08-07,RELIANCE,RELIANCE,1260.5,0.00884501202787769,0.00888424473270331,0.4718852433068936
2023-08-08,RELIANCE,RELIANCE,1264,0.002772828078828311,0.002776675922253074,0.12687530342768993
2023-08-09,RELIANCE,RELIANCE,1252.42504882812,-0.009199584793336166,-0.00915739807901899,-0.5533744188952198
2023-08-10,RELIANCE,RELIANCE,1262.47497558594,0.007992349721536085,0.008024373807617155,0.4234385932191217
2023-08-11,RELIANCE,RELIANCE,1266.22497558594,0.0029659531153832424,0.002970355906072158,0.13784830059148914
2023-08-14,RELIANCE,RELIANCE,1269.5,0.0025831083943471775,0.0025864474933014934,0.11609579189016735
2023-08-16,RELIANCE,RELIANCE,1275.5,0.004715136437133002,0.004726270185112249,0.23723356917661953
2023-08-17,RELIANCE,RELIANCE,1283.55004882812,0.006291455991769764,0.00631128877155625,0.32679704738132426
2023-08-18,RELIANCE,RELIANCE,1265.625,-0.014063643278731957,-0.01396521222096914,-0.8297409683437178
2023-08-21,RELIANCE,RELIANCE,1269.97497558594,0.0034311247005621563,0.0034370177469155564,0.16427846508958804
2023-08-22,RELIANCE,RELIANCE,1258.44995117188,-0.009116429846661403,-0.00907500118948611,-0.5486497130243757
2023-08-23,RELIANCE,RELIANCE,1262.09997558594,0.0028962147717820153,0.002900412853654659,0.13388590058269143
2023-08-24,RELIANCE,RELIANCE,1269.94995117188,0.006200510229435159,0.006219773185793453,0.3216296821864272
2023-08-25,RELIANCE,RELIANCE,1228,-0.03359066144293405,-0.03303275938801334,-1.9392289910025478
2023-08-28,RELIANCE,RELIANCE,1236,0.0064935293105483115,0.006514657980456026,0.3382784689172928
2023-08-29,RELIANCE,RELIANCE,1226.02502441406,-0.008103110299071974,-0.008070368597038836,-0.49107482413337256
2023-08-30,RELIANCE,RELIANCE,1216,-0.008210465192451753,-0.008176851381032081,-0.4971745249364904
2023-08-31,RELIANCE,RELIANCE,1211.5,-0.003707522269531888,-0.003700657894736842,-0.24132587473884898
2023-09-01,RELIANCE,RELIANCE,1203.27502441406,-0.006812234937402558,-0.006789084264085845,-0.41772974192603374
2023-09-04,RELIANCE,RELIANCE,1206.32495117188,0.00253148109020857,0.0025346879939647867,0.11316242668805175
2023-09-05,RELIANCE,RELIANCE,1210,0.0030418521814001556,0.0030464833082909253,0.1421607411273992
2023-09-06,RELIANCE,RELIANCE,1210.55004882812,4.5448251553741704e-4,4.545858083636345e-4,-0.004848680911656242
2023-09-07,RELIANCE,RELIANCE,1210.84997558594,2.477300374410758e-4,2.477607250607682e-4,-0.016595963378133936
2023-09-08,RELIANCE,RELIANCE,1220,0.007528286583536996,0.0075566953780811935,0.39707140858100054
2023-09-11,RELIANCE,RELIANCE,1226,0.0049059787688544056,0.004918032786885246,0.24807686739453938
2023-09-12,RELIANCE,RELIANCE,1241.5,0.012563488452064585,0.01264274061990212,0.6831619994650795
2023-09-13,RELIANCE,RELIANCE,1220,-0.017469467220919098,-0.017317760773258157,-1.023253405284482
2023-09-14,RELIANCE,RELIANCE,1230,0.008163310639160835,0.00819672131147541,0.43315226731172596
2023-09-15,RELIANCE,RELIANCE,1234,0.003246756098869873,0.0032520325203252032,0.15380299189589047
2023-09-18,RELIANCE,RELIANCE,1220.02502441406,-0.011389555133592022,-0.011324939696871962,-0.6778043672908374
2023-09-20,RELIANCE,RELIANCE,1211.52502441406,-0.006991453560827415,-0.0069670702075002805,-0.4279126031522197
2023-09-21,RELIANCE,RELIANCE,1187.47497558594,-0.020050733274947656,-0.019851054120612593,-1.1699160317110153
2023-09-22,RELIANCE,RELIANCE,1188,4.4203742662415115e-4,4.421351395644647e-4,-0.0055557871873858165
2023-09-25,RELIANCE,RELIANCE,1175.19995117188,-0.010832916611698181,-0.010774451875521883,-0.6461772254610665
2023-09-26,RELIANCE,RELIANCE,1169.27502441406,-0.00505438482653314,-0.005041632916944741,-0.3178520428713707
2023-09-27,RELIANCE,RELIANCE,1171.75,0.0021144383184565894,0.002116675319547038,0.08946684980558052
2023-09-28,RELIANCE,RELIANCE,1191.5,0.016714659735981324,0.01685513121399616,0.9190236543671195
2023-09-29,RELIANCE,RELIANCE,1170.90002441406,-0.01744031283343908,-0.017289110856852707,-1.0215969084530132
2023-10-03,RELIANCE,RELIANCE,1164.97497558594,-0.005073098120001768,-0.005060251690647117,-0.3189152966049082
2023-10-04,RELIANCE,RELIANCE,1154.5,-0.009032256790805951,-0.00899158849371118,-0.5438671601268
2023-10-05,RELIANCE,RELIANCE,1159.625,0.004429327178885443,0.004439151147682979,0.22099443086455517
2023-10-06,RELIANCE,RELIANCE,1158.52502441406,-9.49011631611967e-4,-9.485614624900301e-4,-0.08459254825688535
2023-10-09,RELIANCE,RELIANCE,1154.05004882812,-0.00387012834583601,-0.0038626490508509143,-0.2505648426423923
2023-10-10,RELIANCE,RELIANCE,1153.27502441406,-6.717947567906766e-4,-6.715691532156663e-4,-0.06884161282440932
2023-10-11,RELIANCE,RELIANCE,1157.22497558594,0.0034191344037636895,0.0034249863113846924,0.16359719923659616
2023-10-12,RELIANCE,RELIANCE,1171.92504882812,0.01262286093716918,0.012702865520800638,0.6865354311147618
2023-10-13,RELIANCE,RELIANCE,1170,-0.0016439887883279486,-0.0016426381789901774,-0.12407982813310485
2023-10-16,RELIANCE,RELIANCE,1172.5,0.0021344725286326196,0.002136752136752137,0.09060515551343735
2023-10-17,RELIANCE,RELIANCE,1178,0.004679863891097681,0.004690831556503198,0.2352294502156092
2023-10-18,RELIANCE,RELIANCE,1177.625,-3.1838684270022827e-4,-3.1833616298811547e-4,-0.04876164749129902
2023-10-19,RELIANCE,RELIANCE,1156,-0.018533928136509024,-0.018363231079503238,-1.0837340494107088
2023-10-20,RELIANCE,RELIANCE,1150,-0.005203827875026998,-0.005190311418685121,-0.32634311257690923
2023-10-23,RELIANCE,RELIANCE,1145,-0.004357305368955701,-0.004347826086956522,-0.2782453142597529
2023-10-25,RELIANCE,RELIANCE,1125.02502441406,-0.017599357673603027,-0.01744539352483843,-1.030633533694192
2023-10-26,RELIANCE,RELIANCE,1125.5,4.22102032049871e-4,4.221911296483203e-4,-0.0066884783807442385
2023-10-27,RELIANCE,RELIANCE,1120,-0.004898696057646702,-0.004886717014660151,-0.30900610321537814
2023-10-30,RELIANCE,RELIANCE,1137,0.015064529461395868,0.015178571428571428,0.8252663914770996
2023-10-31,RELIANCE,RELIANCE,1164,0.023469134540847095,0.023746701846965697,1.302800062640647
2023-11-01,RELIANCE,RELIANCE,1144.57495117188,-0.016829002906816888,-0.016688186278453605,-0.9868634414169064
2023-11-02,RELIANCE,RELIANCE,1156.97497558594,0.010775472868153786,0.010833737363694845,0.581570355620904
2023-11-03,RELIANCE,RELIANCE,1163.59997558594,0.005709807386837916,0.005726139406467997,0.29374888021409346
2023-11-06,RELIANCE,RELIANCE,1166.15002441406,0.0021891188724032615,0.002191516742543674,0.09371005680383371
2023-11-07,RELIANCE,RELIANCE,1167.02502441406,7.500509157772926e-4,7.503322743054862e-4,0.011944953282004216
2023-11-08,RELIANCE,RELIANCE,1166,-8.787085173007332e-4,-8.783225660260741e-4,-0.08059805905080047
2023-11-09,RELIANCE,RELIANCE,1167.92504882812,0.0016496238948486158,0.0016509852728301868,0.06305697854845574
2023-11-10,RELIANCE,RELIANCE,1152.77502441406,-0.013056611505551619,-0.012971743716997358,-0.7725233388323806
2023-11-13,RELIANCE,RELIANCE,1161.44995117188,0.00749708216045058,0.00752525564320701,0.3952984326264933
2023-11-15,RELIANCE,RELIANCE,1170,0.0073345663316165865,0.00736153014556776,0.3860645924125101
2023-11-16,RELIANCE,RELIANCE,1175.55004882812,0.004732415911584948,0.004743631477025639,0.23821535604141694
2023-11-17,RELIANCE,RELIANCE,1176.44995117188,7.652231187694241e-4,7.655159766758525e-4,0.012807008991461083
2023-11-20,RELIANCE,RELIANCE,1174.27502441406,-0.0018504311657081575,-0.0018487201734791396,-0.13580949126684708
2023-11-21,RELIANCE,RELIANCE,1183,0.0074026283219388355,0.007430095509604823,0.38993174521719653
2023-11-22,RELIANCE,RELIANCE,1187.5,0.003796671930409501,0.0038038884192730348,0.18504816324940515
2023-11-23,RELIANCE,RELIANCE,1194.09997558594,0.005542486184968353,0.0055578741776336855,0.2842420078462741
2023-11-24,RELIANCE,RELIANCE,1195.80004882812,0.0014227151860541046,0.0014237277254325188,0.050164457400192784
2023-11-28,RELIANCE,RELIANCE,1196.94995117188,9.6115551753027e-4,9.616175755193394e-4,0.0239395151348974
2023-11-29,RELIANCE,RELIANCE,1204,0.0058727330714173865,0.0058900113753441495,0.3030060076517992
2023-11-30,RELIANCE,RELIANCE,1197.34997558594,-0.0055385857799177055,-0.005523276091411959,-0.3453634198682442
2023-12-01,RELIANCE,RELIANCE,1189,-0.006998143398066865,-0.006973713413953028,-0.4282927069769969
2023-12-04,RELIANCE,RELIANCE,1225,0.02982822628804545,0.030277544154751892,1.6641115577791818
2023-12-05,RELIANCE,RELIANCE,1219.5,-0.00449990532285244,-0.004489795918367347,-0.2863475723490181
2023-12-06,RELIANCE,RELIANCE,1223.55004882812,0.003315570665649808,0.003321073249790896,0.15771290466315369
2023-12-07,RELIANCE,RELIANCE,1230,0.005257660044838401,0.005271505794190908,0.26805872843530626
2023-12-08,RELIANCE,RELIANCE,1231.92504882812,0.001563856886194913,0.0015650803480650388,0.058183860285319855
2023-12-11,RELIANCE,RELIANCE,1228,-0.003191196545570201,-0.003186110089939105,-0.21198922939397336
2023-12-12,RELIANCE,RELIANCE,1230,0.0016273396593754076,0.0016286644951140066,0.061790830683803324
2023-12-13,RELIANCE,RELIANCE,1211,-0.015567704813370978,-0.015447154471544716,-0.9151988833203665
2023-12-14,RELIANCE,RELIANCE,1227,0.013125701157819115,0.013212221304706853,0.7151058558171358
2023-12-15,RELIANCE,RELIANCE,1239,0.009732436918231054,0.009779951100244499,0.522307037283681
2023-12-18,RELIANCE,RELIANCE,1247.80004882812,0.007077437178909916,0.007102541427054074,0.3714550031344371
2023-12-19,RELIANCE,RELIANCE,1277.5,0.02352300326980703,0.023801851265972392,1.3058607813368825
2023-12-20,RELIANCE,RELIANCE,1285.52502441406,0.006262171116215436,0.0062818195021996075,0.32513313646572195
2023-12-21,RELIANCE,RELIANCE,1263.5,-0.017281566365826024,-0.017133096591487176,-1.0125772361725331
2023-12-22,RELIANCE,RELIANCE,1279.80004882812,0.012818206030040281,0.012900711379596358,0.6976345676548705
2023-12-26,RELIANCE,RELIANCE,1284,0.003276351391617094,0.0032817244972961125,0.15548454012583576
2023-12-27,RELIANCE,RELIANCE,1291,0.005436906596736044,0.005451713395638629,0.27824317650418307
2023-12-28,RELIANCE,RELIANCE,1294.90002441406,0.0030163790821636583,0.0030209329311076676,0.14071340809041227
2023-12-29,RELIANCE,RELIANCE,1305.55004882812,0.008190954379497349,0.008224592025070906,0.43472293204645124
2024-01-01,RELIANCE,RELIANCE,1290.27502441406,-0.011769052455681746,-0.011700068050069068,-0.699366683152331
2024-01-02,RELIANCE,RELIANCE,1292.5,0.0017229345299625183,0.0017244196344499557,0.06722234936485096
2024-01-03,RELIANCE,RELIANCE,1305,0.009624713374209693,0.009671179883945842,0.5161863904524526
2024-01-04,RELIANCE,RELIANCE,1294,-0.008464844695947915,-0.00842911877394636,-0.5116278843775285
2024-01-05,RELIANCE,RELIANCE,1301.44995117188,0.0057407939066579285,0.00575730384225657,0.2955094753195567
2024-01-08,RELIANCE,RELIANCE,1305,0.0027240507892898427,0.002727764386885093,0.1241038706331067
2024-01-09,RELIANCE,RELIANCE,1300,-0.003838776307165713,-0.0038314176245210726,-0.2487834794512421
2024-01-10,RELIANCE,RELIANCE,1288.5,-0.008885513357208342,-0.008846153846153846,-0.5355294774037487
2024-01-11,RELIANCE,RELIANCE,1329.5,0.03132418059065478,0.03181994567326348,1.749108835255613
2024-01-12,RELIANCE,RELIANCE,1359.90002441406,0.02260825388467344,0.02286575736296352,1.2538864615505252
2024-01-15,RELIANCE,RELIANCE,1375,0.011042545532923723,0.011103739477059078,0.5967449163372472
2024-01-16,RELIANCE,RELIANCE,1389.97497558594,0.010832012686423864,0.010890891335229093,0.584782840530093
2024-01-17,RELIANCE,RELIANCE,1359.5,-0.022168758714570237,-0.021924837584283388,-1.2902582077251676
2024-01-18,RELIANCE,RELIANCE,1351.40002441406,-0.00597587488869736,-0.0059580548627730795,-0.37020935510271913
2024-01-19,RELIANCE,RELIANCE,1376,0.018039629309460976,0.018203326284980687,0.9943059048265367
2024-01-23,RELIANCE,RELIANCE,1371.75,-0.0030934425542041653,-0.0030886627906976743,-0.20643503357791476
2024-01-24,RELIANCE,RELIANCE,1335.22497558594,-0.02698749826465264,-0.026626589694958992,-1.5640498214867602
2024-01-25,RELIANCE,RELIANCE,1342.94995117188,0.005768851714989998,0.0057855235838065655,0.2971036666100404
2024-01-29,RELIANCE,RELIANCE,1364.5,0.01591941075897102,0.016046799666149192,0.8738391204252127
2024-01-30,RELIANCE,RELIANCE,1459.94995117188,0.06761409394715547,0.06995232771849029,3.8110326719516197
2024-01-31,RELIANCE,RELIANCE,1404,-0.03907684950979207,-0.038323198084269816,-2.25094375969117
2024-02-01,RELIANCE,RELIANCE,1435,0.02183954360796505,0.02207977207977208,1.2102098060708755
2024-02-02,RELIANCE,RELIANCE,1433.17504882812,-0.001272552328283617,-0.0012717429769198622,-0.10297551511753798
2024-02-05,RELIANCE,RELIANCE,1460.75,0.019057705569108522,0.01924046277140222,1.052151061047213
2024-02-06,RELIANCE,RELIANCE,1441.84997558594,-0.013023008124191167,-0.012938575672811911,-0.7706140586326722
2024-02-07,RELIANCE,RELIANCE,1435.92504882812,-0.00411771947374852,-0.004109253291357326,-0.26463249949740114
2024-02-08,RELIANCE,RELIANCE,1450,0.009754281578013285,0.009802009640661106,0.5235482092938485
2024-02-09,RELIANCE,RELIANCE,1454,0.0027548226788446837,0.002758620689655172,0.12585227085522896
2024-02-12,RELIANCE,RELIANCE,1460.75,0.004631623341081712,0.004642365887207703,0.2324885139395672
2024-02-13,RELIANCE,RELIANCE,1455.5,-0.0036005182488685287,-0.0035940441553996235,-0.23524610985595568
2024-02-14,RELIANCE,RELIANCE,1457.5,0.0013731550389696069,0.0013740982480247338,0.047348544129201725
2024-02-15,RELIANCE,RELIANCE,1483.34997558594,0.017580387700729956,0.017735832305962266,0.9682126703086459
2024-02-16,RELIANCE,RELIANCE,1476.47497558594,-0.004645553353743628,-0.0046347794607838905,-0.2946230163742538
2024-02-19,RELIANCE,RELIANCE,1462.05004882812,-0.009817879723281053,-0.009769841681262131,-0.588504760531411
2024-02-20,RELIANCE,RELIANCE,1475.02502441406,0.0088353614860989,0.008874508500129568,0.47133691788282217
2024-02-21,RELIANCE,RELIANCE,1474,-0.00069516158516980185,-6.949200163347604e-4,-0.07016927155838291
2024-02-22,RELIANCE,RELIANCE,1468.15002441406,-0.003976672329180882,-0.003968775838493895,-0.2566184690800532
2024-02-23,RELIANCE,RELIANCE,1489.5,0.01443737173323595,0.01454209394878483,0.7896324825074766
2024-02-26,RELIANCE,RELIANCE,1493.55004882812,0.00271537604152382,0.0027190660141792533,0.12361098796842863
2024-02-27,RELIANCE,RELIANCE,1483.02502441406,-0.007071932015843802,-0.007046984747727885,-0.43248523585896137
2024-02-28,RELIANCE,RELIANCE,1483,-1.6874041085013495e-5,-1.687389871919793e-5,-0.03163026372049594
2024-02-29,RELIANCE,RELIANCE,1465,-0.012211820686764446,-0.012137559002022926,-0.72452393169223706
2024-03-01,RELIANCE,RELIANCE,1463.5,-0.0010244153192270895,-0.0010238907849829352,-0.088876842334444775
2024-03-04,RELIANCE,RELIANCE,1490.47497558594,0.018264017570463965,0.01843182479394602,1.0070552189263442
2024-03-05,RELIANCE,RELIANCE,1505.77502441406,0.010212887318964711,0.010265216846130003,0.5496053150142178
2024-03-06,RELIANCE,RELIANCE,1493.44995117188,-0.008218885026895007,-0.008185202332583538,-0.497652923911132
2024-03-07,RELIANCE,RELIANCE,1502.97497558594,0.006357613976473596,0.006377866500705902,0.3305560182090727
2024-03-11,RELIANCE,RELIANCE,1489,-0.00934170728693885,-0.0092982090939284,-0.5614495485989273
2024-03-12,RELIANCE,RELIANCE,1466.59997558594,-0.015157973671016676,-0.015043669854976493,-0.8919187393101663
2024-03-13,RELIANCE,RELIANCE,1479.77502441406,0.008943285659356218,0.008983396323088214,0.4774689640855478
2024-03-14,RELIANCE,RELIANCE,1439.69995117188,-0.027455341055521883,-0.02708186891993825,-1.5906317588103136
2024-03-15,RELIANCE,RELIANCE,1425.94995117188,-0.009596500613434766,-0.009550601143528443,-0.5759264206755282
2024-03-18,RELIANCE,RELIANCE,1420,-0.0041813524080853825,-0.004172622725636471,-0.2682480017671134
2024-03-19,RELIANCE,RELIANCE,1428.75,0.0061430645137140714,0.006161971830985915,0.3183657259075084
2024-03-20,RELIANCE,RELIANCE,1427.94995117188,-5.601210226567307e-4,-5.599641841609783e-4,-0.06249652370607478
2024-03-21,RELIANCE,RELIANCE,1452.52502441406,0.017063623003555267,0.017210038224387273,0.9388510833409378
2024-03-22,RELIANCE,RELIANCE,1449.97497558594,-0.0017571400408166009,-0.0017555971740649855,-0.13050886703342968
2024-03-26,RELIANCE,RELIANCE,1445,-0.003436976502569679,-0.003431076859743456,-0.22595397896338956
2024-03-27,RELIANCE,RELIANCE,1448,0.002073972399129172,0.0020761245674740486,0.0871676532543142
2024-03-28,RELIANCE,RELIANCE,1492.875,0.03052049704292937,0.030991022099447513,1.7034450650521331
2024-04-01,RELIANCE,RELIANCE,1492.47497558594,-2.679916389874252e-4,-2.6795573243573566e-4,-0.04589828789135206
2024-04-02,RELIANCE,RELIANCE,1484,-0.005694654622277808,-0.005678470811621319,-0.3542309545759346
2024-04-03,RELIANCE,RELIANCE,1482.07495117188,-0.001298044810132419,-0.0012972027143665753,-0.10442394943768137
2024-04-04,RELIANCE,RELIANCE,1479.75,-0.001569945346358931,-0.0015687136268254572,-0.11987282062534001
2024-04-05,RELIANCE,RELIANCE,1460.875,-0.012837583317513368,-0.01275553302922791,-0.7600785738810886
2024-04-08,RELIANCE,RELIANCE,1462.97497558594,0.0014364457578612743,0.0014374779402344493,0.05094460236837023
2024-04-09,RELIANCE,RELIANCE,1489,0.0176327366728266,0.01778911112518288,0.9711870393111904
2024-04-10,RELIANCE,RELIANCE,1466.34997558594,-0.01532845049794349,-0.01521156777304231,-0.9016049082902786
2024-04-12,RELIANCE,RELIANCE,1475.875,0.006474731041208391,0.006495737424658044,0.33721038701641187
2024-04-15,RELIANCE,RELIANCE,1461,-0.010129901476574305,-0.010078766833234522,-0.6062332429436675
2024-04-16,RELIANCE,RELIANCE,1453.34997558594,-0.005249913050049269,-0.00523615634090349,-0.3289615845463306
2024-04-18,RELIANCE,RELIANCE,1463.5,0.006959607431290353,0.006983881779726087,0.36476014104143817
2024-04-19,RELIANCE,RELIANCE,1456.77502441406,-0.004605722007418561,-0.00459513193436283,-0.29235987505372935
2024-04-22,RELIANCE,RELIANCE,1472.44995117188,0.010702541806181048,0.010760018873967674,0.5774265514282659
2024-04-23,RELIANCE,RELIANCE,1479,0.004438536780096711,0.004448401674302753,0.2215177028844531
2024-04-24,RELIANCE,RELIANCE,1463.5,-0.01053535657885921,-0.010480054090601758,-0.6292704304921329
2024-04-25,RELIANCE,RELIANCE,1442.5,-0.014453107749685945,-0.01434916296549368,-0.8518695986415462
2024-04-26,RELIANCE,RELIANCE,1463.94995117188,0.01476050919662989,0.014869983481372619,0.8079925384204262
2024-04-29,RELIANCE,RELIANCE,1450,-0.00957467216426443,-0.009528980933202792,-0.5746861697214884
2024-04-30,RELIANCE,RELIANCE,1468,0.012337373759840784,0.012413793103448275,0.6703145928277772
2024-05-02,RELIANCE,RELIANCE,1472,0.0027210901143605863,0.0027247956403269754,0.1239356507162011
2024-05-03,RELIANCE,RELIANCE,1471,-6.795786873839907e-4,-6.793478260869565e-4,-0.06928388095208084
2024-05-06,RELIANCE,RELIANCE,1435.5,-0.024429221040318843,-0.02413324269204623,-1.4186933766280834
2024-05-07,RELIANCE,RELIANCE,1415.97497558594,-0.01369489807241545,-0.01360154957440613,-0.8087895672449552
2024-05-08,RELIANCE,RELIANCE,1397.5,-0.013133396459449064,-0.013047529726501651,-0.7768861138322934
2024-05-09,RELIANCE,RELIANCE,1413,0.01103017765527331,0.0110912343470483,0.5960421970585814
2024-05-10,RELIANCE,RELIANCE,1396.75,-0.011566994345269265,-0.011500353857041755,-0.687886125726789
2024-05-13,RELIANCE,RELIANCE,1399.90002441406,0.0022527135813813002,0.0022552528470091275,0.09732338718137991
2024-05-14,RELIANCE,RELIANCE,1400.97497558594,7.67582433816898e-4,7.678771006021892e-4,0.01294106078394878
2024-05-15,RELIANCE,RELIANCE,1420.5,0.013840516939786267,0.013936740308936572,0.7557203286378746
2024-05-16,RELIANCE,RELIANCE,1418.55004882812,-0.0013736647434639561,-0.0013727216979091885,-0.10872053018544797
2024-05-17,RELIANCE,RELIANCE,1423.05004882812,0.00316723226851737,0.00317225324810887,0.14928459914641254
2024-05-21,RELIANCE,RELIANCE,1425.59997558594,0.001790270771785871,0.00179187426325579,0.0710482665205398
2024-05-22,RELIANCE,RELIANCE,1436.27502441406,0.007460212858955562,0.007488109575571797,0.39320358905803127
2024-05-23,RELIANCE,RELIANCE,1458.55004882812,0.015389851543662809,0.015508885161563868,0.8437505732782563
2024-05-24,RELIANCE,RELIANCE,1483.625,0.017045592382969297,0.017191697461480054,0.937826617781833
2024-05-27,RELIANCE,RELIANCE,1480.22497558594,-0.002294330639898024,-0.002291700675076248,-0.16103101488795413
2024-05-28,RELIANCE,RELIANCE,1468,-0.008293156562310314,-0.008258863204967071,-0.5018728912545757
2024-05-29,RELIANCE,RELIANCE,1446.5,-0.014754084758271085,-0.014645776566757493,-0.868970539671707
2024-05-30,RELIANCE,RELIANCE,1435.5,-0.007633624855071095,-0.0076045627376425855,-0.4643995543839668
2024-05-31,RELIANCE,RELIANCE,1431.30004882812,-0.0029300642564229077,-0.002925775807648904,-0.1971521895191634
2024-06-03,RELIANCE,RELIANCE,1483,0.03548390683323636,0.03612097352627735,1.9854565666334958
2024-06-04,RELIANCE,RELIANCE,1498.05004882812,0.010097231813773512,0.010148380868590693,0.5430339892395826
2024-06-05,RELIANCE,RELIANCE,1422,-0.052099963588519455,-0.05076602673429482,-2.9908923256507296
2024-06-06,RELIANCE,RELIANCE,1435,0.009100517830535223,0.009142053445850914,0.4864025969235381
2024-06-07,RELIANCE,RELIANCE,1428.5,-0.004539906522893772,-0.004529616724738676,-0.2886203644345603
2024-06-10,RELIANCE,RELIANCE,1469.94995117188,0.02860341070049759,0.029016416641148058,1.5945198662611484
2024-06-11,RELIANCE,RELIANCE,1469,-6.464561974481691e-4,-6.462472896595411e-4,-0.06740192408824171
2024-06-12,RELIANCE,RELIANCE,1457.5,-0.007859257949229865,-0.007828454731109599,-0.47721959753543663
2024-06-13,RELIANCE,RELIANCE,1472,0.009899381064174121,0.009948542024013723,0.5317924860510919
2024-06-14,RELIANCE,RELIANCE,1470,-0.0013596195160395954,-0.001358695652173913,-0.10792250708372245
2024-06-18,RELIANCE,RELIANCE,1487.34997558594,0.011733595811671094,0.011802704480231293,0.6360090784780307
2024-06-19,RELIANCE,RELIANCE,1487.5,1.0086183533175457e-4,1.0086692205773354e-4,-0.02494073521065333
2024-06-20,RELIANCE,RELIANCE,1459,-0.0193455888969992,-0.01915966386554622,-1.1298510696671298
2024-06-21,RELIANCE,RELIANCE,1473.625,0.009974082089505931,0.010023989033584648,0.5360368561945025
2024-06-24,RELIANCE,RELIANCE,1445.52502441406,-0.01925275736242695,-0.019068606725550937,-1.1245765584813017
2024-06-25,RELIANCE,RELIANCE,1443,-0.0017483144759936487,-0.0017467870645017103,-0.13000741523050077
2024-06-26,RELIANCE,RELIANCE,1446.05004882812,0.002111455260189841,0.00211368595157311,0.0892973581100221
2024-06-27,RELIANCE,RELIANCE,1513.75,0.0457542808332414,0.0468171563126353,2.568999678306423
2024-06-28,RELIANCE,RELIANCE,1531.02502441406,0.011347445799884316,0.011412072280138727,0.614068769444447
2024-07-01,RELIANCE,RELIANCE,1562.52502441406,0.02036565644011986,0.02057445142809171,1.1264663412098337
2024-07-02,RELIANCE,RELIANCE,1569.5,0.0044539791747021,0.004463912882646847,0.22239511036734574
2024-07-03,RELIANCE,RELIANCE,1566.32495117188,-0.002025017316049921,-0.0020229683517808206,-0.14572914418556066
2024-07-04,RELIANCE,RELIANCE,1557,-0.005971187131960064,-0.005953395025025515,-0.3699430056831901
2024-07-05,RELIANCE,RELIANCE,1553.82495117188,-0.00204129128476044,-0.0020392092666152843,-0.1466538001270677
2024-07-08,RELIANCE,RELIANCE,1589,0.022385285987478017,0.022637716559765184,1.2412178498200739
2024-07-09,RELIANCE,RELIANCE,1597.59997558594,0.005397600283179323,0.005412193572020139,0.2760098665467005
2024-07-10,RELIANCE,RELIANCE,1595,-0.0016287516009503237,-0.0016274259049024002,-0.12321408013449466
2024-07-11,RELIANCE,RELIANCE,1587.5,-0.004713284452098202,-0.004702194357366771,-0.29847136852684664
2024-07-12,RELIANCE,RELIANCE,1584.5,-0.0018915516358712597,-0.001889763779527559,-0.1381458781513382
2024-07-15,RELIANCE,RELIANCE,1604.44995117188,0.012512088144571915,0.012590691809327864,0.6802415317805334
2024-07-16,RELIANCE,RELIANCE,1593.5,-0.0068481334181561705,-0.006824738387060455,-0.4197694253069197
2024-07-18,RELIANCE,RELIANCE,1576,-0.011042863439566663,-0.010982114841543772,-0.6581060048044647
2024-07-19,RELIANCE,RELIANCE,1586,0.006325131776968795,0.006345177664974619,0.32871044142939515
2024-07-22,RELIANCE,RELIANCE,1537.25,-0.03122001736121416,-0.030737704918032786,-1.8045335043420665
2024-07-23,RELIANCE,RELIANCE,1501,-0.023863553200117186,-0.023581070092698,-1.3865532061100072
2024-07-24,RELIANCE,RELIANCE,1485,-0.010716780396661912,-0.010659560293137908,-0.6395785866675672
2024-07-25,RELIANCE,RELIANCE,1481,-0.0026972369690012646,-0.0026936026936026937,-0.18392338599318417
2024-07-26,RELIANCE,RELIANCE,1492.40002441406,0.007668043438129049,0.0076975181728966904,0.40501212717666485
2024-07-29,RELIANCE,RELIANCE,1511.94995117188,0.013014597408898767,0.013099655881803953,0.708793152174262
2024-07-30,RELIANCE,RELIANCE,1517.02502441406,0.003351020085822324,0.003356641030509255,0.15972707327614294
2024-07-31,RELIANCE,RELIANCE,1504,-0.008622970690863862,-0.008585899510188252,-0.5206123025797852
2024-08-01,RELIANCE,RELIANCE,1512,0.005305052229693098,0.005319148936170213,0.27075146221686813
2024-08-02,RELIANCE,RELIANCE,1505,-0.004640379556502225,-0.004629629629629629,-0.2943290510579556
2024-08-05,RELIANCE,RELIANCE,1480,-0.016750810424815354,-0.016611295681063124,-0.9824206933478895
2024-08-06,RELIANCE,RELIANCE,1455.15002441406,-0.016933082905065632,-0.016790524044554056,-0.9927770689090459
2024-08-07,RELIANCE,RELIANCE,1469,0.009472892320782259,0.009517902177486421,0.5075602070306549
2024-08-08,RELIANCE,RELIANCE,1457.52502441406,-0.00784208868731887,-0.00781141973174949,-0.4762440727375409
2024-08-09,RELIANCE,RELIANCE,1460,0.0016966272158237812,0.0016980673020931265,0.06572761782418182
2024-08-12,RELIANCE,RELIANCE,1470,0.006825965070399891,0.00684931506849315,0.3571668363452997
2024-08-13,RELIANCE,RELIANCE,1460.75,-0.006312398338235519,-0.006292517006802721,-0.3893299772820389
2024-08-14,RELIANCE,RELIANCE,1463.55004882812,0.0019150221503177738,0.0019168569762929987,0.0781364025138306
2024-08-16,RELIANCE,RELIANCE,1468.65002441406,0.0034786035067962593,0.003484660869659774,0.16697612053313382
2024-08-19,RELIANCE,RELIANCE,1482.5,0.00938622378022012,0.00943041252558836,0.5026358654396128
2024-08-20,RELIANCE,RELIANCE,1497.22497558594,0.009883526548739903,0.009932529906198988,0.5308916626467498
2024-08-21,RELIANCE,RELIANCE,1493.25,-0.002658425808205079,-0.0026548953235196945,-0.18171820967354543
2024-08-22,RELIANCE,RELIANCE,1503,0.00650815814055906,0.0065293822199899544,0.3391096512076945
2024-08-23,RELIANCE,RELIANCE,1503.75,4.988775359142117e-4,4.99001996007984e-4,-0.002326240313734004
2024-08-26,RELIANCE,RELIANCE,1506.97497558594,0.0021423257491309158,0.002144622168538654,0.09105136056168847
2024-08-27,RELIANCE,RELIANCE,1510.5,0.0023364077887071764,0.0023391393162911704,0.1020787328164967
2024-08-28,RELIANCE,RELIANCE,1505,-0.003647823643750578,-0.003641178417742469,-0.23793391239638645
2024-08-29,RELIANCE,RELIANCE,1503.09997558594,-0.001263272286267955,-0.001262474693727574,-0.1024482407851454
2024-08-30,RELIANCE,RELIANCE,1534,0.02034907703049341,0.020557531046472486,1.1255243306965736
2024-09-02,RELIANCE,RELIANCE,1510.875,-0.015189749747580457,-0.01507496740547588,-0.8937241955277078
2024-09-03,RELIANCE,RELIANCE,1521.25,0.006843412122116007,0.006866881773806569,0.3581581446314377
2024-09-04,RELIANCE,RELIANCE,1500.69995117188,-0.013600731936689698,-0.013508659870580114,-0.8034392265606145
2024-09-05,RELIANCE,RELIANCE,1519.05004882812,0.012153538225208947,0.012227692578993294,0.6598694074903138
2024-09-06,RELIANCE,RELIANCE,1492.5,-0.017632605323499122,-0.01747806061334331,-1.0325226019088618
2024-09-09,RELIANCE,RELIANCE,1466.5,-0.01757395684925144,-0.01742043551088777,-1.0291903071786654
2024-09-10,RELIANCE,RELIANCE,1460.5,-0.004099766589710094,-0.004091374019774974,-0.2636124507810369
2024-09-11,RELIANCE,RELIANCE,1463.05004882812,0.0017444883324936225,0.0017460108374666196,0.06844699541935474
2024-09-12,RELIANCE,RELIANCE,1457,-0.004143803965084306,-0.004135230256111875,-0.26611457067031874
2024-09-13,RELIANCE,RELIANCE,1476.40002441406,0.01322718149684819,0.013315047641770762,0.7208717756181694
2024-09-16,RELIANCE,RELIANCE,1477.55004882812,7.786350098328531e-4,7.78938224764938e-4,0.013569047126057531
2024-09-17,RELIANCE,RELIANCE,1474,-0.00240554995260399,-0.002402658935943067,-0.16735028464527082
2024-09-18,RELIANCE,RELIANCE,1470,-0.002717392976499915,-0.0027137042062415195,-0.18506861199319735
2024-09-19,RELIANCE,RELIANCE,1466.25,-0.0025542798050967423,-0.002551020408163265,-0.17580083191085566
2024-09-20,RELIANCE,RELIANCE,1474,0.005271672781596734,0.005285592497868713,0.2688549054792004
2024-09-23,RELIANCE,RELIANCE,1491,0.011467242015456508,0.011533242876526458,0.6208753625053816
2024-09-24,RELIANCE,RELIANCE,1488.5,-0.0016781343089073352,-0.001676727028839705,-0.12601991165183335
2024-09-25,RELIANCE,RELIANCE,1483.90002441406,-0.0030951279911188537,-0.0030903430204501183,-0.20653079689692586
2024-09-26,RELIANCE,RELIANCE,1490.65002441406,0.004538509337953746,0.0045488239699068254,0.22719795342778948
2024-09-27,RELIANCE,RELIANCE,1499,0.005585936299931801,0.005601566732085342,0.2867107607162577
2024-09-30,RELIANCE,RELIANCE,1519.40002441406,0.013517317034747602,0.01360908900204136,0.7373567249094647
2024-10-01,RELIANCE,RELIANCE,1480.65002441406,-0.025834339116594038,-0.025503487809238067,-1.498529512536776
2024-10-03,RELIANCE,RELIANCE,1436.57495117188,-0.03021942272036789,-0.029767380890444988,-1.7476816204435444
2024-10-04,RELIANCE,RELIANCE,1403.92504882812,-0.022989854165160337,-0.022727601032668698,-1.3369112891239168
2024-10-07,RELIANCE,RELIANCE,1393.5,-0.007453352213220142,-0.007425644863892102,-0.45415680583604123
2024-10-08,RELIANCE,RELIANCE,1372.97497558594,-0.014838667404659132,-0.014729116909982059,-0.8737763647241138
2024-10-09,RELIANCE,RELIANCE,1397.52502441406,0.01772293190905696,0.017880914994567076,0.9763117610406925
2024-10-10,RELIANCE,RELIANCE,1380.02502441406,-0.012601199806185823,-0.012522137131202513,-0.7466477124783606
2024-10-11,RELIANCE,RELIANCE,1370,-0.007290892798044218,-0.007264378715390678,-0.44492617093878467
2024-10-14,RELIANCE,RELIANCE,1379.44995117188,0.006874093765189692,0.0068977745780146,0.3599014172201913
2024-10-15,RELIANCE,RELIANCE,1358.52502441406,-0.015285263269297845,-0.015169036571456407,-0.899151092120741
2024-10-16,RELIANCE,RELIANCE,1340,-0.013729956373105487,-0.013636130421704931,-0.8107815131930403
2024-10-17,RELIANCE,RELIANCE,1365.69995117188,0.018997467986239698,0.01917906803871642,1.048728476188384
2024-10-18,RELIANCE,RELIANCE,1352.17504882812,-0.009952638724024493,-0.009903275117022999,-0.5961615105796295
2024-10-21,RELIANCE,RELIANCE,1367.125,0.010995551448217653,0.011056224698744864,0.5940748018487595
2024-10-22,RELIANCE,RELIANCE,1369.19995117188,0.0015165973388519278,0.0015177479541958507,0.055498662714835466
2024-10-23,RELIANCE,RELIANCE,1337.5,-0.023424392224080093,-0.02315217083140299,-1.361600914939123
2024-10-24,RELIANCE,RELIANCE,1335.27502441406,-0.0016649183560732822,-0.001663533148366356,-0.12526900635466479
2024-10-25,RELIANCE,RELIANCE,1343.5,0.006140867641457519,0.006159761424092578,0.3182409038053594
2024-10-28,RELIANCE,RELIANCE,1337,-0.004849850953602773,-0.004838109415705247,-0.3062308173296093
2024-10-29,RELIANCE,RELIANCE,1328.09997558594,-0.006678967078435405,-0.006656712351578159,-0.41015771571670157
2024-10-30,RELIANCE,RELIANCE,1335,0.005181960810842049,0.005195410391462285,0.2637576419746315
2024-10-31,RELIANCE,RELIANCE,1340,0.003738322110607158,0.003745318352059925,0.18173283749661395
2024-11-01,RELIANCE,RELIANCE,1333.05004882812,-0.005200027463490238,-0.005186530725283584,-0.3261271804235332
2024-11-04,RELIANCE,RELIANCE,1337.84997558594,0.0035942430501316657,0.003600710087396646,0.17354653938548975
2024-11-05,RELIANCE,RELIANCE,1293,-0.034098729759740994,-0.03352392002421422,-1.968096466182303
2024-11-06,RELIANCE,RELIANCE,1310,0.013062037423339662,0.013147718484145398,0.7114886035419177
2024-11-07,RELIANCE,RELIANCE,1324,0.01063032030175633,0.010687022900763359,0.5733230629455992
2024-11-08,RELIANCE,RELIANCE,1297.65002441406,-0.02010250238840448,-0.019901794249199398,-1.172857454248805
2024-11-11,RELIANCE,RELIANCE,1278.94995117188,-0.014515564513585452,-0.014410721604712962,-0.8554182731446288
2024-11-12,RELIANCE,RELIANCE,1275.55004882812,-0.0026618941877561745,-0.0026583544888873346,-0.1819152764011746
2024-11-13,RELIANCE,RELIANCE,1270.25,-0.004163764933366081,-0.004155108482798685,-0.267248714913084
2024-11-14,RELIANCE,RELIANCE,1253.59997558594,-0.013194338907189974,-0.013107675193119464,-0.7803487477721751
2024-11-18,RELIANCE,RELIANCE,1267.59997558594,0.011105936990047825,0.011167836847999553,0.600346698331132
2024-11-19,RELIANCE,RELIANCE,1260.75,-0.0054185475998645895,-0.005403893750292669,-0.338543078845832
2024-11-21,RELIANCE,RELIANCE,1241.65002441406,-0.015265622057569385,-0.015149693108023003,-0.8980351158370101
2024-11-22,RELIANCE,RELIANCE,1229.40002441406,-0.009914894567840157,-0.009865904046336107,-0.5940169594320993
2024-11-25,RELIANCE,RELIANCE,1290,0.048115953024292585,0.04929231688833123,2.7031853992077988
2024-11-26,RELIANCE,RELIANCE,1294.94995117188,0.0038298282873551357,0.003837171451069769,0.18693204437231115
2024-11-27,RELIANCE,RELIANCE,1293.5,-0.001120324016988982,-0.0011196966883298093,-0.0943261920785189
2024-11-28,RELIANCE,RELIANCE,1289.94995117188,-0.002748302564188401,-0.0027445294380517957,-0.18682483596130772
2024-11-29,RELIANCE,RELIANCE,1280,-0.007743342148232541,-0.007713439705812444,-0.4706334822483006
2024-12-02,RELIANCE,RELIANCE,1288,0.006230549750636163,0.00625,0.3233364706319882
2024-12-03,RELIANCE,RELIANCE,1317,0.0222657950789822,0.02251552795031056,1.2344286037263834
2024-12-04,RELIANCE,RELIANCE,1326,0.006810469002526879,0.00683371298405467,0.3562863792494523
2024-12-05,RELIANCE,RELIANCE,1314.34997558594,-0.008824663491721898,-0.008785840432926092,-0.5320721038114314
2024-12-06,RELIANCE,RELIANCE,1323.90002441406,0.00723971613054035,0.007265986233128331,0.3806753844363641
2024-12-09,RELIANCE,RELIANCE,1303,-0.01591264625978115,-0.015786708987568805,-0.9347978000670255
2024-12-10,RELIANCE,RELIANCE,1289.25,-0.010608644193776813,-0.010552570990023024,-0.6334344933447694
2024-12-11,RELIANCE,RELIANCE,1285,-0.003301935601748198,-0.003296490207484972,-0.21828121188904118
2024-12-12,RELIANCE,RELIANCE,1270,-0.011741817876683174,-0.011673151750972763,-0.6978192661864132
2024-12-13,RELIANCE,RELIANCE,1260,-0.007905179507113261,-0.007874015748031496,-0.47982877309030275
2024-12-16,RELIANCE,RELIANCE,1275,0.011834457647002798,0.011904761904761904,0.6417398560756601
2024-12-17,RELIANCE,RELIANCE,1261.05004882812,-0.011001432622902383,-0.010941138174023531,-0.6557519846221994
2024-12-18,RELIANCE,RELIANCE,1240.65002441406,-0.0163092904851564,-0.016177014094735986,-0.9573343703518522
2024-12-19,RELIANCE,RELIANCE,1239,-0.0013308528553251965,-0.00132996766339426,-0.10628804014944025
2024-12-20,RELIANCE,RELIANCE,1224,-0.012180418556871072,-0.012106537530266344,-0.7227397224130884
2024-12-23,RELIANCE,RELIANCE,1215,-0.007380107297622534,-0.007352941176470588,-0.4499951690775329
2024-12-24,RELIANCE,RELIANCE,1222.30004882812,0.005990292956305424,0.006008270640427982,0.30968553665779674
2024-12-26,RELIANCE,RELIANCE,1224.25,0.0015940418514726604,0.0015953130115224307,0.05989891258661943
2024-12-27,RELIANCE,RELIANCE,1218.30004882812,-0.004871927143168981,-0.004860078555752503,-0.30748514442162556
2024-12-30,RELIANCE,RELIANCE,1216.40002441406,-0.0015607875652987142,-0.0015595701698342933,-0.11935249292783884
2024-12-31,RELIANCE,RELIANCE,1208,-0.006929597379198847,-0.006905643082427831,-0.42439805259118624
2025-01-01,RELIANCE,RELIANCE,1214.84997558594,0.005654492771990508,0.005670509591009934,0.2906060090324763
2025-01-02,RELIANCE,RELIANCE,1221.25,0.005254332090241708,0.005268160301829181,0.26786964038643285
2025-01-03,RELIANCE,RELIANCE,1243.90002441406,0.018376700485954123,0.018546591127172978,1.0134576478094086
2025-01-06,RELIANCE,RELIANCE,1253.94995117188,0.008046905207252103,0.00807936856706312,0.42653833212770836
2025-01-07,RELIANCE,RELIANCE,1222,-0.025809669318658232,-0.025479446880651933,-1.4971278215514432
2025-01-08,RELIANCE,RELIANCE,1249,0.021854370394037002,0.0220949263502455,1.2110522358480709
2025-01-09,RELIANCE,RELIANCE,1267,0.014308670195561302,0.014411529223378704,0.782319905986727
2025-01-10,RELIANCE,RELIANCE,1253.84997558594,-0.010433102979140919,-0.010378866940852407,-0.6234605754898379
2025-01-13,RELIANCE,RELIANCE,1230,-0.01920462897553501,-0.019021394943836565,-1.1218419951005807
2025-01-14,RELIANCE,RELIANCE,1244.09997558594,0.011398187930109296,0.011463394785317074,0.6169518407488009
2025-01-15,RELIANCE,RELIANCE,1244.94995117188,6.829719322555647e-4,6.832052106903096e-4,0.008133653053589278
2025-01-16,RELIANCE,RELIANCE,1258.90002441406,0.011143013936553979,0.011205328558829771,0.6024533398940897
2025-01-17,RELIANCE,RELIANCE,1322.25,0.04909648778070727,0.05032168905980083,2.758897518636108
2025-01-20,RELIANCE,RELIANCE,1316,-0.004737998060826781,-0.004726791453961051,-0.2998755487580763
2025-01-21,RELIANCE,RELIANCE,1310.5,-0.004188089121801483,-0.004179331306990881,-0.2686307690241131
2025-01-22,RELIANCE,RELIANCE,1278.30004882812,-0.024877635391785603,-0.024570737254391455,-1.444171426986676
2025-01-23,RELIANCE,RELIANCE,1270,-0.006514207919038463,-0.006493036463331952,-0.40079641372798525
2025-01-24,RELIANCE,RELIANCE,1266,-0.0031545767485154324,-0.0031496062992125984,-0.20990856219313334
2025-01-27,RELIANCE,RELIANCE,1239.09997558594,-0.02147703378473319,-0.021248044560868876,-1.2509557131929676
2025-01-28,RELIANCE,RELIANCE,1238,-8.881156748469795e-4,-8.877214168451982e-4,-0.08113255584580827
2025-01-29,RELIANCE,RELIANCE,1236,-0.0016168152269052834,-0.0016155088852988692,-0.1225358780697664
2025-01-30,RELIANCE,RELIANCE,1235.55004882812,-3.6410444292985346e-4,-3.640381649514581e-4,-0.05135923456029975
2025-01-31,RELIANCE,RELIANCE,1255.84997558594,0.016296360129635392,0.016429870062385443,0.8952566665341013
2025-02-01,RELIANCE,RELIANCE,1265.09997558594,0.007338536418155555,0.007365529465957302,0.3862901651767113
2025-02-03,RELIANCE,RELIANCE,1251,-0.011207919655585874,-0.011145344919803273,-0.667484184985319
2025-02-04,RELIANCE,RELIANCE,1248.05004882812,-0.0023608591139908726,-0.0023580744779216644,-0.164811036217944
2025-02-05,RELIANCE,RELIANCE,1282.65002441406,0.027345896951231324,0.027723227620902142,1.5230703274013206
2025-02-06,RELIANCE,RELIANCE,1273.69995117188,-0.007002257044090643,-0.006977798364186339,-0.42852643651800826
2025-02-07,RELIANCE,RELIANCE,1276.15002441406,0.0019217397256039996,0.001923587450816641,0.07851808236165497
2025-02-10,RELIANCE,RELIANCE,1264.5,-0.009170964875645329,-0.009129039839504034,-0.5517482896203632
2025-02-11,RELIANCE,RELIANCE,1264.55004882812,3.957915198208884e-5,3.95799352471315e-5,-0.028422700690538774
2025-02-12,RELIANCE,RELIANCE,1219.44995117188,-0.03631646889767221,-0.03566493686670213,-2.0941041848327226
2025-02-13,RELIANCE,RELIANCE,1217.05004882812,-0.001969959466346371,-0.001968020369719742,-0.14260086191093133
2025-02-14,RELIANCE,RELIANCE,1219,0.0016009125832880992,0.0016021947279469585,0.06028929449705905
2025-02-17,RELIANCE,RELIANCE,1211.09997558594,-0.006501833112849965,-0.006480741931140278,-0.4000933007829668
2025-02-18,RELIANCE,RELIANCE,1224.84997558594,0.01128935020103994,0.011353315396895816,0.6107678880428414
2025-02-19,RELIANCE,RELIANCE,1219.5,-0.0043774289134864254,-0.004367861936218512,-0.2793886957756882
2025-02-20,RELIANCE,RELIANCE,1223.94995117188,0.003642355014837827,0.003648996450906111,0.17628016968885724
2025-02-21,RELIANCE,RELIANCE,1228.69995117188,0.0038733664630522394,0.003880877641648727,0.18940580068564872
2025-02-24,RELIANCE,RELIANCE,1216.55004882812,-0.009937636097626481,-0.009888420954336298,-0.5953090898896374
2025-02-25,RELIANCE,RELIANCE,1211,-0.004572559483146252,-0.004562121248908959,-0.29047564351505484
2025-02-27,RELIANCE,RELIANCE,1212.80004882812,0.0014853115956670868,0.0014864152172749776,0.053721066307044166
2025-02-28,RELIANCE,RELIANCE,1202,-0.008944940053606505,-0.008905053094741917,-0.5389059892359964
2025-03-03,RELIANCE,RELIANCE,1204,0.0016625107736134572,0.0016638935108153079,0.06378918648306296
2025-03-04,RELIANCE,RELIANCE,1162.19995117188,-0.035334628241288156,-0.03471764852833887,-2.03831786665258
2025-03-05,RELIANCE,RELIANCE,1161,-0.0010330159295867608,-0.0010324825523095717,-0.08936551265273762
2025-03-06,RELIANCE,RELIANCE,1197,0.030536723860081702,0.031007751937984496,1.7043670419318082
2025-03-07,RELIANCE,RELIANCE,1216,0.015748356968139112,0.015873015873015872,0.8641201694536655
2025-03-10,RELIANCE,RELIANCE,1245,0.023568746372695685,0.023848684210526317,1.3084598174184514
2025-03-11,RELIANCE,RELIANCE,1240,-0.004024150299725491,-0.004016064257028112,-0.25931607704131177
2025-03-12,RELIANCE,RELIANCE,1258,0.014411778661303184,0.014516129032258065,0.7881783328501313
2025-03-13,RELIANCE,RELIANCE,1260.05004882812,0.0016282831884270427,0.0016296095613036548,0.061844440209488045
2025-03-17,RELIANCE,RELIANCE,1242.15002441406,-0.014307672646314825,-0.014205804309683967,-0.843606252752914
2025-03-18,RELIANCE,RELIANCE,1238.84997558594,-0.002660258584697176,-0.002656723232507022,-0.18182234454703677
2025-03-19,RELIANCE,RELIANCE,1241.05004882812,0.0017743246080204633,0.0017758996533373027,0.07014223583237718
2025-03-20,RELIANCE,RELIANCE,1251.84997558594,0.008664602847540085,0.00870224917038438,0.46163473690191587
2025-03-21,RELIANCE,RELIANCE,1275,0.018323740919165055,0.018492650769293992,1.0104485859780743
2025-03-24,RELIANCE,RELIANCE,1291,0.012470933254115892,0.012549019607843137,0.6779031892004819
2025-03-25,RELIANCE,RELIANCE,1307.69995117188,0.012852719726882473,0.012935670930968243,0.6995955702484098
2025-03-26,RELIANCE,RELIANCE,1291,-0.012852719726882428,-0.012770476252533722,-0.7609385958649786
2025-03-27,RELIANCE,RELIANCE,1278.15002441406,-0.010003372803476546,-0.009953505488721922,-0.5990441244543822
2025-03-28,RELIANCE,RELIANCE,1280,0.0014463388704969312,0.0014473853230086054,0.05150671020704671
2025-04-01,RELIANCE,RELIANCE,1264.59997558594,-0.012104230594906989,-0.012031269073484374,-0.718410867359074
2025-04-02,RELIANCE,RELIANCE,1247.55004882812,-0.013574180196741614,-0.013482466461317214,-0.8019306072104694
2025-04-03,RELIANCE,RELIANCE,1233.05004882812,-0.011690852679990376,-0.011622780195167723,-0.6949235206697335
2025-04-04,RELIANCE,RELIANCE,1241.09997558594,0.006507249022143699,0.00652846716600886,0.3390579968288979
2025-04-07,RELIANCE,RELIANCE,1132.19995117188,-0.09183546398837103,-0.08774476396443956,-5.248587863047794
2025-04-08,RELIANCE,RELIANCE,1172,0.03454909166116135,0.03515284450147262,1.9323421470075461
2025-04-09,RELIANCE,RELIANCE,1169.5,-0.002135384112724157,-0.0021331058020477816,-0.15199997560383474
2025-04-11,RELIANCE,RELIANCE,1195.15002441406,0.021695413904186892,0.021932470640495937,1.202020630503641
2025-04-15,RELIANCE,RELIANCE,1251,0.04567151053849066,0.04673051453378941,2.5642968276261158
2025-04-16,RELIANCE,RELIANCE,1234.09997558594,-0.013601291790659806,-0.013509212161518784,-0.8034710363980946
2025-04-17,RELIANCE,RELIANCE,1240.19995117188,0.004930677868359561,0.004942853663896869,0.24948022323929736
2025-04-21,RELIANCE,RELIANCE,1270,0.023744282908026167,0.024028422836141518,1.3184334694041515
2025-04-22,RELIANCE,RELIANCE,1300,0.023347363996991107,0.023622047244094488,1.2958812920027136
2025-04-23,RELIANCE,RELIANCE,1297,-0.0023103591331842584,-0.002307692307692308,-0.16194172338286125
2025-04-24,RELIANCE,RELIANCE,1292.40002441406,-0.003552931475618068,-0.0035466272829144186,-0.23254231993194371
2025-04-25,RELIANCE,RELIANCE,1303.5,0.008551980532730503,0.00858865318497068,0.4552357512342314
2025-04-28,RELIANCE,RELIANCE,1340,0.027616659571400713,0.028001534330648253,1.5384545443634567
2025-04-29,RELIANCE,RELIANCE,1371,0.022870786617357437,0.023134328358208955,1.2688030719627985
2025-04-30,RELIANCE,RELIANCE,1402,0.022359388032220966,0.02261123267687819,1.2397463772722719
2025-05-02,RELIANCE,RELIANCE,1414,0.008522778861982615,0.008559201141226819,0.4535765678574369
2025-05-05,RELIANCE,RELIANCE,1431,0.011950933099932759,0.012022630834512023,0.6483577697208914
2025-05-06,RELIANCE,RELIANCE,1431,0,0,-0.030671512808285655
2025-05-07,RELIANCE,RELIANCE,1420.90002441406,-0.007083009730311554,-0.007057984336785466,-0.43311465052007614
2025-05-08,RELIANCE,RELIANCE,1404.09997558594,-0.011893980093236165,-0.011823526313927593,-0.7064648338479549
2025-05-09,RELIANCE,RELIANCE,1385.5,-0.013335425429870058,-0.013246902577701499,-0.7883650155789569
2025-05-12,RELIANCE,RELIANCE,1400,0.010411151300316973,0.010465535907614579,0.5608702972447486
2025-05-13,RELIANCE,RELIANCE,1433.5,0.023646769720074633,0.023928571428571428,1.3128929555799853
2025-05-14,RELIANCE,RELIANCE,1420,-0.009462134728118096,-0.009417509591907918,-0.5682920066979712
2025-05-15,RELIANCE,RELIANCE,1425,0.003514942107444592,0.0035211267605633804,0.16904081068912594
2025-05-16,RELIANCE,RELIANCE,1453.19995117188,0.019596174043882506,0.01978943941886316,1.0827458153674774
2025-05-19,RELIANCE,RELIANCE,1452.09997558594,-7.572200228747657e-4,-7.569334041423316e-4,-0.07369531392489238
2025-05-20,RELIANCE,RELIANCE,1438.19995117188,-0.009618470006220813,-0.009572360476386049,-0.5771746797776728
2025-05-21,RELIANCE,RELIANCE,1423.90002441406,-0.009992694784679998,-0.009942933697201199,-0.5984374197408988
2025-05-22,RELIANCE,RELIANCE,1421.19995117188,-0.0018980521429524228,-0.0018962519810975399,-0.13851522459671517
2025-05-23,RELIANCE,RELIANCE,1406.59997558594,-0.010326123272777142,-0.01027299189948697,-0.6173821920991899
2025-05-26,RELIANCE,RELIANCE,1432,0.01789664100346272,0.018057745524614588,0.986181581309689
2025-05-27,RELIANCE,RELIANCE,1426.09997558594,-0.004128639897328453,-0.004120128780768156,-0.26525297718951024
2025-05-28,RELIANCE,RELIANCE,1420.09997558594,-0.004216154164084555,-0.004207278663990431,-0.27022537133393043
2025-05-29,RELIANCE,RELIANCE,1412.09997558594,-0.005649333673158049,-0.005633406195010434,-0.3516559044683824
2025-05-30,RELIANCE,RELIANCE,1418,0.004169487306052974,0.004178191711682332,0.20623082362597922
2025-06-02,RELIANCE,RELIANCE,1412.09997558594,-0.004169487306052968,-0.00416080706210155,-0.26757384924255023
2025-06-03,RELIANCE,RELIANCE,1422.30004882812,0.0071973731205564485,0.007223336462382952,0.3782695351650921
2025-06-04,RELIANCE,RELIANCE,1414.69995117188,-0.005357853956511092,-0.005343526256996171,-0.33509458149790194
2025-06-05,RELIANCE,RELIANCE,1428,0.009357403949464679,0.009401321331143596,0.5009983774847526
2025-06-06,RELIANCE,RELIANCE,1441,0.009062453099992361,0.009103641456582634,0.48423983135083726
2025-06-09,RELIANCE,RELIANCE,1457,0.011042210195682703,0.011103400416377515,0.5967258631131792
2025-06-10,RELIANCE,RELIANCE,1450,-0.0048159707805847,-0.004804392587508579,-0.30430581035450066
2025-06-11,RELIANCE,RELIANCE,1445.80004882812,-0.002900721076034851,-0.0028965180495724155,-0.1954849658338314
2025-06-12,RELIANCE,RELIANCE,1453.5,0.005311605660345356,0.0053257372470841505,0.27112381567886956
2025-06-13,RELIANCE,RELIANCE,1424,-0.0205046280270095,-0.020295837633298935,-1.195705468005161
2025-06-16,RELIANCE,RELIANCE,1426.90002441406,0.0020344630744688736,0.0020365339986376397,0.08492280859214757
2025-06-17,RELIANCE,RELIANCE,1448,0.014679017899271717,0.014787283779467635,0.8033623579387194
2025-06-18,RELIANCE,RELIANCE,1430,-0.012508849691708764,-0.012430939226519336,-0.7414005546664574
2025-06-19,RELIANCE,RELIANCE,1430.09997558594,6.991055336117477e-5,6.991299716083993e-5,-0.026699328168550425
2025-06-20,RELIANCE,RELIANCE,1431,6.291457491367332e-4,6.293437028353498e-4,0.00507535173110343
2025-06-23,RELIANCE,RELIANCE,1453,0.015256884013831967,0.015373864430468204,0.8361956111990843
2025-06-24,RELIANCE,RELIANCE,1465,0.008224857880884794,0.008258774948382657,0.4366492644951262
2025-06-25,RELIANCE,RELIANCE,1464,-6.828269299107778e-4,-6.825938566552901e-4,-0.0694684399127914
2025-06-26,RELIANCE,RELIANCE,1469.09997558594,0.0034775362367457487,0.003483589881106558,0.16691548027930567
2025-06-27,RELIANCE,RELIANCE,1499.40002441406,0.0204150925935119,0.020624905950348982,1.1292752093951128
2025-06-30,RELIANCE,RELIANCE,1513.80004882812,0.009558033778882934,0.009603857662792344,0.5123977827014545
2025-07-01,RELIANCE,RELIANCE,1500.59997558594,-0.008758066288301416,-0.008719826143749028,-0.5282881774118005
2025-07-02,RELIANCE,RELIANCE,1528.40002441406,0.018356440704255097,0.018525955804620683,1.0123065255567565
2025-07-03,RELIANCE,RELIANCE,1520.80004882812,-0.004984908265267396,-0.004972504229613311,-0.3139045168368439
2025-07-04,RELIANCE,RELIANCE,1524,0.00210191296550789,0.0021041235331007405,0.08875518308005698
2025-07-07,RELIANCE,RELIANCE,1526.59997558594,0.0017045671253376438,0.0017060207256824153,0.06617874837737478
2025-07-08,RELIANCE,RELIANCE,1536,0.00613861033568829,0.006157490216421678,0.31811264798599265
2025-07-09,RELIANCE,RELIANCE,1536.69995117188,4.55593579008712e-4,4.556973775260431e-4,-0.004785552398974498
2025-07-10,RELIANCE,RELIANCE,1519.69995117188,-0.011124313477171887,-0.011062667104945165,-0.6627338409855041
2025-07-11,RELIANCE,RELIANCE,1512,-0.005079637069975995,-0.005066757530618048,-0.3192868273023328
2025-07-14,RELIANCE,RELIANCE,1492.19995117188,-0.013181769424300526,-0.013095270388968253,-0.7796345736673739
2025-07-15,RELIANCE,RELIANCE,1486.19995117188,-0.004029014446149414,-0.004020908856945061,-0.2595924485872601
2025-07-16,RELIANCE,RELIANCE,1473,-0.008921356406398167,-0.008881679185544139,-0.5375660112686368
2025-07-17,RELIANCE,RELIANCE,1487.40002441406,0.009728508220486412,0.009775983987820773,0.5220838161520328
2025-07-18,RELIANCE,RELIANCE,1484.80004882812,-0.0017495297658631035,-0.001748000230781376,-0.1300764656888391
2025-07-21,RELIANCE,RELIANCE,1465,-0.013424873466085787,-0.01333516175713168,-0.7934472828251481
2025-07-22,RELIANCE,RELIANCE,1427.40002441406,-0.026000617810333655,-0.025665512345351537,-1.507977151575985
2025-07-23,RELIANCE,RELIANCE,1426,-9.813026665928255e-4,-9.808213465841164e-4,-0.08642726343199585
2025-07-24,RELIANCE,RELIANCE,1419.19995117188,-0.004780023824310055,-0.00476861769152875,-0.3022633726867325
2025-07-25,RELIANCE,RELIANCE,1398.90002441406,-0.01440706721521965,-0.014303782029486182,-0.8492536630635884
2025-07-28,RELIANCE,RELIANCE,1392.30004882812,-0.004729139949358164,-0.004717975173890251,-0.2993722477166596
2025-07-29,RELIANCE,RELIANCE,1383,-0.006702038320595214,-0.006679629750747852,-0.4114685798040355
2025-07-30,RELIANCE,RELIANCE,1418.09997558594,0.02506287758650647,0.025379591891496748,1.3933535104577082
2025-07-31,RELIANCE,RELIANCE,1388.09997558594,-0.021382042258314526,-0.021155067002666297,-1.245558475379731
2025-08-01,RELIANCE,RELIANCE,1386.90002441406,-8.64829727329677e-4,-8.64455869883207e-4,-0.0798094926085306
2025-08-04,RELIANCE,RELIANCE,1395.09997558594,0.0058950215085778225,0.0059124313415051906,0.3042723942483264
2025-08-05,RELIANCE,RELIANCE,1411,0.011332593078615652,0.011397050170101258,0.6132248660787154
2025-08-06,RELIANCE,RELIANCE,1391.90002441406,-0.013628935079362997,-0.013536481634259391,-0.8050416754718738
2025-08-07,RELIANCE,RELIANCE,1387.69995117188,-0.003022072582852774,-0.003017510718090602,-0.20237992758446427
2025-08-08,RELIANCE,RELIANCE,1385,-0.0019475255691593645,-0.0019456303717528829,-0.14132621055242675
2025-08-11,RELIANCE,RELIANCE,1370,-0.01088939979926832,-0.010830324909747292,-0.6493864927216227
2025-08-12,RELIANCE,RELIANCE,1381.90002441406,0.00864864165429194,0.008686149207343065,0.46072785226713714
2025-08-13,RELIANCE,RELIANCE,1388,0.004404480590287377,0.004414194571366662,0.21958269497013053
2025-08-14,RELIANCE,RELIANCE,1377.30004882812,-0.007738765691405964,-0.007708898538818445,-0.4703734566779546
2025-08-18,RELIANCE,RELIANCE,1390,0.009178650749393554,0.00922090374039106,0.490841960728075
2025-08-19,RELIANCE,RELIANCE,1390,0,0,-0.030671512808285655
2025-08-20,RELIANCE,RELIANCE,1413,0.016411356559789984,0.016546762589928057,0.9017905449190224
2025-08-21,RELIANCE,RELIANCE,1425,0.008456710018223458,0.008492569002123142,0.4498226618485776
2025-08-22,RELIANCE,RELIANCE,1420,-0.003514942107444497,-0.0035087719298245615,-0.23038383630569187
2025-08-25,RELIANCE,RELIANCE,1414.69995117188,-0.0037394116452412742,-0.0037324287521971816,-0.24313776839829637
2025-08-26,RELIANCE,RELIANCE,1408,-0.004747202232077402,-0.004735952076855615,-0.3003985122579407
2025-08-28,RELIANCE,RELIANCE,1389.90002441406,-0.01293843806193981,-0.012855096296832387,-0.7658089485869711
2025-08-29,RELIANCE,RELIANCE,1381.09997558594,-0.006351554249422277,-0.006331425766993445,-0.391554741662995
2025-09-01,RELIANCE,RELIANCE,1356,-0.018341075906284705,-0.018173901983664278,-1.072776552583611
2025-09-02,RELIANCE,RELIANCE,1354.80004882812,-8.853115158922683e-4,-8.849197432743379e-4,-0.08097322886881046
2025-09-03,RELIANCE,RELIANCE,1369.69995117188,0.010937824107556587,0.01099786079624678,0.5907948441765322
2025-09-04,RELIANCE,RELIANCE,1371.80004882812,0.0015320795674127075,0.0015332538009096123,0.056378333487290724
2025-09-05,RELIANCE,RELIANCE,1363,-0.006435628962885215,-0.006414964655845848,-0.39633170693292075
2025-09-08,RELIANCE,RELIANCE,1380,0.01239534645471773,0.012472487160674981,0.6736084910597735
2025-09-09,RELIANCE,RELIANCE,1376.59997558594,-0.0024668259220296156,-0.0024637858072898543,-0.1708318686527653
2025-09-10,RELIANCE,RELIANCE,1383.90002441406,0.005288944644154979,0.005302955802402062,0.269836259850679
2025-09-11,RELIANCE,RELIANCE,1376,-0.005724878380086841,-0.005708522490564194,-0.3559482109950605
2025-09-12,RELIANCE,RELIANCE,1383.30004882812,0.005291244685766614,0.005305268043691858,0.2699669438393079
2025-09-15,RELIANCE,RELIANCE,1393,0.006987710600750097,0.007012181616054621,0.3663569096648985
2025-09-16,RELIANCE,RELIANCE,1404.69995117188,0.008364027296525417,0.008399103497401294,0.4445566059271511
2025-09-17,RELIANCE,RELIANCE,1407,0.0016360560380580338,0.0016373951079026998,0.062286078737961506
2025-09-18,RELIANCE,RELIANCE,1420.40002441406,0.00947876114270191,0.009523826875664533,0.5078936623269124
2025-09-19,RELIANCE,RELIANCE,1414.90002441406,-0.0038796648002123496,-0.003872148623954612,-0.25110668583730356
2025-09-22,RELIANCE,RELIANCE,1403.90002441406,-0.00780477908880296,-0.0077744008835927,-0.4741242123300006
2025-09-23,RELIANCE,RELIANCE,1391,-0.009231182444632684,-0.009188705883415046,-0.5551697373285228
2025-09-24,RELIANCE,RELIANCE,1385.30004882812,-0.004106155012284659,-0.004097736284601008,-0.2639754287979856
2025-09-25,RELIANCE,RELIANCE,1381.30004882812,-0.002891637855849249,-0.002887461097964847,-0.19496887454337655
2025-09-26,RELIANCE,RELIANCE,1372,-0.006755590769478475,-0.006732823064771523,-0.4145113280680256
2025-09-29,RELIANCE,RELIANCE,1381.59997558594,0.006972700875778267,0.0069970667536005835,0.3655040856474467
2025-09-30,RELIANCE,RELIANCE,1377.09997558594,-0.003262409157132393,-0.0032570932828017304,-0.21603539450357273
2025-10-01,RELIANCE,RELIANCE,1367,-0.007361263280526958,-0.007334235542080072,-0.44892448787620914
2025-10-03,RELIANCE,RELIANCE,1363.19995117188,-0.0027837164676489095,-0.002779845521667884,-0.18883698658228992
2025-10-06,RELIANCE,RELIANCE,1360,-0.0023501415262029133,-0.0023473821057058814,-0.16420208326964722
2025-10-07,RELIANCE,RELIANCE,1376,0.011696039763191236,0.011764705882352941,0.6338752152524009
2025-10-08,RELIANCE,RELIANCE,1384.80004882812,0.006375020628761815,0.006395384322761626,0.33154503107657585
2025-10-09,RELIANCE,RELIANCE,1374,-0.007829566339756205,-0.0077989951237071985,-0.4755325767723341
2025-10-10,RELIANCE,RELIANCE,1377.80004882812,0.002761865815993193,0.0027656832810189214,0.12625244850869885
2025-10-13,RELIANCE,RELIANCE,1376.90002441406,-6.534464167824366e-4,-6.532329671678481e-4,-0.06779909505218057
2025-10-14,RELIANCE,RELIANCE,1380,0.0022488859697450793,0.0022514166104828097,0.09710590957009967
2025-10-15,RELIANCE,RELIANCE,1383,0.0021715535135079325,0.002173913043478261,0.09271202652884791
2025-10-16,RELIANCE,RELIANCE,1375.09997558594,-0.0057286146902481225,-0.005712237464974692,-0.35616050103023233
2025-10-17,RELIANCE,RELIANCE,1401,0.01865982936249692,0.018835011907424266,1.0295444919323355
2025-10-20,RELIANCE,RELIANCE,1440,0.02745684623303929,0.027837259100642397,1.5293742545167366
2025-10-21,RELIANCE,RELIANCE,1468,0.01925781660441452,0.019444444444444445,1.063520989369443
2025-10-23,RELIANCE,RELIANCE,1475,0.004757059599459241,0.004768392370572207,0.23961556350272786
2025-10-24,RELIANCE,RELIANCE,1450,-0.017094433359300068,-0.01694915254237288,-1.0019446947553643
2025-10-27,RELIANCE,RELIANCE,1463,0.008925565605504306,0.00896551724137931,0.47646214433743045
2025-10-28,RELIANCE,RELIANCE,1484.09997558594,0.01431938943123367,0.014422402997908408,0.7829289525646808
2025-10-29,RELIANCE,RELIANCE,1490,0.003967608488146829,0.003975489866665216,0.19476045325954988
2025-10-30,RELIANCE,RELIANCE,1500,0.00668898815079671,0.006711409395973154,0.3493840683669795
2025-10-31,RELIANCE,RELIANCE,1490.40002441406,-0.006420551422045252,-0.006399983723960001,-0.3954750297468589
2025-11-03,RELIANCE,RELIANCE,1486,-0.0029566103905516792,-0.002952243922426019,-0.1986604903573201
2025-11-04,RELIANCE,RELIANCE,1483.90002441406,-0.0014141728129923401,-0.001413173341816959,-0.111022121630944
2025-11-06,RELIANCE,RELIANCE,1484,6.737126261347149e-5,6.737353210805287e-5,-0.02684360583792803
2025-11-07,RELIANCE,RELIANCE,1494.59997558594,0.007117451434018477,0.007142840691334232,0.37372853698406244
2025-11-10,RELIANCE,RELIANCE,1477.90002441406,-0.011236418421391132,-0.011173525655473792,-0.669103430640524
2025-11-11,RELIANCE,RELIANCE,1497,0.012840927679675354,0.012923726416144102,0.6989255685600358
2025-11-12,RELIANCE,RELIANCE,1505,0.005329792763347826,0.005344021376085505,0.2721571722711779
2025-11-13,RELIANCE,RELIANCE,1515,0.006622540760493457,0.006644518272425249,0.34560865406365543
2025-11-14,RELIANCE,RELIANCE,1505.5,-0.006290370021681039,-0.006270627062706271,-0.38807837024347225
2025-11-17,RELIANCE,RELIANCE,1520.90002441406,0.01017721200891119,0.010229175964171371,0.547578311767937
2025-11-18,RELIANCE,RELIANCE,1521.69995117188,5.258179074931518e-4,5.259561739623103e-4,-7.955396536809316e-4
2025-11-19,RELIANCE,RELIANCE,1517.40002441406,-0.0028297388448156858,-0.0028257389076661115,-0.1914518904970327
2025-11-20,RELIANCE,RELIANCE,1530,0.008269375393103795,0.008303661119819375,0.4391786648464864
2025-11-21,RELIANCE,RELIANCE,1541,0.007163820933634578,0.00718954248366013,0.3763631637359882
2025-11-24,RELIANCE,RELIANCE,1550,0.0058233745931766,0.005840363400389357,0.30020155282084027
2025-11-25,RELIANCE,RELIANCE,1535.90002441406,-0.009138386596104735,-0.009096758442541937,-0.5498972537558406
2025-11-26,RELIANCE,RELIANCE,1542.30004882812,0.004158296071668594,0.004166953781058493,0.20559495897916902
2025-11-27,RELIANCE,RELIANCE,1575,0.020980431870877097,0.021202068428076808,1.1613967115979
2025-11-28,RELIANCE,RELIANCE,1568,-0.004454350349380309,-0.0044444444444444444,-0.2837592254229867
2025-12-01,RELIANCE,RELIANCE,1575,0.004454350349380375,0.004464285714285714,0.22241619980641916
2025-12-02,RELIANCE,RELIANCE,1561.09997558594,-0.00886458693612361,-0.0088254123263873,-0.5343404779694577
2025-12-03,RELIANCE,RELIANCE,1545.19995117188,-0.010237365131354717,-0.010185141671078509,-0.6123391233626548
2025-12-04,RELIANCE,RELIANCE,1536,-0.005971685484637677,-0.005953890410689411,-0.3699713211342346
2025-12-05,RELIANCE,RELIANCE,1530.40002441406,-0.0036524796288431726,-0.0036458174387630216,-0.23819845661150793
2025-12-08,RELIANCE,RELIANCE,1539.19995117188,0.005733614109616351,0.005750082734864831,0.29510153291095303
2025-12-09,RELIANCE,RELIANCE,1540.30004882812,7.144651424168154e-4,7.147204334319456e-4,0.009923037340281918
2025-12-10,RELIANCE,RELIANCE,1534,-0.004098531403605998,-0.004090143886519484,-0.2635422698564981
2025-12-11,RELIANCE,RELIANCE,1536.90002441406,0.0018887135713271431,0.0018904983142503252,0.0766415991066832
2025-12-12,RELIANCE,RELIANCE,1550.80004882812,0.00900354178400713,0.009044195584133297,0.4808926024531601
2025-12-15,RELIANCE,RELIANCE,1551.19995117188,2.5783516826275945e-4,2.5786841060663834e-4,-0.016021809069484184
2025-12-16,RELIANCE,RELIANCE,1545,-0.004004883118952651,-0.003996874269623426,-0.25822135248489914
2025-12-17,RELIANCE,RELIANCE,1550,0.00323102058144654,0.003236245954692557,0.15290892973213766
2025-12-18,RELIANCE,RELIANCE,1535.19995117188,-0.009594297025508734,-0.009548418598787096,-0.5758012170018159
2025-12-19,RELIANCE,RELIANCE,1554.40002441406,0.01242900088186713,0.01250656191561484,0.6755206715840973
2025-12-22,RELIANCE,RELIANCE,1573.5,0.012212802734810917,0.012287683534449149,0.6632367041773561
2025-12-23,RELIANCE,RELIANCE,1580.90002441406,0.0046918830408202725,0.004702907158601843,0.2359123554368582
2025-12-24,RELIANCE,RELIANCE,1572.69995117188,-0.005200464095922489,-0.005186965093013549,-0.3261519890476566
2025-12-26,RELIANCE,RELIANCE,1554.69995117188,-0.01151128690044429,-0.011445285533701135,-0.684720934693191
2025-12-29,RELIANCE,RELIANCE,1554.90002441406,1.2868101622508463e-4,1.2868929598228152e-4,-0.0233601022772589
2025-12-30,RELIANCE,RELIANCE,1547,-0.0050936789920741615,-0.005080728207613863,-0.32008466260171226
