date,ticker,company,adj_close,log_ret,simple_ret,z_ret
2020-01-01,LT,LT,1308.40002441406,NA,NA,NA
2020-01-02,LT,LT,1312,0.0027476551803284964,0.0027514334444866556,0.11239529996074504
2020-01-03,LT,LT,1344.94995117188,0.0248041108149332,0.025114292051737805,1.359020002137933
2020-01-06,LT,LT,1331,-0.010426261923855923,-0.010372096864812812,-0.6321908093661172
2020-01-07,LT,LT,1328,-0.002256488358732504,-0.002253944402704733,-0.17043749295846153
2020-01-08,LT,LT,1302,-0.01977250726786463,-0.01957831325301205,-1.1604379815985384
2020-01-09,LT,LT,1311,0.006888660995185316,0.0069124423963133645,0.34644379017060034
2020-01-10,LT,LT,1319,0.006083668953614737,0.006102212051868803,0.30094586517745286
2020-01-13,LT,LT,1329,0.007552905995930672,0.0075815011372251705,0.38398673179027304
2020-01-14,LT,LT,1329.80004882812,6.018119735023808e-4,6.019930986606454e-4,-0.008887157789701722
2020-01-15,LT,LT,1325.59997558594,-0.0031634229917603313,-0.003158424641269408,-0.22169718470234565
2020-01-16,LT,LT,1327.69995117188,0.0015829164303979232,0.0015841699039046621,0.0465645916501868
2020-01-17,LT,LT,1320.59997558594,-0.005361924852011063,-0.005347575391317356,-0.3459558948131
2020-01-20,LT,LT,1313.94995117188,-0.0050483298645083476,-0.0050356084635768935,-0.3282315938476046
2020-01-21,LT,LT,1304.75,-0.007026378885343003,-0.007001751599195075,-0.4400303711462163
2020-01-22,LT,LT,1311,0.004778753240177126,0.004790189691511784,0.22719239410396463
2020-01-23,LT,LT,1307,-0.0030557701394778847,-0.0030511060259344014,-0.21561267560721353
2020-01-24,LT,LT,1332,0.018947137476112392,0.019127773527161437,1.0279855075153306
2020-01-27,LT,LT,1340,0.005988041844622693,0.006006006006006006,0.2955410477288942
2020-01-28,LT,LT,1350.90002441406,0.008101441103118974,0.008134346577656715,0.41498978259592917
2020-01-29,LT,LT,1353.09997558594,0.0016271831784656695,0.0016285077593615486,0.04906653586735865
2020-01-30,LT,LT,1365.94995117188,0.009451883266557591,0.0094966933839279,0.4913163958874556
2020-01-31,LT,LT,1375.94995117188,0.007294244643832643,0.007320912447356339,0.36936726453017293
2020-02-03,LT,LT,1290,-0.06450214778121402,-0.06246589935824153,-3.6885447503017783
2020-02-04,LT,LT,1296,0.004640379556502301,0.004651162790697674,0.21937155221268398
2020-02-05,LT,LT,1297.90002441406,0.0014649945919252907,0.0014660682207253079,0.03989968232833299
2020-02-06,LT,LT,1322.90002441406,0.019078722419143972,0.019261884220463214,1.0354226516846043
2020-02-07,LT,LT,1313.05004882812,-0.007473602427602219,-0.007445744503862082,-0.4653073206439779
2020-02-10,LT,LT,1300,-0.009988448046058942,-0.009938729174692918,-0.6074456914714087
2020-02-11,LT,LT,1292,-0.0061728591070809675,-0.006153846153846154,-0.39178967205089593
2020-02-12,LT,LT,1289.09997558594,-0.002247123832329287,-0.002244600939674922,-0.1699082125458768
2020-02-13,LT,LT,1299,0.007650456160381647,0.0076797956726049115,0.389500239795396
2020-02-14,LT,LT,1295,-0.003084042536961445,-0.003079291762894534,-0.21721062360378474
2020-02-17,LT,LT,1297,0.0015432101828057106,0.0015444015444015444,0.044320405644092675
2020-02-18,LT,LT,1281.5,-0.012022638512318112,-0.011950655358519661,-0.7224175675598518
2020-02-19,LT,LT,1298,0.012793351459909542,0.012875536480686695,0.680175243400404
2020-02-20,LT,LT,1279.90002441406,-0.014042649327314827,-0.013944511237241912,-0.8365880137256965
2020-02-24,LT,LT,1271.90002441406,-0.0062701042843294474,-0.006250488200172049,-0.39728594226465397
2020-02-25,LT,LT,1262.19995117188,-0.007655673187183671,-0.007626443160616052,-0.47559790904124966
2020-02-26,LT,LT,1235,-0.021785221403129777,-0.02154963731905267,-1.2741960214672001
2020-02-27,LT,LT,1212.34997558594,-0.018510365381323248,-0.018340100740129553,-1.0891020752552523
2020-02-28,LT,LT,1189.65002441406,-0.018901437961263517,-0.018723925952907207,-1.1112053880709716
2020-03-02,LT,LT,1205,0.012820400205264617,0.012902933863680074,0.6817040309209899
2020-03-03,LT,LT,1166,-0.032900479014317675,-0.03236514522821577,-1.9024272721596311
2020-03-04,LT,LT,1185,0.01616368665879388,0.016295025728987993,0.8706656459905019
2020-03-05,LT,LT,1180.09997558594,-0.004143614625656822,-0.004135041699628691,-0.2770973416416898
2020-03-06,LT,LT,1148,-0.027577862064062913,-0.02720106452845388,-1.6015944511326499
2020-03-09,LT,LT,1135.80004882812,-0.01068400644611182,-0.01062713516714286,-0.646758457660023
2020-03-11,LT,LT,1090,-0.041159595210210516,-0.040324041960884696,-2.369230209064785
2020-03-12,LT,LT,1070,-0.018519047767237527,-0.01834862385321101,-1.089592801278231
2020-03-13,LT,LT,950,-0.11895194286136536,-0.11214953271028037,-6.766031935908655
2020-03-16,LT,LT,1014.25,0.06544271749197016,0.06763157894736842,3.6559026828789913
2020-03-17,LT,LT,972,-0.04254889762611758,-0.041656396351984225,-2.447753192954677
2020-03-18,LT,LT,968,-0.004123717183862041,-0.00411522633744856,-0.27597274379775566
2020-03-19,LT,LT,873.900024414062,-0.10226610670617295,-0.09721071858051442,-5.822953144277731
2020-03-20,LT,LT,849,-0.02890679425905678,-0.028492989722430972,-1.6767053270250898
2020-03-23,LT,LT,809,-0.04826026925285563,-0.04711425206124853,-2.7705583195424226
2020-03-24,LT,LT,755,-0.06908116780946703,-0.06674907292954264,-3.9473496813183657
2020-03-25,LT,LT,697.200012207031,-0.07964541809450862,-0.07655627522247546,-4.544438152081237
2020-03-26,LT,LT,787.75,0.12210844948286799,0.12987662967234787,6.858634002773191
2020-03-27,LT,LT,867.900024414062,0.09689574814285512,0.1017455086182952,5.433619176285669
2020-03-30,LT,LT,801,-0.08021558171187981,-0.07708263916598883,-4.576663640231858
2020-03-31,LT,LT,820,0.023443393189939633,0.02372034956304619,1.2821126226338797
2020-04-01,LT,LT,806.849975585938,-0.016166593129427215,-0.016036615139100055,-0.9566327232480791
2020-04-03,LT,LT,791.099975585938,-0.019713395962426467,-0.019520357534326356,-1.1570970271515535
2020-04-07,LT,LT,805,0.01741792625211826,0.01757050289853292,0.9415549169318285
2020-04-08,LT,LT,804,-0.0012430082395970253,-0.0012422360248447205,-0.11315588014585923
2020-04-09,LT,LT,834.349975585938,0.03705368015276911,0.03774872585315666,2.051362234296948
2020-04-13,LT,LT,812.799987792969,-0.026167887526011086,-0.025828475368307038,-1.5219030846821588
2020-04-15,LT,LT,890.950012207031,0.09180326106883957,0.09614914565422938,5.145793231484924
2020-04-16,LT,LT,875.950012207031,-0.01697929725697076,-0.01683596138333565,-1.0025665331829636
2020-04-17,LT,LT,930,0.059875560529708445,0.06170442038899618,3.341248528783415
2020-04-20,LT,LT,940.799987792969,0.011545978021900178,0.011612890099966642,0.609674045636676
2020-04-21,LT,LT,897,-0.047674702110405746,-0.046556110077892066,-2.7374622284634893
2020-04-22,LT,LT,873,-0.027120306219193896,-0.026755852842809364,-1.5757335227818425
2020-04-23,LT,LT,860,-0.015003166592048735,-0.014891179839633447,-0.8908761808238739
2020-04-24,LT,LT,838,-0.025914288765470354,-0.02558139534883721,-1.5075697536806179
2020-04-27,LT,LT,861.950012207031,0.028179178021014946,0.028579966834165898,1.5497778564510498
2020-04-28,LT,LT,863.799987792969,0.0021439678917233294,0.0021462678342576676,0.07827506329022352
2020-04-29,LT,LT,862,-0.00208597573112819,-0.00208380159574671,-0.16080016694715168
2020-04-30,LT,LT,890.200012207031,0.032190899630744556,0.032714631330662436,1.7765192395543554
2020-05-04,LT,LT,880,-0.011524262822185364,-0.011458112859089513,-0.694249512974085
2020-05-05,LT,LT,861,-0.02182740304452137,-0.02159090909090909,-1.276580116038344
2020-05-06,LT,LT,838,-0.027076403945647764,-0.026713124274099883,-1.5732521785626707
2020-05-07,LT,LT,833,-0.005984458315240307,-0.0059665871121718375,-0.3811413120011594
2020-05-08,LT,LT,833,0,0,-0.04290140217523293
2020-05-11,LT,LT,821.200012207031,-0.014266942157194528,-0.014165651612207656,-0.8492649817246064
2020-05-12,LT,LT,817,-0.005127605149645248,-0.005114481423037493,-0.33271221078629126
2020-05-13,LT,LT,863.700012207031,0.05558640555965242,0.05716035765854471,3.098826689766408
2020-05-14,LT,LT,858.900024414062,-0.005572971222675185,-0.005557471025968225,-0.3578841766428408
2020-05-15,LT,LT,881.950012207031,0.026482849701461784,0.026836636555801218,1.4539018543775377
2020-05-18,LT,LT,869.900024414062,-0.013757088319581124,-0.013662892030370917,-0.8204481854542433
2020-05-19,LT,LT,827.099975585938,-0.0504527133986671,-0.0492011123427119,-2.894474649327715
2020-05-20,LT,LT,800,-0.03331384951226642,-0.03276505426897113,-1.92579085706335
2020-05-21,LT,LT,835.950012207031,0.04395708961831273,0.04493751525878878,2.4415410060615503
2020-05-22,LT,LT,815,-0.025380704045377386,-0.0250613217310924,-1.4774116945712212
2020-05-26,LT,LT,821.900024414062,0.008430649618010244,0.008466287624616006,0.4335965557615434
2020-05-27,LT,LT,831.950012207031,0.012153594675437196,0.012227749719479179,0.6440163689139065
2020-05-28,LT,LT,855,0.027329111402450125,0.02770597686731325,1.5017323289757951
2020-05-29,LT,LT,893.200012207031,0.04370906469586929,0.04467837685032868,2.4275227068299876
2020-06-01,LT,LT,944.650024414062,0.05600398073125546,0.057601893757146125,3.1224279216488102
2020-06-02,LT,LT,935,-0.010267985075198011,-0.01021544928244475,-0.6232450461579004
2020-06-03,LT,LT,955.950012207031,0.02215909390925452,0.02240643016794762,1.2095243865721184
2020-06-04,LT,LT,961.049987792969,0.0053208008534340245,0.005334981453856029,0.2578287735674934
2020-06-05,LT,LT,940,-0.02214654878732581,-0.02190311436485196,-1.29461814414067
2020-06-08,LT,LT,979.5,0.041162362120545803,0.04202127659574468,2.2835837897124267
2020-06-09,LT,LT,964.5,-0.01543240503881164,-0.015313935681470138,-0.915136617755512
2020-06-10,LT,LT,957,-0.007806440892829529,-0.007776049766718507,-0.48411925758710694
2020-06-11,LT,LT,944,-0.013677225307453609,-0.013584117032392894,-0.8159343503504637
2020-06-12,LT,LT,890,-0.05890470341931512,-0.057203389830508475,-3.3721787608516034
2020-06-15,LT,LT,921.799987792969,0.03510680431761976,0.03573032336288649,1.9413253567325754
2020-06-16,LT,LT,920,-0.0019545970007193176,-0.0019526880199669133,-0.1533746778576254
2020-06-17,LT,LT,892.700012207031,-0.03012307818348827,-0.02967389977496628,-1.745449354178684
2020-06-18,LT,LT,876,-0.018884500923206298,-0.018707305901949547,-1.1102481114181117
2020-06-19,LT,LT,902,0.02924842912623219,0.02968036529680365,1.6102116297950673
2020-06-22,LT,LT,905,0.0033204236373025474,0.0033259423503325942,0.1447680129170151
2020-06-23,LT,LT,910,0.0055096558109697,0.0055248618784530384,0.26850280293525935
2020-06-24,LT,LT,979,0.07308704301961462,0.07582417582417582,4.087957823202358
2020-06-25,LT,LT,949.900024414062,-0.03017490093265583,-0.02972418343813887,-1.7483783614642268
2020-06-26,LT,LT,955,0.005354598882875644,0.00536896036936501,0.25973902873653926
2020-06-29,LT,LT,950,-0.005249355886143678,-0.005235602094240838,-0.3395935283534294
2020-06-30,LT,LT,948.700012207031,-0.001369345328641473,-0.0013684082031252393,-0.12029641707586676
2020-07-01,LT,LT,941,-0.008149499680565383,-0.008116382531837345,-0.503508844299285
2020-07-02,LT,LT,936,-0.005327663107787538,-0.005313496280552604,-0.344019430614305
2020-07-03,LT,LT,948,0.012739025777429712,0.01282051282051282,0.6771047710242468
2020-07-06,LT,LT,953.099975585938,0.005365302073132565,0.005379721082213032,0.26034397005564436
2020-07-07,LT,LT,955,0.001991536152575912,0.0019935205778323158,0.0696596640363712
2020-07-08,LT,LT,944.950012207031,-0.010579311521507198,-0.010523547427192647,-0.6408411298097617
2020-07-09,LT,LT,945,5.2898534519820116e-5,5.289993367186226e-5,-0.039911591802531024
2020-07-10,LT,LT,940,-0.005305052229693229,-0.005291005291005291,-0.34274147010980494
2020-07-13,LT,LT,940,0,0,-0.04290140217523293
2020-07-14,LT,LT,928,-0.012848142477849024,-0.01276595744680851,-0.769074820757029
2020-07-15,LT,LT,918.049987792969,-0.010779890714699841,-0.010721995912748947,-0.652177809697006
2020-07-16,LT,LT,913,-0.005515961476532289,-0.005500776493782612,-0.35466200173931356
2020-07-17,LT,LT,922.099975585938,0.009917770473538558,0.009967114551958329,0.5176482104941328
2020-07-20,LT,LT,929,0.00745508774533159,0.007482946097767222,0.37845807163105616
2020-07-21,LT,LT,927,-0.002155173247983376,-0.002152852529601722,-0.16471119124181022
2020-07-22,LT,LT,939.200012207031,0.01307489650524147,0.013160746717401318,0.6960880906003738
2020-07-23,LT,LT,912,-0.02938847199676527,-0.02896083033805927,-1.7039296180110877
2020-07-24,LT,LT,914.400024414062,0.0026281491058121357,0.002631605717173295,0.10564085006088954
2020-07-27,LT,LT,908,-0.0070237605788502,-0.0069991516220301,-0.439882385195714
2020-07-28,LT,LT,908.799987792969,8.80655933561096e-4,8.810438248557019e-4,0.0068730248262543585
2020-07-29,LT,LT,919.599975585938,0.011813731805604936,0.01188378954449248,0.6248074145875819
2020-07-30,LT,LT,929,0.010169972473379169,0.01022186240062987,0.5319025969716465
2020-07-31,LT,LT,913.900024414062,-0.01638755582153247,-0.016254010318555386,-0.9691214727915829
2020-08-03,LT,LT,913,-9.85302397337502e-4,-9.8481714631651e-4,-0.0985904180345277
2020-08-04,LT,LT,918,0.005461510025521943,0.00547645125958379,0.2657816166105295
2020-08-05,LT,LT,923.950012207031,0.006460580214731461,0.006481494778900896,0.3222487842148926
2020-08-06,LT,LT,926.049987792969,0.002270244851761629,0.002272823808857107,0.08541220174562462
2020-08-07,LT,LT,922.549987792969,-0.003786653930928996,-0.0037794935976852174,-0.25692202303538225
2020-08-10,LT,LT,925,0.0026521757563707626,0.0026556958858047638,0.10699882962901068
2020-08-11,LT,LT,969.599975585938,0.047089852623105076,0.048216189822635626,2.6186038947023595
2020-08-12,LT,LT,952,-0.018318555344164995,-0.018151790459052075,-1.0782610256139016
2020-08-13,LT,LT,957,0.005238356661588931,0.005252100840336135,0.25316905090816094
2020-08-14,LT,LT,999.950012207031,0.04390189848678253,0.04487984556638561,2.4384216187471752
2020-08-17,LT,LT,1002,0.0020479917050734817,0.0020500902724570847,0.07285051607010018
2020-08-18,LT,LT,1005.95001220703,0.0039343781252629,0.0039421279511277435,0.17946854882284402
2020-08-19,LT,LT,1017.25,0.011170527111726437,0.011233150410901732,0.5884536652260007
2020-08-20,LT,LT,986,-0.031201832279163906,-0.030720078643401327,-1.806420233884949
2020-08-21,LT,LT,1010,0.024049255232669663,0.02434077079107505,1.3163557757991513
2020-08-24,LT,LT,996,-0.013958352250706914,-0.013861386138613862,-0.8318235665379137
2020-08-25,LT,LT,993,-0.003016593539425679,-0.0030120481927710845,-0.2133984251319118
2020-08-26,LT,LT,987,-0.006060624611690958,-0.006042296072507553,-0.38544620976903843
2020-08-27,LT,LT,975.25,-0.01197619104671565,-0.011904761904761904,-0.7197923697976731
2020-08-28,LT,LT,988,0.012988849361101949,0.013073570879261727,0.6912247300852858
2020-08-31,LT,LT,988.099975585938,1.0118474496076481e-4,1.011898643096708e-4,-0.037182468696470086
2020-09-01,LT,LT,964.950012207031,-0.023707583317281008,-0.0234287662695054,-1.3828473790745257
2020-09-02,LT,LT,956.450012207031,-0.008847772814031757,-0.008808746455745229,-0.5429750464609838
2020-09-03,LT,LT,960,0.0037047581003660742,0.003711629199290088,0.16649048925184828
2020-09-04,LT,LT,948,-0.012578782206860073,-0.0125,-0.7538506535942352
2020-09-07,LT,LT,947.150024414062,-8.970009043926899e-4,-8.965987193438341e-4,-0.09359964235561839
2020-09-08,LT,LT,936,-0.01184202487303709,-0.011772184053904042,-0.712209335194331
2020-09-09,LT,LT,907.549987792969,-0.030866828888138242,-0.030395312186998955,-1.7874859359413349
2020-09-10,LT,LT,917.700012207031,0.011121905537280015,0.011183983858283602,0.5857055874401683
2020-09-11,LT,LT,920,0.002503116916352236,0.002506252329056421,0.09857406569035516
2020-09-14,LT,LT,922.400024414062,0.002605325379740059,0.002608722189197875,0.10435085944823025
2020-09-15,LT,LT,910,-0.013534395911930291,-0.013443217786056474,-0.8078616728719911
2020-09-16,LT,LT,915,0.0054794657646255705,0.005494505494505495,0.26679646996155076
2020-09-17,LT,LT,915,0,0,-0.04290140217523293
2020-09-18,LT,LT,911.200012207031,-0.004161639745895086,-0.004152992123463363,-0.2781161163950314
2020-09-21,LT,LT,901,-0.011257167921288266,-0.011194043097437436,-0.6791533838951457
2020-09-22,LT,LT,887.950012207031,-0.01458980876030315,-0.01448389322194115,-0.8675133118104144
2020-09-23,LT,LT,866.200012207031,-0.02479960597488442,-0.024494622108219368,-1.4445681941890702
2020-09-24,LT,LT,856,-0.011845466731408195,-0.011775585388231456,-0.7124038680666065
2020-09-25,LT,LT,860.099975585938,0.004778257030547766,0.004789691105067704,0.2271643484745278
2020-09-28,LT,LT,898,0.04312143512990978,0.044064673282013384,2.3943100481512527
2020-09-29,LT,LT,909.950012207031,0.013219598059273016,0.013307363259500025,0.7042665819539954
2020-09-30,LT,LT,897.799987792969,-0.013442353610244963,-0.013352408650001405,-0.8026594677295585
2020-10-01,LT,LT,909.950012207031,0.013442353610244996,0.013533108241547246,0.7168566633790946
2020-10-05,LT,LT,907.950012207031,-0.0022003419110596953,-0.0021979229333148925,-0.16726411144295603
2020-10-06,LT,LT,901.049987792969,-0.007628588033695176,-0.007599564206502483,-0.4740670637431482
2020-10-07,LT,LT,895,-0.006737018141862331,-0.006714375312059892,-0.4236757828733201
2020-10-08,LT,LT,890.299987792969,-0.005265247406373382,-0.0052514102871855,-0.34049171263116146
2020-10-09,LT,LT,887.400024414062,-0.0032626044117709326,-0.003257287901458774,-0.22730289081535512
2020-10-12,LT,LT,916.950012207031,0.03275709199877923,0.03329951203515058,1.8085202738034318
2020-10-13,LT,LT,907.950012207031,-0.009863634005077391,-0.009815147914484089,-0.6003912367918436
2020-10-14,LT,LT,897,-0.01213346239161678,-0.012060148752478014,-0.7286813022148463
2020-10-15,LT,LT,913,0.01768001853617241,0.017837235228539576,0.9563682995062858
2020-10-16,LT,LT,894,-0.021030105421454302,-0.0208105147864184,-1.2315170774265025
2020-10-19,LT,LT,899,0.005577259298106215,0.005592841163310962,0.2723237331161482
2020-10-20,LT,LT,919,0.022003087884066862,0.02224694104560623,1.2007069696711776
2020-10-21,LT,LT,924.950012207031,0.00645357283921469,0.00647444200982701,0.3218527293109971
2020-10-22,LT,LT,922,-0.00319447163830784,-0.0031893747425247054,-0.22345204551935588
2020-10-23,LT,LT,940,0.01933465170745585,0.019522776572668113,1.0498877034638057
2020-10-26,LT,LT,949.849975585938,0.01042417642393722,0.010478697431848889,0.5462701331436647
2020-10-27,LT,LT,960,0.01062923277389522,0.010685923751064749,0.5578598606788028
2020-10-28,LT,LT,989.950012207031,0.030721164671782625,0.03119792938232398,1.6934502308319956
2020-10-29,LT,LT,951.099975585938,-0.040035265314615466,-0.0392444427920955,-2.3056833978968987
2020-10-30,LT,LT,941,-0.010676044233669472,-0.010619257538846774,-0.6463084356402095
2020-11-02,LT,LT,930,-0.011758553438077971,-0.011689691817215728,-0.707491553041565
2020-11-03,LT,LT,944.900024414062,0.01589454147899868,0.016021531628023705,0.8554536357218071
2020-11-04,LT,LT,934.25,-0.011335059260707067,-0.01127105951835083,-0.683555780609004
2020-11-05,LT,LT,952,0.018820966425771964,0.018999197217019,1.0208543550464249
2020-11-06,LT,LT,959,0.007326040092072881,0.007352941176470588,0.37116433436993856
2020-11-09,LT,LT,971,0.012435393407886675,0.01251303441084463,0.6599435544387914
2020-11-10,LT,LT,975,0.004111002706522288,0.004119464469618949,0.18945132074492035
2020-11-11,LT,LT,1040,0.06453852113757116,0.06666666666666667,3.604797757877176
2020-11-12,LT,LT,1054.90002441406,0.014225285695827346,0.014326946551980769,0.7611077658310572
2020-11-13,LT,LT,1065.05004882812,0.009575793412894433,0.009621788017018759,0.4983197626945662
2020-11-14,LT,LT,1060.05004882812,-0.004705669377076595,-0.004694615061049502,-0.30886451895718986
2020-11-17,LT,LT,1063,0.0027789764748846306,0.002782841409366622,0.11416557076692956
2020-11-18,LT,LT,1080.90002441406,0.016698950666997746,0.016839157492060206,0.9009186179941457
2020-11-19,LT,LT,1125.05004882812,0.04003347248723751,0.04084561330081667,2.219779263444574
2020-11-20,LT,LT,1140,0.013200739892357687,0.013288254320287565,0.7032007236355109
2020-11-23,LT,LT,1138.80004882812,-0.0010531431078418176,-0.00105258874726316,-0.10242475601380144
2020-11-24,LT,LT,1135,-0.003342468365196188,-0.0033368885363417667,-0.2318167791210197
2020-11-25,LT,LT,1141.5,0.0057105360543472355,0.005726872246696035,0.279856498094735
2020-11-26,LT,LT,1130,-0.010125554263463994,-0.010074463425317565,-0.6151948965236953
2020-11-27,LT,LT,1129,-8.853475567242145e-4,-8.849557522123894e-4,-0.09294099840541868
2020-12-01,LT,LT,1140,0.009695977238879107,0.0097431355181576609,0.5051125189178098
2020-12-02,LT,LT,1120.05004882812,-0.017654891644132146,-0.017499957168315792,-1.0407509389478808
2020-12-03,LT,LT,1135,0.013259280171094023,0.01334757423342087,0.7065094038130529
2020-12-04,LT,LT,1130,-0.004415018209116831,-0.004405286343612335,-0.2924369962537315
2020-12-07,LT,LT,1154.80004882812,0.0217095783651432,0.02194694586559292,1.184117893770863
2020-12-08,LT,LT,1174.94995117188,0.017298340852211762,0.0174488235986896,0.9347959835831136
2020-12-09,LT,LT,1178,0.00259253328779077,0.0025958968082665295,0.10362785398984253
2020-12-10,LT,LT,1182,0.003389833754511524,0.003395585738539898,0.148691053324195
2020-12-11,LT,LT,1188,0.0050633019565466345,0.005076142131979695,0.24327500795070192
2020-12-14,LT,LT,1198.09997558594,0.008465727345948762,0.008501662951127947,0.4355791391316385
2020-12-15,LT,LT,1250,0.04240660302780768,0.04331860902399058,2.353907937714632
2020-12-16,LT,LT,1256.25,0.004987541511038968,0.005,0.23899304876458363
2020-12-17,LT,LT,1270,0.010885807645251004,0.010945273631840797,0.572361400631044
2020-12-18,LT,LT,1283.94995117188,0.010924325199475131,0.010984213521165355,0.5745384020205108
2020-12-21,LT,LT,1276.25,-0.006015135173236823,-0.00599708046630022,-0.3828751594332754
2020-12-22,LT,LT,1235.25,-0.032652711753015935,-0.03212536728697356,-1.8884235358637167
2020-12-23,LT,LT,1268,0.026167477271311874,0.02651285164946367,1.4360770928508622
2020-12-24,LT,LT,1275,0.005505322595355254,0.005520504731861199,0.26825789080094736
2020-12-28,LT,LT,1275,0,0,-0.04290140217523293
2020-12-29,LT,LT,1294.94995117188,0.01552586805054636,0.01564702052696471,0.834616316682027
2020-12-30,LT,LT,1288.19995117188,-0.005226189434428508,-0.005212556665909373,-0.3382841669832999
2020-12-31,LT,LT,1293,0.0037192425632130745,0.003726167528382047,0.1673091470399341
2021-01-01,LT,LT,1283,-0.007764014156221097,-0.007733952049497293,-0.4817213103028727
2021-01-04,LT,LT,1305,0.017001955141157297,0.0171473109898675,0.9180443461081803
2021-01-05,LT,LT,1307,0.0015313938674282647,0.0015325670498084292,0.043652550804572164
2021-01-06,LT,LT,1308,7.648183929220497e-4,7.651109410864575e-4,3.2591943487278414e-4
2021-01-07,LT,LT,1330,0.016679689198655374,0.016819571865443424,0.8998299651918283
2021-01-08,LT,LT,1349.80004882812,0.014777527267843015,0.01488725475798496,0.792320304991873
2021-01-11,LT,LT,1382,0.023575255843972763,0.02385534894582024,1.2895654629512716
2021-01-12,LT,LT,1354,-0.020468550855394858,-0.020260492040520984,-1.1997781704476413
2021-01-13,LT,LT,1354,0,0,-0.04290140217523293
2021-01-14,LT,LT,1358,0.0029498546464211185,0.0029542097488921715,0.12382355721902501
2021-01-15,LT,LT,1376.69995117188,0.01367626648274629,0.01377021441228277,0.7300773534957713
2021-01-18,LT,LT,1345.19995117188,-0.02314663103331117,-0.022880802729154194,-1.351142512910881
2021-01-19,LT,LT,1340.05004882812,-0.0038357014488770887,-0.0038283545425894733,-0.2596941750287715
2021-01-20,LT,LT,1369,0.02137358316924949,0.021603634280075487,1.165127539293564
2021-01-21,LT,LT,1395,0.01881386896701712,0.018991964937910884,1.0204532086631144
2021-01-22,LT,LT,1362,-0.02394020754600835,-0.023655913978494623,-1.3959952354055967
2021-01-25,LT,LT,1370,0.0058565321127129685,0.005873715124816446,0.2881081544711874
2021-01-27,LT,LT,1368.80004882812,-8.762605719783168e-4,-8.75876767795622e-4,-0.09242740456966338
2021-01-28,LT,LT,1344.69995117188,-0.017763575731902934,-0.017606733486657145,-1.046893733184326
2021-01-29,LT,LT,1362,0.012783304191168271,0.012865359899093726,0.6796073745818696
2021-02-01,LT,LT,1345.75,-0.012002729268391025,-0.011930983847283408,-0.7212923026627012
2021-02-02,LT,LT,1474,0.09102831530821524,0.09530001857700167,5.101993513885415
2021-02-03,LT,LT,1530,0.037287941637199284,0.037991858887381276,2.064602627862321
2021-02-04,LT,LT,1525,-0.0032733253449691376,-0.0032679738562091504,-0.227908834960538
2021-02-05,LT,LT,1534.40002441406,0.006145030998806041,0.00616395043544918,0.304414030805641
2021-02-08,LT,LT,1521.15002441406,-0.008672797264464481,-0.0086352970471698,-0.5330854773488293
2021-02-09,LT,LT,1557,0.02329424905814468,0.023567679065547298,1.273683038027881
2021-02-10,LT,LT,1560,0.001924928409584418,0.0019267822736030828,0.06589501303599964
2021-02-11,LT,LT,1549.40002441406,-0.006818046288674725,-0.006794856144833334,-0.4282554710635428
2021-02-12,LT,LT,1535,-0.009337393933610523,-0.009293935837845161,-0.5706482951681295
2021-02-15,LT,LT,1527,-0.005225354802665119,-0.005211726384364821,-0.3382369938295213
2021-02-16,LT,LT,1540,0.008477390189042306,0.008513425016371971,0.4362383197606067
2021-02-17,LT,LT,1544,0.002594035177046528,0.0025974025974025974,0.10371274035042463
2021-02-18,LT,LT,1542.19995117188,-0.001166514847202712,-0.0011658347332383406,-0.10883249500674948
2021-02-19,LT,LT,1523.84997558594,-0.011969925553156647,-0.011898570981017282,-0.7194382458544893
2021-02-22,LT,LT,1510.90002441406,-0.00853449527994643,-0.008498179859799242,-0.5252686878738316
2021-02-23,LT,LT,1462,-0.032900154594692026,-0.03236483130842747,-1.9024089360531458
2021-02-24,LT,LT,1486.69995117188,0.016753504466290304,0.016894631444514367,0.9040019834687427
2021-02-25,LT,LT,1534,0.03131983715118733,0.03181546403552115,1.7272870318893991
2021-02-26,LT,LT,1482,-0.03448617607116932,-0.03389830508474576,-1.9920504262143353
2021-03-01,LT,LT,1456,-0.017699577099400975,-0.017543859649122806,-1.0432765483789246
2021-03-02,LT,LT,1479.30004882812,0.0158760861491429,0.016002780788543954,0.8544105456412346
2021-03-03,LT,LT,1493.5,0.009553322750390237,0.009599101401456044,0.49704972713599405
2021-03-04,LT,LT,1473,-0.01382122119353422,-0.013726146635420154,-0.8240729575489089
2021-03-05,LT,LT,1453.59997558594,-0.013257916176252361,-0.013170417117488118,-0.7922351155566455
2021-03-08,LT,LT,1478,0.01664660122176914,0.01678592791956016,0.8979598419945758
2021-03-09,LT,LT,1525,0.031304587533364826,0.031799729364005415,1.72642512775615
2021-03-10,LT,LT,1523,-0.0013123361463502376,-0.0013114754098360656,-0.11707427404107765
2021-03-12,LT,LT,1526.30004882812,0.0021644640170820754,0.002166808160288902,0.07943349856171136
2021-03-15,LT,LT,1520,-0.00413620307192192,-0.0041276607656254224,-0.2766784426979744
2021-03-16,LT,LT,1488.30004882812,-0.02107577305722743,-0.02085523103413158,-1.2340981994248843
2021-03-17,LT,LT,1476,-0.008298835622676833,-0.008264495346758199,-0.5119492699707133
2021-03-18,LT,LT,1455.55004882812,-0.013951856562407319,-0.01385498046875339,-0.8314564320523885
2021-03-19,LT,LT,1415,-0.028254338520672544,-0.027858917569181015,-1.639828711216023
2021-03-22,LT,LT,1409,-0.004249298178657768,-0.004240282685512367,-0.28307054649234276
2021-03-23,LT,LT,1401.90002441406,-0.005051756109210515,-0.005039017449212208,-0.32842524423967956
2021-03-24,LT,LT,1400,-0.0013562401861196608,-0.0013553209080327505,-0.11955571808669589
2021-03-25,LT,LT,1361,-0.028252512951883853,-0.027857142857142858,-1.639725530578789
2021-03-26,LT,LT,1386.30004882812,0.01841863911476366,0.018589308470330638,0.9981149279792498
2021-03-30,LT,LT,1408,0.015531894951757897,0.015653141749669277,0.8349569554524782
2021-03-31,LT,LT,1423.59997558594,0.011018599768527437,0.011079528115014205,0.5798667742900483
2021-04-01,LT,LT,1432,0.00588321103407586,0.0059005511085392015,0.28961603964319316
2021-04-05,LT,LT,1439,0.0048763593667769355,0.004888268156424581,0.23270906507408431
2021-04-06,LT,LT,1405.90002441406,-0.023270743436074867,-0.023002067815107715,-1.358157311194656
2021-04-07,LT,LT,1402,-0.0027778958567575276,-0.0027740410742829458,-0.19990729888315434
2021-04-08,LT,LT,1410,0.005689915777678456,0.005706134094151213,0.27869104582593535
2021-04-09,LT,LT,1414,0.0028328630843041072,0.0028368794326241137,0.11721122685654622
2021-04-12,LT,LT,1393.94995117188,-0.014281158813662882,-0.014179666780848655,-0.85006850317109
2021-04-13,LT,LT,1347.25,-0.03407593082924911,-0.033501885152060026,-1.9688634799070597
2021-04-15,LT,LT,1378.94995117188,0.023256826754628857,0.023529375521900167,1.2715679399020514
2021-04-16,LT,LT,1360.5,-0.013470025344933972,-0.01337971052263397,-0.804223466433017
2021-04-19,LT,LT,1340,-0.015182665278343976,-0.015067989709665565,-0.9010213963585461
2021-04-20,LT,LT,1320,-0.015037877364540559,-0.014925373134328358,-0.8928380239747775
2021-04-22,LT,LT,1310,-0.007604599385219304,-0.007575757575757576,-0.4727112320421133
2021-04-23,LT,LT,1330,0.015151805020602246,0.015267175572519083,0.8134743788736709
2021-04-26,LT,LT,1330.05004882812,3.762998981774194e-5,3.76306978345848e-5,-0.04077456567771904
2021-04-27,LT,LT,1339,0.006706494485555443,0.006729033377176763,0.33614779000737793
2021-04-28,LT,LT,1384.84997558594,0.033668746186559004,0.03424195338755788,1.8600467134616012
2021-04-29,LT,LT,1383.94995117188,-6.501188020572337e-4,-6.499075206173088e-4,-0.07964593499685524
2021-04-30,LT,LT,1350,-0.024837101643199064,-0.02453119864857279,-1.4466874388728055
2021-05-03,LT,LT,1325.5,-0.01831484570339489,-0.01814814814814815,-1.0780513577553468
2021-05-04,LT,LT,1350,0.018314845703394957,0.01848359109769898,0.9922485534048844
2021-05-05,LT,LT,1342.19995117188,-0.005794570087505427,-0.005777813946755554,-0.3704088824907917
2021-05-06,LT,LT,1344,0.0013402197381252162,0.0013411182339474594,0.03284744249730232
2021-05-07,LT,LT,1347,0.0022296553272690683,0.002232142857142857,0.08311809317621943
2021-05-10,LT,LT,1347,0,0,-0.04290140217523293
2021-05-11,LT,LT,1380,0.0242036017408864,0.024498886414253896,1.3250793972651451
2021-05-12,LT,LT,1380,0,0,-0.04290140217523293
2021-05-14,LT,LT,1394,0.010093813169218906,0.010144927536231883,0.5275980944060642
2021-05-17,LT,LT,1433,0.027592836507702743,0.027977044476327116,1.5166379981476084
2021-05-18,LT,LT,1405,-0.019732846060325746,-0.019539427773900907,-1.1581963412436584
2021-05-19,LT,LT,1414,0.006385264688671972,0.006405693950177936,0.3179919717515191
2021-05-20,LT,LT,1410.80004882812,-0.002265613484386364,-0.002263048919292788,-0.17095324250766497
2021-05-21,LT,LT,1415,0.0029725771052063086,0.0029769995935063145,0.125107824232959
2021-05-24,LT,LT,1420,0.0035273405179684406,0.0035335689045936395,0.15646289712728023
2021-05-25,LT,LT,1460,0.02777956410707567,0.028169014084507043,1.5271917898271439
2021-05-26,LT,LT,1458.90002441406,-7.536918899653022e-4,-7.534079355753432e-4,-0.08549985695086106
2021-05-27,LT,LT,1475.94995117188,0.011619073352962054,0.011686836981627846,0.6138053732998837
2021-05-28,LT,LT,1487.09997558594,0.007526081112030781,0.007554473242949101,0.3824705968565091
2021-05-31,LT,LT,1472.30004882812,-0.010002061241529156,-0.00995220698056202,-0.6082151054710955
2021-06-01,LT,LT,1465.94995117188,-0.0043223738911020914,-0.004313045877635043,-0.28720076531677463
2021-06-02,LT,LT,1468.30004882812,0.0016018390789792184,0.0016031227084944667,0.04763409445439306
2021-06-03,LT,LT,1480.09997558594,0.008004334324513538,0.00803645465192061,0.4095013346347589
2021-06-04,LT,LT,1518.94995117188,0.025909637967412524,0.026248210409273283,1.4215040875249836
2021-06-07,LT,LT,1545.44995117188,0.01729582394874413,0.01744626278143995,0.9346537289032265
2021-06-08,LT,LT,1561,0.01001154305100473,0.010061826212054778,0.5229482103396541
2021-06-09,LT,LT,1550,-0.007071710602139796,-0.007046764894298526,-0.44259250709802905
2021-06-10,LT,LT,1525,-0.01626052087178029,-0.016129032258064516,-0.961941492969601
2021-06-11,LT,LT,1521,-0.002626396782219133,-0.002622950819672131,-0.19134461357209118
2021-06-14,LT,LT,1503.44995117188,-0.011605578597690428,-0.011538493641104534,-0.6988454578575534
2021-06-15,LT,LT,1520,0.010947900178719647,0.011008047733960075,0.5758708532523134
2021-06-16,LT,LT,1505.84997558594,-0.00935282824748693,-0.009309226588197368,-0.5715206382706768
2021-06-17,LT,LT,1481,-0.016639971325036307,-0.016502291721504758,-0.9833879264364147
2021-06-18,LT,LT,1487.55004882812,0.004412968856967935,0.004422720343092504,0.206518363093116
2021-06-21,LT,LT,1460,-0.018694068422384625,-0.018520418085982187,-1.0994849197451388
2021-06-22,LT,LT,1470.09997558594,0.006893973360463934,0.0069177914972191785,0.3467440435700143
2021-06-23,LT,LT,1505,0.023462489120130114,0.023739898642029324,1.2831919192661616
2021-06-24,LT,LT,1490,-0.010016778243471232,-0.009966777408637873,-0.6090469063037821
2021-06-25,LT,LT,1510.5,0.013664601887221881,0.013758389261744967,0.7294180738199008
2021-06-28,LT,LT,1526,0.010209211017675683,0.010261502813637868,0.5341203485183077
2021-06-29,LT,LT,1513,-0.00855549805604644,-0.00851900393184797,-0.5264557589034803
2021-06-30,LT,LT,1516,0.001980852413961066,0.0019828155981493722,0.06905582211863462
2021-07-01,LT,LT,1497.09997558594,-0.012545400054094106,-0.012467034573918205,-0.7519639036585558
2021-07-02,LT,LT,1500,0.0019352209420785474,0.0019370946906367944,0.06647674409323318
2021-07-05,LT,LT,1490,-0.006688988150796652,-0.006666666666666667,-0.4209611412146718
2021-07-06,LT,LT,1506,0.01068100942033409,0.010738255033557046,0.5607862622510176
2021-07-07,LT,LT,1495,-0.007330922535052079,-0.0073041168658698535,-0.4572430930317259
2021-07-08,LT,LT,1503,0.005336903928187641,0.005351170568561873,0.2587389148477347
2021-07-09,LT,LT,1497.90002441406,-0.0033989672794429676,-0.003393197329301398,-0.23501008194868359
2021-07-12,LT,LT,1504.40002441406,0.004330020351086147,0.004339408434513267,0.20183013674551134
2021-07-13,LT,LT,1515,0.0070212751188517605,0.007045982061897748,0.3539391033414435
2021-07-14,LT,LT,1513.55004882812,-9.575217574648012e-4,-9.570634797887804e-4,-0.09702026404055314
2021-07-15,LT,LT,1550,0.023797013727287517,0.024082422117525423,1.3020991564794817
2021-07-16,LT,LT,1609.34997558594,0.03757542466743552,0.03829030682963871,2.0808510883079316
2021-07-19,LT,LT,1600,-0.005826726352855199,-0.0058097839051669395,-0.3722263456126496
2021-07-20,LT,LT,1609.84997558594,0.006137362542967347,0.006156234741212501,0.30398061182688757
2021-07-22,LT,LT,1610,9.318720766882013e-5,9.31915497314551e-5,-0.03763448726690075
2021-07-23,LT,LT,1644,0.02089811763761652,0.02111801242236025,1.1382543604570907
2021-07-26,LT,LT,1611.75,-0.019811751425395676,-0.019616788321167884,-1.162656050403645
2021-07-27,LT,LT,1610.15002441406,-9.93187687598603e-4,-9.926946399503652e-4,-0.09903609243417619
2021-07-28,LT,LT,1592.44995117188,-0.011053677386231434,-0.010992809970375973,-0.6676521557801849
2021-07-29,LT,LT,1594,9.729002332608542e-4,9.733736542108094e-4,0.012086646839953535
2021-07-30,LT,LT,1598,0.002506266976059537,0.002509410288582183,0.09875210618378302
2021-08-02,LT,LT,1606.30004882812,0.005180580635383317,0.005194023046382977,0.24990356606985564
2021-08-03,LT,LT,1625,0.011574387802234522,0.011641630208205868,0.6112797584735408
2021-08-04,LT,LT,1640,0.00918842605440617,0.009230769230769232,0.476425867958779
2021-08-05,LT,LT,1620,-0.01227009259181436,-0.012195121951219513,-0.7364036029077322
2021-08-06,LT,LT,1627,0.004311678992608147,0.004320987654320987,0.20079348829532753
2021-08-09,LT,LT,1620,-0.004311678992608016,-0.0043023970497848806,-0.28659629264578595
2021-08-10,LT,LT,1606,-0.00867953371972277,-0.008641975308641974,-0.5334662199155052
2021-08-11,LT,LT,1590.19995117188,-0.009886851744971467,-0.009838137501942713,-0.601703496955497
2021-08-12,LT,LT,1590,-1.2574754745827354e-4,-1.257396415668674e-4,-0.05000861837971408
2021-08-13,LT,LT,1626,0.022388994893478686,0.022641509433962263,1.2225183258856969
2021-08-16,LT,LT,1674,0.02909296094166477,0.02952029520295203,1.6014246114955217
2021-08-17,LT,LT,1658,-0.0096039153541804,-0.009557945041816009,-0.5857120112994053
2021-08-18,LT,LT,1647,-0.006656605517599939,-0.0066344993968636915,-0.4191308838454311
2021-08-20,LT,LT,1618.90002441406,-0.017208529849532993,-0.01706130879534912,-1.0155226951867922
2021-08-23,LT,LT,1600.09997558594,-0.011680809311112362,-0.011612853508310022,-0.7030974767343785
2021-08-24,LT,LT,1590,-0.006332095802717794,-0.006312090331881603,-0.40078968554184397
2021-08-25,LT,LT,1614.94995117188,0.015569949975828197,0.015691793189861636,0.8371078147670433
2021-08-26,LT,LT,1593.80004882812,-0.013182833590167475,-0.01309632061873663,-0.7879914687954717
2021-08-27,LT,LT,1604,0.006379376826521787,0.0063997683896294035,0.31765919142991933
2021-08-30,LT,LT,1646.69995117188,0.026272746145388756,0.026620917189451372,1.4420268601647332
2021-08-31,LT,LT,1660.05004882812,0.008074496220699182,0.008107182882187706,0.4134668653793899
2021-09-01,LT,LT,1672.25,0.007322273205969712,0.007349146599822288,0.37095143102117334
2021-09-02,LT,LT,1687.90002441406,0.009315142160527118,0.009358663126960681,0.48358782682792034
2021-09-03,LT,LT,1697,0.0053768190751818015,0.005391300109198694,0.26099490778958734
2021-09-06,LT,LT,1700,0.0017662648100810682,0.0017678255745433118,0.05692739077819216
2021-09-07,LT,LT,1694.19995117188,-0.0034176268676104704,-0.003411793428305881,-0.2360647166518934
2021-09-08,LT,LT,1682,-0.007227062643803602,-0.007201010225175182,-0.45137296103315333
2021-09-09,LT,LT,1655.19995117188,-0.016061743601391388,-0.015933441633840664,-0.9507066572551364
2021-09-13,LT,LT,1662.05004882812,0.004129991645479582,0.004138531813869456,0.19052457026263336
2021-09-14,LT,LT,1676,0.008358192465046772,0.008393219675734705,0.4295012977459273
2021-09-15,LT,LT,1700,0.014218249002279172,0.014319809069212411,0.7607100538802286
2021-09-16,LT,LT,1709.59997558594,0.005631159680061676,0.005647044462317648,0.27537016762564587
2021-09-17,LT,LT,1724,0.008387761499269246,0.008423037330194512,0.43117253128824795
2021-09-20,LT,LT,1700.19995117188,-0.013901309759425174,-0.013805132730928073,-0.8285995408882995
2021-09-21,LT,LT,1698.59997558594,-9.414944913527999e-4,-9.410514244734578e-4,-0.09611440744352848
2021-09-22,LT,LT,1720.90002441406,0.013043055984802453,0.013128487665512589,0.6942884732925422
2021-09-23,LT,LT,1718.30004882812,-0.001511965588435756,-0.001510823144316738,-0.12835727426144003
2021-09-24,LT,LT,1780,0.03527790591690389,0.035907553639400375,1.9509959712584637
2021-09-27,LT,LT,1772,-0.004504512121104541,-0.0044943820224719105,-0.29749516712336627
2021-09-28,LT,LT,1745.30004882812,-0.015182363557314857,-0.015067692534920995,-0.9010043431703866
2021-09-29,LT,LT,1732,-0.0076496784853309265,-0.007620494159185008,-0.4752590901695496
2021-09-30,LT,LT,1719.94995117188,-0.0069816178941250005,-0.006957303018545033,-0.43750049244445643
2021-10-01,LT,LT,1697.5,-0.013138611795404261,-0.013052677001783588,-0.7854920653264963
2021-10-04,LT,LT,1696.5,-5.892752085663537e-4,-5.89101620029455e-4,-0.07620707211373828
2021-10-05,LT,LT,1714.5,0.010554187678690171,0.010610079575596816,0.5536183328916694
2021-10-06,LT,LT,1716.69995117188,0.0012823219308952902,0.0012831444572061839,0.02957507462957114
2021-10-07,LT,LT,1710,-0.003910444337164915,-0.0039028085061145247,-0.2639186221654859
2021-10-08,LT,LT,1740,0.01739174271186924,0.017543859649122806,0.9400750305617958
2021-10-11,LT,LT,1733.75,-0.00359842057953337,-0.0035919540229885057,-0.24628312667275767
2021-10-12,LT,LT,1710.5,-0.013500967211382008,-0.013410237923576063,-0.8059722920686768
2021-10-13,LT,LT,1727,0.009600073729019137,0.00964630225080386,0.4996920793695191
2021-10-14,LT,LT,1775,0.027414623762837483,0.027793862188766647,1.5065654636628165
2021-10-18,LT,LT,1807.15002441406,0.017950609261898395,0.018112689810738027,0.971662011626597
2021-10-19,LT,LT,1809.80004882812,0.0014653367254609086,0.001466410855910664,0.0399190196200543
2021-10-20,LT,LT,1855,0.02466832714466002,0.02497510772040692,1.3513455470795575
2021-10-21,LT,LT,1815,-0.021799228342584402,-0.0215633423180593,-1.274987689766736
2021-10-22,LT,LT,1816,5.508124622874325e-4,5.509641873278236e-4,-0.011769635896463793
2021-10-25,LT,LT,1792.25,-0.013164466428256987,-0.013078193832599118,-0.7869533619425021
2021-10-26,LT,LT,1785,-0.004053398519242152,-0.004045194587808621,-0.27199835254507704
2021-10-27,LT,LT,1801,0.008923650962216596,0.008963585434173669,0.4614608538190228
2021-10-28,LT,LT,1799.55004882812,-8.054054133929466e-4,-8.050811615102733e-4,-0.0884226908281399
2021-10-29,LT,LT,1822,0.0123981380573405,0.012475313585470754,0.6578378924481011
2021-11-01,LT,LT,1776,-0.02557115426778823,-0.025246981339187707,-1.4881758878634566
2021-11-02,LT,LT,1800,0.01342302033214077,0.013513513513513514,0.7157639519091259
2021-11-03,LT,LT,1818,0.009950330853168092,0.01,0.5194885140420319
2021-11-04,LT,LT,1900,0.044116890417107604,0.045104510451045104,2.4505729025051832
2021-11-08,LT,LT,1944.55004882812,0.023176726771965077,0.023447394120063157,1.2670407112898545
2021-11-09,LT,LT,1933.5,-0.005698780879145095,-0.005682573629194729,-0.3649949032312846
2021-11-10,LT,LT,1932.69995117188,-4.1386832013043086e-4,-4.1378268845099447e-4,-0.06629312384939476
2021-11-11,LT,LT,1947.84997558594,0.007808223923210341,0.007838787601186559,0.3984172296149621
2021-11-12,LT,LT,1940,-0.004038214593057977,-0.0040300719687503764,-0.2711401612848489
2021-11-15,LT,LT,1961.25,0.010894051989868495,0.01095360824742268,0.5728273686824702
2021-11-16,LT,LT,1950,-0.005752652489449811,-0.0057361376673040155,-0.368039711575131
2021-11-17,LT,LT,1949,-5.129520502316954e-4,-5.128205128205128e-4,-0.07189330855605727
2021-11-18,LT,LT,1952.90002441406,0.001999039282614733,0.0020010386937198556,0.07008373884716569
2021-11-22,LT,LT,1898.25,-0.028383050696832376,-0.02798403591113527,-1.6471034874053618
2021-11-23,LT,LT,1850,-0.025746770020972608,-0.02541814829448176,-1.4981016411049528
2021-11-24,LT,LT,1894,0.02350535567365303,0.023783783783783784,1.2856147248793641
2021-11-25,LT,LT,1855,-0.020806298704487997,-0.020591341077085535,-1.2188675843934675
2021-11-26,LT,LT,1820,-0.019048194970694474,-0.018867924528301886,-1.1195000531887545
2021-11-29,LT,LT,1778,-0.023347363996991177,-0.023076923076923078,-1.3624878838630536
2021-11-30,LT,LT,1767.25,-0.0060644710227864135,-0.006046119235095613,-0.3856636078481206
2021-12-01,LT,LT,1764,-0.0018407084843268253,-0.0018390154194369783,-0.14693773077141978
2021-12-02,LT,LT,1785.94995117188,0.012366501616970518,0.012443282977256238,0.65604980968868
2021-12-03,LT,LT,1799.94995117188,0.007808400409474372,0.00783896547090453,0.39842720456923314
2021-12-06,LT,LT,1799,-5.279046426483091e-4,-5.277653255089257e-4,-0.07273842489645845
2021-12-07,LT,LT,1790.19995117188,-0.00490363678892671,-0.004891633589838798,-0.3200535816936
2021-12-08,LT,LT,1802,0.006569841006676873,0.006591469751965743,0.3284241736099546
2021-12-09,LT,LT,1835,0.01814732232038741,0.018312985571587125,0.9827801786619431
2021-12-10,LT,LT,1879.80004882812,0.0241209326726977,0.024414195546659398,1.3204069646577814
2021-12-13,LT,LT,1893.69995117188,0.007367147322984288,0.007394351517559167,0.37348770356130867
2021-12-14,LT,LT,1850,-0.02334692241198205,-0.023076491682242017,-1.362462925601871
2021-12-15,LT,LT,1866,0.008611463334918544,0.008648648648648649,0.4438160964585861
2021-12-16,LT,LT,1892,0.013837368204534387,0.013933547695605574,0.7391827777430482
2021-12-17,LT,LT,1866.5,-0.013569451257185068,-0.013477801268498943,-0.8098429911790627
2021-12-20,LT,LT,1821,-0.02467921862703054,-0.024377176533619073,-1.4377639349667144
2021-12-21,LT,LT,1817.90002441406,-0.001703798573777322,-0.0017023479329708957,-0.13919962092769197
2021-12-22,LT,LT,1827.55004882812,0.005294296594754879,0.005308336148557105,0.2563307602815111
2021-12-23,LT,LT,1883,0.029889950908566935,0.030341139607878962,1.6464702614669897
2021-12-24,LT,LT,1888.75,0.0030489849297968643,0.003053637812002124,0.12942637310373795
2021-12-27,LT,LT,1859.40002441406,-0.01566136643511764,-0.015539364969392455,-0.9280774518228057
2021-12-28,LT,LT,1872.09997558594,0.006806914221388828,0.006830133916924117,0.3418234853842725
2021-12-29,LT,LT,1895,0.012158056143306176,0.012232265751134699,0.6442685298297661
2021-12-30,LT,LT,1892.30004882812,-0.00142579230293934,-0.0014247763440000012,-0.12348678427214828
2021-12-31,LT,LT,1887.34997558594,-0.002619330382636026,-0.002615902930006011,-0.19094522264447839
2022-01-03,LT,LT,1895,0.004045122685575367,0.00405331523724687,0.18572780039092793
2022-01-04,LT,LT,1922.84997558594,0.014589609212917088,0.014696557037435358,0.7816992290975117
2022-01-05,LT,LT,1940.69995117188,0.009240259828549664,0.00928308282631393,0.4793554983728775
2022-01-06,LT,LT,1944.5,0.001956167037808446,0.0019580815807334674,0.0676606115642194
2022-01-07,LT,LT,1929.05004882812,-0.007977195548102499,-0.007945462160905118,-0.493770262934542
2022-01-10,LT,LT,1910,-0.009924437007023848,-0.009875352295650766,-0.6038278054522253
2022-01-11,LT,LT,1949,0.020213178466885345,0.020418848167539267,1.099541790139011
2022-01-12,LT,LT,1978.5,0.015022561317918083,0.015135967162647512,0.8061695609538714
2022-01-13,LT,LT,1975.55004882812,-0.0014921165300228975,-0.001491003877624464,-0.12723541103271682
2022-01-14,LT,LT,2014,0.019275928983051627,0.019462909175441138,1.0465687115081537
2022-01-17,LT,LT,2044.75,0.015152738336575941,0.015268123138033763,0.813527129631409
2022-01-18,LT,LT,2075.64990234375,0.01499877795976642,0.015111824107470351,0.8048253322045309
2022-01-19,LT,LT,2019.90002441406,-0.027226293268738433,-0.02685899865229643,-1.581723881172236
2022-01-20,LT,LT,2020,4.949408913892806e-5,4.949531399159342e-5,-0.04010401010306588
2022-01-21,LT,LT,1982.15002441406,-0.018915384921859058,-0.01873761167620792,-1.1119936663821712
2022-01-24,LT,LT,1955,-0.0137919330539252,-0.013697260086095538,-0.8224176000915605
2022-01-25,LT,LT,1895,-0.031171354902939395,-0.030690537084398978,-1.804697661106782
2022-01-27,LT,LT,1914.55004882812,0.010263795042997174,0.010316648458110816,0.5372054223596042
2022-01-28,LT,LT,1916.09997558594,8.092239345917343e-4,8.095514446168177e-4,0.002835708227598698
2022-01-31,LT,LT,1890.19995117188,-0.013609239765410763,-0.013517052734234192,-0.8120918265331488
2022-02-01,LT,LT,1928.65002441406,0.0201376712119884,0.020341802050276133,1.0952741412153806
2022-02-02,LT,LT,1995.09997558594,0.03387387320331151,0.03445412611449195,1.8716404350641962
2022-02-03,LT,LT,1981.5,-0.006840028513515068,-0.006816688763652473,-0.42949790026199436
2022-02-04,LT,LT,1948,-0.017050928428009256,-0.01690638405248549,-1.0066151069312483
2022-02-07,LT,LT,1932.5,-0.007988703740903368,-0.00795687885010267,-0.4944207027722317
2022-02-08,LT,LT,1890,-0.022237672407888924,-0.02199223803363519,-1.2997684256830757
2022-02-09,LT,LT,1884.5,-0.002914295346497895,-0.00291005291005291,-0.20761655988553993
2022-02-10,LT,LT,1892,0.003971936904633394,0.003979835500132661,0.18159136052580055
2022-02-11,LT,LT,1889,-0.0015868821103139966,-0.0015856236786469344,-0.13259153512011068
2022-02-14,LT,LT,1843.25,-0.024517270631749546,-0.024219163578613024,-1.4286106795783637
2022-02-15,LT,LT,1810,-0.018203472609888527,-0.0180387901803879,-1.0717565816669758
2022-02-16,LT,LT,1876.05004882812,0.03584168343024243,0.0364917396840442,1.98286051859567
2022-02-17,LT,LT,1869,-0.0037650002345509226,-0.0037579215077571254,-0.2556981621737124
2022-02-18,LT,LT,1870,5.349023930695065e-4,5.350454788657035e-4,-0.012668868557821124
2022-02-21,LT,LT,1874.94995117188,0.002643535491291451,0.002647032712235295,0.10651048426384105
2022-02-22,LT,LT,1813,-0.03359903458507281,-0.033040855908265755,-1.941909437597879
2022-02-23,LT,LT,1849,0.019662020632273784,0.019856591285162713,1.0683905035131
2022-02-24,LT,LT,1783.25,-0.036207410228977326,-0.03555976203353164,-2.0893340992986063
2022-02-25,LT,LT,1782,-7.01213127392886e-4,-7.009673349221927e-4,-0.08253377197119527
2022-02-28,LT,LT,1764.90002441406,-0.009642283659122362,-0.009595945895589226,-0.5878805771611966
2022-03-02,LT,LT,1800,0.019692619512623726,0.019887798232420026,1.0701199436704458
2022-03-03,LT,LT,1810,0.005540180375615351,0.005555555555555556,0.27022804278978846
2022-03-04,LT,LT,1740,-0.03944173205129673,-0.03867403314917127,-2.272137063894979
2022-03-07,LT,LT,1658.25,-0.04812228380290937,-0.04698275862068965,-2.7627594205128725
2022-03-08,LT,LT,1627.90002441406,-0.018471973793928734,-0.01830241253486507,-1.086932193475756
2022-03-09,LT,LT,1676.5,0.02941743129454668,0.02985439821676573,1.619763585069867
2022-03-10,LT,LT,1740,0.037176826302291466,0.037876528481956453,2.058322420217832
2022-03-11,LT,LT,1720,-0.011560822401075971,-0.011494252873563218,-0.6963158501454445
2022-03-14,LT,LT,1735,0.008683122573460857,0.00872093023255814,0.4478662565743347
2022-03-15,LT,LT,1748,0.007464863834521112,0.007492795389048991,0.37901061345718823
2022-03-16,LT,LT,1761,0.007409552280725264,0.007437070938215103,0.37588441991004706
2022-03-17,LT,LT,1781.15002441406,0.011377407300857288,0.01144237615789892,0.6001464756409698
2022-03-21,LT,LT,1805,0.013301354969918048,0.013390211525716853,0.7088874596721673
2022-03-22,LT,LT,1756.30004882812,-0.027351240537595044,-0.026980582366692523,-1.588785865854029
2022-03-23,LT,LT,1780,0.01340401305674449,0.013494249566122624,0.714689666021011
2022-03-24,LT,LT,1755,-0.014144507386164625,-0.014044943820224719,-0.842345002717108
2022-03-25,LT,LT,1775.59997558594,0.011669523310161774,0.01173787782674644,0.6166567907674427
2022-03-28,LT,LT,1752,-0.013380387713791147,-0.013291268253229231,-0.7991571725969405
2022-03-29,LT,LT,1748.69995117188,-0.0018853656992486375,-0.0018835895137671221,-0.14946174406595036
2022-03-30,LT,LT,1766.90002441406,0.010353985642970567,0.010407773632053535,0.5423029698392915
2022-03-31,LT,LT,1779.94995117188,0.007358634131604414,0.007385775413154813,0.3730065403660824
2022-04-01,LT,LT,1759,-0.011839780834104906,-0.011769966429722934,-0.7120825027416536
2022-04-04,LT,LT,1784,0.014112568402396466,0.014212620807276862,0.7547370159389925
2022-04-05,LT,LT,1840,0.030907537463076704,0.03139013452914798,1.7039839688581722
2022-04-06,LT,LT,1833,-0.0038116027633262944,-0.0038043478260869567,-0.25833212406304484
2022-04-07,LT,LT,1849.90002441406,0.009177627915140932,0.009219871475210037,0.4758155601482859
2022-04-08,LT,LT,1835.40002441406,-0.007869142068167896,-0.007838261424204669,-0.4876631104765856
2022-04-11,LT,LT,1820.25,-0.00828860041185751,-0.00825434467284403,-0.5113707787185041
2022-04-12,LT,LT,1780,-0.022360489988689655,-0.022112347205054252,-1.3067100409917305
2022-04-13,LT,LT,1754.19995117188,-0.014600479603828941,-0.014494409453999999,-0.868116424901325
2022-04-18,LT,LT,1746.30004882812,-0.004513592775602591,-0.00450342182399591,-0.29800840317528415
2022-04-19,LT,LT,1748.30004882812,0.0011446232258174168,0.0011452785569937588,0.02179238233976504
2022-04-20,LT,LT,1709.94995117188,-0.022179813384674774,-0.02193564982277839,-1.2964982498770665
2022-04-21,LT,LT,1702.94995117188,-0.004102089141857942,-0.0040936870668072415,-0.274750332914126
2022-04-22,LT,LT,1701,-0.0011456992101221153,-0.0011450431473562386,-0.10765600102212597
2022-04-25,LT,LT,1675,-0.015403148136694914,-0.015285126396237508,-0.9134830258324895
2022-04-26,LT,LT,1680,0.00298062813813772,0.0029850746268656717,0.12556286636196692
2022-04-27,LT,LT,1675,-0.0029806281381377893,-0.002976190476190476,-0.2113656707124367
2022-04-28,LT,LT,1690,0.008915363657952329,0.008955223880597015,0.4609924577003787
2022-04-29,LT,LT,1731,0.023970747259090194,0.0242603550295858,1.3119185270950355
2022-05-02,LT,LT,1668.59997558594,-0.036714339339698726,-0.03604854096710572,-2.117985590823225
2022-05-04,LT,LT,1679.5,0.006511193215836777,0.006532437117070185,0.32510941687838435
2022-05-05,LT,LT,1650.69995117188,-0.017296719279103322,-0.01714798977559988,-1.0205071370751255
2022-05-06,LT,LT,1616,-0.021245450692203426,-0.02102135590859229,-1.2436883318864307
2022-05-09,LT,LT,1607.55004882812,-0.005242648879678819,-0.005228930180618813,-0.3392144502243198
2022-05-10,LT,LT,1611,0.0021437929756126265,0.0021460925427453817,0.07826517708057935
2022-05-11,LT,LT,1600.5,-0.006539023767056651,-0.006517690875232775,-0.41248519619820434
2022-05-12,LT,LT,1550,-0.032061149496625474,-0.03155263980006248,-1.8549886026219942
2022-05-13,LT,LT,1530,-0.01298719552681119,-0.012903225806451613,-0.7769340601842979
2022-05-16,LT,LT,1550,0.012987195526811112,0.013071895424836602,0.6911312558338276
2022-05-17,LT,LT,1545,-0.0032310205814464203,-0.0032258064516129032,-0.22551778156098623
2022-05-18,LT,LT,1623,0.049252378182745436,0.05048543689320388,2.7408292343669816
2022-05-19,LT,LT,1550,-0.04602135760129896,-0.04497843499691929,-2.6440156593316906
2022-05-20,LT,LT,1569.40002441406,0.012438465336382131,0.012516144783264516,0.6601171789779829
2022-05-23,LT,LT,1629,0.03727293335237057,0.037976280526815856,2.063754363802368
2022-05-24,LT,LT,1644.80004882812,0.009652496345157474,0.00969923193868631,0.5026549909684377
2022-05-25,LT,LT,1633,-0.007200011976737401,-0.007174153987001183,-0.44984406489799245
2022-05-26,LT,LT,1575,-0.03616354171073169,-0.03551745254133497,-2.0868546629195754
2022-05-27,LT,LT,1575.19995117188,1.2694506713721479e-4,1.26953125003176e-4,-0.035726502493504
2022-05-30,LT,LT,1620,0.028043931899559095,0.028440864789762543,1.5421337835014506
2022-05-31,LT,LT,1660.5,0.024692612590371414,0.025,1.352718153677315
2022-06-01,LT,LT,1653.55004882812,-0.0041942404356639,-0.004185456893634449,-0.27995869826072595
2022-06-02,LT,LT,1632,-0.013118264857085116,-0.013032595441179804,-0.7843420620647517
2022-06-03,LT,LT,1657.94995117188,0.015775613450121156,0.015900705374926473,0.8487318567997505
2022-06-06,LT,LT,1652.15002441406,-0.0035043852066108353,-0.003498252015219441,-0.2409682737015597
2022-06-07,LT,LT,1630,-0.01349746996675466,-0.013406787571797888,-0.8057746287806928
2022-06-08,LT,LT,1595,-0.02170627858186306,-0.02147239263803681,-1.2697341952934496
2022-06-09,LT,LT,1556.19995117188,-0.024626815412622516,-0.024326049422018808,-1.4348021199481655
2022-06-10,LT,LT,1570,0.008828698536031352,0.00886778644204944,0.456094169253962
2022-06-13,LT,LT,1560.15002441406,-0.00629363322656827,-0.006273869799961784,-0.39861579149777365
2022-06-14,LT,LT,1532.05004882812,-0.01817524640100834,-0.01801107274699009,-1.070161244237346
2022-06-15,LT,LT,1547.94995117188,0.010324703627912832,0.010378187289587566,0.5406479585398684
2022-06-16,LT,LT,1568.40002441406,0.013124563641706872,0.013211068760135435,0.6988952632590233
2022-06-17,LT,LT,1522,-0.03003074756276566,-0.029584304827714236,-1.7402308533249216
2022-06-20,LT,LT,1490,-0.021249139482126273,-0.02102496714848883,-1.2438968212609316
2022-06-21,LT,LT,1480,-0.006734032181344068,-0.006711409395973154,-0.42350701722014994
2022-06-22,LT,LT,1490,0.0067340321813441194,0.006756756756756757,0.337704212869687
2022-06-23,LT,LT,1481.5,-0.005721031925884846,-0.005704697986577181,-0.36625252616828785
2022-06-24,LT,LT,1501.75,0.013576006716650813,0.013668579142760715,0.7244106995637117
2022-06-27,LT,LT,1524,0.014707362516320842,0.014816047944065257,0.7883546128644201
2022-06-28,LT,LT,1530,0.003929278139889557,0.003937007874015748,0.17918029907626293
2022-06-29,LT,LT,1531.25,8.166599065559652e-4,8.169934640522876e-4,0.003255987282804817
2022-06-30,LT,LT,1549.05004882812,0.011557476013817417,0.011624521683670203,0.6103239089232766
2022-07-01,LT,LT,1560.94995117188,0.007652707665034416,0.007682064470907485,0.3896274942085124
2022-07-04,LT,LT,1572.09997558594,0.00711771069599438,0.007143101805211077,0.3593896151837039
2022-07-05,LT,LT,1584,0.007541003706487601,0.0075695086819301816,0.38331401772061463
2022-07-06,LT,LT,1565.55004882812,-0.01171606225108554,-0.011647696446893941,-0.705089963039657
2022-07-07,LT,LT,1565.90002441406,2.235230191837131e-4,2.2354800231520706e-4,-0.030267943661505765
2022-07-08,LT,LT,1621,0.03458248859320686,0.03518741600796495,1.9116911786660156
2022-07-11,LT,LT,1684.94995117188,0.038692618041038865,0.03945092607765577,2.143994545249288
2022-07-12,LT,LT,1655,-0.01793485196555164,-0.01777497969660752,-1.056574217995646
2022-07-13,LT,LT,1664,0.005423333569990736,0.005438066465256798,0.26362389402376424
2022-07-14,LT,LT,1651.84997558594,-0.007328485234017873,-0.007301697364218749,-0.45710533745910725
2022-07-15,LT,LT,1653.90002441406,0.0012402928781207337,0.0012410623594269266,0.0271996043243754
2022-07-18,LT,LT,1696.05004882812,0.025165896813423114,0.025485231145693232,1.3794680455629957
2022-07-19,LT,LT,1719.94995117188,0.013993145389575643,0.014091507712448438,0.7479872606629322
2022-07-20,LT,LT,1740.34997558594,0.011791036149526217,0.011860824438618424,0.6235246624551196
2022-07-21,LT,LT,1726.90002441406,-0.007758320649650862,-0.00772830256015126,-0.4813995149042806
2022-07-22,LT,LT,1765.5,0.02210602864031027,0.022352177335243847,1.2065251524163916
2022-07-25,LT,LT,1765,-2.8324600104396745e-4,-2.832058906825262e-4,-0.05891038691620506
2022-07-26,LT,LT,1780.75,0.008883933491065981,0.008923512747875353,0.45921603346054757
2022-07-27,LT,LT,1754,-0.015135729926334848,-0.015021760494173803,-0.8983686233931489
2022-07-28,LT,LT,1805,0.028661697834852905,0.029076396807297605,1.5770497413443145
2022-07-29,LT,LT,1814.94995117188,0.005497300439857683,0.005512438322371192,0.26780448081642166
2022-08-01,LT,LT,1808,-0.0038366302547170944,-0.003829279792201733,-0.2597466708750153
2022-08-02,LT,LT,1809,5.529444431732314e-4,5.530973451327434e-4,-0.011649136933219825
2022-08-03,LT,LT,1793.05004882812,-0.008856098722892308,-0.008816998989430625,-0.5434456245006103
2022-08-04,LT,LT,1793.80004882812,4.1819423199225043e-4,4.1828168739080986e-4,-0.01926518117281436
2022-08-05,LT,LT,1782.94995117188,-0.006067033445387523,-0.006048666161720927,-0.3858084352566979
2022-08-08,LT,LT,1796.40002441406,0.0075154073451228895,0.007543718898749605,0.38186731853686
2022-08-10,LT,LT,1830,0.018531291031335877,0.01870406097155307,1.0044819827895521
2022-08-11,LT,LT,1870.05004882812,0.021649227734222763,0.02188527258367213,1.1807068929943212
2022-08-12,LT,LT,1865,-0.0027041414917733453,-0.002700488594561759,-0.19573872280702262
2022-08-16,LT,LT,1860,-0.002684565370668987,-0.002680965147453083,-0.1946322859186217
2022-08-17,LT,LT,1861.44995117188,7.792399544660961e-4,7.795436407957001e-4,0.001141022058912273
2022-08-18,LT,LT,1857,-0.0023934453090070974,-0.0023905833025908247,-0.17817826147429205
2022-08-19,LT,LT,1894.09997558594,0.01978149642045931,0.01997844673448573,1.0751432416380093
2022-08-22,LT,LT,1937.09997558594,0.022448217923958652,0.022702075156670623,1.2258655950007893
2022-08-23,LT,LT,1870,-0.035253565848491444,-0.03463939725962951,-2.035423081751389
2022-08-24,LT,LT,1876,0.0032034197175376438,0.0032085561497326204,0.1381549841037345
2022-08-25,LT,LT,1900,0.012712035588361944,0.01279317697228145,0.6755792930886386
2022-08-26,LT,LT,1890.19995117188,-0.005171268425826972,-0.005157920435852631,-0.33518004694128634
2022-08-29,LT,LT,1870,-0.010744186880072486,-0.010686674263935148,-0.6501598389520111
2022-08-30,LT,LT,1893.90002441406,0.012699777083949143,0.012780761718748663,0.6748864458485422
2022-09-01,LT,LT,1905,0.00584380062822001,0.005860908940731516,0.2873885745292766
2022-09-02,LT,LT,1900.5,-0.0023649991314978564,-0.002362204724409449,-0.17657049147928433
2022-09-05,LT,LT,1947.94995117188,0.024660503026221754,0.024967088225140755,1.3509033300942228
2022-09-06,LT,LT,1973.80004882812,0.01318313102051068,0.013270411614368566,0.7022054751247977
2022-09-07,LT,LT,1941.09997558594,-0.016705833376425915,-0.016567064765042744,-0.9871104311560548
2022-09-08,LT,LT,1967.90002441406,0.013712186619582534,0.013806629831124562,0.732107549581102
2022-09-09,LT,LT,1977.34997558594,0.004790555348557609,0.004802048404208803,0.22785944596799124
2022-09-12,LT,LT,1949.75,-0.014056392857142807,-0.013958063027138841,-0.8373647941868232
2022-09-13,LT,LT,1968.90002441406,0.009773864337026985,0.009821784543690216,0.509514675916222
2022-09-14,LT,LT,1964.65002441406,-0.0021608987306727724,-0.002158565669815962,-0.16503479392171186
2022-09-15,LT,LT,1959.09997558594,-0.0028289531848504678,-0.002824955467463093,-0.20279304478368626
2022-09-16,LT,LT,1947,-0.006195445259911386,-0.006176293061471283,-0.3930662350903978
2022-09-19,LT,LT,1921.09997558594,-0.013391800446178145,-0.013302529231669235,-0.7998022170387432
2022-09-20,LT,LT,1931,0.00514007750249286,0.005153310363788052,0.2476143403296333
2022-09-21,LT,LT,1921.09997558594,-0.005140077502492903,-0.005126889908886587,-0.3334171446801016
2022-09-22,LT,LT,1882,-0.020562884780696514,-0.02035291035492019,-1.2051098975157875
2022-09-23,LT,LT,1890,0.004241787908363124,0.004250797024442083,0.1968432637658208
2022-09-26,LT,LT,1849,-0.021931876666563176,-0.021693121693121695,-1.2824849359296644
2022-09-27,LT,LT,1856,0.0037786819590209663,0.0037858301784748512,0.1706686450628327
2022-09-28,LT,LT,1829.69995117188,-0.014271642062033562,-0.014170284928943965,-0.8495306190313108
2022-09-29,LT,LT,1844.65002441406,0.008137578532878874,0.008170778620070917,0.4170322600165173
2022-09-30,LT,LT,1823.94995117188,-0.01128511860967666,-0.011221680518371082,-0.6807331489836562
2022-10-03,LT,LT,1852,0.015261683998810048,0.015378738221461593,0.8196847079833456
2022-10-04,LT,LT,1835.30004882812,-0.00905815373671853,-0.009017252252634991,-0.5548657173572038
2022-10-06,LT,LT,1882,0.02512705867591882,0.025445403982688804,1.377272924896217
2022-10-07,LT,LT,1905,0.012146967415476436,0.012221041445270989,0.6436417980348995
2022-10-10,LT,LT,1905,0,0,-0.04290140217523293
2022-10-11,LT,LT,1923.80004882812,0.00982041353879264,0.00986879203575853,0.5121456237778836
2022-10-12,LT,LT,1880,-0.023030645275599136,-0.02276746424598582,-1.3445870303319978
2022-10-13,LT,LT,1901,0.011108286664434246,0.011170212765957447,0.5849358525568034
2022-10-14,LT,LT,1900,-5.261773338973785e-4,-5.260389268805891e-4,-0.07264079788907025
2022-10-17,LT,LT,1902.90002441406,0.0015251649833520945,0.0015263286389789468,0.043300496019116556
2022-10-18,LT,LT,1893.09997558594,-0.0051633670183589275,-0.005150059752160455,-0.33473346160161016
2022-10-19,LT,LT,1920,0.01410950190230233,0.014209510728948205,0.7545636982115249
2022-10-20,LT,LT,1898.65002441406,-0.011182065867898987,-0.011119778951010417,-0.6749086368473736
2022-10-21,LT,LT,1913.69995117188,0.007895395247057008,0.00792664607183967,0.403344128452609
2022-10-24,LT,LT,1906,-0.004031710186837831,-0.0040235937546870045,-0.27077253406489304
2022-10-25,LT,LT,1915,0.004710817400598905,0.00472193074501574,0.2233526794560461
2022-10-27,LT,LT,1952.09997558594,0.0191880810477394,0.019373355397357704,1.0416035707797553
2022-10-28,LT,LT,1972,0.01014255250009496,0.01019416252391829,0.530352827752357
2022-10-31,LT,LT,1986,0.007074309442537196,0.007099391480730223,0.356936588479799
2022-11-01,LT,LT,2032,0.022897964093254602,0.023162134944612285,1.2512851226729624
2022-11-02,LT,LT,2036.5,0.0022121183900947004,0.0022145669291338582,0.08212691039308012
2022-11-03,LT,LT,2006,-0.015089958566586452,-0.01497667566904002,-0.8957816389447018
2022-11-04,LT,LT,2010,0.0019920325312405766,0.0019940179461615153,0.06968771921963618
2022-11-07,LT,LT,2021.40002441406,0.005655630665238331,0.005671653937343283,0.27675326086207536
2022-11-09,LT,LT,2025.05004882812,0.0018040629875341447,0.0018056912882040879,0.05906373319380469
2022-11-10,LT,LT,1995,-0.01495036538192999,-0.014839163528580302,-0.8878918711990941
2022-11-11,LT,LT,2003.59997558594,0.00430149997440097,0.00431076470473183,0.20021817303383693
2022-11-14,LT,LT,2013.05004882812,0.0047054588381743815,0.004716546894255368,0.2230498150068692
2022-11-15,LT,LT,2003,-0.005004952470720959,-0.004992448565285572,-0.3257799156855618
2022-11-16,LT,LT,1986,-0.008523491060700328,-0.008487269096355467,-0.5246467324804709
2022-11-17,LT,LT,2002,0.008024115270048,0.008056394763343404,0.41061934814264966
2022-11-18,LT,LT,2039,0.018312810699289375,0.01848151848151848,0.9921335355421291
2022-11-21,LT,LT,2019,-0.009857152261617702,-0.00980872976949485,-0.6000248904647689
2022-11-22,LT,LT,2021.55004882812,0.0012622287242428606,0.0012630256701931639,0.028439412210647833
2022-11-23,LT,LT,2038.94995117188,0.00857037746460683,0.008607208292392572,0.441493934562335
2022-11-24,LT,LT,2030.5,-0.004152877375334832,-0.00414426610472877,-0.2776208696622379
2022-11-25,LT,LT,2061,0.014909233764106649,0.015020930805220389,0.7997643193158179
2022-11-28,LT,LT,2064.35009765625,0.0016241522844717732,0.0016254719341339155,0.04889523058671585
2022-11-29,LT,LT,2070,0.0027331530844840937,0.0027368915525349067,0.11157564556057888
2022-11-30,LT,LT,2053,-0.0082464692404812,-0.00821256038647343,-0.5089895366985049
2022-12-01,LT,LT,2085.25,0.015586614102787534,0.01570871894788115,0.8380496665609977
2022-12-02,LT,LT,2096.10009765625,0.005189769694291996,0.005203259875914159,0.2504229291087361
2022-12-05,LT,LT,2095.94995117188,-7.163391786138379e-5,-7.163135221351488e-5,-0.046950131173178894
2022-12-06,LT,LT,2081,-0.007158340504517419,-0.007132780610300947,-0.44748880494570814
2022-12-07,LT,LT,2096.30004882812,0.007325361868727029,0.007352257966419989,0.3711260013761639
2022-12-08,LT,LT,2120,0.011242179403696798,0.011305610179768312,0.592503432723446
2022-12-09,LT,LT,2168,0.022388994893478686,0.022641509433962263,1.2225183258856969
2022-12-12,LT,LT,2148.89990234375,-0.008849045715785086,-0.008810008144026753,-0.5430469905119879
2022-12-13,LT,LT,2170,0.009771129690753565,0.00981902304208617,0.5093601144738653
2022-12-14,LT,LT,2176.94995117188,0.0031976246203750448,0.0032027424755207384,0.1378274468332821
2022-12-15,LT,LT,2196.69995117188,0.009031419837317697,0.009072326164121652,0.46755192049140787
2022-12-16,LT,LT,2161,-0.01638513448531191,-0.016251628335874933,-0.9689846195457655
2022-12-19,LT,LT,2171,0.004616813371405964,0.004627487274409995,0.21803959802367634
2022-12-20,LT,LT,2179.89990234375,0.004091068494576788,0.004099448338899125,0.188324644662354
2022-12-21,LT,LT,2153.10009765625,-0.012370249912619256,-0.012294052886871463,-0.7420644666606272
2022-12-22,LT,LT,2144,-0.004235466269556651,-0.004226509332360294,-0.2822887708594224
2022-12-23,LT,LT,2094.5,-0.023358381803603067,-0.02308768656716418,-1.3631106072105277
2022-12-26,LT,LT,2052.75,-0.020134503798191396,-0.019933158271663882,-1.1808979242241238
2022-12-27,LT,LT,2101.55004882812,0.02349483333671764,0.02377301124253806,1.285020005339398
2022-12-28,LT,LT,2129,0.012977194967863702,0.013061764190287461,0.6905660270397751
2022-12-29,LT,LT,2109.64990234375,-0.009130375249955183,-0.00908881994187412,-0.5589476570813803
2022-12-30,LT,LT,2115,0.002532801836854102,0.0025360120891652314,0.10025184909276788
2023-01-02,LT,LT,2092.89990234375,-0.010504195145181274,-0.01044921875,-0.6365955732336173
2023-01-03,LT,LT,2088,-0.00234394733266774,-0.002341202433170744,-0.1753806496986442
2023-01-04,LT,LT,2090.94995117188,0.0014118147842592447,0.0014128118639272042,0.03689397447609253
2023-01-05,LT,LT,2080,-0.005250591091425005,-0.005236830831719844,-0.3396633418103815
2023-01-06,LT,LT,2090.19995117188,0.004891838104538064,0.0049038226787884625,0.23358391900216838
2023-01-09,LT,LT,2108,0.008479898861351294,0.008515955049247953,0.4363801092177099
2023-01-10,LT,LT,2131.89990234375,0.011273924402098527,0.011337714584321631,0.5942976511524525
2023-01-11,LT,LT,2106.10009765625,-0.012175612747627679,-0.012101789891324837,-0.7310636285450255
2023-01-12,LT,LT,2118.10009765625,0.005681564189817777,0.005697734886083556,0.27821901641640545
2023-01-13,LT,LT,2161.89990234375,0.020467912983383584,0.02067881717958749,1.1139393137495428
2023-01-16,LT,LT,2147,-0.006915900610143971,-0.006892040805218031,-0.43378616993825053
2023-01-17,LT,LT,2139.89990234375,-0.003312465562574178,-0.003306985401141127,-0.2301210291101039
2023-01-18,LT,LT,2221,0.03719849157822064,0.037899014606909504,2.0595469355524907
2023-01-19,LT,LT,2259.85009765625,0.017340937701387886,0.017492164635862225,0.937203545582085
2023-01-20,LT,LT,2282.44995117188,0.009950923435479665,0.01000059850831208,0.5195220066285072
2023-01-23,LT,LT,2255,-0.012099433094516384,-0.012026529281742346,-0.7267579758624234
2023-01-24,LT,LT,2244.69995117188,-0.004578112731905356,-0.004567649147725054,-0.3016550530560668
2023-01-25,LT,LT,2201,-0.01966005767841164,-0.019468059037942142,-1.1540823622604137
2023-01-27,LT,LT,2174.69995117188,-0.01202110100432744,-0.011949136223589276,-0.7223306680383367
2023-01-30,LT,LT,2129.39990234375,-0.021050497502552713,-0.020830482294221405,-1.2326696321455024
2023-01-31,LT,LT,2119.94995117188,-0.004447723569987498,-0.00443784709554499,-0.294285494100821
2023-02-01,LT,LT,2133,0.006136959021756681,0.006155828735912423,0.3039578049209457
2023-02-02,LT,LT,2135.60009765625,0.0012182438824609935,0.0012189862429676512,0.025953401257890626
2023-02-03,LT,LT,2176.94995117188,0.01917710880106873,0.01936217064281374,1.0409834224674137
2023-02-06,LT,LT,2164.25,-0.005850911058997073,-0.005833827812643766,-0.37359325843811986
2023-02-07,LT,LT,2162.25,-9.245349092619045e-4,-9.241076585422202e-4,-0.09515585660819201
2023-02-08,LT,LT,2160.55004882812,-7.865046915468105e-4,-7.861954778032152e-4,-0.08735442731687083
2023-02-09,LT,LT,2150,-0.004894999373365948,-0.00488303838823004,-0.3195653973824217
2023-02-10,LT,LT,2140.19995117188,-0.004568582343554188,-0.004558162245637209,-0.30111639817258373
2023-02-13,LT,LT,2173,0.015209441478275331,0.015325693662482388,0.8167319753375619
2023-02-14,LT,LT,2215,0.019143702222806355,0.019328117809479982,1.0390952920095102
2023-02-15,LT,LT,2186,-0.013179013742752193,-0.01309255079006772,-0.7877755720881617
2023-02-16,LT,LT,2186.80004882812,3.6592061293145824e-4,3.659875700457446e-4,-0.022219671498592025
2023-02-17,LT,LT,2169.80004882812,-0.007804290457553534,-0.00777391605104001,-0.4839977155868918
2023-02-20,LT,LT,2233.69995117188,0.0290243615879007,0.029449673198353687,1.597547395211437
2023-02-21,LT,LT,2239,0.0023699561189924174,0.0023727666848626645,0.09104785467529442
2023-02-22,LT,LT,2229,-0.004476283212885977,-0.0044662795891022775,-0.29589967712788656
2023-02-23,LT,LT,2204,-0.011279163113063716,-0.011215791834903545,-0.6803965459811421
2023-02-24,LT,LT,2160,-0.020165669594594413,-0.019963702359346643,-1.1826594063181946
2023-02-27,LT,LT,2134.05004882812,-0.012086616032430473,-0.01201386628327778,-0.7260335590988992
2023-02-28,LT,LT,2115,-0.008966793165401893,-0.008926711366765289,-0.5497020434244957
2023-03-01,LT,LT,2100,-0.0071174677688639896,-0.0070921985815602835,-0.4451786893607189
2023-03-02,LT,LT,2129.94995117188,0.014161137613491356,0.014261881510419048,0.7574821341628449
2023-03-03,LT,LT,2140,0.004707346690891365,0.0047184436529086275,0.22315651591430657
2023-03-06,LT,LT,2158.25,0.00849187909973484,0.00852803738317757,0.43705722893967774
2023-03-08,LT,LT,2152,-0.002900065833957013,-0.002895864705200973,-0.20681231181743362
2023-03-09,LT,LT,2174.94995117188,0.010608011020895959,0.010664475451617101,0.5566604131360674
2023-03-10,LT,LT,2171.5,-0.0015874803276943782,-0.0015862209473009444,-0.1326253461990986
2023-03-13,LT,LT,2164.05004882812,-0.003436684351680888,-0.003430785711204238,-0.23714184032022464
2023-03-14,LT,LT,2144.35009765625,-0.009144966945879886,-0.009103278911011299,-0.5597723756530194
2023-03-15,LT,LT,2164.19995117188,0.009214233898491167,0.009256815637206659,0.47788452008672194
2023-03-16,LT,LT,2184.89990234375,0.00951926062018973,0.009564712891089986,0.4951245450659379
2023-03-17,LT,LT,2186.69995117188,8.235195306874291e-4,8.238587159984232e-4,0.0036436913197361726
2023-03-20,LT,LT,2191.10009765625,0.0020102096564579524,0.0020122314824271635,0.07071508525187378
2023-03-21,LT,LT,2182.69995117188,-0.003841125208624078,-0.00383375752360897,-0.26000072441237526
2023-03-22,LT,LT,2219.5,0.016719325099572,0.016859875223968483,0.90207017522349775
2023-03-23,LT,LT,2214,-0.00248111100550774,-0.0024780355936021626,-0.1831331021160409
2023-03-24,LT,LT,2206,-0.0036199134551343527,-0.0036133694670280035,-0.247497897989096
2023-03-27,LT,LT,2175.05004882812,-0.014129245599953813,-0.014029896270117862,-0.8414824108299556
2023-03-28,LT,LT,2167.75,-0.0033619119562241563,-0.0033562670578790314,-0.23291572544657835
2023-03-29,LT,LT,2137.64990234375,-0.013982714153868606,-0.01388541005939338,-0.8332004944893732
2023-03-31,LT,LT,2156.5,0.008779487984496584,0.00881814072340961,0.45331280264786245
2023-04-03,LT,LT,2180,0.01083833969523694,0.010897287271041039,0.5696785253754021
2023-04-05,LT,LT,2170,-0.0045977092486294314,-0.0045871559633027525,-0.30276264269918846
2023-04-06,LT,LT,2257.75,0.03964157459640296,0.04043778801843318,2.197629304287991
2023-04-10,LT,LT,2284.89990234375,0.011953474823754206,0.012025203119809544,0.6327056508802871
2023-04-11,LT,LT,2320,0.01524496870569341,0.015361766010075916,0.8187399642924943
2023-04-12,LT,LT,2304,-0.006920442844573795,-0.006896551724137931,-0.4340428957575347
2023-04-13,LT,LT,2294.80004882812,-0.00400102781034259,-0.00399303436279514,-0.26903837472877296
2023-04-17,LT,LT,2258.75,-0.01583415209900112,-0.015709450959149836,-0.9378432492087324
2023-04-18,LT,LT,2220,-0.01730436704011309,-0.01715550636413946,-1.0209393863879375
2023-04-19,LT,LT,2208.10009765625,-0.005374734413451193,-0.005360316371058558,-0.346679887642223
2023-04-20,LT,LT,2225,0.007624454147466641,0.007653594310189159,0.38803061329949967
2023-04-21,LT,LT,2240.14990234375,0.006785868698829637,0.006808944873595506,0.34063399833670926
2023-04-24,LT,LT,2220,-0.009035588432845092,-0.00899489017349608,-0.553590332694918
2023-04-25,LT,LT,2231.05004882812,0.004965152675461823,0.004977499472126125,0.23772763804103733
2023-04-26,LT,LT,2247.85009765625,0.007501898711160256,0.0075301084513789305,0.38110381432433055
2023-04-27,LT,LT,2275.75,0.012335421132451004,0.01241181623847613,0.6542931493983986
2023-04-28,LT,LT,2312.30004882812,0.01593305289121248,0.016060660805501482,0.8576302899665683
2023-05-02,LT,LT,2373.19995117188,0.02599651353307523,0.026337370175909584,1.426414270192811
2023-05-03,LT,LT,2384.10009765625,0.004582500766030496,0.004593016479284661,0.21610025916680187
2023-05-04,LT,LT,2361.80004882812,-0.009397674734422492,-0.009353654592796934,-0.5740553491664756
2023-05-05,LT,LT,2357,-0.002034436905162891,-0.0020323688410886814,-0.15788720692157301
2023-05-08,LT,LT,2377.44995117188,0.008638840230031765,0.008676262694900298,0.4453634309117024
2023-05-09,LT,LT,2367.64990234375,-0.004130603386483772,-0.004122084178175618,-0.2763619500435216
2023-05-10,LT,LT,2387,0.00813948655915109,0.008172702238238528,0.4171401011276528
2023-05-11,LT,LT,2300,-0.03712822442158902,-0.036447423544197735,-2.1413782598673654
2023-05-12,LT,LT,2222.64990234375,-0.034208989179935624,-0.033630477241847825,-1.9763839006648045
2023-05-15,LT,LT,2220.89990234375,-7.876585916196397e-4,-7.873484700197958e-4,-0.08741964542618373
2023-05-16,LT,LT,2254.60009765625,0.015060141778968422,0.015174117157164834,0.8082935980993073
2023-05-17,LT,LT,2224.35009765625,-0.01350783493219236,-0.01341701352334994,-0.8063604537276339
2023-05-18,LT,LT,2230,0.0025368034617025493,0.0025400238702096315,0.10047801980974808
2023-05-19,LT,LT,2192,-0.01718721638625825,-0.017040358744394617,-1.0143180642049423
2023-05-22,LT,LT,2190,-9.12825257359689e-4,-9.124087591240876e-4,-0.09449403035845244
2023-05-23,LT,LT,2225.60009765625,0.016125042237247925,0.016255752354452056,0.8684814740954966
2023-05-24,LT,LT,2200,-0.011569225701387319,-0.011502559549313968,-0.6967908023282197
2023-05-25,LT,LT,2190,-0.004555816535860691,-0.004545454545454545,-0.30039487829298034
2023-05-26,LT,LT,2209,0.008638380609570763,0.008675799086757991,0.44533745329182534
2023-05-29,LT,LT,2225,0.007216991180223392,0.007243096423721141,0.3650009203786247
2023-05-30,LT,LT,2230,0.0022446698538239494,0.0022471910112359553,0.08396671001678942
2023-05-31,LT,LT,2201.10009765625,-0.01304430569908611,-0.012959597463565023,-0.7801619111447129
2023-06-01,LT,LT,2217,0.0071976508612330865,0.007223616209312948,0.36390781095974445
2023-06-02,LT,LT,2221,0.0018026142781158762,0.0018042399639152007,0.058981852542760435
2023-06-05,LT,LT,2245,0.010747976281927299,0.010805943268797838,0.5645712105342946
2023-06-06,LT,LT,2269,0.010633684603487048,0.010690423162583519,0.5581114768419342
2023-06-07,LT,LT,2278,0.003958659227285667,0.003966505068312032,0.18084090991653556
2023-06-08,LT,LT,2316.94995117188,0.01695377948926567,0.017098310435417034,0.915321471740398
2023-06-09,LT,LT,2345,0.0120337573839865,0.012106454355620709,0.6372431987255802
2023-06-12,LT,LT,2365,0.008492620045653597,0.008528784648187633,0.43709910699572635
2023-06-13,LT,LT,2345.85009765625,-0.008130170746333192,-0.00809721029334038,-0.5024163783437485
2023-06-14,LT,LT,2352.89990234375,0.003000717202396946,0.0030052238608696664,0.1266982946539852
2023-06-15,LT,LT,2355,8.921590684211528e-4,8.92557160701171e-4,0.007523178790544247
2023-06-16,LT,LT,2363.75,0.0037086135221491815,0.0037154989384288748,0.16670839661247577
2023-06-19,LT,LT,2379,0.006430890330290331,0.0064516129032258064,0.3205707202520213
2023-06-20,LT,LT,2364.94995117188,-0.005923371896037012,-0.005905863315729297,-0.3776887246767072
2023-06-21,LT,LT,2382,0.007183611508324844,0.007209475540770475,0.3631143106608778
2023-06-22,LT,LT,2394.60009765625,0.005275772149360394,0.005289713541666667,0.25528376381002604
2023-06-23,LT,LT,2418.94995117188,0.010117298447910381,0.01016865134995308,0.5289254757877025
2023-06-26,LT,LT,2398.10009765625,-0.008656743654346507,-0.00861938193699672,-0.5321781317959567
2023-06-27,LT,LT,2387.44995117188,-0.0044509675829537574,-0.0044410767068392065,-0.29446884480616176
2023-06-28,LT,LT,2400,0.005242907060821143,0.005256675149131317,0.253426238199792
2023-06-30,LT,LT,2420,0.008298802814695064,0.008333333333333333,0.4261446113222959
2023-07-03,LT,LT,2478.19995117188,0.023764930328601667,0.024049566599950414,1.300285811761084
2023-07-04,LT,LT,2458.19995117188,-0.00810311556181694,-0.008070373817311427,-0.5008872268835743
2023-07-05,LT,LT,2461,0.0011384164735390861,0.0011390647155391695,0.021441578437331955
2023-07-06,LT,LT,2468.10009765625,0.0028808920193174273,0.002885045776615197,0.11992580882741058
2023-07-07,LT,LT,2482.75,0.005918153373094602,0.005935700240708146,0.29159097086941754
2023-07-10,LT,LT,2450,-0.0132787922446953,-0.01319101802436814,-0.7934150251049629
2023-07-11,LT,LT,2447.19995117188,-0.0011435306547270486,-0.00114287707270204,-0.1075334348778499
2023-07-12,LT,LT,2480.30004882812,0.013435046387286907,0.013525702156208975,0.716443661181698
2023-07-13,LT,LT,2466,-0.0057821355470429004,-0.00576545117389181,-0.3697060857424108
2023-07-14,LT,LT,2450.25,-0.006407344575000323,-0.006386861313868613,-0.40504272510041794
2023-07-17,LT,LT,2475,0.010050335853501506,0.010101010101010102,0.5251407686844903
2023-07-18,LT,LT,2469,-0.0024271856576111883,-0.0024242424242424242,-0.18008525653853705
2023-07-19,LT,LT,2474.60009765625,0.0022655958981436736,0.00226816429981774,0.08514944418768199
2023-07-20,LT,LT,2494,0.00780904099665864,0.00783961107983633,0.3984634103776838
2023-07-21,LT,LT,2522,0.011164390284883134,0.011226944667201283,0.5881068134895938
2023-07-24,LT,LT,2637.64990234375,0.04483609465625729,0.04585642440275575,2.491222124904629
2023-07-25,LT,LT,2616,-0.008241898604032839,-0.008208027276293354,-0.5087312056050785
2023-07-26,LT,LT,2591,-0.009602532014979393,-0.0095565749235474,-0.5856338253547534
2023-07-27,LT,LT,2668.94995117188,0.02964121676396479,0.030084890456148206,1.6324118771974219
2023-07-28,LT,LT,2660.14990234375,-0.003302642873604316,-0.003297195147577078,-0.22956585347742334
2023-07-31,LT,LT,2655,-0.0019378207764313038,-0.0019359444139642771,-0.15242649035401348
2023-08-01,LT,LT,2681.35009765625,0.009875780762656399,0.009924707215160075,0.5152749637816894
2023-08-02,LT,LT,2638,-0.016299381161435766,-0.016167265025981512,-0.9641378656697672
2023-08-03,LT,LT,2615,-0.008756956778236586,-0.008718726307808946,-0.5378421495236153
2023-08-04,LT,LT,2605,-0.0038314223115559487,-0.0038240917782026767,-0.25945231938446883
2023-08-07,LT,LT,2628,0.008790425417033728,0.008829174664107486,0.4539309832751165
2023-08-08,LT,LT,2639.05004882812,0.004195921792167447,0.004204736997001521,0.19425092370948133
2023-08-09,LT,LT,2635,-0.0015358404212059127,-0.001534661621865958,-0.12970667313062784
2023-08-10,LT,LT,2640.10009765625,0.0019336502249967633,0.0019355209321631878,0.06638796760317862
2023-08-11,LT,LT,2642.05004882812,7.383172406585502e-4,7.385898639226096e-4,-0.0011719182773662193
2023-08-14,LT,LT,2637,-0.001913242087831397,-0.0019114130068656136,-0.15103730975023177
2023-08-16,LT,LT,2669,0.01206196305123736,0.012135001896094046,0.638837375148067
2023-08-17,LT,LT,2691.05004882812,0.00822759974776503,0.008261539463514425,0.42212023389845943
2023-08-18,LT,LT,2650,-0.015371830172021284,-0.015254286647695828,-0.9117129432303325
2023-08-21,LT,LT,2641.85009765625,-0.0030801737149942646,-0.0030754348466981133,-0.21699195886850217
2023-08-22,LT,LT,2668,0.00984966177024066,0.00989832934387504,0.5137987256371367
2023-08-23,LT,LT,2689.55004882812,0.008044783475867108,0.008077229695697151,0.4117875093536177
2023-08-24,LT,LT,2747.5,0.021317495766394964,0.021546336792330645,1.16195749497467
2023-08-25,LT,LT,2677.44995117188,-0.025826576503357797,-0.02549592314035305,-1.5026122811635103
2023-08-28,LT,LT,2653.55004882812,-0.00896644624544415,-0.008926367543602215,-0.549682435605535
2023-08-29,LT,LT,2710,0.021050250344772127,0.021273369687076313,1.1468528585064202
2023-08-30,LT,LT,2722.94995117188,0.004767198598736762,0.004778579768221403,0.22653932900216475
2023-08-31,LT,LT,2720,-0.001083953182440419,-0.001083365917397941,-0.10416613281099994
2023-09-01,LT,LT,2710,-0.003683245416296405,-0.003676470588235294,-0.25107740271686707
2023-09-04,LT,LT,2733,0.008451272054321425,0.008487084870848708,0.4347621300927274
2023-09-05,LT,LT,2720.5,-0.004584220002087985,-0.004573728503476033,-0.30200023425828093
2023-09-06,LT,LT,2740,0.007142233456135806,0.007167800036757949,0.3607756347266582
2023-09-07,LT,LT,2733,-0.0025580134540479434,-0.0025547445255474453,-0.18747960699408295
2023-09-08,LT,LT,2888,0.0551643140846488,0.056714233443102814,3.07497019767924
2023-09-11,LT,LT,2905,0.005869169273294782,0.005886426592797784,0.28882240325202746
2023-09-12,LT,LT,2951.60009765625,0.015914038984068003,0.016041341706110154,0.8565556292539007
2023-09-13,LT,LT,2943.5,-0.0027480798017636846,-0.0027443072869803636,-0.19822210379593994
2023-09-14,LT,LT,2924.89990234375,-0.006339090808865526,-0.00631904116060812,-0.40118504133246163
2023-09-15,LT,LT,2933,0.0027655313180005347,0.0027693589273804944,0.1134056542611214
2023-09-18,LT,LT,2910,-0.007872708811912843,-0.007841800204568702,-0.48786470183525393
2023-09-20,LT,LT,2926.94995117188,0.005807827361326203,0.005824725488618557,0.2853553755479554
2023-09-21,LT,LT,2885.05004882812,-0.014418660787783123,-0.01431520970387085,-0.8578400762822062
2023-09-22,LT,LT,2908.69995117188,0.008163981428360395,0.008197397599173841,0.4185245442829262
2023-09-25,LT,LT,2917.94995117188,0.0031750690107870357,0.0031801148813143435,0.13655261008929676
2023-09-26,LT,LT,2915,-0.0010114783936359373,-0.001010967021793938,-0.10006987802258362
2023-09-27,LT,LT,2922,0.0023984935260520585,0.0024013722126929675,0.09266078093896932
2023-09-28,LT,LT,2989,0.022670569973293118,0.02292950034223135,1.2384328706262158
2023-09-29,LT,LT,3040,0.016918632116329543,0.01706256273001004,0.9133349520545213
2023-10-03,LT,LT,3040.5,1.644601598970853e-4,1.644736842105263e-4,-0.033606159945558566
2023-10-04,LT,LT,3064.10009765625,0.007731944714561275,0.00776191338801184,0.39410595008121585
2023-10-05,LT,LT,3032.55004882812,-0.010350054444939987,-0.010296676943505481,-0.6278835839768211
2023-10-06,LT,LT,3114.94995117188,0.026809219223166602,0.027171819431505217,1.4723481684424617
2023-10-09,LT,LT,3075,-0.01290818381233417,-0.012825230516737635,-0.7724683401855739
2023-10-10,LT,LT,3073.85009765625,-3.7402191918567066e-4,-3.739519817073171e-4,-0.06404101641502252
2023-10-11,LT,LT,3090,0.005240211570358581,0.005253965493003053,0.2532738898329111
2023-10-12,LT,LT,3094,0.0012936612412202692,0.0012944983818770227,0.03021596927696833
2023-10-13,LT,LT,3067.75,-0.008520358276354216,-0.008484162895927601,-0.5244696683856247
2023-10-16,LT,LT,3098.94995117188,0.010118934807738959,0.010170304350706545,0.5290179623874424
2023-10-17,LT,LT,3109.89990234375,0.003527211249352297,0.0035334391792062442,0.15645559090125868
2023-10-18,LT,LT,3068.64990234375,-0.013352846283763927,-0.013264092509508838,-0.7976005386765136
2023-10-19,LT,LT,3025.60009765625,-0.01412824244913597,-0.014028907192905827,-0.8414257130263625
2023-10-20,LT,LT,3039.94995117188,0.004731600653592649,0.004742812352083796,0.22452734310114011
2023-10-23,LT,LT,3003,-0.012229262851110678,-0.012154789310802978,-0.7340959173852749
2023-10-25,LT,LT,2959,-0.014760415583120573,-0.014652014652014652,-0.877155961708818
2023-10-26,LT,LT,2906,-0.018073808269981444,-0.01791145657316661,-1.06442798944901
2023-10-27,LT,LT,2864.64990234375,-0.014331420583005416,-0.014229214609858912,-0.8529092843136064
2023-10-30,LT,LT,2899.19995117188,0.011988675459508474,0.012060827677358563,0.6346951809657448
2023-10-31,LT,LT,2929.94995117188,0.010550521347187213,0.010606374350817233,0.5534111128607779
2023-11-01,LT,LT,2947.44995117188,0.005955031819086068,0.005972798270154955,0.29367533032011456
2023-11-02,LT,LT,2935,-0.004232919910807756,-0.004223973732592139,-0.28214485137527845
2023-11-03,LT,LT,2934,-3.4077355926975247e-4,-3.4071550255536625e-4,-0.0621618284137993
2023-11-06,LT,LT,2933,-3.408897254760005e-4,-3.4083162917518747e-4,-0.06216839409527896
2023-11-07,LT,LT,2970,0.01253616281929426,0.01261506989430617,0.6656390133813179
2023-11-08,LT,LT,2974.69995117188,0.0015812243476531255,0.0015824751420471389,0.04646895560681077
2023-11-09,LT,LT,3003,0.009468611838931893,0.0095135809636771,0.4922618901182351
2023-11-10,LT,LT,3021.05004882812,0.005992680240000402,0.00601067227043623,0.29580320853805175
2023-11-13,LT,LT,3050,0.009537121378126593,0.009582744643078598,0.4961340301079847
2023-11-15,LT,LT,3062.35009765625,0.004041036349465442,0.004049212346311475,0.18549684181714698
2023-11-16,LT,LT,3057.94995117188,-0.0014378861191052946,-0.0014368528561569827,-0.1241703233786045
2023-11-17,LT,LT,3050,-0.0026031502303602676,-0.00259976497288106,-0.19003072496424805
2023-11-20,LT,LT,3095.10009765625,0.014678656724870532,0.014786917264344262,0.7867321695620901
2023-11-21,LT,LT,3088.5,-0.0021347111903740872,-0.0021324343148862593,-0.16355468146999125
2023-11-22,LT,LT,3074.85009765625,-0.004429384813268368,-0.004419589556014247,-0.29324899270132065
2023-11-23,LT,LT,3080,0.0016734456449346354,0.001674846636483327,0.051681277530265475
2023-11-24,LT,LT,3050,-0.00978800636616282,-0.00974025974025974,-0.5961167837972144
2023-11-28,LT,LT,3054,0.0013106161771203756,0.0013114754098360656,0.03117425751090117
2023-11-29,LT,LT,3050,-0.0013106161771204202,-0.0013097576948264572,-0.11697706186136954
2023-11-30,LT,LT,3076.30004882812,0.008586001399538934,0.008622966828891802,0.44237699499390376
2023-12-01,LT,LT,3129.94995117188,0.01728942236442762,0.01743974953424888,0.9342919131484997
2023-12-04,LT,LT,3285,0.04834963755328698,0.04953754892153082,2.6898065865315663
2023-12-05,LT,LT,3319.05004882812,0.010311960177813306,0.010365311667616438,0.5399277023052217
2023-12-06,LT,LT,3330,0.003293691877965271,0.003299122041183494,0.14325714135747852
2023-12-07,LT,LT,3392.30004882812,0.018535867816453354,0.018708723371807807,1.0047406614040368
2023-12-08,LT,LT,3377,-0.004520430405375185,-0.004510228637766121,-0.29839486409720506
2023-12-11,LT,LT,3377.94995117188,2.812607598899312e-4,2.813003174059823e-4,-0.027004622708915967
2023-12-12,LT,LT,3375,-8.736778388273599e-4,-8.732962934683517e-4,-0.09228142921449056
2023-12-13,LT,LT,3352.94995117188,-0.006554783533408679,-0.006533347800924444,-0.4133759337836283
2023-12-14,LT,LT,3425.94995117188,0.02153825047287136,0.02177187284721801,1.1744344892286147
2023-12-15,LT,LT,3435.14990234375,0.002681773150676898,0.0026853723209596405,0.10867166607532616
2023-12-18,LT,LT,3496,0.017558893378656303,0.017713956999295115,0.9495223394882228
2023-12-19,LT,LT,3488.94995117188,-0.00201864044021185,-0.0020166043558695647,-0.15699439514159924
2023-12-20,LT,LT,3505,0.004589703133476201,0.004600251953378997,0.21650733495997176
2023-12-21,LT,LT,3390.05004882812,-0.03334583553706422,-0.03279599177514408,-1.927598698236835
2023-12-22,LT,LT,3424,0.009964773330006496,0.010014587006942832,0.5203047987926575
2023-12-26,LT,LT,3477.94995117188,0.015633567431713673,0.015756410973095793,0.8407034555767152
2023-12-27,LT,LT,3510,0.009173011766565164,0.009215212777090387,0.4755546567221504
2023-12-28,LT,LT,3545,0.00992212250631627,0.009971509971509971,0.5178941861692484
2023-12-29,LT,LT,3531,-0.003957043037841504,-0.0039492242595204514,-0.2665523676917461
2024-01-01,LT,LT,3538,0.0019804787913442474,0.0019824412347776836,0.06903470507285292
2024-01-02,LT,LT,3525.05004882812,-0.0036669613250436424,-0.0036602462328660266,-0.2501570304347334
2024-01-03,LT,LT,3433,-0.02646011993699488,-0.02611311826869563,-1.5384199787989832
2024-01-04,LT,LT,3441.05004882812,0.002342157083800905,0.0023449020763530435,0.08947666098304671
2024-01-05,LT,LT,3464.94995117188,0.006921516871954098,0.006945525930928941,0.3483007951341446
2024-01-08,LT,LT,3540,0.021428538714373085,0.021659778607404513,1.1682336113301428
2024-01-09,LT,LT,3527.44995117188,-0.0035515106880726734,-0.003545211533367231,-0.2436317927304353
2024-01-10,LT,LT,3549.94995117188,0.006358288668890451,0.0063785454964499525,0.31646729466000567
2024-01-11,LT,LT,3545.5,-0.001254311364586465,-0.0012535250448843713,-0.11379472960821457
2024-01-12,LT,LT,3505.05004882812,-0.011474394111083235,-0.011408814320090256,-0.6914309473733583
2024-01-15,LT,LT,3576.10009765625,0.020068048783292748,0.020270765848802903,1.091339101022368
2024-01-16,LT,LT,3548,-0.007888783986790868,-0.007857749192945298,-0.48877326622233175
2024-01-17,LT,LT,3555,0.001970998807871195,0.001972942502818489,0.06849889905898018
2024-01-18,LT,LT,3570.80004882812,0.0044346107421459734,0.004444458179499296,0.2077415563890641
2024-01-19,LT,LT,3603,0.008977157768606152,0.009017573297739681,0.4644850435476382
2024-01-23,LT,LT,3637.60009765625,0.00955731860904818,0.009603135624826533,0.4972755719495
2024-01-24,LT,LT,3570,-0.018758554583456724,-0.01858370789571002,-1.1031296595289386
2024-01-25,LT,LT,3599.89990234375,0.008340444379439286,0.008375322785364146,0.4284981809124169
2024-01-29,LT,LT,3604,0.0011382995751044807,0.0011389476839565988,0.021434971370510376
2024-01-30,LT,LT,3715.94995117188,0.030590012646522204,0.031062694553795782,1.686037555054039
2024-01-31,LT,LT,3520,-0.05417336278260805,-0.05273212872796747,-3.1047647116568635
2024-02-01,LT,LT,3480,-0.011428695823622744,-0.011363636363636364,-0.6888480929501815
2024-02-02,LT,LT,3402.69995117188,-0.022463074011613314,-0.022212657709229883,-1.3125080612695081
2024-02-05,LT,LT,3375.5,-0.008025758274981486,-0.00799363786469401,-0.4965150146723257
2024-02-06,LT,LT,3346,-0.008777858935155883,-0.008739446007998815,-0.5390235335853182
2024-02-07,LT,LT,3445,0.029158301900989635,0.02958756724447101,1.6051176642374378
2024-02-08,LT,LT,3413,-0.009332234541051927,-0.009288824383164005,-0.5703566877440571
2024-02-09,LT,LT,3336.25,-0.02274424818797316,-0.02248754761207149,-1.3283999470589265
2024-02-12,LT,LT,3330,-0.0018751177442444145,-0.0018733608092918695,-0.1488825325159758
2024-02-13,LT,LT,3312,-0.005420067469339145,-0.005405405405405406,-0.3492420992790934
2024-02-14,LT,LT,3290.05004882812,-0.00664945945167732,-0.006627400716147344,-0.4187269901985957
2024-02-15,LT,LT,3309,0.005743251868139218,0.005759775958007012,0.2817055867380131
2024-02-16,LT,LT,3304.94995117188,-0.001224699117543397,-0.001223949479637352,-0.11212105368936273
2024-02-19,LT,LT,3400.55004882812,0.028515867782456163,0.028926337484276213,1.5688074675787893
2024-02-20,LT,LT,3339.85009765625,-0.01801127256420075,-0.01785003905259036,-1.0608934888526411
2024-02-21,LT,LT,3356.89990234375,0.005091974921185789,0.005104961057822551,0.2448955958908487
2024-02-22,LT,LT,3310,-0.014069710572401077,-0.013971194765445645,-0.8381175077275914
2024-02-23,LT,LT,3363.75,0.016108233670006997,0.01623867069486405,0.8675314585772339
2024-02-26,LT,LT,3400,0.010719008563137088,0.010776662950575994,0.5629339631719875
2024-02-27,LT,LT,3475,0.021819047394639673,0.022058823529411766,1.1903050526940566
2024-02-28,LT,LT,3505,0.008596041469798038,0.008633093525179856,0.4429444569562399
2024-02-29,LT,LT,3485,-0.0057224762740662105,-0.005706134094151213,-0.36633416032344235
2024-03-01,LT,LT,3501.64990234375,0.004766213878133728,0.004777590342539455,0.22648367286915674
2024-03-04,LT,LT,3670,0.046957403975858056,0.04807736420010712,2.6111179342124506
2024-03-05,LT,LT,3631.19995117188,-0.010628503353187697,-0.010572220389133514,-0.6436214383749348
2024-03-06,LT,LT,3618,-0.0036417717401877932,-0.0036351485319942364,-0.24873332214546398
2024-03-07,LT,LT,3660.75,0.011746657480126108,0.01181592039800995,0.6210163924755526
2024-03-11,LT,LT,3700,0.010664775196949191,0.010721846616130574,0.5598687084868249
2024-03-12,LT,LT,3639.05004882812,-0.01661014765825686,-0.016472959776183783,-0.9817023011332074
2024-03-13,LT,LT,3634.89990234375,-0.001141098567506343,-0.0011404477621038672,-0.10739597398851171
2024-03-14,LT,LT,3527.05004882812,-0.030119732073244566,-0.029670652951430496,-1.7452602329637839
2024-03-15,LT,LT,3598,0.019916294177170484,0.020115946808141688,1.0827619731376696
2024-03-18,LT,LT,3537.14990234375,-0.01705684499193065,-0.016912200571498056,-1.0069495094689276
2024-03-19,LT,LT,3541,0.001087882593356084,0.0010884745522656216,0.01858541766623525
2024-03-20,LT,LT,3502.75,-0.010860798860562931,-0.010802033323919796,-0.6567507154671443
2024-03-21,LT,LT,3525.14990234375,0.0063745865784339785,0.006394947496609807,0.3173884479480677
2024-03-22,LT,LT,3546.19995117188,0.005953633023974602,0.005971391121306516,0.2935962708117273
2024-03-26,LT,LT,3605,0.016445176865300094,0.016581143093380532,0.8865753937153834
2024-03-27,LT,LT,3683,0.021405866726015754,0.02163661581137309,1.1669521968906724
2024-03-28,LT,LT,3706.55004882812,0.0063739005493805125,0.006394257080673363,0.31734967377788237
2024-04-01,LT,LT,3780.85009765625,0.019847339894276447,0.02004560786967413,1.0788646963584505
2024-04-02,LT,LT,3849.80004882812,0.018072333675100433,0.01823662652338745,0.9785418414083872
2024-04-03,LT,LT,3799.69995117188,-0.013099108184793708,-0.013013688248949572,-0.7832593323059179
2024-04-04,LT,LT,3804.89990234375,0.0013675806965468193,0.0013685162614659246,0.03439387621306668
2024-04-05,LT,LT,3770.10009765625,-0.009188131883539834,-0.009146049983092576,-0.5622120458541737
2024-04-08,LT,LT,3745,-0.006679935240715883,-0.006657674068615293,-0.4204494732694572
2024-04-09,LT,LT,3820,0.01982880564930103,0.020026702269692925,1.0778171460173926
2024-04-10,LT,LT,3800,-0.005249355886143678,-0.005235602094240838,-0.3395935283534294
2024-04-12,LT,LT,3749.94995117188,-0.013258573193249404,-0.01317106548108421,-0.7922722499735179
2024-04-15,LT,LT,3626.05004882812,-0.03359857853607371,-0.03304041492741539,-1.9418836618360296
2024-04-16,LT,LT,3580.05004882812,-0.012767134568542473,-0.012685980441683767,-0.7644962763849752
2024-04-18,LT,LT,3561.94995117188,-0.005068646431613103,-0.005055822519063613,-0.32937988053680833
2024-04-19,LT,LT,3525,-0.0104276977386294,-0.010373517786156283,-0.6322719612154452
2024-04-22,LT,LT,3568.75,0.012334958157951366,0.012411347517730497,0.6542669822091961
2024-04-23,LT,LT,3632.75,0.01777454279648486,0.017933450087565674,0.9617107842559955
2024-04-24,LT,LT,3616.55004882812,-0.004469390983829849,-0.004459418119022779,-0.29551013026973444
2024-04-25,LT,LT,3616.10009765625,-1.2442221408127244e-4,-1.244144739586271e-4,-0.04993371090800782
2024-04-26,LT,LT,3652,0.009878838711965114,0.009927795518442167,0.515447798221157
2024-04-29,LT,LT,3606.10009765625,-0.012648079696746705,-0.012568428900260132,-0.7577673283366637
2024-04-30,LT,LT,3639,0.009082035594047444,0.009123402416126213,0.47041270890202164
2024-05-02,LT,LT,3590.05004882812,-0.013542775049263236,-0.013451484246188514,-0.8083352593699865
2024-05-03,LT,LT,3610,0.00554162876403005,0.00555701199162729,0.27030990529780075
2024-05-06,LT,LT,3522.80004882812,-0.024451630535022705,-0.0241551111279446,-1.4249007196741714
2024-05-07,LT,LT,3479.39990234375,-0.012396304748434242,-0.012319787067905631,-0.7435370786920532
2024-05-08,LT,LT,3429,-0.014591163580549172,-0.014485228418210924,-0.8675898858717087
2024-05-09,LT,LT,3312.75,-0.034490013318174764,-0.03390201224846894,-1.9922673063416136
2024-05-10,LT,LT,3281.60009765625,-0.009447522067899327,-0.009403034440796921,-0.576872706509801
2024-05-13,LT,LT,3267.05004882812,-0.004443686086500856,-0.004433827521678155,-0.29405729666364144
2024-05-14,LT,LT,3300,0.010035016464226212,0.010085536088955552,0.5242749210882479
2024-05-15,LT,LT,3390,0.026907452919924402,0.02727272727272727,1.4779003095023482
2024-05-16,LT,LT,3428.94995117188,0.011424156231505831,0.011489661112648968,0.602788712123218
2024-05-17,LT,LT,3475.94995117188,0.013613731278580343,0.013706820067157077,0.7265428812505274
2024-05-21,LT,LT,3458,-0.005177421641346401,-0.005164041894742576,-0.3355278249610832
2024-05-22,LT,LT,3450.05004882812,-0.002301649416353034,-0.0022990026523655297,-0.17298998330137375
2024-05-23,LT,LT,3460.89990234375,0.0031399047906141026,0.0031448394551016373,0.1345651382023087
2024-05-24,LT,LT,3586,0.035508732547581336,0.03614669628888463,1.964042227850632
2024-05-27,LT,LT,3644.89990234375,0.016291528266515,0.016424958824247073,0.8778912178952261
2024-05-28,LT,LT,3652,0.0019460592832658565,0.0019479540855661037,0.0670893241051153
2024-05-29,LT,LT,3611,-0.011290220437401296,-0.011226725082146768,-0.681021502859417
2024-05-30,LT,LT,3626.05004882812,0.004159172707696378,0.004167834070373857,0.19217387573572822
2024-05-31,LT,LT,3636.39990234375,0.002850239407348534,0.002854305201599439,0.11819333177399304
2024-06-03,LT,LT,3855.39990234375,0.05848058324125568,0.06022439937336074,3.262404802684784
2024-06-04,LT,LT,3852,-8.822437157421528e-4,-8.818546531795971e-4,-0.09276557018141168
2024-06-05,LT,LT,3441.5,-0.11268507107959727,-0.10656801661474559,-6.4118300959597105
2024-06-06,LT,LT,3438,-0.001017515895624313,-0.0010169984018596541,-0.1004111159459762
2024-06-07,LT,LT,3465.05004882812,0.007837169683133487,0.00786796068299011,0.40005323586824565
2024-06-10,LT,LT,3521.05004882812,0.01603217780700496,0.016161382724887107,0.8632328024769768
2024-06-11,LT,LT,3570,0.013806341340751907,0.013902089005571387,0.7374291480818237
2024-06-12,LT,LT,3615,0.012526259819180256,0.012605042016806723,0.6650792985852375
2024-06-13,LT,LT,3665.5,0.013872896070776162,0.01396957123098202,0.7411908028041173
2024-06-14,LT,LT,3718,0.014221137617748044,0.014322739053335152,0.7608733176184393
2024-06-18,LT,LT,3708,-0.0026932415956436077,-0.0026896180742334587,-0.19512266372701442
2024-06-19,LT,LT,3690,-0.004866189651172899,-0.0048543689320388345,-0.31793707994358666
2024-06-20,LT,LT,3584.94995117188,-0.028881944719814413,-0.02846884792089973,-1.6753008380187668
2024-06-21,LT,LT,3604.05004882812,0.005313713339277194,0.005327856153192986,0.25742818925008054
2024-06-24,LT,LT,3520.35009765625,-0.02349778244623236,-0.023223859279946895,-1.370989492534623
2024-06-25,LT,LT,3556.5,0.01021647096576675,0.01026883728633058,0.5345306787534453
2024-06-26,LT,LT,3601,0.012434669475305356,0.01251230141993533,0.6599026379718153
2024-06-27,LT,LT,3597.44995117188,-9.863370975721707e-4,-9.858508270258256e-4,-0.09864889900233392
2024-06-28,LT,LT,3540,-0.016098520423482914,-0.015969631809100084,-0.952785272951438
2024-07-01,LT,LT,3535.19995117188,-0.0013568661232723207,-0.001355945996644067,-0.11959109587945839
2024-07-02,LT,LT,3535.05004882812,-4.240368976560334e-5,-4.2402790741811776e-5,-0.04529804685835799
2024-07-03,LT,LT,3650.35009765625,0.03209562282809359,0.03261624226971053,1.7711342213221963
2024-07-04,LT,LT,3616.10009765625,-0.009426956139981738,-0.009382661685516306,-0.5757103260172147
2024-07-05,LT,LT,3573.30004882812,-0.011906571783215898,-0.011835969047391844,-0.7158575085006473
2024-07-08,LT,LT,3640.10009765625,0.018521628389120498,0.018694217646244786,1.0039358529546618
2024-07-09,LT,LT,3650,0.0027159869677386744,0.002719678601729729,0.11060542144434676
2024-07-10,LT,LT,3685.05004882812,0.009556939726207003,0.00960275310359452,0.49725415759730907
2024-07-11,LT,LT,3660,-0.006820959907332275,-0.006797749961655513,-0.42842014797498307
2024-07-12,LT,LT,3630,-0.00823049913651548,-0.00819672131147541,-0.508086910889997
2024-07-15,LT,LT,3670,0.010959013789719382,0.011019283746556474,0.5764989914369871
2024-07-16,LT,LT,3646.10009765625,-0.0065335320847663605,-0.006512234971049046,-0.4121748078514545
2024-07-18,LT,LT,3640,-0.0016744483330632589,-0.0016730472265890901,-0.13754075353325926
2024-07-19,LT,LT,3651,0.0030174210248505094,0.003021978021978022,0.12764239002616837
2024-07-22,LT,LT,3617.89990234375,-0.009107382654778713,-0.009066036060325938,-0.5576481220341818
2024-07-23,LT,LT,3669.60009765625,0.014188970894336728,0.014290112139091397,0.7590552634098686
2024-07-24,LT,LT,3549,-0.03341681724869835,-0.0328646431346229,-1.9316105647212711
2024-07-25,LT,LT,3539,-0.002821672301033087,-0.002817695125387433,-0.20238153126715422
2024-07-26,LT,LT,3629,0.025112926867607056,0.025430912687199773,1.3764741990438076
2024-07-29,LT,LT,3701,0.019645925173085676,0.019840176357123176,1.0674807926624907
2024-07-30,LT,LT,3774.85009765625,0.019757619278404408,0.019954092854971628,1.0737937122486938
2024-07-31,LT,LT,3777.05004882812,5.826219074480022e-4,5.827916645579955e-4,-0.009971774954676648
2024-08-01,LT,LT,3810,0.008685894548738388,0.008723726385914099,0.448022927841561
2024-08-02,LT,LT,3730.35009765625,-0.021127099925994906,-0.020905486179461943,-1.236999179688937
2024-08-05,LT,LT,3597,-0.036401924499127804,-0.035747341178521776,-2.100327991432169
2024-08-06,LT,LT,3548,-0.01371610026615386,-0.013622463163747567,-0.818131552140937
2024-08-07,LT,LT,3630,0.022848583829426276,0.023111612175873732,1.248494163975508
2024-08-08,LT,LT,3621,-0.0024824174932553066,-0.0024793388429752068,-0.18320694443804358
2024-08-09,LT,LT,3600,-0.005816385321439769,-0.00579950289975145,-0.37164187340995175
2024-08-12,LT,LT,3579,-0.005850413678175589,-0.005833333333333334,-0.3735651466132318
2024-08-13,LT,LT,3580,2.793686287201426e-4,2.794076557697681e-4,-0.027111565433308962
2024-08-14,LT,LT,3558.94995117188,-0.005897256593188234,-0.005879901907296089,-0.37621269506544697
2024-08-16,LT,LT,3578,0.005338441267106813,0.005352716135231758,0.25882580481337597
2024-08-19,LT,LT,3599.85009765625,0.0060882199686566,0.006106790848588597,0.3012030872744731
2024-08-20,LT,LT,3562,-0.010570020187714153,-0.010514353828481085,-0.6403159862230282
2024-08-21,LT,LT,3590,0.007830017632717672,0.007860752386299831,0.39964900397952896
2024-08-22,LT,LT,3607.05004882812,0.004738074797121832,0.004749317222317548,0.22489325988226874
2024-08-23,LT,LT,3606.5,-1.525043357190147e-4,-1.5249270752389502e-4,-0.05152090456700304
2024-08-26,LT,LT,3611,0.0012469693337304488,0.001247747123249688,0.027576955727698884
2024-08-27,LT,LT,3642.64990234375,0.008726669642778503,0.008764858029285517,0.45032752474988097
2024-08-28,LT,LT,3705,0.01697184680995105,0.017116686842765967,0.9163426316512051
2024-08-29,LT,LT,3690.5,-0.0039213085200802385,-0.003913630229419703,-0.26453266274460624
2024-08-30,LT,LT,3718.35009765625,0.0075180975366344474,0.007546429387955561,0.3820193674085125
2024-09-02,LT,LT,3706,-0.0033269199014364873,-0.003321391835597867,-0.23093798429900217
2024-09-03,LT,LT,3693.94995117188,-0.0032567948590410565,-0.003251497255294117,-0.22697453652028415
2024-09-04,LT,LT,3650,-0.011969165409726866,-0.011897819881922652,-0.7193952827604881
2024-09-05,LT,LT,3668,0.004919386799818194,0.004931506849315068,0.23514096355265732
2024-09-06,LT,LT,3615.10009765625,-0.014527009635372273,-0.014422001729484733,-0.8639639228373684
2024-09-09,LT,LT,3584,-0.008640049646162086,-0.008602831682700263,-0.53123459112352
2024-09-10,LT,LT,3585,2.7897893889957965e-4,2.7901785714285713e-4,-0.027133590592951503
2024-09-11,LT,LT,3595,0.0027855171214262267,0.002789400278940028,0.11453524627971552
2024-09-12,LT,LT,3558,-0.01034540192936661,-0.010292072322670376,-0.6276206250981544
2024-09-13,LT,LT,3622,0.017827770217578146,0.017987633501967398,0.9647191832058237
2024-09-16,LT,LT,3619.14990234375,-7.871948079698153e-4,-7.868850514218664e-4,-0.08739343250403907
2024-09-17,LT,LT,3668,0.013407389740966573,0.013497671821942173,0.7148805152686161
2024-09-18,LT,LT,3689,0.005708864220320201,0.0057251908396946565,0.27976200650322236
2024-09-19,LT,LT,3750,0.016400421367780957,0.016535646516671186,0.8840458255159466
2024-09-20,LT,LT,3700,-0.013423020332140661,-0.013333333333333334,-0.8015667562595855
2024-09-23,LT,LT,3800,0.026668247082161273,0.02702702702702703,1.4643804624697792
2024-09-24,LT,LT,3787.69995117188,-0.0032421049017065003,-0.0032368549547684205,-0.22614426424124873
2024-09-25,LT,LT,3787.55004882812,-3.9576870408137996e-5,-3.9576087254120015e-5,-0.0451382758190764
2024-09-26,LT,LT,3801,0.003544805046886165,0.003551095298672412,0.15744998741601027
2024-09-27,LT,LT,3738,-0.016713480973740556,-0.016574585635359115,-0.987542671216864
2024-09-30,LT,LT,3699,-0.010488196183054133,-0.01043338683788122,-0.6356913163698988
2024-10-01,LT,LT,3667,-0.008688623761127992,-0.008650986753176534,-0.5339799865127904
2024-10-03,LT,LT,3582.5,-0.02331300836899915,-0.02304335969457322,-1.3605461133799268
2024-10-04,LT,LT,3515,-0.019021355457561596,-0.01884159106769016,-1.1179830914148348
2024-10-07,LT,LT,3505,-0.002849004776074826,-0.002844950213371266,-0.2039263551102569
2024-10-08,LT,LT,3492.94995117188,-0.0034438830863306423,-0.003437959722716119,-0.23754871078878365
2024-10-09,LT,LT,3542.05004882812,0.013959031964519959,0.014056914167856021,0.7460591794220113
2024-10-10,LT,LT,3515,-0.007666144102114568,-0.007636834165307588,-0.4761897222239068
2024-10-11,LT,LT,3469.39990234375,-0.013057885065335673,-0.0129730007556899,-0.7809294131263121
2024-10-14,LT,LT,3510,0.01163439728048185,0.011702340116174742,0.6146714773964358
2024-10-15,LT,LT,3570,0.016949558313773205,0.017094017094017096,0.9150828920824373
2024-10-16,LT,LT,3550,-0.005617992304223261,-0.0056022408963585435,-0.36042875557729614
2024-10-17,LT,LT,3549.89990234375,-2.8196920416748998e-5,-2.8196522887323943e-5,-0.044495084229102665
2024-10-18,LT,LT,3569.94995117188,0.005632169846783617,0.005648060334008957,0.27542726196617595
2024-10-21,LT,LT,3580,0.002811223998917753,0.0028151791945489166,0.11598819180404088
2024-10-22,LT,LT,3585,0.0013956736389747558,0.0013966480446927375,0.03598168146009656
2024-10-23,LT,LT,3501.05004882812,-0.02369553660051035,-0.02341700172158438,-1.3821665020127156
2024-10-24,LT,LT,3444,-0.016429350885588886,-0.016295125186004105,-0.9714837181198878
2024-10-25,LT,LT,3425,-0.005532114851295765,-0.005516840882694541,-0.3555749859620407
2024-10-28,LT,LT,3316,-0.032342234441140066,-0.03182481751824817,-1.8708754450524814
2024-10-29,LT,LT,3316,0,0,-0.04290140217523293
2024-10-30,LT,LT,3379.94995117188,0.019101664766651313,0.019285268749059108,1.0367193467476004
2024-10-31,LT,LT,3530,0.043436968905505455,0.044394162930162726,2.4121439288773865
2024-11-01,LT,LT,3624.94995117188,0.026542610692846563,0.02689800316483853,1.4572795288924756
2024-11-04,LT,LT,3624.94995117188,0,0,-0.04290140217523293
2024-11-05,LT,LT,3556,-0.019204163986393904,-0.01902093879933149,-1.1283153783237738
2024-11-06,LT,LT,3594,0.010629470709709165,0.010686164229471317,0.5578733087444445
2024-11-07,LT,LT,3647.35009765625,0.014735114924821172,0.014844211924387868,0.789923171229126
2024-11-08,LT,LT,3640.39990234375,-0.0019073643908174072,-0.001905546527317497,-0.15070510395928605
2024-11-11,LT,LT,3646,0.0015371373611002877,0.0015383193622888968,0.043977171460173284
2024-11-12,LT,LT,3650,0.001096491337928771,0.0010970927043335162,0.019071981501188315
2024-11-13,LT,LT,3585,-0.01796869354281644,-0.01780821917808219,-1.0584869344754757
2024-11-14,LT,LT,3558,-0.007559884807940288,-0.007531380753138075,-0.4701839766432006
2024-11-18,LT,LT,3521.10009765625,-0.010425120717007144,-0.010370967494027543,-0.6321263086742767
2024-11-19,LT,LT,3559.89990234375,0.010958958622832193,0.011019227971771184,0.5764958734199561
2024-11-21,LT,LT,3530,-0.008434556204263125,-0.008399085132720908,-0.5196201592741551
2024-11-22,LT,LT,3500,-0.008534902449837444,-0.0084985835694051,-0.525291701002166
2024-11-25,LT,LT,3660,0.04470017891790699,0.045714285714285714,2.4835402053954803
2024-11-26,LT,LT,3754.89990234375,0.025598480282068528,0.02592893506659836,1.403917542195664
2024-11-27,LT,LT,3704,-0.013648310911410515,-0.01355559500054291,-0.8143001167749067
2024-11-28,LT,LT,3700,-0.0010804971337541407,-0.0010799136069114472,-0.10397079790608067
2024-11-29,LT,LT,3635.10009765625,-0.01769617186192533,-0.01754051414695946,-1.0430840853094159
2024-12-02,LT,LT,3706.85009765625,0.019545837919408397,0.019738108462614604,1.0618238890840475
2024-12-03,LT,LT,3721,0.003809963656823822,0.003817230794602845,0.1724366778715991
2024-12-04,LT,LT,3775,0.01440793333650266,0.014512227895726955,0.7714309593863716
2024-12-05,LT,LT,3810,0.009228806437621485,0.009271523178807948,0.4787081559217015
2024-12-06,LT,LT,3832,0.005757670970004446,0.005774278215223097,0.2825205503416939
2024-12-09,LT,LT,3867.5,0.009221443356470006,0.009264091858037579,0.47829199663484095
2024-12-10,LT,LT,3955,0.022372297754532984,0.02262443438914027,1.2215746082635084
2024-12-11,LT,LT,3923.14990234375,-0.008085723571642807,-0.008053122036978508,-0.49990423646433946
2024-12-12,LT,LT,3930,0.001744548233195509,0.0017460708427576644,0.05569997592782999
2024-12-13,LT,LT,3859,-0.01823134332568813,-0.018066157760814248,-1.0733318267271401
2024-12-16,LT,LT,3882,0.005942402191336856,0.005960093288416689,0.2929615072928659
2024-12-17,LT,LT,3863.05004882812,-0.004893445198344011,-0.004881491801102525,-0.31947755584496207
2024-12-18,LT,LT,3807.19995117188,-0.014563041548915833,-0.014457513350929136,-0.8660004365109273
2024-12-19,LT,LT,3702.14990234375,-0.027980292408790592,-0.027592469577489603,-1.6243397016368202
2024-12-20,LT,LT,3716.35009765625,0.003828324501111734,0.0038356618956758523,0.173474427654308
2024-12-23,LT,LT,3670,-0.012550368025400969,-0.012471940597168472,-0.7522446920070304
2024-12-24,LT,LT,3647.94995117188,-0.0060263094737596995,-0.00600818769158583,-0.3835067277728192
2024-12-26,LT,LT,3658,0.0027511973759547273,0.0027549853925192933,0.11259550386661084
2024-12-27,LT,LT,3632.39990234375,-0.007022990019911241,-0.006998386456055221,-0.4398388334200478
2024-12-30,LT,LT,3607.89990234375,-0.006767701386077597,-0.006744852069892346,-0.4254099912527332
2024-12-31,LT,LT,3562.55004882812,-0.01264926427274133,-0.012569598587302826,-0.7578342802404949
2025-01-01,LT,LT,3600,0.010457251172120551,0.010512119313018197,0.5481395086583298
2025-01-02,LT,LT,3676.60009765625,0.021054593166134665,0.021277804904513888,1.147098313554927
2025-01-03,LT,LT,3708,0.008504209075409861,0.008540472586008669,0.43775411571552086
2025-01-06,LT,LT,3684.75,-0.006289966968878503,-0.006270226537216829,-0.3984085756387831
2025-01-07,LT,LT,3607.10009765625,-0.021298528254034305,-0.021073316329126807,-1.2466882608326708
2025-01-08,LT,LT,3662,0.015105293771622971,0.015219955326280458,0.8108455760928782
2025-01-09,LT,LT,3599.89990234375,-0.017103406081332106,-0.016957973144797925,-1.009581129216439
2025-01-10,LT,LT,3499.94995117188,-0.02815737144303729,-0.027764647318887007,-1.6343481591146063
2025-01-13,LT,LT,3505.55004882812,0.0015987720645477181,0.0016000507819733045,0.047460747656721564
2025-01-14,LT,LT,3465.85009765625,-0.011389499812249447,-0.011324885002038812,-0.6866327453524419
2025-01-15,LT,LT,3471.30004882812,0.0015712366542509598,0.0015724716933243818,0.045904453969776327
2025-01-16,LT,LT,3535,0.018184121714037126,0.018350459561507666,0.9848600700963992
2025-01-17,LT,LT,3524,-0.003116591274603022,-0.0031117397454031117,-0.21905026914978146
2025-01-20,LT,LT,3574.89990234375,0.014340468335643383,0.014443786136137912,0.7676178564111308
2025-01-21,LT,LT,3612.75,0.010532078786726323,0.010587736353522791,0.5523687445028325
2025-01-22,LT,LT,3563,-0.013866368572603791,-0.01377067330980555,-0.8266246747839475
2025-01-23,LT,LT,3492,-0.02012824864634325,-0.019927027785573953,-1.1805443847915444
2025-01-24,LT,LT,3514.5,0.006422629656467192,0.006443298969072165,0.32010382927846
2025-01-27,LT,LT,3447.19995117188,-0.019334974478906065,-0.01914925276088206,-1.1357087507663426
2025-01-28,LT,LT,3464.94995117188,0.005135895276392995,0.0051491065941695275,0.24737796208044618
2025-01-29,LT,LT,3431,-0.009846424554997285,-0.009798107231072066,-0.5994185634876575
2025-01-30,LT,LT,3455,0.00697069334332055,0.006995045176333431,0.3510802355386648
2025-01-31,LT,LT,3501.05004882812,0.013240480231440104,0.013328523539253255,0.7054468364830943
2025-02-01,LT,LT,3578,0.021741047635454234,0.02197910629630584,1.1858965281253182
2025-02-03,LT,LT,3420,-0.04516343401201361,-0.044158747903856904,-2.595526058069298
2025-02-04,LT,LT,3316,-0.030881313801465263,-0.0304093567251462,-1.7883046191904253
2025-02-05,LT,LT,3444.64990234375,0.03806303716448373,0.03879671361391737,2.1084108102315624
2025-02-06,LT,LT,3404,-0.011871063726404564,-0.011800880639884966,-0.7138506030630452
2025-02-07,LT,LT,3367,-0.010929070532190317,-0.010869565217391304,-0.6606094112485327
2025-02-10,LT,LT,3347.80004882812,-0.005718711907418513,-0.005702391200439561,-0.36612139937359556
2025-02-11,LT,LT,3360.94995117188,0.003920229307878321,0.003927923457783287,0.17866886162239745
2025-02-12,LT,LT,3259,-0.030803257723972643,-0.030333671328944538,-1.7838929115267204
2025-02-13,LT,LT,3289.64990234375,0.00936074659815299,0.009404695410785518,0.486165376884699
2025-02-14,LT,LT,3275.05004882812,-0.0044479953982098485,-0.004438117717398488,-0.2943008577559043
2025-02-17,LT,LT,3213.55004882812,-0.018956890793806407,-0.018778338982027454,-1.1143395666533729
2025-02-18,LT,LT,3227,0.004176652808263635,0.004185387178514545,0.19316184612973367
2025-02-19,LT,LT,3220.14990234375,-0.0021250010741857683,-0.002122744857840099,-0.16300586841943124
2025-02-20,LT,LT,3260.05004882812,0.012314635666394132,0.012390773005731541,0.6531183606715957
2025-02-21,LT,LT,3275.80004882812,0.004819581309817369,0.004831214172819709,0.22949998517838385
2025-02-24,LT,LT,3289.69995117188,0.004234231394726063,0.004243208418270992,0.19641617172898784
2025-02-25,LT,LT,3233,-0.017385861623280423,-0.01723559960283975,-1.0255454374304558
2025-02-27,LT,LT,3238,0.0015453565121472874,0.001546551190844417,0.04444171557804324
2025-02-28,LT,LT,3199.80004882812,-0.011867532143227777,-0.011797390726337245,-0.7136509989698531
2025-03-03,LT,LT,3165.94995117188,-0.010635169999483565,-0.010578816532188347,-0.6439982353585838
2025-03-04,LT,LT,3171.05004882812,0.0016096256138207516,0.001610921756470657,0.04807418722535438
2025-03-05,LT,LT,3213,0.013142301407168558,0.013229041019829647,0.6998977968007801
2025-03-06,LT,LT,3250.10009765625,0.011480715012482883,0.01154687135270775,0.6059853986017292
2025-03-07,LT,LT,3259.89990234375,0.003010694958479201,0.003015231652270325,0.12726223463647823
2025-03-10,LT,LT,3246,-0.004273021012284011,-0.004263904647426896,-0.28441135441243826
2025-03-11,LT,LT,3170.30004882812,-0.02359723305532033,-0.023320995431879238,-1.37661041313898
2025-03-12,LT,LT,3205,0.010885854335554149,0.010945320833183158,0.5723640395539161
2025-03-13,LT,LT,3202.25,-8.584026435249774e-4,-8.580343213728549e-4,-0.09141807944923386
2025-03-17,LT,LT,3190,-0.003832770932355258,-0.00382543524084628,-0.2595285430547693
2025-03-18,LT,LT,3173.44995117188,-0.005201608017958845,-0.00518810308091536,-0.33689483220108274
2025-03-19,LT,LT,3275,0.03149856030842089,0.0319998898330254,1.7373884147384593
2025-03-20,LT,LT,3335.25,0.018229769989563174,0.018396946564885497,0.9874400978590322
2025-03-21,LT,LT,3357,0.006500078921119328,0.006521250281088374,0.3244812400501767
2025-03-24,LT,LT,3449,0.02703661595680588,0.027405421507298182,1.4852005682135463
2025-03-25,LT,LT,3505,0.016106186531849455,0.016236590316033632,0.8674157549012562
2025-03-26,LT,LT,3473,-0.009171746724616497,-0.00912981455064194,-0.561285961255573
2025-03-27,LT,LT,3460,-0.0037501846923040693,-0.003743161531816873,-0.25486079187056626
2025-03-28,LT,LT,3509.89990234375,0.0143189301507165,0.014421937093569363,0.7664005242243679
2025-04-01,LT,LT,3480,-0.008555225433966383,-0.008518733632199658,-0.5264403503797814
2025-04-02,LT,LT,3433,-0.013597779310828003,-0.013505747126436781,-0.8114440848461919
2025-04-03,LT,LT,3400,-0.00965908285343926,-0.009612583745994756,-0.5888300629244152
2025-04-04,LT,LT,3400,0,0,-0.04290140217523293
2025-04-07,LT,LT,3049.05004882812,-0.10894534891696454,-0.10322057387408236,-6.20046204551451
2025-04-08,LT,LT,3124.94995117188,0.02458818472996372,0.024892967031791287,1.3468159202207528
2025-04-09,LT,LT,3158.80004882812,0.010773956663980566,0.010832204734525733,0.5660396144599367
2025-04-11,LT,LT,3114,-0.014284150687288905,-0.014182616226291475,-0.8502376030314565
2025-04-15,LT,LT,3180,0.02097312338027885,0.02119460500963391,1.1424936640495187
2025-04-16,LT,LT,3270,0.027908788117076658,0.02830188679245283,1.5344954947219993
2025-04-17,LT,LT,3214.10009765625,-0.01724257381737931,-0.017094771358944955,-1.0174468507256704
2025-04-21,LT,LT,3249.5,0.01095372726048371,0.011013938977682717,0.5762001982834928
2025-04-22,LT,LT,3280,0.00934228404378588,0.009386059393752885,0.4851218784767672
2025-04-23,LT,LT,3275.39990234375,-0.0014034531774836682,-0.001402468797637195,-0.12222418315076124
2025-04-24,LT,LT,3307,0.009601464781087098,0.009647706722357227,0.4997707012432536
2025-04-25,LT,LT,3310,9.067553893158317e-4,9.071666162685213e-4,0.00834815876419258
2025-04-28,LT,LT,3260,-0.015220994010355243,-0.015105740181268883,-0.903187725569365
2025-04-29,LT,LT,3335,0.022745483988970742,0.023006134969325152,1.2426669898351286
2025-04-30,LT,LT,3324,-0.0033038023743853133,-0.003298350824587706,-0.22963138813719508
2025-05-02,LT,LT,3325,3.0079711461578247e-4,3.0084235860409147e-4,-0.025900433405103614
2025-05-05,LT,LT,3350,0.007490671729157659,0.007518796992481203,0.38046926844229056
2025-05-06,LT,LT,3346,-0.0011947432723428046,-0.0011940298507462687,-0.11042795769876915
2025-05-07,LT,LT,3332,-0.004192878260035927,-0.0041841004184100415,-0.2798817084753014
2025-05-08,LT,LT,3310.10009765625,-0.006594294389112673,-0.006572599743022209,-0.41560907629486116
2025-05-09,LT,LT,3331,0.006294129296059003,0.006313978951436662,0.3128410248561486
2025-05-12,LT,LT,3513,0.05319781407214734,0.05463824677274092,2.9638241671007868
2025-05-13,LT,LT,3587.19995117188,0.020901567000249536,0.021121534634750926,1.13844931746815
2025-05-14,LT,LT,3587,-5.574173379402777e-5,-5.5740180252478374e-5,-0.04605190937552841
2025-05-15,LT,LT,3594,0.0019495898112218653,0.0019514914970727628,0.06728886855752418
2025-05-16,LT,LT,3642,0.01326719294404886,0.01335559265442404,0.7069566315268632
2025-05-19,LT,LT,3604.69995117188,-0.010294445330095922,-0.01024163888745744,-0.6247405723624774
2025-05-20,LT,LT,3630,0.006994112301439117,0.007018628227266186,0.3524038685000756
2025-05-21,LT,LT,3565.69995117188,-0.01787227394296654,-0.017713512073862257,-1.0530373256653303
2025-05-22,LT,LT,3585,0.00539809971779072,0.0054126957097938005,0.2621976837565863
2025-05-23,LT,LT,3570,-0.004192878260035927,-0.0041841004184100415,-0.2798817084753014
2025-05-26,LT,LT,3615.80004882812,0.01274754897832786,0.012829145330005601,0.6775864999546458
2025-05-27,LT,LT,3648.69995117188,0.009057781617031056,0.009098927457126081,0.4690418809061024
2025-05-28,LT,LT,3660,0.0030922210263680874,0.0030970068735004306,0.13187006518665095
2025-05-29,LT,LT,3663.89990234375,0.0010649797961060398,0.0010655470884562842,0.017290957972717385
2025-05-30,LT,LT,3655.30004882812,-0.0023499446744287477,-0.0023471857159986236,-0.17571961777722075
2025-06-02,LT,LT,3675.10009765625,0.005402187216397797,0.005416805341186108,0.2624287080343811
2025-06-03,LT,LT,3655,-0.005484276549608304,-0.005469265359348604,-0.3528711785334242
2025-06-04,LT,LT,3645,-0.0027397277411203274,-0.0027359781121751026,-0.19775004766486531
2025-06-05,LT,LT,3629.89990234375,-0.004151292675977082,-0.004142687971536351,-0.2775313028978573
2025-06-06,LT,LT,3645,0.004151292675976949,0.004159921227166673,0.19172849854738397
2025-06-09,LT,LT,3664,0.005199081351262465,0.005212620027434842,0.2509492213557722
2025-06-10,LT,LT,3704,0.010857869972049086,0.010917030567685589,0.5707823711572322
2025-06-11,LT,LT,3689.89990234375,-0.0038139858355448536,-0.0038067218294411446,-0.25846681463817367
2025-06-12,LT,LT,3684.80004882812,-0.001383067612877884,-0.0013821116156540394,-0.12107199674210142
2025-06-13,LT,LT,3501.19995117188,-0.05111051040547444,-0.049826339346318256,-2.9316531521338365
2025-06-16,LT,LT,3575.5,0.020999273576277604,0.02122130979787406,1.1439716658118542
2025-06-17,LT,LT,3622,0.01292133295490803,0.013005174101524263,0.6874087216949116
2025-06-18,LT,LT,3622,0,0,-0.04290140217523293
2025-06-19,LT,LT,3607,-0.004149957539819656,-0.0041413583655438985,-0.2774558413757438
2025-06-20,LT,LT,3614,0.0019387902486348516,0.0019406709176601053,0.06667848030128241
2025-06-23,LT,LT,3645,0.008541173290584651,0.00857775318206973,0.43984332281646543
2025-06-24,LT,LT,3637.10009765625,-0.0021696777953819192,-0.0021673257458847735,-0.1655309842031306
2025-06-25,LT,LT,3640,7.969939834097784e-4,7.973116675064014e-4,0.0021444748081218446
2025-06-26,LT,LT,3620.10009765625,-0.005482004907002514,-0.005467006138392857,-0.3527427859288367
2025-06-27,LT,LT,3665,0.012326658596967903,0.012402944982880281,0.6537978933442119
2025-06-30,LT,LT,3682,0.00462774747227129,0.004638472032742156,0.21865759034577123
2025-07-01,LT,LT,3669.80004882812,-0.003318904836780109,-0.0033134033600977736,-0.230484975086837
2025-07-02,LT,LT,3666.60009765625,-8.723491933116539e-4,-8.719688073719004e-4,-0.09220633454163127
2025-07-03,LT,LT,3605,-0.016943058043881968,-0.016800331646646106,-1.0005183029971003
2025-07-04,LT,LT,3590,-0.004169568236724892,-0.004160887656033287,-0.27856423247873774
2025-07-07,LT,LT,3599.89990234375,0.0027538376707994215,0.0027576329648328693,0.1127447325926108
2025-07-08,LT,LT,3580,-0.005543239758377966,-0.005527904353894389,-0.3562037625981353
2025-07-09,LT,LT,3605,0.0069589703243035225,0.006983240223463687,0.35041765378333545
2025-07-10,LT,LT,3575,-0.008356594590941418,-0.008321775312066574,-0.5152137906989636
2025-07-11,LT,LT,3575,0,0,-0.04290140217523293
2025-07-14,LT,LT,3540.60009765625,-0.009668944255093914,-0.009622350305944057,-0.5893874265872103
2025-07-15,LT,LT,3519,-0.0061193735514290006,-0.006100688318499592,-0.38876668340802417
2025-07-16,LT,LT,3504,-0.004271685265303095,-0.004262574595055414,-0.284335858366752
2025-07-17,LT,LT,3515,0.0031343521884832793,0.003139269406392694,0.13425130668321433
2025-07-18,LT,LT,3489,-0.007424363057991216,-0.007396870554765292,-0.4625243252482714
2025-07-21,LT,LT,3467.60009765625,-0.006152422029799284,-0.006133534635640585,-0.3906345741602049
2025-07-22,LT,LT,3502,0.009871493688822251,0.009920377602654034,0.5150326595678917
2025-07-23,LT,LT,3476.19995117188,-0.007394504762824724,-0.007367232675077098,-0.46083674275831565
2025-07-24,LT,LT,3484.89990234375,0.0024995922726844624,0.00250271885796935,0.09837485381627123
2025-07-25,LT,LT,3470,-0.0042847274147519996,-0.0042755610666834806,-0.2850729970050644
2025-07-28,LT,LT,3430.10009765625,-0.011565150216574074,-0.011498530934798272,-0.6965604570666915
2025-07-29,LT,LT,3418,-0.003533859048794608,-0.0035276223176454427,-0.24263412701648293
2025-07-30,LT,LT,3622,0.057970774767822426,0.05968402574605032,3.233590570385193
2025-07-31,LT,LT,3625,8.279288454164069e-4,8.282716731087797e-4,0.0038929045547127627
2025-08-01,LT,LT,3636,0.003029888008594228,0.0030344827586206895,0.12834702045972624
2025-08-04,LT,LT,3595.19995117188,-0.011284567447780112,-0.011221135541287128,-0.6807019974674507
2025-08-05,LT,LT,3630,0.009633039409307114,0.009679586476623278,0.5015552903972507
2025-08-06,LT,LT,3650,0.00549451931764078,0.005509641873278237,0.26764729256674086
2025-08-07,LT,LT,3610.30004882812,-0.010936282684685716,-0.010876698951200001,-0.6610170400899739
2025-08-08,LT,LT,3641.60009765625,0.008632287416957764,0.008669653049554648,0.4449930677499085
2025-08-11,LT,LT,3610,-0.008715399981882622,-0.008677530977821524,-0.5354933710191978
2025-08-12,LT,LT,3680,0.019204979836050046,0.019390581717451522,1.0425586855676392
2025-08-13,LT,LT,3696,0.004338401598598141,0.004347826086956522,0.20230384251023634
2025-08-14,LT,LT,3700,0.0010816658707409699,0.0010822510822510823,0.018234050243156368
2025-08-18,LT,LT,3699,-2.7030679986182017e-4,-2.702702702702703e-4,-0.058179066885129985
2025-08-19,LT,LT,3648.89990234375,-0.013636787303156598,-0.01354422753615842,-0.8136488056601232
2025-08-20,LT,LT,3613.5,-0.009748893806261656,-0.009701527389395375,-0.5939061528533344
2025-08-21,LT,LT,3599,-0.004020802644005002,-0.004012730040127301,-0.27015604279536526
2025-08-22,LT,LT,3610,0.003051743247895889,0.0030564045568213394,0.1295822724710557
2025-08-25,LT,LT,3616,0.0016606701851405402,0.0016620498614958448,0.050959212116636475
2025-08-26,LT,LT,3599,-0.0047124134330363745,-0.004701327433628319,-0.30924569111338784
2025-08-28,LT,LT,3540,-0.016529301951210582,-0.01639344262295082,-0.9771329243875281
2025-08-29,LT,LT,3575.60009765625,0.01000629439772688,0.010056524761652542,0.5226515579247001
2025-09-01,LT,LT,3601,0.007078563123328416,0.007103675369177677,0.35717700532815205
2025-09-02,LT,LT,3598.39990234375,-7.22309582622172e-4,-7.220487798528187e-4,-0.08372613771902385
2025-09-03,LT,LT,3594,-0.0012234867227487159,-0.0012227385680185813,-0.11205252947473464
2025-09-04,LT,LT,3622.89990234375,0.008008994780100632,0.008041152571994992,0.4097647422807796
2025-09-05,LT,LT,3592.80004882812,-0.008342926759529029,-0.008308221128648244,-0.5144412886911095
2025-09-08,LT,LT,3570,-0.006366260590391175,-0.006346038888403153,-0.40272066978354837
2025-09-09,LT,LT,3547.19995117188,-0.006407049676894925,-0.0063865682991932765,-0.40502605754199855
2025-09-10,LT,LT,3559,0.003321060413402756,0.003326581244517001,0.14480400332406088
2025-09-11,LT,LT,3548,-0.0030955420807225525,-0.0030907558302894073,-0.21786057460016664
2025-09-12,LT,LT,3556.39990234375,0.002364705358214647,0.0023675034790727172,0.09075108314503451
2025-09-15,LT,LT,3581,0.006893321210747948,0.006917134836281478,0.34670718425050556
2025-09-16,LT,LT,3603.89990234375,0.006374474299625486,0.006394834499790562,0.3173821019812217
2025-09-17,LT,LT,3672,0.018719907442322846,0.01889622339731522,1.0151425295731185
2025-09-18,LT,LT,3691,0.005160951289617544,0.0051742919389978215,0.24879412093848116
2025-09-19,LT,LT,3679,-0.003256447925224157,-0.003251151449471688,-0.22695492791800767
2025-09-22,LT,LT,3693.60009765625,0.0039606425273184635,0.0039684962370888826,0.1809530054795613
2025-09-23,LT,LT,3646.89990234375,-0.012724153774315693,-0.012643543989002304,-0.7620670139191493
2025-09-24,LT,LT,3657.60009765625,0.0029297564422575964,0.002934052372982136,0.1226876123421728
2025-09-25,LT,LT,3684,0.00719189707516298,0.007217820876772933,0.363582608580683
2025-09-26,LT,LT,3664,-0.005443671581176581,-0.0054288816503800215,-0.35057619707689797
2025-09-29,LT,LT,3738,0.019995262221487235,0.02019650655021834,1.0872252249111518
2025-09-30,LT,LT,3695,-0.01157015463320604,-0.011503477795612628,-0.6968433052947453
2025-10-01,LT,LT,3658.89990234375,-0.009818025298170215,-0.009769985833897158,-0.59781344543648
2025-10-03,LT,LT,3690,0.008463928950440984,0.008499849267898386,0.43547749432063976
2025-10-06,LT,LT,3720,0.008097210232619303,0.008130081300813009,0.4147506549788732
2025-10-07,LT,LT,3748,0.007498696091120604,0.007526881720430108,0.38092280313562205
2025-10-08,LT,LT,3730,-0.0048141307204516235,-0.0048025613660619,-0.31499472374269943
2025-10-09,LT,LT,3735.5,0.001473444777994785,0.0014745308310991957,0.04037728448104233
2025-10-10,LT,LT,3765,0.007866182818138091,0.007897202516396733,0.40169305014228507
2025-10-13,LT,LT,3780,0.003976148379639417,0.00398406374501992,0.18182939191498138
2025-10-14,LT,LT,3775,-0.001323626930508253,-0.0013227513227513227,-0.11771242600309324
2025-10-15,LT,LT,3747,-0.007444862889437687,-0.007417218543046358,-0.4636829699868007
2025-10-16,LT,LT,3830.30004882812,0.02198762204303091,0.02223113125917267,1.1998328446623927
2025-10-17,LT,LT,3860,0.007724041622158431,0.007753948983961896,0.3936592695094962
2025-10-20,LT,LT,3862,5.180005295831189e-4,5.181347150259067e-4,-0.013624157153777582
2025-10-21,LT,LT,3892,0.0077379803174359415,0.007767995857068877,0.3944470806672329
2025-10-23,LT,LT,3890,-5.140066934037328e-4,-5.138746145940391e-4,-0.07195291669310454
2025-10-24,LT,LT,3929.30004882812,0.010052147764414989,0.010102840315712082,0.5252431773824385
2025-10-27,LT,LT,3912,-0.004412553222198881,-0.0044028322126429585,-0.2922976758827087
2025-10-28,LT,LT,3922.10009765625,0.002578497370813837,0.002581824554256135,0.10283454788885227
2025-10-29,LT,LT,3988,0.016662602556207204,0.01680219798141566,0.8988642329406438
2025-10-30,LT,LT,3980,-0.0020080328032455234,-0.0020060180541624875,-0.15639485446774756
2025-10-31,LT,LT,4001.10009765625,0.005287528425325385,0.005301532074434673,0.25594822523875066
2025-11-03,LT,LT,4030,0.007197028236919936,0.0072229890875959045,0.36387262040774426
2025-11-04,LT,LT,3985,-0.011229063716413303,-0.011166253101736972,-0.6775649420977605
2025-11-06,LT,LT,3945,-0.010088357944340766,-0.010037641154328732,-0.613092570972516
2025-11-07,LT,LT,3877.10009765625,-0.017361477614695454,-0.017211635575095058,-1.0241672600866567
2025-11-10,LT,LT,3895,0.004606202639569411,0.004616827498101142,0.21743988242862522
2025-11-11,LT,LT,3929,0.008691261253611028,0.008729139922978177,0.44832625249962765
2025-11-12,LT,LT,3970,0.010381154122776353,0.010435225248154746,0.5438385247175358
2025-11-13,LT,LT,3954.60009765625,-0.003886611700163933,-0.003879068600440806,-0.2625716081893676
2025-11-14,LT,LT,4002,0.011914753162606446,0.011986016581510283,0.6305171134245955
2025-11-17,LT,LT,4004.39990234375,5.994960144131319e-4,5.996757480634683e-4,-0.009018055149536807
2025-11-18,LT,LT,4020,0.00388817045497497,0.0038957391960576567,0.1768569042247601
2025-11-19,LT,LT,4007,-0.0032390709769221575,-0.003233830845771144,-0.2259727876611778
2025-11-20,LT,LT,4035,0.006963470067904618,0.006987771400049913,0.3506719780328667
2025-11-21,LT,LT,4026,-0.0022329745043123414,-0.0022304832713754648,-0.16910849648463175
2025-11-24,LT,LT,4025,-2.4841634707309927e-4,-2.4838549428713363e-4,-0.05694182461736288
2025-11-25,LT,LT,4013,-0.0029858195857470123,-0.0029813664596273293,-0.21165908987900317
2025-11-26,LT,LT,3999,-0.003494761420098355,-0.00348866184899078,-0.24042433998012736
2025-11-27,LT,LT,4071,0.017844339656160554,0.01800450112528132,0.965655683239203
2025-11-28,LT,LT,4085,0.0034330587911243168,0.0034389584868582657,0.1511341203013515
2025-12-01,LT,LT,4087,4.894762701741189e-4,4.895960832313342e-4,-0.015236340315916303
2025-12-02,LT,LT,4066.5,-0.0050285259574473894,-0.005015904086126744,-0.3271122825606597
2025-12-03,LT,LT,4032,-0.008520147855625333,-0.008483954260420508,-0.5244577754648934
2025-12-04,LT,LT,3990,-0.010471299867295366,-0.010416666666666666,-0.6347363413299555
2025-12-05,LT,LT,3999,0.002253098962909259,0.002255639097744361,0.08444312090424892
2025-12-08,LT,LT,4047,0.01193153602904712,0.012003000750187547,0.6314656763408176
2025-12-09,LT,LT,3990,-0.014184634991956413,-0.014084507042253521,-0.8446130037707672
2025-12-10,LT,LT,4000,0.0025031302181184748,0.002506265664160401,0.09857481750246182
2025-12-11,LT,LT,3993.19995117188,-0.0017014588675748768,-0.0017000122070299994,-0.1390673813876623
2025-12-12,LT,LT,4061,0.016836346451845008,0.01697887650434905,0.9086841893172596
2025-12-15,LT,LT,4072.80004882812,0.002901486890661665,0.0029057002777936464,0.12108982519437425
2025-12-16,LT,LT,4083.69995117188,0.00267269265792577,0.002676267485042942,0.10815843916529908
2025-12-17,LT,LT,4079,-0.001151567917326761,-0.0011509051174367695,-0.10798769871156247
2025-12-18,LT,LT,4067,-0.0029462334103339495,-0.0029418975239029173,-0.2094216903188844
2025-12-19,LT,LT,4040.10009765625,-0.006636158611378226,-0.006614187937976395,-0.41797523042579937
2025-12-22,LT,LT,4081,0.010072588109959271,0.010123487377819406,0.5263984599944173
2025-12-23,LT,LT,4089,0.001958384958836656,0.0019603038470963,0.0677859678402707
2025-12-24,LT,LT,4065,-0.005886698382731344,-0.00586940572267058,-0.3756159479640816
2025-12-26,LT,LT,4052,-0.0032031566133369233,-0.0031980319803198032,-0.22394291787837897
2025-12-29,LT,LT,4053,2.467612597345525e-4,2.4679170779861795e-4,-0.028954524806467173
2025-12-30,LT,LT,4039,-0.003460211064895731,-0.0034542314335060447,-0.23847156356953256
