date,ticker,company,adj_close,log_ret,simple_ret,z_ret
2020-01-01,TCS,TCS,2168,NA,NA,NA
2020-01-02,TCS,TCS,2179.94995117188,0.0054968347820181715,0.005511970097730628,0.34708116486103385
2020-01-03,TCS,TCS,2164,-0.007343557375182852,-0.0073166593404154785,-0.5059970000968252
2020-01-06,TCS,TCS,2205,0.01876914791457419,0.018946395563770795,1.228854898346059
2020-01-07,TCS,TCS,2200.5,-0.0020429016298002933,-0.0020408163265306124,-0.15383690864600666
2020-01-08,TCS,TCS,2205,0.002042901629800331,0.002044989775051125,0.11761193064230357
2020-01-09,TCS,TCS,2248.75,0.01964699738379642,0.01984126984126984,1.2871766540327305
2020-01-10,TCS,TCS,2228,-0.009270184217568185,-0.009227348526959422,-0.6339964623514813
2020-01-13,TCS,TCS,2217.85009765625,-0.0045660198859664965,-0.004555611464878815,-0.321465518862155
2020-01-14,TCS,TCS,2195,-0.010356255651936408,-0.010302814279647313,-0.7061518774588307
2020-01-15,TCS,TCS,2213,0.008167014541778013,0.008200455580865604,0.5244801120019192
2020-01-16,TCS,TCS,2226.94995117188,0.0062838532994842515,0.006303638125567105,0.3993683773112624
2020-01-17,TCS,TCS,2240.75,0.006177716886936972,0.006196838335256725,0.39231698394706005
2020-01-20,TCS,TCS,2194.89990234375,-0.020674188344907772,-0.020461942499721074,-1.3916452004133373
2020-01-21,TCS,TCS,2169.94995117188,-0.011432339600127855,-0.011367238727027155,-0.7776437531449601
2020-01-22,TCS,TCS,2181,0.005079383909193578,0.005092305848875651,0.3193469476977717
2020-01-23,TCS,TCS,2209.80004882812,0.01311854857361683,0.013204974244896835,0.8534455761321218
2020-01-24,TCS,TCS,2190.94995117188,-0.008566818356301275,-0.008530227730891942,-0.5872668881392888
2020-01-27,TCS,TCS,2189.69995117188,-5.706915922485574e-4,-5.705287787753475e-4,-0.05602757214822312
2020-01-28,TCS,TCS,2174,-0.007195737145541484,-0.007169909815030926,-0.4961762556287221
2020-01-29,TCS,TCS,2185,0.005047039848535814,0.005059797608095676,0.3171981027423054
2020-01-30,TCS,TCS,2160,-0.011507606851479802,-0.011441647597254004,-0.7826442895677307
2020-01-31,TCS,TCS,2139.39990234375,-0.009582851452741039,-0.00953708224826389,-0.6547691605649172
2020-02-03,TCS,TCS,2152,0.005872272056205328,0.005889547644854229,0.372024121197515
2020-02-04,TCS,TCS,2129,-0.010745256388195613,-0.010687732342007435,-0.731995950614272
2020-02-05,TCS,TCS,2115,-0.00659757341310108,-0.006575857209957727,-0.45643600369814274
2020-02-06,TCS,TCS,2145,0.014084739881739023,0.014184397163120567,0.9176365056645094
2020-02-07,TCS,TCS,2139,-0.0028011222797116675,-0.002797202797202797,-0.20421087485675096
2020-02-10,TCS,TCS,2140.89990234375,8.878256556921022e-4,8.882198895511921e-4,0.04087205538650356
2020-02-11,TCS,TCS,2163,0.010269891214961125,0.010322807540911147,0.6641890984198838
2020-02-12,TCS,TCS,2151.10009765625,-0.005516762363022898,-0.005501572974456773,-0.38463007316433145
2020-02-13,TCS,TCS,2172.94995117188,0.010106284266718503,0.010157525230665324,0.6533195304602403
2020-02-14,TCS,TCS,2188,0.006902215685117593,0.006926090874759196,0.4404505687861716
2020-02-17,TCS,TCS,2196.94995117188,0.004082128051569418,0.004090471285137113,0.2530921801953328
2020-02-18,TCS,TCS,2199.94995117188,0.0013645980268655303,0.0013655295144069,0.07254741969966748
2020-02-19,TCS,TCS,2215.75,0.0071563359982005454,0.0071820037631781354,0.4573335804348265
2020-02-20,TCS,TCS,2204.5,-0.005090220820514998,-0.005077287600135394,-0.35629189844924924
2020-02-24,TCS,TCS,2156,-0.022246072769104574,-0.022000453617600363,-1.4960766121414935
2020-02-25,TCS,TCS,2115.5,-0.018963461868765616,-0.0187847866419295,-1.277989528129704
2020-02-26,TCS,TCS,2154,0.01803538755621181,0.01819900732687308,1.1801060024893575
2020-02-27,TCS,TCS,2119.94995117188,-0.01593409826673997,-0.01580782211147632,-1.076727455214207
2020-02-28,TCS,TCS,2068,-0.024810523821274154,-0.024505272467948012,-1.6664512526451487
2020-03-02,TCS,TCS,2035,-0.01608613775162438,-0.015957446808510637,-1.0868285146817398
2020-03-03,TCS,TCS,2020,-0.0073983074814449245,-0.007371007371007371,-0.5096344373035311
2020-03-04,TCS,TCS,2056,0.0176648361798053,0.01782178217821782,1.1554876509361147
2020-03-05,TCS,TCS,2085.69995117188,0.014342159316630493,0.014445501542743192,0.9347387013337087
2020-03-06,TCS,TCS,2098,0.005880003064556262,0.005897324215407418,0.3725377468202021
2020-03-09,TCS,TCS,2075,-0.011023356291443862,-0.0109628217349857,-0.7504720962205359
2020-03-11,TCS,TCS,1933,-0.07088795345646776,-0.06843373493975903,-4.727701145789705
2020-03-12,TCS,TCS,1904,-0.01511626385702022,-0.015002586652871184,-1.0223929248555017
2020-03-13,TCS,TCS,1687.90002441406,-0.12047176919226611,-0.11349788633715337,-8.02190509389746
2020-03-16,TCS,TCS,1755,0.038983689740921645,0.039753524862488926,2.571850037089811
2020-03-17,TCS,TCS,1730,-0.01434744840814154,-0.014245014245014245,-0.9713150711348999
2020-03-18,TCS,TCS,1676.80004882812,-0.031234164245278556,-0.030751416862358383,-2.0932191673762914
2020-03-19,TCS,TCS,1559.69995117188,-0.07239378049486409,-0.06983545696940954,-4.827743897672377
2020-03-20,TCS,TCS,1630,0.04408655104912599,0.04507280312171587,2.9108692436329804
2020-03-23,TCS,TCS,1620,-0.0061538655743782235,-0.006134969325153374,-0.4269573503828049
2020-03-24,TCS,TCS,1653.05004882812,0.02019594670920822,0.020401264708716046,1.3236472444511491
2020-03-25,TCS,TCS,1700,0.02800615510866929,0.02840201432809839,1.8425346871227646
2020-03-26,TCS,TCS,1831.59997558594,0.07456163740927048,0.07741175034467059,4.93554500359134
2020-03-27,TCS,TCS,1820,-0.006353387382736926,-0.006333247292291047,-0.44021299678829734
2020-03-30,TCS,TCS,1766,-0.030119398906935716,-0.02967032967032967,-2.019157413066177
2020-03-31,TCS,TCS,1837.40002441406,0.03963443996074698,0.04043036490037372,2.615083981705996
2020-04-01,TCS,TCS,1825.90002441406,-0.006278512610992005,-0.006258843935559056,-0.4352385355646988
2020-04-03,TCS,TCS,1740,-0.04818791630508569,-0.047045305474282866,-3.219576954526886
2020-04-07,TCS,TCS,1710,-0.01739174271186922,-0.017241379310344827,-1.1735690962784575
2020-04-08,TCS,TCS,1760,0.028820438535491884,0.029239766081871343,1.8966333005455525
2020-04-09,TCS,TCS,1750.44995117188,-0.0054409392076631416,-0.005426164106886362,-0.3795926041023495
2020-04-13,TCS,TCS,1761,0.006008959671671754,0.006027049685743382,0.38110524728361905
2020-04-15,TCS,TCS,1785,0.013536585717533321,0.013628620102214651,0.8812187434349996
2020-04-16,TCS,TCS,1709.94995117188,-0.042954313465897564,-0.04204484528185994,-2.8718716623899154
2020-04-17,TCS,TCS,1800,0.05132256313641424,0.052662388607576494,3.391608759799154
2020-04-20,TCS,TCS,1830,0.016529301951210506,0.016666666666666666,1.0800460721963854
2020-04-21,TCS,TCS,1765,-0.036165276468069524,-0.03551912568306011,-2.4208278661387097
2020-04-22,TCS,TCS,1737.65002441406,-0.015617050669454367,-0.015495736875886686,-1.0556637385313001
2020-04-23,TCS,TCS,1780,0.02407972458818806,0.024371982269686624,1.5816741073025296
2020-04-24,TCS,TCS,1840.69995117188,0.033532543225615295,0.03410109616397753,2.2096917782716754
2020-04-27,TCS,TCS,1832.30004882812,-0.00457387257707699,-0.004563428351487821,-0.3219872287321113
2020-04-28,TCS,TCS,1865,0.017689018143246752,0.017846395404941366,1.1570942299833242
2020-04-29,TCS,TCS,1874,0.004814130720451496,0.00482573726541555,0.30172430029487174
2020-04-30,TCS,TCS,1980,0.055021660890213514,0.05656350053361793,3.637366014342281
2020-05-04,TCS,TCS,1966,-0.007095822981469105,-0.007070707070707071,-0.48953825028615444
2020-05-05,TCS,TCS,1955.09997558594,-0.005559691188039027,-0.005544264707049847,-0.38748213895953526
2020-05-06,TCS,TCS,1939.80004882812,-0.007856430387901736,-0.007825649301251023,-0.5400707856315815
2020-05-07,TCS,TCS,1910,-0.01548165809049559,-0.015362433280751243,-1.046668650889659
2020-05-08,TCS,TCS,1939.09997558594,0.015120693257488698,0.015235589312010472,0.986462223286445
2020-05-11,TCS,TCS,1909,-0.015644390572416723,-0.015522652758966003,-1.0574801218600736
2020-05-12,TCS,TCS,1933.40002441406,0.012700578932283896,0.012781573815641697,0.8256768935038089
2020-05-13,TCS,TCS,1994,0.030862547863751977,0.03134373374403238,2.0323050819886506
2020-05-14,TCS,TCS,1910,-0.04303942948110809,-0.04212637913741224,-2.877526521928111
2020-05-15,TCS,TCS,1916,0.0031364374901303115,0.0031413612565445027,0.19026326041674116
2020-05-18,TCS,TCS,1907,-0.00470835293038675,-0.004697286012526096,-0.330921710765048
2020-05-19,TCS,TCS,1903,-0.0020997383042696137,-0.002097535395909806,-0.15761297135226937
2020-05-20,TCS,TCS,1950,0.02439778426164302,0.02469784550709406,1.6028050633711795
2020-05-21,TCS,TCS,1946,-0.0020533888118420846,-0.0020512820512820513,-0.1545336464015411
2020-05-22,TCS,TCS,1977.09997558594,0.015855128486464865,0.015981487968108943,1.0352559555763134
2020-05-26,TCS,TCS,2015,0.01898808314836804,0.019169503253282788,1.2434003160562754
2020-05-27,TCS,TCS,1959,-0.028185056436242552,-0.027791563275434243,-1.890645346993993
2020-05-28,TCS,TCS,1988.5,0.014946446703204656,0.015058703420112302,0.9748857909657623
2020-05-29,TCS,TCS,1982,-0.0032741497578120627,-0.003268795574553684,-0.23563743940807003
2020-06-01,TCS,TCS,1990,0.004028202828604788,0.004036326942482341,0.24950954582650542
2020-06-02,TCS,TCS,2060.19995117188,0.0346684030303849,0.03527635737280402,2.285154987341878
2020-06-03,TCS,TCS,2051.85009765625,-0.0040611689511167726,-0.004052933556706693,-0.2879246967590439
2020-06-04,TCS,TCS,2046.75,-0.0024887035412485725,-0.002485609286017359,-0.18345468603917808
2020-06-05,TCS,TCS,2091.60009765625,0.0216762007471521,0.021912836280078174,1.421991000848998
2020-06-08,TCS,TCS,2078.25,-0.006403176592512155,-0.006382719943075877,-0.44352084651669793
2020-06-09,TCS,TCS,2063.10009765625,-0.007316440082583745,-0.007289740090821605,-0.5041954063506329
2020-06-10,TCS,TCS,2077.05004882812,0.00673888794861742,0.006761645345137448,0.42959955083948453
2020-06-11,TCS,TCS,2100,0.010988703434283017,0.01104930099533637,0.7119448835626697
2020-06-12,TCS,TCS,2011.19995117188,-0.043205810153634304,-0.0422857375372,-2.8885803680307407
2020-06-15,TCS,TCS,2039.09997558594,0.01377698748986339,0.013872327511644626,0.8971903352899213
2020-06-16,TCS,TCS,2065,0.012621704347389717,0.012701694239693945,0.8204366963727886
2020-06-17,TCS,TCS,2046,-0.009243558883561369,-0.009200968523002421,-0.632227552897794
2020-06-18,TCS,TCS,2045,-4.8887803466967e-4,-4.887585532746823e-4,-0.0505921182529205
2020-06-19,TCS,TCS,2042,-0.0014680697522912731,-0.001466992665036675,-0.11564675703528132
2020-06-22,TCS,TCS,2050,0.00391007340784304,0.0039177277179236044,0.2416613720124018
2020-06-23,TCS,TCS,2027,-0.011282925680453837,-0.01121951219512195,-0.7677171285641688
2020-06-24,TCS,TCS,2034,0.003447430156505254,0.003453379378391712,0.21092470516846584
2020-06-25,TCS,TCS,2035,4.915212681900907e-4,4.916420845624386e-4,0.014542748966888766
2020-06-26,TCS,TCS,2025,-0.004926118336055889,-0.004914004914004914,-0.34538940851019445
2020-06-29,TCS,TCS,2108,0.04016993012061349,0.04098765432098765,2.6506603844621788
2020-06-30,TCS,TCS,2100,-0.0038022859497385706,-0.003795066413662239,-0.2707252660056268
2020-07-01,TCS,TCS,2079.69995117188,-0.00971371566608334,-0.00966668991815238,-0.6634633968164243
2020-07-02,TCS,TCS,2102,0.010665643391465437,0.010722724119676135,0.6904817175530965
2020-07-03,TCS,TCS,2163.64990234375,0.028907292790488592,0.02932916381719791,1.9024036436600205
2020-07-06,TCS,TCS,2205,0.01893094365356139,0.019111270086467298,1.2396041348509423
2020-07-07,TCS,TCS,2275,0.03125254350410453,0.031746031746031744,2.058215253667242
2020-07-08,TCS,TCS,2270,-0.0022002209096024235,-0.002197802197802198,-0.16428874227250764
2020-07-09,TCS,TCS,2229,-0.018226777089579465,-0.018061674008810574,-1.2290463422918738
2020-07-10,TCS,TCS,2205.25,-0.010712173246992581,-0.010655002243158367,-0.7297980033052643
2020-07-13,TCS,TCS,2220,0.006666314727448731,0.006688584060764086,0.42477799791635623
2020-07-14,TCS,TCS,2210,-0.004514680354526583,-0.0045045045045045045,-0.3180546702888117
2020-07-15,TCS,TCS,2185,-0.011376686982107934,-0.011312217194570135,-0.7739463556921176
2020-07-16,TCS,TCS,2244,0.026644159112896304,0.02700228832951945,1.7520476497699085
2020-07-17,TCS,TCS,2237,-0.003124305152457376,-0.0031194295900178253,-0.22568220132812378
2020-07-20,TCS,TCS,2201,-0.016223879963667958,-0.016092981671881983,-1.0959797050853346
2020-07-21,TCS,TCS,2230,0.013089782927702779,0.013175829168559746,0.8515344706043654
2020-07-22,TCS,TCS,2231,4.4832997836800496e-4,4.484304932735426e-4,0.011673245776293098
2020-07-23,TCS,TCS,2190.94995117188,-0.018114698013587806,-0.01795161310090542,-1.2216001357191628
2020-07-24,TCS,TCS,2154.5,-0.016776539363052075,-0.016636596902810996,-1.1326967819862075
2020-07-27,TCS,TCS,2165,0.004861683380697604,0.004873520538407983,0.30488356020258917
2020-07-28,TCS,TCS,2215,0.02283204204264569,0.023094688221709007,1.49878172182314
2020-07-29,TCS,TCS,2292,0.03417239535539427,0.03476297968397291,2.252201685604226
2020-07-30,TCS,TCS,2285.89990234375,-0.0026650216897668236,-0.002661473672011344,-0.19516874903236817
2020-07-31,TCS,TCS,2303.14990234375,0.007517931589581039,0.00754626218860828,0.48135693577905797
2020-08-03,TCS,TCS,2290.44995117188,-0.005529425258958175,-0.00551416612481288,-0.3854713589985387
2020-08-04,TCS,TCS,2259.94995117188,-0.013405615953538008,-0.013316160863674431,-0.9087424727099872
2020-08-05,TCS,TCS,2260,2.214574438334409e-5,2.2145989602134923e-5,-0.016641190403735285
2020-08-06,TCS,TCS,2275,0.006615239118719183,0.00663716814159292,0.4213846835973171
2020-08-07,TCS,TCS,2308,0.014401296242939426,0.014505494505494506,0.9386675860561727
2020-08-10,TCS,TCS,2318,0.004323396271706801,0.004332755632582322,0.2691213363128133
2020-08-11,TCS,TCS,2283,-0.015214377369901496,-0.015099223468507334,-1.0289113001902759
2020-08-12,TCS,TCS,2288.35009765625,0.0023407089742357753,0.0023434505721638193,0.13739738110142266
2020-08-13,TCS,TCS,2273,-0.006730531651488106,-0.006707932353520432,-0.46526936085971704
2020-08-14,TCS,TCS,2277,0.0017582422111963444,0.0017597888253409592,0.09869998998755694
2020-08-17,TCS,TCS,2263,-0.006167420430202219,-0.006148440931049627,-0.4278578954277721
2020-08-18,TCS,TCS,2262.80004882812,-8.836058590876832e-5,-8.835668222713311e-5,-0.023982908344098535
2020-08-19,TCS,TCS,2276.35009765625,0.005970319835123536,0.005988177715988396,0.3785381293597059
2020-08-20,TCS,TCS,2257,-0.008536828065216395,-0.00850049281794265,-0.585274420761967
2020-08-21,TCS,TCS,2260,0.0013283154487958044,0.001329198050509526,0.07013691114660092
2020-08-24,TCS,TCS,2250.60009765625,-0.004167922559229037,-0.004159248824668142,-0.2950170947945641
2020-08-25,TCS,TCS,2245,-0.0024913695307478105,-0.0024882686453634654,-0.18363180659764416
2020-08-26,TCS,TCS,2242,-0.0013371965442494462,-0.0013363028953229399,-0.10695192320219951
2020-08-27,TCS,TCS,2266,0.010647837955846421,0.010704727921498661,0.6892987763969242
2020-08-28,TCS,TCS,2268.39990234375,0.0010585315012017202,0.0010590919434024712,0.052213253353985925
2020-08-31,TCS,TCS,2240,-0.01259882824006794,-0.01251979525938382,-0.8551418525971807
2020-09-01,TCS,TCS,2269,0.012863339930756092,0.012946428571428572,0.8364902590306166
2020-09-02,TCS,TCS,2247,-0.009743212594512532,-0.009695901278096077,-0.6654230866193682
2020-09-03,TCS,TCS,2268,0.00930239266231341,0.009345794392523364,0.5999113193779695
2020-09-04,TCS,TCS,2275,0.0030816665374081144,0.0030864197530864196,0.18662443823208988
2020-09-07,TCS,TCS,2289,0.006134988567515929,0.006153846153846154,0.38947823915817953
2020-09-08,TCS,TCS,2335.94995117188,0.02030359875399445,0.02051111890427261,1.3307993319961307
2020-09-09,TCS,TCS,2325,-0.004698600685104494,-0.004687579528999207,-0.33027380006202944
2020-09-10,TCS,TCS,2335,0.004291852081541084,0.004301075268817204,0.2670256324174646
2020-09-11,TCS,TCS,2330.94995117188,-0.0017360022664795474,-0.0017344962861327614,-0.1334474109980262
2020-09-14,TCS,TCS,2384.10009765625,0.022545846739198343,0.022801925222653913,1.4797677414637083
2020-09-15,TCS,TCS,2491.39990234375,0.04402302667893617,0.045006417638665336,2.906648869949047
2020-09-16,TCS,TCS,2488.94995117188,-9.838470957058303e-4,-9.833632768329323e-4,-0.0834764175118681
2020-09-17,TCS,TCS,2480,-0.0036023549999189253,-0.0035958743034049637,-0.25744243743603556
2020-09-18,TCS,TCS,2485,0.0020140993717011856,0.0020161290322580645,0.11569839270786579
2020-09-21,TCS,TCS,2465,-0.008080852053938672,-0.008048289738430584,-0.5549807058813465
2020-09-22,TCS,TCS,2485,0.008080852053938674,0.008113590263691683,0.518755727877641
2020-09-23,TCS,TCS,2510,0.010010093595100425,0.01006036217303823,0.6469289030848921
2020-09-24,TCS,TCS,2450,-0.02419472858705688,-0.02390438247011952,-1.6255396152150363
2020-09-25,TCS,TCS,2368,-0.034042307534876325,-0.03346938775510204,-2.2797840086288486
2020-09-28,TCS,TCS,2440,0.029952322283351325,0.030405405405405407,1.9718323520034977
2020-09-29,TCS,TCS,2434.85009765625,-0.002112846203020954,-0.0021106157146516392,-0.15848382187430549
2020-09-30,TCS,TCS,2489,0.021995830283365346,0.02223952201241213,1.4432262540157956
2020-10-01,TCS,TCS,2510,0.008401729758237504,0.008437123342707915,0.5400739056877809
2020-10-05,TCS,TCS,2620,0.04289156462931293,0.043824701195219126,2.831477834890687
2020-10-06,TCS,TCS,2736,0.04332268198729855,0.044274809160305344,2.8601200134261453
2020-10-07,TCS,TCS,2742,0.0021905813798186818,0.0021929824561403508,0.12742334205441047
2020-10-08,TCS,TCS,2800,0.020931836041035642,0.021152443471918306,1.3725375830889253
2020-10-09,TCS,TCS,2810,0.0035650661644961446,0.0035714285714285713,0.2187400980786861
2020-10-12,TCS,TCS,2815.5,0.0019553823668817844,0.0019572953736654805,0.11179740634312572
2020-10-13,TCS,TCS,2845,0.010423201865758168,0.01047771266204937,0.6743746104392415
2020-10-14,TCS,TCS,2842,-0.0010550379033853635,-0.001054481546572935,-0.08820612691899592
2020-10-15,TCS,TCS,2811,-0.010967737750514014,-0.010907811400422239,-0.7467769627500632
2020-10-16,TCS,TCS,2750.10009765625,-0.021902981760620555,-0.02166485319948417,-1.4732826472572553
2020-10-19,TCS,TCS,2774,0.008653011728865657,0.008690557250668255,0.5567683461508195
2020-10-20,TCS,TCS,2725,-0.01782189377743242,-0.017664023071377072,-1.2021470771666447
2020-10-21,TCS,TCS,2739,0.005124462165733688,0.005137614678899082,0.3223418154477548
2020-10-22,TCS,TCS,2661,-0.028890898285388968,-0.028477546549835708,-1.9375394186117822
2020-10-23,TCS,TCS,2687.80004882812,0.010021041301849408,0.010071420078211197,0.6476562367573829
2020-10-26,TCS,TCS,2689.94995117188,7.995546309492325e-4,7.998743599611739e-4,0.03500758622662927
2020-10-27,TCS,TCS,2699.75,0.0036365882023813353,0.0036432086120600847,0.22349181345358826
2020-10-28,TCS,TCS,2650,-0.01859953613260122,-0.01842763218816557,-1.253811364769331
2020-10-29,TCS,TCS,2608,-0.015975995933724296,-0.015849056603773583,-1.0795110138804396
2020-10-30,TCS,TCS,2636.10009765625,0.010716945169093285,0.010774577322181749,0.6938900578733955
2020-11-02,TCS,TCS,2660,0.009025533560107782,0.009066386502166342,0.5815176089702228
2020-11-03,TCS,TCS,2604,-0.02127739844728485,-0.021052631578947368,-1.4317207184286727
2020-11-04,TCS,TCS,2610,0.0023014969882791674,0.002304147465437788,0.134792251241315
2020-11-05,TCS,TCS,2685,0.02833050662622599,0.028735632183908046,1.8640836549432989
2020-11-06,TCS,TCS,2699,0.0052006060750396975,0.0052141527001862194,0.32740059446542363
2020-11-09,TCS,TCS,2731.10009765625,0.011823160166387328,0.01189332999490552,0.7673837524885742
2020-11-10,TCS,TCS,2697.19995117188,-0.01249031442722786,-0.012412634203141112,-0.8479325116987968
2020-11-11,TCS,TCS,2667.94995117188,-0.01090381082868019,-0.010844579760314565,-0.7425298447102283
2020-11-12,TCS,TCS,2686,0.006742729154698886,0.006765512531519427,0.42985474935640555
2020-11-13,TCS,TCS,2655.75,-0.011325997423060086,-0.01126209977661951,-0.7705786893867852
2020-11-14,TCS,TCS,2677.94995117188,0.008324457533562441,0.008359202173352162,0.5349401646913234
2020-11-17,TCS,TCS,2695,0.00634664614941225,0.006366828782837722,0.4035401509248128
2020-11-18,TCS,TCS,2661,-0.012696212365408367,-0.01261595547309833,-0.8616117695533265
2020-11-19,TCS,TCS,2637,-0.009060084624402465,-0.009019165727170236,-0.6200380588072647
2020-11-20,TCS,TCS,2655,0.00680274732275262,0.006825938566552901,0.4338421812074412
2020-11-23,TCS,TCS,2690,0.0130965389198455,0.013182674199623353,0.851983318996924
2020-11-24,TCS,TCS,2734.39990234375,0.01637080405148185,0.016505539904739776,1.069515934503171
2020-11-25,TCS,TCS,2729,-0.001976755939028132,-0.0019748034437543516,-0.14944238207602645
2020-11-26,TCS,TCS,2686,-0.015882143625155623,-0.015756687431293513,-1.0732757405187985
2020-11-27,TCS,TCS,2705,0.007048814197399063,0.007073715562174236,0.45019014591991935
2020-12-01,TCS,TCS,2679,-0.009658321735973146,-0.009611829944547136,-0.6597831858330154
2020-12-02,TCS,TCS,2719,0.014820575087861882,0.014930944382232176,0.9665232483485047
2020-12-03,TCS,TCS,2773.89990234375,0.019990071360450692,0.020191210865667525,1.309969487371928
2020-12-04,TCS,TCS,2710.80004882812,-0.02301042471852468,-0.02274770385993924,-1.546857923990103
2020-12-07,TCS,TCS,2715,0.0015481410936388487,0.001549340082716777,0.08474148516720156
2020-12-08,TCS,TCS,2740,0.009165967014080182,0.009208103130755065,0.590847597629976
2020-12-09,TCS,TCS,2815,0.02700434119167495,0.02737226277372263,1.775977095463892
2020-12-10,TCS,TCS,2818,0.001065151884834704,0.0010657193605683837,0.052653092313092446
2020-12-11,TCS,TCS,2792.69995117188,-0.009018561152269882,-0.008978015907778565,-0.6172793605544488
2020-12-14,TCS,TCS,2802,0.0033245955905966363,0.0033301281880344816,0.20276393524837014
2020-12-15,TCS,TCS,2786,-0.005726572557201309,-0.005710206995003569,-0.39856924988478654
2020-12-16,TCS,TCS,2779,-0.002515724597247247,-0.002512562814070352,-0.1852498861066188
2020-12-17,TCS,TCS,2811,0.011449141164028266,0.011514933429291111,0.7425350219914373
2020-12-18,TCS,TCS,2868,0.020074630812979007,0.020277481323372464,1.3155873705105081
2020-12-21,TCS,TCS,2861,-0.002443708669400766,-0.0024407252440725243,-0.1804653581246942
2020-12-22,TCS,TCS,2834,-0.009482072799484499,-0.009437259699405802,-0.6480737210849945
2020-12-23,TCS,TCS,2876.05004882812,0.014728700673984728,0.014837702479929427,0.9604193805353283
2020-12-24,TCS,TCS,2909,0.011391537570590991,0.011456668212469335,0.7387080074281094
2020-12-28,TCS,TCS,2910,3.437016703365417e-4,3.4376074252320387e-4,0.004722046472923649
2020-12-29,TCS,TCS,2920,0.0034305350967892222,0.003436426116838488,0.20980224672927222
2020-12-30,TCS,TCS,2934.39990234375,0.004919353520016022,0.004931473405393835,0.3087149958799668
2020-12-31,TCS,TCS,2900,-0.011792232807778049,-0.011722976924949552,-0.8015540070845836
2021-01-01,TCS,TCS,2880,-0.006920442844573795,-0.006896551724137931,-0.4778865060464893
2021-01-04,TCS,TCS,2950,0.02401487620387392,0.024305555555555556,1.5773657699858872
2021-01-05,TCS,TCS,3039.60009765625,0.029920789589757645,0.030372914459745763,1.9697374119068287
2021-01-06,TCS,TCS,3100,0.019676151549614492,0.01987100289617791,1.2891135716885522
2021-01-07,TCS,TCS,3075,-0.008097210232619362,-0.008064516129032258,-0.5560674955120782
2021-01-08,TCS,TCS,3090,0.004866189651172906,0.004878048780487805,0.3051829436560547
2021-01-11,TCS,TCS,3230,0.04431104632491099,0.045307443365695796,2.925784054299489
2021-01-12,TCS,TCS,3176.44995117188,-0.01671793160090855,-0.016578962485486067,-1.128803053385898
2021-01-13,TCS,TCS,3175,-4.565732890016312e-4,-4.5646907527854336e-4,-0.04844588527058392
2021-01-14,TCS,TCS,3155,-0.006319136351478546,-0.006299212598425197,-0.4379374582738894
2021-01-15,TCS,TCS,3235,0.025040431959687356,0.025356576862123614,1.6455007000970876
2021-01-18,TCS,TCS,3250,0.004626068388782243,0.00463678516228748,0.28922998806250505
2021-01-19,TCS,TCS,3233,-0.005244497598350117,-0.005230769230769231,-0.36654159712822504
2021-01-20,TCS,TCS,3270,0.011379486165866055,0.011444478812248686,0.7379073472845523
2021-01-21,TCS,TCS,3305,0.010646488394487485,0.010703363914373088,0.6892091154805374
2021-01-22,TCS,TCS,3241.89990234375,-0.019276925746350707,-0.01909231396558245,-1.29881515293906
2021-01-25,TCS,TCS,3308.94995117188,0.020471356206407137,0.020682331610441085,1.3419446473346475
2021-01-27,TCS,TCS,3300,-0.002708435291271558,-0.0027047707895099275,-0.1980530219620778
2021-01-28,TCS,TCS,3230,-0.021440331237869405,-0.021212121212121213,-1.4425454973218457
2021-01-29,TCS,TCS,3210.05004882812,-0.006195608678947538,-0.006176455471170279,-0.42973064037345865
2021-02-01,TCS,TCS,3100,-0.0348844170645171,-0.03428296978369404,-2.335731307079278
2021-02-02,TCS,TCS,3174,0.023590510613116816,0.023870967741935485,1.549172159152023
2021-02-03,TCS,TCS,3213,0.012212458029504084,0.012287334593572778,0.7932475658849127
2021-02-04,TCS,TCS,3216.05004882812,9.488335084596214e-4,9.492837933769056e-4,0.044925239000350385
2021-02-05,TCS,TCS,3198.94995117188,-0.0053312979450828865,-0.00531711179758257,-0.3723083587350324
2021-02-08,TCS,TCS,3189.5,-0.002958450997225238,-0.0029540790934907174,-0.21466333549724487
2021-02-09,TCS,TCS,3195,0.001722923129625137,0.0017244082144536761,0.09635349332874069
2021-02-10,TCS,TCS,3185,-0.0031347988053715033,-0.003129890453834116,-0.2263793689895233
2021-02-11,TCS,TCS,3215,0.009375068665456102,0.009419152276295133,0.604739700835359
2021-02-12,TCS,TCS,3184.19995117188,-0.009626292944317215,-0.009580108500192846,-0.657655286429543
2021-02-15,TCS,TCS,3209,0.007758297382454254,0.007788470952960365,0.49732613726391517
2021-02-16,TCS,TCS,3150,-0.018556909290178093,-0.01838578996572141,-1.2509793618159104
2021-02-17,TCS,TCS,3105.10009765625,-0.014356500401267996,-0.014253937251984128,-0.9719164591292063
2021-02-18,TCS,TCS,3065,-0.012998383048098989,-0.012914268910853411,-0.8816871074665239
2021-02-19,TCS,TCS,3058,-0.002286461881304121,-0.0022838499184339315,-0.17001834063545232
2021-02-22,TCS,TCS,3096,0.012349848220610186,0.012426422498364944,0.8023753690452138
2021-02-23,TCS,TCS,2970,-0.04154900291287239,-0.040697674418604654,-2.7785069323183103
2021-02-24,TCS,TCS,2972,6.731740409044118e-4,6.734006734006734e-4,0.026611228816216012
2021-02-25,TCS,TCS,2974,6.727211824505548e-4,6.729475100942127e-4,0.02658114222274812
2021-02-26,TCS,TCS,2960,-0.004718579701994371,-0.004707464694014795,-0.331601147611654
2021-03-01,TCS,TCS,2926,-0.011552965738036488,-0.011486486486486487,-0.7856578015566624
2021-03-02,TCS,TCS,2960,0.011552965738036483,0.01161995898838004,0.7494328235529565
2021-03-03,TCS,TCS,3035,0.02502215617549268,0.02533783783783784,1.6442865103548205
2021-03-04,TCS,TCS,3023,-0.003961708714140561,-0.003953871499176277,-0.28131684900741927
2021-03-05,TCS,TCS,3016.10009765625,-0.0022850773242830665,-0.0022824685225769103,-0.16992635470945097
2021-03-08,TCS,TCS,3016,-3.318832732832683e-5,-3.318777660190517e-5,-0.02031742456991425
2021-03-09,TCS,TCS,3006.94995117188,-0.0030051903842905382,-0.003000679319668434,-0.2177685639093351
2021-03-10,TCS,TCS,3075,0.02237864149706204,0.022630921675832773,1.4686591133636717
2021-03-12,TCS,TCS,3075,0,0,-0.018112489001852798
2021-03-15,TCS,TCS,3041,-0.011118492563253646,-0.011056910569105691,-0.7567926723511417
2021-03-16,TCS,TCS,3060,0.006228507269061791,0.006247944755014798,0.39569134864325434
2021-03-17,TCS,TCS,3105,0.014598799421152631,0.014705882352941176,0.9517891205685729
2021-03-18,TCS,TCS,3125.94995117188,0.006724505984035377,0.006747166238930758,0.42864405510353404
2021-03-19,TCS,TCS,3030,-0.031175601848199824,-0.03069465367988683,-2.0893284526984344
2021-03-22,TCS,TCS,3048.69995117188,0.006152634712183144,0.006171601046825083,0.3906505974885944
2021-03-23,TCS,TCS,3140,0.0295075456867012,0.02994720710151403,1.9422826935319142
2021-03-24,TCS,TCS,3111.19995117188,-0.009214311755066092,-0.009171990072649681,-0.630284459073121
2021-03-25,TCS,TCS,3112.19995117188,3.2136774891472275e-4,3.2141939306193904e-4,0.00323824594178851
2021-03-26,TCS,TCS,3090.64990234375,-0.00694846273633828,-0.00692437798542329,-0.47974806584591956
2021-03-30,TCS,TCS,3083,-0.0024782442736591723,-0.0024751759615182574,-0.18275980283835894
2021-03-31,TCS,TCS,3155,0.023085347089163186,0.02335387609471294,1.5156105695415119
2021-04-01,TCS,TCS,3191.10009765625,0.01137721955310671,0.011442186261885895,0.7377567601506285
2021-04-05,TCS,TCS,3171,-0.006318719990072956,-0.0062987988596825304,-0.4379097964377483
2021-04-06,TCS,TCS,3275,0.03227087353100507,0.03279722485020498,2.125870127446359
2021-04-07,TCS,TCS,3259,-0.0048974692317907504,-0.004885496183206107,-0.34348604566932633
2021-04-08,TCS,TCS,3270,0.0033695850537376042,0.0033752684872660325,0.2057529038241634
2021-04-09,TCS,TCS,3354,0.025363678491854977,0.025688073394495414,1.6669762559145864
2021-04-12,TCS,TCS,3322.25,-0.009511399171537016,-0.009466308884913536,-0.6500220796202439
2021-04-13,TCS,TCS,3214,-0.033125996914159225,-0.032583339604183914,-2.2189070063315035
2021-04-15,TCS,TCS,3160.30004882812,-0.016849292063373728,-0.016708136643397636,-1.1375302589802352
2021-04-16,TCS,TCS,3229,0.021505516524191078,0.021738426766583392,1.410651239420513
2021-04-19,TCS,TCS,3169,-0.018756411067354487,-0.018581604211830288,-1.264233677408135
2021-04-20,TCS,TCS,3225,0.017516869538952033,0.017671189649731776,1.1456571793345685
2021-04-22,TCS,TCS,3148,-0.024165619692579042,-0.023875968992248062,-1.6236057052548813
2021-04-23,TCS,TCS,3105,-0.013753615169714734,-0.013659466327827191,-0.9318625245828832
2021-04-26,TCS,TCS,3102.05004882812,-9.505163872616767e-4,-9.500647896553952e-4,-0.08126202255817988
2021-04-27,TCS,TCS,3106,0.0012725257283148187,0.001273335732726878,0.0664304050065419
2021-04-28,TCS,TCS,3149.94995117188,0.014050839467959085,0.014150016475170639,0.9153842611516748
2021-04-29,TCS,TCS,3145.60009765625,-0.001381882178395394,-0.0013809278188727158,-0.10992070626665015
2021-04-30,TCS,TCS,3099,-0.01492520321044772,-0.014814374430802945,-1.0096994133351138
2021-05-03,TCS,TCS,3024.89990234375,-0.024201478004594535,-0.023910970524766054,-1.6259880268100302
2021-05-04,TCS,TCS,3062.80004882812,0.01245154539812868,0.012529388643572715,0.8091318325952944
2021-05-05,TCS,TCS,3070,0.002348015399960344,0.0023507741468904663,0.13788279869406375
2021-05-06,TCS,TCS,3105.5,0.011497171418114903,0.011563517915309447,0.7457260118394934
2021-05-07,TCS,TCS,3133,0.008816278952834156,0.00885525680244727,0.56761534382158
2021-05-10,TCS,TCS,3145.94995117188,0.004124883821075703,0.004133402863670604,0.2559327486877311
2021-05-11,TCS,TCS,3125,-0.0066816126027655345,-0.006659340261937751,-0.46201932209105434
2021-05-12,TCS,TCS,3120,-0.0016012813669738792,-0.0016,-0.12449694777815365
2021-05-14,TCS,TCS,3098.5,-0.006914878401365841,-0.006891025641025641,-0.4775168206862029
2021-05-17,TCS,TCS,3055,-0.014138530796466509,-0.01403905115378409,-0.9574351949899049
2021-05-18,TCS,TCS,3100,0.014622518867541963,0.014729950900163666,0.9533649713332459
2021-05-19,TCS,TCS,3084,-0.005174655790017474,-0.005161290322580645,-0.3619015112990445
2021-05-20,TCS,TCS,3067.10009765625,-0.005494934108961289,-0.005479864573200389,-0.3831798676962166
2021-05-21,TCS,TCS,3061,-0.0019908616288463504,-0.0019888811783193646,-0.1503795229233052
2021-05-24,TCS,TCS,3081.5,0.006674831456885266,0.006697157791571382,0.4253438245539085
2021-05-25,TCS,TCS,3092,0.0034016393050146786,0.003407431445724485,0.20788249469053033
2021-05-26,TCS,TCS,3120,0.00901487109621536,0.009055627425614488,0.580809226000301
2021-05-27,TCS,TCS,3161.94995117188,0.013355908621734846,0.01344549717047436,0.869215084711287
2021-05-28,TCS,TCS,3189.5,0.008675254256747058,0.0087129933280283,0.5582460747619701
2021-05-31,TCS,TCS,3150,-0.012461711862331196,-0.012384386267440038,-0.8460322407976897
2021-06-01,TCS,TCS,3168.60009765625,0.005887427941262541,0.005904792906746031,0.3730310339502278
2021-06-02,TCS,TCS,3150.85009765625,-0.005617592078408395,-0.005601842912625459,-0.39132890506301643
2021-06-03,TCS,TCS,3154.55004882812,0.0011735818538314358,0.001174270770488953,0.05985686287132224
2021-06-04,TCS,TCS,3128,-0.008452047871162688,-0.008416429733927679,-0.5796418722009367
2021-06-07,TCS,TCS,3145,0.005420067469339113,0.005434782608695652,0.34198096874340433
2021-06-08,TCS,TCS,3198,0.016711724259358744,0.01685214626391097,1.092165677733137
2021-06-09,TCS,TCS,3202,0.001250000162760564,0.0012507817385866166,0.06493387219878922
2021-06-10,TCS,TCS,3210,0.0024953225674015705,0.0024984384759525295,0.14766945680757218
2021-06-11,TCS,TCS,3211.55004882812,4.8276470523115933e-4,4.8288125486604293e-4,0.013960988490348037
2021-06-14,TCS,TCS,3279,0.02078479601535548,0.02100230422891656,1.3627686730940507
2021-06-15,TCS,TCS,3298,0.005777726274895851,0.005794449527294907,0.3657427755317003
2021-06-16,TCS,TCS,3262.10009765625,-0.010945034432611984,-0.01088535547111886,-0.7452686205953062
2021-06-17,TCS,TCS,3265.5,0.0010417006557795737,0.0010422434143552977,0.051095061124992194
2021-06-18,TCS,TCS,3350.89990234375,0.025816046967774543,0.026152167307839536,1.6970302966788966
2021-06-21,TCS,TCS,3265,-0.025969174599954903,-0.025634875659421595,-1.743428627479425
2021-06-22,TCS,TCS,3304,0.011874092930337286,0.011944869831546707,0.7707675766175198
2021-06-23,TCS,TCS,3329,0.007538102934156255,0.007566585956416465,0.48269706101855914
2021-06-24,TCS,TCS,3284,-0.013609767002706118,-0.013517572844698107,-0.9223056723589079
2021-06-25,TCS,TCS,3375.25,0.027407204065036703,0.02778623629719854,1.8027421285352814
2021-06-28,TCS,TCS,3391.5,0.004802905748778658,0.0048144581882823495,0.30097854595036766
2021-06-29,TCS,TCS,3342,-0.014702871230795247,-0.0145953118089341,-0.9949283257474957
2021-06-30,TCS,TCS,3346,0.0011961723914301744,0.0011968880909634949,0.061357712232012196
2021-07-01,TCS,TCS,3358,0.0035799560907169045,0.0035863717872086074,0.2197293413028224
2021-07-02,TCS,TCS,3331,-0.008072999443806518,-0.008040500297796307,-0.5544590013913547
2021-07-05,TCS,TCS,3342,0.0032968709616594464,0.003302311618132693,0.20092199184910942
2021-07-06,TCS,TCS,3313,-0.00871530685544316,-0.008677438659485339,-0.5971320304818665
2021-07-07,TCS,TCS,3275,-0.011536254230543516,-0.011469966797464533,-0.7845475377912532
2021-07-08,TCS,TCS,3298,0.006998355050192014,0.007022900763358778,0.4468377875045584
2021-07-09,TCS,TCS,3250,-0.01466122779576099,-0.014554275318374773,-0.992161657509747
2021-07-12,TCS,TCS,3235,-0.004626068388782191,-0.004615384615384616,-0.3254549660662072
2021-07-13,TCS,TCS,3214,-0.006512660637543062,-0.006491499227202473,-0.4507946468090629
2021-07-14,TCS,TCS,3187,-0.008436231880121466,-0.008400746733042938,-0.5785911039339513
2021-07-15,TCS,TCS,3227.60009765625,0.01265882181362947,0.012739283858252275,0.8229026724582571
2021-07-16,TCS,TCS,3213,-0.004533777115107358,-0.00452351506212061,-0.3193234033051745
2021-07-19,TCS,TCS,3180,-0.010323883341635904,-0.01027077497665733,-0.704001155679581
2021-07-20,TCS,TCS,3184.60009765625,0.001445526313256986,0.0014465715900157234,0.07792405876199471
2021-07-22,TCS,TCS,3190,0.0016941936914108815,0.001695629648358088,0.09444479333484349
2021-07-23,TCS,TCS,3230,0.012461220437812033,0.012539184952978056,0.8097746139837383
2021-07-26,TCS,TCS,3200,-0.009331327428884305,-0.009287925696594427,-0.6380586387920921
2021-07-27,TCS,TCS,3200,0,0,-0.018112489001852798
2021-07-28,TCS,TCS,3188,-0.003757048877712288,-0.00375,-0.26771984701843443
2021-07-29,TCS,TCS,3200.25,0.0038351708261134495,0.003842534504391468,0.23668506317461832
2021-07-30,TCS,TCS,3219,0.00584182056258921,0.0058589172720881185,0.37000101287058623
2021-08-02,TCS,TCS,3180,-0.012189555524585678,-0.012115563839701771,-0.8279509683300575
2021-08-03,TCS,TCS,3229,0.015291294984052638,0.015408805031446541,0.9977965038951715
2021-08-04,TCS,TCS,3300,0.021749976696296427,0.02198823165066584,1.4268924595072345
2021-08-05,TCS,TCS,3275,-0.007604599385219304,-0.007575757575757576,-0.5233398690818601
2021-08-06,TCS,TCS,3272.55004882812,-7.483566426978868e-4,-7.480766937038175e-4,-0.06783111937317776
2021-08-09,TCS,TCS,3323.89990234375,0.015569250480263499,0.01569108271820566,1.0162630555194951
2021-08-10,TCS,TCS,3315.60009765625,-0.0025001307359791363,-0.0024970080120787145,-0.18421387549320878
2021-08-11,TCS,TCS,3350,0.010321713648173327,0.010375166283794838,0.6676320295770545
2021-08-12,TCS,TCS,3326,-0.007189965066239163,-0.007164179104477612,-0.495792775532559
2021-08-13,TCS,TCS,3360.75,0.01039378258148918,0.01044798556825015,0.6724200790876046
2021-08-16,TCS,TCS,3460,0.029104425717407772,0.029532098489920406,1.9155005797574647
2021-08-17,TCS,TCS,3482.10009765625,0.006366999036133334,0.006387311461343931,0.4048923372944387
2021-08-18,TCS,TCS,3573.85009765625,0.026007885294180234,0.02634904150565791,1.7097754749768175
2021-08-20,TCS,TCS,3506,-0.019167686900903584,-0.018985154889609515,-1.2915576429911346
2021-08-23,TCS,TCS,3580,0.02088701391356609,0.021106674272675412,1.3695597318065724
2021-08-24,TCS,TCS,3657,0.021280338754635326,0.021508379888268158,1.395691085860546
2021-08-25,TCS,TCS,3610,-0.012935366822454619,-0.01285206453377085,-0.8775004934225655
2021-08-26,TCS,TCS,3660,0.013755375068485419,0.013850415512465374,0.8957544691151429
2021-08-27,TCS,TCS,3666,0.0016380020042383698,0.001639344262295082,0.09071158170141767
2021-08-30,TCS,TCS,3715,0.013277528752209196,0.01336606655755592,0.8640077550249362
2021-08-31,TCS,TCS,3709.39990234375,-0.0015085660233704232,-0.0015074287096231494,-0.11833721104921605
2021-09-01,TCS,TCS,3796,0.023077768601329277,0.02334612064920057,1.5151070769366632
2021-09-02,TCS,TCS,3734,-0.016467835628150584,-0.016332982086406742,-1.1121874071586082
2021-09-03,TCS,TCS,3825,0.024078422158968393,0.02437064809855383,1.5815875777078645
2021-09-06,TCS,TCS,3849.69995117188,0.006436743223571797,0.006457503574347713,0.4095259374764327
2021-09-07,TCS,TCS,3864,0.003707705848200664,0.0037145878924322263,0.22821666220033407
2021-09-08,TCS,TCS,3810,-0.014073727211661965,-0.013975155279503106,-0.9531298340218797
2021-09-09,TCS,TCS,3789.69995117188,-0.005342341734502315,-0.0053280968052808395,-0.37304207585961596
2021-09-13,TCS,TCS,3767,-0.006007918694203209,-0.0059899072391893585,-0.41726106578364625
2021-09-14,TCS,TCS,3849.94995117188,0.02178121980967641,0.022020162243663394,1.42896816073999
2021-09-15,TCS,TCS,3882.10009765625,0.008316120968546378,0.008350795956343242,0.534386307651843
2021-09-16,TCS,TCS,3930,0.012263156393042955,0.012338657205842974,0.7966158171349225
2021-09-17,TCS,TCS,3920,-0.0025477720787986644,-0.002544529262086514,-0.18737902721217858
2021-09-20,TCS,TCS,3809,-0.028724966305904157,-0.028316326530612244,-1.9265153823647785
2021-09-21,TCS,TCS,3858,0.012782226987070383,0.012864268836965082,0.8311013518768012
2021-09-22,TCS,TCS,3862.5,0.0011657277403264727,0.0011664074650077762,0.05933505850163038
2021-09-23,TCS,TCS,3870,0.001939864817826676,0.001941747572815534,0.11076646569033954
2021-09-24,TCS,TCS,3890,0.005154650588664422,0.00516795865633075,0.3243474461264315
2021-09-27,TCS,TCS,3900,0.0025673955052457334,0.002570694087403599,0.15245777236729124
2021-09-28,TCS,TCS,3850,-0.012903404835907841,-0.01282051282051282,-0.8753770323554951
2021-09-29,TCS,TCS,3759.80004882812,-0.02370737081507601,-0.023428558745942858,-1.5931609877783164
2021-09-30,TCS,TCS,3805,0.011950213829032403,0.012021902916344775,0.7758248268773849
2021-10-01,TCS,TCS,3781.75,-0.006129125853477576,-0.006110381077529567,-0.42531371555848546
2021-10-04,TCS,TCS,3724.80004882812,-0.015173693236320809,-0.015059152818636875,-1.0262083651402394
2021-10-05,TCS,TCS,3754,0.007808765940466236,0.007839333867348601,0.5006791209056792
2021-10-06,TCS,TCS,3836,0.02160821885687475,0.02184336707511987,1.4174744825450267
2021-10-07,TCS,TCS,3830,-0.001565353828637219,-0.0015641293013555788,-0.12211002702834595
2021-10-08,TCS,TCS,3925,0.0245015480418172,0.024804177545691905,1.6096988259678644
2021-10-11,TCS,TCS,3755,-0.04427806601827368,-0.04331210191082802,-2.9598179170224888
2021-10-12,TCS,TCS,3706,-0.013135157352930067,-0.013049267643142477,-0.8907739929409093
2021-10-13,TCS,TCS,3650,-0.015225960268767942,-0.015110631408526714,-1.0296808341724868
2021-10-14,TCS,TCS,3625,-0.006872879287762064,-0.00684931506849315,-0.4747265222027665
2021-10-18,TCS,TCS,3603.44995117188,-0.00596258196984235,-0.005944841056033103,-0.4142490261862986
2021-10-19,TCS,TCS,3669,0.018027439036349305,0.0181909141840037,1.1795779260369077
2021-10-20,TCS,TCS,3612,-0.015657509818405982,-0.01553556827473426,-1.0583517262594666
2021-10-21,TCS,TCS,3604.10009765625,-0.0021895221498746276,-0.0021871268947259138,-0.16357794791325636
2021-10-22,TCS,TCS,3560,-0.012311568540925228,-0.012236091246446883,-0.8360571568954546
2021-10-25,TCS,TCS,3503,-0.016140800648589304,-0.01601123595505618,-1.0904601579573672
2021-10-26,TCS,TCS,3494.5,-0.002429440280303055,-0.002426491578646874,-0.17951740801231747
2021-10-27,TCS,TCS,3483,-0.00329631255118257,-0.003290885677493204,-0.23710987069111691
2021-10-28,TCS,TCS,3518,0.009998654931502324,0.010048808498420901,0.6461689516727878
2021-10-29,TCS,TCS,3400.05004882812,-0.03410249455802772,-0.03352755860485503,-2.283782658719568
2021-11-01,TCS,TCS,3437.94995117188,0.011085197555727835,0.011146866016523137,0.7183556712585271
2021-11-02,TCS,TCS,3494,0.016171862398798288,0.016303334726852102,1.05629883194686
2021-11-03,TCS,TCS,3504.19995117188,0.0029150234248148535,0.002919276236943332,0.17555315637764898
2021-11-04,TCS,TCS,3512.94995117188,0.0024938912968424094,0.002497003630478852,0.14757436737048807
2021-11-08,TCS,TCS,3548,0.00992793801381111,0.009977383485474282,0.6414707261328719
2021-11-09,TCS,TCS,3508,-0.011337989937396499,-0.011273957158962795,-0.7713754370248703
2021-11-10,TCS,TCS,3498,-0.0028546979135262783,-0.0028506271379703536,-0.20777028354314306
2021-11-11,TCS,TCS,3480,-0.005159082810027336,-0.005145797598627788,-0.3608668879767761
2021-11-12,TCS,TCS,3506,0.007443492712659783,0.007471264367816092,0.4764114341348659
2021-11-15,TCS,TCS,3528,0.006255351645502174,0.006274957216200799,0.39747481063669177
2021-11-16,TCS,TCS,3569,0.011554306363478447,0.011621315192743764,0.7495218907931097
2021-11-17,TCS,TCS,3550.60009765625,-0.005168813713309274,-0.005155478381549453,-0.36151338077960554
2021-11-18,TCS,TCS,3515.14990234375,-0.010034459970937049,-0.009984282751499011,-0.6847727119569152
2021-11-22,TCS,TCS,3478.39990234375,-0.010509780954073017,-0.01045474617611519,-0.7163516502864736
2021-11-23,TCS,TCS,3445,-0.009648485404082092,-0.009602088109893605,-0.6591296886612151
2021-11-24,TCS,TCS,3472.19995117188,0.007864480297500547,0.007895486552069666,0.5043806201183791
2021-11-25,TCS,TCS,3443.89990234375,-0.008183862980133787,-0.008150466340101938,-0.5618244510577628
2021-11-26,TCS,TCS,3425,-0.005503050068800003,-0.005487936025924461,-0.38371906837181274
2021-11-29,TCS,TCS,3447.14990234375,0.006446302645136398,0.00646712477189781,0.41016103753463573
2021-11-30,TCS,TCS,3491,0.012640453763573877,0.012720681983233714,0.8216823528415784
2021-12-01,TCS,TCS,3535,0.012525071225637166,0.012603838441707248,0.8140166739023235
2021-12-02,TCS,TCS,3589.19995117188,0.015216023489050235,0.015332376569131542,0.9927956855366548
2021-12-03,TCS,TCS,3646.44995117188,0.01582475534154843,0.01595062988377334,1.0332380525082376
2021-12-06,TCS,TCS,3640.44995117188,-0.0016467912106301454,-0.0016454359940061007,-0.1275204889160335
2021-12-07,TCS,TCS,3562.5,-0.02164474137373572,-0.021412174928208395,-1.4561259099345423
2021-12-08,TCS,TCS,3601,0.01074903907196933,0.010807017543859649,0.6960222830762277
2021-12-09,TCS,TCS,3610,0.0024961876780514375,0.002499305748403221,0.1477269322332943
2021-12-10,TCS,TCS,3585,-0.006949298293205917,-0.006925207756232687,-0.4798035778046381
2021-12-13,TCS,TCS,3650,0.017968693542816556,0.01813110181311018,1.175675046965231
2021-12-14,TCS,TCS,3605,-0.012405396857487741,-0.012328767123287671,-0.8422908362982557
2021-12-15,TCS,TCS,3620,0.004152255100767288,0.004160887656033287,0.2577512165947841
2021-12-16,TCS,TCS,3582,-0.010552722199159615,-0.010497237569060774,-0.7192045412348967
2021-12-17,TCS,TCS,3602.5,0.005706745253020161,0.005723059743160246,0.3610270036808703
2021-12-20,TCS,TCS,3589,-0.0037544367260699254,-0.0037473976405274115,-0.2675463032899893
2021-12-21,TCS,TCS,3582.64990234375,-0.001770889377545552,-0.0017693222781415437,-0.1357652087976968
2021-12-22,TCS,TCS,3624,0.011475665392808313,0.011541763438620947,0.7442972143090539
2021-12-23,TCS,TCS,3648,0.006600684031352093,0.006622516556291391,0.42041768608899294
2021-12-24,TCS,TCS,3685,0.010091453429215035,0.010142543859649123,0.6523342129179601
2021-12-27,TCS,TCS,3671,-0.0038064211266027347,-0.0037991858887381274,-0.2709999950830467
2021-12-28,TCS,TCS,3710,0.010567772104646506,0.010623808226641242,0.6839794350106794
2021-12-29,TCS,TCS,3692.25,-0.004795848295061109,-0.004784366576819407,-0.3367346473346575
2021-12-30,TCS,TCS,3681.35009765625,-0.0029564690622752637,-0.002952103011375178,-0.21453166152580452
2021-12-31,TCS,TCS,3742.80004882812,0.01655444820349353,0.016692232344593473,1.0817167157788043
2022-01-03,TCS,TCS,3750,0.001921832516818711,0.0019236804205274938,0.10956845226010206
2022-01-04,TCS,TCS,3831.10009765625,0.021396153731123305,0.021626692708333332,1.4033854947545608
2022-01-05,TCS,TCS,3865,0.008809688325942523,0.00884860783577253,0.5671774818134883
2022-01-06,TCS,TCS,3812,-0.013807696247429634,-0.01371280724450194,-0.935455513486271
2022-01-07,TCS,TCS,3820,0.0020964368265281672,0.002098635886673662,0.12116865280671416
2022-01-10,TCS,TCS,3978,0.04052875781329654,0.041361256544502616,2.6744998486983587
2022-01-11,TCS,TCS,3856,-0.031148803683481278,-0.030668677727501256,-2.087548060876872
2022-01-12,TCS,TCS,3925,0.01773597448607251,0.017894190871369293,1.1602138723026958
2022-01-13,TCS,TCS,3918,-0.0017850317120227885,-0.0017834394904458599,-0.13670478420912965
2022-01-14,TCS,TCS,3877.85009765625,-0.01030041799869875,-0.010247550368491577,-0.7024421868063672
2022-01-17,TCS,TCS,3992.69995117188,0.02918678002548424,0.029616888384892594,1.9209719595370025
2022-01-18,TCS,TCS,4033.94995117188,0.01027835115626331,0.010331354848714062,0.6647511522195936
2022-01-19,TCS,TCS,4012,-0.005456162605708678,-0.005441304785029235,-0.3806040022208895
2022-01-20,TCS,TCS,3910,-0.02575249610241474,-0.025423728813559324,-1.729033140736933
2022-01-21,TCS,TCS,3807,-0.0266958965969141,-0.026342710997442457,-1.7917099151543339
2022-01-24,TCS,TCS,3840,0.00863088919927509,0.008668242710795903,0.5552985898757541
2022-01-25,TCS,TCS,3769.5,-0.018529999930015938,-0.018359375,-1.2491915824937307
2022-01-27,TCS,TCS,3731,-0.010266072430598747,-0.01021355617455896,-0.70016036754022
2022-01-28,TCS,TCS,3646,-0.02304561798254949,-0.02278209595282766,-1.549196061698485
2022-01-31,TCS,TCS,3749,0.02785846149730361,0.02825013713658804,1.8327223548032119
2022-02-01,TCS,TCS,3770,0.00558586370614439,0.005601493731661776,0.3529959866431065
2022-02-02,TCS,TCS,3827.89990234375,0.015241322975879792,0.015358064282161804,0.9944765095749479
2022-02-03,TCS,TCS,3851,0.006016530396972654,0.0060346660690124765,0.38160822416843876
2022-02-04,TCS,TCS,3815.30004882812,-0.00931354343072771,-0.009270306718223839,-0.6368771218783322
2022-02-07,TCS,TCS,3791,-0.006389474867846367,-0.0063691055794114606,-0.4426105439346936
2022-02-08,TCS,TCS,3791.55004882812,1.450828086969116e-4,1.4509333371669686e-4,-0.00847361078887831
2022-02-09,TCS,TCS,3750,-0.011019079360575307,-0.01095859168230211,-0.750187949420942
2022-02-10,TCS,TCS,3789.80004882812,0.0105574201551464,0.010613346354165333,0.6832916817103774
2022-02-11,TCS,TCS,3752.5,-0.00989097561198585,-0.009842220789366947,-0.675240030078068
2022-02-14,TCS,TCS,3724,-0.007623925110659371,-0.007594936708860759,-0.5246238138549679
2022-02-15,TCS,TCS,3786,0.016511693372310572,0.01664876476906552,1.0788762096258682
2022-02-16,TCS,TCS,3844,0.015203438320914888,0.01531959852086635,0.9919595637105338
2022-02-17,TCS,TCS,3825,-0.0049550238295468655,-0.004942767950052029,-0.34730980510265014
2022-02-18,TCS,TCS,3769,-0.014748752993500753,-0.014640522875816993,-0.9979765761011186
2022-02-21,TCS,TCS,3810,0.010819474853611125,0.010878217033695941,0.7007018307578503
2022-02-22,TCS,TCS,3650,-0.04290202154420946,-0.04199475065616798,-2.8683975397891666
2022-02-23,TCS,TCS,3611,-0.010742425299079473,-0.010684931506849316,-0.7318078613192988
2022-02-24,TCS,TCS,3474,-0.03867807447640749,-0.03793962891165882,-2.5877708292210757
2022-02-25,TCS,TCS,3468,-0.0017286089006177425,-0.0017271157167530224,-0.1329562173565054
2022-02-28,TCS,TCS,3490,0.006323677296040289,0.006343713956170703,0.40201416736871487
2022-03-02,TCS,TCS,3552.5,0.017749844774782874,0.01790830945558739,1.1611353737876668
2022-03-03,TCS,TCS,3562.85009765625,0.002909232803488445,0.0029134687280084445,0.17516844440354246
2022-03-04,TCS,TCS,3501.5,-0.01736936567917186,-0.01721938784250506,-1.1720824315600467
2022-03-07,TCS,TCS,3450,-0.014817217070166942,-0.01470798229330287,-1.0025251294609296
2022-03-08,TCS,TCS,3460,0.0028943580263645565,0.002898550724637681,0.17418020764117165
2022-03-09,TCS,TCS,3605,0.04105318166727961,0.04190751445086705,2.7093410384018295
2022-03-10,TCS,TCS,3684,0.021677347656147962,0.021914008321775313,1.422067198134064
2022-03-11,TCS,TCS,3603.25,-0.022162902411985368,-0.021919109663409337,-1.4905510164461664
2022-03-14,TCS,TCS,3580,-0.0064734155684661185,-0.006452508152362451,-0.44818731900303266
2022-03-15,TCS,TCS,3659,0.02182708562446084,0.022067039106145252,1.4320153515602998
2022-03-16,TCS,TCS,3640.5,-0.005068851184441029,-0.005056026236676688,-0.3548721622212108
2022-03-17,TCS,TCS,3696.60009765625,0.015292469831670822,0.015409997982763357,0.9978745573407326
2022-03-21,TCS,TCS,3696,-1.623509048618313e-4,-1.6233772666685776e-4,-0.028898609106534176
2022-03-22,TCS,TCS,3640,-0.01526747213078842,-0.015151515151515152,-1.0324387610833525
2022-03-23,TCS,TCS,3708,0.01850896605495936,0.01868131868131868,1.211569175243664
2022-03-24,TCS,TCS,3700,-0.0021598280534300086,-0.002157497303128371,-0.16160515884303694
2022-03-25,TCS,TCS,3759.89990234375,0.01605951568017243,0.016189162795608107,1.0488348439789663
2022-03-28,TCS,TCS,3695,-0.017411780930186093,-0.01726107184483671,-1.1749003769980415
2022-03-29,TCS,TCS,3694.75,-6.766128762009831e-5,-6.765899864682003e-5,-0.022607707401336743
2022-03-30,TCS,TCS,3738,0.011637815920826163,0.011705798768522905,0.7550700219612595
2022-03-31,TCS,TCS,3740,5.349023930695065e-4,5.350454788657035e-4,0.0174248642444339
2022-04-01,TCS,TCS,3748,0.002136752949735242,0.0021390374331550803,0.12384713832200414
2022-04-04,TCS,TCS,3762,0.0037283665026628604,0.003735325506937033,0.22958929576009293
2022-04-05,TCS,TCS,3772,0.0026546338923724927,0.002658160552897395,0.15825363609893303
2022-04-06,TCS,TCS,3809.30004882812,0.009840093271533104,0.009888666179247083,0.6356345779353505
2022-04-07,TCS,TCS,3745.5,-0.01689033863694367,-0.01674849657688352,-1.1402572734849454
2022-04-08,TCS,TCS,3690,-0.014928661353364745,-0.014817781337605127,-1.0099291622538151
2022-04-11,TCS,TCS,3690,0,0,-0.018112489001852798
2022-04-12,TCS,TCS,3683,-0.0018988205895075474,-0.001897018970189702,-0.1442645850009516
2022-04-13,TCS,TCS,3707,0.006495286705667079,0.0065164268259571,0.4134153954980148
2022-04-18,TCS,TCS,3610,-0.02651515182380568,-0.02616671162665228,-1.7797017601477452
2022-04-19,TCS,TCS,3550,-0.016760168857465077,-0.01662049861495845,-1.1316091733918114
2022-04-20,TCS,TCS,3500,-0.014184634991956413,-0.014084507042253521,-0.9604982231282885
2022-04-21,TCS,TCS,3580,0.022599831917240992,0.022857142857142857,1.483354359072869
2022-04-22,TCS,TCS,3581.10009765625,3.072426442590083e-4,3.0728984811452515e-4,0.0022998152293918525
2022-04-25,TCS,TCS,3558,-0.0064714538132246546,-0.006450559053450781,-0.44805698571250724
2022-04-26,TCS,TCS,3575.14990234375,0.004808516748783773,0.004820096218029792,0.30135132440832607
2022-04-27,TCS,TCS,3546,-0.008186898340411013,-0.008153476956208267,-0.5620261115322702
2022-04-28,TCS,TCS,3588,0.011774736544533537,0.011844331641285956,0.7641666284345803
2022-04-29,TCS,TCS,3597,0.002505220516937142,0.002508361204013378,0.1483270476757697
2022-05-02,TCS,TCS,3519.89990234375,-0.021667612341977505,-0.021434555923338892,-1.4576453902883857
2022-05-04,TCS,TCS,3538.5,0.005270356162192903,0.005284268920222702,0.3320345866072398
2022-05-05,TCS,TCS,3512.10009765625,-0.007488731556445742,-0.007460760871485093,-0.5156419488363038
2022-05-06,TCS,TCS,3459,-0.0152346470222249,-0.015119186862494492,-1.0302579567095385
2022-05-09,TCS,TCS,3398,-0.01779250670529138,-0.017635154668979473,-1.2001946858947392
2022-05-10,TCS,TCS,3434,0.010538739225543497,0.01059446733372572,0.6820505752900867
2022-05-11,TCS,TCS,3435,2.9116319902878276e-4,2.9120559114735004e-4,0.001231543835293617
2022-05-12,TCS,TCS,3378,-0.016733107288704304,-0.016593886462882096,-1.1298112817747414
2022-05-13,TCS,TCS,3435,0.016733107288704436,0.016873889875666074,1.0935863037710445
2022-05-16,TCS,TCS,3415,-0.005839432651559328,-0.005822416302765648,-0.40606734503742686
2022-05-17,TCS,TCS,3370,-0.013264748658483058,-0.013177159590043924,-0.8993836609153909
2022-05-18,TCS,TCS,3465,0.027799888277596226,0.028189910979228485,1.8288309211015064
2022-05-19,TCS,TCS,3397,-0.019819943463419722,-0.019624819624819625,-1.3348916646176423
2022-05-20,TCS,TCS,3310,-0.025944499789475307,-0.025610833088018842,-1.7417893051139621
2022-05-23,TCS,TCS,3304.80004882812,-0.0015722175136447384,-0.0015709822271540792,-0.122566030220412
2022-05-24,TCS,TCS,3315.14990234375,0.003126870150011708,0.003131763907864881,0.1896276342729299
2022-05-25,TCS,TCS,3292.85009765625,-0.0067493611806843205,-0.0067266353994232505,-0.46652033980312246
2022-05-26,TCS,TCS,3191,-0.03141913354854765,-0.03093068151773559,-2.1055079878324356
2022-05-27,TCS,TCS,3253.19995117188,0.019304765005117984,0.01949230685424005,1.2644397340058422
2022-05-30,TCS,TCS,3297,0.01337385178836963,0.013463681755049264,0.8704071763140151
2022-05-31,TCS,TCS,3354.14990234375,0.017185391915481543,0.017333910325674856,1.1236347738431431
2022-06-01,TCS,TCS,3388,0.010041420784732418,0.010092005021181929,0.6490101900983546
2022-06-02,TCS,TCS,3355,-0.00978800636616282,-0.00974025974025974,-0.6683990540238792
2022-06-03,TCS,TCS,3459.39990234375,0.030643364974795466,0.03111770561661699,2.017743210792503
2022-06-06,TCS,TCS,3418,-0.012039550705041504,-0.011967365298155177,-0.8179850860871376
2022-06-07,TCS,TCS,3401.05004882812,-0.004971362861264411,-0.004959026088905793,-0.3483953226650538
2022-06-08,TCS,TCS,3380.14990234375,-0.0061641635147876486,-0.006145204035315929,-0.42764151547681184
2022-06-09,TCS,TCS,3385,0.0014338480468912354,0.00143487649849109,0.0771481888415736
2022-06-10,TCS,TCS,3382,-8.866558878497555e-4,-8.862629246676514e-4,-0.07701931743012329
2022-06-13,TCS,TCS,3290,-0.027579685699108052,-0.027202838557066823,-1.8504262827137585
2022-06-14,TCS,TCS,3190,-0.030866647980527268,-0.030395136778115502,-2.068802459779836
2022-06-15,TCS,TCS,3218.5,0.008894495713780249,0.008934169278996866,0.5728118370501314
2022-06-16,TCS,TCS,3240,0.0066579172937044125,0.006680130495572471,0.42422009693628837
2022-06-17,TCS,TCS,3092,-0.04675519907906254,-0.04567901234567901,-3.1243914051202886
2022-06-20,TCS,TCS,3094,6.46621425698859e-4,6.46830530401035e-4,0.024847150587368305
2022-06-21,TCS,TCS,3130,0.01156825240118743,0.011635423400129283,0.7504484248203855
2022-06-22,TCS,TCS,3199.89990234375,0.022086524246795376,0.022332237170527156,1.4492516961478146
2022-06-23,TCS,TCS,3222.94995117188,0.007177545267233222,0.007203365583794391,0.45874266234486355
2022-06-24,TCS,TCS,3339,0.035374286895427175,0.03600740023465882,2.3320518503731145
2022-06-27,TCS,TCS,3350,0.003288984875457543,0.0032943995208146153,0.2003980633067832
2022-06-28,TCS,TCS,3307,-0.012918911837319323,-0.012835820895522388,-0.8764072722536347
2022-06-29,TCS,TCS,3271,-0.010945685443408897,-0.010885999395222256,-0.7453118718519032
2022-06-30,TCS,TCS,3272,3.0567018425374683e-4,3.057169061449098e-4,0.0021953455777382795
2022-07-01,TCS,TCS,3260,-0.0036742233618843358,-0.003667481662591687,-0.2622171615716685
2022-07-04,TCS,TCS,3312,0.015825041144396892,0.015950920245398775,1.0332570404150336
2022-07-05,TCS,TCS,3255,-0.017359960862480716,-0.017210144927536232,-1.171457602998238
2022-07-06,TCS,TCS,3218.5,-0.011276863149999065,-0.011213517665130568,-0.7673143517414642
2022-07-07,TCS,TCS,3271,0.01618033604571339,0.016311946558956035,1.056861796307476
2022-07-08,TCS,TCS,3300,0.008826719916187643,0.008865790278202385,0.5683090109424077
2022-07-11,TCS,TCS,3206.14990234375,-0.028851658564742314,-0.02843942353219697,-1.9349324461398447
2022-07-12,TCS,TCS,3114.89990234375,-0.02887379226363932,-0.028460927523474403,-1.9364029444710191
2022-07-13,TCS,TCS,3104,-0.0035054153230805888,-0.0034992785275535067,-0.25100204834071665
2022-07-14,TCS,TCS,3056,-0.015584731016698203,-0.015463917525773196,-1.0535165151655526
2022-07-15,TCS,TCS,3018.55004882812,-0.012330271492301554,-0.012254565174044503,-0.8372997263780747
2022-07-18,TCS,TCS,3023,0.0014731159853484288,0.001474201553692174,0.07975703602245618
2022-07-19,TCS,TCS,3030.05004882812,0.0023294213525960773,0.002332136562394971,0.1366474644760389
2022-07-20,TCS,TCS,3107.80004882812,0.025335958932053874,0.02565964216665993,1.665134649293927
2022-07-21,TCS,TCS,3167,0.01886967147453182,0.019048828831250884,1.2355333901719956
2022-07-22,TCS,TCS,3185,0.005667521467623913,0.005683612251341964,0.35842108990044363
2022-07-25,TCS,TCS,3165,-0.006299233427987201,-0.006279434850863423,-0.43661516614749424
2022-07-26,TCS,TCS,3164.69995117188,-9.4806651392441e-5,-9.480215738388555e-5,-0.024411166114319812
2022-07-27,TCS,TCS,3115,-0.015829096705330607,-0.015704474970360538,-1.069751458046194
2022-07-28,TCS,TCS,3216,0.03190919907730356,0.03242375601926164,2.101841532719773
2022-07-29,TCS,TCS,3290,0.022749213460560552,0.023009950248756218,1.4932788326631992
2022-08-01,TCS,TCS,3327,0.011183432259059238,0.011246200607902736,0.7248820981329691
2022-08-02,TCS,TCS,3290,-0.011183432259059097,-0.011121130147279832,-0.7611070761366653
2022-08-03,TCS,TCS,3280,-0.0030441423812281325,-0.00303951367781155,-0.22035642085810686
2022-08-04,TCS,TCS,3350,0.021116923440922614,0.021341463414634148,1.3848342495395563
2022-08-05,TCS,TCS,3361.19995117188,0.0033376927079605914,0.003343269006531344,0.20363406948650667
2022-08-08,TCS,TCS,3365,0.001129924551755508,0.0011305631570044244,0.0569563991871927
2022-08-10,TCS,TCS,3385,0.005925943267547168,0.005943536404160475,0.37558987977575947
2022-08-11,TCS,TCS,3400,0.004421525257877477,0.004431314623338257,0.2756407396477581
2022-08-12,TCS,TCS,3419,0.005572679035048554,0.005588235294117647,0.3521200355906535
2022-08-16,TCS,TCS,3411,-0.002342607220655611,-0.00233986545773618,-0.17374847305497074
2022-08-17,TCS,TCS,3385.10009765625,-0.007622026562288727,-0.007593052578056289,-0.5244976798443953
2022-08-18,TCS,TCS,3390,0.0014464445181388088,0.0014474911235690068,0.07798506161346926
2022-08-19,TCS,TCS,3387,-8.853475567242145e-4,-8.849557522123894e-4,-0.07693239573006386
2022-08-22,TCS,TCS,3365,-0.0065166107389435166,-0.006495423678771774,-0.45105708001303696
2022-08-23,TCS,TCS,3319.94995117188,-0.013478255230151046,-0.013387830260956909,-0.9135684141639766
2022-08-24,TCS,TCS,3292,-0.008454425051716716,-0.008418786904306854,-0.5797998051363157
2022-08-25,TCS,TCS,3276,-0.004872116824000429,-0.004860267314702308,-0.3418017057169128
2022-08-26,TCS,TCS,3234.30004882812,-0.012810629662811324,-0.012728922824139195,-0.8692133207297221
2022-08-29,TCS,TCS,3125,-0.03437825313964684,-0.033794034931212566,-2.3021032537527266
2022-08-30,TCS,TCS,3155,0.009554212804811711,0.0096,0.6166415144087656
2022-09-01,TCS,TCS,3190,0.011032420803576632,0.011093502377179081,0.7148493379373647
2022-09-02,TCS,TCS,3163,-0.008499972473241382,-0.008463949843260187,-0.5828258428380562
2022-09-05,TCS,TCS,3123.64990234375,-0.012518785737535803,-0.012440751709215934,-0.8498240624282521
2022-09-06,TCS,TCS,3135.5,0.0037864924149624817,0.003793670234093323,0.23345101166362583
2022-09-07,TCS,TCS,3102,-0.010741586246591375,-0.010684101419231382,-0.7317521171217628
2022-09-08,TCS,TCS,3170,0.021684523134842138,0.02192134107027724,1.4225439159883306
2022-09-09,TCS,TCS,3195,0.007855499940308833,0.007886435331230283,0.503783991406422
2022-09-12,TCS,TCS,3239.89990234375,0.01395534715915118,0.014053177572378717,0.9090400309624315
2022-09-13,TCS,TCS,3263.44995117188,0.00724246805058746,0.007268758152402749,0.46305594251650767
2022-09-14,TCS,TCS,3135,-0.04015572895435279,-0.039360171932697974,-2.685941878442529
2022-09-15,TCS,TCS,3130,-0.0015961695328222147,-0.001594896331738437,-0.12415733244208892
2022-09-16,TCS,TCS,3076,-0.017402952908664285,-0.017252396166134186,-1.1743138690232202
2022-09-19,TCS,TCS,3036,-0.01308919211001405,-0.013003901170351105,-0.8877201964058363
2022-09-20,TCS,TCS,3050,0.004600731085936662,0.00461133069828722,0.2875466516385183
2022-09-21,TCS,TCS,3028,-0.007239255044117912,-0.007213114754098361,-0.49906745775135986
2022-09-22,TCS,TCS,2990,-0.012628948172607336,-0.012549537648612946,-0.8571429329742276
2022-09-23,TCS,TCS,3004,0.004671346499293293,0.0046822742474916385,0.29223813352680567
2022-09-26,TCS,TCS,2959.85009765625,-0.014806109532002678,-0.014697038063831557,-1.0017871770558657
2022-09-27,TCS,TCS,3009.39990234375,0.01660206652234899,0.016740646672186502,1.0848803378528242
2022-09-28,TCS,TCS,2980,-0.009817390374921698,-0.009769357113640187,-0.6703512417736179
2022-09-29,TCS,TCS,3054,0.024528906279127714,0.024832214765100672,1.611516427377199
2022-09-30,TCS,TCS,2990.85009765625,-0.02089454620588935,-0.02067776763056647,-1.406285133320276
2022-10-03,TCS,TCS,2995,0.001386570976861297,0.0013875327108510151,0.07400723834318043
2022-10-04,TCS,TCS,3029.94995117188,0.011601870052389123,0.011669432778590986,0.7526818834131007
2022-10-06,TCS,TCS,3111,0.026398116295698035,0.02674963287653403,1.7357012833640466
2022-10-07,TCS,TCS,3097.39990234375,-0.004381199544022899,-0.004371616090083574,-0.30918659496155537
2022-10-10,TCS,TCS,3010,-0.028622939610692767,-0.02821718379910065,-1.9197370266212714
2022-10-11,TCS,TCS,3100,0.029462032730316282,0.029900332225913623,1.939258945593431
2022-10-12,TCS,TCS,3084.89990234375,-0.0048829012261960274,-0.004870999243951613,-0.34251818991167543
2022-10-13,TCS,TCS,3100.75,0.005124807448397241,0.005137961735551907,0.32236475501980283
2022-10-14,TCS,TCS,3145,0.014169872439101961,0.014270740949770216,0.9232924642150134
2022-10-17,TCS,TCS,3072.64990234375,-0.02327354048942943,-0.023004800526629572,-1.5643385675924886
2022-10-18,TCS,TCS,3150,0.024862103174567298,0.025173742572249785,1.6336530562785092
2022-10-19,TCS,TCS,3159,0.0028530689824064807,0.002857142857142857,0.17143708411181227
2022-10-20,TCS,TCS,3105,-0.017241806434506103,-0.017094017094017096,-1.1636077677779249
2022-10-21,TCS,TCS,3157.80004882812,0.01686188268291086,0.017004846643516907,1.1021417649778686
2022-10-24,TCS,TCS,3170.10009765625,0.003887565870020603,0.003895132255981385,0.24016603691451568
2022-10-25,TCS,TCS,3180.5,0.0032752531983483673,0.0032806227006645498,0.19948577077189206
2022-10-27,TCS,TCS,3160.69995117188,-0.0062449105307821095,-0.006225451604502436,-0.43300611146321616
2022-10-28,TCS,TCS,3150,-0.0033910537683980242,-0.003385310639155363,-0.24340420054791245
2022-10-31,TCS,TCS,3199,0.015435808129839248,0.015555555555555555,1.0073975353676248
2022-11-01,TCS,TCS,3214.5,0.004833563632223449,0.004845264145045327,0.3030153662149191
2022-11-02,TCS,TCS,3270,0.017118160309557668,0.01726551563229118,1.119168102241019
2022-11-03,TCS,TCS,3228.05004882812,-0.012911730028061043,-0.012828731245223242,-0.8759301338151723
2022-11-04,TCS,TCS,3217,-0.003429006624211608,-0.003423134295000011,-0.24592567747758742
2022-11-07,TCS,TCS,3229,0.003723243519248763,0.003730183400683867,0.22924893969958457
2022-11-09,TCS,TCS,3249.80004882812,0.006420979235362199,0.00644163791518117,0.40847862412574815
2022-11-10,TCS,TCS,3170,-0.024861883122310982,-0.024555371908772033,-1.6698634146527898
2022-11-11,TCS,TCS,3269.60009765625,0.030936095246690953,0.03141958916600946,2.037191355375546
2022-11-14,TCS,TCS,3324,0.01650119385732152,0.016638090506158696,1.0781786525053263
2022-11-15,TCS,TCS,3321,-9.029345985922534e-4,-9.025270758122744e-4,-0.07810082744306336
2022-11-16,TCS,TCS,3338.89990234375,0.005375439783840979,0.005389913382640771,0.3390160356179223
2022-11-17,TCS,TCS,3340,3.294248101585737e-4,3.294790764700024e-4,0.003773533566707568
2022-11-18,TCS,TCS,3350,0.002989538848365986,0.0029940119760479044,0.1805037435564376
2022-11-21,TCS,TCS,3322.5,-0.00824283423171167,-0.008208955223880597,-0.5657423288348146
2022-11-22,TCS,TCS,3280,-0.012874089209211011,-0.012791572610985704,-0.8734293877103044
2022-11-23,TCS,TCS,3330,0.0151288815963,0.01524390243902439,0.9870062326096555
2022-11-24,TCS,TCS,3316.25,-0.004137677522540079,-0.004129129129129129,-0.2930077028630856
2022-11-25,TCS,TCS,3383,0.01992826332875898,0.020128156803618544,1.3058631422066322
2022-11-28,TCS,TCS,3366,-0.005037794029957181,-0.005025125628140704,-0.35280881555457216
2022-11-29,TCS,TCS,3383,0.005037794029957081,0.005050505050505051,0.3165838375508599
2022-11-30,TCS,TCS,3383,0,0,-0.018112489001852798
2022-12-01,TCS,TCS,3425,0.012338581915617229,0.012415016257759386,0.8016268686356015
2022-12-02,TCS,TCS,3458.10009765625,0.00961786181860767,0.009664262089416058,0.62087016904997006
2022-12-05,TCS,TCS,3433,-0.007284819057241227,-0.0072583490782299085,-0.5020945977504724
2022-12-06,TCS,TCS,3400.05004882812,-0.009644362718216264,-0.009598005002004079,-0.6588557894492548
2022-12-07,TCS,TCS,3368.30004882812,-0.009381971213505785,-0.009338097835043083,-0.6414232639781839
2022-12-08,TCS,TCS,3360,-0.002467206568720099,-0.002464165516076189,-0.18202648994888534
2022-12-09,TCS,TCS,3374.10009765625,0.004187677063738675,0.004196457635788691,0.26010454839344643
2022-12-12,TCS,TCS,3255.5,-0.03578277734407183,-0.03515014203005807,-2.3954157411192294
2022-12-13,TCS,TCS,3277.19995117188,0.006643510691401922,0.0066656277597542625,0.4232629643421258
2022-12-14,TCS,TCS,3348.80004882812,0.021612702904197686,0.021847949079407503,1.4177723895571337
2022-12-15,TCS,TCS,3358.80004882812,0.0029816945742622432,0.0029861442469518006,0.17998259288783483
2022-12-16,TCS,TCS,3275,-0.025265912777426215,-0.024949400860392896,-1.6967059652972392
2022-12-19,TCS,TCS,3227,-0.014764956017390467,-0.01465648854961832,-0.9990530577005419
2022-12-20,TCS,TCS,3198.89990234375,-0.008745942887790872,-0.008707808384335295,-0.5991673990233264
2022-12-21,TCS,TCS,3249,0.01554028650492934,0.01566166469277234,1.0143387735641272
2022-12-22,TCS,TCS,3294,0.013755375068485419,0.013850415512465374,0.8957544691151429
2022-12-23,TCS,TCS,3217,-0.023653383498559326,-0.023375834851244687,-1.5895742280951843
2022-12-26,TCS,TCS,3228.35009765625,0.003521952792831352,0.0035281621561237177,0.2158757715429641
2022-12-27,TCS,TCS,3269.19995117188,0.012574090674316016,0.012653476940213699,0.8172733829509445
2022-12-28,TCS,TCS,3249.80004882812,-0.0059518207125364405,-0.005934143715133087,-0.413534079670431
2022-12-29,TCS,TCS,3231.10009765625,-0.0057708042540200125,-0.00575418514705642,-0.40150787467857146
2022-12-30,TCS,TCS,3286.05004882812,0.016863583669214696,0.017006576556303273,1.1022547735415424
2023-01-02,TCS,TCS,3261,-0.007652353619512904,-0.007623148903971628,-0.5265125209807593
2023-01-03,TCS,TCS,3252,-0.002763705121617967,-0.0027598896044158236,-0.20172498811951364
2023-01-04,TCS,TCS,3306.69995117188,0.016680506771039754,0.016820403189384995,1.0900916789546167
2023-01-05,TCS,TCS,3330.19995117188,0.0070816491300569814,0.007106783302691768,0.4523716029778818
2023-01-06,TCS,TCS,3300,-0.009109879114226142,-0.00906850988369416,-0.6233462593266681
2023-01-09,TCS,TCS,3229,-0.021749976696296358,-0.021515151515151515,-1.4631174375109357
2023-01-10,TCS,TCS,3285,0.01719416016043576,0.01734283059770827,1.1242173104373427
2023-01-11,TCS,TCS,3290.10009765625,0.0015513371974101868,0.0015525411434550989,0.08495382497013654
2023-01-12,TCS,TCS,3329,0.01175396945890401,0.011823318801595399,0.76278692389881
2023-01-13,TCS,TCS,3342.89990234375,0.004166705933059064,0.004175398721462902,0.2587112877002969
2023-01-16,TCS,TCS,3317,-0.00777790456103153,-0.00774773493085786,-0.5348537589654088
2023-01-17,TCS,TCS,3330,0.003911544027437039,0.003919204100090443,0.24175907568447355
2023-01-18,TCS,TCS,3380,0.014903405502574948,0.015015015015015015,0.9720262592628943
2023-01-19,TCS,TCS,3380,0,0,-0.018112489001852798
2023-01-20,TCS,TCS,3365,-0.004447746398236254,-0.004437869822485207,-0.3136077736592955
2023-01-23,TCS,TCS,3388,0.006811813693116809,0.006835066864784547,0.4344445243834456
2023-01-24,TCS,TCS,3425,0.010861694924380608,0.010920897284533649,0.7035068089902498
2023-01-25,TCS,TCS,3425.30004882812,8.760166012391537e-5,8.760549726131322e-5,-0.012292490472924552
2023-01-27,TCS,TCS,3426,2.0432652761579934e-4,2.043474037024794e-4,-0.004537631077210322
2023-01-30,TCS,TCS,3420,-0.0017528488274143605,-0.0017513134851138354,-0.13456664731979706
2023-01-31,TCS,TCS,3449,0.008443782880190133,0.00847953216374269,0.5428677923282273
2023-02-01,TCS,TCS,3363,-0.025250901196571335,-0.02493476369962308,-1.6957086396944059
2023-02-02,TCS,TCS,3427,0.01885181013433931,0.01903062741599762,1.2343467348791843
2023-02-03,TCS,TCS,3504,0.02221993018167321,0.022468631456084038,1.458114796957103
2023-02-06,TCS,TCS,3473.14990234375,-0.008843238037003572,-0.008804251614226597,-0.6056314046653288
2023-02-07,TCS,TCS,3468.89990234375,-0.0012244223681888383,-0.0012236730689717758,-0.09945953621038439
2023-02-08,TCS,TCS,3478.05004882812,0.0026342932769453,0.002637766076267503,0.15690226499824497
2023-02-09,TCS,TCS,3515,0.010567719316730357,0.010623754877917805,0.6839759279356548
2023-02-10,TCS,TCS,3520,0.0014214643473774466,0.001422475106685633,0.07632545200244302
2023-02-13,TCS,TCS,3549,0.00820488405435375,0.008238636363636363,0.5269960518502081
2023-02-14,TCS,TCS,3505,-0.01247535317780602,-0.012397858551704706,-0.8469385299694224
2023-02-15,TCS,TCS,3487,-0.005148752793039321,-0.005135520684736091,-0.3601805918085413
2023-02-16,TCS,TCS,3527.19995117188,0.011462573524767388,0.011528520554023517,0.7434274288206131
2023-02-17,TCS,TCS,3526.14990234375,-2.9774471923126576e-4,-2.97700397671284e-4,-0.03789377882525244
2023-02-20,TCS,TCS,3502,-0.00687236263539017,-0.0068488019547036615,-0.4746921973276427
2023-02-21,TCS,TCS,3494,-0.002287022151795331,-0.002284408909194746,-0.1700555633710721
2023-02-22,TCS,TCS,3414.94995117188,-0.022884374383070796,-0.022624513116233542,-1.5384835077304706
2023-02-23,TCS,TCS,3421,0.001770068666673467,0.0017716361629381576,0.09948570515987133
2023-02-24,TCS,TCS,3422.5,4.38372184999241e-4,4.384682841274481e-4,0.011011679058543692
2023-02-27,TCS,TCS,3390,-0.009541356788108012,-0.009495982468955442,-0.6520123761982627
2023-02-28,TCS,TCS,3328.5,-0.01830816933373766,-0.018141592920353982,-1.2344538053536103
2023-03-01,TCS,TCS,3323,-0.001653762686164043,-0.0016523959741625357,-0.12798365339595713
2023-03-02,TCS,TCS,3361,0.011370559370511273,0.011435449894673488,0.7373142770646572
2023-03-03,TCS,TCS,3354,-0.002084885341951486,-0.0020827134781315083,-0.15662618390190083
2023-03-06,TCS,TCS,3361.89990234375,0.002352597895223527,0.0023553674250894456,0.1381872462998833
2023-03-08,TCS,TCS,3364,6.244808144608694e-4,6.246758431998276e-4,0.023376193020440948
2023-03-09,TCS,TCS,3385,0.006223164253536796,0.00624256837098692,0.39533637429172347
2023-03-10,TCS,TCS,3312.89990234375,-0.02152999710275346,-0.021299881139217134,-1.4485026355881994
2023-03-13,TCS,TCS,3333,0.0060488900641177835,0.0060672215426822735,0.3837581059733595
2023-03-14,TCS,TCS,3280,-0.016029376929550303,-0.0159015901590159,-1.0830574913871516
2023-03-15,TCS,TCS,3250,-0.009188426054406255,-0.009146341463414634,-0.6285646886995068
2023-03-16,TCS,TCS,3208,-0.013007306337378058,-0.012923076923076923,-0.8822799447529853
2023-03-17,TCS,TCS,3150.5,-0.018086519604294946,-0.017923940149625936,-1.2197280444779695
2023-03-20,TCS,TCS,3169.64990234375,0.0060599704891455206,0.006078369256863989,0.3844942570607945
2023-03-21,TCS,TCS,3143.30004882812,-0.008347921887929424,-0.00831317474404539,-0.5727240458905268
2023-03-22,TCS,TCS,3130.05004882812,-0.0042242245360338,-0.004215315049207549,-0.2987576337491451
2023-03-23,TCS,TCS,3114.89990234375,-0.004851976821102523,-0.004840224995776716,-0.3404636627269441
2023-03-24,TCS,TCS,3148.89990234375,0.010856136844732318,0.010915278521283241,0.7031375464062878
2023-03-27,TCS,TCS,3135,-0.004423980403901286,-0.004414209017379116,-0.31202883038501994
2023-03-28,TCS,TCS,3127,-0.0025550956091798136,-0.002551834130781499,-0.18786558118826258
2023-03-29,TCS,TCS,3129,6.393862110407924e-4,6.395906619763352e-4,0.024366464050071375
2023-03-31,TCS,TCS,3189.94995117188,0.019291762699118097,0.01947905118947907,1.2635758987579147
2023-04-03,TCS,TCS,3224.94995117188,0.010912203724980094,0.010971958976078035,0.7068624662320317
2023-04-05,TCS,TCS,3185.5,-0.012308168536437443,-0.012232732839014977,-0.8358312705242458
2023-04-06,TCS,TCS,3225,0.012323687673329909,0.01239993721550777,0.8006373386646045
2023-04-10,TCS,TCS,3220,-0.001551590691418833,-0.0015503875968992248,-0.12119564437565263
2023-04-11,TCS,TCS,3264,0.013572077545543687,0.013664596273291925,0.8835767168628675
2023-04-12,TCS,TCS,3227.94995117188,-0.011106191407949254,-0.01104474535175245,-0.75597541950828
2023-04-13,TCS,TCS,3210,-0.005576308551986887,-0.005560789802631055,-0.38858614810267716
2023-04-17,TCS,TCS,3134.10009765625,-0.023928854453225838,-0.023644829390576324,-1.607875714033393
2023-04-18,TCS,TCS,3154.94995117188,0.0066305498416901875,0.006652580602394285,0.4224018833289435
2023-04-19,TCS,TCS,3130.75,-0.007700040068384104,-0.007670470703629112,-0.5296806694141064
2023-04-20,TCS,TCS,3090,-0.013101501552350733,-0.013016050467140461,-0.888537999814928
2023-04-21,TCS,TCS,3110,0.006451635281488595,0.006472491909385114,0.4105153223242298
2023-04-24,TCS,TCS,3151.10009765625,0.013128903028420479,0.013215465484324758,0.8541334958774764
2023-04-25,TCS,TCS,3183,0.010072519080392634,0.010123417649435116,0.6510762700646315
2023-04-26,TCS,TCS,3181,-6.285355329487439e-4,-6.283380458686773e-4,-0.05987055468195928
2023-04-27,TCS,TCS,3185,0.0012566762571196348,0.0012574662055957245,0.0653774124158789
2023-04-28,TCS,TCS,3200.39990234375,0.004823482455940896,0.0048351341738618525,0.30234560229661744
2023-05-02,TCS,TCS,3235,0.010753156472796349,0.010811179450077878,0.6962958311656402
2023-05-03,TCS,TCS,3216,-0.005890576636144004,-0.005873261205564142,-0.4094652020486444
2023-05-04,TCS,TCS,3180.14990234375,-0.011210016533838829,-0.01114741842545087,-0.7628732577351853
2023-05-05,TCS,TCS,3220,0.01245302477343578,0.012530886555655988,0.8092301179713807
2023-05-08,TCS,TCS,3245,0.007733990599736477,0.007763975155279503,0.49571126558842027
2023-05-09,TCS,TCS,3252.60009765625,0.0023393563802143395,0.0023420948093220337,0.1373075187037939
2023-05-10,TCS,TCS,3290,0.011432858241012752,0.011498463143593804,0.7414532321273766
2023-05-11,TCS,TCS,3309,0.005758464162194523,0.005775075987841946,0.3644630570032249
2023-05-12,TCS,TCS,3279.14990234375,-0.009061816250066612,-0.009020881733529768,-0.6201531029605802
2023-05-15,TCS,TCS,3284,0.0014779789007731932,0.0014790716498759102,0.08008011392507121
2023-05-16,TCS,TCS,3256.19995117188,-0.008501335270335048,-0.008465301104786844,-0.5829163830980142
2023-05-17,TCS,TCS,3255.94995117188,-7.677955939955774e-5,-7.677661192459235e-5,-0.023213498755835674
2023-05-18,TCS,TCS,3225.94995117188,-0.009256611383641452,-0.009213900843040421,-0.6330947228938587
2023-05-19,TCS,TCS,3210,-0.004956528234881249,-0.0049442649183338745,-0.3474097534006691
2023-05-22,TCS,TCS,3230,0.0062112000926406764,0.006230529595015576,0.39454151037342805
2023-05-23,TCS,TCS,3306,0.023256862164267183,0.023529411764705882,1.527005530360545
2023-05-24,TCS,TCS,3276,-0.009115833408009493,-0.009074410163339383,-0.623741845220941
2023-05-25,TCS,TCS,3294,0.0054794657646255705,0.005494505494505495,0.34592721805761856
2023-05-26,TCS,TCS,3293.5,-1.5180265683795884e-4,-1.5179113539769278e-4,-0.028197814305444005
2023-05-29,TCS,TCS,3360.80004882812,0.020228226303143852,0.020434203378812812,1.3257918064258198
2023-05-30,TCS,TCS,3315,-0.013721431763928675,-0.013627722019371563,-0.9297243530680305
2023-05-31,TCS,TCS,3309,-0.001811594698350714,-0.0018099547511312218,-0.13846955146506731
2023-06-01,TCS,TCS,3314,0.0015098900648960352,0.0015110305228165609,0.08220019849868108
2023-06-02,TCS,TCS,3326.25,0.0036896243053907685,0.003696439348219674,0.22701537728854715
2023-06-05,TCS,TCS,3315,-0.003387919671936003,-0.0033821871476888386,-0.24319598032956632
2023-06-06,TCS,TCS,3280,-0.010614201241773428,-0.010558069381598794,-0.7232890293264029
2023-06-07,TCS,TCS,3253,-0.008265774904837911,-0.008231707317073171,-0.5672664401776646
2023-06-08,TCS,TCS,3261,0.0024562493159675856,0.002459268367660621,0.1450735440640858
2023-06-09,TCS,TCS,3245,-0.004918546651128718,-0.004906470407850353,-0.3448863678706071
2023-06-12,TCS,TCS,3215,-0.009287992466470604,-0.009244992295839754,-0.635179590413989
2023-06-13,TCS,TCS,3260,0.013899837689033518,0.013996889580093312,0.9053521438382675
2023-06-14,TCS,TCS,3243.69995117188,-0.0050125568767613645,-0.00500001497795092,-0.3511321327809098
2023-06-15,TCS,TCS,3245.30004882812,4.931723497214087e-4,4.932939791986353e-4,0.014652442003183042
2023-06-16,TCS,TCS,3197,-0.014994940773871862,-0.014883076480266032,-1.0143325734369364
2023-06-19,TCS,TCS,3190,-0.0021919532809512032,-0.002189552705661558,-0.16373946516383456
2023-06-20,TCS,TCS,3214,0.0074953505185676355,0.007523510971786834,0.4798567153506582
2023-06-21,TCS,TCS,3250,0.011138729026325322,0.01120099564405725,0.7219121458697163
2023-06-22,TCS,TCS,3260,0.003072199036970059,0.003076923076923077,0.1859954451451533
2023-06-23,TCS,TCS,3237.30004882812,-0.006987531239979219,-0.0069631752060981605,-0.482343663159898
2023-06-26,TCS,TCS,3205,-0.010027573766003618,-0.0099774652769095,-0.6843152126067229
2023-06-27,TCS,TCS,3202,-9.364757981103758e-4,-9.3603744149766e-4,-0.08032920680913737
2023-06-28,TCS,TCS,3208,0.0018720754297451314,0.0018738288569643974,0.10626273667021076
2023-06-30,TCS,TCS,3220,0.0037336695520488092,0.003740648379052369,0.2299416148780343
2023-07-03,TCS,TCS,3314.30004882812,0.02886509512873083,0.029285729449726707,1.8996001542169323
2023-07-04,TCS,TCS,3290,-0.007358889907767315,-0.007331879573399542,-0.5070156487954925
2023-07-05,TCS,TCS,3320,0.00907721815111668,0.00911854103343465,0.5849513822938623
2023-07-06,TCS,TCS,3306.55004882812,-0.004059418413134009,-0.004051190112012049,-0.28780839612649767
2023-07-07,TCS,TCS,3302,-0.0013770190173269044,-0.0013760713616697224,-0.1095976120441832
2023-07-10,TCS,TCS,3324.75,0.006866137813199268,0.006889763779527559,0.43805366031212556
2023-07-11,TCS,TCS,3295,-0.008988315356664988,-0.008948041206105723,-0.6152699182028113
2023-07-12,TCS,TCS,3280.94995117188,-0.004273168230260493,-0.004264051237669195,-0.3020093098931444
2023-07-13,TCS,TCS,3284,9.291918659717596e-4,9.296236984750682e-4,0.04362030562096706
2023-07-14,TCS,TCS,3365,0.024365771506509287,0.02466504263093788,1.6006782293874202
2023-07-17,TCS,TCS,3510,0.04218807438108338,0.04309063893016345,2.784739996771868
2023-07-18,TCS,TCS,3476,-0.009733830074628877,-0.009686609686609686,-0.664799739392349
2023-07-19,TCS,TCS,3500,0.006880761092222287,0.006904487917146145,0.43902518827497117
2023-07-20,TCS,TCS,3453.10009765625,-0.013490561901751866,-0.013399972098214285,-0.9143860334934671
2023-07-21,TCS,TCS,3404.05004882812,-0.014306493044594462,-0.014204641464469023,-0.9685941163578037
2023-07-24,TCS,TCS,3381,-0.006794389823272702,-0.006771360143795541,-0.4695119113470101
2023-07-25,TCS,TCS,3397.5,0.004868343317412833,0.0048802129547471165,0.3053260269529973
2023-07-26,TCS,TCS,3400.35009765625,8.38529176814824e-4,8.388808406916851e-4,0.037596941260341285
2023-07-27,TCS,TCS,3394.94995117188,-0.0015893772408433636,-0.001588114849730368,-0.12370607239440208
2023-07-28,TCS,TCS,3385,-0.0029351126148949207,-0.0029308093830500933,-0.2131128015160637
2023-07-31,TCS,TCS,3364.39990234375,-0.006104294284442969,-0.006085700932422452,-0.4236639786123138
2023-08-01,TCS,TCS,3415,0.01492788094295794,0.015039858258526382,0.973652336061238
2023-08-02,TCS,TCS,3434.94995117188,0.00582486228977311,0.005841859786787702,0.3688743547375868
2023-08-03,TCS,TCS,3420,-0.004361804238012705,-0.004352305385637314,-0.30789802745852207
2023-08-04,TCS,TCS,3401.25,-0.005497539959194831,-0.005482456140350877,-0.38335299277745793
2023-08-07,TCS,TCS,3453.94995117188,0.015375478397607393,0.01549428920893201,1.0033894041022655
2023-08-08,TCS,TCS,3484.05004882812,0.008676934709430767,0.008714688423909394,0.5583577191318745
2023-08-09,TCS,TCS,3464.89990234375,-0.005511680210245076,-0.005496518768670174,-0.3842924297720844
2023-08-10,TCS,TCS,3450,-0.0043095129688437385,-0.004300240342779112,-0.30442394820923974
2023-08-11,TCS,TCS,3438.10009765625,-0.0034552094231861037,-0.0034492470561594203,-0.24766651493739872
2023-08-14,TCS,TCS,3440.69995117188,7.559032450338064e-4,7.561890118912827e-4,0.0321075155949301
2023-08-16,TCS,TCS,3450,0.002699306178152246,0.00270295258525884,0.1612215323369068
2023-08-17,TCS,TCS,3455,0.001448226176364748,0.0014492753623188406,0.07810342978411068
2023-08-18,TCS,TCS,3410,-0.013110165924207752,-0.013024602026049204,-0.88911363538382715
2023-08-21,TCS,TCS,3375,-0.010316966970932267,-0.010263929618768328,-0.7035416522036908
2023-08-22,TCS,TCS,3400,0.00738010729762246,0.007407407407407408,0.4722002922255584
2023-08-23,TCS,TCS,3388,-0.0035356548323077553,-0.0035294117647058825,-0.2530110730437722
2023-08-24,TCS,TCS,3408,0.00588583217726135,0.0059031877213695395,0.37292501604912515
2023-08-25,TCS,TCS,3375,-0.009730284642576111,-0.009683098591549295,-0.6645641912383263
2023-08-28,TCS,TCS,3394,0.005613842487541448,0.005629629629629629,0.3548548151897544
2023-08-29,TCS,TCS,3381.05004882812,-0.0038228402298265242,-0.0038155424784560997,-0.2720908323625412
2023-08-30,TCS,TCS,3398,0.0050006966675322445,0.005013221019237765,0.3141191971041576
2023-08-31,TCS,TCS,3401,8.824827753181223e-4,8.828722778104767e-4,0.04051709001401156
2023-09-01,TCS,TCS,3366,-0.010344410256444178,-0.010291090855630698,-0.7053649039672116
2023-09-04,TCS,TCS,3378,0.0035587226169941544,0.0035650623885918,0.2183186513038471
2023-09-05,TCS,TCS,3420,0.012356732688905428,0.012433392539964476,0.8028327530182353
2023-09-06,TCS,TCS,3434,0.004085211400769943,0.004093567251461989,0.2532970289137914
2023-09-07,TCS,TCS,3430.80004882812,-9.322781088705047e-4,-9.318436726499715e-4,-0.08005032459199227
2023-09-08,TCS,TCS,3455.25,0.007101329135585691,0.00712660336478412,0.4536790850856908
2023-09-11,TCS,TCS,3462,0.001951643252018522,0.0019535489472541786,0.11154899046866741
2023-09-12,TCS,TCS,3492,0.008628181223338189,0.008665511265164644,0.555118679860957
2023-09-13,TCS,TCS,3571.10009765625,0.02239906094953747,0.022651803452534366,1.470015722167665
2023-09-14,TCS,TCS,3570.05004882812,-2.9408395402936055e-4,-2.9404071558205837e-4,-0.03765056827353798
2023-09-15,TCS,TCS,3567.85009765625,-6.164141263904643e-4,-6.162241822330022e-4,-0.05906524382097858
2023-09-18,TCS,TCS,3580.05004882812,0.003413579588001203,0.003419412485934946,0.20867577223022832
2023-09-20,TCS,TCS,3580,-1.3980021865585477e-5,-1.3979924145580192e-5,-0.01904128083727008
2023-09-21,TCS,TCS,3588.55004882812,0.002385434383310846,0.002388281795564245,0.14036880669603374
2023-09-22,TCS,TCS,3584,-0.001268739683235744,-0.001267935173317665,-0.10240384922927233
2023-09-25,TCS,TCS,3602.5,0.005148553778856001,0.005161830357142857,0.32394239188355556
2023-09-26,TCS,TCS,3567.60009765625,-0.009734920708531315,-0.009687689755378209,-0.6648721979245139
2023-09-27,TCS,TCS,3590,0.0062590743171787476,0.0062787032544554845,0.39772213407383544
2023-09-28,TCS,TCS,3600,0.0027816429618767705,0.002785515320334262,0.16669174784966734
2023-09-29,TCS,TCS,3537.19995117188,-0.017598405546794236,-0.01744445800781111,-1.1872991716394308
2023-10-03,TCS,TCS,3534.19995117188,-8.48488339342444e-4,-8.481284748989368e-4,-0.07448357694471315
2023-10-04,TCS,TCS,3486.30004882812,-0.013645935655413253,-0.013553251939771326,-0.9247086120435107
2023-10-05,TCS,TCS,3554,0.019232713811945273,0.01941885386332039,1.2596528630986068
2023-10-06,TCS,TCS,3591,0.010356985511486227,0.010410804727068092,0.6699753891926514
2023-10-09,TCS,TCS,3645.05004882812,0.01493938093945137,0.015051531280456696,0.9744163622518349
2023-10-10,TCS,TCS,3640.05004882812,-0.0013726649512189025,-0.0013717232776014954,-0.10930834060449152
2023-10-11,TCS,TCS,3650,0.002729736362221812,0.0027334654849274108,0.16324322491977994
2023-10-12,TCS,TCS,3575,-0.020761991448429128,-0.02054794520547945,-1.3974785822534392
2023-10-13,TCS,TCS,3530,-0.012667305200765573,-0.012587412587412588,-0.8596912619344234
2023-10-16,TCS,TCS,3566,0.010146648495743312,0.010198300283286119,0.6560012119856063
2023-10-17,TCS,TCS,3530,-0.010146648495743229,-0.010095344924284913,-0.6922261899893064
2023-10-18,TCS,TCS,3511,-0.005396973758910159,-0.00538243626062323,-0.37667166805268926
2023-10-19,TCS,TCS,3469.5,-0.01189040582882872,-0.011819994303617203,-0.8080763359683871
2023-10-20,TCS,TCS,3450.39990234375,-0.00552035330884846,-0.005505144158019888,-0.3848686451205326
2023-10-23,TCS,TCS,3473,0.006528635713318886,0.006549993709685203,0.41563100619763155
2023-10-25,TCS,TCS,3390.5,-0.02404137062017718,-0.02375467895191477,-1.6153509596532951
2023-10-26,TCS,TCS,3368.05004882812,-0.006643446768728711,-0.006621427863701519,-0.4594836955100577
2023-10-27,TCS,TCS,3350,-0.005373610536056007,-0.005359198517373676,-0.37511948373963117
2023-10-30,TCS,TCS,3350,0,0,-0.018112489001852798
2023-10-31,TCS,TCS,3399,0.014520924877003828,0.014626865671641792,0.9466153632248664
2023-11-01,TCS,TCS,3355,-0.013029500290333796,-0.012944983818770227,-0.8837544461878987
2023-11-02,TCS,TCS,3343.19995117188,-0.003523352877281231,-0.0035171531529418773,-0.25219376706970686
2023-11-03,TCS,TCS,3382,0.011538832930024568,0.011605662058746906,0.7484938810520654
2023-11-06,TCS,TCS,3375,-0.0020719261518954498,-0.0020697811945594325,-0.1557652131513974
2023-11-07,TCS,TCS,3378,8.884940611152349e-4,8.888888888888889e-4,0.040916462291279765
2023-11-08,TCS,TCS,3371.44995117188,-0.0019409139801776977,-0.0019390316246654818,-0.14706114697741804
2023-11-09,TCS,TCS,3390.10009765625,0.0055165438832322925,0.005531788030217505,0.34839058000123124
2023-11-10,TCS,TCS,3338,-0.015487623049019641,-0.015368306585480903,-1.0470649453181662
2023-11-13,TCS,TCS,3356,0.005377963365316416,0.005392450569203115,0.3391836950030744
2023-11-15,TCS,TCS,3383.10009765625,0.008042689185161388,0.008075118491135281,0.5162202982998304
2023-11-16,TCS,TCS,3430.05004882812,0.013782374776351152,0.01387778954704771,0.8975482508749609
2023-11-17,TCS,TCS,3497.85009765625,0.01957366938277409,0.0197664896613663,1.2823049557398496
2023-11-20,TCS,TCS,3491.25,-0.0018886836719970424,-0.001886901231322756,-0.1435911177982119
2023-11-21,TCS,TCS,3519.60009765625,0.008087536258424595,0.008120328723594701,0.5191998069078797
2023-11-22,TCS,TCS,3500,-0.0055844060403060294,-0.005568842229917534,-0.38912412158444404
2023-11-23,TCS,TCS,3530,0.008534902449837506,0.008571428571428572,0.5489215104946884
2023-11-24,TCS,TCS,3494.25,-0.01017911056232657,-0.010127478753541077,-0.6943828749139274
2023-11-28,TCS,TCS,3457.10009765625,-0.01068864479858052,-0.01063172421657008,-0.7282348418885461
2023-11-29,TCS,TCS,3481,0.006889493245003518,0.006913280399359278,0.43960532701057564
2023-11-30,TCS,TCS,3499.44995117188,0.005286190507606706,0.005300187064602126,0.3330865742851505
2023-12-01,TCS,TCS,3500,1.5716915845934777e-4,1.5718151017870676e-4,-0.007670628999058468
2023-12-04,TCS,TCS,3544.64990234375,0.012676428457724964,0.012757114955357142,0.8240724064860162
2023-12-05,TCS,TCS,3538,-0.0018778012154994086,-0.0018760392498432732,-0.14286811916191022
2023-12-06,TCS,TCS,3532.60009765625,-0.0015274243540890345,-0.0015262584352035047,-0.119590103481678
2023-12-07,TCS,TCS,3605,0.020287599353408,0.020494791468693176,1.3297363785344596
2023-12-08,TCS,TCS,3633,0.007736982502152401,0.007766990291262136,0.49591003884950624
2023-12-11,TCS,TCS,3622.89990234375,-0.002783970097597001,-0.002780098446531792,-0.2030713339561098
2023-12-12,TCS,TCS,3638.94995117188,0.004420381937498232,0.004430166237203186,0.2755647807799023
2023-12-13,TCS,TCS,3643.55004882812,0.001263329424800091,0.0012641277615699522,0.06581942945138025
2023-12-14,TCS,TCS,3630,-0.003725846227006734,-0.0037189138742524256,-0.2656468340076295
2023-12-15,TCS,TCS,3666.69995117188,0.010059413404631273,0.010110179386192839,0.6502055672315592
2023-12-18,TCS,TCS,3858.10009765625,0.05088279794411969,0.052199566103901786,3.362392044401207
2023-12-19,TCS,TCS,3845,-0.0034012566679030186,-0.0033954789468028978,-0.244082051401719
2023-12-20,TCS,TCS,3827.25,-0.00462707332755385,-0.0046163849154746426,-0.3255217312640864
2023-12-21,TCS,TCS,3756.25,-0.01872541032867286,-0.018551179045006205,-1.2621740788426794
2023-12-22,TCS,TCS,3800,0.011579947430959418,0.011647254575707155,0.7512254084525731
2023-12-26,TCS,TCS,3819.85009765625,0.005210113664934484,0.005223709909539474,0.32803225097881666
2023-12-27,TCS,TCS,3799,-0.0054733061917859455,-0.0054583549414787295,-0.3817429720259037
2023-12-28,TCS,TCS,3824,0.0065591209836663635,0.006580679126085812,0.41765635855197425
2023-12-29,TCS,TCS,3792,-0.008403410796379504,-0.008368200836820083,-0.5764105669575305
2024-01-01,TCS,TCS,3790,-5.275652984403572e-4,-5.274261603375527e-4,-0.05316238710302178
2024-01-02,TCS,TCS,3811.10009765625,0.005551867909358282,0.005567308088720317,0.35073740516183066
2024-01-03,TCS,TCS,3767,-0.011638958293789097,-0.011571487635124219,-0.79137089588924725
2024-01-04,TCS,TCS,3701.75,-0.017473247903212856,-0.017321475975577382,-1.1789840632214237
2024-01-05,TCS,TCS,3675,-0.00725254814189115,-0.007226311879516445,-0.4999506123556871
2024-01-08,TCS,TCS,3737.89990234375,0.01697079761081252,0.01711561968537415,1.1093777547898123
2024-01-09,TCS,TCS,3709.94995117188,-0.00750554399743012,-0.00747744773859373,-0.5167589183281874
2024-01-10,TCS,TCS,3690,-0.005391928225746568,-0.005377417872060057,-0.3763364575606938
2024-01-11,TCS,TCS,3724,0.009171901362384802,0.00921409214092141,0.5912418584048766
2024-01-12,TCS,TCS,3848,0.03275517338863941,0.03329752953813104,2.158045595982058
2024-01-15,TCS,TCS,3960,0.028690492462929016,0.029106029106029108,1.8880000628867444
2024-01-16,TCS,TCS,3899,-0.015523915265928919,-0.015404040404040404,-1.04947609424759
2024-01-17,TCS,TCS,3819,-0.020731501757081095,-0.020518081559374197,-1.3954529361807275
2024-01-18,TCS,TCS,3898,0.020474992841989847,0.020686043466876147,1.3421862547849135
2024-01-19,TCS,TCS,3945,0.011985353212468512,0.012057465366854798,0.7781593849167681
2024-01-23,TCS,TCS,3900,-0.011472401162236807,-0.011406844106463879,-0.7803053263641305
2024-01-24,TCS,TCS,3880,-0.005141399500418652,-0.005128205128205128,-0.35969206051616015
2024-01-25,TCS,TCS,3839.89990234375,-0.010388854473281065,-0.01033507671552835,-0.7083176479705119
2024-01-29,TCS,TCS,3800.80004882812,-0.010234715424525953,-0.010182518948414442,-0.6980770996094856
2024-01-30,TCS,TCS,3807.44995117188,0.0017480771628542659,0.0017496059404151852,0.09802465385450082
2024-01-31,TCS,TCS,3811.19995117188,9.844264668701732e-4,9.849111736441349e-4,0.047289931236737165
2024-02-01,TCS,TCS,3820,0.0023063352513842407,0.0023089968883459214,0.13511369131578693
2024-02-02,TCS,TCS,3875.05004882812,0.014308155930029438,0.014411007546628272,0.9324796156072878
2024-02-05,TCS,TCS,3983,0.027476725650993766,0.027857692110202777,1.8073609397247785
2024-02-06,TCS,TCS,3997,0.0035087755296792705,0.0035149384885764497,0.21500031265266534
2024-02-07,TCS,TCS,4153,0.03828688491943009,0.03902927195396547,2.52555635920409
2024-02-08,TCS,TCS,4090,-0.015285994593906112,-0.015169756802311581,-1.0336693394530387
2024-02-09,TCS,TCS,4136.5498046875,0.011317089817654793,0.011381370339242055,0.7337619160873998
2024-02-12,TCS,TCS,4130,-0.0015846528994238214,-0.001583397999965532,-0.12339220094410083
2024-02-13,TCS,TCS,4125.4501953125,-0.0011022548838677002,-0.0011016476240920097,-0.0913430852432893
2024-02-14,TCS,TCS,4107,-0.00448231711465214,-0.00447228652365355,-0.31590455112218657
2024-02-15,TCS,TCS,4128,0.005100193204840125,0.005113221329437546,0.32072945654383267
2024-02-16,TCS,TCS,4113.25,-0.0035795578946391632,-0.003573158914728682,-0.25592786432173203
2024-02-19,TCS,TCS,4123.0498046875,0.0023796630876517853,0.00238249673311858,0.1399853786628409
2024-02-20,TCS,TCS,4082.10009765625,-0.009981547566447086,-0.0099318972535074,-0.6812573662904287
2024-02-21,TCS,TCS,4013,-0.01707249452104745,-0.016927585312257295,-1.1523591785860587
2024-02-22,TCS,TCS,3971,-0.010521139135665233,-0.01046598554697234,-0.7171062547090896
2024-02-23,TCS,TCS,4130,0.03925945482382696,0.04004029211785445,2.5901710640494424
2024-02-26,TCS,TCS,4036,-0.023023304481578903,-0.022760290556900726,-1.5477136178425084
2024-02-27,TCS,TCS,3999,-0.009209772626681269,-0.009167492566897919,-0.6299828926360818
2024-02-28,TCS,TCS,4095.60009765625,0.023868920698029535,0.02415606342991998,1.5676689123224399
2024-02-29,TCS,TCS,4099,8.297909594898146e-4,8.301353312535639e-4,0.03701639961415476
2024-03-01,TCS,TCS,4107.2001953125,0.001998537166223457,0.0020005355727006585,0.11466448521274365
2024-03-04,TCS,TCS,4105,-5.358357840324989e-4,-5.356922496768132e-4,-0.05371185401850831
2024-03-05,TCS,TCS,4062,-0.010530279746198573,-0.010475030450669914,-0.7177135301851741
2024-03-06,TCS,TCS,3994.05004882812,-0.016869697239546514,-0.01672820068239291,-1.1388859193083631
2024-03-07,TCS,TCS,4065,0.017607977081127477,0.01776391139432446,1.151710098430911
2024-03-11,TCS,TCS,4089,0.00588669838273126,0.005904059040590406,0.3729825642114944
2024-03-12,TCS,TCS,4122.35009765625,0.008122971408301415,0.00815605225146735,0.5215540148060372
2024-03-13,TCS,TCS,4205,0.019850880634104822,0.02004921959217883,1.3007220619073019
2024-03-14,TCS,TCS,4153.4501953125,-0.012334932216427558,-0.012259168772294887,-0.837609371281136
2024-03-15,TCS,TCS,4192.60009765625,0.009381728631688289,0.009425874996149898,0.6051821695467876
2024-03-18,TCS,TCS,4215.25,0.005387811835780804,0.005402352195815614,0.33983799862624603
2024-03-19,TCS,TCS,4051.25,-0.039683426202332873,-0.03890635193642133,-2.654563462576021
2024-03-20,TCS,TCS,3986,-0.016237253683017105,-0.016106140080222153,-1.0968682159517753
2024-03-21,TCS,TCS,3990.05004882812,0.0010155525984439993,0.0010160684465930752,0.04935786053984223
2024-03-22,TCS,TCS,3897,-0.023596748032474926,-0.023320521720134525,-1.5858115330865497
2024-03-26,TCS,TCS,3875,-0.005661363551261804,-0.0056453682319733125,-0.3942369539202586
2024-03-27,TCS,TCS,3888.5,0.003477816347550517,0.0034838709677419357,0.21294347498325022
2024-03-28,TCS,TCS,3850.10009765625,-0.009924331799912608,-0.009875248127491321,-0.6774561178141882
2024-04-01,TCS,TCS,3897.69995117188,0.012287475698338421,0.012363276878075568,0.7982315207739169
2024-04-02,TCS,TCS,3890,-0.001977465420931917,-0.001975511524319603,-0.14948951798224658
2024-04-03,TCS,TCS,3851,-0.010076302797583063,-0.010025706940874035,-0.6875526271911874
2024-04-04,TCS,TCS,3975.89990234375,0.031918258177784604,0.03243310889217087,2.102443392905967
2024-04-05,TCS,TCS,3978,5.280674212239854e-4,5.282068733702313e-4,0.01697076867101749
2024-04-08,TCS,TCS,3983,0.0012561237677267132,0.001256913021618904,0.06534070663371103
2024-04-09,TCS,TCS,3984,2.510355228446088e-4,2.5106703489831785e-4,-0.0014344218100017748
2024-04-10,TCS,TCS,3956.39990234375,-0.006951843521911831,-0.006927735355484438,-0.47997267536857985
2024-04-12,TCS,TCS,3971,0.0036834559486744046,0.0036902482096415434,0.2266055696780023
2024-04-15,TCS,TCS,4001.39990234375,0.00762632332954317,0.007655477799987409,0.4885581665118458
2024-04-16,TCS,TCS,3902,-0.02515503327773816,-0.024841281743803775,-1.6893394550717484
2024-04-18,TCS,TCS,3876.80004882812,-0.006479158525840725,-0.006458214036873399,-0.44856886432334536
2024-04-19,TCS,TCS,3838,-0.010058686089570595,-0.010008266699193961,-0.6863822245461679
2024-04-22,TCS,TCS,3837,-2.6058632069288586e-4,-2.605523710265763e-4,-0.0354250833173729
2024-04-23,TCS,TCS,3877.05004882812,0.0103837565044717,0.010437854789710712,0.6717539758036015
2024-04-24,TCS,TCS,3890,0.0033345898610679645,0.0033401557908168517,0.20342792539831206
2024-04-25,TCS,TCS,3811.19995117188,-0.02046507026325545,-0.020257081960956297,-1.3777520056283614
2024-04-26,TCS,TCS,3855.14990234375,0.011465804065660466,0.011531788343552042,0.7436420565253707
2024-04-29,TCS,TCS,3838,-0.004458493847251865,-0.004448569518223835,-0.31432180279267163
2024-04-30,TCS,TCS,3872,0.008819771828822457,0.008858780614903595,0.5678474003041271
2024-05-02,TCS,TCS,3778.05004882812,-0.02456315298281228,-0.024263933670423555,-1.6500166563839436
2024-05-03,TCS,TCS,3890.14990234375,0.029239675763247295,0.029671352170255464,1.9244861979148151
2024-05-06,TCS,TCS,3853,-0.009595626550745162,-0.009549735428284604,-0.6556179007769832
2024-05-07,TCS,TCS,3930.80004882812,0.019990914284043468,0.0201920708092707,1.3100254887543563
2024-05-08,TCS,TCS,3961,0.007653538711715549,0.007682901902090757,0.4903662770428953
2024-05-09,TCS,TCS,3962,2.5242963657961176e-4,2.5246149962130775e-4,-0.001341800963828326
2024-05-10,TCS,TCS,3962.60009765625,1.5145184615050896e-4,1.5146331556032308e-4,-0.008050470536077254
2024-05-13,TCS,TCS,3884.5,-0.019906124714171254,-0.019709305943449527,-1.3406172952950246
2024-05-14,TCS,TCS,3936,0.013170703781668477,0.013257819539194233,0.8569106158780257
2024-05-15,TCS,TCS,3904.5,-0.008035245069414334,-0.008003048780487805,-0.5519507109878132
2024-05-16,TCS,TCS,3891.10009765625,-0.003437815016982532,-0.003431912496798566,-0.24651088137550997
2024-05-17,TCS,TCS,3919,0.007144600113884307,0.00717018366105645,0.4565538825460015
2024-05-21,TCS,TCS,3830.60009765625,-0.022815044837349363,-0.022556749768754783,-1.5338774551335308
2024-05-22,TCS,TCS,3835,0.0011479604390743838,0.0011486195978645949,0.058154650881456146
2024-05-23,TCS,TCS,3840.94995117188,0.0015502843039351052,0.0015514866158748376,0.08488387380177484
2024-05-24,TCS,TCS,3878.25,0.009664301839148735,0.009711152007263123,0.6239555084242476
2024-05-27,TCS,TCS,3855,-0.006013013947010674,-0.005994971959002127,-0.41759957950361476
2024-05-28,TCS,TCS,3858,7.77907468244521e-4,7.782101167315176e-4,0.03356941193953608
2024-05-29,TCS,TCS,3848.89990234375,-0.002361546666170877,-0.0023587604085666147,-0.1750067545176924
2024-05-30,TCS,TCS,3777,-0.018857324087046726,-0.018680637108792374,-1.2709380438017372
2024-05-31,TCS,TCS,3740,-0.00984443230387928,-0.009796134498279057,-0.6721478285795058
2024-06-03,TCS,TCS,3732.80004882812,-0.001926976060582742,-0.001925120634192514,-0.14613515229393578
2024-06-04,TCS,TCS,3700,-0.008825815715679022,-0.008786982532969397,-0.6044739165043058
2024-06-05,TCS,TCS,3716,0.0043150013014132795,0.004324324324324324,0.2685635989972238
2024-06-06,TCS,TCS,3781,0.01734070395720376,0.017491926803013993,1.1339532524321279
2024-06-07,TCS,TCS,3837.30004882812,0.014780482107127525,0.0148902535911452,0.9638595877675952
2024-06-10,TCS,TCS,3895,0.01492467230678839,0.015036601370148549,0.9734391636423565
2024-06-11,TCS,TCS,3845,-0.012920076365104283,-0.012836970474967908,-0.876484640079607
2024-06-12,TCS,TCS,3874.39990234375,0.007617183943758936,0.007646268489921977,0.48795097240451607
2024-06-13,TCS,TCS,3856.80004882812,-0.004552950131823388,-0.00454260116643697,-0.3205972025565194
2024-06-14,TCS,TCS,3889,0.008314218404067198,0.008348877505761255,0.534259906822745
2024-06-18,TCS,TCS,3826.05004882812,-0.016319103000093697,-0.016186667825116997,-1.1023060456036986
2024-06-19,TCS,TCS,3827.64990234375,4.18060166752679e-4,4.1814756608320403e-4,0.00966220787104183
2024-06-20,TCS,TCS,3796,-0.00830313159258787,-0.00826875580349449,-0.5697483094418183
2024-06-21,TCS,TCS,3827,0.008133325695883735,0.008166491043203371,0.5222419234416951
2024-06-24,TCS,TCS,3808.75,-0.004780155125783491,-0.0047687483668669975,-0.3356920389870444
2024-06-25,TCS,TCS,3817,0.0021637224453109672,0.0021660649819494585,0.1256389128654846
2024-06-26,TCS,TCS,3844.5,0.00717878172700577,0.007204610951008645,0.4588248091220722
2024-06-27,TCS,TCS,3831,-0.003517689771586499,-0.00351150994927819,-0.2518175268618629
2024-06-28,TCS,TCS,3917.80004882812,0.022404418511798672,0.022657282387919604,1.4703716629618775
2024-07-01,TCS,TCS,3884,-0.008664733801232087,-0.008627303182108583,-0.5937721044177313
2024-07-02,TCS,TCS,3993.60009765625,0.02782755377702558,0.028218356760105562,1.8306689361089064
2024-07-03,TCS,TCS,4020,0.006588798424825617,0.006610552308240247,0.41962804109366225
2024-07-04,TCS,TCS,3999.85009765625,-0.0050250177992039215,-0.005012413518345771,-0.35196000008596073
2024-07-05,TCS,TCS,4010,0.002534356486751941,0.002537570682885699,0.15026275644226073
2024-07-08,TCS,TCS,4022,0.002988050031982389,0.0029925187032418953,0.18040483094279397
2024-07-09,TCS,TCS,3985,-0.0092419791082819,-0.009199403281949278,-0.6321225972406804
2024-07-10,TCS,TCS,3983.69995117188,-3.262888169011832e-4,-3.2623559049435325e-4,-0.03979016533452079
2024-07-11,TCS,TCS,3931,-0.013317176985553954,-0.013228895704451165,-0.9028668458915109
2024-07-12,TCS,TCS,3980,0.012387972856623047,0.012465021622996692,0.8049082585497838
2024-07-15,TCS,TCS,4235.7001953125,0.06226683051613706,0.06424628022927135,4.118713930638208
2024-07-16,TCS,TCS,4172,-0.015153112673957381,-0.015038881973515208,-1.0248410526656786
2024-07-18,TCS,TCS,4160,-0.0028804628653541415,-0.0028763183125599234,-0.20948203171691007
2024-07-19,TCS,TCS,4317.39990234375,0.03713827232624071,0.037836514986478366,2.4492458921054685
2024-07-22,TCS,TCS,4299.9501953125,-0.004049906452438569,-0.004041716641022117,-0.2871764492298706
2024-07-23,TCS,TCS,4283,-0.003949741513740209,-0.003941951544224372,-0.28052178315333703
2024-07-24,TCS,TCS,4287.5,0.0010501138588243078,0.0010506654214335746,0.05165400977133822
2024-07-25,TCS,TCS,4295,0.0017477429441603168,0.001749271137026239,0.09800244934028987
2024-07-26,TCS,TCS,4350,0.012724289664374073,0.012805587892898719,0.8272521653158891
2024-07-29,TCS,TCS,4415,0.014831988955330604,0.014942528735632184,0.96728155237817
2024-07-30,TCS,TCS,4391.10009765625,-0.005428046640462847,-0.005413341414212911,-0.3787360595798635
2024-07-31,TCS,TCS,4350,-0.00940394231486781,-0.009359863529002033,-0.6428829598038686
2024-08-01,TCS,TCS,4399.39990234375,0.01129230069126374,0.011356299389367816,0.7321149989065465
2024-08-02,TCS,TCS,4365,-0.007849956500290833,-0.007819226055222598,-0.539640679440459
2024-08-05,TCS,TCS,4239,-0.029290796921065457,-0.0288659793814433,-1.9641075163860184
2024-08-06,TCS,TCS,4170.9501953125,-0.016183517933647737,-0.016053268385822127,-1.093298169655413
2024-08-07,TCS,TCS,4228,0.013585193571138967,0.013677891611272443,0.8844481073086871
2024-08-08,TCS,TCS,4181,-0.011178615633563257,-0.011116367076631977,-0.7607870736017758
2024-08-09,TCS,TCS,4217,0.008573522389994908,0.008610380291796222,0.5514873065604871
2024-08-12,TCS,TCS,4230,0.003078018293763877,0.003082760256106237,0.1863820595761078
2024-08-13,TCS,TCS,4213,-0.00402701006130707,-0.004018912529550827,-0.28565527985346156
2024-08-14,TCS,TCS,4209,-9.498932084458674e-4,-9.494422027059103e-4,-0.08122062037714656
2024-08-16,TCS,TCS,4350,0.03295075531215919,0.03349964362081254,2.1710394879420956
2024-08-19,TCS,TCS,4421,0.016190069743513467,0.01632183908045977,1.0575084747699315
2024-08-20,TCS,TCS,4505,0.018821976216195108,0.019000226193168965,1.2323646564634807
2024-08-21,TCS,TCS,4518,0.002881526985510367,0.0028856825749167593,0.17332775074948298
2024-08-22,TCS,TCS,4560,0.009253205480483176,0.009296148738379814,0.5966434666284993
2024-08-23,TCS,TCS,4500,-0.01324522675002068,-0.013157894736842105,-0.8980866823150745
2024-08-26,TCS,TCS,4489,-0.002447436976479033,-0.0024444444444444444,-0.18071305596147277
2024-08-27,TCS,TCS,4505,0.0035579312605062197,0.0035642682111828917,0.21826607588930444
2024-08-28,TCS,TCS,4498.75,-0.0013883106491978498,-0.0013873473917869034,-0.1103477950976224
2024-08-29,TCS,TCS,4460,-0.00865081437913072,-0.008613503751041956,-0.5928473386537161
2024-08-30,TCS,TCS,4500,0.008928630744301398,0.008968609865470852,0.575079668814244
2024-09-02,TCS,TCS,4576,0.016747857301222763,0.016888888888888887,1.0945662515372958
2024-09-03,TCS,TCS,4521.0498046875,-0.012081029526769389,-0.012008346877731644,-0.8207408178974308
2024-09-04,TCS,TCS,4476.9501953125,-0.00980216992100992,-0.009754285239078054,-0.6693400392547288
2024-09-05,TCS,TCS,4481,9.041811742885695e-4,9.045900693155501e-4,0.041958668289006205
2024-09-06,TCS,TCS,4473.9501953125,-0.0015745048247394699,-0.001573265942311984,-0.12271799249130626
2024-09-09,TCS,TCS,4455,-0.004244670056493862,-0.004235674177230387,-0.30011597443392685
2024-09-10,TCS,TCS,4442.4501953125,-0.002820990898428806,-0.002817015642536476,-0.20553088787410717
2024-09-11,TCS,TCS,4521.4501953125,0.017626712032662133,0.017782979330495975,1.15295479391062
2024-09-12,TCS,TCS,4510.25,-0.0024801977062305232,-0.002477124557097084,-0.18288958319498166
2024-09-13,TCS,TCS,4530,0.004369355144167306,0.004378914694307411,0.2721747096134217
2024-09-16,TCS,TCS,4527,-6.624710411211407e-4,-6.622516556291391e-4,-0.06212513076376418
2024-09-17,TCS,TCS,4513.25,-0.0030419536191911177,-0.003037331566158604,-0.22021100589887457
2024-09-18,TCS,TCS,4497.0498046875,-0.0035959320156606803,-0.0035894743948374232,-0.2570157131150417
2024-09-19,TCS,TCS,4390.0498046875,-0.024081010764922965,-0.023793376690751468,-1.6179845351332647
2024-09-20,TCS,TCS,4316.89990234375,-0.016803042605270355,-0.016662658875907007,-1.1344575800179346
2024-09-23,TCS,TCS,4300,-0.003922506749259735,-0.003914823768458155,-0.2787123849183281
2024-09-24,TCS,TCS,4251.64990234375,-0.011307902781919312,-0.011244208757267442,-0.7693765342601377
2024-09-25,TCS,TCS,4252.35009765625,1.6467434479820373e-4,1.646879043624953e-4,-0.007172006331523549
2024-09-26,TCS,TCS,4260,0.0017973660188833696,0.0017989822493605042,0.10129926154088674
2024-09-27,TCS,TCS,4335,0.017452449951226207,0.017605633802816902,1.1413773300113006
2024-09-30,TCS,TCS,4286.89990234375,-0.011157772004317126,-0.011095754938004614,-0.7594022837316019
2024-10-01,TCS,TCS,4255.5498046875,-0.007339870757636755,-0.007312999689848171,-0.5057520719908435
2024-10-03,TCS,TCS,4262.60009765625,0.0016553581844692125,0.001656729046146771,0.09186467564128631
2024-10-04,TCS,TCS,4225,-0.008860064845883454,-0.008820930135323755,-0.6067493287182399
2024-10-07,TCS,TCS,4273.89990234375,0.011507475678736279,0.011573941383136095,0.7464105968299293
2024-10-08,TCS,TCS,4272.60009765625,-3.0417239747769004e-4,-3.0412614174403203e-4,-0.038320815001115976
2024-10-09,TCS,TCS,4260,-0.002953403809116587,-0.0029490468024755763,-0.2143280150555315
2024-10-10,TCS,TCS,4253.25,-0.0015857637011690519,-0.0015845070422535212,-0.12346599936885702
2024-10-11,TCS,TCS,4143,-0.026263233484845237,-0.025921354258508198,-1.7629650412307076
2024-10-14,TCS,TCS,4140,-7.243752580417329e-4,-7.24112961622013e-4,-0.0662378661948356
2024-10-15,TCS,TCS,4131.0498046875,-0.0021642231681119383,-0.0021618829257246375,-0.16189715743013128
2024-10-16,TCS,TCS,4085,-0.011209836357144802,-0.011147240257245825,-0.7628612873216943
2024-10-17,TCS,TCS,4112.7998046875,0.0067822859582535745,0.006805337744798042,0.4324827878909691
2024-10-18,TCS,TCS,4090,-0.0055590442155094046,-0.005543621321299003,-0.3874391559936265
2024-10-21,TCS,TCS,4132.60009765625,0.01036180242336122,0.010415671798594131,0.6702954107537357
2024-10-22,TCS,TCS,4066,-0.016247057271916727,-0.01611578572386459,-1.0975195377748241
2024-10-23,TCS,TCS,3999.60009765625,-0.016465334670093805,-0.016330521973376783,-1.1120212508073386
2024-10-24,TCS,TCS,4004,0.0010994809169129662,0.0011000855676367059,0.05493381297423517
2024-10-25,TCS,TCS,4057.05004882812,0.013162259108385817,0.013249262944085913,0.8563495764409552
2024-10-28,TCS,TCS,4068.94995117188,0.0029288483510601475,0.0029331416178110235,0.17647164411288524
2024-10-29,TCS,TCS,4095.85009765625,0.006589320903198808,0.006611078240621418,0.4196627530313021
2024-10-30,TCS,TCS,4075,-0.005103543122792817,-0.005090542172962081,-0.3571769933155927
2024-10-31,TCS,TCS,4070,-0.0012277472383224036,-0.001226993865030675,-0.09968043087446787
2024-11-01,TCS,TCS,3989.85009765625,-0.019889338768195017,-0.019692850698710074,-1.3395020860541247
2024-11-04,TCS,TCS,3966.30004882812,-0.005919978173536951,-0.005902489630365803,-0.4114185543496525
2024-11-05,TCS,TCS,3941.10009765625,-0.006373785572404608,-0.006353516088455173,-0.4415681929534246
2024-11-06,TCS,TCS,4003.60009765625,0.01573408381446906,0.015858516264828797,1.0272141009818494
2024-11-07,TCS,TCS,4169.7001953125,0.04065015686274762,0.04148768448514295,2.682565247096279
2024-11-08,TCS,TCS,4155,-0.003531709310172232,-0.0035254801601865018,-0.25274894407279014
2024-11-11,TCS,TCS,4128.2001953125,-0.006470904377610151,-0.006450013161853189,-0.4480204828144614
2024-11-12,TCS,TCS,4216,0.02104528730925987,0.021268301083652668,1.380074954107192
2024-11-13,TCS,TCS,4178.10009765625,-0.009030190120679061,-0.008989540404115275,-0.6180519552625701
2024-11-14,TCS,TCS,4135,-0.010369292642727504,-0.010315716868637843,-0.7070180170630175
2024-11-18,TCS,TCS,4213,0.018687654521224763,0.018863361547763,1.2234407152273814
2024-11-19,TCS,TCS,4019.89990234375,-0.0469179805904479,-0.04583434551536909,-3.135206133465155
2024-11-21,TCS,TCS,4044.89990234375,0.006199801776512929,0.00621906032670716,0.3937842395294519
2024-11-22,TCS,TCS,4071,0.006431865337897224,0.0064525942016826505,0.4092018649941288
2024-11-25,TCS,TCS,4280,0.050064340072863624,0.051338737410955536,3.308016093078343
2024-11-26,TCS,TCS,4321.0498046875,0.009545373484411165,0.00959107586156542,0.61605425576943
2024-11-27,TCS,TCS,4358.9501953125,0.008732864398825061,0.008771107100845131,0.5620735243978678
2024-11-28,TCS,TCS,4319,-0.009207353498377624,-0.009165095613035768,-0.6298221728146927
2024-11-29,TCS,TCS,4220,-0.023188765930643652,-0.02292197267886085,-1.5587063934222063
2024-12-02,TCS,TCS,4270,0.011778699192612705,0.011848341232227487,0.7644298952032557
2024-12-03,TCS,TCS,4314.35009765625,0.010332871271432523,0.010386439732142858,0.6683733094895926
2024-12-04,TCS,TCS,4313.5498046875,-1.8551280847099033e-4,-1.854956020339553e-4,-0.030437418356744746
2024-12-05,TCS,TCS,4400.7998046875,0.02002511249448033,0.020226960148967358,1.312297518007603
2024-12-06,TCS,TCS,4453,0.011791728141590293,0.011861524638521186,0.7652955005328325
2024-12-09,TCS,TCS,4430.4501953125,-0.005076823221872103,-0.005063957935661352,-0.35540180111225217
2024-12-10,TCS,TCS,4426.14990234375,-9.710934804039906e-4,-9.70622121720224e-4,-0.08262910454781891
2024-12-11,TCS,TCS,4431.85009765625,0.0012870165047013575,0.0012878450658622323,0.06739312988108637
2024-12-12,TCS,TCS,4430.0498046875,-4.0629955502882243e-4,-4.0621702654204645e-4,-0.04510584516915667
2024-12-13,TCS,TCS,4434.9501953125,0.0011055591932611693,0.0011061705491019142,0.05533763590812617
2024-12-16,TCS,TCS,4459,0.00540813986511652,0.005422790252057245,0.3411885335437639
2024-12-17,TCS,TCS,4410,-0.011049836186584935,-0.01098901098901099,-0.7522313431406197
2024-12-18,TCS,TCS,4311.7001953125,-0.022542386257993558,-0.022290205144557824,-1.5157628151997011
2024-12-19,TCS,TCS,4282,-0.006912113033270016,-0.006888279325354951,-0.4773330977039343
2024-12-20,TCS,TCS,4329,0.010916378292352558,0.010976179355441382,0.7071398122998149
2024-12-23,TCS,TCS,4200.0498046875,-0.03024018498190088,-0.029787524904712405,-2.0271820872289488
2024-12-24,TCS,TCS,4158.2998046875,-0.009990093541978051,-0.009940358315133447,-0.6818251359531053
2024-12-26,TCS,TCS,4179.5,0.005085332221109277,0.00509828446919623,0.31974213617422304
2024-12-27,TCS,TCS,4163,-0.003955653944235391,-0.00394784065079555,-0.28091458777297185
2024-12-30,TCS,TCS,4151,-0.0028866991419366776,-0.002882536632236368,-0.20989635172505844
2024-12-31,TCS,TCS,4135,-0.0038619405952471124,-0.003854492893278728,-0.2746885464801331
2025-01-01,TCS,TCS,4094.39990234375,-0.00986716590344236,-0.00981864514056832,-0.6736581825594101
2025-01-02,TCS,TCS,4120,0.006233000789222841,0.006252466360600434,0.3959898850030679
2025-01-03,TCS,TCS,4179.9501953125,0.014446168107236245,0.01455101827973301,0.9416487417081129
2025-01-06,TCS,TCS,4105.5,-0.017971793301964852,-0.01781126373132156,-1.2121059639164133
2025-01-07,TCS,TCS,4114.9501953125,0.0022991926843435504,0.0023018378547071004,0.13463916001568613
2025-01-08,TCS,TCS,4034.89990234375,-0.01964523678659739,-0.01945352657243298,-1.323284663098931
2025-01-09,TCS,TCS,4101,0.016249352345469564,0.016382091069435074,1.0614470377570653
2025-01-10,TCS,TCS,4200,0.023853678879400333,0.024140453547915143,1.5666562903941035
2025-01-13,TCS,TCS,4245,0.010657294473987979,0.010714285714285714,0.6899270398521463
2025-01-14,TCS,TCS,4302,0.013338211082227587,0.01342756183745583,0.8680393118577565
2025-01-15,TCS,TCS,4218,-0.019718948788955505,-0.019525801952580194,-1.3281818733193966
2025-01-16,TCS,TCS,4260,0.009908078224696297,0.00995732574679943,0.6401512997285146
2025-01-17,TCS,TCS,4159.89990234375,-0.023778148234198763,-0.023497675506161973,-1.5978632328566982
2025-01-20,TCS,TCS,4145.7998046875,-0.003395285574739127,-0.0033895281105936694,-0.24368534940565198
2025-01-21,TCS,TCS,4095.30004882812,-0.01225573985447126,-0.01218094414551369,-0.8323480619699192
2025-01-22,TCS,TCS,4050,-0.011123105499422243,-0.011061472489929699,-0.757099142361839
2025-01-23,TCS,TCS,4168,0.02871942333261794,0.029135802469135802,1.889922145399701
2025-01-24,TCS,TCS,4104,-0.015474196582597365,-0.015355086372360844,-1.046172930090192
2025-01-27,TCS,TCS,4102,-4.8744821827955586e-4,-4.873294346978557e-4,-0.05049712542658216
2025-01-28,TCS,TCS,4070.80004882812,-0.00763510731982607,-0.007606033927810825,-0.5253667271834174
2025-01-29,TCS,TCS,4054,-0.004135504300554461,-0.0041269648783059994,-0.29286332033949597
2025-01-30,TCS,TCS,4099.89990234375,0.011258511319925816,0.011322126873149976,0.7298701317293497
2025-01-31,TCS,TCS,4110,0.002460469158409237,0.0024634985967526123,0.14535389807527668
2025-02-01,TCS,TCS,4113,7.29660740143868e-4,7.2992700729927e-4,0.03036404019002578
2025-02-03,TCS,TCS,4030.89990234375,-0.020163037387900217,-0.019961122697848287,-1.3576858232321727
2025-02-04,TCS,TCS,4083.69995117188,0.013013776392361318,0.013098824110573828,0.8464848183118118
2025-02-05,TCS,TCS,4150,0.016104905989858854,0.016235288983240354,1.051850443628892
2025-02-06,TCS,TCS,4105.39990234375,-0.010805177728933777,-0.010747011483433735,-0.735976949541167
2025-02-07,TCS,TCS,4090,-0.003758186458962701,-0.0037511333146761855,-0.26779542459532707
2025-02-10,TCS,TCS,4040,-0.012300278081651676,-0.012224938875305624,-0.8353070517459626
2025-02-11,TCS,TCS,4018.39990234375,-0.005360902821633167,-0.005346558825804456,-0.3742752202959664
2025-02-12,TCS,TCS,3971.10009765625,-0.011840630153990258,-0.011770805752785374,-0.8047693854616674
2025-02-13,TCS,TCS,3968,-7.809695748088871e-4,-7.806646974423241e-4,-0.06999782736297577
2025-02-14,TCS,TCS,3925,-0.01089583818825463,-0.010836693548387098,-0.7420001657579939
2025-02-17,TCS,TCS,3856.5,-0.01760631484245496,-0.01745222929936306,-1.1878246421504366
2025-02-18,TCS,TCS,3898.39990234375,0.010806151104901128,0.01086474843608194,0.699816639794776
2025-02-19,TCS,TCS,3872.19995117188,-0.006743379133806948,-0.006720693573822011,-0.4661229100743132
2025-02-20,TCS,TCS,3761.5,-0.02900499434487174,-0.028588387110117557,-1.9451196276786762
2025-02-21,TCS,TCS,3776.10009765625,0.0038739428269617886,0.00388145624252293,0.23926096170875277
2025-02-24,TCS,TCS,3743.14990234375,-0.008764280008801115,-0.008725985662549446,-0.6003856638045353
2025-02-25,TCS,TCS,3625,-0.03207318852966181,-0.031564298899643635,-2.148961491139771
2025-02-27,TCS,TCS,3611.69995117188,-0.0036757261991133957,-0.0036689789870675855,-0.2623170056893482
2025-02-28,TCS,TCS,3584.94995117188,-0.007434048774903351,-0.007406484581123769,-0.5120089844874063
2025-03-03,TCS,TCS,3485,-0.02827646912013419,-0.02788043139603873,-1.89671853881504
2025-03-04,TCS,TCS,3474,-0.0031613763935740306,-0.0031563845050215206,-0.22814510635137655
2025-03-05,TCS,TCS,3520.85009765625,0.013395797649430727,0.013485923332253886,0.8718651952477998
2025-03-06,TCS,TCS,3557,0.010215027497974299,0.010267378996854813,0.6605441132483335
2025-03-07,TCS,TCS,3600,0.012016352495746131,0.01208883890919314,0.7802188867894307
2025-03-10,TCS,TCS,3606.5,0.0018039274995260114,0.0018055555555555555,0.1017351871572934
2025-03-11,TCS,TCS,3558,-0.013539183717946913,-0.013447941217246639,-0.917616325000828
2025-03-12,TCS,TCS,3565,0.001965464622615934,0.0019673974142776843,0.11246724197703982
2025-03-13,TCS,TCS,3502.30004882812,-0.017744144395839972,-0.01758764408748387,-1.1969816352577465
2025-03-17,TCS,TCS,3489,-0.0038047472657822667,-0.003797518385830544,-0.2708887886572897
2025-03-18,TCS,TCS,3497.69995117188,0.0024904334605160817,0.0024935371659157357,0.14734463882077756
2025-03-19,TCS,TCS,3547,0.013996580126331615,0.014094990855805787,0.9117794289144112
2025-03-20,TCS,TCS,3512,-0.009916500018614547,-0.00986749365661122,-0.6769357971311198
2025-03-21,TCS,TCS,3475,-0.010591196756114803,-0.010535307517084282,-0.7217606784652143
2025-03-24,TCS,TCS,3600,0.03533936644530886,0.03597122302158273,2.3297318376241485
2025-03-25,TCS,TCS,3645,0.01242251999855711,0.0125,0.8072034697929327
2025-03-26,TCS,TCS,3647.75,7.541737013731778e-4,7.544581618655693e-4,0.03199260976384954
2025-03-27,TCS,TCS,3614.85009765625,-0.00906015117279321,-0.009019231675347817,-0.6200424800880451
2025-03-28,TCS,TCS,3651,0.009950714684298213,0.010000387669515925,0.6429839416192145
2025-04-01,TCS,TCS,3572.69995117188,-0.02167950388058529,-0.02144619250290879,-1.4584354293938788
2025-04-02,TCS,TCS,3544,-0.008065566050080068,-0.008033126644868719,-0.5539651484153758
2025-04-03,TCS,TCS,3491,-0.01506780461993556,-0.014954853273137697,-1.0191734346295545
2025-04-04,TCS,TCS,3362.60009765625,-0.03747371481832136,-0.036780264206173016,-2.507756689894871
2025-04-07,TCS,TCS,3100,-0.08131240181347704,-0.07809435854096466,-5.4202710584701554
2025-04-08,TCS,TCS,3302.05004882812,0.06314139101738254,0.06517743510584516,4.1768171768952715
2025-04-09,TCS,TCS,3260.55004882812,-0.012647594728211864,-0.012567950026901661,-0.8583817556864276
2025-04-11,TCS,TCS,3289.55004882812,0.008854884369932153,0.008894204832225453,0.5701801750177146
2025-04-15,TCS,TCS,3314.39990234375,0.00752579016661917,0.0075541800996408595,0.4818790366928614
2025-04-16,TCS,TCS,3248.19995117188,-0.02017560059081998,-0.019973435047791685,-1.3585204857535018
2025-04-17,TCS,TCS,3245.5,-8.315602346165247e-4,-8.312145842209987e-4,-0.0733589230915438
2025-04-21,TCS,TCS,3290.10009765625,0.01364856764259782,0.013742134542058235,0.8886584955837608
2025-04-22,TCS,TCS,3322.60009765625,0.009829649227772512,0.009878118912902328,0.6349407061612685
2025-04-23,TCS,TCS,3365,0.012680324734934668,0.012761060945510336,0.8243312637679068
2025-04-24,TCS,TCS,3401.10009765625,0.010670974325970979,0.010728112230683507,0.6908358892769677
2025-04-25,TCS,TCS,3420,0.005541613651851714,0.005556996795470445,0.350056142232349
2025-04-28,TCS,TCS,3435,0.0043763745997987815,0.0043859649122807015,0.2726410617509415
2025-04-29,TCS,TCS,3455,0.005805531545320496,0.005822416302765648,0.3675900765159394
2025-04-30,TCS,TCS,3472,0.004908339578470535,0.004920405209840811,0.30798326176098134
2025-05-02,TCS,TCS,3472,0,0,-0.018112489001852798
2025-05-05,TCS,TCS,3450,-0.00635656575483539,-0.006336405529953917,-0.4404241585506576
2025-05-06,TCS,TCS,3460,0.0028943580263645565,0.002898550724637681,0.17418020764117165
2025-05-07,TCS,TCS,3420.60009765625,-0.01145258623672875,-0.01138725501264451,-0.7789888805668181
2025-05-08,TCS,TCS,3448,0.007978349968542636,0.008010261814154788,0.5119457885982579
2025-05-09,TCS,TCS,3399,-0.01431308208746776,-0.014211136890951276,-0.969031873128342
2025-05-12,TCS,TCS,3505,0.03070924977257453,0.031185642836128274,2.0221204043937484
2025-05-13,TCS,TCS,3620.39990234375,0.03239396951044085,0.032924365861269615,2.1340482649179533
2025-05-14,TCS,TCS,3521,-0.02783944982407877,-0.02745550354241286,-1.8676842527460544
2025-05-15,TCS,TCS,3564,0.012138469435647462,0.012212439647827322,0.7883319797328479
2025-05-16,TCS,TCS,3593.89990234375,0.008354427041562862,0.008389422655373176,0.5369312513011939
2025-05-19,TCS,TCS,3550,-0.0122903331628014,-0.01221511548363404,-0.834646340373632
2025-05-20,TCS,TCS,3531.80004882812,-0.00513993366515876,-0.005126746808980283,-0.35959467470127765
2025-05-21,TCS,TCS,3508,-0.006761595312229043,-0.0067387871620923296,-0.46733313978308044
2025-05-22,TCS,TCS,3495,-0.003712698824162992,-0.0037058152793614596,-0.264773358949034
2025-05-23,TCS,TCS,3477,-0.005163522660049269,-0.005150214592274678,-0.3611618586492469
2025-05-26,TCS,TCS,3521,0.012575187147191068,0.012654587287891862,0.8173462294074019
2025-05-27,TCS,TCS,3532,0.00311924256879805,0.0031241124680488497,0.18912088004726824
2025-05-28,TCS,TCS,3520,-0.003403293131707807,-0.0033975084937712344,-0.24421734811106582
2025-05-29,TCS,TCS,3504.69995117188,-0.004356078730252414,-0.004346604780715908,-0.307517641439637
2025-05-30,TCS,TCS,3490,-0.004203174665417475,-0.004194353689811512,-0.2973591418044965
2025-06-02,TCS,TCS,3450,-0.011527505171067383,-0.011461318051575931,-0.7839662758242018
2025-06-03,TCS,TCS,3446,-0.0011600929375304883,-0.0011594202898550724,-0.09518567665944902
2025-06-04,TCS,TCS,3389,-0.016679245480823567,-0.01654091700522345,-1.1262328605189356
2025-06-05,TCS,TCS,3409,0.005884100530851827,0.005901445854234287,0.3728099705175474
2025-06-06,TCS,TCS,3371.10009765625,-0.011179863587277098,-0.011117601156864183,-0.7608699840028852
2025-06-09,TCS,TCS,3400,0.008536302053626654,0.00857284017280964,0.54901449608403
2025-06-10,TCS,TCS,3440,0.011696039763191236,0.011764705882352941,0.7589382440524155
2025-06-11,TCS,TCS,3470,0.008683122573460857,0.00872093023255814,0.558768822751388
2025-06-12,TCS,TCS,3471.89990234375,5.473724536261423e-4,5.475222892651297e-4,0.01825333865910373
2025-06-13,TCS,TCS,3393.19995117188,-0.022928551850943293,-0.02266769013667203,-1.5414185297114014
2025-06-16,TCS,TCS,3440,0.013698056823856141,0.013792305051742403,0.8919464122934883
2025-06-17,TCS,TCS,3510,0.020144566092467495,0.020348837209302327,1.3202336662903762
2025-06-18,TCS,TCS,3519.10009765625,0.0025892653722284762,0.00259262041488604,0.15391074247638933
2025-06-19,TCS,TCS,3450,-0.019831071806734542,-0.01963572951569955,-1.3356309992561646
2025-06-20,TCS,TCS,3425,-0.007272759329079809,-0.007246376811594203,-0.5012933846220974
2025-06-23,TCS,TCS,3415,-0.0029239786914352006,-0.00291970802919708,-0.21237309614900662
2025-06-24,TCS,TCS,3434.60009765625,0.005723005977948905,0.005739413662152269,0.3621073187688575
2025-06-25,TCS,TCS,3407.30004882812,-0.007980295861498577,-0.00794853783611064,-0.5483000460485518
2025-06-26,TCS,TCS,3444.80004882812,0.01094565866320035,0.011005781546270766,0.7090851146493317
2025-06-27,TCS,TCS,3455,0.002956595417229043,0.002960970456137187,0.17831507817631073
2025-06-30,TCS,TCS,3439.89990234375,-0.0043800844135723676,-0.004370505833936324,-0.30911250895025744
2025-07-01,TCS,TCS,3455,0.0043800844135724075,0.004389691004078829,0.27288753094655444
2025-07-02,TCS,TCS,3487.19995117188,0.009276650720313338,0.009319812206043415,0.5982010999099793
2025-07-03,TCS,TCS,3430,-0.01653884676209809,-0.016402830916723846,-1.1169051795675717
2025-07-04,TCS,TCS,3408,-0.006434652210779199,-0.00641399416909621,-0.44561199469530755
2025-07-07,TCS,TCS,3418.30004882812,0.0030177567851394182,0.0030223147969835676,0.18237846088803225
2025-07-08,TCS,TCS,3405,-0.0038984261507329383,-0.003890837152425982,-0.2771125402600942
2025-07-09,TCS,TCS,3410,0.0014673516939497444,0.0014684287812041115,0.07937407333187244
2025-07-10,TCS,TCS,3380,-0.008836581800498,-0.008797653958944282,-0.6051891837460469
2025-07-11,TCS,TCS,3299.89990234375,-0.023983574105642246,-0.02369825374445266,-1.6115111279755086
2025-07-14,TCS,TCS,3266,-0.01032614084101175,-0.010273009287243118,-0.7041511373469135
2025-07-15,TCS,TCS,3206,-0.018541940360912123,-0.01837109614206981,-1.2499848698601148
2025-07-16,TCS,TCS,3227,0.006528858882463631,0.006550218340611353,0.4156458329040237
2025-07-17,TCS,TCS,3224.10009765625,-8.990412472843485e-4,-8.986372307871088e-4,-0.07784216454954564
2025-07-18,TCS,TCS,3225,2.7907842519539174e-4,2.791173712020236e-4,4.286667455983131e-4
2025-07-21,TCS,TCS,3190,-0.01091203345098265,-0.010852713178294573,-0.7430761317284944
2025-07-22,TCS,TCS,3159.60009765625,-0.009575448580837786,-0.00952974995101881,-0.6542773353697573
2025-07-23,TCS,TCS,3159.60009765625,0,0,-0.018112489001852798
2025-07-24,TCS,TCS,3165.10009765625,0.0017392133117935583,0.0017407266204605538,0.0974357654697261
2025-07-25,TCS,TCS,3140,-0.007961881607547,-0.007930269780357522,-0.5470766567799249
2025-07-28,TCS,TCS,3110,-0.009600073729019231,-0.009554140127388535,-0.6559133583171297
2025-07-29,TCS,TCS,3060,-0.01620781022685331,-0.01607717041800643,-1.0949120786900217
2025-07-30,TCS,TCS,3060,0,0,-0.018112489001852798
2025-07-31,TCS,TCS,3041.69995117188,-0.005998362372687362,-0.0059804081137647055,-0.4166261716836312
2025-08-01,TCS,TCS,3029.89990234375,-0.003886970146124929,-0.003879425655901326,-0.2763514367619219
2025-08-04,TCS,TCS,3009.10009765625,-0.00688852026371779,-0.006864848792994947,-0.4757656629784614
2025-08-05,TCS,TCS,3074.39990234375,0.02146866532240931,0.021700775171407956,1.4082029531682234
2025-08-06,TCS,TCS,3063,-0.0037149006535304703,-0.0037080089467409084,-0.26491964206354973
2025-08-07,TCS,TCS,3016,-0.015463377704928538,-0.01534443356186745,-1.0454541554456456
2025-08-08,TCS,TCS,3048.10009765625,0.01058702757785695,0.010643268453663793,0.6852587124307657
2025-08-11,TCS,TCS,3036.39990234375,-0.0038459067249439313,-0.0038385206973670363,-0.27362330295112297
2025-08-12,TCS,TCS,3041,0.0015138376966047956,0.0015149841273210606,0.08246246762354971
2025-08-13,TCS,TCS,3036.10009765625,-0.0016125794628439633,-0.0016112799551956593,-0.12524756028082276
2025-08-14,TCS,TCS,3034,-6.91948306043084e-4,-6.917089650210126e-4,-0.06408351418069788
2025-08-18,TCS,TCS,3046.5,0.004111509780071405,0.004119973632168754,0.25504421645146136
2025-08-19,TCS,TCS,3011.19995117188,-0.011654736512990803,-0.011587083153822418,-0.7924191547054973
2025-08-20,TCS,TCS,3010.89990234375,-9.964923720194967e-5,-9.96442723815903e-5,-0.02473289337665345
2025-08-21,TCS,TCS,3130,0.03879399959584258,0.039556312570716776,2.5592475776872075
2025-08-22,TCS,TCS,3086,-0.014157250611092803,-0.014057507987220448,-0.9586788848176174
2025-08-25,TCS,TCS,3087.30004882812,4.211844028496289e-4,4.2127311345430905e-4,0.009869772995521804
2025-08-26,TCS,TCS,3129,0.013416526342926371,0.013506931789059021,0.873242349122288
2025-08-28,TCS,TCS,3145,0.005100425465658838,0.005113454777884308,0.32074488727449835
2025-08-29,TCS,TCS,3093,-0.01667239644947125,-0.016534181240063592,-1.1257778308729371
2025-09-01,TCS,TCS,3090,-9.704027932785164e-4,-9.699321047526673e-4,-0.08258321731179483
2025-09-02,TCS,TCS,3121.10009765625,0.010014444167230263,0.010064756523058252,0.647217942394876
2025-09-03,TCS,TCS,3129.89990234375,0.0028154888819346825,0.002819456093096181,0.16894037195871542
2025-09-04,TCS,TCS,3116,-0.004450895950317317,-0.004441005392326251,-0.3138170207038451
2025-09-05,TCS,TCS,3097.10009765625,-0.006083906694974235,-0.006065437209162388,-0.4223094866934554
2025-09-08,TCS,TCS,3050,-0.015324630694207421,-0.01520780606732514,-1.036236209151616
2025-09-09,TCS,TCS,3032.10009765625,-0.0058861096452678075,-0.0058688204405737705,-0.40916842821705923
2025-09-10,TCS,TCS,3056.39990234375,0.007982239865824425,0.008014182878158686,0.5122042220163652
2025-09-11,TCS,TCS,3139,0.026666557019939512,0.027025291288914607,1.7535357013189103
2025-09-12,TCS,TCS,3144,0.0015915967071435352,0.0015928639694170119,0.08762854925152595
2025-09-15,TCS,TCS,3134,-0.0031857306331309855,-0.0031806615776081423,-0.22976313092070716
2025-09-16,TCS,TCS,3128,-0.001916321250764401,-0.0019144862795149968,-0.14542727783834855
2025-09-17,TCS,TCS,3152,0.007643349312568066,0.0076726342710997444,0.4896893231134249
2025-09-18,TCS,TCS,3185,0.010415117028494014,0.010469543147208122,0.6738374774566308
2025-09-19,TCS,TCS,3170,-0.0047207011349374535,-0.004709576138147566,-0.33174208942246547
2025-09-22,TCS,TCS,3095,-0.023943681752629783,-0.02365930599369085,-1.608860796514671
2025-09-23,TCS,TCS,3070,-0.008110344537453625,-0.008077544426494346,-0.5569401003771662
2025-09-24,TCS,TCS,3050,-0.006535970979785533,-0.006514657980456026,-0.45234331788867593
2025-09-25,TCS,TCS,3022,-0.009222726768772447,-0.009180327868852459,-0.6308435280145386
2025-09-26,TCS,TCS,2941,-0.027169204278689824,-0.026803441429516878,-1.8231550956197338
2025-09-29,TCS,TCS,2916,-0.008536845425446239,-0.008500510030601836,-0.5852755741249513
2025-09-30,TCS,TCS,2911,-0.001716149382925488,-0.0017146776406035665,-0.13212844337896315
2025-10-01,TCS,TCS,2891,-0.006894201729277117,-0.006870491240123669,-0.476143122962104
2025-10-03,TCS,TCS,2924,0.011350078853323085,0.011414735385679695,0.7359536112994384
2025-10-06,TCS,TCS,2902,-0.0075523874255359735,-0.007523939808481532,-0.5198710589232444
2025-10-07,TCS,TCS,2995,0.031544077105416464,0.032046864231564436,2.0775838949506213
2025-10-08,TCS,TCS,2975,-0.006700192569819562,-0.00667779632721202,-0.46325372085437705
2025-10-09,TCS,TCS,3034,0.01963784192874753,0.019831932773109243,1.2865683923303741
2025-10-10,TCS,TCS,3050,0.00525970969297982,0.005273566249176005,0.3313272662771139
2025-10-13,TCS,TCS,3027,-0.007569560579738699,-0.0075409836065573775,-0.5210119931481842
2025-10-14,TCS,TCS,3021,-0.001984127635046704,-0.0019821605550049554,-0.14993213603643207
2025-10-15,TCS,TCS,2971,-0.01668930592406439,-0.0165508109897385,-1.1269012469944788
2025-10-16,TCS,TCS,2969.89990234375,-3.703471483805886e-4,-3.702785783406261e-4,-0.04271727224133578
2025-10-17,TCS,TCS,2970,3.3703482518223476e-5,3.370405048702353e-5,-0.015873328027068152
2025-10-20,TCS,TCS,2985.5,0.0052052841903018265,0.005218855218855219,0.32771139478479244
2025-10-21,TCS,TCS,3031.10009765625,0.015158385156352407,0.015273856190336627,0.9889663629982837
2025-10-23,TCS,TCS,3055,0.007853970462296248,0.007884893792267112,0.5036823773528679
2025-10-24,TCS,TCS,3080,0.008150004361924408,0.008183306055646482,0.5233500053169003
2025-10-27,TCS,TCS,3066.5,-0.004392750901581728,-0.004383116883116883,-0.30995403343137895
2025-10-28,TCS,TCS,3076,0.003093205559496116,0.0030979944562204466,0.1873910571692475
2025-10-29,TCS,TCS,3057.89990234375,-0.005901677718782168,-0.005884297027389467,-0.41020272556740234
2025-10-30,TCS,TCS,3049.10009765625,-0.002881876789865495,-0.0028777281691775864,-0.20957596873322293
2025-10-31,TCS,TCS,3035,-0.004635072623288304,-0.0046243472515344166,-0.32605318111721854
2025-11-03,TCS,TCS,3046.89990234375,0.003913223736137065,0.0039208903933278414,0.2418706706262743
2025-11-04,TCS,TCS,3019.60009765625,-0.009000243623476284,-0.008959862667789094,-0.6160623974229106
2025-11-06,TCS,TCS,2990.10009765625,-0.009817540304878901,-0.009769505578866976,-0.6703612026822255
2025-11-07,TCS,TCS,3001,0.003638702138986626,0.0036453302524198914,0.2236322572296039
2025-11-10,TCS,TCS,2993,-0.002669337587668229,-0.0026657780739753416,-0.19545548468785295
2025-11-11,TCS,TCS,3045,0.017224672291298357,0.017373872368860673,1.1262444473258857
2025-11-12,TCS,TCS,3060,0.004914014802429163,0.0049261083743842365,0.30836030707089707
2025-11-13,TCS,TCS,3131.80004882812,0.02319301875598808,0.02346406824448366,1.5227639607174521
2025-11-14,TCS,TCS,3090,-0.01343684381062349,-0.013346972404499785,-0.9108171603590798
2025-11-17,TCS,TCS,3106,0.005164633816841171,0.005177993527508091,0.3250107026585617
2025-11-18,TCS,TCS,3102,-0.0012886599721482696,-0.00128783000643915,-0.10372729506354908
2025-11-19,TCS,TCS,3097,-0.0016131637632813551,-0.0016118633139909735,-0.12528637949590682
2025-11-20,TCS,TCS,3148,0.016333429564091086,0.01646754924120116,1.0670328826828517
2025-11-21,TCS,TCS,3144.80004882812,-0.0010170199030216753,-0.0010165029135578152,-0.08568032197561389
2025-11-24,TCS,TCS,3158,0.004188605181315222,0.00419738964860384,0.2601662098154165
2025-11-25,TCS,TCS,3145.30004882812,-0.004029625199028677,-0.004021517153856872,-0.2858290219682933
2025-11-26,TCS,TCS,3118.80004882812,-0.0084609625250539975,-0.008425269318859866,-0.5802341357774481
2025-11-27,TCS,TCS,3180,0.019432868682717767,0.019622915933605843,1.2729505683225253
2025-11-28,TCS,TCS,3140,-0.012658396871923465,-0.012578616352201259,-0.8590994185757137
2025-12-01,TCS,TCS,3137.89990234375,-6.690446701143192e-4,-6.68820909633758e-4,-0.0625618634811111
2025-12-02,TCS,TCS,3131,-0.0022013129057790247,-0.0021988917933922453,-0.16436129131019053
2025-12-03,TCS,TCS,3140,0.0028703575758932923,0.0028744809964867456,0.17258568778573985
2025-12-04,TCS,TCS,3194,0.017051249872658797,0.017197452229299363,1.1147227681712017
2025-12-05,TCS,TCS,3230,0.011208087441744554,0.011271133375078271,0.7265201164850874
2025-12-08,TCS,TCS,3243,0.004016690090615835,0.004024767801857585,0.24874467312814716
2025-12-09,TCS,TCS,3230,-0.00401669009061576,-0.004008633980881899,-0.2849696511318478
2025-12-10,TCS,TCS,3225,-0.0015491869868293781,-0.0015479876160990713,-0.12103594926080188
2025-12-11,TCS,TCS,3205,-0.006220859875102506,-0.006201550387596899,-0.4314082561203259
2025-12-12,TCS,TCS,3197.69995117188,-0.002280304261332384,-0.0022777063426271445,-0.16960924634287255
2025-12-15,TCS,TCS,3211.10009765625,0.004181801869352773,0.004190557803729887,0.2597142176321943
2025-12-16,TCS,TCS,3220,0.0027677715756630437,0.00277160539163695,0.1657701734497771
2025-12-17,TCS,TCS,3200.5,-0.006074311956395944,-0.006055900621118012,-0.42167204027597754
2025-12-18,TCS,TCS,3228,0.008555702807781418,0.008592407436338071,0.5503034255458816
2025-12-19,TCS,TCS,3299,0.021756641838742014,0.021995043370508054,1.4273352721111685
2025-12-22,TCS,TCS,3310,0.0033287971425270528,0.0033343437405274324,0.20304307409139719
2025-12-23,TCS,TCS,3319.89990234375,0.002986443188447584,0.002990907052492447,0.18029807694982677
2025-12-24,TCS,TCS,3304.10009765625,-0.004770481476796929,-0.004759120802511488,-0.33504934999243496
2025-12-26,TCS,TCS,3313.10009765625,0.0027201853605490134,0.002723888421656509,0.16260868425460476
2025-12-29,TCS,TCS,3280,-0.01004091406511879,-0.009990672385559868,-0.685201503130395
2025-12-30,TCS,TCS,3250,-0.009188426054406255,-0.009146341463414634,-0.6285646886995068
