date,ticker,company,adj_close,log_ret,simple_ret,z_ret
2020-01-02,RELIANCE,RELIANCE,691.235534667969,-0.0039603764366367145,0.003968229090462772,-0.25569256746802266
2020-01-03,RELIANCE,RELIANCE,700.835998535156,0.013793279797370772,-0.01369858838195147,0.7530364040727499
2020-01-06,RELIANCE,RELIANCE,694.892883300781,-0.008516197136395398,0.008552563103171904,-0.5145456323476674
2020-01-07,RELIANCE,RELIANCE,694.435668945312,-6.581803436427336e-4,6.583969918529397e-4,-0.06806806777021909
2020-01-08,RELIANCE,RELIANCE,692.607055664062,-0.0026367094657118173,0.0026401886413021753,-0.18048432840765397
2020-01-09,RELIANCE,RELIANCE,703.396179199219,0.015457468991908918,-0.015338615497513513,0.8475924680478973
2020-01-10,RELIANCE,RELIANCE,709.476440429688,0.008607002049122237,-0.00857006784719521,0.45836196911920746
2020-01-13,RELIANCE,RELIANCE,706.344909667969,-0.00442363136863122,0.004433430069158442,-0.28201383137851166
2020-01-14,RELIANCE,RELIANCE,704.036193847656,-0.003273892250395427,0.0032792572888838294,-0.2166878420166113
2020-01-15,RELIANCE,RELIANCE,702.138977050781,-0.002698409113373934,0.0027020530961604583,-0.18398998500647956
2020-01-16,RELIANCE,RELIANCE,699.007385253906,-0.00447004980432375,0.0044800553798691085,-0.28465123858525165
2020-01-17,RELIANCE,RELIANCE,710.207946777344,0.015896502304334703,-0.015770819763791553,0.8725375056152526
2020-01-20,RELIANCE,RELIANCE,735.580688476562,0.03510242969626276,-0.034493485346613374,1.96378176145683
2020-01-21,RELIANCE,RELIANCE,698.824523925781,-0.05126056764930009,0.05259713031290918,-2.943199445304089
2020-01-22,RELIANCE,RELIANCE,705.864868164062,0.010024142320699703,-0.00997406806290387,0.5388811832932292
2020-01-23,RELIANCE,RELIANCE,702.436096191406,-0.00486938351158539,0.004881258225832575,-0.3073406201142189
2020-01-24,RELIANCE,RELIANCE,698.093017578125,-0.006202073905082983,0.0062213465883792195,-0.38306155287847654
2020-01-27,RELIANCE,RELIANCE,692.561340332031,-0.007955544654075553,0.007987274085270129,-0.48269042492285735
2020-01-28,RELIANCE,RELIANCE,689.68115234375,-0.004167419496919678,0.004176115264993472,-0.26745636026156283
2020-01-29,RELIANCE,RELIANCE,673.886047363281,-0.023168365314006678,0.0234388366434809,-1.347053952990476
2020-01-30,RELIANCE,RELIANCE,676.149047851562,0.003352509302684936,-0.003346895918099154,0.15981168774508547
2020-01-31,RELIANCE,RELIANCE,664.2626953125,-0.017735840019295068,0.017894053998426262,-1.0383882009237626
2020-02-03,RELIANCE,RELIANCE,626.272216796875,-0.058892569014972196,0.06066128673235847,-3.376835243300728
2020-02-04,RELIANCE,RELIANCE,640.032897949219,0.021734450385308968,-0.021499959137156365,1.2042386090954988
2020-02-05,RELIANCE,RELIANCE,655.987976074219,0.02462288154267256,-0.024322211240034728,1.3683537723233228
2020-02-06,RELIANCE,RELIANCE,664.765625,0.013292075303032114,-0.013204125778587036,0.7245589182274487
2020-02-07,RELIANCE,RELIANCE,663.348388671875,-0.002134209640854756,0.0021364886872831997,-0.15193324434662245
2020-02-10,RELIANCE,RELIANCE,652.833557128906,-0.015978118038817435,0.01610645076091387,-0.9385177819942192
2020-02-11,RELIANCE,RELIANCE,661.702575683594,0.013493966290823778,-0.013403330862851061,0.7360299800636763
2020-02-12,RELIANCE,RELIANCE,665.702819824219,0.006027180940900934,-0.006009053922411321,0.31178144176447053
2020-02-13,RELIANCE,RELIANCE,675.577575683594,0.014724638200998008,-0.014616760849977992,0.8059544166918441
2020-02-14,RELIANCE,RELIANCE,675.348999023438,-3.383998310741987e-4,3.3845709475626226e-4,-0.04989874741674138
2020-02-17,RELIANCE,RELIANCE,680.720703125,0.007922501608486066,-0.007891201306059947,0.41946995631907547
2020-02-18,RELIANCE,RELIANCE,674.731811523438,-0.008836798794511047,0.008875958564989062,-0.5327616086289161
2020-02-19,RELIANCE,RELIANCE,676.309020996094,0.0023348075812110736,-0.0023320840380526755,0.10198781207091112
2020-02-20,RELIANCE,RELIANCE,684.378051757812,0.011860368943271915,-0.011790312008096862,0.6432120866343757
2020-02-24,RELIANCE,RELIANCE,671.920227050781,-0.01837084845369219,0.01854063057710199,-1.0744681720861256
2020-02-25,RELIANCE,RELIANCE,663.53125,-0.012563672348661292,0.012642926841472836,-0.7445154737364127
2020-02-26,RELIANCE,RELIANCE,644.604553222656,-0.028938918385192913,0.02936171747891209,-1.6749258002311307
2020-02-27,RELIANCE,RELIANCE,634.546875,-0.015725871502650257,0.01585017375218501,-0.9241856136989224
2020-02-28,RELIANCE,RELIANCE,619.414672851562,-0.024136205421421586,0.02442984128673405,-1.4020447866137589
2020-03-02,RELIANCE,RELIANCE,619.506103515625,1.475972733251396e-4,-1.47586381383648e-4,-0.0222853165363068
2020-03-03,RELIANCE,RELIANCE,607.894104003906,-0.018921857595705305,0.019102010424572838,-1.1057754632607883
2020-03-04,RELIANCE,RELIANCE,618.088928222656,0.01663164815553131,-0.016494105869305407,0.9143070942924416
2020-03-05,RELIANCE,RELIANCE,618.180358886719,1.4791383266299363e-4,-1.4790289395090494e-4,-0.02226733023701314
2020-03-06,RELIANCE,RELIANCE,580.601257324219,-0.06271604059028846,0.06472445777277244,-3.5940776241966885
2020-03-09,RELIANCE,RELIANCE,566.909118652344,-0.023865210831286454,0.02415226395444819,-1.386647389559451
2020-03-11,RELIANCE,RELIANCE,506.540313720703,-0.11259509305979698,0.11917867797769638,-6.4281104924583365
2020-03-12,RELIANCE,RELIANCE,496.025512695312,-0.02097655096943818,0.02119810525119064,-1.2225192317780036
2020-03-13,RELIANCE,RELIANCE,456.252014160156,-0.08358204280324699,0.0871744064700051,-4.779644173138124
2020-03-16,RELIANCE,RELIANCE,484.847778320312,0.06078966305546096,-0.05897884952514794,3.4232814919133308
2020-03-17,RELIANCE,RELIANCE,478.767456054688,-0.012619980976847245,0.012699948980929568,-0.7477148228648507
2020-03-18,RELIANCE,RELIANCE,468.732666015625,-0.021182404128965437,0.021408343746045867,-1.2342154166742616
2020-03-19,RELIANCE,RELIANCE,420.638763427734,-0.10825817619703404,0.11433540312827965,-6.181695127140405
2020-03-20,RELIANCE,RELIANCE,429.507781982422,0.020865438724792185,-0.020649261612333217,1.1548630198076106
2020-03-23,RELIANCE,RELIANCE,418.855804443359,-0.025113141410278317,0.025431132685910903,-1.457552430915936
2020-03-24,RELIANCE,RELIANCE,425.164703369141,0.01494991263868517,-0.014838717503565827,0.8187540816649664
2020-03-25,RELIANCE,RELIANCE,440.616943359375,0.03569925763452808,-0.03506955468489748,1.997692389465912
2020-03-26,RELIANCE,RELIANCE,500.962890625,0.12835613890781872,-0.12045991508540194,7.262280107118552
2020-03-27,RELIANCE,RELIANCE,500.59716796875,-7.303060248196047e-4,7.305727631939587e-4,-0.07216611175827486
2020-03-30,RELIANCE,RELIANCE,475.727325439453,-0.05095687733070875,0.052277515289506395,-2.9259443391613313
2020-03-31,RELIANCE,RELIANCE,490.973815917969,0.031545953926028325,-0.03105357146187063,1.7617095742559272
2020-04-01,RELIANCE,RELIANCE,513.054931640625,0.04399212035647082,-0.04303850204118686,2.468877072461589
2020-04-03,RELIANCE,RELIANCE,518.632385253906,0.010812399957329966,-0.0107541560686583,0.5836684825754677
2020-04-07,RELIANCE,RELIANCE,503.843048095703,-0.02893051155312154,0.029353063844187118,-1.6744481400265063
2020-04-08,RELIANCE,RELIANCE,539.456298828125,0.06829697125442813,-0.0660169337345501,3.8498324614020074
2020-04-09,RELIANCE,RELIANCE,554.999938964844,0.028406225454848055,-0.028006561884871804,1.5833161757409555
2020-04-13,RELIANCE,RELIANCE,550.405456542969,-0.008312803425985393,0.008347450715209832,-0.5029891886711454
2020-04-15,RELIANCE,RELIANCE,547.2509765625,-0.005747679455174293,0.005764229056809574,-0.3572437247033216
2020-04-16,RELIANCE,RELIANCE,525.672729492188,-0.04022868907034205,0.04104882345933587,-2.3163890921893957
2020-04-17,RELIANCE,RELIANCE,555.914306640625,0.055935325803393,-0.054399710148109105,3.1474672844482567
2020-04-20,RELIANCE,RELIANCE,560.485961914062,0.00819003892508352,-0.008156591929305103,0.43467091766830845
2020-04-21,RELIANCE,RELIANCE,553.171264648438,-0.013136541983516992,0.013223205421331615,-0.77706483652561
2020-04-22,RELIANCE,RELIANCE,603.459594726562,0.08701143215803508,-0.08333338390436994,4.913152526373981
2020-04-23,RELIANCE,RELIANCE,625.1064453125,0.03524286101020646,-0.034629063175178706,1.971760801549743
2020-04-24,RELIANCE,RELIANCE,617.2431640625,-0.01265889439877732,0.012739357368085473,-0.7499258094675686
2020-04-27,RELIANCE,RELIANCE,655.576538085938,0.06025200595900948,-0.05847276678838822,3.39273283856574
2020-04-28,RELIANCE,RELIANCE,662.891235351562,0.011095868189711311,-0.011034536098134963,0.5997746082515245
2020-04-29,RELIANCE,RELIANCE,660.559692382812,-0.0035234330672686553,0.003529647654308898,-0.2308662764891793
2020-04-30,RELIANCE,RELIANCE,664.697021484375,0.006243835627582683,-0.006224383392487055,0.324091348884219
2020-05-04,RELIANCE,RELIANCE,658.319580078125,-0.009640832616808481,0.009687455149812143,-0.5784452807672518
2020-05-05,RELIANCE,RELIANCE,664.582763671875,0.009468923265508522,-0.009424234175357468,0.5073346928609995
2020-05-06,RELIANCE,RELIANCE,669.291564941406,0.007060366526545181,-0.007035500693846725,0.37048508114335155
2020-05-07,RELIANCE,RELIANCE,665.177062988281,-0.006166521872707165,0.006185574010385696,-0.3810415540353054
2020-05-08,RELIANCE,RELIANCE,706.322021484375,0.060017989236656355,-0.058252407888438135,3.3794364536098356
2020-05-11,RELIANCE,RELIANCE,722.322814941406,0.0224008964908764,-0.022151859426354944,1.2421048089247817
2020-05-12,RELIANCE,RELIANCE,715.373901367188,-0.00966680609104209,0.009713680581494015,-0.5799210441596455
2020-05-13,RELIANCE,RELIANCE,704.710266113281,-0.01501859669531136,0.01513194253962063,-0.8839996047101097
2020-05-14,RELIANCE,RELIANCE,677.943237304688,-0.03872318464278024,0.03948269904573613,-2.230849194781895
2020-05-15,RELIANCE,RELIANCE,666.40576171875,-0.017164826794272336,0.01731298894562564,-1.0059443158096222
2020-05-18,RELIANCE,RELIANCE,678.40478515625,0.017845401192190913,-0.017687114979202848,0.9832702327151054
2020-05-19,RELIANCE,RELIANCE,672.4052734375,-0.00888289383132701,0.008922463811265238,-0.5353806409267554
2020-05-20,RELIANCE,RELIANCE,650.714782714844,-0.03278981979727824,0.03333333020676314,-1.8937266922680227
2020-05-21,RELIANCE,RELIANCE,662.252258300781,0.017575113773687256,-0.017421572280538707,0.96791301580754
2020-05-22,RELIANCE,RELIANCE,670.005493164062,0.011639372914664214,-0.011571897458133994,0.6306555127256773
2020-05-26,RELIANCE,RELIANCE,668.320983886719,-0.0025173381768777148,0.0025205093330252126,-0.17370187887552943
2020-05-27,RELIANCE,RELIANCE,660.40625,-0.011913396964430056,0.011984644128850957,-0.7075680635293273
2020-05-28,RELIANCE,RELIANCE,671.482238769531,0.016632389568452588,-0.01649483505301258,0.9143492199640938
2020-05-29,RELIANCE,RELIANCE,677.481750488281,0.008895050311520158,-0.008855606390025968,0.4747283233874504
2020-06-01,RELIANCE,RELIANCE,683.019775390625,0.008141197029043035,-0.008108147233623993,0.43189581405518773
2020-06-02,RELIANCE,RELIANCE,704.248779296875,0.030607860545767807,-0.03014418275235795,1.708408893077559
2020-06-03,RELIANCE,RELIANCE,713.017272949219,0.012373972438878056,-0.012297729641352558,0.6723940601430644
2020-06-04,RELIANCE,RELIANCE,712.555725097656,-6.475261081995143e-4,6.477357984874789e-4,-0.06746271438166675
2020-06-05,RELIANCE,RELIANCE,736.092224121094,0.03249729564338999,-0.03197493228724283,1.8157630007439216
2020-06-08,RELIANCE,RELIANCE,746.891357421875,0.014564320639398609,-0.014458773948138253,0.7968454778400508
2020-06-09,RELIANCE,RELIANCE,720.078186035156,-0.03655993820073444,0.037236472242487696,-2.1079376474413594
2020-06-10,RELIANCE,RELIANCE,712.140380859375,-0.011084741723922598,0.011146405103726994,-0.66048544924969
2020-06-11,RELIANCE,RELIANCE,722.708740234375,0.01473123597221182,-0.014623262161701093,0.8063292895002089
2020-06-12,RELIANCE,RELIANCE,692.249755859375,-0.04305948270418103,0.04399999294645833,-2.4772294009837306
2020-06-15,RELIANCE,RELIANCE,722.247253417969,0.0424207271515904,-0.04153355712553224,2.379593500077841
2020-06-16,RELIANCE,RELIANCE,758.244262695312,0.0486380435064282,-0.04747415977720081,2.7328495871448504
2020-06-17,RELIANCE,RELIANCE,742.207092285156,-0.021377275691114583,0.021607406580796375,-1.2452876480996102
2020-06-18,RELIANCE,RELIANCE,741.630249023438,-7.775020545954803e-4,7.778043876684401e-4,-0.07484770038149081
2020-06-19,RELIANCE,RELIANCE,770.704711914062,0.03845450428980168,-0.03772451684954284,2.1542402626635635
2020-06-22,RELIANCE,RELIANCE,818.423828125,0.06007502313716451,-0.05830611789524986,3.3826770113317983
2020-06-23,RELIANCE,RELIANCE,807.624694824219,-0.013282865703237334,0.0133714748570578,-0.785378671904581
2020-06-24,RELIANCE,RELIANCE,801.117553710938,-0.008089769019421489,0.00812257961785837,-0.49031679800496314
2020-06-25,RELIANCE,RELIANCE,797.010192871094,-0.00514022723443297,0.005153460867354666,-0.32272944517623736
2020-06-26,RELIANCE,RELIANCE,797.840942382812,0.0010417895043497438,-0.0010412470300621222,0.02852098486282333
2020-06-29,RELIANCE,RELIANCE,797.494812011719,-4.339279372018723e-4,4.340220975481174e-4,-0.05532647266820281
2020-06-30,RELIANCE,RELIANCE,801.625244140625,0.00516589270274892,-0.005152572425951998,0.26284468264177224
2020-07-01,RELIANCE,RELIANCE,793.779724121094,-0.009835224808761645,0.009883749585841223,-0.5894902752900723
2020-07-02,RELIANCE,RELIANCE,804.394226074219,0.01328348272674873,-0.013195646623333212,0.7240707043901161
2020-07-03,RELIANCE,RELIANCE,821.377380371094,0.02089318330178891,-0.02067643290737091,1.1564394138895018
2020-07-06,RELIANCE,RELIANCE,833.007202148438,0.014059624920100156,-0.013961249971607807,0.7681696272344853
2020-07-07,RELIANCE,RELIANCE,858.389709472656,0.03001591504583878,-0.029569911013741745,1.674775675926078
2020-07-08,RELIANCE,RELIANCE,841.798767089844,-0.01951721148817942,0.019708917417600967,-1.1396023387923482
2020-07-09,RELIANCE,RELIANCE,834.853210449219,-0.00828507819591362,0.00831949443769609,-0.5014138938447319
2020-07-10,RELIANCE,RELIANCE,843.852478027344,0.010721776723688237,-0.010664503349166429,0.5785194428473095
2020-07-13,RELIANCE,RELIANCE,878.395690917969,0.04011947488838885,-0.039325344201683814,2.2488407245301687
2020-07-14,RELIANCE,RELIANCE,892.540710449219,0.015974961422385192,-0.01584803848793716,0.8769954034373532
2020-07-15,RELIANCE,RELIANCE,894.363586425781,0.0020402621585118297,-0.0020381822384417,0.0852523015149148
2020-07-16,RELIANCE,RELIANCE,852.390197753906,-0.048067988147196594,0.04924198891831128,-2.761803151759195
2020-07-17,RELIANCE,RELIANCE,851.467224121094,-0.001083393142219613,0.0010839802245644417,-0.0922278500337497
2020-07-20,RELIANCE,RELIANCE,885.064392089844,0.03869939435333425,-0.03796013970172185,2.1681544501791614
2020-07-21,RELIANCE,RELIANCE,894.848205566406,0.010993699386944833,-0.010933489518894716,0.5939695712507135
2020-07-22,RELIANCE,RELIANCE,915.154174804688,0.02243844696420183,-0.02218857739748128,1.2442383553807566
2020-07-23,RELIANCE,RELIANCE,924.822570800781,0.010509355627210226,-0.010454325295847227,0.5664500802687096
2020-07-24,RELIANCE,RELIANCE,949.766662597656,0.026614432344209682,-0.02626338950311411,1.4815099000147476
2020-07-27,RELIANCE,RELIANCE,1005.51586914062,0.05703965531871891,-0.05544338806965912,3.210213186562946
2020-07-28,RELIANCE,RELIANCE,995.0859375,-0.010426888650219901,0.010481438082447022,-0.6231074891430871
2020-07-29,RELIANCE,RELIANCE,1005.10052490234,0.010013737493769881,-0.009963766960835146,0.5382900008218475
2020-07-30,RELIANCE,RELIANCE,968.688171386719,-0.03690008472337958,0.03758934463243746,-2.1272641257418443
2020-07-31,RELIANCE,RELIANCE,975.841430664062,0.007357349085639342,-0.007330350047215418,0.38735906515273216
2020-08-03,RELIANCE,RELIANCE,946.674621582031,-0.03034465910029205,0.030809750696906866,-1.7547973132932742
2020-08-04,RELIANCE,RELIANCE,932.506591796875,-0.015079225087388792,0.015193490222793192,-0.8874443946046888
2020-08-05,RELIANCE,RELIANCE,1000.9931640625,0.07087172973945233,-0.06841862134969469,3.996125340138104
2020-08-06,RELIANCE,RELIANCE,995.455139160156,-0.005547891320817122,0.005563309369236156,-0.34589214299868815
2020-08-07,RELIANCE,RELIANCE,982.90234375,-0.012690288767569058,0.012771152180046902,-0.7517095777756851
2020-08-10,RELIANCE,RELIANCE,996.42431640625,0.013663417256713828,-0.013570496457793173,0.7456578615712761
2020-08-11,RELIANCE,RELIANCE,985.209838867188,-0.01131853448541964,0.011382831450360517,-0.6737691091758082
2020-08-12,RELIANCE,RELIANCE,978.841125488281,-0.006485305948150888,0.006506381079697678,-0.39915425872711263
2020-08-13,RELIANCE,RELIANCE,982.071655273438,0.0032949274843332432,-0.003289505167784785,0.15653999837364824
2020-08-14,RELIANCE,RELIANCE,979.556457519531,-0.0025643995575537204,0.0025676904425458117,-0.17637581699300114
2020-08-17,RELIANCE,RELIANCE,971.457153320312,-0.00830271063338106,0.008337273724874666,-0.5024157353965741
2020-08-18,RELIANCE,RELIANCE,962.227172851562,-0.00954659500879007,0.009592309102430495,-0.5730908791631896
2020-08-19,RELIANCE,RELIANCE,988.071166992188,0.026504157319468646,-0.026156004753481732,1.4752442829031585
2020-08-20,RELIANCE,RELIANCE,978.379638671875,-0.009856953208249308,0.00990569298178461,-0.5907248416114674
2020-08-21,RELIANCE,RELIANCE,977.456665039062,-9.438148781431011e-4,9.442604115611305e-4,-0.08429727861141016
2020-08-24,RELIANCE,RELIANCE,965.180786132812,-0.012638531500691386,0.012718735269726762,-0.7487688283379588
2020-08-25,RELIANCE,RELIANCE,971.918640136719,0.006956670458793113,-0.006932528841055177,0.3645932678516115
2020-08-26,RELIANCE,RELIANCE,962.227172851562,-0.010021528191177964,0.010071911871326862,-0.6000756790436437
2020-08-27,RELIANCE,RELIANCE,991.301635742188,0.0297682939326549,-0.029329582280834075,1.6607063153650292
2020-08-28,RELIANCE,RELIANCE,978.379638671875,-0.013121089821435561,0.01320754905309991,-0.7761868740733358
2020-08-31,RELIANCE,RELIANCE,1003.30065917969,0.025152729628807435,-0.024839035317878403,1.398458732561101
2020-09-01,RELIANCE,RELIANCE,969.149658203125,-0.034631456947639805,0.035238108673415286,-1.998365011504937
2020-09-02,RELIANCE,RELIANCE,965.457641601562,-0.003816817070907419,0.003824110393324356,-0.2475357974236944
2020-09-03,RELIANCE,RELIANCE,982.071655273438,0.017062045478245302,-0.016917313092851737,0.9387614513540358
2020-09-04,RELIANCE,RELIANCE,961.557983398438,-0.021109406045467516,0.02133378561581742,-1.2300678044460904
2020-09-07,RELIANCE,RELIANCE,961.765686035156,2.1598303065317737e-4,-2.1595970799739636e-4,-0.018399767906317772
2020-09-08,RELIANCE,RELIANCE,965.457641601562,0.003831377536569036,-0.0038240471744379937,0.187020069765236
2020-09-09,RELIANCE,RELIANCE,962.227172851562,-0.0033516597214795496,0.0033572828133989394,-0.22110644177386915
2020-09-10,RELIANCE,RELIANCE,1007.50030517578,0.045977027521916014,-0.04493609787673373,2.581655721389583
2020-09-11,RELIANCE,RELIANCE,1066.98767089844,0.05736709958840347,-0.055752627087592876,3.2288179470157727
2020-09-14,RELIANCE,RELIANCE,1072.98718261719,0.005607100875410609,-0.005591410424974711,0.2879132916301623
2020-09-15,RELIANCE,RELIANCE,1066.96459960938,-0.0056287239354757546,0.005644594965957531,-0.350484898382578
2020-09-16,RELIANCE,RELIANCE,1070.67956542969,0.0034757604853803414,-0.0034697270222198476,0.16681458546503958
2020-09-17,RELIANCE,RELIANCE,1070.67956542969,0,0,-0.03067151280828565
2020-09-18,RELIANCE,RELIANCE,1068.02600097656,-0.0024814690310464016,0.0024845504235886484,-0.17166386224912653
2020-09-21,RELIANCE,RELIANCE,1061.44958496094,-0.006176578840938696,0.006195693237622776,-0.381612971837205
2020-09-22,RELIANCE,RELIANCE,1050.83508300781,-0.010050341661758999,0.010101015967936725,-0.6017128056254623
2020-09-23,RELIANCE,RELIANCE,1042.98962402344,-0.007493937457274669,0.007522087280317642,-0.45646278219129255
2020-09-24,RELIANCE,RELIANCE,1018.94549560547,-0.023322963075552927,0.023597070227669718,-1.3558379036850254
2020-09-25,RELIANCE,RELIANCE,1010.22314453125,-0.008597023059761177,0.008634083589786717,-0.5191380075449306
2020-09-28,RELIANCE,RELIANCE,1027.76013183594,0.0172105633861932,-0.017063307635180196,0.9471999563337784
2020-09-29,RELIANCE,RELIANCE,1026.83715820312,-8.984473009681082e-4,8.98851025643765e-4,-0.08171957918646919
2020-09-30,RELIANCE,RELIANCE,1042.98962402344,0.015607870050089012,-0.015486698475494129,0.8561379700412243
2020-10-01,RELIANCE,RELIANCE,1044.74328613281,0.0016799682692019147,-0.0016785579124047785,0.06478108817017196
2020-10-05,RELIANCE,RELIANCE,1035.60559082031,-0.008784828524770028,0.008823528371705653,-0.5298087567738102
2020-10-06,RELIANCE,RELIANCE,1026.95251464844,-0.008390674586133962,0.008425974958376953,-0.5074136798437675
2020-10-07,RELIANCE,RELIANCE,1031.4521484375,0.004371969260429154,-0.004362426115332921,0.21773546305917252
2020-10-08,RELIANCE,RELIANCE,1042.52807617188,0.010680943723830438,-0.010624104988184445,0.5761993894786349
2020-10-09,RELIANCE,RELIANCE,1031.4521484375,-0.010680943723830438,0.010738188631589379,-0.6375424150952065
2020-10-12,RELIANCE,RELIANCE,1031.4521484375,0,0,-0.03067151280828565
2020-10-13,RELIANCE,RELIANCE,1029.42150878906,-0.0019706596748276795,0.001972602700742774,-0.14264064642472774
2020-10-14,RELIANCE,RELIANCE,1051.71203613281,0.021422344423616124,-0.021194515778019635,1.1865053421222127
2020-10-15,RELIANCE,RELIANCE,1056.83459472656,0.004858862115531437,-0.004847076940242843,0.245399788790438
2020-10-16,RELIANCE,RELIANCE,1022.22216796875,-0.03329935540367668,0.03385998449494408,-1.922677536050939
2020-10-19,RELIANCE,RELIANCE,1010.70770263672,-0.011328072484239726,0.011392478064618707,-0.6743110401231072
2020-10-20,RELIANCE,RELIANCE,1005.60815429688,-0.0050582940123495845,0.0050711087793491455,-0.31807415537236694
2020-10-21,RELIANCE,RELIANCE,1000.53167724609,-0.005060951192314533,0.005073779437711294,-0.31822513128280794
2020-10-22,RELIANCE,RELIANCE,981.794738769531,-0.018904552088264026,0.01908437449974697,-1.1047921972510195
2020-10-23,RELIANCE,RELIANCE,971.918640136719,-0.010110165455640363,0.010161445850470347,-0.605111879781275
2020-10-26,RELIANCE,RELIANCE,970.049560546875,-0.001924933854552613,0.0019267877290622814,-0.14004259230835933
2020-10-27,RELIANCE,RELIANCE,939.106018066406,-0.032418785415523566,0.03294999913234599,-1.8726452245759817
2020-10-28,RELIANCE,RELIANCE,942.290344238281,0.003385070021779235,-0.003379347131535252,0.1616617258584522
2020-10-29,RELIANCE,RELIANCE,921.615173339844,-0.022185694212227602,0.022433626850469738,-1.2912204504828757
2020-10-30,RELIANCE,RELIANCE,938.459899902344,0.018112373319058683,-0.01794933013573927,0.9984390810590692
2020-11-02,RELIANCE,RELIANCE,935.460144042969,-0.003201586355189079,0.003206716906623454,-0.2125795586102594
2020-11-03,RELIANCE,RELIANCE,872.234680175781,-0.06998002455508523,0.07248675764009539,-4.006803373615145
2020-11-04,RELIANCE,RELIANCE,847.775207519531,-0.028443001164026427,0.02885136583294871,-1.64674872718863
2020-11-05,RELIANCE,RELIANCE,902.209106445312,0.062230803344394126,-0.06033401629057993,3.5051643414143414
2020-11-06,RELIANCE,RELIANCE,918.384704589844,0.01777005249392083,-0.01761309619344766,0.978989063027488
2020-11-09,RELIANCE,RELIANCE,951.658813476562,0.03559021033271126,-0.03496432588604147,1.9914965292351752
2020-11-10,RELIANCE,RELIANCE,958.53515625,0.0071996588675053985,-0.007173803410966915,0.3783994069581624
2020-11-11,RELIANCE,RELIANCE,964.073181152344,0.005760965570848597,-0.005744403029368008,0.2966555909030276
2020-11-12,RELIANCE,RELIANCE,914.231201171875,-0.05308371099104381,0.05451791616451155,-3.0467869815190487
2020-11-13,RELIANCE,RELIANCE,914.692687988281,5.046539431576846e-4,-5.045266267744945e-4,-0.00199803584355474
2020-11-14,RELIANCE,RELIANCE,929.876037597656,0.016463135617485136,-0.01632835883006657,0.9047325324695148
2020-11-17,RELIANCE,RELIANCE,962.227172851562,0.03419928484560941,-0.033621099223412464,1.9124667892424232
2020-11-18,RELIANCE,RELIANCE,919.884521484375,-0.045002427163779224,0.046030398792731804,-2.5876238087980044
2020-11-19,RELIANCE,RELIANCE,917.092468261719,-0.0030398370673818675,0.003044462057297399,-0.20338927179910352
2020-11-20,RELIANCE,RELIANCE,911.462158203125,-0.006158227674078809,0.006177228541987618,-0.3805702934486608
2020-11-23,RELIANCE,RELIANCE,900.386169433594,-0.012226328852163348,0.012301375949053723,-0.7253482580489662
2020-11-24,RELIANCE,RELIANCE,906.385681152344,0.0066411636505412375,-0.006619159860427683,0.34666677124682527
2020-11-25,RELIANCE,RELIANCE,913.769653320312,0.00811360715835363,-0.008080780688149748,0.4303282100913002
2020-11-26,RELIANCE,RELIANCE,901.332275390625,-0.01370454451331593,0.013798882242729916,-0.8093376596649386
2020-11-27,RELIANCE,RELIANCE,895.540405273438,-0.006446633908162802,0.006467458177298652,-0.3969569869870909
2020-12-01,RELIANCE,RELIANCE,895.47119140625,-7.729025021507852e-5,7.729323718305346e-5,-0.03506299778363858
2020-12-02,RELIANCE,RELIANCE,903.847412109375,0.009310503648135793,-0.00926729511077185,0.49833359158935314
2020-12-03,RELIANCE,RELIANCE,910.077697753906,0.006869423782387862,-0.006845883225033994,0.35963607768182926
2020-12-04,RELIANCE,RELIANCE,908.693176269531,-0.0015224806726203965,0.00152364023471475,-0.11717596816327694
2020-12-07,RELIANCE,RELIANCE,895.586608886719,-0.014528564841741698,0.014634617414729422,-0.8561569270578412
2020-12-08,RELIANCE,RELIANCE,905.070434570312,0.010533836427117471,-0.010478549868989561,0.5678410327456587
2020-12-09,RELIANCE,RELIANCE,927.591613769531,0.024578795631384764,-0.024279196647431722,1.365848894715742
2020-12-10,RELIANCE,RELIANCE,932.968078613281,0.0057794219997537866,-0.005762753267765945,0.2977042500806984
2020-12-11,RELIANCE,RELIANCE,928.999145507812,-0.004263167541510349,0.0042722677675870934,-0.27289658199801015
2020-12-14,RELIANCE,RELIANCE,926.668579101562,-0.002511837222473723,0.0025149945285827717,-0.17338932511166377
2020-12-15,RELIANCE,RELIANCE,918.246215820312,-0.00913041817962057,0.009172227596632034,-0.5494445034908231
2020-12-16,RELIANCE,RELIANCE,917.461669921875,-8.547612093376955e-4,8.551266218062843e-4,-0.07923741857121078
2020-12-17,RELIANCE,RELIANCE,915.846435546875,-0.0017620985671991107,0.0017636519751649225,-0.13079060106908386
2020-12-18,RELIANCE,RELIANCE,913.815856933594,-0.0022196221185746268,0.0022220873033379444,-0.15678621883655428
2020-12-21,RELIANCE,RELIANCE,927.614685058594,0.014987354778087436,-0.014875603359091258,0.8208814727934836
2020-12-22,RELIANCE,RELIANCE,899.463195800781,-0.030818300228927065,0.031298100232717174,-1.7817087011375077
2020-12-23,RELIANCE,RELIANCE,890.694702148438,-0.009796413811431925,0.009844555750912911,-0.587285108258254
2020-12-24,RELIANCE,RELIANCE,898.540161132812,0.008769680746116393,-0.008731339258651638,0.46760506319220146
2020-12-28,RELIANCE,RELIANCE,926.091735839844,0.030201893318858808,-0.029750373144239603,1.6853426075822384
2020-12-29,RELIANCE,RELIANCE,927.153198242188,0.0011455177876324996,-0.0011448619325872245,0.03441462857971764
2020-12-30,RELIANCE,RELIANCE,920.807556152344,-0.006867750861355049,0.006891387942513925,-0.42088405110801425
2020-12-31,RELIANCE,RELIANCE,919.999938964844,-8.774597468335088e-4,8.77844827260213e-4,-0.08052710628861623
2021-01-01,RELIANCE,RELIANCE,917.461669921875,-0.0027628012963738513,0.0027666213490805777,-0.1876486263407681
2021-01-04,RELIANCE,RELIANCE,920.738342285156,0.0035650917332503695,-0.003558744338971196,0.17189021701956603
2021-01-05,RELIANCE,RELIANCE,908.693176269531,-0.013168396796822357,0.013255481971455057,-0.7788747664149639
2021-01-06,RELIANCE,RELIANCE,907.262512207031,-0.0015756599872691623,0.0015769019917065991,-0.12019751564995432
2021-01-07,RELIANCE,RELIANCE,886.310424804688,-0.023364581515556537,0.023639671627421262,-1.3582025842685228
2021-01-08,RELIANCE,RELIANCE,885.156677246094,-0.0013025900626582043,0.0013034388015729886,-0.1046822020389927
2021-01-11,RELIANCE,RELIANCE,894.755859375,0.010786232466531764,-0.010728269648450462,0.5821816955310107
2021-01-12,RELIANCE,RELIANCE,878.234191894531,-0.018637606808458607,0.018812371042885905,-1.089624874306038
2021-01-13,RELIANCE,RELIANCE,906.177978515625,0.031322439594894114,-0.03083697384355732,1.7490099151886644
2021-01-14,RELIANCE,RELIANCE,897.6171875,-0.009492048158641353,0.009537240523956656,-0.5699916309110864
2021-01-15,RELIANCE,RELIANCE,904.816589355469,0.007988576595830743,-0.00795675271669958,0.4232242113947563
2021-01-18,RELIANCE,RELIANCE,899.509338378906,-0.005882824384354279,0.005900162177446286,-0.3649224024710894
2021-01-19,RELIANCE,RELIANCE,920.530639648438,0.023100850913817972,-0.022836069071595733,1.2818748875988524
2021-01-20,RELIANCE,RELIANCE,932.875793457031,0.013321780006690709,-0.013233437822247122,0.7262466829772222
2021-01-21,RELIANCE,RELIANCE,960.842651367188,0.02953859529365399,-0.029106594998007995,1.6476552756901508
2021-01-22,RELIANCE,RELIANCE,974.226135253906,0.01383278711838365,-0.013737553738722088,0.7552811348914741
2021-01-25,RELIANCE,RELIANCE,939.129089355469,-0.0366905033021121,0.03737190796903586,-2.1153561081063503
2021-01-27,RELIANCE,RELIANCE,888.38720703125,-0.055545253204587475,0.0571168539152929,-3.1866471270994317
2021-01-28,RELIANCE,RELIANCE,867.688903808594,-0.023574447239551155,0.023854521052192598,-1.3701267554440564
2021-01-29,RELIANCE,RELIANCE,874.219116210938,0.007497804613925574,-0.007469766196199627,0.3953394810584922
2021-02-01,RELIANCE,RELIANCE,858.11279296875,-0.018595498096768637,0.018769471069725097,-1.087232337418081
2021-02-02,RELIANCE,RELIANCE,883.426086425781,0.02907207711621229,-0.028653549907548106,1.621148600381534
2021-02-03,RELIANCE,RELIANCE,889.91015625,0.007312881296321905,-0.007286207240899749,0.3848324899620149
2021-02-04,RELIANCE,RELIANCE,887.925659179688,-0.002232487249179016,0.002234981104325138,-0.15751719108202686
2021-02-05,RELIANCE,RELIANCE,890.7177734375,0.003139602351008186,-0.003134678953397984,0.14771471979842113
2021-02-08,RELIANCE,RELIANCE,892.102233886719,0.001553113294473718,-0.0015519078381713582,0.0575734298429872
2021-02-09,RELIANCE,RELIANCE,905.439636230469,0.014839873640995371,-0.014730305378806194,0.8125018751613873
2021-02-10,RELIANCE,RELIANCE,901.655334472656,-0.004188277153193809,0.004197060243675317,-0.26864145261014405
2021-02-11,RELIANCE,RELIANCE,913.769653320312,0.013346184773380898,-0.013257519336122535,0.7276333153914394
2021-02-12,RELIANCE,RELIANCE,948.612915039062,0.037422308938370286,-0.03673074777536127,2.0955928865087627
2021-02-15,RELIANCE,RELIANCE,945.174743652344,-0.0036310038756424134,0.003637603956102643,-0.23697824517144664
2021-02-16,RELIANCE,RELIANCE,941.344299316406,-0.0040608650244813305,0.004069121509228432,-0.2614021378535265
2021-02-17,RELIANCE,RELIANCE,950.689636230469,0.009878694814329236,-0.009830060787364502,0.5306171326896943
2021-02-18,RELIANCE,RELIANCE,962.227172851562,0.012062915095932603,-0.011990449809166744,0.6547203736919889
2021-02-19,RELIANCE,RELIANCE,949.30517578125,-0.013520246121780488,0.013612057955628046,-0.7988661756787412
2021-02-22,RELIANCE,RELIANCE,959.919677734375,0.01111928885364577,-0.011057698054672238,0.6011053258193189
2021-02-23,RELIANCE,RELIANCE,945.151672363281,-0.015504197464398572,0.015625011099189706,-0.9115905165721134
2021-02-24,RELIANCE,RELIANCE,936.844665527344,-0.008827924494075212,0.008867005536356535,-0.5322573877611965
2021-02-25,RELIANCE,RELIANCE,958.073669433594,0.022407184237994926,-0.02215800786885254,1.242462066753811
2021-02-26,RELIANCE,RELIANCE,976.995178222656,0.019557042527351243,-0.019367044188983558,1.0805224370444255
2021-03-01,RELIANCE,RELIANCE,973.85693359375,-0.0032173093151612875,0.003222490409679785,-0.21347290728351867
2021-03-02,RELIANCE,RELIANCE,979.302673339844,0.005576353144261859,-0.005560834146936063,0.28616626404264905
2021-03-03,RELIANCE,RELIANCE,978.8642578125,-4.477815733636703e-4,4.478818424974663e-4,-0.05611360991886156
2021-03-04,RELIANCE,RELIANCE,1006.06964111328,0.02741359502506935,-0.02704125260223091,1.5269168031636928
2021-03-05,RELIANCE,RELIANCE,994.99365234375,-0.01107021643819639,0.011131718019949208,-0.6596601501485497
2021-03-08,RELIANCE,RELIANCE,1000.76239013672,0.005781021062898795,-0.005764343114634733,0.297795105806515
2021-03-09,RELIANCE,RELIANCE,1015.29962158203,0.014421662944561042,-0.014318168879702945,0.7887399390203568
2021-03-10,RELIANCE,RELIANCE,1018.53015136719,0.0031767973357590407,-0.003171756654256732,0.14982806806989668
2021-03-12,RELIANCE,RELIANCE,1012.99212646484,-0.005452107201719514,0.005466996986123389,-0.3404498715773165
2021-03-15,RELIANCE,RELIANCE,987.632751464844,-0.025352812122465984,0.025676927949567618,-1.471170064817767
2021-03-16,RELIANCE,RELIANCE,975.610656738281,-0.012247330055179084,0.012322635719002835,-0.7265415064503151
2021-03-17,RELIANCE,RELIANCE,968.249755859375,-0.007573523299517326,0.007602274965071195,-0.46098469833835665
2021-03-18,RELIANCE,RELIANCE,956.643005371094,-0.012059779530444459,0.01213279188068554,-0.715885242442859
2021-03-19,RELIANCE,RELIANCE,918.84619140625,-0.040311543542284944,0.041135082583296956,-2.321096725657556
2021-03-22,RELIANCE,RELIANCE,955.766174316406,0.0393945524240209,-0.03862867707843119,2.207652009242982
2021-03-23,RELIANCE,RELIANCE,951.589599609375,-0.004379446603016923,0.004389050393936099,-0.2795033370562162
2021-03-24,RELIANCE,RELIANCE,959.804260253906,0.008595519106671112,-0.00855868324897612,0.45770953017502886
2021-03-25,RELIANCE,RELIANCE,947.920654296875,-0.012458567350434713,0.012536498601611068,-0.7385436076955666
2021-03-26,RELIANCE,RELIANCE,928.537658691406,-0.020659862149073227,0.020874754431377134,-1.2045255754936637
2021-03-30,RELIANCE,RELIANCE,926.691650390625,-0.00199006009767011,0.001992041581471983,-0.14374294154202294
2021-03-31,RELIANCE,RELIANCE,931.306701660156,0.004967777022619302,-0.004955458026130585,0.25158812660455476
2021-04-01,RELIANCE,RELIANCE,931.306701660156,0,0,-0.03067151280828565
2021-04-05,RELIANCE,RELIANCE,934.514099121094,0.0034380585948516895,-0.0034321552387005148,0.164672435771657
2021-04-06,RELIANCE,RELIANCE,924.845703125,-0.01039979795771373,0.010454063811320123,-0.6215682475339169
2021-04-07,RELIANCE,RELIANCE,922.999694824219,-0.0019980122979372794,0.002000009654534703,-0.14419477043244525
2021-04-08,RELIANCE,RELIANCE,928.076171875,0.005484907311382514,-0.005469892671120921,0.2809704857907768
2021-04-09,RELIANCE,RELIANCE,922.284362792969,-0.006260215659307455,0.0062798517633884535,-0.3863650567409817
2021-04-12,RELIANCE,RELIANCE,904.078186035156,-0.019937749891060008,0.020137834358836072,-1.1634965307852223
2021-04-13,RELIANCE,RELIANCE,887.925659179688,-0.01802782328145991,0.01819130541895885,-1.0549781343925944
2021-04-15,RELIANCE,RELIANCE,888.987121582031,0.001194726651858602,-0.0011940132501065954,0.03721058262694124
2021-04-16,RELIANCE,RELIANCE,893.740600585938,0.005332828126430655,-0.005318633841620872,0.272329635826896
2021-04-19,RELIANCE,RELIANCE,878.695678710938,-0.016976952457002703,0.017121879894835906,-0.9952696533898884
2021-04-20,RELIANCE,RELIANCE,881.695434570312,0.0034080594252303698,-0.0034022585824502994,0.1629679400260362
2021-04-22,RELIANCE,RELIANCE,873.273071289062,-0.009598380728727207,0.009644592920765919,-0.5760332452495781
2021-04-23,RELIANCE,RELIANCE,879.618713378906,0.007240229962505396,-0.007214082639815916,0.38070457939108066
2021-04-26,RELIANCE,RELIANCE,886.079711914062,0.007318381530473594,-0.007291667384189757,0.3851450028025357
2021-04-27,RELIANCE,RELIANCE,895.309692382812,0.010362768572265146,-0.010309260077577147,0.5581212826832048
2021-04-28,RELIANCE,RELIANCE,922.007446289062,0.02938361632866915,-0.02895611528269576,1.6388496657414504
2021-04-29,RELIANCE,RELIANCE,933.567993164062,0.012460497381963975,-0.012383186826937832,0.6773102427986407
2021-04-30,RELIANCE,RELIANCE,926.922424316406,-0.0071439197413427635,0.0071694984103519216,-0.4365754414678171
2021-05-03,RELIANCE,RELIANCE,907.308654785156,-0.02138718221432967,0.02161752720841663,-1.2458505179019097
2021-05-04,RELIANCE,RELIANCE,899.924682617188,-0.008171621344156499,0.0082051001718208,-0.4949674913753446
2021-05-05,RELIANCE,RELIANCE,887.625732421875,-0.013760892191757357,0.013856009065617592,-0.8125392275546043
2021-05-06,RELIANCE,RELIANCE,886.933471679688,-7.802058964312408e-4,7.805103362217591e-4,-0.07500132753059353
2021-05-07,RELIANCE,RELIANCE,894.271301269531,0.008239222364341714,-0.00820537299969941,0.43746542711728026
2021-05-10,RELIANCE,RELIANCE,894.848205566406,6.449030538941969e-4,-6.44695148614441e-4,0.00597065180969124
2021-05-11,RELIANCE,RELIANCE,883.772216796875,-0.01245474504411792,0.012532628384352925,-0.7383264315224329
2021-05-12,RELIANCE,RELIANCE,890.740844726562,0.007854170142939765,-0.007823406741639047,0.41558749244481674
2021-05-14,RELIANCE,RELIANCE,889.794738769531,-0.001062720739583689,0.0010632856273564424,-0.09105328344441815
2021-05-17,RELIANCE,RELIANCE,894.063659667969,0.004786174789832565,-0.0047747393066208685,0.2412698332291412
2021-05-18,RELIANCE,RELIANCE,914.231201171875,0.022306514475964434,-0.02205956379311379,1.236742202395759
2021-05-19,RELIANCE,RELIANCE,913.769653320312,-5.049755422561475e-4,5.051030638693843e-4,-0.05936326242194674
2021-05-20,RELIANCE,RELIANCE,922.030517578125,0.008999803079970725,-0.008959426071396817,0.4806801764025678
2021-05-21,RELIANCE,RELIANCE,919.307678222656,-0.0029574592503456287,0.0029618368474123706,-0.19870872095589576
2021-05-24,RELIANCE,RELIANCE,926.691650390625,0.008000015422335416,-0.007968100462388366,0.4238741437548383
2021-05-25,RELIANCE,RELIANCE,921.338256835938,-0.005793638412655788,0.005810453994466356,-0.35985502523221474
2021-05-26,RELIANCE,RELIANCE,911.462158203125,-0.010777162796036244,0.010835445601255565,-0.6430093997247326
2021-05-27,RELIANCE,RELIANCE,909.293151855469,-0.0023825358209306202,0.0023853763148111596,-0.16604266546712618
2021-05-28,RELIANCE,RELIANCE,918.384704589844,0.009948829539896842,-0.009899503649111121,0.5346020543677783
2021-05-31,RELIANCE,RELIANCE,970.072631835938,0.0547545758589747,-0.05328253323492959,3.0803793189395527
2021-06-01,RELIANCE,RELIANCE,999.608642578125,0.02999289808438288,-0.02954757440472874,1.6734678959650964
2021-06-02,RELIANCE,RELIANCE,995.455139160156,-0.004163786097266531,0.004172466698472418,-0.267249917405647
2021-06-03,RELIANCE,RELIANCE,1024.99108886719,0.029239138883916382,-0.02881581120834603,1.6306407321936158
2021-06-04,RELIANCE,RELIANCE,1022.12982177734,-0.0027954078708356533,0.0027993186666588612,-0.1895012698689166
2021-06-07,RELIANCE,RELIANCE,1016.22265625,-0.005796035894805485,0.005812865409966595,-0.35999124560684953
2021-06-08,RELIANCE,RELIANCE,1027.57556152344,0.011109728881108616,-0.011048243748234597,0.6005621463673131
2021-06-09,RELIANCE,RELIANCE,1024.06811523438,-0.003419160691326084,0.003425012688982358,-0.22494171846247257
2021-06-10,RELIANCE,RELIANCE,1012.25372314453,-0.011603789177292434,0.011671374300456032,-0.689976738081523
2021-06-11,RELIANCE,RELIANCE,1007.40802001953,-0.004798538606261893,0.004810070029922989,-0.30331534737358484
2021-06-14,RELIANCE,RELIANCE,1022.22216796875,0.014598138239665381,-0.01449210202382627,0.7987669295504672
2021-06-15,RELIANCE,RELIANCE,1043.451171875,0.02055480015063793,-0.020344990238597503,1.1372131270025874
2021-06-16,RELIANCE,RELIANCE,1036.02099609375,-0.0071462436636755555,0.00717183899676261,-0.4367074823136378
2021-06-17,RELIANCE,RELIANCE,1015.29962158203,-0.02020364752214121,0.02040912265822788,-1.1786043283228214
2021-06-18,RELIANCE,RELIANCE,1027.06787109375,0.011524252904702159,-0.011458103055241812,0.6241146127712073
2021-06-21,RELIANCE,RELIANCE,1016.91491699219,-0.009934562722224705,0.009984074313306562,-0.5951344665462875
2021-06-22,RELIANCE,RELIANCE,1040.22058105469,0.022659335039803885,-0.02240454042821394,1.2567887956050348
2021-06-23,RELIANCE,RELIANCE,1038.37463378906,-0.001776149331752741,0.001777727619264047,-0.13158893877997657
2021-06-24,RELIANCE,RELIANCE,1018.4609375,-0.019364035520899492,0.01955273447987297,-1.1308991717431138
2021-06-25,RELIANCE,RELIANCE,993.839904785156,-0.02447174986089795,0.02477364070037663,-1.4211097833039052
2021-06-28,RELIANCE,RELIANCE,979.302673339844,-0.01473537152970028,0.014844472338397509,-0.8679072896255333
2021-06-29,RELIANCE,RELIANCE,964.303894042969,-0.015434272855571862,0.0155539964004404,-0.9076175333275682
2021-06-30,RELIANCE,RELIANCE,967.419006347656,0.0032252193152029207,-0.003220023882358566,0.15257931282087936
2021-07-01,RELIANCE,RELIANCE,977.456665039062,0.010322251405606941,-0.010269159800557386,0.5558191743560468
2021-07-02,RELIANCE,RELIANCE,967.76513671875,-0.009964527954817726,0.01001433917445259,-0.5968370340544403
2021-07-05,RELIANCE,RELIANCE,985.971313476562,0.018637829861108735,-0.018465219534244424,1.0282945221166888
2021-07-06,RELIANCE,RELIANCE,989.894104003906,0.0039707114125384635,-0.003962838561697806,0.1949367555203005
2021-07-07,RELIANCE,RELIANCE,981.956298828125,-0.008051166602253801,0.008083664400599157,-0.4881234821011544
2021-07-08,RELIANCE,RELIANCE,976.972106933594,-0.005088703227025704,0.00510167266717043,-0.3198019490978603
2021-07-09,RELIANCE,RELIANCE,963.611633300781,-0.013769758508821894,0.013864998274302305,-0.8130429948223674
2021-07-12,RELIANCE,RELIANCE,959.804260253906,-0.003958975313174129,0.0039668224080061905,-0.25561295829842884
2021-07-13,RELIANCE,RELIANCE,969.149658203125,0.009689677891756787,-0.009642884223419152,0.519877550746852
2021-07-14,RELIANCE,RELIANCE,969.311157226562,1.6662603909800566e-4,-1.666121577503902e-4,-0.02120413826663844
2021-07-15,RELIANCE,RELIANCE,966.842163085938,-0.0025504131858165024,0.0025536682561956426,-0.17558113795945535
2021-07-16,RELIANCE,RELIANCE,963.496276855469,-0.0034666351889596214,0.0034726509181632085,-0.22763912909947587
2021-07-19,RELIANCE,RELIANCE,969.149658203125,0.005850422335678118,-0.0058333419403333526,0.3017383540924173
2021-07-20,RELIANCE,RELIANCE,968.918884277344,-2.381483645326199e-4,2.381767241053852e-4,-0.04420264981254347
2021-07-22,RELIANCE,RELIANCE,977.918151855469,0.009245079592604455,-0.009202475238904292,0.4946163212209204
2021-07-23,RELIANCE,RELIANCE,985.04833984375,0.007264738728069986,-0.007238414298949049,0.3820971208234016
2021-07-26,RELIANCE,RELIANCE,972.841674804688,-0.012469365602949978,0.012547432285436075,-0.7391571438602054
2021-07-27,RELIANCE,RELIANCE,958.44287109375,-0.014911392045153349,0.015023121508021042,-0.8779084404410219
2021-07-28,RELIANCE,RELIANCE,949.766662597656,-0.009093622196091111,0.009135094795140675,-0.5473538257097097
2021-07-29,RELIANCE,RELIANCE,947.920654296875,-0.0019455353541388831,0.0019474291359863963,-0.14121313032125393
2021-07-30,RELIANCE,RELIANCE,949.766662597656,0.0019455353541388831,-0.0019436440269782727,0.0798701047046884
2021-08-02,RELIANCE,RELIANCE,948.059143066406,-0.0017994485973389374,0.001801068576510103,-0.13291275872456002
2021-08-03,RELIANCE,RELIANCE,964.53466796875,0.017228888169984025,-0.017081319572515116,0.9482411356865592
2021-08-04,RELIANCE,RELIANCE,966.565246582031,0.0021030287934591385,-0.002100818977778848,0.08881858230139164
2021-08-05,RELIANCE,RELIANCE,975.749084472656,0.009456663306320223,-0.009412089682449878,0.506638105304012
2021-08-06,RELIANCE,RELIANCE,982.971557617188,0.007374717683605425,-0.007347591177551323,0.38834591584606337
2021-08-09,RELIANCE,RELIANCE,960.381164550781,-0.023249933396361833,0.023522319991535447,-1.351688496249617
2021-08-10,RELIANCE,RELIANCE,960.842651367188,4.8040922817982334e-4,-4.802938501431844e-4,-0.003375574423953
2021-08-11,RELIANCE,RELIANCE,967.742065429688,0.0071549291414232385,-0.007129393573933965,0.3758579490188338
2021-08-12,RELIANCE,RELIANCE,980.640991210938,0.013240840080061211,-0.013153565776729206,0.7216478303313731
2021-08-13,RELIANCE,RELIANCE,977.133605957031,-0.003583036587911259,0.003589463336972946,-0.2342528351385771
2021-08-16,RELIANCE,RELIANCE,991.924682617188,0.015023785692748426,-0.014911491688190231,0.8229514080560971
2021-08-17,RELIANCE,RELIANCE,1000.92395019531,0.009031622976824139,-0.008990960378524282,0.48248812240555783
2021-08-18,RELIANCE,RELIANCE,1003.30065917969,0.0023717003446988016,-0.0023688900855733776,0.10408398870518426
2021-08-20,RELIANCE,RELIANCE,988.994140625,-0.014362095882735737,0.014465726304150722,-0.8466984775081775
2021-08-23,RELIANCE,RELIANCE,1003.30065917969,0.014362095882735737,-0.014259452960378968,0.785355451891607
2021-08-24,RELIANCE,RELIANCE,999.170227050781,-0.004125341362116508,0.004133862296018011,-0.2650655606941102
2021-08-25,RELIANCE,RELIANCE,1008.56176757812,0.009355440916761104,-0.00931181493215936,0.5008868417011013
2021-08-26,RELIANCE,RELIANCE,1018.99163818359,0.010288224787279532,-0.010235482034044787,0.553885846637111
2021-08-27,RELIANCE,RELIANCE,1032.37512207031,0.013048543088265419,-0.012963779929025176,0.7107218810954917
2021-08-30,RELIANCE,RELIANCE,1038.37463378906,0.005794547109119641,-0.005777791101134282,0.2985636300199392
2021-08-31,RELIANCE,RELIANCE,1050.78894042969,0.011884615368655815,-0.01181427227008454,0.6445897223967991
2021-09-01,RELIANCE,RELIANCE,1048.98913574219,-0.001714281283998531,0.0017157515041627065,-0.12807371400823997
2021-09-02,RELIANCE,RELIANCE,1040.68212890625,-0.00795058125628767,0.00798227105588006,-0.48240841410324914
2021-09-03,RELIANCE,RELIANCE,1066.06457519531,0.024097509686783702,-0.02380948291468157,1.3385031429722616
2021-09-06,RELIANCE,RELIANCE,1113.59912109375,0.04362332033476868,-0.04268550953214899,2.4479225568568426
2021-09-07,RELIANCE,RELIANCE,1121.44458007812,0.007020436516013362,-0.006995850819327587,0.3682163339103453
2021-09-08,RELIANCE,RELIANCE,1131.59765625,0.009012831394723086,-0.008972337575818484,0.4814204204608964
2021-09-09,RELIANCE,RELIANCE,1120.47546386719,-0.0098773727274164,0.009926314980984102,-0.5918850398431481
2021-09-13,RELIANCE,RELIANCE,1122.8291015625,0.0020983673774823686,-0.002096167343752257,0.08855372951379863
2021-09-14,RELIANCE,RELIANCE,1096.06213378906,-0.02412760557849669,0.0244210313888933,-1.4015561598996484
2021-09-15,RELIANCE,RELIANCE,1093.06237792969,-0.002740600382373337,0.0027443592606779424,-0.18638721264368657
2021-09-16,RELIANCE,RELIANCE,1099.0849609375,0.00549470197893509,-0.005479633715188717,0.2815270001671693
2021-09-17,RELIANCE,RELIANCE,1128.82861328125,0.0267024897128314,-0.02634913041165028,1.4865131521739423
2021-09-20,RELIANCE,RELIANCE,1094.72375488281,-0.030678416846678047,0.03115384885576994,-1.773760793481078
2021-09-21,RELIANCE,RELIANCE,1109.90710449219,0.013774269380375515,-0.013679838202609542,0.7519562683456843
2021-09-22,RELIANCE,RELIANCE,1111.29162597656,0.0012466436655911295,-0.0012458669281821808,0.0401604085770809
2021-09-23,RELIANCE,RELIANCE,1129.47473144531,0.016229719382996777,-0.016098727100766874,0.8914702660916145
2021-09-24,RELIANCE,RELIANCE,1155.38793945312,0.02268348066967185,-0.022428144801369055,1.2581607043579608
2021-09-27,RELIANCE,RELIANCE,1147.75012207031,-0.0066325553902801815,0.006654599495082531,-0.4075206918922536
2021-09-28,RELIANCE,RELIANCE,1169.44055175781,0.018721863060157773,-0.0185476975763297,1.0330691286166076
2021-09-29,RELIANCE,RELIANCE,1186.05456542969,0.014106833904504512,-0.014007798760810798,0.7708519519149822
2021-09-30,RELIANCE,RELIANCE,1165.287109375,-0.017664804997702177,0.01782175044039455,-1.034352126138386
2021-10-01,RELIANCE,RELIANCE,1154.64953613281,-0.00917063646100047,0.009212815585426647,-0.5517296297250465
2021-10-04,RELIANCE,RELIANCE,1178.20910644531,0.020198713182959516,-0.01999608574031471,1.116980942941388
2021-10-05,RELIANCE,RELIANCE,1179.17822265625,8.221951934421767e-4,-8.21857283589365e-4,0.01604405388708019
2021-10-06,RELIANCE,RELIANCE,1209.1064453125,0.02506383746762797,-0.024752347299343766,1.3934080490768994
2021-10-07,RELIANCE,RELIANCE,1197.59204101562,-0.009568703530704603,0.009614629942860334,-0.5743470433177126
2021-10-08,RELIANCE,RELIANCE,1193.09240722656,-0.0037643103469360284,0.003771404261569112,-0.2445524652597265
2021-10-11,RELIANCE,RELIANCE,1246.69567871094,0.043947996205095485,-0.04299627599560205,2.466370022124951
2021-10-12,RELIANCE,RELIANCE,1220.66711425781,-0.021099069919058522,0.021323229035260682,-1.2294805254076318
2021-10-13,RELIANCE,RELIANCE,1236.35803222656,0.01277246291367451,-0.012691241177518934,0.6950355308076064
2021-10-14,RELIANCE,RELIANCE,1246.21105957031,0.007937808548311054,-0.007906387339514782,0.42033966751901586
2021-10-18,RELIANCE,RELIANCE,1231.55847167969,-0.01182737822396085,0.011897598228231682,-0.7026806423433359
2021-10-19,RELIANCE,RELIANCE,1257.033203125,0.020473926337829518,-0.02026575859888148,1.1326180308182163
2021-10-20,RELIANCE,RELIANCE,1265.77868652344,0.006933151430129847,-0.006909172584079571,0.3632569613870594
2021-10-21,RELIANCE,RELIANCE,1258.69470214844,-0.005612261947979036,0.00562804019347066,-0.3495495595712828
2021-10-22,RELIANCE,RELIANCE,1209.12951660156,-0.04017454037636359,0.04099245355137008,-2.313312466413436
2021-10-25,RELIANCE,RELIANCE,1236.81958007812,0.022642537022702136,-0.022388118625039102,1.255834364230929
2021-10-26,RELIANCE,RELIANCE,1207.79125976562,-0.023749943592077827,0.024034219553909622,-1.380098124319282
2021-10-27,RELIANCE,RELIANCE,1223.89758300781,0.013247220202017296,-0.01315986195724616,0.7220103367229668
2021-10-28,RELIANCE,RELIANCE,1209.12951660156,-0.012139813632641605,0.012213800261660858,-0.7204326278677518
2021-10-29,RELIANCE,RELIANCE,1198.12280273438,-0.00914469204749313,0.009186632490476146,-0.5502555175078434
2021-11-01,RELIANCE,RELIANCE,1170.47900390625,-0.023342930821544705,0.02361750935802702,-1.356972433024385
2021-11-02,RELIANCE,RELIANCE,1174.51708984375,0.003444005676283446,-0.0034380818912027925,0.16501033762453138
2021-11-03,RELIANCE,RELIANCE,1156.54162597656,-0.01542288064671471,0.01554242706310885,-0.906970249693608
2021-11-04,RELIANCE,RELIANCE,1150.49597167969,-0.005241065981670623,0.005254824393729533,-0.3284589109522773
2021-11-08,RELIANCE,RELIANCE,1162.70263671875,0.010554025322603522,-0.010498527012468374,0.5689881273785378
2021-11-09,RELIANCE,RELIANCE,1156.05712890625,-0.005731965946705664,0.005748425096247052,-0.3563509130465055
2021-11-10,RELIANCE,RELIANCE,1161.45666503906,0.0046597745542218405,-0.004648934648481621,0.23408801231351048
2021-11-11,RELIANCE,RELIANCE,1172.23266601562,0.009235228890998926,-0.009192715140064532,0.4940566230962908
2021-11-12,RELIANCE,RELIANCE,1182.77795410156,0.0089556781418354,-0.00891569550258503,0.4781730813637536
2021-11-15,RELIANCE,RELIANCE,1199.89953613281,0.014371963314709468,-0.0142691796401819,0.7859161006039297
2021-11-16,RELIANCE,RELIANCE,1187.00061035156,-0.010808203575759734,0.01086682320864996,-0.6447730777747168
2021-11-17,RELIANCE,RELIANCE,1153.26501464844,-0.028832567031106926,0.02925224928756199,-1.668883118621474
2021-11-18,RELIANCE,RELIANCE,1135.28955078125,-0.01570933357443849,0.01583337383385602,-0.9232459600807298
2021-11-22,RELIANCE,RELIANCE,1124.259765625,-0.009762896241211294,0.009810708782341158,-0.585380703684274
2021-11-23,RELIANCE,RELIANCE,1076.7021484375,-0.04322202974885414,0.04416970585274225,-2.486465014822294
2021-11-24,RELIANCE,RELIANCE,1098.36962890625,0.019924121556943675,-0.019726947922191138,1.1013791691515702
2021-11-25,RELIANCE,RELIANCE,1095.13916015625,-0.002945482691203871,0.002949824887586971,-0.19802823565038985
2021-11-26,RELIANCE,RELIANCE,1138.88928222656,0.03917203152350801,-0.03841472806274663,2.195008795013643
2021-11-29,RELIANCE,RELIANCE,1125.64428710938,-0.011697902238496205,0.011766590270886319,-0.6953240631724813
2021-11-30,RELIANCE,RELIANCE,1138.98156738281,0.011778929796591342,-0.011709829777207761,0.6385848692549613
2021-12-01,RELIANCE,RELIANCE,1122.8291015625,-0.014283017265096731,0.014385506928732649,-0.8422053808980616
2021-12-02,RELIANCE,RELIANCE,1139.76611328125,0.01497159365825862,-0.014860076573070218,0.8199859559497737
2021-12-03,RELIANCE,RELIANCE,1153.01123046875,0.011553903886169614,-0.011487413858159278,0.6257993251283177
2021-12-06,RELIANCE,RELIANCE,1114.98364257812,-0.033537246984280955,0.034105960337409744,-1.9361940830809137
2021-12-07,RELIANCE,RELIANCE,1096.59289550781,-0.01663172915831712,0.01677080632716813,-0.9756547223331884
2021-12-08,RELIANCE,RELIANCE,1118.72180175781,0.019978779843960126,-0.019780526503755978,1.1044847490344625
2021-12-09,RELIANCE,RELIANCE,1123.75207519531,0.004486368315307132,-0.004476319598008956,0.22423539971738268
2021-12-10,RELIANCE,RELIANCE,1126.17492675781,0.002153716540073347,-0.002151398956710255,0.09169856363247372
2021-12-13,RELIANCE,RELIANCE,1141.51989746094,0.013533747801433904,-0.013442578388043446,0.7382902898136459
2021-12-14,RELIANCE,RELIANCE,1098.36962890625,-0.03853369302790721,0.03928574445167314,-2.2200826417256323
2021-12-15,RELIANCE,RELIANCE,1100.21557617188,0.0016792141556551954,-0.0016778050643973259,0.06473824087311537
2021-12-16,RELIANCE,RELIANCE,1110.23010253906,0.009061154484239609,-0.009020225937197255,0.4841660464743514
2021-12-17,RELIANCE,RELIANCE,1106.69970703125,-0.0031849438596482926,0.0031900211822413634,-0.21163396367541584
2021-12-20,RELIANCE,RELIANCE,1069.68737792969,-0.03401591394111314,0.03460107117763224,-1.96339102892188
2021-12-21,RELIANCE,RELIANCE,1066.68762207031,-0.002808268989117124,0.002812215870244977,-0.19023201414187
2021-12-22,RELIANCE,RELIANCE,1072.94091796875,0.005845233026178676,-0.005828182888465562,0.3014435073991869
2021-12-23,RELIANCE,RELIANCE,1095.6005859375,0.020899293554644593,-0.02068241680371158,1.1567865868322147
2021-12-24,RELIANCE,RELIANCE,1093.75463867188,-0.001686293464209676,0.001687716056556786,-0.12648349933360448
2021-12-27,RELIANCE,RELIANCE,1089.85498046875,-0.003571757803918274,0.0035781441320319033,-0.233611996089565
2021-12-28,RELIANCE,RELIANCE,1096.33898925781,0.005931795523305361,-0.005914237158937024,0.30636182380392224
2021-12-29,RELIANCE,RELIANCE,1103.44616699219,0.006461724176584305,-0.006440892131378717,0.336471361713572
2021-12-30,RELIANCE,RELIANCE,1107.599609375,0.003756997989550648,-0.0037499493026669785,0.1827939654079728
2021-12-31,RELIANCE,RELIANCE,1095.13916015625,-0.01131371754335575,0.011377959689590676,-0.6734954196918003
2022-01-03,RELIANCE,RELIANCE,1091.44714355469,-0.003376971770033599,0.003382680163086615,-0.22254462421746912
2022-01-04,RELIANCE,RELIANCE,1114.9375,0.02129387920509007,-0.02106876524048209,1.1792061928058808
2022-01-05,RELIANCE,RELIANCE,1136.21264648438,0.01890214205864371,-0.01872461686657743,1.0433122383364648
2022-01-06,RELIANCE,RELIANCE,1131.22839355469,-0.004396375358558302,0.004406053594560022,-0.2804651967397614
2022-01-07,RELIANCE,RELIANCE,1121.88305664062,-0.008295542154033164,0.00833004550586029,-0.5020084360378145
2022-01-10,RELIANCE,RELIANCE,1131.59765625,0.00862191518533173,-0.008584853066568908,0.4592093051469681
2022-01-11,RELIANCE,RELIANCE,1124.21362304688,-0.006546699756074581,0.006568176236032039,-0.40264253809387496
2022-01-12,RELIANCE,RELIANCE,1140.50451660156,0.01438693342407138,-0.014283936027910785,0.7867666737377487
2022-01-13,RELIANCE,RELIANCE,1163.55651855469,0.02001055597716217,-0.019811673593444358,1.1062902084701487
2022-01-14,RELIANCE,RELIANCE,1169.90209960938,0.0054387908552397946,-0.005424027409480447,0.2783502364876248
2022-01-17,RELIANCE,RELIANCE,1171.28662109375,0.0011827509961310767,-0.001182051821847951,0.03653014865174983
2022-01-18,RELIANCE,RELIANCE,1179.01672363281,0.006577985288387822,-0.00655639770336917,0.34307709690378657
2022-01-19,RELIANCE,RELIANCE,1167.59460449219,-0.009735067082665694,0.00978260699105209,-0.583799503839676
2022-01-20,RELIANCE,RELIANCE,1153.77270507812,-0.011908552947378581,0.011979742069850878,-0.7072928356959748
2022-01-21,RELIANCE,RELIANCE,1131.59765625,-0.019406696754873387,0.01959623078542409,-1.1333231018961052
2022-01-24,RELIANCE,RELIANCE,1142.21203613281,0.009336275607743083,-0.009292827905007139,0.4997979053040291
2022-01-25,RELIANCE,RELIANCE,1084.31689453125,-0.052016566445026946,0.05339319334924506,-2.9861538586175005
2022-01-27,RELIANCE,RELIANCE,1078.06359863281,-0.005783730800444253,0.005800488863894831,-0.3592920935551959
2022-01-28,RELIANCE,RELIANCE,1091.44714355469,0.01233800270125407,-0.01226220161087387,0.6703503280823525
2022-01-31,RELIANCE,RELIANCE,1089.23193359375,-0.002031670543480857,0.0020337357844727,-0.1461071679106858
2022-02-01,RELIANCE,RELIANCE,1111.29162597656,0.020050166060205932,-0.0198504981655241,1.1085407780319438
2022-02-02,RELIANCE,RELIANCE,1110.830078125,-4.1541186276639053e-4,4.1549815822331524e-4,-0.05427442454494171
2022-02-03,RELIANCE,RELIANCE,1103.90759277344,-0.0062513118245099975,0.00627089205371625,-0.3858591577870009
2022-02-04,RELIANCE,RELIANCE,1080.37109375,-0.021551654712295587,0.021785569013832197,-1.2551955323335278
2022-02-07,RELIANCE,RELIANCE,1080.83264160156,4.271211001780628e-4,-4.270298969469361e-4,-0.00640330447825348
2022-02-08,RELIANCE,RELIANCE,1075.59460449219,-0.004858079418849748,0.004869899019103932,-0.3066983430705869
2022-02-09,RELIANCE,RELIANCE,1094.28527832031,0.017227807172560894,-0.017080257039379654,0.9481797154695064
2022-02-10,RELIANCE,RELIANCE,1105.61511230469,0.010300406514374139,-0.010247539001852645,0.5545779891953226
2022-02-11,RELIANCE,RELIANCE,1095.25451660156,-0.009415071297533828,0.00945953250690776,-0.5656179521085822
2022-02-14,RELIANCE,RELIANCE,1080.02502441406,-0.014002559890692545,0.014101054923021225,-0.826270326444196
2022-02-15,RELIANCE,RELIANCE,1085.07836914062,0.00466800238523124,-0.0046571241951512115,0.23455550201831907
2022-02-16,RELIANCE,RELIANCE,1121.44458007812,0.032965443859329646,-0.03242800543471058,1.8423622917389555
2022-02-17,RELIANCE,RELIANCE,1116.87573242188,-0.0040823951568258465,0.0040907394830154604,-0.2626254390130513
2022-02-18,RELIANCE,RELIANCE,1128.09020996094,0.009990860538611201,-0.0099411176872533091,0.5369901757522398
2022-02-21,RELIANCE,RELIANCE,1113.13757324219,-0.013343452804822853,0.013432873957527163,-0.7888211157519631
2022-02-22,RELIANCE,RELIANCE,1085.86291503906,-0.024807686144612262,0.025117957179842443,-1.4401970438381364
2022-02-23,RELIANCE,RELIANCE,1108.10729980469,0.020278440316908508,-0.02007421552908342,1.121510887014415
2022-02-24,RELIANCE,RELIANCE,1063.75708007812,-0.04084636795935559,0.041692055975141445,-2.3514844315518872
2022-02-25,RELIANCE,RELIANCE,1052.26574707031,-0.010861362957689025,0.010920561692522882,-0.6477934927221007
2022-02-28,RELIANCE,RELIANCE,1035.14416503906,-0.016404986788017162,0.016540287439676518,-0.9627716522217172
2022-03-02,RELIANCE,RELIANCE,1077.34826660156,0.03996200631017022,-0.03917405621826513,2.239893659493928
2022-03-03,RELIANCE,RELIANCE,1107.599609375,0.0276924464172712,-0.027312525679302407,1.5427606087641323
2022-03-04,RELIANCE,RELIANCE,1085.90905761719,-0.019777682316338918,0.01997455643790795,-1.1544017957122186
2022-03-07,RELIANCE,RELIANCE,1051.61962890625,-0.032085997868548155,0.03260630342798294,-1.8537368692728229
2022-03-08,RELIANCE,RELIANCE,1020.60687255859,-0.02993405598624399,0.030386583886029682,-1.7314676255103063
2022-03-09,RELIANCE,RELIANCE,1031.91369628906,0.011017612468988247,-0.010957140864716974,0.5953282670786755
2022-03-10,RELIANCE,RELIANCE,1107.599609375,0.07078012370214282,-0.06833327896228521,3.99092045937524
2022-03-11,RELIANCE,RELIANCE,1096.54663085938,-0.01002934466255212,0.010079807100367098,-0.6005197960765103
2022-03-14,RELIANCE,RELIANCE,1101.55395507812,0.0045560543611653515,-0.004545691289706173,0.2281948282678774
2022-03-15,RELIANCE,RELIANCE,1120.49853515625,0.017051837609144194,-0.01690727786224927,0.9381814596518168
2022-03-16,RELIANCE,RELIANCE,1099.29260253906,-0.01910682261210539,0.019290526078507394,-1.1162848236035223
2022-03-17,RELIANCE,RELIANCE,1122.71374511719,0.021081856986252312,-0.020861188063289703,1.1671594936959713
2022-03-21,RELIANCE,RELIANCE,1127.90563964844,0.004613755463287461,-0.004603128443322862,0.23147329511631123
2022-03-22,RELIANCE,RELIANCE,1135.33569335938,0.006565875495001983,-0.006544367233760603,0.342389041481968
2022-03-23,RELIANCE,RELIANCE,1164.36413574219,0.025246759503499305,-0.024930725270326765,1.4038013311527215
2022-03-24,RELIANCE,RELIANCE,1158.36462402344,-0.005165928252139018,0.005179294666226441,-0.3241897281070964
2022-03-25,RELIANCE,RELIANCE,1191.82336425781,0.028475169786095655,-0.028073573012395107,1.5872334614784405
2022-03-28,RELIANCE,RELIANCE,1204.51452636719,0.010592229765457262,-0.010536329642828373,0.5711588311389582
2022-03-29,RELIANCE,RELIANCE,1217.4365234375,0.010670834727700473,-0.010614103340537228,0.5756250155505106
2022-03-30,RELIANCE,RELIANCE,1218.3134765625,7.200682852435136e-4,-7.198090982908141e-4,0.01024139725594548
2022-03-31,RELIANCE,RELIANCE,1229.8740234375,0.00944423807583128,-0.009399781322877486,0.5059321273461661
2022-04-01,RELIANCE,RELIANCE,1216.51354980469,-0.0109227226385471,0.0109825933586642,-0.6512798330539801
2022-04-04,RELIANCE,RELIANCE,1225.48974609375,0.007351535299478407,-0.00732457886136676,0.3870287368836284
2022-04-05,RELIANCE,RELIANCE,1223.48217773438,-0.0016395196609124696,0.0016408644080844505,-0.1238259008157042
2022-04-06,RELIANCE,RELIANCE,1193.9462890625,-0.02443700724570874,0.02473803800259048,-1.4191357740053794
2022-04-07,RELIANCE,RELIANCE,1197.63818359375,0.00308740711948996,-0.0030826459792487083,0.14474908604305334
2022-04-08,RELIANCE,RELIANCE,1181.43957519531,-0.013617763156338114,0.013710907217376838,-0.804406908059747
2022-04-11,RELIANCE,RELIANCE,1199.89953613281,0.015504159512930826,-0.015384588777319748,0.8502453346253874
2022-04-12,RELIANCE,RELIANCE,1193.90002441406,-0.005012553581718926,0.005025137445402457,-0.31547527112346957
2022-04-13,RELIANCE,RELIANCE,1188.13134765625,-0.004843502989068327,0.004855251710334464,-0.30587013806152835
2022-04-18,RELIANCE,RELIANCE,1168.97912597656,-0.016250950806107056,0.01638371571749865,-0.9540196207773524
2022-04-19,RELIANCE,RELIANCE,1180.5166015625,0.009821314583311924,-0.009773242977412862,0.5273568971271045
2022-04-20,RELIANCE,RELIANCE,1226.25122070312,0.03800958676714927,-0.037296288369357326,2.1289608954656196
2022-04-21,RELIANCE,RELIANCE,1269.53991699219,0.03469283737646034,-0.03409794029291346,1.9405095050798904
2022-04-22,RELIANCE,RELIANCE,1273.23193359375,0.0029039327261859427,-0.0028997203919784893,0.13432442006880163
2022-04-25,RELIANCE,RELIANCE,1265.6171875,-0.005998599021928008,0.006016626645843493,-0.371500497121053
2022-04-26,RELIANCE,RELIANCE,1250.66455078125,-0.011884847785808006,0.011955753210890617,-0.7059459535137658
2022-04-27,RELIANCE,RELIANCE,1271.82434082031,0.016777307873904412,-0.01663735262796764,0.922583202378135
2022-04-28,RELIANCE,RELIANCE,1296.79150390625,0.019440781291856446,-0.01925302796226908,1.073916694826336
2022-04-29,RELIANCE,RELIANCE,1318.11279296875,0.016307871468215218,-0.01617561803226159,0.8959107188923334
2022-05-02,RELIANCE,RELIANCE,1274.66259765625,-0.03351949700171186,0.034087605137542144,-1.935185562840037
2022-05-04,RELIANCE,RELIANCE,1285.27709960938,0.008292822518546572,-0.008258531919969593,0.44051088590684967
2022-05-05,RELIANCE,RELIANCE,1256.89477539062,-0.022330121621482846,0.02258130495445754,-1.2994265411089487
2022-05-06,RELIANCE,RELIANCE,1205.52990722656,-0.04172498788540757,0.04260770956917189,-2.401405944208136
2022-05-09,RELIANCE,RELIANCE,1188.33898925781,-0.014362702581759201,0.014466341779702754,-0.8467329489924549
2022-05-10,RELIANCE,RELIANCE,1151.44213867188,-0.03154133437110396,0.03204403360510005,-1.8227901255502827
2022-05-11,RELIANCE,RELIANCE,1141.12756347656,-0.008998326012112479,0.00903893265350248,-0.5419392778334774
2022-05-12,RELIANCE,RELIANCE,1120.29089355469,-0.018428486375285935,0.01859933883400151,-1.077743049137044
2022-05-13,RELIANCE,RELIANCE,1119.5986328125,-6.1812045288967e-4,6.183115287047108e-4,-0.06579194099017426
2022-05-16,RELIANCE,RELIANCE,1123.49829101562,0.003477033997525858,-0.003470996114818105,0.16688694400234882
2022-05-17,RELIANCE,RELIANCE,1123.79821777344,2.6692228500113657e-4,-2.668866644176056e-4,-0.01550549638429827
2022-05-18,RELIANCE,RELIANCE,1172.04809570312,0.042038513800468635,-0.04116714843577691,2.3578768646138624
2022-05-19,RELIANCE,RELIANCE,1146.36560058594,-0.022156136987797836,0.022403406996906523,-1.289541065222333
2022-05-20,RELIANCE,RELIANCE,1159.51831054688,0.011408078735393623,-0.011343253350381851,0.6175138174881338
2022-05-23,RELIANCE,RELIANCE,1214.43676757812,0.046275734183591766,-0.045221339222758096,2.5986276656276197
2022-05-24,RELIANCE,RELIANCE,1203.13012695312,-0.009353803684788886,0.009397687225764702,-0.5621368429118164
2022-05-25,RELIANCE,RELIANCE,1216.05212402344,0.010683047927582123,-0.010626186834464117,0.5763189463326267
2022-05-26,RELIANCE,RELIANCE,1211.16015625,-0.004030940710969766,0.004039075879598397,-0.2597018952896808
2022-05-27,RELIANCE,RELIANCE,1196.69213867188,-0.012017507661409965,0.012090008040143875,-0.7134834352649553
2022-05-30,RELIANCE,RELIANCE,1206.82202148438,0.008429276565110833,-0.008393849823887318,0.4482639452338607
2022-05-31,RELIANCE,RELIANCE,1219.00561523438,0.01004498094653794,-0.009994698627911934,0.540065194368602
2022-06-01,RELIANCE,RELIANCE,1215.72900390625,-0.0026915568378429455,0.0026951823289581363,-0.1836006517470498
2022-06-02,RELIANCE,RELIANCE,1215.59057617188,-1.1387045590716127e-4,1.1387693939346944e-4,-0.03714141547858162
2022-06-03,RELIANCE,RELIANCE,1266.35559082031,0.040913132086845216,-0.04008748807714098,2.2939348166429636
2022-06-06,RELIANCE,RELIANCE,1282.96960449219,0.013034232679575375,-0.012949654936257018,0.7099087908987385
2022-06-07,RELIANCE,RELIANCE,1278.30834960938,-0.003639792410194076,0.0036464244986230162,-0.23747759298485455
2022-06-08,RELIANCE,RELIANCE,1279.62365722656,0.0010284149301789114,-0.0010278862927798457,0.02776106700305167
2022-06-09,RELIANCE,RELIANCE,1250.66455078125,-0.022890966239669908,0.02315497503085074,-1.3312926653281858
2022-06-10,RELIANCE,RELIANCE,1279.2314453125,0.02258441358122365,-0.022331294806680953,1.2525319008637938
2022-06-13,RELIANCE,RELIANCE,1222.974609375,-0.04497336869632296,0.0460000031940565,-2.5859727619597668
2022-06-14,RELIANCE,RELIANCE,1222.99768066406,1.8864718259514746e-5,-1.886454032150879e-5,-0.02959965540622444
2022-06-15,RELIANCE,RELIANCE,1207.99890136719,-0.012339770223598556,0.012416219319317813,-0.7317937809558459
2022-06-16,RELIANCE,RELIANCE,1210.51403808594,0.002079904212566319,-0.0020777427106313646,0.08750468760874582
2022-06-17,RELIANCE,RELIANCE,1181.43957519531,-0.024311420373535952,0.024609352438378872,-1.4120001668528983
2022-06-20,RELIANCE,RELIANCE,1202.20703125,0.017425386371298757,-0.017274442350496775,0.9594057896546636
2022-06-21,RELIANCE,RELIANCE,1181.43957519531,-0.017425386371298757,0.01757809412407471,-1.020748815271241
2022-06-22,RELIANCE,RELIANCE,1180.56274414062,-7.42447276863345e-4,7.427229590649859e-4,-0.07285595460111984
2022-06-23,RELIANCE,RELIANCE,1160.69519042969,-0.01697209890707896,0.017116943254994462,-0.9949938839169784
2022-06-24,RELIANCE,RELIANCE,1144.51965332031,-0.014034095469439123,0.014133035690959035,-0.8280621180333005
2022-06-27,RELIANCE,RELIANCE,1174.49401855469,0.025852400111365803,-0.025521088026711183,1.4382126782827898
2022-06-28,RELIANCE,RELIANCE,1145.48876953125,-0.025006013470056487,0.02532128624474368,-1.451465625159496
2022-06-29,RELIANCE,RELIANCE,1157.07238769531,0.010061592371136463,-0.010011143889737601,0.5410090239116544
2022-06-30,RELIANCE,RELIANCE,1190.66955566406,0.028622789466733245,-0.028217037891770227,1.595620930891287
2022-07-01,RELIANCE,RELIANCE,1188.31591796875,-0.001978690907795233,0.001980649808455982,-0.14309696580280554
2022-07-04,RELIANCE,RELIANCE,1097.88500976562,-0.0791514991913278,0.08236828756996645,-4.527909114054536
2022-07-05,RELIANCE,RELIANCE,1118.21411132812,0.018347258598851113,-0.018179972293816623,1.0117848157963254
2022-07-06,RELIANCE,RELIANCE,1116.87573242188,-0.0011976065033341143,0.0011983239203682927,-0.09871723592556518
2022-07-07,RELIANCE,RELIANCE,1119.55249023438,0.0023937804608049618,-0.00239091765312372,0.10533853889566412
2022-07-08,RELIANCE,RELIANCE,1115.90661621094,-0.003261859942345069,0.003267185596425231,-0.21600418916422803
2022-07-11,RELIANCE,RELIANCE,1096.75439453125,-0.01731191530460574,0.017462635003049714,-1.0143016051362563
2022-07-12,RELIANCE,RELIANCE,1109.44555664062,0.011505124088296625,-0.011439193237925614,0.623027749814918
2022-07-13,RELIANCE,RELIANCE,1120.19860839844,0.009645606501931248,-0.009599236847110315,0.5173734982211741
2022-07-14,RELIANCE,RELIANCE,1102.06164550781,-0.016323349684848942,0.016457303422689046,-0.9581331873312414
2022-07-15,RELIANCE,RELIANCE,1114.52209472656,0.011243049607160494,-0.011180082725777708,0.6081371763837543
2022-07-18,RELIANCE,RELIANCE,1117.29113769531,0.0024814302105458097,-0.0024783540075882437,0.11031863092558196
2022-07-19,RELIANCE,RELIANCE,1107.73803710938,-0.00858699687632214,0.008623970890138086,-0.5185683388763833
2022-07-20,RELIANCE,RELIANCE,1172.20959472656,0.05657037848685231,-0.0550000255135424,3.183549769758127
2022-07-21,RELIANCE,RELIANCE,1150.98059082031,-0.018276243543267512,0.018444276189853014,-1.069092901058131
2022-07-22,RELIANCE,RELIANCE,1153.74963378906,0.0024029227122221997,-0.0024000380044811908,0.10585798422845392
2022-07-25,RELIANCE,RELIANCE,1138.72778320312,-0.013105529834548157,0.013191783679577164,-0.7753027852206898
2022-07-26,RELIANCE,RELIANCE,1117.33728027344,-0.01896323318127724,0.019144177239342818,-1.1081263453173955
2022-07-27,RELIANCE,RELIANCE,1116.80651855469,-4.7513658611730847e-4,4.752494813845489e-4,-0.05766786970165499
2022-07-28,RELIANCE,RELIANCE,1124.21362304688,0.00661049968099281,-0.006588698393562451,0.3449245028341084
2022-07-29,RELIANCE,RELIANCE,1142.07360839844,0.015761775342383544,-0.015638208623527803,0.8648825759502923
2022-08-01,RELIANCE,RELIANCE,1162.58728027344,0.017802370619094177,-0.0176448445833462,0.9808253174157786
2022-08-02,RELIANCE,RELIANCE,1187.20837402344,0.020956711531138872,-0.02073864562339575,1.1600489670210214
2022-08-03,RELIANCE,RELIANCE,1199.89953613281,0.01063318640264832,-0.01057685391751438,0.5734859093456727
2022-08-04,RELIANCE,RELIANCE,1204.51452636719,0.003838769680831966,-0.0038314110235754405,0.18744007733898324
2022-08-05,RELIANCE,RELIANCE,1188.82360839844,-0.013112349280401503,0.01319869310964349,-0.7756902531602938
2022-08-08,RELIANCE,RELIANCE,1168.05603027344,-0.017623399420376273,0.01777960781567845,-1.0319995400073048
2022-08-10,RELIANCE,RELIANCE,1189.23889160156,0.01797266123106578,-0.01781211620113838,0.9905009060164204
2022-08-11,RELIANCE,RELIANCE,1201.33020019531,0.010115927413018255,-0.010064933514352855,0.5440962376209699
2022-08-12,RELIANCE,RELIANCE,1195.42297363281,-0.00492936743631045,0.004941536755436727,-0.31074879259988253
2022-08-16,RELIANCE,RELIANCE,1221.22082519531,0.02135095920415342,-0.021124641039735093,1.1824493697600849
2022-08-17,RELIANCE,RELIANCE,1229.89709472656,0.007079468268557321,-0.00705446786438582,0.3715704057841159
2022-08-18,RELIANCE,RELIANCE,1227.58959960938,-0.0018779314660282154,0.0018796958836359019,-0.13737200601272276
2022-08-19,RELIANCE,RELIANCE,1222.974609375,-0.0037664760411324494,0.003773578125827558,-0.24467551588380115
2022-08-22,RELIANCE,RELIANCE,1207.7451171875,-0.012531014009115715,0.012609856144949872,-0.7426598890147359
2022-08-23,RELIANCE,RELIANCE,1197.13061523438,-0.008827542095661833,0.008866619747287842,-0.5322356606108358
2022-08-24,RELIANCE,RELIANCE,1218.40576171875,0.017615712061261668,-0.0174614624723689,0.9702197332707424
2022-08-25,RELIANCE,RELIANCE,1222.48999023438,0.003346502876245161,-0.003340909576565907,0.15947041402181003
2022-08-26,RELIANCE,RELIANCE,1215.12902832031,-0.006039487083527639,0.006057761556602071,-0.3738236789931368
2022-08-29,RELIANCE,RELIANCE,1192.97705078125,-0.018398360933987057,0.018568653541619462,-1.07603137887502
2022-08-30,RELIANCE,RELIANCE,1206.36059570312,0.011156148656669806,-0.011094149601321717,0.6031996297027327
2022-09-01,RELIANCE,RELIANCE,1191.892578125,-0.012065609465642169,0.012138692566472766,-0.7162164882694846
2022-09-02,RELIANCE,RELIANCE,1181.62414550781,-0.008652558946454114,0.008690100533428996,-0.5222934509718739
2022-09-05,RELIANCE,RELIANCE,1168.05603027344,-0.011549032233111767,0.011615979784115086,-0.6868655526862274
2022-09-06,RELIANCE,RELIANCE,1187.43908691406,0.01645810600077091,-0.01632341132629638,0.9044467592164394
2022-09-07,RELIANCE,RELIANCE,1188.36206054688,7.769788984566262e-4,-7.76677128513556e-4,0.01347495002834638
2022-09-08,RELIANCE,RELIANCE,1194.47692871094,0.00513243371852834,-0.005119285284697014,0.26094360681284345
2022-09-09,RELIANCE,RELIANCE,1204.51452636719,0.0083682300830219,-0.008333313909067868,0.44479540026024705
2022-09-12,RELIANCE,RELIANCE,1186.30834960938,-0.015230345058149908,0.015346917826048186,-0.8960307438431774
2022-09-13,RELIANCE,RELIANCE,1208.20654296875,0.018290806153492767,-0.018124544587850646,1.0085772952497531
2022-09-14,RELIANCE,RELIANCE,1188.36206054688,-0.016561124896893098,0.01669902050957234,-0.971643122521088
2022-09-15,RELIANCE,RELIANCE,1192.05407714844,0.003101995070181829,-0.0030971888543779983,0.14557794564836293
2022-09-16,RELIANCE,RELIANCE,1173.94018554688,-0.015312163520078137,0.015429995347779703,-0.900679513193354
2022-09-19,RELIANCE,RELIANCE,1153.38037109375,-0.017668687074105627,0.017825701709864493,-1.0345726983341277
2022-09-20,RELIANCE,RELIANCE,1164.11022949219,0.009259959946838592,-0.009217218547354057,0.495461794639193
2022-09-21,RELIANCE,RELIANCE,1152.24975585938,-0.01024070296522428,0.010293318416860178,-0.6125287727330327
2022-09-22,RELIANCE,RELIANCE,1147.28857421875,-0.004314943807036897,0.004324266581324873,-0.27583841090281436
2022-09-23,RELIANCE,RELIANCE,1146.8271484375,-4.022689726719264e-4,4.023498936859593e-4,-0.05352767053366919
2022-09-26,RELIANCE,RELIANCE,1104.85363769531,-0.037286256334654766,0.03799010955853431,-2.149205662017273
2022-09-27,RELIANCE,RELIANCE,1104.83056640625,-2.088197853655771e-5,2.088219656616153e-5,-0.03185798710151819
2022-09-28,RELIANCE,RELIANCE,1089.30114746094,-0.014155648145259825,0.014256313767324707,-0.8349685098240095
2022-09-29,RELIANCE,RELIANCE,1089.1396484375,-1.4827028950303855e-4,1.482812820850757e-4,-0.03909594857906347
2022-09-30,RELIANCE,RELIANCE,1066.52612304688,-0.020981318396198212,0.021202973749969743,-1.2227901078966428
2022-10-03,RELIANCE,RELIANCE,1103.67687988281,0.03424047093685534,-0.03366089977337816,1.914806904592019
2022-10-04,RELIANCE,RELIANCE,1106.58435058594,0.002630885743340805,-0.002627427996420234,0.11881040996531916
2022-10-06,RELIANCE,RELIANCE,1120.98315429688,0.012928007094912708,-0.012844799367187134,0.703873255268433
2022-10-07,RELIANCE,RELIANCE,1114.36059570312,-0.005925332933705896,0.005942922442965077,-0.3673376573743029
2022-10-10,RELIANCE,RELIANCE,1109.90710449219,-0.00400446147896627,0.004012490047955481,-0.2581973957030081
2022-10-11,RELIANCE,RELIANCE,1114.060546875,0.0037351687279683077,-0.0037282016623428854,0.1815536682942619
2022-10-12,RELIANCE,RELIANCE,1085.44763183594,-0.02601902508793419,0.02636047488598206,-1.509023018070054
2022-10-13,RELIANCE,RELIANCE,1094.40075683594,0.008214493623790453,-0.008180846864438115,0.4360603871246117
2022-10-14,RELIANCE,RELIANCE,1114.52209472656,0.018218738996360173,-0.018053781065288457,1.00448257648658
2022-10-17,RELIANCE,RELIANCE,1086.83215332031,-0.02515851498818833,0.02547766122087598,-1.4601304712912144
2022-10-18,RELIANCE,RELIANCE,1117.75256347656,0.028052846107619267,-0.02766301878125679,1.5632378335226145
2022-10-19,RELIANCE,RELIANCE,1132.75134277344,0.013329460419631012,-0.013241016567816937,0.7266830694288198
2022-10-20,RELIANCE,RELIANCE,1146.8271484375,0.01234963798246902,-0.01227369415106509,0.6710114226252997
2022-10-21,RELIANCE,RELIANCE,1157.30310058594,0.009093257066075111,-0.009052038435856648,0.4859900541002455
2022-10-24,RELIANCE,RELIANCE,1135.28955078125,-0.01920465580456554,0.01939025140286138,-1.1218435194750451
2022-10-25,RELIANCE,RELIANCE,1153.2880859375,0.015729338567217255,-0.015606278583567534,0.8630395800951023
2022-10-27,RELIANCE,RELIANCE,1134.36657714844,-0.01654265444562686,0.01668024179328759,-0.9705936666194824
2022-10-28,RELIANCE,RELIANCE,1137.59704589844,0.002843769939187446,-0.0028397302556712185,0.130906084969011
2022-10-31,RELIANCE,RELIANCE,1172.67114257812,0.03036599122651129,-0.029909576015121786,1.6946663385048943
2022-11-01,RELIANCE,RELIANCE,1199.89953613281,0.022953658894016016,-0.02269222775303769,1.273511717061109
2022-11-02,RELIANCE,RELIANCE,1168.65600585938,-0.02638345780736362,0.0267345823893275,-1.5297293918682937
2022-11-03,RELIANCE,RELIANCE,1167.525390625,-0.00096791740945345595,9.683859926804342e-4,-0.08566673858630205
2022-11-04,RELIANCE,RELIANCE,1178.62438964844,0.009461528769951322,-0.009416909340176314,0.5069145516911854
2022-11-07,RELIANCE,RELIANCE,1195.74609375,0.014422349841702875,-0.014318845941502787,0.7887789672091445
2022-11-09,RELIANCE,RELIANCE,1204.65307617188,0.007421285103861308,-0.007393815363161994,0.39099178807219953
2022-11-10,RELIANCE,RELIANCE,1195.28454589844,-0.007807351137177676,0.007837907973952856,-0.4742703512253956
2022-11-11,RELIANCE,RELIANCE,1199.89953613281,0.0038535626384792465,-0.003846147194325768,0.18828058504945697
2022-11-14,RELIANCE,RELIANCE,1214.09069824219,0.011757566695631994,-0.011688716609003384,0.6373710585009494
2022-11-15,RELIANCE,RELIANCE,1210.19104003906,-0.0032171686195230365,0.003222349260662298,-0.21346491322508696
2022-11-16,RELIANCE,RELIANCE,1204.51452636719,-0.004701628395276991,0.0047126983922645875,-0.29780909355345264
2022-11-17,RELIANCE,RELIANCE,1192.95397949219,-0.0096440361556418,0.009690689727965055,-0.5786272997491371
2022-11-18,RELIANCE,RELIANCE,1203.0146484375,0.00839804658306953,-0.008362881498057402,0.44648951706815254
2022-11-21,RELIANCE,RELIANCE,1194.36157226562,-0.0072188200367442334,0.007244938528510864,-0.440831133757506
2022-11-22,RELIANCE,RELIANCE,1174.51708984375,-0.01675471772079362,0.016895865197253092,-0.9826426984718448
2022-11-23,RELIANCE,RELIANCE,1188.36206054688,0.011718863528559886,-0.011650465092060072,0.6351720181792457
2022-11-24,RELIANCE,RELIANCE,1184.20861816406,-0.0035012205646971495,0.003507356996995428,-0.22960420435147577
2022-11-25,RELIANCE,RELIANCE,1194.82312011719,0.008923439075087636,-0.008883743354488249,0.4763413189247559
2022-11-28,RELIANCE,RELIANCE,1204.00695800781,0.007656968156588562,-0.007627728253178771,0.4043828507498732
2022-11-29,RELIANCE,RELIANCE,1247.87243652344,0.035784924452644695,-0.035152213665235514,2.002559815093359
2022-11-30,RELIANCE,RELIANCE,1251.818359375,0.003157131382496736,-0.003152152883849774,0.1487106860192791
2022-12-01,RELIANCE,RELIANCE,1265.34020996094,0.0107438449206807,-0.01068633595889394,0.5797733158164747
2022-12-02,RELIANCE,RELIANCE,1259.89453125,-0.004313014599251375,0.004322329033000159,-0.27572879698672226
2022-12-05,RELIANCE,RELIANCE,1251.58752441406,-0.006615247049926332,0.0066371761254403585,-0.40653726492179176
2022-12-06,RELIANCE,RELIANCE,1229.94323730469,-0.01744474526615125,0.01759779350208186,-1.0218487508471927
2022-12-07,RELIANCE,RELIANCE,1239.12707519531,0.007439140309212,-0.0074115383921963375,0.3920062868713535
2022-12-08,RELIANCE,RELIANCE,1227.58959960938,-0.009354588501455652,0.009398479418203959,-0.5621814347017432
2022-12-09,RELIANCE,RELIANCE,1221.12854003906,-0.00527710760956257,0.00529105606696682,-0.33050672768120726
2022-12-12,RELIANCE,RELIANCE,1193.20788574219,-0.023130081445982498,0.023399656196122946,-1.344878736443025
2022-12-13,RELIANCE,RELIANCE,1205.94519042969,0.010618267328439401,-0.010562092530060652,0.5726382359320882
2022-12-14,RELIANCE,RELIANCE,1217.27502441406,0.009351124156935064,-0.009307538359972231,0.5006415716203033
2022-12-15,RELIANCE,RELIANCE,1201.05334472656,-0.013415814988123387,0.013506210826291932,-0.7929325973407597
2022-12-16,RELIANCE,RELIANCE,1186.51611328125,-0.012177581719502228,0.012252030362325231,-0.722578538710796
2022-12-19,RELIANCE,RELIANCE,1191.13110351562,0.003881985516902553,-0.0038744603518024736,0.18989551892799092
2022-12-20,RELIANCE,RELIANCE,1192.46948242188,0.0011229893588788897,-0.0011223590422974896,0.03313460611743761
2022-12-21,RELIANCE,RELIANCE,1209.59106445312,0.014255987031892126,-0.014154851614236255,0.7793265488548248
2022-12-22,RELIANCE,RELIANCE,1198.9765625,-0.008814010909605763,0.008852968677709242,-0.531466844361779
2022-12-23,RELIANCE,RELIANCE,1182.96252441406,-0.013446422252974877,0.013537231954048592,-0.7946716439004156
2022-12-26,RELIANCE,RELIANCE,1160.55676269531,-0.01912204825039332,0.019306045545514055,-1.1171499154048132
2022-12-27,RELIANCE,RELIANCE,1167.59460449219,0.006045881151647947,-0.006027641588786631,0.3128439521626676
2022-12-28,RELIANCE,RELIANCE,1171.28662109375,0.0031570817942778717,-0.0031521034519393604,0.14870786851102935
2022-12-29,RELIANCE,RELIANCE,1166.21008300781,-0.0043435749521840705,0.004353021946823628,-0.27746517810037463
2022-12-30,RELIANCE,RELIANCE,1174.56323242188,0.007137115599359589,-0.007111706874091659,0.3748458174483877
2023-01-02,RELIANCE,RELIANCE,1176.82458496094,0.001923420049646296,-0.0019215714626959935,0.07861355517701032
2023-01-03,RELIANCE,RELIANCE,1183.77014160156,0.005884598999826629,-0.005867318659704607,0.30368020712949084
2023-01-04,RELIANCE,RELIANCE,1180.05505371094,-0.0031432873774432935,0.0031482326853625136,-0.2092671216064355
2023-01-05,RELIANCE,RELIANCE,1164.59484863281,-0.013187835958508032,0.01327517900004426,-0.7799792625996574
2023-01-06,RELIANCE,RELIANCE,1166.04858398438,0.0012474971673110957,-0.0012467193661884993,0.04020890292103007
2023-01-09,RELIANCE,RELIANCE,1174.65551757812,0.007354173796951358,-0.007327198029500249,0.3871786512903243
2023-01-10,RELIANCE,RELIANCE,1202.66857910156,0.023567975610831127,-0.023292419882098226,1.3084160241956886
2023-01-11,RELIANCE,RELIANCE,1177.97839355469,-0.020743160266257554,0.020959794918109172,-1.209258416040477
2023-01-12,RELIANCE,RELIANCE,1165.21789550781,-0.010891639127302177,0.010951168958247838,-0.6495137270802682
2023-01-13,RELIANCE,RELIANCE,1134.55114746094,-0.026670996375074196,0.027029850629035464,-1.5460667862540871
2023-01-16,RELIANCE,RELIANCE,1141.15063476562,0.005799974193991808,-0.005783186814802465,0.29887198665756387
2023-01-17,RELIANCE,RELIANCE,1134.36657714844,-0.00596266877820284,0.0059804808726238185,-0.36945900902855977
2023-01-18,RELIANCE,RELIANCE,1141.51989746094,0.006286204473195056,-0.006266487626199936,0.3264986660867382
2023-01-19,RELIANCE,RELIANCE,1141.24291992188,-2.4266869804456803e-4,2.4269814447476132e-4,-0.04445948656292944
2023-01-20,RELIANCE,RELIANCE,1142.21203613281,8.48815753117016e-4,-8.48455610931168e-4,0.01755658344319978
2023-01-23,RELIANCE,RELIANCE,1130.21313476562,-0.010560535092936973,0.010616494356773067,-0.6307010257608722
2023-01-24,RELIANCE,RELIANCE,1126.0595703125,-0.0036817970946385614,0.003688583235403182,-0.23986421924259033
2023-01-25,RELIANCE,RELIANCE,1113.34533691406,-0.011355132759187647,0.011419846993459338,-0.6758485534644839
2023-01-27,RELIANCE,RELIANCE,1100.40026855469,-0.011695305801579181,0.011763963286170924,-0.6951765385665152
2023-01-30,RELIANCE,RELIANCE,1076.07922363281,-0.02234990717940999,0.02260153749625693,-1.3005507188690582
2023-01-31,RELIANCE,RELIANCE,1099.29260253906,0.021342797392576607,-0.021116651610893728,1.1819856311538148
2023-02-01,RELIANCE,RELIANCE,1098.34655761719,-8.609648002826376e-4,8.613355368658839e-4,-0.0795898948066109
2023-02-02,RELIANCE,RELIANCE,1069.75659179688,-0.02637478123966286,0.026725673895859964,-1.5292364057983634
2023-02-03,RELIANCE,RELIANCE,1084.06311035156,0.013284982910900744,-0.013197127010474893,0.7241559419995833
2023-02-06,RELIANCE,RELIANCE,1068.3720703125,-0.01458006089421282,0.01468686843757564,-0.8590828347898959
2023-02-07,RELIANCE,RELIANCE,1066.98767089844,-0.0012966429789846856,0.0012974839839473378,-0.10434430005880384
2023-02-08,RELIANCE,RELIANCE,1067.44909667969,4.3236304344773657e-4,-4.322695880162052e-4,-0.00610546723432576
2023-02-09,RELIANCE,RELIANCE,1086.11682128906,0.017337005599726396,-0.01718758446924169,0.9543841623551184
2023-02-10,RELIANCE,RELIANCE,1086.78601074219,6.159405422296871e-4,-6.157508897938409e-4,0.00432505699704602
2023-02-13,RELIANCE,RELIANCE,1080.001953125,-0.006261876932895483,0.006281523470916177,-0.3864594471456982
2023-02-14,RELIANCE,RELIANCE,1075.27160644531,-0.0043895627579573215,0.004399211000584153,-0.2800781177343598
2023-02-15,RELIANCE,RELIANCE,1096.52355957031,0.019571487975605706,-0.019381209769289327,1.081343199932325
2023-02-16,RELIANCE,RELIANCE,1130.42077636719,0.030445157077641838,-0.029986371009399517,1.6991643915560286
2023-02-17,RELIANCE,RELIANCE,1116.82958984375,-0.012095983999946824,0.0121694362748228,-0.7179423115223051
2023-02-20,RELIANCE,RELIANCE,1128.36706542969,0.010277564876728817,-0.010224931176581666,0.5532801707997206
2023-02-21,RELIANCE,RELIANCE,1118.67565917969,-0.008625974251851964,0.00866328517159887,-0.5207829592009836
2023-02-22,RELIANCE,RELIANCE,1119.57556152344,8.041120531201429e-4,-8.037888416619919e-4,0.01501660425652776
2023-02-23,RELIANCE,RELIANCE,1097.44665527344,-0.01996339144441528,0.02016399261291325,-1.164953435064766
2023-02-24,RELIANCE,RELIANCE,1094.67761230469,-0.002526357180096639,0.002529551109499873,-0.17421432148011265
2023-02-27,RELIANCE,RELIANCE,1099.29260253906,0.004206982400905446,-0.004198145447090842,0.20836122358245024
2023-02-28,RELIANCE,RELIANCE,1087.33972167969,-0.010932793577949518,0.010992774954368028,-0.6518520446712476
2023-03-01,RELIANCE,RELIANCE,1081.75561523438,-0.005148799766022449,0.005162077614083021,-0.32321652011218155
2023-03-02,RELIANCE,RELIANCE,1078.52514648438,-0.002990788248675713,0.002995265117860454,-0.20060241123384304
2023-03-03,RELIANCE,RELIANCE,1084.13232421875,0.005185463139326885,-0.005172041833925259,0.26395663761611304
2023-03-06,RELIANCE,RELIANCE,1107.599609375,0.02141519375766876,-0.021187516641949882,1.186099054886931
2023-03-08,RELIANCE,RELIANCE,1111.61462402344,0.0036184149945555077,-0.003611876419822396,0.17491994328143948
2023-03-09,RELIANCE,RELIANCE,1114.98364257812,0.003026159838742437,-0.0030215856323147364,0.14126913207171504
2023-03-10,RELIANCE,RELIANCE,1080.60192871094,-0.031321507192832776,0.03181718721175545,-1.8102999634939865
2023-03-13,RELIANCE,RELIANCE,1074.83312988281,-0.005352805763593871,0.005367157624513286,-0.33480775278035846
2023-03-14,RELIANCE,RELIANCE,1052.21960449219,-0.02126357946685964,0.02149126027882124,-1.2388276449403632
2023-03-15,RELIANCE,RELIANCE,1054.11181640625,0.0017966901165751281,-0.0017950770351015104,0.07141300147889927
2023-03-16,RELIANCE,RELIANCE,1035.14416503906,-0.018157825254028204,0.018323680901465814,-1.0623645991499784
2023-03-17,RELIANCE,RELIANCE,1035.95178222656,7.798935916047967e-4,-7.795895536413838e-4,0.01364055734790519
2023-03-20,RELIANCE,RELIANCE,1022.22216796875,-0.013341746857086889,0.013431145095485469,-0.7887241870471375
2023-03-21,RELIANCE,RELIANCE,1024.04504394531,0.0017816602329787656,-0.0017800740185578703,0.07055903208677174
2023-03-22,RELIANCE,RELIANCE,1054.52709960938,0.02933190574193656,-0.028905900735373444,1.6359115685808008
2023-03-23,RELIANCE,RELIANCE,1046.681640625,-0.007467602140304841,0.007495554216175303,-0.4549664595830626
2023-03-24,RELIANCE,RELIANCE,1036.18249511719,-0.010081535567244337,0.01013252545500932,-0.6034851839899089
2023-03-27,RELIANCE,RELIANCE,1023.37591552734,-0.012436398582318375,0.012514052163569671,-0.7372840204664307
2023-03-28,RELIANCE,RELIANCE,1036.06713867188,0.012325064075559666,-0.012249421558537902,0.6696151799856388
2023-03-29,RELIANCE,RELIANCE,1033.29809570312,-0.0026762260962565065,0.0026798103860588033,-0.1827295881762242
2023-03-31,RELIANCE,RELIANCE,1040.68212890625,0.007120670019368447,-0.0070953781159772316,0.3739114108803932
2023-04-03,RELIANCE,RELIANCE,1082.21716308594,0.039135474212267596,-0.03837957444811995,2.192931678137932
2023-04-05,RELIANCE,RELIANCE,1083.6015625,0.001278407639801138,-0.001277590824865573,0.04196517716187963
2023-04-06,RELIANCE,RELIANCE,1069.82580566406,-0.01279443640460709,0.012876635395225995,-0.7576270483751927
2023-04-10,RELIANCE,RELIANCE,1084.52465820312,0.013645951182743588,-0.013553267256655644,0.7446654724768732
2023-04-11,RELIANCE,RELIANCE,1077.140625,-0.0068318272774128275,0.006855217444908828,-0.418842941411683
2023-04-12,RELIANCE,RELIANCE,1078.22509765625,0.001006300449493125,-0.0010057942989894508,0.02650456428243918
2023-04-13,RELIANCE,RELIANCE,1085.90905761719,0.0071012161905796845,-0.0070760621315756524,0.37280608133884147
2023-04-17,RELIANCE,RELIANCE,1119.11401367188,0.03011983571170518,-0.02967075351486535,1.680680250455383
2023-04-18,RELIANCE,RELIANCE,1096.98510742188,-0.019971707564178764,0.02017247645413078,-1.1654259411686272
2023-04-19,RELIANCE,RELIANCE,1079.47119140625,-0.016094321831140235,0.016224533044568102,-0.9451202604006018
2023-04-20,RELIANCE,RELIANCE,1086.41674804688,0.006413610161942529,-0.006393086863872881,0.3337376149367565
2023-04-21,RELIANCE,RELIANCE,1084.82458496094,-0.0014665927247392574,0.0014676686977898167,-0.1140005212894565
2023-04-24,RELIANCE,RELIANCE,1096.06213378906,0.010305577257403442,-0.010252656744259622,0.554871780977079
2023-04-25,RELIANCE,RELIANCE,1091.90856933594,-0.003796732229290889,0.0038039489475259346,-0.2463946149336713
2023-04-26,RELIANCE,RELIANCE,1097.90808105469,0.005479478593601428,-0.005464493633188903,0.2806620363744099
2023-04-27,RELIANCE,RELIANCE,1096.06213378906,-0.001682746364310539,0.0016841629764624817,-0.1262819598656006
2023-04-28,RELIANCE,RELIANCE,1099.29260253906,0.0029430060009980608,-0.0029386796040822218,0.13654448920818513
2023-05-02,RELIANCE,RELIANCE,1124.30590820312,0.022498990432357147,-0.02224777570015316,1.2476783200595791
2023-05-03,RELIANCE,RELIANCE,1128.36706542969,0.0036056379899811475,-0.003599145482878381,0.17419397818930701
2023-05-04,RELIANCE,RELIANCE,1117.3603515625,-0.00980243810357706,0.009850639367862282,-0.5876273970769218
2023-05-05,RELIANCE,RELIANCE,1126.52111816406,0.008165152768161654,-0.008131908451471992,0.4332569335769564
2023-05-08,RELIANCE,RELIANCE,1130.67456054688,0.0036801834327064853,-0.0036734198572674027,0.17842950842499575
2023-05-09,RELIANCE,RELIANCE,1142.21203613281,0.010152354015546372,-0.010100992828785498,0.5461659278763682
2023-05-10,RELIANCE,RELIANCE,1149.13464355469,0.006042410383104269,-0.006024191734804781,0.3126467496970198
2023-05-11,RELIANCE,RELIANCE,1153.26501464844,0.00358788754147632,-0.0035814587638463113,0.17318543147480764
2023-05-12,RELIANCE,RELIANCE,1139.81225585938,-0.0117335017918343,0.011802609350710194,-0.69734676206632
2023-05-15,RELIANCE,RELIANCE,1149.08850097656,0.008105459247789604,-0.008072698586137206,0.4298652613141065
2023-05-16,RELIANCE,RELIANCE,1150.98059082031,0.0016452464643741394,-0.0016438937883405118,0.0628082612768228
2023-05-17,RELIANCE,RELIANCE,1136.67407226562,-0.012507748917599315,0.012586297958019077,-0.7413380107757587
2023-05-18,RELIANCE,RELIANCE,1130.46691894531,-0.005475767809756782,0.005490787228078357,-0.34179422231256945
2023-05-19,RELIANCE,RELIANCE,1123.31372070312,-0.006347753757014907,0.006367943443005906,-0.3913388049147178
2023-05-22,RELIANCE,RELIANCE,1123.75207519531,3.9015724288127274e-4,-3.9008114144199854e-4,-0.00850352052750185
2023-05-23,RELIANCE,RELIANCE,1135.58959960938,0.010478833604586235,-0.0104241218994449,0.5647158770102733
2023-05-24,RELIANCE,RELIANCE,1128.78247070312,-0.006012394783826203,0.006030505507425036,-0.3722843460661933
2023-05-25,RELIANCE,RELIANCE,1123.24450683594,-0.00491821375629975,0.004930328021616461,-0.3101150617211785
2023-05-26,RELIANCE,RELIANCE,1134.36657714844,0.009853034803851912,-0.009804652690366244,0.5291591797116436
2023-05-29,RELIANCE,RELIANCE,1163.44104003906,0.02530761448112795,-0.024990061283762077,1.407258995207192
2023-05-30,RELIANCE,RELIANCE,1163.25646972656,-1.5865432623929365e-4,1.5866691250243886e-4,-0.03968594979120182
2023-05-31,RELIANCE,RELIANCE,1153.74963378906,-0.00820618406948892,0.008239947089975098,-0.49693127967439343
2023-06-01,RELIANCE,RELIANCE,1144.5888671875,-0.007971684858255834,0.008003543336979998,-0.483607480618283
2023-06-02,RELIANCE,RELIANCE,1140.36608886719,-0.0036961631270848727,0.0037030023617282385,-0.24068046987532943
2023-06-05,RELIANCE,RELIANCE,1138.61242675781,-0.0015389898969946358,0.0015401747496938368,-0.11811399088407172
2023-06-06,RELIANCE,RELIANCE,1146.11181640625,0.0065648330246528275,-0.006543331585180842,0.3423298103000157
2023-06-07,RELIANCE,RELIANCE,1147.75012207031,0.0014284259354466755,-0.0014274062207066686,0.05048893131617221
2023-06-08,RELIANCE,RELIANCE,1156.5185546875,0.007610635885644257,-0.0075817483270376905,0.4017503392602595
2023-06-09,RELIANCE,RELIANCE,1156.98010253906,3.99004214886034e-4,-3.9892462329050026e-4,-0.00800085240924068
2023-06-12,RELIANCE,RELIANCE,1142.44287109375,-0.012644411486930629,0.012724690059462114,-0.7491029179696546
2023-06-13,RELIANCE,RELIANCE,1151.44213867188,0.00784635124248556,-0.00781564898129412,0.4151432373961439
2023-06-14,RELIANCE,RELIANCE,1163.44104003906,0.01036683746187883,-0.01031328701175709,0.5583524692501518
2023-06-15,RELIANCE,RELIANCE,1177.6552734375,0.012143377431621971,-0.012069944167064754,0.6592920905292333
2023-06-16,RELIANCE,RELIANCE,1181.53186035156,0.0032863780473846305,-0.0032809838178265768,0.15605423563120122
2023-06-19,RELIANCE,RELIANCE,1192.515625,0.009253263119542332,-0.009210583423961426,0.4950812936526822
2023-06-20,RELIANCE,RELIANCE,1175.69396972656,-0.014206460633460871,0.01430785196368094,-0.8378555787346681
2023-06-21,RELIANCE,RELIANCE,1180.05505371094,0.0037025072900433997,-0.0036956614614425186,0.17969790752850515
2023-06-22,RELIANCE,RELIANCE,1179.59362792969,-3.9109702280892833e-4,3.9117351122000413e-4,-0.05289290159660381
2023-06-23,RELIANCE,RELIANCE,1167.0869140625,-0.010659169033615967,0.01071618036025742,-0.6363052186228146
2023-06-26,RELIANCE,RELIANCE,1156.98010253906,-0.008697576416140329,0.00873551023155888,-0.52485125795532
2023-06-27,RELIANCE,RELIANCE,1152.15747070312,-0.004177004353203451,0.004185740194868435,-0.2680009535607614
2023-06-28,RELIANCE,RELIANCE,1159.74914550781,0.006567481608755976,-0.0065459628352352835,0.342480297809919
2023-06-30,RELIANCE,RELIANCE,1175.16320800781,0.013203310523073775,-0.013116529172259075,0.7195154723019579
2023-07-03,RELIANCE,RELIANCE,1180.53967285156,0.004564645416670565,-0.004554243256190876,0.2286829556975692
2023-07-04,RELIANCE,RELIANCE,1211.43713378906,0.02583568491057253,-0.025504799279893943,1.4372629523737532
2023-07-05,RELIANCE,RELIANCE,1204.05310058594,-0.006113919318978311,0.006132647471715852,-0.37805277700687634
2023-07-06,RELIANCE,RELIANCE,1188.8466796875,-0.012709788955990398,0.012790901600900427,-0.7528175413834045
2023-07-07,RELIANCE,RELIANCE,1216.05212402344,0.02262598734134258,-0.022371939326028104,1.2548940428212236
2023-07-10,RELIANCE,RELIANCE,1240.92687988281,0.02024893639039682,-0.020045303444244118,1.1198345300401886
2023-07-11,RELIANCE,RELIANCE,1270.462890625,0.02352273070404909,-0.023248227838957074,1.3058452946690724
2023-07-12,RELIANCE,RELIANCE,1276.64697265625,0.004855773417048681,-0.004844003208172042,0.2452242948187658
2023-07-13,RELIANCE,RELIANCE,1284.76940917969,0.006342165847613046,-0.00632209676336089,0.3296782849166935
2023-07-14,RELIANCE,RELIANCE,1269.12451171875,-0.0122519522345792,0.012327314866649631,-0.7268041298902922
2023-07-17,RELIANCE,RELIANCE,1267.74011230469,-0.001091425642799848,0.0010920214645123345,-0.09268424143519906
2023-07-18,RELIANCE,RELIANCE,1300.04504394531,0.025163036798046434,-0.024849086415177316,1.3990443663082532
2023-07-19,RELIANCE,RELIANCE,1306.04455566406,0.004604233345059328,-0.004593650111499864,0.23093226647399215
2023-07-20,RELIANCE,RELIANCE,1290,-0.012360928027399964,0.012437640049658914,-0.732995927115924
2023-07-21,RELIANCE,RELIANCE,1304.5,0.011177607221065422,-0.011115369873514757,0.6044188645075763
2023-07-24,RELIANCE,RELIANCE,1240.5,-0.05030530144492751,0.051592099959693674,-2.888923036930302
2023-07-25,RELIANCE,RELIANCE,1247,0.005226142548180768,-0.0052125100240577385,0.26626796423609267
2023-07-26,RELIANCE,RELIANCE,1242.5,-0.0036151877092525098,0.0036217303822937627,-0.23607960068687792
2023-07-27,RELIANCE,RELIANCE,1267.02502441406,0.019546173074060924,-0.019356385186947416,1.079904855387241
2023-07-28,RELIANCE,RELIANCE,1256.02502441406,-0.008719660318634581,0.008757787294191481,-0.5261060232812819
2023-07-31,RELIANCE,RELIANCE,1263.92504882812,0.006270005409271029,-0.006250389943125746,0.3255782660926627
2023-08-01,RELIANCE,RELIANCE,1277.5,0.010683045942378122,-0.010626184870356166,0.576318833537168
2023-08-02,RELIANCE,RELIANCE,1254.59997558594,-0.01808826587485335,0.018252849401949753,-1.058412367559432
2023-08-03,RELIANCE,RELIANCE,1237.65002441406,-0.013602337258402208,0.013695269936995807,-0.8035304378862533
2023-08-04,RELIANCE,RELIANCE,1249.40002441406,0.009449015655492943,-0.00940451398302996,0.5062035803333902
2023-08-07,RELIANCE,RELIANCE,1260.5,0.008845012027877353,-0.008806009984879017,0.4718852433068936
2023-08-08,RELIANCE,RELIANCE,1264,0.0027728280788288373,-0.002768987341772152,0.12687530342768993
2023-08-09,RELIANCE,RELIANCE,1252.42504882812,-0.009199584793336157,0.009242031036276825,-0.5533744188952198
2023-08-10,RELIANCE,RELIANCE,1262.47497558594,0.007992349721535952,-0.007960495813515536,0.4234385932191217
2023-08-11,RELIANCE,RELIANCE,1266.22497558594,0.0029659531153827245,-0.002961559021740749,0.13784830059148914
2023-08-14,RELIANCE,RELIANCE,1269.5,0.0025831083943472777,-0.002579775040614414,0.11609579189016736
2023-08-16,RELIANCE,RELIANCE,1275.5,0.004715136437133616,-0.004704037632301058,0.23723356917661953
2023-08-17,RELIANCE,RELIANCE,1283.55004882812,0.006291455991769723,-0.006271706222495714,0.32679704738132426
2023-08-18,RELIANCE,RELIANCE,1265.625,-0.014063643278732663,0.014163001543205924,-0.8297409683437178
2023-08-21,RELIANCE,RELIANCE,1269.97497558594,0.0034311247005627266,-0.003425245118655203,0.16427846508958804
2023-08-22,RELIANCE,RELIANCE,1258.44995117188,-0.009116429846661944,0.0091581110582330209,-0.5486497130243757
2023-08-23,RELIANCE,RELIANCE,1262.09997558594,0.0028962147717823683,-0.0028920247877870734,0.13388590058269145
2023-08-24,RELIANCE,RELIANCE,1269.94995117188,0.006200510229435352,-0.006181326735511292,0.3216296821864272
2023-08-25,RELIANCE,RELIANCE,1228,-0.03359066144293443,0.034161198022703586,-1.939228991002548
2023-08-28,RELIANCE,RELIANCE,1236,0.006493529310548141,-0.006472491909385114,0.3382784689172928
2023-08-29,RELIANCE,RELIANCE,1226.02502441406,-0.008103110299071403,0.008136029352832521,-0.49107482413337256
2023-08-30,RELIANCE,RELIANCE,1216,-0.008210465192451721,0.008244263498404604,-0.4971745249364904
2023-08-31,RELIANCE,RELIANCE,1211.5,-0.003707522269531971,0.003714403631861329,-0.24132587473884895
2023-09-01,RELIANCE,RELIANCE,1203.27502441406,-0.006812234937402906,0.00683549098839244,-0.41772974192603374
2023-09-04,RELIANCE,RELIANCE,1206.32495117188,0.0025314810902088425,-0.0025282795940324066,0.11316242668805176
2023-09-05,RELIANCE,RELIANCE,1210,0.00304185218139974,-0.003037230436462808,0.1421607411273992
2023-09-06,RELIANCE,RELIANCE,1210.55004882812,4.54482515538146e-4,-4.543792540031498e-4,-0.00484868091165624
2023-09-07,RELIANCE,RELIANCE,1210.84997558594,2.477300374410518e-4,-2.476993548890038e-4,-0.01659596337813393
2023-09-08,RELIANCE,RELIANCE,1220,0.007528286583537103,-0.007500020011524589,0.39707140858100054
2023-09-11,RELIANCE,RELIANCE,1226,0.004905978768854347,-0.004893964110929853,0.24807686739453935
2023-09-12,RELIANCE,RELIANCE,1241.5,0.012563488452064675,-0.012484897301651228,0.6831619994650795
2023-09-13,RELIANCE,RELIANCE,1220,-0.01746946722091902,0.01762295081967213,-1.023253405284482
2023-09-14,RELIANCE,RELIANCE,1230,0.008163310639160315,-0.008130081300813009,0.4331522673117259
2023-09-15,RELIANCE,RELIANCE,1234,0.0032467560988704847,-0.0032414910858995136,0.15380299189589047
2023-09-18,RELIANCE,RELIANCE,1220.02502441406,-0.011389555133592744,0.011454663065334866,-0.6778043672908374
2023-09-20,RELIANCE,RELIANCE,1211.52502441406,-0.00699145356082731,0.007015950829501789,-0.4279126031522197
2023-09-21,RELIANCE,RELIANCE,1187.47497558594,-0.020050733274946886,0.020253099494793897,-1.169916031711015
2023-09-22,RELIANCE,RELIANCE,1188,4.4203742662407564e-4,-4.4193974247474653e-4,-0.00555578718738581
2023-09-25,RELIANCE,RELIANCE,1175.19995117188,-0.010832916611698273,0.010891805105468316,-0.6461772254610665
2023-09-26,RELIANCE,RELIANCE,1169.27502441406,-0.005054384826533642,0.005067179777306085,-0.3178520428713707
2023-09-27,RELIANCE,RELIANCE,1171.75,0.0021144383184568127,-0.002112204468478772,0.08946684980558052
2023-09-28,RELIANCE,RELIANCE,1191.5,0.01671465973598174,-0.0165757448594209,0.9190236543671196
2023-09-29,RELIANCE,RELIANCE,1170.90002441406,-0.01744031283343972,0.017593283078329944,-1.0215969084530132
2023-10-03,RELIANCE,RELIANCE,1164.97497558594,-0.00507309812000134,0.005085988070378863,-0.3189152966049082
2023-10-04,RELIANCE,RELIANCE,1154.5,-0.009032256790805882,0.009073170711078389,-0.5438671601268
2023-10-05,RELIANCE,RELIANCE,1159.625,0.00442932717888489,-0.004419532176350113,0.22099443086455517
2023-10-06,RELIANCE,RELIANCE,1158.52502441406,-9.490116316115405e-4,9.494620856345585e-4,-0.08459254825688535
2023-10-09,RELIANCE,RELIANCE,1154.05004882812,-0.0038701283458362212,0.0038776269629589417,-0.2505648426423923
2023-10-10,RELIANCE,RELIANCE,1153.27502441406,-6.71794756790689e-4,6.720204614278911e-4,-0.06884161282440932
2023-10-11,RELIANCE,RELIANCE,1157.22497558594,0.003419134403763735,-0.0034132958199247433,0.16359719923659616
2023-10-12,RELIANCE,RELIANCE,1171.92504882812,0.012622860937169023,-0.012543526786870462,0.6865354311147618
2023-10-13,RELIANCE,RELIANCE,1170,-0.0016439887883272775,0.0016453408787350408,-0.12407982813310484
2023-10-16,RELIANCE,RELIANCE,1172.5,0.002134472528632081,-0.0021321961620469083,0.09060515551343735
2023-10-17,RELIANCE,RELIANCE,1178,0.0046798638910976464,-0.00466893039049236,0.2352294502156092
2023-10-18,RELIANCE,RELIANCE,1177.625,-3.1838684270013573e-4,3.1843753317057635e-4,-0.04876164749129902
2023-10-19,RELIANCE,RELIANCE,1156,-0.01853392813650867,0.01870674740484429,-1.0837340494107088
2023-10-20,RELIANCE,RELIANCE,1150,-0.005203827875027045,0.0052173913043478265,-0.32634311257690923
2023-10-23,RELIANCE,RELIANCE,1145,-0.004357305368955622,0.004366812227074236,-0.2782453142597529
2023-10-25,RELIANCE,RELIANCE,1125.02502441406,-0.017599357673603322,0.017755138910215306,-1.030633533694192
2023-10-26,RELIANCE,RELIANCE,1125.5,4.2210203204984253e-4,-4.2201295952021424e-4,-0.00668847838074423
2023-10-27,RELIANCE,RELIANCE,1120,-0.004898696057646923,0.004910714285714286,-0.30900610321537814
2023-10-30,RELIANCE,RELIANCE,1137,0.015064529461396248,-0.014951627088830254,0.8252663914770996
2023-10-31,RELIANCE,RELIANCE,1164,0.023469134540846426,-0.023195876288659795,1.302800062640647
2023-11-01,RELIANCE,RELIANCE,1144.57495117188,-0.016829002906816548,0.016971408301598375,-0.9868634414169064
2023-11-02,RELIANCE,RELIANCE,1156.97497558594,0.010775472868154168,-0.010717625424681389,0.581570355620904
2023-11-03,RELIANCE,RELIANCE,1163.59997558594,0.005709807386837795,-0.005693537417499454,0.29374888021409346
2023-11-06,RELIANCE,RELIANCE,1166.15002441406,0.0021891188724030286,-0.0021867244991923634,0.09371005680383372
2023-11-07,RELIANCE,RELIANCE,1167.02502441406,7.500509157774005e-4,-7.497696979028535e-4,0.01194495328200421
2023-11-08,RELIANCE,RELIANCE,1166,-8.787085173009856e-4,8.790946947341328e-4,-0.08059805905080047
2023-11-09,RELIANCE,RELIANCE,1167.92504882812,0.0016496238948491282,-0.001648264013218627,0.06305697854845574
2023-11-10,RELIANCE,RELIANCE,1152.77502441406,-0.013056611505551707,0.013142221242831447,-0.7725233388323806
2023-11-13,RELIANCE,RELIANCE,1161.44995117188,0.007497082160449864,-0.007469049139024178,0.3952984326264933
2023-11-15,RELIANCE,RELIANCE,1170,0.0073345663316173315,-0.007307734041128203,0.3860645924125101
2023-11-16,RELIANCE,RELIANCE,1175.55004882812,0.00473241591158402,-0.004721235674867879,0.23821535604141697
2023-11-17,RELIANCE,RELIANCE,1176.44995117188,7.652231187700309e-4,-7.649304102257795e-4,0.01280700899146108
2023-11-20,RELIANCE,RELIANCE,1174.27502441406,-0.0018504311657085992,0.0018521442699551995,-0.13580949126684708
2023-11-21,RELIANCE,RELIANCE,1183,0.007402628321939275,-0.007375296353288251,0.38993174521719653
2023-11-22,RELIANCE,RELIANCE,1187.5,0.0037966719304094454,-0.003789473684210526,0.18504816324940515
2023-11-23,RELIANCE,RELIANCE,1194.09997558594,0.0055424861849679985,-0.005527154945884175,0.2842420078462741
2023-11-24,RELIANCE,RELIANCE,1195.80004882812,0.001422715186054191,-0.0014217036065904687,0.05016445740019278
2023-11-28,RELIANCE,RELIANCE,1196.94995117188,9.611555175306208e-4,-9.606937555193403e-4,0.0239395151348974
2023-11-29,RELIANCE,RELIANCE,1204,0.005872733071417002,-0.0058555222824916925,0.3030060076517992
2023-11-30,RELIANCE,RELIANCE,1197.34997558594,-0.005538585779917504,0.005553952102271282,-0.3453634198682442
2023-12-01,RELIANCE,RELIANCE,1189,-0.006998143398067036,0.007022687624844408,-0.4282927069769969
2023-12-04,RELIANCE,RELIANCE,1225,0.02982822628804538,-0.029387755102040815,1.6641115577791818
2023-12-05,RELIANCE,RELIANCE,1219.5,-0.004499905322852271,0.004510045100451004,-0.2863475723490181
2023-12-06,RELIANCE,RELIANCE,1223.55004882812,0.003315570665650469,-0.003310080230881454,0.15771290466315369
2023-12-07,RELIANCE,RELIANCE,1230,0.005257660044837742,-0.005243862741365855,0.26805872843530626
2023-12-08,RELIANCE,RELIANCE,1231.92504882812,0.0015638568861948698,-0.0015626346992061069,0.05818386028531985
2023-12-11,RELIANCE,RELIANCE,1228,-0.0031911965455702074,0.0031962938339739396,-0.21198922939397336
2023-12-12,RELIANCE,RELIANCE,1230,0.0016273396593753375,-0.0016260162601626016,0.06179083068380332
2023-12-13,RELIANCE,RELIANCE,1211,-0.015567704813371108,0.01568951279933939,-0.9151988833203664
2023-12-14,RELIANCE,RELIANCE,1227,0.013125701157819414,-0.013039934800325998,0.7151058558171358
2023-12-15,RELIANCE,RELIANCE,1239,0.009732436918231002,-0.009685230024213076,0.522307037283681
2023-12-18,RELIANCE,RELIANCE,1247.80004882812,0.00707743717890974,-0.007052451100947323,0.3714550031344371
2023-12-19,RELIANCE,RELIANCE,1277.5,0.023523003269807496,-0.02324849406800783,1.3058607813368823
2023-12-20,RELIANCE,RELIANCE,1285.52502441406,0.006262171116214965,-0.0062426045869607176,0.32513313646572195
2023-12-21,RELIANCE,RELIANCE,1263.5,-0.017281566365825896,0.017431756560395726,-1.0125772361725331
2023-12-22,RELIANCE,RELIANCE,1279.80004882812,0.012818206030040358,-0.012736402724039224,0.6976345676548705
2023-12-26,RELIANCE,RELIANCE,1284,0.003276351391617638,-0.003270990009252338,0.15548454012583576
2023-12-27,RELIANCE,RELIANCE,1291,0.005436906596735902,-0.005422153369481022,0.27824317650418307
2023-12-28,RELIANCE,RELIANCE,1294.90002441406,0.003016379082163567,-0.003011834381441728,0.14071340809041227
2023-12-29,RELIANCE,RELIANCE,1305.55004882812,0.008190954379497128,-0.008157499916314667,0.4347229320464512
2024-01-01,RELIANCE,RELIANCE,1290.27502441406,-0.011769052455681717,0.011838580244546466,-0.699366683152331
2024-01-02,RELIANCE,RELIANCE,1292.5,0.0017229345299627497,-0.001721451130321084,0.06722234936485096
2024-01-03,RELIANCE,RELIANCE,1305,0.009624713374210003,-0.009578544061302681,0.5161863904524526
2024-01-04,RELIANCE,RELIANCE,1294,-0.00846484469594877,0.008500772797527048,-0.5116278843775285
2024-01-05,RELIANCE,RELIANCE,1301.44995117188,0.005740793906658048,-0.0057243470370656625,0.2955094753195567
2024-01-08,RELIANCE,RELIANCE,1305,0.0027240507892907218,-0.002720343929593868,0.1241038706331067
2024-01-09,RELIANCE,RELIANCE,1300,-0.003838776307166114,0.0038461538461538464,-0.2487834794512421
2024-01-10,RELIANCE,RELIANCE,1288.5,-0.008885513357208552,0.00892510671323244,-0.5355294774037487
2024-01-11,RELIANCE,RELIANCE,1329.5,0.031324180590655004,-0.030838661150808574,1.749108835255613
2024-01-12,RELIANCE,RELIANCE,1359.90002441406,0.022608253884673246,-0.022354602447454516,1.2538864615505252
2024-01-15,RELIANCE,RELIANCE,1375,0.011042545532923498,-0.010981800426138182,0.5967449163372472
2024-01-16,RELIANCE,RELIANCE,1389.97497558594,0.010832012686424086,-0.010773557689142815,0.584782840530093
2024-01-17,RELIANCE,RELIANCE,1359.5,-0.022168758714570025,0.02241631157479956,-1.2902582077251676
2024-01-18,RELIANCE,RELIANCE,1351.40002441406,-0.005975874888696886,0.0059937660497320095,-0.37020935510271913
2024-01-19,RELIANCE,RELIANCE,1376,0.01803962930946046,-0.017877889233968023,0.9943059048265368
2024-01-23,RELIANCE,RELIANCE,1371.75,-0.0030934425542037403,0.0030982321851649353,-0.20643503357791476
2024-01-24,RELIANCE,RELIANCE,1335.22497558594,-0.026987498264652743,0.027354958963399883,-1.5640498214867602
2024-01-25,RELIANCE,RELIANCE,1342.94995117188,0.005768851714989864,-0.005752243841402326,0.2971036666100404
2024-01-29,RELIANCE,RELIANCE,1364.5,0.015919410758971075,-0.01579336667506046,0.8738391204252127
2024-01-30,RELIANCE,RELIANCE,1459.94995117188,0.06761409394715479,-0.06537892007548872,3.81103267195162
2024-01-31,RELIANCE,RELIANCE,1404,-0.039076849509791955,0.039850392572564106,-2.25094375969117
2024-02-01,RELIANCE,RELIANCE,1435,0.021839543607965695,-0.021602787456445994,1.2102098060708757
2024-02-02,RELIANCE,RELIANCE,1433.17504882812,-0.001272552328283716,0.0012733623665666172,-0.10297551511753798
2024-02-05,RELIANCE,RELIANCE,1460.75,0.01905770556910813,-0.018877255637090536,1.052151061047213
2024-02-06,RELIANCE,RELIANCE,1441.84997558594,-0.013023008124191549,0.013108176810405946,-0.7706140586326722
2024-02-07,RELIANCE,RELIANCE,1435.92504882812,-0.0041177194737480605,0.004126208928979563,-0.26463249949740114
2024-02-08,RELIANCE,RELIANCE,1450,0.00975428157801339,-0.009706862877158622,0.5235482092938485
2024-02-09,RELIANCE,RELIANCE,1454,0.0027548226788445263,-0.002751031636863824,0.12585227085522896
2024-02-12,RELIANCE,RELIANCE,1460.75,0.004631623341081692,-0.00462091391408523,0.2324885139395672
2024-02-13,RELIANCE,RELIANCE,1455.5,-0.003600518248868312,0.003607007901064926,-0.23524610985595568
2024-02-14,RELIANCE,RELIANCE,1457.5,0.001373155038969287,-0.0013722126929674098,0.04734854412920172
2024-02-15,RELIANCE,RELIANCE,1483.34997558594,0.017580387700729894,-0.017426754313815233,0.968212670308646
2024-02-16,RELIANCE,RELIANCE,1476.47497558594,-0.004645553353743281,0.004656360665558624,-0.2946230163742538
2024-02-19,RELIANCE,RELIANCE,1462.05004882812,-0.009817879723280853,0.009866233217790352,-0.588504760531411
2024-02-20,RELIANCE,RELIANCE,1475.02502441406,0.008835361486098314,-0.008796444379710907,0.47133691788282217
2024-02-21,RELIANCE,RELIANCE,1474,-6.951615851695792e-4,6.95403265983717e-4,-0.07016927155838291
2024-02-22,RELIANCE,RELIANCE,1468.15002441406,-0.003976672329180531,0.003984589782147592,-0.2566184690800532
2024-02-23,RELIANCE,RELIANCE,1489.5,0.014437371733235338,-0.014333652625673045,0.7896324825074766
2024-02-26,RELIANCE,RELIANCE,1493.55004882812,0.0027153760415243866,-0.0027116927426019477,0.12361098796842863
2024-02-27,RELIANCE,RELIANCE,1483.02502441406,-0.007071932015843885,0.0070969971786001475,-0.43248523585896137
2024-02-28,RELIANCE,RELIANCE,1483,-1.6874041085301883e-5,1.687418345246048e-5,-0.03163026372049594
2024-02-29,RELIANCE,RELIANCE,1465,-0.012211820686764518,0.012286689419795221,-0.7245239316922372
2024-03-01,RELIANCE,RELIANCE,1463.5,-0.0010244153192271455,0.0010249402118209772,-0.088876842334444775
2024-03-04,RELIANCE,RELIANCE,1490.47497558594,0.018264017570464475,-0.018098241183375465,1.0070552189263442
2024-03-05,RELIANCE,RELIANCE,1505.77502441406,0.010212887318964192,-0.010160912872142824,0.5496053150142178
2024-03-06,RELIANCE,RELIANCE,1493.44995117188,-0.008218885026894718,0.00825275278392072,-0.497652923911132
2024-03-07,RELIANCE,RELIANCE,1502.97497558594,0.006357613976473608,-0.006337447109088849,0.3305560182090727
2024-03-11,RELIANCE,RELIANCE,1489,-0.009341707286938394,0.009385477223599732,-0.5614495485989273
2024-03-12,RELIANCE,RELIANCE,1466.59997558594,-0.015157973671017011,0.015273438420119079,-0.8919187393101663
2024-03-13,RELIANCE,RELIANCE,1479.77502441406,0.008943285659356093,-0.00890341343160381,0.4774689640855478
2024-03-14,RELIANCE,RELIANCE,1439.69995117188,-0.027455341055521387,0.027835712024272753,-1.5906317588103136
2024-03-15,RELIANCE,RELIANCE,1425.94995117188,-0.00959650061343531,0.009642694674311619,-0.5759264206755282
2024-03-18,RELIANCE,RELIANCE,1420,-0.004181352408084926,0.004190106459070424,-0.2682480017671134
2024-03-19,RELIANCE,RELIANCE,1428.75,0.00614306451371327,-0.006124234470691163,0.3183657259075084
2024-03-20,RELIANCE,RELIANCE,1427.94995117188,-5.601210226560127e-4,5.602779197292029e-4,-0.06249652370607478
2024-03-21,RELIANCE,RELIANCE,1452.52502441406,0.017063623003554795,-0.016918863929448264,0.9388510833409378
2024-03-22,RELIANCE,RELIANCE,1449.97497558594,-0.0017571400408167293,0.0017586847159824356,-0.13050886703342968
2024-03-26,RELIANCE,RELIANCE,1445,-0.0034369765025692445,0.003442889678851212,-0.22595397896338956
2024-03-27,RELIANCE,RELIANCE,1448,0.002073972399128543,-0.0020718232044198894,0.0871676532543142
2024-03-28,RELIANCE,RELIANCE,1492.875,0.030520497042929584,-0.030059449049652517,1.7034450650521331
2024-04-01,RELIANCE,RELIANCE,1492.47497558594,-2.6799163898783007e-4,2.680275519547327e-4,-0.04589828789135206
2024-04-02,RELIANCE,RELIANCE,1484,-0.005694654622277362,0.005710899990525607,-0.3542309545759346
2024-04-03,RELIANCE,RELIANCE,1482.07495117188,-0.0012980448101327369,0.0012988876349322666,-0.10442394943768137
2024-04-04,RELIANCE,RELIANCE,1479.75,-0.001569945346358459,0.001571178355722252,-0.11987282062534001
2024-04-05,RELIANCE,RELIANCE,1460.875,-0.012837583317513612,0.012920338838025156,-0.7600785738810886
2024-04-08,RELIANCE,RELIANCE,1462.97497558594,0.0014364457578617262,-0.001435414563464378,0.05094460236837023
2024-04-09,RELIANCE,RELIANCE,1489,0.01763273667282661,-0.017478189666930825,0.9711870393111904
2024-04-10,RELIANCE,RELIANCE,1466.34997558594,-0.015328450497944068,0.01544653376831766,-0.9016049082902786
2024-04-12,RELIANCE,RELIANCE,1475.875,0.00647473104120877,-0.006453815136146353,0.33721038701641187
2024-04-15,RELIANCE,RELIANCE,1461,-0.010129901476574332,0.010181382614647502,-0.6062332429436675
2024-04-16,RELIANCE,RELIANCE,1453.34997558594,-0.005249913050049848,0.0052637179912400495,-0.3289615845463306
2024-04-18,RELIANCE,RELIANCE,1463.5,0.0069596074312903156,-0.006935445448623163,0.36476014104143817
2024-04-19,RELIANCE,RELIANCE,1456.77502441406,-0.004605722007418045,0.0046163446470706086,-0.29235987505372935
2024-04-22,RELIANCE,RELIANCE,1472.44995117188,0.010702541806180577,-0.010645473379482125,0.5774265514282659
2024-04-23,RELIANCE,RELIANCE,1479,0.004438536780097202,-0.004428701033211628,0.2215177028844531
2024-04-24,RELIANCE,RELIANCE,1463.5,-0.010535356578859734,0.01059104885548343,-0.6292704304921329
2024-04-25,RELIANCE,RELIANCE,1442.5,-0.014453107749685223,0.014558058925476604,-0.8518695986415462
2024-04-26,RELIANCE,RELIANCE,1463.94995117188,0.014760509196629634,-0.014652106893893123,0.8079925384204262
2024-04-29,RELIANCE,RELIANCE,1450,-0.009574672164264442,0.009620655980606898,-0.5746861697214884
2024-04-30,RELIANCE,RELIANCE,1468,0.012337373759840453,-0.01226158038147139,0.6703145928277772
2024-05-02,RELIANCE,RELIANCE,1472,0.0027210901143606137,-0.002717391304347826,0.1239356507162011
2024-05-03,RELIANCE,RELIANCE,1471,-6.795786873832199e-4,6.798096532970768e-4,-0.06928388095208084
2024-05-06,RELIANCE,RELIANCE,1435.5,-0.02442922104031897,0.024730059212817835,-1.4186933766280834
2024-05-07,RELIANCE,RELIANCE,1415.97497558594,-0.01369489807241564,0.0137891027388958,-0.8087895672449552
2024-05-08,RELIANCE,RELIANCE,1397.5,-0.01313339645944911,0.013220018308364938,-0.7768861138322934
2024-05-09,RELIANCE,RELIANCE,1413,0.011030177655273476,-0.010969568294409059,0.5960421970585814
2024-05-10,RELIANCE,RELIANCE,1396.75,-0.011566994345269421,0.01163415070699839,-0.687886125726789
2024-05-13,RELIANCE,RELIANCE,1399.90002441406,0.002252713581381016,-0.0022501781263833238,0.09732338718137992
2024-05-14,RELIANCE,RELIANCE,1400.97497558594,7.675824338173598e-4,-7.672879177805567e-4,0.01294106078394878
2024-05-15,RELIANCE,RELIANCE,1420.5,0.013840516939786163,-0.013745177341823301,0.7557203286378746
2024-05-16,RELIANCE,RELIANCE,1418.55004882812,-0.0013736647434638982,0.001374608653033341,-0.10872053018544796
2024-05-17,RELIANCE,RELIANCE,1423.05004882812,0.003167232268516784,-0.0031622218794804475,0.14928459914641254
2024-05-21,RELIANCE,RELIANCE,1425.59997558594,0.0017902707717860622,-0.0017886691929634403,0.0710482665205398
2024-05-22,RELIANCE,RELIANCE,1436.27502441406,0.007460212858955373,-0.00743245454154922,0.39320358905803127
2024-05-23,RELIANCE,RELIANCE,1458.55004882812,0.015389851543663013,-0.015272032956261589,0.8437505732782563
2024-05-24,RELIANCE,RELIANCE,1483.625,0.017045592382968877,-0.016901138206676217,0.937826617781833
2024-05-27,RELIANCE,RELIANCE,1480.22497558594,-0.0022943306398977015,0.0022969646304705237,-0.16103101488795413
2024-05-28,RELIANCE,RELIANCE,1468,-0.008293156562310777,0.008327640044918257,-0.5018728912545757
2024-05-29,RELIANCE,RELIANCE,1446.5,-0.014754084758270558,0.014863463532665053,-0.868970539671707
2024-05-30,RELIANCE,RELIANCE,1435.5,-0.0076336248550710195,0.007662835249042145,-0.4643995543839668
2024-05-31,RELIANCE,RELIANCE,1431.30004882812,-0.0029300642564233925,0.0029343610903379215,-0.1971521895191634
2024-06-03,RELIANCE,RELIANCE,1483,0.03548390683323621,-0.034861733763910996,1.985456566633496
2024-06-04,RELIANCE,RELIANCE,1498.05004882812,0.010097231813773533,-0.01004642591206696,0.5430339892395826
2024-06-05,RELIANCE,RELIANCE,1422,-0.052099963588519316,0.05348104699586498,-2.9908923256507296
2024-06-06,RELIANCE,RELIANCE,1435,0.009100517830535892,-0.009059233449477353,0.4864025969235381
2024-06-07,RELIANCE,RELIANCE,1428.5,-0.004539906522894377,0.004550227511375569,-0.2886203644345603
2024-06-10,RELIANCE,RELIANCE,1469.94995117188,0.02860341070049799,-0.028198205754444285,1.5945198662611484
2024-06-11,RELIANCE,RELIANCE,1469,-6.464561974484084e-4,6.46665195289314e-4,-0.06740192408824171
2024-06-12,RELIANCE,RELIANCE,1457.5,-0.007859257949229814,0.007890222984562607,-0.47721959753543663
2024-06-13,RELIANCE,RELIANCE,1472,0.009899381064173873,-0.00985054347826087,0.5317924860510919
2024-06-14,RELIANCE,RELIANCE,1470,-0.0013596195160392455,0.0013605442176870747,-0.10792250708372245
2024-06-18,RELIANCE,RELIANCE,1487.34997558594,0.01173359581167066,-0.011665025629966476,0.6360090784780307
2024-06-19,RELIANCE,RELIANCE,1487.5,1.0086183533264403e-4,-1.0085674894789841e-4,-0.02494073521065333
2024-06-20,RELIANCE,RELIANCE,1459,-0.019345588897,0.019533927347498287,-1.1298510696671298
2024-06-21,RELIANCE,RELIANCE,1473.625,0.009974082089506453,-0.009924505895326152,0.5360368561945025
2024-06-24,RELIANCE,RELIANCE,1445.52502441406,-0.01925275736242682,0.019439286841353893,-1.1245765584813017
2024-06-25,RELIANCE,RELIANCE,1443,-0.001748314475993773,0.001749843668787248,-0.13000741523050077
2024-06-26,RELIANCE,RELIANCE,1446.05004882812,0.002111455260189743,-0.0021092277066009986,0.0892973581100221
2024-06-27,RELIANCE,RELIANCE,1513.75,0.045754280833240735,-0.044723336860036336,2.568999678306423
2024-06-28,RELIANCE,RELIANCE,1531.02502441406,0.011347445799884781,-0.011283306372259551,0.614068769444447
2024-07-01,RELIANCE,RELIANCE,1562.52502441406,0.020365656440120006,-0.020159677130170993,1.1264663412098337
2024-07-02,RELIANCE,RELIANCE,1569.5,0.004453979174702027,-0.004444074919362855,0.22239511036734577
2024-07-03,RELIANCE,RELIANCE,1566.32495117188,-0.0020250173160496487,0.002027069048312431,-0.14572914418556066
2024-07-04,RELIANCE,RELIANCE,1557,-0.0059711871319603205,0.005989050206730894,-0.3699430056831901
2024-07-05,RELIANCE,RELIANCE,1553.82495117188,-0.0020412912847609377,0.002043376138171424,-0.1466538001270677
2024-07-08,RELIANCE,RELIANCE,1589,0.02238528598747891,-0.02213659460548773,1.241217849820074
2024-07-09,RELIANCE,RELIANCE,1597.59997558594,0.005397600283179038,-0.005383059412470166,0.2760098665467005
2024-07-10,RELIANCE,RELIANCE,1595,-0.001628751600950551,0.0016300787372664585,-0.12321408013449466
2024-07-11,RELIANCE,RELIANCE,1587.5,-0.0047132844520980655,0.004724409448818898,-0.29847136852684664
2024-07-12,RELIANCE,RELIANCE,1584.5,-0.0018915516358717355,0.0018933417481855476,-0.1381458781513382
2024-07-15,RELIANCE,RELIANCE,1604.44995117188,0.012512088144572608,-0.012434137417193155,0.6802415317805334
2024-07-16,RELIANCE,RELIANCE,1593.5,-0.006848133418156266,0.0068716355016504565,-0.4197694253069197
2024-07-18,RELIANCE,RELIANCE,1576,-0.01104286343956673,0.011104060913705584,-0.6581060048044647
2024-07-19,RELIANCE,RELIANCE,1586,0.006325131776968362,-0.006305170239596469,0.32871044142939515
2024-07-22,RELIANCE,RELIANCE,1537.25,-0.031220017361214047,0.03171247357293869,-1.8045335043420665
2024-07-23,RELIANCE,RELIANCE,1501,-0.023863553200117238,0.024150566289140574,-1.3865532061100072
2024-07-24,RELIANCE,RELIANCE,1485,-0.010716780396661463,0.010774410774410775,-0.6395785866675672
2024-07-25,RELIANCE,RELIANCE,1481,-0.00269723696900126,0.0027008777852802163,-0.18392338599318417
2024-07-26,RELIANCE,RELIANCE,1492.40002441406,0.007668043438128436,-0.007638718994617968,0.4050121271766649
2024-07-29,RELIANCE,RELIANCE,1511.94995117188,0.01301459740889932,-0.012930273745283218,0.708793152174262
2024-07-30,RELIANCE,RELIANCE,1517.02502441406,0.0033510200858222206,-0.0033454116843855014,0.15972707327614294
2024-07-31,RELIANCE,RELIANCE,1504,-0.008622970690863596,0.008660255594454786,-0.5206123025797852
2024-08-01,RELIANCE,RELIANCE,1512,0.005305052229692464,-0.005291005291005291,0.27075146221686813
2024-08-02,RELIANCE,RELIANCE,1505,-0.004640379556501983,0.004651162790697674,-0.2943290510579556
2024-08-05,RELIANCE,RELIANCE,1480,-0.0167508104248153,0.016891891891891893,-0.9824206933478896
2024-08-06,RELIANCE,RELIANCE,1455.15002441406,-0.01693308290506579,0.01707726019243016,-0.992777068909046
2024-08-07,RELIANCE,RELIANCE,1469,0.0094728923207823,-0.009428165817522125,0.5075602070306549
2024-08-08,RELIANCE,RELIANCE,1457.52502441406,-0.007842088687318949,0.00787291840190055,-0.4762440727375409
2024-08-09,RELIANCE,RELIANCE,1460,0.001696627215824087,-0.0016951887574931514,0.06572761782418182
2024-08-12,RELIANCE,RELIANCE,1470,0.0068259650703996755,-0.006802721088435374,0.3571668363452997
2024-08-13,RELIANCE,RELIANCE,1460.75,-0.006312398338235603,0.006332363511894575,-0.3893299772820389
2024-08-14,RELIANCE,RELIANCE,1463.55004882812,0.0019150221503174691,-0.0019131896653360276,0.0781364025138306
2024-08-16,RELIANCE,RELIANCE,1468.65002441406,0.0034786035067968513,-0.0034725601751000638,0.16697612053313382
2024-08-19,RELIANCE,RELIANCE,1482.5,0.009386223780220249,-0.009342310681915683,0.5026358654396128
2024-08-20,RELIANCE,RELIANCE,1497.22497558594,0.009883526548739141,-0.009834845013974853,0.5308916626467498
2024-08-21,RELIANCE,RELIANCE,1493.25,-0.002658425808204967,0.002661962555459569,-0.18171820967354543
2024-08-22,RELIANCE,RELIANCE,1503,0.006508158140559495,-0.006487025948103792,0.3391096512076945
2024-08-23,RELIANCE,RELIANCE,1503.75,4.988775359144881e-4,-4.987531172069825e-4,-0.002326240313734
2024-08-26,RELIANCE,RELIANCE,1506.97497558594,0.002142325749130869,-0.0021400326071679262,0.09105136056168849
2024-08-27,RELIANCE,RELIANCE,1510.5,0.002336407788706474,-0.0023336805124528296,0.1020787328164967
2024-08-28,RELIANCE,RELIANCE,1505,-0.003647823643750492,0.003654485049833887,-0.23793391239638645
2024-08-29,RELIANCE,RELIANCE,1503.09997558594,-0.0012632722862679913,0.0012640705508090567,-0.1024482407851454
2024-08-30,RELIANCE,RELIANCE,1534,0.02034907703049349,-0.020143431821421122,1.1255243306965736
2024-09-02,RELIANCE,RELIANCE,1510.875,-0.015189749747580805,0.015305700339207412,-0.8937241955277078
2024-09-03,RELIANCE,RELIANCE,1521.25,0.006843412122115922,-0.006820049301561216,0.3581581446314377
2024-09-04,RELIANCE,RELIANCE,1500.69995117188,-0.013600731936689314,0.013693642631275288,-0.8034392265606145
2024-09-05,RELIANCE,RELIANCE,1519.05004882812,0.012153538225208926,-0.012079982269442856,0.6598694074903138
2024-09-06,RELIANCE,RELIANCE,1492.5,-0.01763260532349875,0.01778897743927638,-1.0325226019088618
2024-09-09,RELIANCE,RELIANCE,1466.5,-0.017573956849251893,0.017729287419024888,-1.0291903071786654
2024-09-10,RELIANCE,RELIANCE,1460.5,-0.004099766589710008,0.004108182129407737,-0.2636124507810369
2024-09-11,RELIANCE,RELIANCE,1463.05004882812,0.0017444883324939653,-0.0017429675971526379,0.06844699541935474
2024-09-12,RELIANCE,RELIANCE,1457,-0.004143803965084736,0.004152401391983526,-0.26611457067031874
2024-09-13,RELIANCE,RELIANCE,1476.40002441406,0.013227181496848317,-0.013140086760537207,0.7208717756181694
2024-09-16,RELIANCE,RELIANCE,1477.55004882812,7.786350098326622e-4,-7.7833195225577e-4,0.01356904712605753
2024-09-17,RELIANCE,RELIANCE,1474,-0.0024055499526038915,0.0024084456093080037,-0.16735028464527082
2024-09-18,RELIANCE,RELIANCE,1470,-0.002717392976499866,0.0027210884353741495,-0.18506861199319735
2024-09-19,RELIANCE,RELIANCE,1466.25,-0.002554279805096371,0.0025575447570332483,-0.17580083191085566
2024-09-20,RELIANCE,RELIANCE,1474,0.005271672781596237,-0.005257801899592945,0.2688549054792004
2024-09-23,RELIANCE,RELIANCE,1491,0.011467242015456236,-0.011401743796109993,0.6208753625053816
2024-09-24,RELIANCE,RELIANCE,1488.5,-0.0016781343089071754,0.0016795431642593216,-0.12601991165183335
2024-09-25,RELIANCE,RELIANCE,1483.90002441406,-0.0030951279911191065,0.00309992284537927,-0.20653079689692583
2024-09-26,RELIANCE,RELIANCE,1490.65002441406,0.0045385093379541885,-0.00452822586753941,0.22719795342778948
2024-09-27,RELIANCE,RELIANCE,1499,0.00558593629993176,-0.005570363966604403,0.2867107607162577
2024-09-30,RELIANCE,RELIANCE,1519.40002441406,0.013517317034748011,-0.013426368360055178,0.7373567249094647
2024-10-01,RELIANCE,RELIANCE,1480.65002441406,-0.02583433911659405,0.026170938007673082,-1.498529512536776
2024-10-03,RELIANCE,RELIANCE,1436.57495117188,-0.030219422720367817,0.030680663898688988,-1.7476816204435444
2024-10-04,RELIANCE,RELIANCE,1403.92504882812,-0.02298985416516075,0.023256157706576595,-1.3369112891239168
2024-10-07,RELIANCE,RELIANCE,1393.5,-0.007453352213220299,0.0074811975802798695,-0.4541568058360412
2024-10-08,RELIANCE,RELIANCE,1372.97497558594,-0.014838667404658779,0.01494930700051587,-0.8737763647241138
2024-10-09,RELIANCE,RELIANCE,1397.52502441406,0.017722931909056605,-0.01756680445733921,0.9763117610406924
2024-10-10,RELIANCE,RELIANCE,1380.02502441406,-0.012601199806185903,0.012680929468963988,-0.7466477124783606
2024-10-11,RELIANCE,RELIANCE,1370,-0.0072908927980437355,0.007317536068656934,-0.4449261709387846
2024-10-14,RELIANCE,RELIANCE,1379.44995117188,0.006874093765189215,-0.006850521226849885,0.3599014172201913
2024-10-15,RELIANCE,RELIANCE,1358.52502441406,-0.015285263269297467,0.01540268039364608,-0.899151092120741
2024-10-16,RELIANCE,RELIANCE,1340,-0.0137299563731057,0.013824645085119403,-0.8107815131930403
2024-10-17,RELIANCE,RELIANCE,1365.69995117188,0.01899746798623969,-0.018818153394402178,1.048728476188384
2024-10-18,RELIANCE,RELIANCE,1352.17504882812,-0.009952638724024077,0.010002330952254692,-0.5961615105796295
2024-10-21,RELIANCE,RELIANCE,1367.125,0.010995551448217178,-0.010935321328978698,0.5940748018487595
2024-10-22,RELIANCE,RELIANCE,1369.19995117188,0.0015165973388517884,-0.0015154478862667788,0.05549866271483546
2024-10-23,RELIANCE,RELIANCE,1337.5,-0.023424392224080215,0.023700898072433647,-1.361600914939123
2024-10-24,RELIANCE,RELIANCE,1335.27502441406,-0.001664918356072853,0.0016663051021390562,-0.1252690063546648
2024-10-25,RELIANCE,RELIANCE,1343.5,0.0061408676414576036,-0.006122051050197246,0.3182409038053594
2024-10-28,RELIANCE,RELIANCE,1337,-0.004849850953602797,0.0048616305160807775,-0.3062308173296093
2024-10-29,RELIANCE,RELIANCE,1328.09997558594,-0.00667896707843596,0.006701321118640505,-0.4101577157167016
2024-10-30,RELIANCE,RELIANCE,1335,0.005181960810842767,-0.005168557613528089,0.2637576419746315
2024-10-31,RELIANCE,RELIANCE,1340,0.003738322110606873,-0.0037313432835820895,0.18173283749661395
2024-11-01,RELIANCE,RELIANCE,1333.05004882812,-0.005200027463490464,0.005213571071836111,-0.3261271804235332
2024-11-04,RELIANCE,RELIANCE,1337.84997558594,0.0035942430501316736,-0.0035877914903857384,0.17354653938548975
2024-11-05,RELIANCE,RELIANCE,1293,-0.03409872975974082,0.03468675606027842,-1.968096466182303
2024-11-06,RELIANCE,RELIANCE,1310,0.013062037423339667,-0.012977099236641221,0.7114886035419177
2024-11-07,RELIANCE,RELIANCE,1324,0.01063032030175659,-0.010574018126888218,0.5733230629455992
2024-11-08,RELIANCE,RELIANCE,1297.65002441406,-0.020102502388404275,0.020305918460440095,-1.172857454248805
2024-11-11,RELIANCE,RELIANCE,1278.94995117188,-0.014515564513585488,0.014621426917484488,-0.8554182731446288
2024-11-12,RELIANCE,RELIANCE,1275.55004882812,-0.0026618941877565305,0.0026654401737380515,-0.1819152764011746
2024-11-13,RELIANCE,RELIANCE,1270.25,-0.004163764933365677,0.0041724454462664816,-0.267248714913084
2024-11-14,RELIANCE,RELIANCE,1253.59997558594,-0.013194338907190684,0.013281768297959387,-0.7803487477721751
2024-11-18,RELIANCE,RELIANCE,1267.59997558594,0.011105936990047915,-0.011044493743800041,0.600346698331132
2024-11-19,RELIANCE,RELIANCE,1260.75,-0.005418547599863821,0.005433254480222091,-0.338543078845832
2024-11-21,RELIANCE,RELIANCE,1241.65002441406,-0.015265622057570205,0.015382736850469087,-0.8980351158370101
2024-11-22,RELIANCE,RELIANCE,1229.40002441406,-0.00991489456783956,0.009964209985955083,-0.5940169594320993
2024-11-25,RELIANCE,RELIANCE,1290,0.0481159530242925,-0.04697672526041861,2.7031853992077988
2024-11-26,RELIANCE,RELIANCE,1294.94995117188,0.003829828287354786,-0.0038225038484309653,0.18693204437231117
2024-11-27,RELIANCE,RELIANCE,1293.5,-0.001120324016988583,0.00112095181436413,-0.0943261920785189
2024-11-28,RELIANCE,RELIANCE,1289.94995117188,-0.002748302564188343,0.0027520826097903158,-0.18682483596130772
2024-11-29,RELIANCE,RELIANCE,1280,-0.007743342148232912,0.007773399353031252,-0.4706334822483006
2024-12-02,RELIANCE,RELIANCE,1288,0.006230549750636527,-0.006211180124223602,0.3233364706319882
2024-12-03,RELIANCE,RELIANCE,1317,0.0222657950789813,-0.02201974183750949,1.2344286037263834
2024-12-04,RELIANCE,RELIANCE,1326,0.006810469002527242,-0.006787330316742082,0.3562863792494523
2024-12-05,RELIANCE,RELIANCE,1314.34997558594,-0.00882466349172173,0.008863715624041757,-0.5320721038114314
2024-12-06,RELIANCE,RELIANCE,1323.90002441406,0.007239716130539975,-0.007213572514545967,0.3806753844363641
2024-12-09,RELIANCE,RELIANCE,1303,-0.01591264625978095,0.016039926641642364,-0.9347978000670256
2024-12-10,RELIANCE,RELIANCE,1289.25,-0.01060864419377694,0.010665115377157261,-0.6334344933447694
2024-12-11,RELIANCE,RELIANCE,1285,-0.00330193560174763,0.0033073929961089494,-0.2182812118890412
2024-12-12,RELIANCE,RELIANCE,1270,-0.011741817876683491,0.011811023622047244,-0.6978192661864132
2024-12-13,RELIANCE,RELIANCE,1260,-0.007905179507113225,0.007936507936507936,-0.4798287730903027
2024-12-16,RELIANCE,RELIANCE,1275,0.011834457647002417,-0.011764705882352941,0.6417398560756601
2024-12-17,RELIANCE,RELIANCE,1261.05004882812,-0.011001432622902207,0.011062170914503781,-0.6557519846221994
2024-12-18,RELIANCE,RELIANCE,1240.65002441406,-0.016309290485156502,0.016443012946938534,-0.9573343703518522
2024-12-19,RELIANCE,RELIANCE,1239,-0.001330852855325304,0.0013317388329782073,-0.10628804014944024
2024-12-20,RELIANCE,RELIANCE,1224,-0.012180418556870798,0.012254901960784314,-0.7227397224130884
2024-12-23,RELIANCE,RELIANCE,1215,-0.007380107297622729,0.007407407407407408,-0.4499951690775329
2024-12-24,RELIANCE,RELIANCE,1222.30004882812,0.005990292956305154,-0.005972386923422705,0.30968553665779674
2024-12-26,RELIANCE,RELIANCE,1224.25,0.0015940418514732713,-0.0015927720415601406,0.05989891258661943
2024-12-27,RELIANCE,RELIANCE,1218.30004882812,-0.004871927143168975,0.004883814276789406,-0.30748514442162556
2024-12-30,RELIANCE,RELIANCE,1216.40002441406,-0.0015607875652987602,0.0015620062281528158,-0.11935249292783884
2024-12-31,RELIANCE,RELIANCE,1208,-0.00692959737919896,0.006953662594420529,-0.42439805259118624
2025-01-01,RELIANCE,RELIANCE,1214.84997558594,0.0056544927719901494,-0.005638536217310419,0.2906060090324763
2025-01-02,RELIANCE,RELIANCE,1221.25,0.005254332090242286,-0.005240552232597747,0.26786964038643285
2025-01-03,RELIANCE,RELIANCE,1243.90002441406,0.018376700485953634,-0.01820887850269905,1.0134576478094086
2025-01-06,RELIANCE,RELIANCE,1253.94995117188,0.008046905207252486,-0.008014615534238696,0.4265383321277083
2025-01-07,RELIANCE,RELIANCE,1222,-0.025809669318658024,0.026145622890245503,-1.4971278215514432
2025-01-08,RELIANCE,RELIANCE,1249,0.021854370394036593,-0.021617293835068056,1.2110522358480709
2025-01-09,RELIANCE,RELIANCE,1267,0.014308670195561035,-0.014206787687450671,0.782319905986727
2025-01-10,RELIANCE,RELIANCE,1253.84997558594,-0.010433102979140685,0.010487717565982985,-0.6234605754898379
2025-01-13,RELIANCE,RELIANCE,1230,-0.019204628975534987,0.019390224053609757,-1.1218419951005807
2025-01-14,RELIANCE,RELIANCE,1244.09997558594,0.011398187930109493,-0.011333474690648769,0.6169518407488009
2025-01-15,RELIANCE,RELIANCE,1244.94995117188,6.829719322558603e-4,-6.827387600119292e-4,0.00813365305358927
2025-01-16,RELIANCE,RELIANCE,1258.90002441406,0.011143013936553814,-0.011081160514452203,0.6024533398940897
2025-01-17,RELIANCE,RELIANCE,1322.25,0.049096487780706966,-0.04791073971332199,2.758897518636108
2025-01-20,RELIANCE,RELIANCE,1316,-0.0047379980608264205,0.004749240121580547,-0.2998755487580763
2025-01-21,RELIANCE,RELIANCE,1310.5,-0.004188089121801575,0.004196871423120946,-0.2686307690241131
2025-01-22,RELIANCE,RELIANCE,1278.30004882812,-0.024877635391785446,0.02518966591716809,-1.444171426986676
2025-01-23,RELIANCE,RELIANCE,1270,-0.0065142079190385616,0.006535471518204722,-0.4007964137279853
2025-01-24,RELIANCE,RELIANCE,1266,-0.003154576748515936,0.00315955766192733,-0.20990856219313336
2025-01-27,RELIANCE,RELIANCE,1239.09997558594,-0.0214770337847332,0.0217093252716268,-1.2509557131929676
2025-01-28,RELIANCE,RELIANCE,1238,-8.881156748463681e-4,8.885101663489508e-4,-0.08113255584580827
2025-01-29,RELIANCE,RELIANCE,1236,-0.0016168152269058211,0.0016181229773462784,-0.1225358780697664
2025-01-30,RELIANCE,RELIANCE,1235.55004882812,-3.6410444292922506e-4,3.64170736998284e-4,-0.05135923456029975
2025-01-31,RELIANCE,RELIANCE,1255.84997558594,0.01629636012963509,-0.01616429283151333,0.8952566665341013
2025-02-01,RELIANCE,RELIANCE,1265.09997558594,0.007338536418155073,-0.00731167510750745,0.3862901651767113
2025-02-03,RELIANCE,RELIANCE,1251,-0.011207919655585208,0.011270963697793766,-0.667484184985319
2025-02-04,RELIANCE,RELIANCE,1248.05004882812,-0.0023608591139909763,0.0023636481362665817,-0.164811036217944
2025-02-05,RELIANCE,RELIANCE,1282.65002441406,0.02734589695123102,-0.02697538293950913,1.5230703274013206
2025-02-06,RELIANCE,RELIANCE,1273.69995117188,-0.007002257044090854,0.007026830168239698,-0.42852643651800826
2025-02-07,RELIANCE,RELIANCE,1276.15002441406,0.0019217397256046098,-0.0019198943661071037,0.07851808236165497
2025-02-10,RELIANCE,RELIANCE,1264.5,-0.009170964875645282,0.009213147025749307,-0.5517482896203632
2025-02-11,RELIANCE,RELIANCE,1264.55004882812,3.9579151981605776e-5,-3.957836873785966e-5,-0.02842270069053877
2025-02-12,RELIANCE,RELIANCE,1219.44995117188,-0.03631646889767204,0.03698396774127485,-2.094104184832722
2025-02-13,RELIANCE,RELIANCE,1217.05004882812,-0.0019699594663462605,0.0019719011112738017,-0.14260086191093133
2025-02-14,RELIANCE,RELIANCE,1219,0.0016009125832878723,-0.001599631806300248,0.06028929449705905
2025-02-17,RELIANCE,RELIANCE,1211.09997558594,-0.0065018331128499085,0.0065230159138909265,-0.4000933007829668
2025-02-18,RELIANCE,RELIANCE,1224.84997558594,0.011289350201040271,-0.011225864615315289,0.6107678880428414
2025-02-19,RELIANCE,RELIANCE,1219.5,-0.004377428913486803,0.004387023850709308,-0.2793886957756882
2025-02-20,RELIANCE,RELIANCE,1223.94995117188,0.0036423550148381167,-0.0036357296861847686,0.17628016968885724
2025-02-21,RELIANCE,RELIANCE,1228.69995117188,0.0038733664630523634,-0.0038658746551342,0.18940580068564872
2025-02-24,RELIANCE,RELIANCE,1216.55004882812,-0.009937636097626878,0.009987178378286844,-0.5953090898896374
2025-02-25,RELIANCE,RELIANCE,1211,-0.004572559483146499,0.004583029585565646,-0.29047564351505484
2025-02-27,RELIANCE,RELIANCE,1212.80004882812,0.001485311595667227,-0.0014842090663331625,0.05372106630704416
2025-02-28,RELIANCE,RELIANCE,1202,-0.008944940053606132,0.008985065580798667,-0.5389059892359964
2025-03-03,RELIANCE,RELIANCE,1204,0.001662510773613235,-0.0016611295681063123,0.06378918648306296
2025-03-04,RELIANCE,RELIANCE,1162.19995117188,-0.03533462824128808,0.035966314390197485,-2.03831786665258
2025-03-05,RELIANCE,RELIANCE,1161,-0.0010330159295870445,0.0010335496743152474,-0.08936551265273762
2025-03-06,RELIANCE,RELIANCE,1197,0.03053672386008177,-0.03007518796992481,1.7043670419318082
2025-03-07,RELIANCE,RELIANCE,1216,0.01574835696813981,-0.015625,0.8641201694536655
2025-03-10,RELIANCE,RELIANCE,1245,0.023568746372695237,-0.023293172690763052,1.3084598174184514
2025-03-11,RELIANCE,RELIANCE,1240,-0.004024150299724916,0.004032258064516129,-0.25931607704131177
2025-03-12,RELIANCE,RELIANCE,1258,0.014411778661302499,-0.014308426073131956,0.7881783328501313
2025-03-13,RELIANCE,RELIANCE,1260.05004882812,0.0016282831884275595,-0.0016269582545761557,0.06184444020948804
2025-03-17,RELIANCE,RELIANCE,1242.15002441406,-0.014307672646315162,0.014410517298426732,-0.843606252752914
2025-03-18,RELIANCE,RELIANCE,1238.84997558594,-0.002660258584697317,0.0026638002124181105,-0.18182234454703677
2025-03-19,RELIANCE,RELIANCE,1241.05004882812,0.0017743246080206276,-0.0017727514246967304,0.07014223583237718
2025-03-20,RELIANCE,RELIANCE,1251.84997558594,0.008664602847540337,-0.008627173358185351,0.46163473690191587
2025-03-21,RELIANCE,RELIANCE,1275,0.018323740919164777,-0.01815688189338039,1.0104485859780743
2025-03-24,RELIANCE,RELIANCE,1291,0.01247093325411619,-0.012393493415956624,0.6779031892004819
2025-03-25,RELIANCE,RELIANCE,1307.69995117188,0.012852719726882178,-0.012770476252533722,0.6995955702484098
2025-03-26,RELIANCE,RELIANCE,1291,-0.012852719726882178,0.012935670930968243,-0.7609385958649786
2025-03-27,RELIANCE,RELIANCE,1278.15002441406,-0.010003372803476296,0.01005357379062821,-0.5990441244543822
2025-03-28,RELIANCE,RELIANCE,1280,0.0014463388704966107,-0.0014452934265156258,0.05150671020704671
2025-04-01,RELIANCE,RELIANCE,1264.59997558594,-0.012104230594906618,0.012177783260611363,-0.718410867359074
2025-04-02,RELIANCE,RELIANCE,1247.55004882812,-0.01357418019674217,0.013666727658610385,-0.8019306072104694
2025-04-03,RELIANCE,RELIANCE,1233.05004882812,-0.011690852679990371,0.011759457788254964,-0.6949235206697335
2025-04-04,RELIANCE,RELIANCE,1241.09997558594,0.006507249022144279,-0.006486122726752553,0.3390579968288979
2025-04-07,RELIANCE,RELIANCE,1132.19995117188,-0.09183546398837095,0.09618444542533619,-5.248587863047794
2025-04-08,RELIANCE,RELIANCE,1172,0.0345490916611606,-0.03395908603081911,1.932342147007546
2025-04-09,RELIANCE,RELIANCE,1169.5,-0.002135384112723848,0.0021376656690893546,-0.15199997560383474
2025-04-11,RELIANCE,RELIANCE,1195.15002441406,0.021695413904186722,-0.02146176119323204,1.202020630503641
2025-04-15,RELIANCE,RELIANCE,1251,0.045671510538491056,-0.044644265056706635,2.564296827626116
2025-04-16,RELIANCE,RELIANCE,1234.09997558594,-0.013601291790660497,0.013694210151844476,-0.8034710363980946
2025-04-17,RELIANCE,RELIANCE,1240.19995117188,0.004930677868359545,-0.0049185420304008725,0.24948022323929736
2025-04-21,RELIANCE,RELIANCE,1270,0.02374428290802655,-0.02346460537647244,1.3184334694041515
2025-04-22,RELIANCE,RELIANCE,1300,0.023347363996991,-0.023076923076923078,1.2958812920027136
2025-04-23,RELIANCE,RELIANCE,1297,-0.0023103591331841145,0.002313030069390902,-0.16194172338286125
2025-04-24,RELIANCE,RELIANCE,1292.40002441406,-0.003552931475618415,0.0035592506182638836,-0.23254231993194371
2025-04-25,RELIANCE,RELIANCE,1303.5,0.008551980532731207,-0.008515516368193327,0.4552357512342314
2025-04-28,RELIANCE,RELIANCE,1340,0.02761665957140025,-0.027238805970149254,1.5384545443634567
2025-04-29,RELIANCE,RELIANCE,1371,0.022870786617357197,-0.02261123267687819,1.2688030719627983
2025-04-30,RELIANCE,RELIANCE,1402,0.02235938803222126,-0.02211126961483595,1.239746377272272
2025-05-02,RELIANCE,RELIANCE,1414,0.008522778861982161,-0.008486562942008486,0.4535765678574369
2025-05-05,RELIANCE,RELIANCE,1431,0.011950933099933003,-0.011879804332634521,0.6483577697208914
2025-05-06,RELIANCE,RELIANCE,1431,0,0,-0.03067151280828565
2025-05-07,RELIANCE,RELIANCE,1420.90002441406,-0.007083009730311396,0.007108153573369775,-0.43311465052007614
2025-05-08,RELIANCE,RELIANCE,1404.09997558594,-0.011893980093235612,0.01196499474413083,-0.7064648338479549
2025-05-09,RELIANCE,RELIANCE,1385.5,-0.01333542542987054,0.013424738784511007,-0.7883650155789569
2025-05-12,RELIANCE,RELIANCE,1400,0.010411151300316668,-0.010357142857142856,0.5608702972447486
2025-05-13,RELIANCE,RELIANCE,1433.5,0.023646769720074623,-0.02336937565399372,1.3128929555799853
2025-05-14,RELIANCE,RELIANCE,1420,-0.009462134728117633,0.009507042253521126,-0.5682920066979712
2025-05-15,RELIANCE,RELIANCE,1425,0.0035149421074445186,-0.0035087719298245615,0.16904081068912594
2025-05-16,RELIANCE,RELIANCE,1453.19995117188,0.019596174043882364,-0.019405417092905337,1.0827458153674774
2025-05-19,RELIANCE,RELIANCE,1452.09997558594,-7.57220022874705e-4,7.575067863327714e-4,-0.07369531392489238
2025-05-20,RELIANCE,RELIANCE,1438.19995117188,-0.00961847000622118,0.009664876154900384,-0.5771746797776728
2025-05-21,RELIANCE,RELIANCE,1423.90002441406,-0.009992694784680012,0.010042788477164662,-0.5984374197408988
2025-05-22,RELIANCE,RELIANCE,1421.19995117188,-0.0018980521429519115,0.001899854584116468,-0.13851522459671517
2025-05-23,RELIANCE,RELIANCE,1406.59997558594,-0.01032612327277782,0.0103796216688104,-0.6173821920991899
2025-05-26,RELIANCE,RELIANCE,1432,0.01789664100346311,-0.017737447216522345,0.986181581309689
2025-05-27,RELIANCE,RELIANCE,1426.09997558594,-0.00412863989732859,0.00413717447238288,-0.26525297718951024
2025-05-28,RELIANCE,RELIANCE,1420.09997558594,-0.004216154164084607,0.004225054646257825,-0.27022537133393043
2025-05-29,RELIANCE,RELIANCE,1412.09997558594,-0.005649333673158452,0.00566532125084165,-0.3516559044683824
2025-05-30,RELIANCE,RELIANCE,1418,0.004169487306053377,-0.00416080706210155,0.2062308236259792
2025-06-02,RELIANCE,RELIANCE,1412.09997558594,-0.004169487306053377,0.004178191711682332,-0.26757384924255023
2025-06-03,RELIANCE,RELIANCE,1422.30004882812,0.00719737312055635,-0.007171534058923906,0.3782695351650921
2025-06-04,RELIANCE,RELIANCE,1414.69995117188,-0.005357853956510894,0.00537223292468794,-0.33509458149790194
2025-06-05,RELIANCE,RELIANCE,1428,0.009357403949464604,-0.009313759683557422,0.5009983774847526
2025-06-06,RELIANCE,RELIANCE,1441,0.009062453099992318,-0.009021512838306732,0.48423983135083726
2025-06-09,RELIANCE,RELIANCE,1457,0.011042210195682856,-0.01098146877144818,0.5967258631131792
2025-06-10,RELIANCE,RELIANCE,1450,-0.0048159707805846,0.004827586206896552,-0.30430581035450066
2025-06-11,RELIANCE,RELIANCE,1445.80004882812,-0.0029007210760347846,0.002904932238233243,-0.1954849658338314
2025-06-12,RELIANCE,RELIANCE,1453.5,0.00531160566034572,-0.005297524026061233,0.27112381567886956
2025-06-13,RELIANCE,RELIANCE,1424,-0.020504628027009808,0.02071629213483146,-1.195705468005161
2025-06-16,RELIANCE,RELIANCE,1426.90002441406,0.00203446307446864,-0.0020323949572086247,0.08492280859214757
2025-06-17,RELIANCE,RELIANCE,1448,0.014679017899271507,-0.014571806343881217,0.8033623579387194
2025-06-18,RELIANCE,RELIANCE,1430,-0.012508849691708512,0.012587412587412588,-0.7414005546664574
2025-06-19,RELIANCE,RELIANCE,1430.09997558594,6.991055336147411e-5,-6.990810967536668e-5,-0.02669932816855042
2025-06-20,RELIANCE,RELIANCE,1431,6.291457491363062e-4,-6.289478784486366e-4,0.00507535173110343
2025-06-23,RELIANCE,RELIANCE,1453,0.01525688401383185,-0.015141087405368204,0.8361956111990843
2025-06-24,RELIANCE,RELIANCE,1465,0.008224857880884784,-0.008191126279863481,0.4366492644951262
2025-06-25,RELIANCE,RELIANCE,1464,-6.828269299106182e-4,6.830601092896175e-4,-0.0694684399127914
2025-06-26,RELIANCE,RELIANCE,1469.09997558594,0.0034775362367458484,-0.003471496610641432,0.16691548027930567
2025-06-27,RELIANCE,RELIANCE,1499.40002441406,0.020415092593512263,-0.020208115469359647,1.1292752093951128
2025-06-30,RELIANCE,RELIANCE,1513.80004882812,0.00955803377888298,-0.009512500957578584,0.5123977827014545
2025-07-01,RELIANCE,RELIANCE,1500.59997558594,-0.008758066288301336,0.008796530359149018,-0.5282881774118005
2025-07-02,RELIANCE,RELIANCE,1528.40002441406,0.018356440704255128,-0.018188987427409688,1.0123065255567565
2025-07-03,RELIANCE,RELIANCE,1520.80004882812,-0.004984908265267762,0.004997353591483838,-0.3139045168368439
2025-07-04,RELIANCE,RELIANCE,1524,0.0021019129655082125,-0.0020997054933595814,0.08875518308005698
2025-07-07,RELIANCE,RELIANCE,1526.59997558594,0.0017045671253370642,-0.0017031151758941157,0.06617874837737478
2025-07-08,RELIANCE,RELIANCE,1536,0.006138610335688632,-0.0061198075612369784,0.31811264798599265
2025-07-09,RELIANCE,RELIANCE,1536.69995117188,4.5559357900870623e-4,-4.554898120132189e-4,-0.00478555239897449
2025-07-10,RELIANCE,RELIANCE,1519.69995117188,-0.01112431347717191,0.01118641873146792,-0.6627338409855041
2025-07-11,RELIANCE,RELIANCE,1512,-0.005079637069976606,0.005092560298862435,-0.3192868273023328
2025-07-14,RELIANCE,RELIANCE,1492.19995117188,-0.013181769424299716,0.013269031950155396,-0.7796345736673739
2025-07-15,RELIANCE,RELIANCE,1486.19995117188,-0.004029014446150114,0.004037141836311429,-0.2595924485872601
2025-07-16,RELIANCE,RELIANCE,1473,-0.008921356406397685,0.008961270313564156,-0.5375660112686368
2025-07-17,RELIANCE,RELIANCE,1487.40002441406,0.009728508220486098,-0.009681339369167137,0.5220838161520328
2025-07-18,RELIANCE,RELIANCE,1484.80004882812,-0.0017495297658634001,0.001751061085963753,-0.1300764656888391
2025-07-21,RELIANCE,RELIANCE,1465,-0.013424873466085785,0.013515391691549486,-0.7934472828251481
2025-07-22,RELIANCE,RELIANCE,1427.40002441406,-0.02600061781033336,0.026341582557681816,-1.507977151575985
2025-07-23,RELIANCE,RELIANCE,1426,-9.813026665925761e-4,9.81784301584852e-4,-0.08642726343199585
2025-07-24,RELIANCE,RELIANCE,1419.19995117188,-0.004780023824309865,0.004791466362794738,-0.3022633726867325
2025-07-25,RELIANCE,RELIANCE,1398.90002441406,-0.014407067215220337,0.014511349205475053,-0.8492536630635884
2025-07-28,RELIANCE,RELIANCE,1392.30004882812,-0.0047291399493580855,0.004740339980232789,-0.2993722477166596
2025-07-29,RELIANCE,RELIANCE,1383,-0.006702038320594461,0.006724547236529282,-0.4114685798040355
2025-07-30,RELIANCE,RELIANCE,1418.09997558594,0.025062877586505827,-0.02475141117708373,1.3933535104577082
2025-07-31,RELIANCE,RELIANCE,1388.09997558594,-0.021382042258314193,0.021612276152758018,-1.245558475379731
2025-08-01,RELIANCE,RELIANCE,1386.90002441406,-8.648297273294858e-4,8.652038003870969e-4,-0.0798094926085306
2025-08-04,RELIANCE,RELIANCE,1395.09997558594,0.005895021508577791,-0.005877679962280864,0.3042723942483264
2025-08-05,RELIANCE,RELIANCE,1411,0.011332593078615893,-0.011268621129737774,0.6132248660787154
2025-08-06,RELIANCE,RELIANCE,1391.90002441406,-0.013628935079363025,0.013722232380863996,-0.8050416754718738
2025-08-07,RELIANCE,RELIANCE,1387.69995117188,-0.0030220725828531414,0.0030266436477374907,-0.20237992758446427
2025-08-08,RELIANCE,RELIANCE,1385,-0.0019475255691592253,0.0019494232287942254,-0.14132621055242675
2025-08-11,RELIANCE,RELIANCE,1370,-0.010889399799268062,0.010948905109489052,-0.6493864927216227
2025-08-12,RELIANCE,RELIANCE,1381.90002441406,0.008648641654291467,-0.008611349738636653,0.46072785226713714
2025-08-13,RELIANCE,RELIANCE,1388,0.0044044805902876405,-0.004394795090734871,0.21958269497013053
2025-08-14,RELIANCE,RELIANCE,1377.30004882812,-0.00773876569140608,0.0077687873321315055,-0.4703734566779546
2025-08-18,RELIANCE,RELIANCE,1390,0.009178650749393391,-0.00913665551933813,0.490841960728075
2025-08-19,RELIANCE,RELIANCE,1390,0,0,-0.03067151280828565
2025-08-20,RELIANCE,RELIANCE,1413,0.016411356559790313,-0.01627742392073602,0.9017905449190224
2025-08-21,RELIANCE,RELIANCE,1425,0.008456710018223568,-0.008421052631578947,0.4498226618485776
2025-08-22,RELIANCE,RELIANCE,1420,-0.0035149421074445186,0.0035211267605633804,-0.23038383630569187
2025-08-25,RELIANCE,RELIANCE,1414.69995117188,-0.0037394116452418302,0.003746411967943911,-0.24313776839829637
2025-08-26,RELIANCE,RELIANCE,1408,-0.004747202232077363,0.004758488048210229,-0.3003985122579407
2025-08-28,RELIANCE,RELIANCE,1389.90002441406,-0.012938438061939728,0.013022501811646782,-0.7658089485869711
2025-08-29,RELIANCE,RELIANCE,1381.09997558594,-0.006351554249421909,0.0063717681440016855,-0.391554741662995
2025-09-01,RELIANCE,RELIANCE,1356,-0.018341075906285198,0.018510306479306786,-1.072776552583611
2025-09-02,RELIANCE,RELIANCE,1354.80004882812,-8.853115158924396e-4,8.857035198057016e-4,-0.08097322886881046
2025-09-03,RELIANCE,RELIANCE,1369.69995117188,0.010937824107556615,-0.010878223607303214,0.5907948441765322
2025-09-04,RELIANCE,RELIANCE,1371.80004882812,0.0015320795674131915,-0.00153090653264959,0.05637833348729072
2025-09-05,RELIANCE,RELIANCE,1363,-0.006435628962885076,0.006456382118943505,-0.39633170693292075
2025-09-08,RELIANCE,RELIANCE,1380,0.012395346454717071,-0.012318840579710146,0.6736084910597735
2025-09-09,RELIANCE,RELIANCE,1376.59997558594,-0.002466825922029514,0.0024698710405052873,-0.1708318686527653
2025-09-10,RELIANCE,RELIANCE,1383.90002441406,0.00528894464415508,-0.005274982801745973,0.269836259850679
2025-09-11,RELIANCE,RELIANCE,1376,-0.005724878380086729,0.0057412968125436035,-0.3559482109950605
2025-09-12,RELIANCE,RELIANCE,1383.30004882812,0.005291244685766472,-0.005277270708046548,0.2699669438393079
2025-09-15,RELIANCE,RELIANCE,1393,0.006987710600750319,-0.006963353317932522,0.3663569096648985
2025-09-16,RELIANCE,RELIANCE,1404.69995117188,0.0083640272965253,-0.008329146136952053,0.4445566059271511
2025-09-17,RELIANCE,RELIANCE,1407,0.0016360560380581646,-0.0016347184279459828,0.0622860787379615
2025-09-18,RELIANCE,RELIANCE,1420.40002441406,0.009478761142701408,-0.009433979290156479,0.5078936623269124
2025-09-19,RELIANCE,RELIANCE,1414.90002441406,-0.003879664800211735,0.00388720044179635,-0.25110668583730356
2025-09-22,RELIANCE,RELIANCE,1403.90002441406,-0.007804779088803393,0.007835315769433814,-0.4741242123300006
2025-09-23,RELIANCE,RELIANCE,1391,-0.009231182444632502,0.009273921217872034,-0.5551697373285228
2025-09-24,RELIANCE,RELIANCE,1385.30004882812,-0.004106155012284951,0.004114596817275662,-0.2639754287979856
2025-09-25,RELIANCE,RELIANCE,1381.30004882812,-0.0028916378558490052,0.0028958226732805495,-0.19496887454337655
2025-09-26,RELIANCE,RELIANCE,1372,-0.0067555907694787365,0.006778461244985421,-0.4145113280680256
2025-09-29,RELIANCE,RELIANCE,1381.59997558594,0.006972700875778948,-0.006948447999116841,0.3655040856474467
2025-09-30,RELIANCE,RELIANCE,1377.09997558594,-0.0032624091571324954,0.0032677366057502853,-0.21603539450357273
2025-10-01,RELIANCE,RELIANCE,1367,-0.007361263280527552,0.007388423983862473,-0.44892448787620914
2025-10-03,RELIANCE,RELIANCE,1363.19995117188,-0.0027837164676487447,0.002787594604044162,-0.18883698658228992
2025-10-06,RELIANCE,RELIANCE,1360,-0.0023501415262030534,0.0023529052734411783,-0.16420208326964722
2025-10-07,RELIANCE,RELIANCE,1376,0.011696039763191557,-0.011627906976744186,0.6338752152524009
2025-10-08,RELIANCE,RELIANCE,1384.80004882812,0.0063750206287620514,-0.0063547432971041515,0.33154503107657585
2025-10-09,RELIANCE,RELIANCE,1374,-0.00782956633975651,0.007860297545938862,-0.4755325767723341
2025-10-10,RELIANCE,RELIANCE,1377.80004882812,0.0027618658159935805,-0.002758055373384627,0.12625244850869885
2025-10-13,RELIANCE,RELIANCE,1376.90002441406,-6.534464167824439e-4,6.536599594026475e-4,-0.06779909505218057
2025-10-14,RELIANCE,RELIANCE,1380,0.002248885969744485,-0.002246359120246378,0.09710590957009968
2025-10-15,RELIANCE,RELIANCE,1383,0.0021715535135085062,-0.0021691973969631237,0.09271202652884793
2025-10-16,RELIANCE,RELIANCE,1375.09997558594,-0.005728614690248435,0.00574505458099055,-0.35616050103023233
2025-10-17,RELIANCE,RELIANCE,1401,0.01865982936249644,-0.018486812572491077,1.0295444919323355
2025-10-20,RELIANCE,RELIANCE,1440,0.02745684623304001,-0.027083333333333334,1.5293742545167366
2025-10-21,RELIANCE,RELIANCE,1468,0.019257816604413946,-0.01907356948228883,1.063520989369443
2025-10-23,RELIANCE,RELIANCE,1475,0.004757059599459268,-0.0047457627118644066,0.23961556350272784
2025-10-24,RELIANCE,RELIANCE,1450,-0.01709443335929972,0.017241379310344827,-1.0019446947553643
2025-10-27,RELIANCE,RELIANCE,1463,0.008925565605504282,-0.00888585099111415,0.4764621443374305
2025-10-28,RELIANCE,RELIANCE,1484.09997558594,0.014319389431233454,-0.01421735458058308,0.7829289525646808
2025-10-29,RELIANCE,RELIANCE,1490,0.003967608488147256,-0.003959747928899328,0.19476045325954988
2025-10-30,RELIANCE,RELIANCE,1500,0.006688988150796327,-0.006666666666666667,0.3493840683669795
2025-10-31,RELIANCE,RELIANCE,1490.40002441406,-0.006420551422045229,0.006441207346137935,-0.3954750297468589
2025-11-03,RELIANCE,RELIANCE,1486,-0.0029566103905516172,0.002960985473795423,-0.1986604903573201
2025-11-04,RELIANCE,RELIANCE,1483.90002441406,-0.001414172812992831,0.0014151732268952604,-0.111022121630944
2025-11-06,RELIANCE,RELIANCE,1484,6.737126261402437e-5,-6.7368993221025e-5,-0.02684360583792803
2025-11-07,RELIANCE,RELIANCE,1494.59997558594,0.007117451434018207,-0.007092182362564543,0.3737285369840624
2025-11-10,RELIANCE,RELIANCE,1477.90002441406,-0.011236418421391114,0.011299784082824546,-0.669103430640524
2025-11-11,RELIANCE,RELIANCE,1497,0.012840927679675929,-0.012758834726746828,0.6989255685600358
2025-11-12,RELIANCE,RELIANCE,1505,0.005329792763347108,-0.0053156146179402,0.2721571722711779
2025-11-13,RELIANCE,RELIANCE,1515,0.006622540760493401,-0.006600660066006601,0.34560865406365543
2025-11-14,RELIANCE,RELIANCE,1505.5,-0.006290370021680758,0.00631019594818997,-0.38807837024347225
2025-11-17,RELIANCE,RELIANCE,1520.90002441406,0.010177212008911418,-0.010125599425901115,0.547578311767937
2025-11-18,RELIANCE,RELIANCE,1521.69995117188,5.258179074933977e-4,-5.256796894840995e-4,-7.955396536809316e-4
2025-11-19,RELIANCE,RELIANCE,1517.40002441406,-0.0028297388448157434,0.0028337463349392055,-0.1914518904970327
2025-11-20,RELIANCE,RELIANCE,1530,0.008269375393103573,-0.008235278160745098,0.4391786648464864
2025-11-21,RELIANCE,RELIANCE,1541,0.007163820933634213,-0.007138221933809215,0.3763631637359882
2025-11-24,RELIANCE,RELIANCE,1550,0.005823374593177277,-0.005806451612903226,0.30020155282084027
2025-11-25,RELIANCE,RELIANCE,1535.90002441406,-0.009138386596105441,0.009180269133284954,-0.5498972537558406
2025-11-26,RELIANCE,RELIANCE,1542.30004882812,0.004158296071668843,-0.004149662329922706,0.20559495897916905
2025-11-27,RELIANCE,RELIANCE,1575,0.020980431870877503,-0.02076187375992381,1.1613967115979
2025-11-28,RELIANCE,RELIANCE,1568,-0.004454350349380576,0.004464285714285714,-0.2837592254229867
2025-12-01,RELIANCE,RELIANCE,1575,0.004454350349380576,-0.0044444444444444444,0.22241619980641916
2025-12-02,RELIANCE,RELIANCE,1561.09997558594,-0.008864586936123686,0.008903993742516582,-0.5343404779694577
2025-12-03,RELIANCE,RELIANCE,1545.19995117188,-0.010237365131354537,0.01028994623123138,-0.6123391233626548
2025-12-04,RELIANCE,RELIANCE,1536,-0.005971685484637668,0.00598955154419271,-0.3699713211342346
2025-12-05,RELIANCE,RELIANCE,1530.40002441406,-0.003652479628843075,0.0036591580610331265,-0.23819845661150793
2025-12-08,RELIANCE,RELIANCE,1539.19995117188,0.005733614109615814,-0.005717208314046607,0.29510153291095303
2025-12-09,RELIANCE,RELIANCE,1540.30004882812,7.144651424173531e-4,-7.142099729705027e-4,0.00992303734028191
2025-12-10,RELIANCE,RELIANCE,1534,-0.004098531403606387,0.004106941869700129,-0.2635422698564981
2025-12-11,RELIANCE,RELIANCE,1536.90002441406,0.0018887135713274716,-0.0018869310742353766,0.0766415991066832
2025-12-12,RELIANCE,RELIANCE,1550.80004882812,0.009003541784006863,-0.008963131271864296,0.4808926024531601
2025-12-15,RELIANCE,RELIANCE,1551.19995117188,2.5783516826294317e-4,-2.57801931632277e-4,-0.01602180906948418
2025-12-16,RELIANCE,RELIANCE,1545,-0.004004883118953195,0.004012913379857606,-0.25822135248489914
2025-12-17,RELIANCE,RELIANCE,1550,0.003231020581447197,-0.0032258064516129032,0.15290892973213766
2025-12-18,RELIANCE,RELIANCE,1535.19995117188,-0.009594297025508958,0.009640469840311371,-0.5758012170018159
2025-12-19,RELIANCE,RELIANCE,1554.40002441406,0.012429000881867047,-0.012352079864008993,0.6755206715840973
2025-12-22,RELIANCE,RELIANCE,1573.5,0.012212802734810957,-0.012138529129926915,0.6632367041773561
2025-12-23,RELIANCE,RELIANCE,1580.90002441406,0.004691883040820244,-0.004680893351749249,0.2359123554368582
2025-12-24,RELIANCE,RELIANCE,1572.69995117188,-0.0052004640959228965,0.005214009980778471,-0.3261519890476566
2025-12-26,RELIANCE,RELIANCE,1554.69995117188,-0.01151128690044434,0.011577796723047564,-0.684720934693191
2025-12-29,RELIANCE,RELIANCE,1554.90002441406,1.2868101622576233e-4,-1.2867273717832192e-4,-0.0233601022772589
2025-12-30,RELIANCE,RELIANCE,1547,-0.0050936789920745795,0.005106673829385907,-0.32008466260171226
