date,ticker,company,adj_close,log_ret,simple_ret,z_ret
2020-01-02,HDFCBANK,HDFCBANK,639.5,0.002269989970690389,-0.002267415491838972,0.11444621032855594
2020-01-03,HDFCBANK,HDFCBANK,641.099975585938,0.0024987918927941166,-0.0024956725111019472,0.1277111665346944
2020-01-06,HDFCBANK,HDFCBANK,630,-0.01746559352611321,0.017619008866568184,-1.0297384555190892
2020-01-07,HDFCBANK,HDFCBANK,629.450012207031,-8.733777801399611e-4,8.737592855714841e-4,-0.06779279872849704
2020-01-08,HDFCBANK,HDFCBANK,623.474975585938,-0.009537812678222402,0.009583442567967969,-0.5701196516551814
2020-01-09,HDFCBANK,HDFCBANK,632.5,0.014371591674459339,-0.014268813302864893,0.8160452840975592
2020-01-10,HDFCBANK,HDFCBANK,642.049987792969,0.01498594266302078,-0.014874212249106686,0.8516627250855442
2020-01-13,HDFCBANK,HDFCBANK,641.349975585938,-0.0010908715855126871,0.001091466802335949,-0.08040215872357011
2020-01-14,HDFCBANK,HDFCBANK,644.5,0.004899530700058108,-0.004887547578063685,0.26689572778273735
2020-01-15,HDFCBANK,HDFCBANK,643.200012207031,-0.002019085535891918,0.0020211252616558436,-0.13421603095201548
2020-01-16,HDFCBANK,HDFCBANK,641.025024414062,-0.003387241037184019,0.003392984220790843,-0.21353583141933744
2020-01-17,HDFCBANK,HDFCBANK,640.875,-2.340657023012227e-4,2.3409309781477705e-4,-0.03072822061387959
2020-01-20,HDFCBANK,HDFCBANK,652.424987792969,0.017861741247605423,-0.01770316589504092,1.0183892190389752
2020-01-21,HDFCBANK,HDFCBANK,625,-0.04294452161506879,0.043879980468750364,-2.5068976601779727
2020-01-22,HDFCBANK,HDFCBANK,624.025024414062,-0.0015611789434224477,0.0015623982176891434,-0.1076685664912434
2020-01-23,HDFCBANK,HDFCBANK,620,-0.006470992753841109,0.006491974861390396,-0.39231855796257625
2020-01-24,HDFCBANK,HDFCBANK,623,0.004827040748315525,-0.004815409309791332,0.26269307062669706
2020-01-27,HDFCBANK,HDFCBANK,617.5,-0.008867450285320544,0.008906882591093117,-0.531254909163872
2020-01-28,HDFCBANK,HDFCBANK,609.400024414062,-0.013204161888066501,0.013291721794278035,-0.7826788874246813
2020-01-29,HDFCBANK,HDFCBANK,612.650024414062,0.005318943631322348,-0.005304823097180641,0.29121149451386974
2020-01-30,HDFCBANK,HDFCBANK,619.474975585938,0.011078455473525928,-0.011017315373264992,0.6251233412896917
2020-01-31,HDFCBANK,HDFCBANK,615.724975585938,-0.00607191008664465,0.006090381499355965,-0.36918145293167376
2020-02-03,HDFCBANK,HDFCBANK,598.5,-0.028373870634242238,0.02878024325135832,-1.662153676480701
2020-02-04,HDFCBANK,HDFCBANK,599,8.35073117421814e-4,-8.347245409015025e-4,0.03125587240201492
2020-02-05,HDFCBANK,HDFCBANK,617.450012207031,0.03033651521845382,-0.029880981200539246,1.7416232237326976
2020-02-06,HDFCBANK,HDFCBANK,622.325012207031,0.00786437059927092,-0.007833527344033886,0.43878445607505384
2020-02-07,HDFCBANK,HDFCBANK,623,0.0010840348542791034,-0.0010834475007527728,0.04568960838663134
2020-02-10,HDFCBANK,HDFCBANK,621.474975585938,-0.002450873191270908,0.002453879036117624,-0.15924923122534212
2020-02-11,HDFCBANK,HDFCBANK,621.650024414062,2.8162707576573354e-4,-2.81587422584087e-4,-8.305604282243849e-4
2020-02-12,HDFCBANK,HDFCBANK,622.599975585938,0.0015269461224818315,-0.0015257809333864758,0.07136770812409128
2020-02-13,HDFCBANK,HDFCBANK,629.950012207031,0.011736251739986159,-0.011667650573324383,0.6632595535510998
2020-02-14,HDFCBANK,HDFCBANK,621.599975585938,-0.013343710757141025,0.013433135374920316,-0.7907693336056888
2020-02-17,HDFCBANK,HDFCBANK,612.5,-0.014747817358393256,0.014857102997449722,-0.8721734249835115
2020-02-18,HDFCBANK,HDFCBANK,608.450012207031,-0.006634182573567848,0.006656237507956413,-0.401779605282757
2020-02-19,HDFCBANK,HDFCBANK,611.25,0.004591280943768261,-0.00458075712551162,0.24902472617514132
2020-02-20,HDFCBANK,HDFCBANK,615,0.006116227017435527,-0.006097560975609756,0.3374345729890401
2020-02-24,HDFCBANK,HDFCBANK,604.474975585938,-0.01726199548871321,0.017411844723364742,-1.0179347126793232
2020-02-25,HDFCBANK,HDFCBANK,602,-0.004102827008983567,0.004111255126142782,-0.25502244346507436
2020-02-26,HDFCBANK,HDFCBANK,598.75,-0.005413296583696159,0.005427974947807933,-0.33099786079638316
2020-02-27,HDFCBANK,HDFCBANK,597.5,-0.002089864919458506,0.0020920502092050207,-0.1383195166862056
2020-02-28,HDFCBANK,HDFCBANK,587.75,-0.016452596385486906,0.01658868566567418,-0.971009216779331
2020-03-02,HDFCBANK,HDFCBANK,600.099975585938,0.020794579891964204,-0.020579863503376136,1.1884226515354028
2020-03-03,HDFCBANK,HDFCBANK,587.5,-0.021220021293829383,0.021446766954788008,-1.2474041091112078
2020-03-04,HDFCBANK,HDFCBANK,589.174987792969,0.00284698653699067,-0.002842937714045583,0.14789800178503298
2020-03-05,HDFCBANK,HDFCBANK,576.5,-0.021747892846191164,0.021986101982600134,-1.2780078425071093
2020-03-06,HDFCBANK,HDFCBANK,562.5,-0.024584205630538314,0.024888888888888887,-1.4424451187560834
2020-03-09,HDFCBANK,HDFCBANK,555,-0.013423020332140823,0.013513513513513514,-0.795367363331252
2020-03-11,HDFCBANK,HDFCBANK,552.5,-0.0045146803545268455,0.004524886877828055,-0.278899937769985
2020-03-12,HDFCBANK,HDFCBANK,537.5,-0.027524673390090015,0.027906976744186046,-1.6129208546998983
2020-03-13,HDFCBANK,HDFCBANK,490.024993896484,-0.09247236224599842,0.096882825763669,-5.378309888330979
2020-03-16,HDFCBANK,HDFCBANK,517.5,0.05455312738370477,-0.05309179923384739,3.145598753655461
2020-03-17,HDFCBANK,HDFCBANK,504,-0.026433257068155136,0.026785714285714284,-1.5496452074500666
2020-03-18,HDFCBANK,HDFCBANK,492.5,-0.023081807459225168,0.023350253807106598,-1.3553425028190975
2020-03-19,HDFCBANK,HDFCBANK,423.5,-0.1509409465200342,0.16292798110979928,-8.768068167887668
2020-03-20,HDFCBANK,HDFCBANK,437.5,0.032523191705559285,-0.032,1.8683973678121653
2020-03-23,HDFCBANK,HDFCBANK,397.299987792969,-0.09638507370208682,0.10118301898357733,-5.605152152744802
2020-03-24,HDFCBANK,HDFCBANK,397.625,8.177179737263174e-4,-8.173837334951843e-4,0.03024969544794656
2020-03-25,HDFCBANK,HDFCBANK,385.225006103516,-0.03168175505736226,0.0321889641119297,-1.8539306580908024
2020-03-26,HDFCBANK,HDFCBANK,435.049987792969,0.12163334394117165,-0.11452702697962976,7.0346226165285275
2020-03-27,HDFCBANK,HDFCBANK,472.475006103516,0.08252390944616117,-0.07921057797149905,4.767224986941728
2020-03-30,HDFCBANK,HDFCBANK,440,-0.07121012148697226,0.0738068320534455,-4.145616168280624
2020-03-31,HDFCBANK,HDFCBANK,426.899993896484,-0.030224947445686823,0.030686358141978686,-1.76947118768099
2020-04-01,HDFCBANK,HDFCBANK,431.924987792969,0.011702154332303039,-0.011633950427738599,0.6612827317853331
2020-04-03,HDFCBANK,HDFCBANK,421.5,-0.02443215635701268,0.024733067124481558,-1.43362995262481
2020-04-07,HDFCBANK,HDFCBANK,437,0.036113417653679925,-0.03546910755148741,2.076543302662919
2020-04-08,HDFCBANK,HDFCBANK,439.975006103516,0.006784725893099974,-0.006761761605194619,0.37619127672647146
2020-04-09,HDFCBANK,HDFCBANK,456.5,0.036870779046333624,-0.036199329455605646,2.120451874817323
2020-04-13,HDFCBANK,HDFCBANK,467,0.022740557633873948,-0.022483940042826552,1.30124211252243
2020-04-15,HDFCBANK,HDFCBANK,465.25,-0.00375436214653746,0.0037614185921547557,-0.23481994211710208
2020-04-16,HDFCBANK,HDFCBANK,432.5,-0.07299256915042562,0.07572254335260116,-4.24895485520267
2020-04-17,HDFCBANK,HDFCBANK,457.5,0.05619455834364118,-0.0546448087431694,3.2407618956376405
2020-04-20,HDFCBANK,HDFCBANK,475.5,0.038589997269869336,-0.03785488958990536,2.220124789425304
2020-04-21,HDFCBANK,HDFCBANK,462.5,-0.0277203250329654,0.02810810810810811,-1.6242638995945116
2020-04-22,HDFCBANK,HDFCBANK,459.575012207031,-0.00634438102197965,0.006364549236309041,-0.3849781516282589
2020-04-23,HDFCBANK,HDFCBANK,467.5,0.017097172798242077,-0.016951845546457706,0.974062812581634
2020-04-24,HDFCBANK,HDFCBANK,466.5,-0.002141328441343404,0.0021436227224008574,-0.1413031514289892
2020-04-27,HDFCBANK,HDFCBANK,472.575012207031,0.012938470039716599,-0.012855127863530822,0.7329590252578723
2020-04-28,HDFCBANK,HDFCBANK,471.899993896484,-0.001429404528691336,0.001430426614277765,-0.10002884989953824
2020-04-29,HDFCBANK,HDFCBANK,467.5,-0.009367737069681858,0.009411751650233106,-0.5602593957697358
2020-04-30,HDFCBANK,HDFCBANK,500.700012207031,0.06860779498708691,-0.06630719272541855,3.9604282294589
2020-05-04,HDFCBANK,HDFCBANK,478.75,-0.044828603220973484,0.04584858946638334,-2.6161286481054864
2020-05-05,HDFCBANK,HDFCBANK,469,-0.02057577204857619,0.020788912579957356,-1.2100532951602574
2020-05-06,HDFCBANK,HDFCBANK,459.5,-0.020463826650537698,0.020674646354733407,-1.2035631800912576
2020-05-07,HDFCBANK,HDFCBANK,470.25,0.023125526385398665,-0.022860180754917598,1.3235609531280454
2020-05-08,HDFCBANK,HDFCBANK,471,0.0015936258352775567,-0.0015923566878980893,0.07523351249302045
2020-05-11,HDFCBANK,HDFCBANK,468.5,-0.005321992337941062,0.005336179295624333,-0.3257044313957894
2020-05-12,HDFCBANK,HDFCBANK,450.5,-0.03917802463008435,0.03995560488346282,-2.28853228502308
2020-05-13,HDFCBANK,HDFCBANK,475.5,0.054008804937052624,-0.052576235541535225,3.1140412678158564
2020-05-14,HDFCBANK,HDFCBANK,449,-0.057343994243190366,0.059020044543429843,-3.3417174556027613
2020-05-15,HDFCBANK,HDFCBANK,445.25,-0.008386965572483085,0.008422234699606962,-0.5033984619150695
2020-05-18,HDFCBANK,HDFCBANK,444,-0.002811359737546759,0.002815315315315315,-0.18014869835075592
2020-05-19,HDFCBANK,HDFCBANK,430.424987792969,-0.031051498130103106,0.03153862482900388,-1.817391058852125
2020-05-20,HDFCBANK,HDFCBANK,418.225006103516,-0.028753484490919412,0.029170856623607303,-1.6841620632013294
2020-05-21,HDFCBANK,HDFCBANK,430.725006103516,0.029450269777599125,-0.02902083654970308,1.6902425060677084
2020-05-22,HDFCBANK,HDFCBANK,425,-0.013380680664384137,0.013470602596508289,-0.7929126906020855
2020-05-26,HDFCBANK,HDFCBANK,428.5,0.008201569113417406,-0.008168028004667444,0.4583337827669138
2020-05-27,HDFCBANK,HDFCBANK,429.950012207031,0.0033782132108157725,-0.0033725134686885595,0.17869625076406798
2020-05-28,HDFCBANK,HDFCBANK,460,0.06755753823449062,-0.06532606041949778,3.8995388378825417
2020-05-29,HDFCBANK,HDFCBANK,472,0.025752496102414035,-0.025423728813559324,1.4758614142896624
2020-06-01,HDFCBANK,HDFCBANK,487.5,0.0323113048523469,-0.031794871794871796,1.8561130749063737
2020-06-02,HDFCBANK,HDFCBANK,493.350006103516,0.011928583236847423,-0.011857719734756746,0.6744101105895389
2020-06-03,HDFCBANK,HDFCBANK,510,0.03319185204362185,-0.03264704685585094,1.9071634324484033
2020-06-04,HDFCBANK,HDFCBANK,514.025024414062,0.007861224182158288,-0.007830405569554083,0.4386020402770291
2020-06-05,HDFCBANK,HDFCBANK,501.549987792969,-0.024568670909648205,0.02487296764972217,-1.441544482125075
2020-06-08,HDFCBANK,HDFCBANK,530,0.055173727555286156,-0.05367926831515287,3.18157849552934
2020-06-09,HDFCBANK,HDFCBANK,510,-0.03846628082779624,0.0392156862745098,-2.2472684255216784
2020-06-10,HDFCBANK,HDFCBANK,495,-0.02985296314968089,0.030303030303030304,-1.7479051302347837
2020-06-11,HDFCBANK,HDFCBANK,492.5,-0.005063301956546695,0.005076142131979695,-0.3107066702380636
2020-06-12,HDFCBANK,HDFCBANK,464,-0.05960990838588831,0.061422413793103446,-3.473085459828316
2020-06-15,HDFCBANK,HDFCBANK,484,0.042200354490376846,-0.04132231404958678,2.4294378492902977
2020-06-16,HDFCBANK,HDFCBANK,487.5,0.007205383721269776,-0.0071794871794871795,0.4005792172522305
2020-06-17,HDFCBANK,HDFCBANK,494.5,0.014256860624865197,-0.014155712841253791,0.8093936688735165
2020-06-18,HDFCBANK,HDFCBANK,490,-0.009141759958095186,0.009183673469387756,-0.5471582099875907
2020-06-19,HDFCBANK,HDFCBANK,508.975006103516,0.03799352031784853,-0.03728082101472947,2.1855436085778015
2020-06-22,HDFCBANK,HDFCBANK,519.724975585938,0.020900867135694057,-0.02068395783809007,1.1945847310336204
2020-06-23,HDFCBANK,HDFCBANK,519.5,-4.3296801893255576e-4,4.330617631144461e-4,-0.04225972566052202
2020-06-24,HDFCBANK,HDFCBANK,524.25,0.009101859242747423,-0.009060562708631379,0.5105287513605562
2020-06-25,HDFCBANK,HDFCBANK,510.950012207031,-0.02569690783295897,0.02602991970881875,-1.5069548302561673
2020-06-26,HDFCBANK,HDFCBANK,520.5,0.018518126105953492,-0.01834771910272618,1.0564436038985971
2020-06-29,HDFCBANK,HDFCBANK,518.5,-0.0038498603854417723,0.003857280617164899,-0.2403565212908319
2020-06-30,HDFCBANK,HDFCBANK,537,0.03505806683928281,-0.03445065176908752,2.015358579185203
2020-07-01,HDFCBANK,HDFCBANK,532.924987792969,-0.007617416095327734,0.007646502416610433,-0.4587832767843269
2020-07-02,HDFCBANK,HDFCBANK,545.150024414062,0.02268035252297107,-0.022425086808411644,1.2977516778609488
2020-07-03,HDFCBANK,HDFCBANK,546.5,0.0024732766800852346,-0.002470220651304583,0.12623190370305465
2020-07-06,HDFCBANK,HDFCBANK,553.974975585938,0.013585207687981438,-0.013493345214793668,0.7704541061654915
2020-07-07,HDFCBANK,HDFCBANK,554.700012207031,0.001307933763159852,-0.0013070787905850307,0.05867030887023584
2020-07-08,HDFCBANK,HDFCBANK,553.5,-0.002165696919043114,0.0021680437344733924,-0.14271593147263972
2020-07-09,HDFCBANK,HDFCBANK,559,0.009887721006407446,-0.009838998211091235,0.5560896530487064
2020-07-10,HDFCBANK,HDFCBANK,558.950012207031,-8.942759954599921e-5,8.943159831341458e-5,-0.02234272244526865
2020-07-13,HDFCBANK,HDFCBANK,554.950012207031,-0.0071820039609322706,0.007207856405105817,-0.4335399447298562
2020-07-14,HDFCBANK,HDFCBANK,531.299987792969,-0.043551231113501565,0.04451350453122487,-2.5420720802727073
2020-07-15,HDFCBANK,HDFCBANK,535.099975585938,0.007126789210905926,-0.007101453870948071,0.3960226439138865
2020-07-16,HDFCBANK,HDFCBANK,526.825012207031,-0.01558515143780781,0.015707233307394767,-0.9207184712454018
2020-07-17,HDFCBANK,HDFCBANK,529.525024414062,0.005111976131432883,-0.005098932217639158,0.27921240465967956
2020-07-20,HDFCBANK,HDFCBANK,567.5,0.06926032496990775,-0.06691625653909772,3.998259125133711
2020-07-21,HDFCBANK,HDFCBANK,576.025024414062,0.014910355559921484,-0.01479974663033742,0.8472805083491515
2020-07-22,HDFCBANK,HDFCBANK,569.25,-0.011831399971630852,0.01190166783322274,-0.7030920267220527
2020-07-23,HDFCBANK,HDFCBANK,562.5,-0.011928570865273436,0.012,-0.7087255792588357
2020-07-24,HDFCBANK,HDFCBANK,561.450012207031,-0.00186838931805422,0.001870135844937521,-0.12547930919865108
2020-07-27,HDFCBANK,HDFCBANK,549.924987792969,-0.02074086166636313,0.020957448142729037,-1.2196244846410624
2020-07-28,HDFCBANK,HDFCBANK,539.5,-0.019139098395968723,0.019323425010137122,-1.126761105526877
2020-07-29,HDFCBANK,HDFCBANK,540.5,0.0018518523810735488,-0.0018501387604070306,0.09020438244789653
2020-07-30,HDFCBANK,HDFCBANK,537,-0.006496542570397779,0.006517690875232775,-0.3937998269772403
2020-07-31,HDFCBANK,HDFCBANK,528.849975585938,-0.01529330289924058,0.015410843888254408,-0.903798342046616
2020-08-03,HDFCBANK,HDFCBANK,512.974975585938,-0.0304777281628974,0.030946928711029265,-1.7841263318018248
2020-08-04,HDFCBANK,HDFCBANK,504,-0.017650795375358186,0.017807491241940386,-1.0404756661025445
2020-08-05,HDFCBANK,HDFCBANK,523.974975585938,0.03886765859390895,-0.03812200298993444,2.2362224046449017
2020-08-06,HDFCBANK,HDFCBANK,518.5,-0.010503898995695593,0.010559258603544754,-0.626129201639718
2020-08-07,HDFCBANK,HDFCBANK,517.424987792969,-0.0020754641611855362,0.002077619427728825,-0.13748462235452313
2020-08-10,HDFCBANK,HDFCBANK,522,0.008803024374242518,-0.008764391201208855,0.49320358465241254
2020-08-11,HDFCBANK,HDFCBANK,524.25,0.004301081899390269,-0.004291845493562232,0.23220022758992503
2020-08-12,HDFCBANK,HDFCBANK,532.5,0.015614227801551195,-0.015492957746478873,0.8880880084526082
2020-08-13,HDFCBANK,HDFCBANK,533.974975585938,0.002766078079929457,-0.0027622560108166946,0.14320727572054748
2020-08-14,HDFCBANK,HDFCBANK,532.950012207031,-0.0019213416237189307,0.0019231885832263992,-0.12854925725322766
2020-08-17,HDFCBANK,HDFCBANK,523.5,-0.017890603729199483,0.018051599249342926,-1.054378728114998
2020-08-18,HDFCBANK,HDFCBANK,514,-0.01831376485542613,0.01848249027237354,-1.078911799148326
2020-08-19,HDFCBANK,HDFCBANK,532.5,0.035359632128415086,-0.03474178403755868,2.032842043995517
2020-08-20,HDFCBANK,HDFCBANK,527.474975585938,-0.009481473006165864,0.009526564570158175,-0.5668533185945347
2020-08-21,HDFCBANK,HDFCBANK,532.700012207031,0.009857012260933828,-0.009808591142029833,0.5543092914148819
2020-08-24,HDFCBANK,HDFCBANK,543,0.019150883095586657,-0.01896866996863532,1.0931281460538402
2020-08-25,HDFCBANK,HDFCBANK,559.5,0.029934207818044456,-0.029490616621983913,1.718299162471462
2020-08-26,HDFCBANK,HDFCBANK,560.5,0.0017857147602349244,-0.001784121320249777,0.08637000625061535
2020-08-27,HDFCBANK,HDFCBANK,562.900024414062,0.0042727933296999865,-0.004263677935633945,0.2305601773900444
2020-08-28,HDFCBANK,HDFCBANK,555.974975585938,-0.012378750543180495,0.01245568439627311,-0.7348250702832795
2020-08-31,HDFCBANK,HDFCBANK,564.75,0.015659870049378632,-0.015537891835435228,0.8907341506397766
2020-09-01,HDFCBANK,HDFCBANK,564,-0.0013289038500534645,0.0013297872340425532,-0.09420225067976584
2020-09-02,HDFCBANK,HDFCBANK,562.049987792969,-0.003463459309016592,0.003469464014558985,-0.21795464061757383
2020-09-03,HDFCBANK,HDFCBANK,568.625,0.011630373701125407,-0.011563002342547413,0.6571211979998668
2020-09-04,HDFCBANK,HDFCBANK,555,-0.024253052143733633,0.02454954954954955,-1.4232462568777169
2020-09-07,HDFCBANK,HDFCBANK,558.150024414062,0.005659673455347125,-0.0056436876758518394,0.31096555143893606
2020-09-08,HDFCBANK,HDFCBANK,557,-0.002062547274497284,0.0020646757882621996,-0.13673575654667802
2020-09-09,HDFCBANK,HDFCBANK,550.5,-0.011738283764549884,0.011807447774750226,-0.6976935475586936
2020-09-10,HDFCBANK,HDFCBANK,551.5,0.0018148825308230698,-0.001813236627379873,0.08806102875567107
2020-09-11,HDFCBANK,HDFCBANK,548.224975585938,-0.005956096603382477,0.005973869414763033,-0.36246708283621343
2020-09-14,HDFCBANK,HDFCBANK,544,-0.007736495234232699,0.007766499238856535,-0.4656869756174467
2020-09-15,HDFCBANK,HDFCBANK,534,-0.01855340789574722,0.018726591760299626,-1.0928052769903804
2020-09-16,HDFCBANK,HDFCBANK,535.099975585938,0.0020577607318301716,-0.0020556449936920186,0.10214206736831942
2020-09-17,HDFCBANK,HDFCBANK,542,0.012812401747621216,-0.012730672350667981,0.7256501252353247
2020-09-18,HDFCBANK,HDFCBANK,546,0.007352974305258719,-0.007326007326007326,0.409135887646626
2020-09-21,HDFCBANK,HDFCBANK,527.5,-0.034470110394683395,0.035071090047393366,-2.0155875668117393
2020-09-22,HDFCBANK,HDFCBANK,527.025024414062,-9.008332795561458e-4,9.012391517196455e-4,-0.06938455107924983
2020-09-23,HDFCBANK,HDFCBANK,523,-0.007666568005742391,0.007696031384439857,-0.46163289418754005
2020-09-24,HDFCBANK,HDFCBANK,519,-0.007677580899034808,0.007707129094412331,-0.4622713746070582
2020-09-25,HDFCBANK,HDFCBANK,525,0.011494379425735168,-0.011428571428571429,0.6492368319475414
2020-09-28,HDFCBANK,HDFCBANK,524.474975585938,-0.0010005468831089104,0.0010010475971241402,-0.07516551905423767
2020-09-29,HDFCBANK,HDFCBANK,529,0.008590716149784683,-0.008553921387640917,0.48089486244533786
2020-09-30,HDFCBANK,HDFCBANK,530,0.001888574687868072,-0.0018867924528301887,0.09233338462994715
2020-10-01,HDFCBANK,HDFCBANK,545.049987792969,0.02800050463203263,-0.027612123896947127,1.6061913277021445
2020-10-05,HDFCBANK,HDFCBANK,556,0.019890783072382234,-0.019694266559408313,1.1360243800490255
2020-10-06,HDFCBANK,HDFCBANK,567.525024414062,0.02051655001659025,-0.02030751758649055,1.172303669286794
2020-10-07,HDFCBANK,HDFCBANK,572.450012207031,0.008640572426835469,-0.008603349965844383,0.48378531601146074
2020-10-08,HDFCBANK,HDFCBANK,590,0.03019712020575671,-0.029745742021981318,1.7335416974859734
2020-10-09,HDFCBANK,HDFCBANK,600.5,0.017640104620273434,-0.017485428809325562,1.0055396759573303
2020-10-12,HDFCBANK,HDFCBANK,615.775024414062,0.02511903519733316,-0.02480617727001339,1.4391360621294031
2020-10-13,HDFCBANK,HDFCBANK,606.700012207031,-0.01484722164874519,0.014957989161757682,-0.8779364603028722
2020-10-14,HDFCBANK,HDFCBANK,597.775024414062,-0.01481998525840389,0.014930345746239956,-0.8763574109584924
2020-10-15,HDFCBANK,HDFCBANK,607.099975585938,0.015479012111930146,-0.015359827947408504,0.8802487814710201
2020-10-16,HDFCBANK,HDFCBANK,590,-0.02857094502238766,0.02898300946769145,-1.6735792060569754
2020-10-19,HDFCBANK,HDFCBANK,617.5,0.045556531602367834,-0.044534412955465584,2.6240146343157114
2020-10-20,HDFCBANK,HDFCBANK,603.75,-0.02251886353534971,0.022774327122153208,-1.3227054234272242
2020-10-21,HDFCBANK,HDFCBANK,615.299987792969,0.01894972894050806,-0.018771311591274112,1.0814660890515948
2020-10-22,HDFCBANK,HDFCBANK,619.974975585938,0.007569181359116328,-0.007540607245559629,0.42167064729593606
2020-10-23,HDFCBANK,HDFCBANK,621.75,0.0028589674171071167,-0.002854884461700113,0.14859260193786264
2020-10-26,HDFCBANK,HDFCBANK,614.900024414062,-0.011078390019973128,0.011139982621508745,-0.6594357324930586
2020-10-27,HDFCBANK,HDFCBANK,613,-0.0030947567273296173,0.0030995504307700576,-0.196578842922366
2020-10-28,HDFCBANK,HDFCBANK,614,0.0016299922109306308,-0.0016286644951140066,0.07734187931081901
2020-10-29,HDFCBANK,HDFCBANK,600.299987792969,-0.02256541822422964,0.022821943171113097,-1.3254044650414731
2020-10-30,HDFCBANK,HDFCBANK,591.275024414062,-0.015148246422050704,0.015263562650647104,-0.8953885883188517
2020-11-02,HDFCBANK,HDFCBANK,597.174987792969,0.009928918823865374,-0.00987978984302731,0.5584781261844796
2020-11-03,HDFCBANK,HDFCBANK,613.224975585938,0.02652169376185043,-0.026173082362852516,1.5204562025347137
2020-11-04,HDFCBANK,HDFCBANK,626,0.020618495013520644,-0.020407387242910614,1.1782140038997444
2020-11-05,HDFCBANK,HDFCBANK,633,0.011120051044077428,-0.011058451816745656,0.6275348744476009
2020-11-06,HDFCBANK,HDFCBANK,633.125,1.9745285877181828e-4,-1.9743336623889436e-4,-0.00571062127673578
2020-11-09,HDFCBANK,HDFCBANK,657.599975585938,0.03792893161301514,-0.03721863822170939,2.181799031901412
2020-11-10,HDFCBANK,HDFCBANK,678.5,0.03128767265896126,-0.030803278428978696,1.7967672613240493
2020-11-11,HDFCBANK,HDFCBANK,699.950012207031,0.031124442085771697,-0.03064506298013542,1.7873038512925736
2020-11-12,HDFCBANK,HDFCBANK,688.700012207031,-0.016203141085299855,0.01633512385740763,-0.9565468661052194
2020-11-13,HDFCBANK,HDFCBANK,684.400024414062,-0.006263202585145677,0.006282857451167309,-0.38027177329198625
2020-11-14,HDFCBANK,HDFCBANK,683.900024414062,-7.308338879079557e-4,7.311010120644166e-4,-0.05952871392307617
2020-11-17,HDFCBANK,HDFCBANK,692.900024414062,0.013073980065604118,-0.012988886827664182,0.7408153165965459
2020-11-18,HDFCBANK,HDFCBANK,701.5,0.01233517567456932,-0.012259409245813193,0.6979825999748372
2020-11-19,HDFCBANK,HDFCBANK,694.849975585938,-0.00952493974565538,0.009570446352040752,-0.5693733341191332
2020-11-20,HDFCBANK,HDFCBANK,686.325012207031,-0.012344665541228927,0.012421175430417453,-0.7328489677487776
2020-11-23,HDFCBANK,HDFCBANK,707.5,0.030386335261761488,-0.02992931136815403,1.7445115766214636
2020-11-24,HDFCBANK,HDFCBANK,704,-0.004959273359350647,0.004971590909090909,-0.30467553739918984
2020-11-25,HDFCBANK,HDFCBANK,725.650024414062,0.030289482402733547,-0.02983535269849086,1.738896462370508
2020-11-26,HDFCBANK,HDFCBANK,707.5,-0.0253302090433829,0.025653744754858016,-1.4856952038516136
2020-11-27,HDFCBANK,HDFCBANK,715.900024414062,0.011802896987361144,-0.011733516032405723,0.6671233597623393
2020-12-01,HDFCBANK,HDFCBANK,720.424987792969,0.006300772193514881,-0.006280963952637476,0.34813371247283126
2020-12-02,HDFCBANK,HDFCBANK,715.5,-0.0068596997017635886,0.006883281331892351,-0.41485412319649184
2020-12-03,HDFCBANK,HDFCBANK,714.5,-0.001398601626583229,0.0013995801259622112,-0.0982430294670724
2020-12-04,HDFCBANK,HDFCBANK,690.5,-0.03416702452057496,0.03475742215785663,-1.9980159449924095
2020-12-07,HDFCBANK,HDFCBANK,687.5,-0.004354143308620273,0.004363636363636364,-0.26959268692250105
2020-12-08,HDFCBANK,HDFCBANK,687.5,0,0,-0.01715809296009843
2020-12-09,HDFCBANK,HDFCBANK,688.5,0.0014534886279831127,-0.0014524328249818446,0.06710895698000316
2020-12-10,HDFCBANK,HDFCBANK,699,0.015135424065100267,-0.015021459227467811,0.8603290170204391
2020-12-11,HDFCBANK,HDFCBANK,695.025024414062,-0.005702890966063023,0.005719183405358737,-0.34778730366608146
2020-12-14,HDFCBANK,HDFCBANK,691.5,-0.005084700162933942,0.005097649188809899,-0.3119472466633537
2020-12-15,HDFCBANK,HDFCBANK,690.400024414062,-0.0015919759733966643,0.0015932438398615306,-0.10945404648248586
2020-12-16,HDFCBANK,HDFCBANK,702,0.016662228894394282,-0.016524181746350362,0.94884662653035
2020-12-17,HDFCBANK,HDFCBANK,709.299987792969,0.010345146972261077,-0.010291819989569354,0.5826092528352812
2020-12-18,HDFCBANK,HDFCBANK,717.5,0.011494396635704618,-0.011428588441855084,0.6492378297078862
2020-12-21,HDFCBANK,HDFCBANK,708.75,-0.012270092591815107,0.012345679012345678,-0.7285255473025857
2020-12-22,HDFCBANK,HDFCBANK,692.400024414062,-0.023338996479853158,0.023613482104906033,-1.3702532215052157
2020-12-23,HDFCBANK,HDFCBANK,683.75,-0.012571504825917401,0.012650858375227855,-0.7460001386373526
2020-12-24,HDFCBANK,HDFCBANK,694.700012207031,0.01588776153430249,-0.01576221680527012,0.903946323594758
2020-12-28,HDFCBANK,HDFCBANK,702.5,0.011165285937407177,-0.011103185470418473,0.6301573999643936
2020-12-29,HDFCBANK,HDFCBANK,710.525024414062,0.011358766559208533,-0.011294499332630714,0.6413745783487294
2020-12-30,HDFCBANK,HDFCBANK,719.950012207031,0.01317761434255793,-0.013091169710625268,0.7468235884353791
2020-12-31,HDFCBANK,HDFCBANK,717.5,-0.0034088344758904654,0.0034146511596251186,-0.2147877265789012
2021-01-01,HDFCBANK,HDFCBANK,720,0.0034782643763247023,-0.003472222222222222,0.184496789136472
2021-01-04,HDFCBANK,HDFCBANK,719,-0.0013898542890542487,0.0013908205841446453,-0.09773589627440488
2021-01-05,HDFCBANK,HDFCBANK,709.599975585938,-0.013159961131064435,0.01324693452293338,-0.7801163167061986
2021-01-06,HDFCBANK,HDFCBANK,717.5,0.011071551043793981,-0.011010486988239785,0.6247230520037447
2021-01-07,HDFCBANK,HDFCBANK,716.25,-0.0017436796048269088,0.0017452006980802793,-0.11824917376433608
2021-01-08,HDFCBANK,HDFCBANK,716,-3.491010683038809e-4,3.4916201117318437e-4,-0.03739747880084488
2021-01-11,HDFCBANK,HDFCBANK,725,0.012491487894028985,-0.012413793103448275,0.7070449134665613
2021-01-12,HDFCBANK,HDFCBANK,726.224975585938,0.0016881956932630615,-0.001686771492469825,0.08071626811438906
2021-01-13,HDFCBANK,HDFCBANK,746.450012207031,0.027468801305109203,-0.027094964552674652,1.5753654444165064
2021-01-14,HDFCBANK,HDFCBANK,735.575012207031,-0.014676128967072266,0.014784352132042218,-0.8680172388701137
2021-01-15,HDFCBANK,HDFCBANK,734.549987792969,-0.00139447268791848,0.0013954454170530131,-0.09800365127452385
2021-01-18,HDFCBANK,HDFCBANK,734.950012207031,5.444360992754582e-4,-5.442879208353027e-4,0.01440598197218603
2021-01-19,HDFCBANK,HDFCBANK,745.900024414062,0.014789089394797728,-0.01468026792951609,0.8402500150959898
2021-01-20,HDFCBANK,HDFCBANK,750.5,0.006148075381386953,-0.006129214638158501,0.33928100482477713
2021-01-21,HDFCBANK,HDFCBANK,746,-0.006014050869755927,0.006032171581769437,-0.3658270231651149
2021-01-22,HDFCBANK,HDFCBANK,733.950012207031,-0.016284677168552975,0.01641799522113768,-0.9612739792502452
2021-01-25,HDFCBANK,HDFCBANK,732.549987792969,-0.0019093417516371503,0.001911165705264766,-0.12785355602758308
2021-01-27,HDFCBANK,HDFCBANK,734,0.001977447330944848,-0.0019754934700695133,0.09748584011414188
2021-01-28,HDFCBANK,HDFCBANK,694.950012207031,-0.054669110518410946,0.0561910743320279,-3.1866391453357577
2021-01-29,HDFCBANK,HDFCBANK,695.674987792969,0.0010426616113141662,-0.0010421182285681163,0.04329096483074683
2021-02-01,HDFCBANK,HDFCBANK,705.125,0.01349251235272142,-0.013401896411318592,0.7650800273490446
2021-02-02,HDFCBANK,HDFCBANK,750.5,0.062364559013376564,-0.06045969353764157,3.598472127803978
2021-02-03,HDFCBANK,HDFCBANK,789.5,0.050660182622180194,-0.04939835338822039,2.919902477593986
2021-02-04,HDFCBANK,HDFCBANK,783,-0.008267137704893734,0.008301404853128991,-0.49645135499728305
2021-02-05,HDFCBANK,HDFCBANK,774,-0.011560822401075477,0.011627906976744186,-0.6874050972121621
2021-02-08,HDFCBANK,HDFCBANK,810,0.045462374076756795,-0.044444444444444446,2.61855578396075
2021-02-09,HDFCBANK,HDFCBANK,805,-0.0061919702479205085,0.006211180124223602,-0.3761420272432489
2021-02-10,HDFCBANK,HDFCBANK,804.174987792969,-0.0010253854124950834,0.0010259112998468663,-0.07660555068284683
2021-02-11,HDFCBANK,HDFCBANK,791,-0.01651892423841428,0.016656116046737012,-0.9748546218189832
2021-02-12,HDFCBANK,HDFCBANK,786.950012207031,-0.005133238258219208,0.005146435898273428,-0.314761277692257
2021-02-15,HDFCBANK,HDFCBANK,800.049987792969,0.016509480947613397,-0.016373946360621495,0.9399909543139412
2021-02-16,HDFCBANK,HDFCBANK,810.599975585938,0.01310047361865152,-0.013015035912557206,0.7423512994138862
2021-02-17,HDFCBANK,HDFCBANK,810,-7.404364092158389e-4,7.407105999234009e-4,-0.06008542701117188
2021-02-18,HDFCBANK,HDFCBANK,802.974975585938,-0.008710697859195093,0.00874874638395278,-0.522167074373652
2021-02-19,HDFCBANK,HDFCBANK,772.5,-0.03869154103538808,0.03944980658373845,-2.2603280482784647
2021-02-22,HDFCBANK,HDFCBANK,772.525024414062,3.239353883355278e-5,-3.239301416937988e-5,-0.01528005421790151
2021-02-23,HDFCBANK,HDFCBANK,776.875,0.005615059954241275,-0.00559932496983164,0.30837905158380413
2021-02-24,HDFCBANK,HDFCBANK,763.25,-0.017693830649988307,0.017851293809367834,-1.0429706671411751
2021-02-25,HDFCBANK,HDFCBANK,804.875,0.05310135424335982,-0.051716104985246154,3.0614311603466033
2021-02-26,HDFCBANK,HDFCBANK,793.525024414062,-0.014201909635454868,0.014303235861173708,-0.8405240316096373
2021-03-01,HDFCBANK,HDFCBANK,782,-0.014630335677581208,0.014737882882432283,-0.865362339933756
2021-03-02,HDFCBANK,HDFCBANK,787.849975585938,0.007452944874532186,-0.00742524054987401,0.4149317533942545
2021-03-03,HDFCBANK,HDFCBANK,792,0.005253706394582558,-0.005239929815734906,0.28742931873314875
2021-03-04,HDFCBANK,HDFCBANK,774.275024414062,-0.022634252638652264,0.022892350943841244,-1.329395189788882
2021-03-05,HDFCBANK,HDFCBANK,765.5,-0.011397924078035082,0.01146312790863755,-0.677960949622308
2021-03-08,HDFCBANK,HDFCBANK,771,0.007159158465590565,-0.007133592736705577,0.3978992747650237
2021-03-09,HDFCBANK,HDFCBANK,772.5,0.00194363520857177,-0.001941747572815534,0.095525557969642
2021-03-10,HDFCBANK,HDFCBANK,786,0.01732478365730561,-0.01717557251908397,0.987258716050278
2021-03-12,HDFCBANK,HDFCBANK,800,0.017654935238720526,-0.0175,1.006399491742133
2021-03-15,HDFCBANK,HDFCBANK,774.200012207031,-0.032781473757095725,0.033324706001257115,-1.9176876416725088
2021-03-16,HDFCBANK,HDFCBANK,765.450012207031,-0.011366341785218559,0.01143118408839138,-0.6761299434522345
2021-03-17,HDFCBANK,HDFCBANK,762.125,-0.004353327897632653,0.004362817394825026,-0.2695454128832397
2021-03-18,HDFCBANK,HDFCBANK,755.875,-0.008234565634603008,0.00826856292376385,-0.49456296576534936
2021-03-19,HDFCBANK,HDFCBANK,742.5,-0.01785314791652226,0.018013468013468013,-1.0522072004011347
2021-03-22,HDFCBANK,HDFCBANK,747.450012207031,0.0066445590502368646,-0.006622532779703739,0.3680650030700678
2021-03-23,HDFCBANK,HDFCBANK,735,-0.016796930514255237,0.016938792118409554,-0.9909722358675946
2021-03-24,HDFCBANK,HDFCBANK,745.450012207031,0.014117580036956845,-0.014018394306671204,0.8013187764863385
2021-03-25,HDFCBANK,HDFCBANK,745.099975585938,-4.696744562666666e-4,4.697847705843812e-4,-0.04438780779919121
2021-03-26,HDFCBANK,HDFCBANK,747,0.0025467803392906774,-0.0025435400455984542,0.13049333127931964
2021-03-30,HDFCBANK,HDFCBANK,753.325012207031,0.008431572661520725,-0.008396126644594623,0.4716684041057052
2021-03-31,HDFCBANK,HDFCBANK,774,0.027075115795389237,-0.02671187053355165,1.552541243477096
2021-04-01,HDFCBANK,HDFCBANK,749.700012207031,-0.03189873079815708,0.03241294837575445,-1.8665099829188592
2021-04-05,HDFCBANK,HDFCBANK,740,-0.013022956593355062,0.013108124604095977,-0.7721733799684496
2021-04-06,HDFCBANK,HDFCBANK,730,-0.01360565205577835,0.0136986301369863,-0.8059555690317673
2021-04-07,HDFCBANK,HDFCBANK,719.650024414062,-0.014279517508846595,0.014381956832927074,-0.845023403958972
2021-04-08,HDFCBANK,HDFCBANK,726.5,0.00947346637674773,-0.009428734461029532,0.5320729425678595
2021-04-09,HDFCBANK,HDFCBANK,713,-0.01875706259604204,0.018934081346423562,-1.1046123049022591
2021-04-12,HDFCBANK,HDFCBANK,696.5,-0.023413627194435627,0.023689877961234746,-1.3745799909285803
2021-04-13,HDFCBANK,HDFCBANK,684,-0.018109875597310143,0.01827485380116959,-1.067091172577758
2021-04-15,HDFCBANK,HDFCBANK,702.5,0.026687483585350336,-0.026334519572953737,1.5300679869459908
2021-04-16,HDFCBANK,HDFCBANK,717.474975585938,0.021092668585509067,-0.02087177406251471,1.2057045582127814
2021-04-19,HDFCBANK,HDFCBANK,695,-0.03182622422861758,0.03233809436825605,-1.8623063623340528
2021-04-20,HDFCBANK,HDFCBANK,712.5,0.02486806657801388,-0.02456140350877193,1.4245859756887858
2021-04-22,HDFCBANK,HDFCBANK,690,-0.032088314551501185,0.03260869565217391,-1.8775012375481033
2021-04-23,HDFCBANK,HDFCBANK,704.5,0.02079673374743063,-0.0205819730305181,1.188547522857102
2021-04-26,HDFCBANK,HDFCBANK,706.5,0.002834870785846988,-0.0028308563340410475,0.14719558238733108
2021-04-27,HDFCBANK,HDFCBANK,703.625,-0.004077658340391643,0.004085983300763901,-0.2535632717782118
2021-04-28,HDFCBANK,HDFCBANK,718.125,0.02039810481882931,-0.02019147084421236,1.1654367236480716
2021-04-29,HDFCBANK,HDFCBANK,743.099975585938,0.03418694370606001,-0.03360917293294898,1.9648545881955448
2021-04-30,HDFCBANK,HDFCBANK,722.5,-0.028113172322492552,0.028512076935554263,-1.6470395041146697
2021-05-03,HDFCBANK,HDFCBANK,696.5,-0.03664962676672712,0.03732950466618808,-2.141946598064086
2021-05-04,HDFCBANK,HDFCBANK,704.974975585938,0.0120945133396404,-0.012021668682486216,0.6840300277938691
2021-05-05,HDFCBANK,HDFCBANK,700.5,-0.00636794078243863,0.006388259223323276,-0.3863440457074827
2021-05-06,HDFCBANK,HDFCBANK,703.799987792969,0.004699841765962276,-0.00468881479142581,0.2553186180221709
2021-05-07,HDFCBANK,HDFCBANK,706.474975585938,0.0037935736937191322,-0.0037863871834248474,0.20277707388303645
2021-05-10,HDFCBANK,HDFCBANK,713.5,0.00989465568014758,-0.009845864630780722,0.5564916957528128
2021-05-11,HDFCBANK,HDFCBANK,698,-0.021963334154518677,0.022206303724928367,-1.290498207507926
2021-05-12,HDFCBANK,HDFCBANK,699.875,0.0026826449066845726,-0.002679049830326844,0.13837017741712682
2021-05-14,HDFCBANK,HDFCBANK,697.174987792969,-0.003865309891953217,0.0038727898365636866,-0.24125221755686732
2021-05-17,HDFCBANK,HDFCBANK,697.575012207031,5.736145187746899e-4,-5.734500334185183e-4,0.01609762185552338
2021-05-18,HDFCBANK,HDFCBANK,729.474975585938,0.044715011563761564,-0.04373003111351948,2.575226904055206
2021-05-19,HDFCBANK,HDFCBANK,735.099975585938,0.007681447308509171,-0.007652020387453272,0.4281793465605519
2021-05-20,HDFCBANK,HDFCBANK,729.174987792969,-0.008092769839246117,0.00812560481661945,-0.48634225241500617
2021-05-21,HDFCBANK,HDFCBANK,721.5,-0.010581363114977371,0.010637543718598721,-0.6306202397409967
2021-05-24,HDFCBANK,HDFCBANK,751.625,0.040905151145807395,-0.040079827041410276,2.3543475026455756
2021-05-25,HDFCBANK,HDFCBANK,755.25,0.004811290907047905,-0.004799735187024164,0.261779962236941
2021-05-26,HDFCBANK,HDFCBANK,740,-0.02039863406856579,0.02060810810810811,-1.1997835932028806
2021-05-27,HDFCBANK,HDFCBANK,736.549987792969,-0.004673080510523064,0.004684016379348253,-0.28808330088608614
2021-05-28,HDFCBANK,HDFCBANK,745.450012207031,0.012010973562101235,-0.011939129744879895,0.6791867490296717
2021-05-31,HDFCBANK,HDFCBANK,750,0.006085127280562652,-0.006066650390625303,0.33563154334726886
2021-06-01,HDFCBANK,HDFCBANK,760.150024414062,0.013442607813915153,-0.013352659459408523,0.7621867757728958
2021-06-02,HDFCBANK,HDFCBANK,755,-0.006798065095246386,0.006821224389486152,-0.41128081249737736
2021-06-03,HDFCBANK,HDFCBANK,754,-0.0013253812410685128,0.001326259946949602,-0.0939980248870424
2021-06-04,HDFCBANK,HDFCBANK,758,0.005291017634415418,-0.005277044854881266,0.2895924647322242
2021-06-07,HDFCBANK,HDFCBANK,755,-0.003965636393346905,0.0039735099337748344,-0.2470687187254745
2021-06-08,HDFCBANK,HDFCBANK,748.275024414062,-0.00894715915421962,0.008987304622660576,-0.5358760882407767
2021-06-09,HDFCBANK,HDFCBANK,741.950012207031,-0.008488718190037048,0.008524849522161763,-0.509297643195098
2021-06-10,HDFCBANK,HDFCBANK,741.049987792969,-0.001213788974459007,0.0012145259144292569,-0.08752838286694359
2021-06-11,HDFCBANK,HDFCBANK,745.5,0.005987051274484401,-0.0059691645969564356,0.3299455162652105
2021-06-14,HDFCBANK,HDFCBANK,739.125,-0.00858808006379963,0.008625063419583967,-0.5150582193821169
2021-06-15,HDFCBANK,HDFCBANK,743,0.005228990576765291,-0.005215343203230148,0.285996401396023
2021-06-16,HDFCBANK,HDFCBANK,744,0.0013449901153324006,-0.0013440860215053765,0.06081867757366742
2021-06-17,HDFCBANK,HDFCBANK,733,-0.014895332946440298,0.015006821282401092,-0.8807257474341905
2021-06-18,HDFCBANK,HDFCBANK,734.75,0.0023846034123753412,-0.0023817625042531474,0.12109100714933096
2021-06-21,HDFCBANK,HDFCBANK,730.674987792969,-0.005561557561291508,0.005577051733137532,-0.3395933977429335
2021-06-22,HDFCBANK,HDFCBANK,748.5,0.02410245612194828,-0.02381431156583971,1.3801991581424584
2021-06-23,HDFCBANK,HDFCBANK,745,-0.004686985480123695,0.004697986577181208,-0.28888945151235595
2021-06-24,HDFCBANK,HDFCBANK,745,0,0,-0.01715809296009843
2021-06-25,HDFCBANK,HDFCBANK,755.549987792969,0.014061726323726376,-0.01396332203483513,0.798080617238644
2021-06-28,HDFCBANK,HDFCBANK,760,0.005872488577090884,-0.005855279219777661,0.32330366138130606
2021-06-29,HDFCBANK,HDFCBANK,753.5,-0.008589415213826612,0.008626410086264101,-0.5151356256664721
2021-06-30,HDFCBANK,HDFCBANK,749,-0.0059900345493311136,0.006008010680907877,-0.36443465969306593
2021-07-01,HDFCBANK,HDFCBANK,751,0.0026666682469151937,-0.002663115845539281,0.13744391906135894
2021-07-02,HDFCBANK,HDFCBANK,742.5,-0.011382781087279525,0.011447811447811448,-0.6770830238280316
2021-07-05,HDFCBANK,HDFCBANK,744.974975585938,0.0033277573210215294,-0.003322226473434676,0.17577103421728904
2021-07-06,HDFCBANK,HDFCBANK,748.5,0.004720575861806964,-0.004709451454992713,0.25652069216044254
2021-07-07,HDFCBANK,HDFCBANK,767,0.024415597507572606,-0.024119947848761408,1.39835375548349
2021-07-08,HDFCBANK,HDFCBANK,762.5,-0.005884292885689035,0.005901639344262295,-0.35830421059339745
2021-07-09,HDFCBANK,HDFCBANK,756.275024414062,-0.008197409549684842,0.008231100307405852,-0.4924088149841892
2021-07-12,HDFCBANK,HDFCBANK,751,-0.006999447167747697,0.007024000551347597,-0.42295608317629585
2021-07-13,HDFCBANK,HDFCBANK,748.049987792969,-0.003935847422362748,0.003943603041468762,-0.24534168168009343
2021-07-14,HDFCBANK,HDFCBANK,748.75,9.353450878872849e-4,-9.349077890230686e-4,0.03706921210082883
2021-07-15,HDFCBANK,HDFCBANK,752.5,0.004995847193371539,-0.0049833887043189366,0.2724797458451063
2021-07-16,HDFCBANK,HDFCBANK,763.974975585938,0.015134037538382827,-0.01502009352745764,0.8602486321354537
2021-07-19,HDFCBANK,HDFCBANK,743.5,-0.02716626826120372,0.027538635623319374,-1.5921420592465385
2021-07-20,HDFCBANK,HDFCBANK,721,-0.030729628615260296,0.031206657420249653,-1.7987304419341692
2021-07-22,HDFCBANK,HDFCBANK,728.049987792969,0.009730573105215967,-0.009683384260935856,0.546978890306743
2021-07-23,HDFCBANK,HDFCBANK,725.75,-0.0031641074854258378,0.0031691185573117153,-0.2005995030660851
2021-07-26,HDFCBANK,HDFCBANK,715,-0.014923060210731975,0.015034965034965035,-0.8823332555493215
2021-07-27,HDFCBANK,HDFCBANK,718.049987792969,0.00425664481236776,-0.004247598140546674,0.22962395546831785
2021-07-28,HDFCBANK,HDFCBANK,717.525024414062,-7.313632486534161e-4,7.316307599663473e-4,-0.05955940399351575
2021-07-29,HDFCBANK,HDFCBANK,714.125,-0.004749807213094925,0.004761105428408255,-0.2925315867225859
2021-07-30,HDFCBANK,HDFCBANK,709.5,-0.00649752044452967,0.0065186751233262865,-0.393856519934197
2021-08-02,HDFCBANK,HDFCBANK,717.5,0.011212451033679294,-0.011149825783972125,0.6328918303867682
2021-08-03,HDFCBANK,HDFCBANK,705,-0.01757514482150757,0.01773049645390071,-1.0360897707631609
2021-08-04,HDFCBANK,HDFCBANK,720.5,0.02174761262730751,-0.021512838306731435,1.243675410695408
2021-08-05,HDFCBANK,HDFCBANK,733.549987792969,0.01795032950504183,-0.01779018200549967,1.0235251870608475
2021-08-06,HDFCBANK,HDFCBANK,741.775024414062,0.011150250649564875,-0.011088317010390224,0.6292857183240432
2021-08-09,HDFCBANK,HDFCBANK,746,0.005679604609577282,-0.005663506147369913,0.3121210744589211
2021-08-10,HDFCBANK,HDFCBANK,744.5,-0.002012748079696536,0.0020147750167897917,-0.13384861236514817
2021-08-11,HDFCBANK,HDFCBANK,757.450012207031,0.01724469259622463,-0.01709685391554452,0.9826153791063724
2021-08-12,HDFCBANK,HDFCBANK,748.5,-0.011886340860605138,0.011957264137649996,-0.7062772643261733
2021-08-13,HDFCBANK,HDFCBANK,750.599975585938,0.002801650315174875,-0.0027977293555047867,0.14526960167632577
2021-08-16,HDFCBANK,HDFCBANK,763.075012207031,0.016483484475214638,-0.0163483752206899,0.9384837901052614
2021-08-17,HDFCBANK,HDFCBANK,758.599975585938,-0.005881741578325439,0.005899072983276301,-0.3581562967116459
2021-08-18,HDFCBANK,HDFCBANK,778.349975585938,0.025701666043678628,-0.02537418978542692,1.4729145050290695
2021-08-20,HDFCBANK,HDFCBANK,743.025024414062,-0.0464465387305637,0.047542074642415465,-2.7099296244335642
2021-08-23,HDFCBANK,HDFCBANK,764.924987792969,0.029048049461360748,-0.028630210449909207,1.666923493574036
2021-08-24,HDFCBANK,HDFCBANK,765,9.805998031264807e-5,-9.805517258957206e-5,-0.01147299498340177
2021-08-25,HDFCBANK,HDFCBANK,776.049987792969,0.014341101540961354,-0.014238757769192624,0.814277596650458
2021-08-26,HDFCBANK,HDFCBANK,775,-0.0013539060141498638,0.0013548229586696483,-0.09565176914859644
2021-08-27,HDFCBANK,HDFCBANK,776,0.0012894908298717311,-0.001288659793814433,0.05760106653114766
2021-08-30,HDFCBANK,HDFCBANK,777.799987792969,0.002316885844122041,-0.0023142039357399546,0.11716503236292738
2021-08-31,HDFCBANK,HDFCBANK,781.75,0.00506559031060938,-0.0050527818446191525,0.2765231532926193
2021-09-01,HDFCBANK,HDFCBANK,787.5,0.007328374361837753,-0.007301587301587302,0.40770968821107706
2021-09-02,HDFCBANK,HDFCBANK,787.049987792969,-5.716074088120138e-4,5.717708074590516e-4,-0.05029744413022968
2021-09-03,HDFCBANK,HDFCBANK,793.049987792969,0.007594492666081365,-0.007565727371987982,0.42313808854528584
2021-09-06,HDFCBANK,HDFCBANK,789.974975585938,-0.003884987471196588,0.003892543817290204,-0.24239303938432877
2021-09-07,HDFCBANK,HDFCBANK,781.25,-0.011106067435250111,0.011167968750000583,-0.6610403505756662
2021-09-08,HDFCBANK,HDFCBANK,785.974975585938,0.0060297531948423355,-0.006011610716251524,0.3324211908498495
2021-09-09,HDFCBANK,HDFCBANK,787,0.0013032941719499647,-0.0013024452529377957,0.05840132522863731
2021-09-13,HDFCBANK,HDFCBANK,781,-0.00765309857771701,0.0076824583866837385,-0.4608519943977098
2021-09-14,HDFCBANK,HDFCBANK,780,-0.0012812301560485295,0.001282051282051282,-0.09143833393750822
2021-09-15,HDFCBANK,HDFCBANK,767.5,-0.016155440222285655,0.016286644951140065,-0.953781374220107
2021-09-16,HDFCBANK,HDFCBANK,768.875,0.0017899280671800355,-0.001788327101284344,0.08661427575499869
2021-09-17,HDFCBANK,HDFCBANK,784.5,0.02011816464455496,-0.019917144678138942,1.1492069904450215
2021-09-20,HDFCBANK,HDFCBANK,782,-0.0031918316277756986,0.00319693094629156,-0.20220683018443825
2021-09-21,HDFCBANK,HDFCBANK,781,-0.001279590705625111,0.0012804097311139564,-0.09134328561855276
2021-09-22,HDFCBANK,HDFCBANK,774.5,-0.008357489982762978,0.008392511297611363,-0.5016895933741145
2021-09-23,HDFCBANK,HDFCBANK,771,-0.004529286293593948,0.004539559014267186,-0.2797467276059034
2021-09-24,HDFCBANK,HDFCBANK,789.5,0.023711460132367357,-0.023432552248258392,1.3575308840699645
2021-09-27,HDFCBANK,HDFCBANK,807.849975585938,0.022976533806108534,-0.02271458332672303,1.314923001046443
2021-09-28,HDFCBANK,HDFCBANK,816,0.010037987462301778,-0.009987775017232898,0.5648014590438536
2021-09-29,HDFCBANK,HDFCBANK,798.5,-0.021679387309039733,0.021916092673763307,-1.2740361846563997
2021-09-30,HDFCBANK,HDFCBANK,793,-0.006911746020219489,0.0069356872635561164,-0.417871545990207
2021-10-01,HDFCBANK,HDFCBANK,791.5,-0.0018933423137807992,0.0018951358180669614,-0.12692597709586828
2021-10-04,HDFCBANK,HDFCBANK,794.5,0.003783106655704138,-0.003775959723096287,0.20217023981626103
2021-10-05,HDFCBANK,HDFCBANK,796,0.0018861998676120706,-0.0018844221105527637,0.09219570271538208
2021-10-06,HDFCBANK,HDFCBANK,798,0.0025094116054260596,-0.002506265664160401,0.1283268520223108
2021-10-07,HDFCBANK,HDFCBANK,813.299987792969,0.018991432713660217,-0.01881223167663897,1.083883895333152
2021-10-08,HDFCBANK,HDFCBANK,806,-0.00901628765684137,0.009057056815097986,-0.5398838629633009
2021-10-11,HDFCBANK,HDFCBANK,799.950012207031,-0.007534501532164839,0.007562957310641568,-0.45397624527391206
2021-10-12,HDFCBANK,HDFCBANK,812.5,0.015566673229429284,-0.015446138822115664,0.8853309978873356
2021-10-13,HDFCBANK,HDFCBANK,818.5,0.007357482607297072,-0.007330482590103849,0.4093972597039563
2021-10-14,HDFCBANK,HDFCBANK,819,6.106870418802757e-4,-6.105006105006105e-4,0.01824692808038969
2021-10-18,HDFCBANK,HDFCBANK,852.5,0.04008912530460229,-0.03929618768328446,2.307037816839075
2021-10-19,HDFCBANK,HDFCBANK,837.724975585938,-0.017483353967075566,0.017637082389393738,-1.030768129874099
2021-10-20,HDFCBANK,HDFCBANK,844.549987792969,0.008114071481869267,-0.008081241259462418,0.4532610445663268
2021-10-21,HDFCBANK,HDFCBANK,835.900024414062,-0.010294908760438481,0.010348083653867898,-0.6140128422459548
2021-10-22,HDFCBANK,HDFCBANK,840.049987792969,0.0049523814320693305,-0.004940138609858172,0.2699597870316431
2021-10-25,HDFCBANK,HDFCBANK,845,0.005875228013077383,-0.005858002611871032,0.3234624821554186
2021-10-26,HDFCBANK,HDFCBANK,825,-0.023953241022493188,0.024242424242424242,-1.4058644912141949
2021-10-27,HDFCBANK,HDFCBANK,826.375,0.0016652793190612414,-0.0016638935108153079,0.07938767481675436
2021-10-28,HDFCBANK,HDFCBANK,825,-0.0016652793190612414,0.0016666666666666668,-0.11370386073694892
2021-10-29,HDFCBANK,HDFCBANK,795,-0.037041271680348764,0.03773584905660377,-2.164652493975215
2021-11-01,HDFCBANK,HDFCBANK,792.5,-0.0031496089028966168,0.0031545741324921135,-0.199758937302742
2021-11-02,HDFCBANK,HDFCBANK,803,0.013162208195326208,-0.013075965130759652,0.7459304059548337
2021-11-03,HDFCBANK,HDFCBANK,802.549987792969,-5.60570797841109e-4,5.607279470137014e-4,-0.04965758866112759
2021-11-04,HDFCBANK,HDFCBANK,797.5,-0.006312308489921037,0.006332273094631947,-0.3831187234850282
2021-11-08,HDFCBANK,HDFCBANK,796.049987792969,-0.001819852051489157,0.0018215089872071345,-0.12266532621531578
2021-11-09,HDFCBANK,HDFCBANK,797.299987792969,0.0015690215904777816,-0.0015677913196263354,0.07380706368190988
2021-11-10,HDFCBANK,HDFCBANK,784,-0.01682198384758049,0.016964270144093085,-0.9924247209093268
2021-11-11,HDFCBANK,HDFCBANK,775.025024414062,-0.011513701951825439,0.011580239738353296,-0.684673255233008
2021-11-12,HDFCBANK,HDFCBANK,775,-3.228904523489007e-5,3.2289566531671295e-5,-0.01903007361060845
2021-11-15,HDFCBANK,HDFCBANK,781.049987792969,0.007776123294669368,-0.007745967463701738,0.4336682550393416
2021-11-16,HDFCBANK,HDFCBANK,777.5,-0.004555508594627611,0.004565900698352382,-0.2812669843923903
2021-11-17,HDFCBANK,HDFCBANK,768.450012207031,-0.011708129114804677,0.011776937535568398,-0.6959453100238003
2021-11-18,HDFCBANK,HDFCBANK,763.025024414062,-0.007084686794752493,0.007109842560058766,-0.4278979119374354
2021-11-22,HDFCBANK,HDFCBANK,773,0.012988220443590492,-0.012904237497979244,0.7358433407503033
2021-11-23,HDFCBANK,HDFCBANK,751,-0.028873396823287933,0.02929427430093209,-1.691114067025422
2021-11-24,HDFCBANK,HDFCBANK,762,0.014540903922512172,-0.014435695538057743,0.8258612836089343
2021-11-25,HDFCBANK,HDFCBANK,757.400024414062,-0.0060550079849122085,0.006073376601085505,-0.3682015414116539
2021-11-26,HDFCBANK,HDFCBANK,750,-0.009818341171378364,0.009866699218749393,-0.58638349306903
2021-11-29,HDFCBANK,HDFCBANK,747.400024414062,-0.003472656813650943,0.003478693472048323,-0.21848787257233537
2021-11-30,HDFCBANK,HDFCBANK,747.5,1.3375554813599422e-4,-1.3374660326147792e-4,-0.00940351873258308
2021-12-01,HDFCBANK,HDFCBANK,747.5,0,0,-0.01715809296009843
2021-12-02,HDFCBANK,HDFCBANK,752.25,0.006334410245313116,-0.006314390162844799,0.35008390275030227
2021-12-03,HDFCBANK,HDFCBANK,762.900024414062,0.014058277587682966,-0.013959921448739884,0.7978806742829064
2021-12-06,HDFCBANK,HDFCBANK,756.5,-0.008424459869426748,0.008460045491159345,-0.5055722207819665
2021-12-07,HDFCBANK,HDFCBANK,756.974975585938,6.276623124836789e-4,-6.274653737004964e-4,0.0192310816184414
2021-12-08,HDFCBANK,HDFCBANK,768,0.014459537606778206,-0.014355500539143288,0.821144012858153
2021-12-09,HDFCBANK,HDFCBANK,772.599975585938,0.005971685484635003,-0.005953890410686778,0.3290546735330285
2021-12-10,HDFCBANK,HDFCBANK,762.450012207031,-0.013224470061015126,0.01331230010676539,-0.7838562683763751
2021-12-13,HDFCBANK,HDFCBANK,763,7.210827131647335e-4,-7.208227955032469e-4,0.0246471966248258
2021-12-14,HDFCBANK,HDFCBANK,751.25,-0.015519545435039639,0.015640599001663893,-0.9169149159886212
2021-12-15,HDFCBANK,HDFCBANK,751.5,3.3272334361189593e-4,-3.3266799733865603e-4,0.00213178249718343
2021-12-16,HDFCBANK,HDFCBANK,756.400024414062,0.006499159867927595,-0.006478086007278757,0.3596353807661789
2021-12-17,HDFCBANK,HDFCBANK,748.5,-0.010499165201273364,0.010554474835086232,-0.6258547564990647
2021-12-20,HDFCBANK,HDFCBANK,726,-0.03052118903488754,0.030991735537190084,-1.7866460071538173
2021-12-21,HDFCBANK,HDFCBANK,719.75,-0.008646085332510545,0.00868357068426537,-0.5184211166082886
2021-12-22,HDFCBANK,HDFCBANK,726.150024414062,0.00885270918276504,-0.008813639329181723,0.4960840972071867
2021-12-23,HDFCBANK,HDFCBANK,726.625,6.538873464645434e-4,-6.536736087224562e-4,0.02075149684944954
2021-12-24,HDFCBANK,HDFCBANK,722.75,-0.005347145125059072,0.0053614666205465235,-0.32716268234280216
2021-12-27,HDFCBANK,HDFCBANK,714.450012207031,-0.01155034789556364,0.011617310730150612,-0.6867978302118006
2021-12-28,HDFCBANK,HDFCBANK,730.349975585938,0.022010804868033418,-0.021770334648331943,1.2589341703898496
2021-12-29,HDFCBANK,HDFCBANK,728.025024414062,-0.0031884160678785634,0.0031935044729363596,-0.2020088106396444
2021-12-30,HDFCBANK,HDFCBANK,729.25,0.0016811869467838747,-0.0016797745436242094,0.08030993098987947
2021-12-31,HDFCBANK,HDFCBANK,730.75,0.0020547952435245875,-0.0020526855969893944,0.10197014104820085
2022-01-03,HDFCBANK,HDFCBANK,742.5,0.015951466685499405,-0.015824915824915825,0.907639675612787
2022-01-04,HDFCBANK,HDFCBANK,760,0.023295562603522058,-0.023026315789473683,1.33341892532572
2022-01-05,HDFCBANK,HDFCBANK,768.400024414062,0.010992029386619251,-0.010931837776121134,0.6201127266614065
2022-01-06,HDFCBANK,HDFCBANK,771.5,0.004026209136219094,-0.004018114822991516,0.21626428119488533
2022-01-07,HDFCBANK,HDFCBANK,772,6.478782215610934e-4,-6.476683937823834e-4,0.02040311350569588
2022-01-10,HDFCBANK,HDFCBANK,779,0.009026495845971816,-0.008985879332477536,0.5061595041594145
2022-01-11,HDFCBANK,HDFCBANK,780.775024414062,0.002276001541920536,-0.002273413414311151,0.1147947354998794
2022-01-12,HDFCBANK,HDFCBANK,784,0.00412197293773886,-0.0041134892677780035,0.2218162565524812
2022-01-13,HDFCBANK,HDFCBANK,777.5,-0.008325376297018572,0.008360128617363344,-0.4998277793163694
2022-01-14,HDFCBANK,HDFCBANK,765,-0.016207810226853248,0.016339869281045753,-0.9568175629493048
2022-01-17,HDFCBANK,HDFCBANK,765,0,0,-0.01715809296009843
2022-01-18,HDFCBANK,HDFCBANK,766.5,0.0019588644853332227,-0.0019569471624266144,0.09640848625731004
2022-01-19,HDFCBANK,HDFCBANK,767,6.521030553869878e-4,-6.51890482398957e-4,0.02064805128932463
2022-01-20,HDFCBANK,HDFCBANK,764.224975585938,-0.0036245848864888686,0.0036311616378860295,-0.2272960120064557
2022-01-21,HDFCBANK,HDFCBANK,750,-0.018789009950411106,0.01896663411458394,-1.1064644757787754
2022-01-24,HDFCBANK,HDFCBANK,754.974975585938,0.006611397250075868,-0.0065895900484342065,0.3661424238241995
2022-01-25,HDFCBANK,HDFCBANK,729.325012207031,-0.03456513819429041,0.035169455249158196,-2.021096871928444
2022-01-27,HDFCBANK,HDFCBANK,725,-0.005947810731466774,0.005965534078663479,-0.36198670344482226
2022-01-28,HDFCBANK,HDFCBANK,738.75,0.0187879138656335,-0.018612521150592216,1.072084743554241
2022-01-31,HDFCBANK,HDFCBANK,736.375,-0.0032200688784564946,0.003225258869461891,-0.20384390512774375
2022-02-01,HDFCBANK,HDFCBANK,754.25,0.023984378197318357,-0.023699038780245277,1.3733535054280466
2022-02-02,HDFCBANK,HDFCBANK,755.974975585938,0.0022843965157086643,-0.0022817892676949628,0.11528144015086228
2022-02-03,HDFCBANK,HDFCBANK,764.375,0.01105023188655796,-0.010989402340555414,0.6234870585100077
2022-02-04,HDFCBANK,HDFCBANK,764.200012207031,-2.2895545502965575e-4,2.2898166733026834e-4,-0.03043195034817792
2022-02-07,HDFCBANK,HDFCBANK,756.049987792969,-0.010722055573527456,0.010779742802262682,-0.6387769863454208
2022-02-08,HDFCBANK,HDFCBANK,738.200012207031,-0.02389268828077018,0.02418040543317122,-1.4023539024056506
2022-02-09,HDFCBANK,HDFCBANK,737,-0.0016269149427730056,0.0016282390868806278,-0.1114796583934291
2022-02-10,HDFCBANK,HDFCBANK,757,0.026775361248112084,-0.026420079260237782,1.535162757729883
2022-02-11,HDFCBANK,HDFCBANK,750.125,-0.009123394127771967,0.009165139143476088,-0.5460934377484431
2022-02-14,HDFCBANK,HDFCBANK,745,-0.006855640930116813,0.0068791946308724835,-0.41461881298736936
2022-02-15,HDFCBANK,HDFCBANK,738,-0.00944039377908723,0.009485094850948509,-0.5644717208213859
2022-02-16,HDFCBANK,HDFCBANK,767.174987792969,0.03877109649904398,-0.03802911755100413,2.230624147655704
2022-02-17,HDFCBANK,HDFCBANK,756.549987792969,-0.013946312337064448,0.01404401582372049,-0.8257055941665198
2022-02-18,HDFCBANK,HDFCBANK,749.150024414062,-0.009829345684282842,0.009877812371019699,-0.5870214876295734
2022-02-21,HDFCBANK,HDFCBANK,752,0.0037970608716708654,-0.0037898611515132376,0.20297924553607055
2022-02-22,HDFCBANK,HDFCBANK,744.900024414062,-0.009486309992657205,0.009531447648324072,-0.5671337463697791
2022-02-23,HDFCBANK,HDFCBANK,762.549987792969,0.023418050136838175,-0.023145975557603532,1.3405202282794029
2022-02-24,HDFCBANK,HDFCBANK,724.950012207031,-0.05056536029637293,0.0518656113563871,-2.948721270889047
2022-02-25,HDFCBANK,HDFCBANK,719.974975585938,-0.006886248522197214,0.0069100132501747425,-0.4163933101803056
2022-02-28,HDFCBANK,HDFCBANK,713,-0.009735034861154901,0.009782574454330933,-0.5815537497406492
2022-03-02,HDFCBANK,HDFCBANK,693.25,-0.028090735918408605,0.0284890010818608,-1.6457387374302428
2022-03-03,HDFCBANK,HDFCBANK,690.5,-0.003974711646540285,0.0039826212889210715,-0.24759486306493575
2022-03-04,HDFCBANK,HDFCBANK,680,-0.015323174679195084,0.015441176470588236,-0.9055301800016994
2022-03-07,HDFCBANK,HDFCBANK,659.25,-0.030989972936755983,0.03147516116799393,-1.8138240914603685
2022-03-08,HDFCBANK,HDFCBANK,651.099975585938,-0.012439622487219637,0.01251731641784762,-0.7383541650760255
2022-03-09,HDFCBANK,HDFCBANK,665,0.021123837909677867,-0.020902292351973,1.2075116222281717
2022-03-10,HDFCBANK,HDFCBANK,713.5,0.07039539626103686,-0.06797477224947442,4.064065700660822
2022-03-11,HDFCBANK,HDFCBANK,694,-0.027710476410086393,0.028097982708933718,-1.6236929185906237
2022-03-14,HDFCBANK,HDFCBANK,707.5,0.019265669010588127,-0.019081272084805655,1.099782942139336
2022-03-15,HDFCBANK,HDFCBANK,721.75,0.01994118902565134,-0.019743678559057846,1.1389467014897643
2022-03-16,HDFCBANK,HDFCBANK,723.5,0.002421727528494344,-0.0024187975120939877,0.12324330451633644
2022-03-17,HDFCBANK,HDFCBANK,736,0.017129572657338166,-0.016983695652173912,0.9759412177455254
2022-03-21,HDFCBANK,HDFCBANK,743.5,0.010138647171332948,-0.010087424344317418,0.5706372781652779
2022-03-22,HDFCBANK,HDFCBANK,740.650024414062,-0.0038405539091268537,0.0038479382866322158,-0.23981697162444332
2022-03-23,HDFCBANK,HDFCBANK,753.5,0.01720080607546759,-0.017053716769658864,0.9800710264605088
2022-03-24,HDFCBANK,HDFCBANK,733,-0.027583316179899064,0.02796725784447476,-1.61632071267078
2022-03-25,HDFCBANK,HDFCBANK,725.5,-0.010284629562408831,0.010337698139214336,-0.6134168983375855
2022-03-28,HDFCBANK,HDFCBANK,715.450012207031,-0.013949339909466119,0.014047085920044397,-0.8258811198568188
2022-03-29,HDFCBANK,HDFCBANK,720.5,0.007033683024800119,-0.007009004570394139,0.3906247457238017
2022-03-30,HDFCBANK,HDFCBANK,736,0.02128470328930021,-0.021059782608695652,1.216837908459247
2022-03-31,HDFCBANK,HDFCBANK,735.5,-6.795786873841081e-4,6.798096532970768e-4,-0.05655715676115442
2022-04-01,HDFCBANK,HDFCBANK,738.200012207031,0.003664267090616846,-0.0036575618563845186,0.1952804304477908
2022-04-04,HDFCBANK,HDFCBANK,790,0.067818138328958,-0.06556960480122655,3.914647316031023
2022-04-05,HDFCBANK,HDFCBANK,833.349975585938,0.05342074723082835,-0.05201893184848069,3.0799481988066044
2022-04-06,HDFCBANK,HDFCBANK,793.849975585938,-0.048559196922374426,0.04975751239501543,-2.8324125045388784
2022-04-07,HDFCBANK,HDFCBANK,770.650024414062,-0.029660149496961274,0.030104392962960348,-1.736726619863219
2022-04-08,HDFCBANK,HDFCBANK,756.049987792969,-0.019126850859680466,0.019310940885949767,-1.126051045790471
2022-04-11,HDFCBANK,HDFCBANK,753,-0.004042267612986095,0.004050448596240342,-0.2515114688701665
2022-04-12,HDFCBANK,HDFCBANK,742,-0.014715984632513113,0.014824797843665768,-0.8703278997762067
2022-04-13,HDFCBANK,HDFCBANK,745,0.004034975212179326,-0.004026845637583893,0.21677250076156124
2022-04-18,HDFCBANK,HDFCBANK,709.424987792969,-0.048929452819152175,0.05014626326837652,-2.853878356795077
2022-04-19,HDFCBANK,HDFCBANK,690.450012207031,-0.02711118894922837,0.02748204106084992,-1.5889487964692737
2022-04-20,HDFCBANK,HDFCBANK,677.224975585938,-0.019340046367864794,0.019528276566661926,-1.1384112089106329
2022-04-21,HDFCBANK,HDFCBANK,682.5,0.007758996815800501,-0.007728973500457209,0.432675335093205
2022-04-22,HDFCBANK,HDFCBANK,680,-0.0036697288889628865,0.003676470588235294,-0.22991326806039108
2022-04-25,HDFCBANK,HDFCBANK,675,-0.007380107297621841,0.007407407407407408,-0.44502512833899366
2022-04-26,HDFCBANK,HDFCBANK,686,0.01616493685335474,-0.016034985422740525,0.9200157623252176
2022-04-27,HDFCBANK,HDFCBANK,680,-0.008784829555732898,0.008823529411764706,-0.5264649128665179
2022-04-28,HDFCBANK,HDFCBANK,686,0.008784829555732898,-0.008746355685131196,0.4921487269463215
2022-04-29,HDFCBANK,HDFCBANK,690.174987792969,0.006067543210038551,-0.006049172842846261,0.3346120941954053
2022-05-02,HDFCBANK,HDFCBANK,681.025024414062,-0.013346118891708336,0.013435575861223816,-0.7909089469414531
2022-05-04,HDFCBANK,HDFCBANK,700,0.027481282999189283,-0.027107107979911362,1.576089079619563
2022-05-05,HDFCBANK,HDFCBANK,687.5,-0.018018505502677584,0.01818181818181818,-1.0617939255411353
2022-05-06,HDFCBANK,HDFCBANK,665,-0.033274788884872564,0.03383458646616541,-1.9462879414672236
2022-05-09,HDFCBANK,HDFCBANK,650,-0.02281467776617152,0.023076923076923078,-1.3398554664903208
2022-05-10,HDFCBANK,HDFCBANK,657.525024414062,0.011510460383316712,-0.011444468475960734,0.650169137044085
2022-05-11,HDFCBANK,HDFCBANK,676.5,0.028449624337842927,-0.02804874439902137,1.6322293660809706
2022-05-12,HDFCBANK,HDFCBANK,660.549987792969,-0.02385964476658131,0.0241465634725439,-1.4004381808741857
2022-05-13,HDFCBANK,HDFCBANK,655.025024414062,-0.008399362726501103,0.008434736342858297,-0.5041171958471202
2022-05-16,HDFCBANK,HDFCBANK,649.5,-0.008470604007105642,0.008506581084006228,-0.5082474603946886
2022-05-17,HDFCBANK,HDFCBANK,656.299987792969,0.010415146769249262,-0.010361096936533917,0.5866675414762009
2022-05-18,HDFCBANK,HDFCBANK,662.025024414062,0.00868537357235688,-0.008647764676509202,0.4863826946866641
2022-05-19,HDFCBANK,HDFCBANK,643.099975585938,-0.02900316127453184,0.029427848774028015,-1.6986372545364774
2022-05-20,HDFCBANK,HDFCBANK,651.5,0.012977201387171178,-0.012893360574155096,0.7352045030190411
2022-05-23,HDFCBANK,HDFCBANK,657,0.008406621919710311,-0.00837138508371385,0.47022186688094775
2022-05-24,HDFCBANK,HDFCBANK,650,-0.010711655594927372,0.010769230769230769,-0.6381740400965238
2022-05-25,HDFCBANK,HDFCBANK,665,0.02281467776617152,-0.022556390977443608,1.305539280570116
2022-05-26,HDFCBANK,HDFCBANK,671.075012207031,0.009093881732330722,-0.009052657447416387,0.5100662494491497
2022-05-27,HDFCBANK,HDFCBANK,685.900024414062,0.02185095771129042,-0.021613954919589715,1.2496669163634408
2022-05-30,HDFCBANK,HDFCBANK,705.125,0.027643211960664438,-0.02726463476112456,1.5854770277745631
2022-05-31,HDFCBANK,HDFCBANK,697.950012207031,-0.010227607611536627,0.010280088355153837,-0.6101110096713129
2022-06-01,HDFCBANK,HDFCBANK,690,-0.01145588685729848,0.011521756821784091,-0.6813213834920866
2022-06-02,HDFCBANK,HDFCBANK,693.625,0.0052398710547603145,-0.0052261668769147595,0.28662720494338306
2022-06-03,HDFCBANK,HDFCBANK,699.150024414062,0.00793387776042831,-0.007902487622298823,0.44281418379884
2022-06-06,HDFCBANK,HDFCBANK,688.150024414062,-0.01585847350313241,0.0159848864488033,-0.9365645148159982
2022-06-07,HDFCBANK,HDFCBANK,681,-0.01044456675384886,0.010499301635920772,-0.622689372190405
2022-06-08,HDFCBANK,HDFCBANK,686.650024414062,0.008262430382100838,-0.008228390319920795,0.4618622586481482
2022-06-09,HDFCBANK,HDFCBANK,681.125,-0.008078893628350237,0.008111615950173677,-0.4855377690953199
2022-06-10,HDFCBANK,HDFCBANK,680.049987792969,-0.001579535974697066,0.0015807840987099525,-0.108732828599166
2022-06-13,HDFCBANK,HDFCBANK,661.799987792969,-0.027202929886250615,0.027576307550052647,-1.5942675433605815
2022-06-14,HDFCBANK,HDFCBANK,655.625,-0.009374397891753539,0.009418475184700062,-0.5606455617261505
2022-06-15,HDFCBANK,HDFCBANK,650.825012207031,-0.0073481715278731485,0.007375235590119076,-0.44317362908915753
2022-06-16,HDFCBANK,HDFCBANK,655,0.006394428012563402,-0.006374027164838134,0.35356347602855565
2022-06-17,HDFCBANK,HDFCBANK,637.5,-0.02708095860267079,0.027450980392156862,-1.587196170357159
2022-06-20,HDFCBANK,HDFCBANK,652.349975585938,0.023026913254384773,-0.022763817186625585,1.3178437858411145
2022-06-21,HDFCBANK,HDFCBANK,668.450012207031,0.02438042740386237,-0.02408562544255979,1.3963147433930034
2022-06-22,HDFCBANK,HDFCBANK,666.125,-0.0034842770738814366,0.003490354223353008,-0.21916156552758032
2022-06-23,HDFCBANK,HDFCBANK,665.25,-0.0013144307591481663,0.0013152950018789928,-0.09336316281166872
2022-06-24,HDFCBANK,HDFCBANK,669.275024414062,0.006032163571756399,-0.006014006600030952,0.3325609341873059
2022-06-27,HDFCBANK,HDFCBANK,685,0.023223764832670746,-0.022956168738595555,1.3292563978552654
2022-06-28,HDFCBANK,HDFCBANK,672,-0.01916049773907602,0.019345238095238096,-1.1280017478542972
2022-06-29,HDFCBANK,HDFCBANK,665.625,-0.009531891625359279,0.009577464788732394,-0.5697763743513928
2022-06-30,HDFCBANK,HDFCBANK,668,0.0035617246388550683,-0.003555389221556886,0.1893354579607777
2022-07-01,HDFCBANK,HDFCBANK,671.974975585938,0.0059329275817239235,-0.005915362521456873,0.3268076562001651
2022-07-04,HDFCBANK,HDFCBANK,676.849975585938,0.007228545443303425,-0.007202482345928715,0.4019220347670448
2022-07-05,HDFCBANK,HDFCBANK,682,0.007580011281789645,-0.007551355445838776,0.4222985198621376
2022-07-06,HDFCBANK,HDFCBANK,674,-0.011799546931155369,0.011869436201780416,-0.7012453237614512
2022-07-07,HDFCBANK,HDFCBANK,690,0.023461486678997723,-0.02318840579710145,1.3430384930919936
2022-07-08,HDFCBANK,HDFCBANK,705,0.021506205220964247,-0.02127659574468085,1.229679642462551
2022-07-11,HDFCBANK,HDFCBANK,697,-0.011412392051744824,0.011477761836441894,-0.6787997408172698
2022-07-12,HDFCBANK,HDFCBANK,702.625,0.008037910561714767,-0.008005692937199787,0.4488455603729204
2022-07-13,HDFCBANK,HDFCBANK,695,-0.010911475757446887,0.010971223021582734,-0.6497587579194641
2022-07-14,HDFCBANK,HDFCBANK,681,-0.02034953941527995,0.020558002936857563,-1.1969372953229962
2022-07-15,HDFCBANK,HDFCBANK,676.5,-0.006629858538669708,0.0066518847006651885,-0.4015289162455381
2022-07-18,HDFCBANK,HDFCBANK,674,-0.003702336698535369,0.00370919881305638,-0.2318037293029812
2022-07-19,HDFCBANK,HDFCBANK,668.5,-0.008193714370309024,0.008227374719521317,-0.49219458429878543
2022-07-20,HDFCBANK,HDFCBANK,679.950012207031,0.01698288746580623,-0.01683949114121749,0.9674370381308424
2022-07-21,HDFCBANK,HDFCBANK,680.275024414062,4.7788006317439624e-4,-4.7776589668415917e-4,0.01054734784876318
2022-07-22,HDFCBANK,HDFCBANK,683,0.003997695499811549,-0.003989715352764209,0.21461118258997383
2022-07-25,HDFCBANK,HDFCBANK,697.5,0.02100765412473038,-0.02078853046594982,1.200775783625852
2022-07-26,HDFCBANK,HDFCBANK,698,7.165890668519026e-4,-7.163323782234957e-4,0.02438667424369888
2022-07-27,HDFCBANK,HDFCBANK,694.450012207031,-0.00509891982216093,0.005111941436485492,-0.3127716416473055
2022-07-28,HDFCBANK,HDFCBANK,707.525024414062,0.018652816148224893,-0.018479928986058287,1.0642523560965669
2022-07-29,HDFCBANK,HDFCBANK,719,0.0160883586326106,-0.01595963224747977,0.915576084829572
2022-08-01,HDFCBANK,HDFCBANK,719.5,6.951686063754181e-4,-6.949270326615705e-4,0.02314480762162673
2022-08-02,HDFCBANK,HDFCBANK,721,0.0020826109575269314,-0.0020804438280166435,0.10358277709900658
2022-08-03,HDFCBANK,HDFCBANK,712.474975585938,-0.011894347743583111,0.011965366793480828,-0.7067414691329788
2022-08-04,HDFCBANK,HDFCBANK,720,0.01050642246873501,-0.010451422797308397,0.5919593158862653
2022-08-05,HDFCBANK,HDFCBANK,716.5,-0.004872964741874597,0.004884856943475227,-0.2996717331457046
2022-08-08,HDFCBANK,HDFCBANK,714,-0.0034952849286424836,0.0035014005602240898,-0.2197997538346549
2022-08-10,HDFCBANK,HDFCBANK,730.674987792969,0.023085785398150982,-0.022821347482190953,1.3212569407728327
2022-08-11,HDFCBANK,HDFCBANK,743.25,0.017063714140472364,-0.01691895352442788,0.9721230228020852
2022-08-12,HDFCBANK,HDFCBANK,742.5,-0.0010095912013525776,0.00101010101010101,-0.07568986991764946
2022-08-16,HDFCBANK,HDFCBANK,747.400024414062,0.006577679039850182,-0.006556093462672161,0.3641875863041474
2022-08-17,HDFCBANK,HDFCBANK,750,0.003472656813650943,-0.0034666341145839397,0.18417168665213948
2022-08-18,HDFCBANK,HDFCBANK,750,0,0,-0.01715809296009843
2022-08-19,HDFCBANK,HDFCBANK,755,0.006644542718668767,-0.006622516556291391,0.3680640562356149
2022-08-22,HDFCBANK,HDFCBANK,742.400024414062,-0.01682953489171357,0.01697194931517205,-0.992862498130868
2022-08-23,HDFCBANK,HDFCBANK,726.650024414062,-0.02144324968702893,0.021674808327021105,-1.2603459359652918
2022-08-24,HDFCBANK,HDFCBANK,730.950012207031,0.005900109987569735,-0.00588273851995103,0.32490503254539105
2022-08-25,HDFCBANK,HDFCBANK,739.950012207031,0.012237558187107034,-0.012162983784750428,0.6923231558397916
2022-08-26,HDFCBANK,HDFCBANK,736.025024414062,-0.005318514131504415,0.005332682534936361,-0.32550277987282167
2022-08-29,HDFCBANK,HDFCBANK,718.5,-0.024098413194375112,0.02439112653314133,-1.4142809524250866
2022-08-30,HDFCBANK,HDFCBANK,723.224975585938,0.006554637788262596,-0.00653320300797121,0.3628517531500988
2022-09-01,HDFCBANK,HDFCBANK,732.375,0.012572334557610532,-0.012493632925839966,0.7117320570096048
2022-09-02,HDFCBANK,HDFCBANK,736.075012207031,0.00503935443011283,-0.005026678185878077,0.27500210922699536
2022-09-05,HDFCBANK,HDFCBANK,743.049987792969,0.009431288481236422,-0.009386953368581906,0.5296276487010855
2022-09-06,HDFCBANK,HDFCBANK,749.450012207031,0.00857629968828899,-0.008539628140394342,0.4800590577080573
2022-09-07,HDFCBANK,HDFCBANK,735.650024414062,-0.018585125133573577,0.01875890346630591,-1.0946441066945436
2022-09-08,HDFCBANK,HDFCBANK,745.049987792969,0.012696818506275243,-0.012616553966737262,0.7189491035807644
2022-09-09,HDFCBANK,HDFCBANK,748.099975585938,0.0040853124063087165,-0.004076978869809641,0.21969083584167784
2022-09-12,HDFCBANK,HDFCBANK,750,0.0025365802867547416,-0.0025333658854160604,0.12990197588794883
2022-09-13,HDFCBANK,HDFCBANK,749.450012207031,-7.335860657651239e-4,7.33855205831989e-4,-0.0596882734163508
2022-09-14,HDFCBANK,HDFCBANK,747.025024414062,-0.0032409360079261873,0.0032461935192479602,-0.20505369198624143
2022-09-15,HDFCBANK,HDFCBANK,765,0.023777149369871076,-0.023496700112337197,1.3613392649204987
2022-09-16,HDFCBANK,HDFCBANK,751.549987792969,-0.017738109489774168,0.017896364081554778,-1.045537764765272
2022-09-19,HDFCBANK,HDFCBANK,744.5,-0.009424872212697721,0.009469426182631266,-0.5635718468320785
2022-09-20,HDFCBANK,HDFCBANK,757,0.016650401313384577,-0.016512549537648614,0.9481609140036554
2022-09-21,HDFCBANK,HDFCBANK,754,-0.003970885429492199,0.003978779840848806,-0.24737303537613003
2022-09-22,HDFCBANK,HDFCBANK,751,-0.003986716243821853,0.0039946737683089215,-0.24829083823742437
2022-09-23,HDFCBANK,HDFCBANK,736.174987792969,-0.019937806141045122,0.020137891741576243,-1.1730667622387114
2022-09-26,HDFCBANK,HDFCBANK,712.674987792969,-0.03244236673185341,0.03297435774023083,-1.898027667675454
2022-09-27,HDFCBANK,HDFCBANK,716.200012207031,0.004933995717260942,-0.004921843554846339,0.268893861975142
2022-09-28,HDFCBANK,HDFCBANK,703,-0.01860258279783178,0.018776688772448112,-1.0956562273521326
2022-09-29,HDFCBANK,HDFCBANK,698.150024414062,-0.006922877452810283,0.006946895962667057,-0.41851689881101634
2022-09-30,HDFCBANK,HDFCBANK,689.400024414062,-0.012612324861597024,0.012692195663086665,-0.7483667096024998
2022-10-03,HDFCBANK,HDFCBANK,704.974975585938,0.022340617063242973,-0.02209291352353441,1.2780552699221168
2022-10-04,HDFCBANK,HDFCBANK,714.75,0.013770524642920279,-0.013676144685641196,0.7811979900844284
2022-10-06,HDFCBANK,HDFCBANK,729.974975585938,0.021077422333179108,-0.02085684591272069,1.204820645754389
2022-10-07,HDFCBANK,HDFCBANK,715.125,-0.02055290094690765,0.020765566279934214,-1.2087273265703404
2022-10-10,HDFCBANK,HDFCBANK,704,-0.015678996430650294,0.01580255681818182,-0.9261592022881172
2022-10-11,HDFCBANK,HDFCBANK,700.549987792969,-0.004912632765726954,0.0049247195305791545,-0.3019715153955538
2022-10-12,HDFCBANK,HDFCBANK,701.599975585938,0.00149768286796359,-0.0014965619006643849,0.06967114986941891
2022-10-13,HDFCBANK,HDFCBANK,701.025024414062,-8.198216972870043e-4,8.201578429478621e-4,-0.06468784625654864
2022-10-14,HDFCBANK,HDFCBANK,708.5,0.01060647456774344,-0.01055042425679316,0.5977599083789652
2022-10-17,HDFCBANK,HDFCBANK,717.5,0.012622888503041274,-0.012543554006968641,0.7146629584024402
2022-10-18,HDFCBANK,HDFCBANK,729.025024414062,0.01593511082833121,-0.015808818666169976,0.9066914330147872
2022-10-19,HDFCBANK,HDFCBANK,732,0.004072455499203542,-0.004064174297729446,0.21894544739332336
2022-10-20,HDFCBANK,HDFCBANK,722,-0.013755375068485343,0.013850415512465374,-0.814635868516772
2022-10-21,HDFCBANK,HDFCBANK,726,0.00552487593196993,-0.005509641873278237,0.3031505679464517
2022-10-24,HDFCBANK,HDFCBANK,727.150024414062,0.0015828023739237196,-0.0015815504028742014,0.0746060145264609
2022-10-25,HDFCBANK,HDFCBANK,730.549987792969,0.00466484121000299,-0.0046539777369354355,0.25328943558464745
2022-10-27,HDFCBANK,HDFCBANK,732.25,0.0023243272991200215,-0.002321628142070362,0.1175964560754375
2022-10-28,HDFCBANK,HDFCBANK,725,-0.009950330853167877,0.01,-0.5940356899234503
2022-10-31,HDFCBANK,HDFCBANK,736,0.015058463874201955,-0.014945652173913044,0.855867194530016
2022-11-01,HDFCBANK,HDFCBANK,751.75,0.021173703139761635,-0.020951114067176587,1.210402594852842
2022-11-02,HDFCBANK,HDFCBANK,758.5,0.008938976919949049,-0.008899143045484509,0.5010855313962682
2022-11-03,HDFCBANK,HDFCBANK,748.849975585938,-0.01280413495225563,0.0128864588751724,-0.7594870377408487
2022-11-04,HDFCBANK,HDFCBANK,751.599975585938,0.0036655712201918433,-0.00365886121517784,0.1953560382990833
2022-11-07,HDFCBANK,HDFCBANK,755,0.004513514192501233,-0.004503343594784166,0.24451614276655131
2022-11-09,HDFCBANK,HDFCBANK,757.525024414062,0.0033388231189528383,-0.003333255447257503,0.1764125818214595
2022-11-10,HDFCBANK,HDFCBANK,748.549987792969,-0.011918586779701812,0.011989896155840094,-0.70814674470774
2022-11-11,HDFCBANK,HDFCBANK,772.5,0.03149402318362515,-0.031003252047936598,1.8087305815951484
2022-11-14,HDFCBANK,HDFCBANK,806,0.04245173373472699,-0.04156327543424317,2.444011742012839
2022-11-15,HDFCBANK,HDFCBANK,811.575012207031,0.006893076660356101,-0.006869373900349768,0.3824729904871523
2022-11-16,HDFCBANK,HDFCBANK,809.325012207031,-0.0027762371660990937,0.002780094481281686,-0.1781124419775206
2022-11-17,HDFCBANK,HDFCBANK,809.049987792969,-3.398772431726371e-4,3.3993500798670345e-4,-0.0368627208962993
2022-11-18,HDFCBANK,HDFCBANK,810.5,0.0017906364180184653,-0.0017890341851092197,0.08665534290496482
2022-11-21,HDFCBANK,HDFCBANK,803.825012207031,-0.00826974219387111,0.008304030966443459,-0.49660235212136367
2022-11-22,HDFCBANK,HDFCBANK,800,-0.004769871313932583,0.004781265258788778,-0.29369481741783593
2022-11-23,HDFCBANK,HDFCBANK,802.5,0.003120127336243783,-0.003115264797507788,0.16373353632465404
2022-11-24,HDFCBANK,HDFCBANK,802.974975585938,5.91694803118159e-4,-5.915197862690065e-4,0.01714583936090726
2022-11-25,HDFCBANK,HDFCBANK,814.849975585938,0.014680467453289658,-0.014573234774242938,0.8339525798127335
2022-11-28,HDFCBANK,HDFCBANK,801.450012207031,-0.01658141495750609,0.01671964960360553,-0.9784775662611208
2022-11-29,HDFCBANK,HDFCBANK,798.625,-0.0035311033805651704,0.003537345070628922,-0.22187635437960493
2022-11-30,HDFCBANK,HDFCBANK,798.549987792969,-9.393110668476368e-5,9.393551834912831e-5,-0.02260381651481296
2022-12-01,HDFCBANK,HDFCBANK,811,0.015470486299590469,-0.01535143305429226,0.8797544913607068
2022-12-02,HDFCBANK,HDFCBANK,805,-0.007425776696849518,0.007453416149068323,-0.4476728446480897
2022-12-05,HDFCBANK,HDFCBANK,804.974975585938,-3.108671183582601e-5,3.108719503215623e-5,-0.01896036746591298
2022-12-06,HDFCBANK,HDFCBANK,800.5,-0.005574658269958732,0.005590225591427801,-0.34035292076240325
2022-12-07,HDFCBANK,HDFCBANK,807.075012207031,0.008180083442823616,-0.008146717600698558,0.4570881355412303
2022-12-08,HDFCBANK,HDFCBANK,805,-0.0025743384610290576,0.0025776549155664876,-0.16640721915331577
2022-12-09,HDFCBANK,HDFCBANK,813,0.009888832129246516,-0.00984009840098401,0.5561540711955089
2022-12-12,HDFCBANK,HDFCBANK,812.5,-6.151953439177404e-4,6.153846153846154e-4,-0.05282448605792023
2022-12-13,HDFCBANK,HDFCBANK,825,0.015267472130788384,-0.015151515151515152,0.867984598723358
2022-12-14,HDFCBANK,HDFCBANK,826.5,0.0018165309263977747,-0.0018148820326678765,0.08815659567624166
2022-12-15,HDFCBANK,HDFCBANK,828.525024414062,0.0024471236322680667,-0.002444131866136638,0.12471566192165748
2022-12-16,HDFCBANK,HDFCBANK,810.025024414062,-0.022581899365734515,0.022838800583206822,-1.3263599710891318
2022-12-19,HDFCBANK,HDFCBANK,822,0.014675253528567467,-0.014568096819875857,0.8336502987721737
2022-12-20,HDFCBANK,HDFCBANK,810.099975585938,-0.014582728356831609,0.014689575080476785,-0.8626022712287895
2022-12-21,HDFCBANK,HDFCBANK,820.5,0.012756243830797764,-0.012675227805072572,0.7223943295652209
2022-12-22,HDFCBANK,HDFCBANK,811.099975585938,-0.011522589553788265,0.011589230300828791,-0.6851885203571703
2022-12-23,HDFCBANK,HDFCBANK,793.5,-0.02193778100989352,0.02218018347314172,-1.2890167455461568
2022-12-26,HDFCBANK,HDFCBANK,799.75,0.007845638863163806,-0.007814942169427946,0.4376984701845355
2022-12-27,HDFCBANK,HDFCBANK,816.5,0.02072773358089197,-0.020514390691977955,1.1845471885114955
2022-12-28,HDFCBANK,HDFCBANK,811.549987792969,-0.006080928101065197,0.006099454477835318,-0.36970427881207824
2022-12-29,HDFCBANK,HDFCBANK,810.049987792969,-0.001850025222505991,0.0018517375749697155,-0.12441463753426764
2022-12-30,HDFCBANK,HDFCBANK,822.5,0.015252523552578445,-0.015136792956876623,0.8671179441363749
2023-01-02,HDFCBANK,HDFCBANK,813.5,-0.011002555980434536,0.011063306699446834,-0.6550391994387748
2023-01-03,HDFCBANK,HDFCBANK,811.099975585938,-0.0029546056827349787,0.002958974832083147,-0.18845348518191857
2023-01-04,HDFCBANK,HDFCBANK,817.5,0.007859581795051085,-0.00782877604166611,0.4385068217017258
2023-01-05,HDFCBANK,HDFCBANK,807.5,-0.012307847674597028,0.01238390092879257,-0.7307144254162978
2023-01-06,HDFCBANK,HDFCBANK,801,-0.008082108028451884,0.008114856429463172,-0.48572412625610106
2023-01-09,HDFCBANK,HDFCBANK,798,-0.0037523496185505323,0.0037593984962406013,-0.2347032643577449
2023-01-10,HDFCBANK,HDFCBANK,800,0.002503130218117988,-0.0025,0.12796268406962022
2023-01-11,HDFCBANK,HDFCBANK,783.974975585938,-0.020234626722425375,0.020440734606465012,-1.1902751492001638
2023-01-12,HDFCBANK,HDFCBANK,793.900024414062,0.012580438537627359,-0.012501635625278226,0.7122018910871676
2023-01-13,HDFCBANK,HDFCBANK,799.375,0.006872632849978189,-0.006849070318608857,0.3812877458578491
2023-01-16,HDFCBANK,HDFCBANK,807.5,0.010112882763704256,-0.010061919504643963,0.5691435680786856
2023-01-17,HDFCBANK,HDFCBANK,794.900024414062,-0.015726703804369357,0.01585101924638343,-0.928925071636057
2023-01-18,HDFCBANK,HDFCBANK,802.5,0.009515503711728712,-0.009470374561916454,0.534510087336685
2023-01-19,HDFCBANK,HDFCBANK,818.5,0.019741541807018592,-0.019547953573610263,1.1273720102131597
2023-01-20,HDFCBANK,HDFCBANK,822.049987792969,0.004327808796197097,-0.004318457327029402,0.23374973867968837
2023-01-23,HDFCBANK,HDFCBANK,833.125,0.013382485325586835,-0.01329333798293296,0.7587011312147203
2023-01-24,HDFCBANK,HDFCBANK,837.525024414062,0.005267452217240454,-0.005253603517268431,0.28822624270081504
2023-01-25,HDFCBANK,HDFCBANK,845.700012207031,0.009713558072196093,-0.009666533847663828,0.545992431513997
2023-01-27,HDFCBANK,HDFCBANK,816,-0.03575034625830309,0.03639707378312625,-2.089810162969514
2023-01-30,HDFCBANK,HDFCBANK,797.5,-0.022932520305107396,0.023197492163009405,-1.346687472549679
2023-01-31,HDFCBANK,HDFCBANK,809.849975585938,0.015367180527006141,-0.015249707919053244,0.8737652647992576
2023-02-01,HDFCBANK,HDFCBANK,812,0.002651324975672331,-0.0026478133178104006,0.1365543818615837
2023-02-02,HDFCBANK,HDFCBANK,804.049987792969,-0.0098388990435749335,0.00988746014268709,-0.5875753505144293
2023-02-03,HDFCBANK,HDFCBANK,805.5,0.0018017614989256359,-0.0018001393010937587,0.08730032748231892
2023-02-06,HDFCBANK,HDFCBANK,830,0.029962498173614627,-0.029518072289156625,1.719939316208995
2023-02-07,HDFCBANK,HDFCBANK,829.700012207031,-3.614964078195726e-4,3.615617555205277e-4,-0.03811610753583691
2023-02-08,HDFCBANK,HDFCBANK,827.125,-0.0031083720506002166,0.0031132080483977907,-0.19736820109406863
2023-02-09,HDFCBANK,HDFCBANK,830,0.003469868458419789,-0.0034638554216867468,0.1840100297496052
2023-02-10,HDFCBANK,HDFCBANK,824.400024414062,-0.006769822159999883,0.006792789204389104,-0.40964340798724547
2023-02-13,HDFCBANK,HDFCBANK,827.5,0.003753228620574589,-0.003746194061556441,0.20043803921289716
2023-02-14,HDFCBANK,HDFCBANK,832.5,0.006024114603381037,-0.006006006006006006,0.3320942894492495
2023-02-15,HDFCBANK,HDFCBANK,839,0.007777484612606855,-0.0077473182359952325,0.43374717842712046
2023-02-16,HDFCBANK,HDFCBANK,836.599975585938,-0.0028646766415869607,0.0028687837486262367,-0.1832397842588321
2023-02-17,HDFCBANK,HDFCBANK,830.5,-0.007318100772269354,0.00734494351106316,-0.4414302553774927
2023-02-20,HDFCBANK,HDFCBANK,830,-6.022282627062836e-4,6.024096385542169e-4,-0.05207271018637809
2023-02-21,HDFCBANK,HDFCBANK,820,-0.012121360532344916,0.012195121951219513,-0.7199026990451468
2023-02-22,HDFCBANK,HDFCBANK,819.5,-6.099420744138939e-4,6.101281269066504e-4,-0.05251992397529572
2023-02-23,HDFCBANK,HDFCBANK,806.5,-0.01599050061862073,0.016119032858028518,-0.9442188819160744
2023-02-24,HDFCBANK,HDFCBANK,808.950012207031,0.0030332279760516556,-0.0030286323877377007,0.15869548333677608
2023-02-27,HDFCBANK,HDFCBANK,792.950012207031,-0.01997694220225288,0.02017781670179553,-1.1753357035711418
2023-02-28,HDFCBANK,HDFCBANK,796,0.0038390025053205434,-0.0038316429559911774,0.2054108419513161
2023-03-01,HDFCBANK,HDFCBANK,806,0.012484556662244906,-0.01240694789081886,0.7066430703123563
2023-03-02,HDFCBANK,HDFCBANK,797,-0.011229063716412746,0.011292346298619825,-0.6681711485521548
2023-03-03,HDFCBANK,HDFCBANK,798,0.0012539186595939,-0.0012531328320802004,0.05553874434190945
2023-03-06,HDFCBANK,HDFCBANK,810,0.014925650216675024,-0.014814814814814815,0.8481672270889363
2023-03-08,HDFCBANK,HDFCBANK,810,0,0,-0.01715809296009843
2023-03-09,HDFCBANK,HDFCBANK,814.974975585938,0.006123160300446351,-0.006104451958615201,0.3378365350645615
2023-03-10,HDFCBANK,HDFCBANK,805.224975585938,-0.01203569681604666,0.012108417269229906,-0.7149362834018568
2023-03-13,HDFCBANK,HDFCBANK,793.950012207031,-0.014101208803714904,0.014201099824363834,-0.8346858283695793
2023-03-14,HDFCBANK,HDFCBANK,785.125,-0.01117756157262395,0.011240263915976465,-0.6651852746765946
2023-03-15,HDFCBANK,HDFCBANK,789,0.0049233800713288645,-0.00491128010139417,0.2682784122573645
2023-03-16,HDFCBANK,HDFCBANK,769.5,-0.02502536756693985,0.025341130604288498,-1.4680217997226428
2023-03-17,HDFCBANK,HDFCBANK,778.75,0.011949116822728811,-0.01187800963081862,0.6756005600183118
2023-03-20,HDFCBANK,HDFCBANK,783.974975585938,0.006687030843838926,-0.006664722406519215,0.37052733589028175
2023-03-21,HDFCBANK,HDFCBANK,785.974975585938,0.0025478532999514414,-0.002544610276566396,0.13055553694630123
2023-03-22,HDFCBANK,HDFCBANK,792,0.007636437568972809,-0.007607354058159148,0.42556987449707934
2023-03-23,HDFCBANK,HDFCBANK,783.875,-0.010311822951241112,0.010365173018657312,-0.6149934546384895
2023-03-24,HDFCBANK,HDFCBANK,780,-0.004955649179547272,0.004967948717948718,-0.30446542296516504
2023-03-27,HDFCBANK,HDFCBANK,781.099975585938,0.0014092316766127766,-0.001408239175929834,0.06454312835259593
2023-03-28,HDFCBANK,HDFCBANK,782.849975585938,0.00223792421115121,-0.0022354219257529916,0.11258717482701146
2023-03-29,HDFCBANK,HDFCBANK,792,0.011620316243024398,-0.011553061128866218,0.6565381096235491
2023-03-31,HDFCBANK,HDFCBANK,797.799987792969,0.007296532356013685,-0.007269977289688914,0.40586362499238415
2023-04-03,HDFCBANK,HDFCBANK,803.775024414062,0.0074614854709791345,-0.007433717694138065,0.41542690062380094
2023-04-05,HDFCBANK,HDFCBANK,809.299987792969,0.006850251776793215,-0.006826842286225637,0.37999018702219434
2023-04-06,HDFCBANK,HDFCBANK,824.275024414062,0.0183345802960746,-0.018167524403324132,1.045802403389977
2023-04-10,HDFCBANK,HDFCBANK,831.625,0.008877376347764532,-0.008838088785135072,0.4975141938621457
2023-04-11,HDFCBANK,HDFCBANK,829.5,-0.002558508431551587,0.002561784207353828,-0.16548946179437962
2023-04-12,HDFCBANK,HDFCBANK,834,0.0054102927282473345,-0.00539568345323741,0.2965075241933233
2023-04-13,HDFCBANK,HDFCBANK,844.150024414062,0.012096830485929466,-0.012023957970157423,0.6841643660186415
2023-04-17,HDFCBANK,HDFCBANK,860,0.01860215640287688,-0.018430204169695295,1.0613153208773665
2023-04-18,HDFCBANK,HDFCBANK,835,-0.029500664396698184,0.029940119760479042,-1.7274803563219234
2023-04-19,HDFCBANK,HDFCBANK,832.5,-0.002998502996256036,0.003003003003003003,-0.19099846354608263
2023-04-20,HDFCBANK,HDFCBANK,835.849975585938,0.004015920085375768,-0.004007867062016235,0.21566776606257235
2023-04-21,HDFCBANK,HDFCBANK,834.5,-0.0016163988380846206,0.001617705914844763,-0.1108699796509949
2023-04-24,HDFCBANK,HDFCBANK,843.5,0.01072715888413267,-0.01066982809721399,0.6047566685327389
2023-04-25,HDFCBANK,HDFCBANK,843.849975585938,4.1482276471427326e-4,-4.1473673764693157e-4,0.00689155555966956
2023-04-26,HDFCBANK,HDFCBANK,830,-0.016549023960093834,0.016686717573419222,-0.9765996748596756
2023-04-27,HDFCBANK,HDFCBANK,835.25,0.006305380446222308,-0.0062855432505237955,0.3484008792421452
2023-04-28,HDFCBANK,HDFCBANK,842.349975585938,0.008464494612071327,-0.00842877164090759,0.4735770778976868
2023-05-02,HDFCBANK,HDFCBANK,844.349975585938,0.0023714958145850673,-0.002368686039946998,0.12033108472795326
2023-05-03,HDFCBANK,HDFCBANK,842.474975585938,-0.0022231124467548824,0.0022255853934366955,-0.14604463803963014
2023-05-04,HDFCBANK,HDFCBANK,843.549987792969,0.0012752033641945104,-0.0012743906378845933,0.05677274041934088
2023-05-05,HDFCBANK,HDFCBANK,819.5,-0.02892476439707714,0.029347148008503937,-1.6940921391083368
2023-05-08,HDFCBANK,HDFCBANK,817.5,-0.0024434954124759045,0.0024464831804281344,-0.15882149918656116
2023-05-09,HDFCBANK,HDFCBANK,824.950012207031,0.009071890463342669,-0.009030865018232588,0.5087912897925112
2023-05-10,HDFCBANK,HDFCBANK,822.25,-0.003278308165584498,0.0032836876947777713,-0.20722036974016245
2023-05-11,HDFCBANK,HDFCBANK,832.575012207031,0.012478837479433125,-0.012401299649458575,0.706311496570158
2023-05-12,HDFCBANK,HDFCBANK,823.5,-0.010959772930904776,0.011020051253225286,-0.6525588213319949
2023-05-15,HDFCBANK,HDFCBANK,836,0.015065063467006645,-0.014952153110047847,0.8562498106755956
2023-05-16,HDFCBANK,HDFCBANK,835.900024414062,-1.1959517267445818e-4,1.1960232446222775e-4,-0.02409170922260377
2023-05-17,HDFCBANK,HDFCBANK,825,-0.013125631577346475,0.01321215080492369,-0.7781260361069282
2023-05-18,HDFCBANK,HDFCBANK,824,-0.0012128564252087415,0.0012135922330097086,-0.08747431765262013
2023-05-19,HDFCBANK,HDFCBANK,824,0,0,-0.01715809296009843
2023-05-22,HDFCBANK,HDFCBANK,822.5,-0.0018220472699450596,0.00182370820668693,-0.1227925955861809
2023-05-23,HDFCBANK,HDFCBANK,824.5,0.002428659360126595,-0.002425712553062462,0.12364518244720787
2023-05-24,HDFCBANK,HDFCBANK,813.775024414062,-0.013093196981580846,0.013179288211333594,-0.7762456170596196
2023-05-25,HDFCBANK,HDFCBANK,807.849975585938,-0.007307577516267649,0.007334343018116229,-0.4408201620324359
2023-05-26,HDFCBANK,HDFCBANK,809.5,0.0020404056158849215,-0.0020383254034120387,0.1011358920230394
2023-05-29,HDFCBANK,HDFCBANK,814.25,0.005850671038652777,-0.005833589192508443,0.3220387738784147
2023-05-30,HDFCBANK,HDFCBANK,816.799987792969,0.003126807749167959,-0.0031219243769324253,0.1641208380748459
2023-05-31,HDFCBANK,HDFCBANK,814.950012207031,-0.002267475260998353,0.002270047927145726,-0.1486166041433611
2023-06-01,HDFCBANK,HDFCBANK,809.950012207031,-0.0061542442070265935,0.006173220476132238,-0.37395483285392905
2023-06-02,HDFCBANK,HDFCBANK,806.224975585938,-0.004609702842138574,0.004620343866655623,-0.2844089349199218
2023-06-05,HDFCBANK,HDFCBANK,807.25,0.0012705800430374836,-0.0012697731979709448,0.0565047000457837
2023-06-06,HDFCBANK,HDFCBANK,803.825012207031,-0.0042518106565250235,0.004260862427713118,-0.263659877722178
2023-06-07,HDFCBANK,HDFCBANK,801.724975585938,-0.0026159731365087424,0.002619397779841227,-0.16882101944753705
2023-06-08,HDFCBANK,HDFCBANK,801.625,-1.2470837632427845e-4,1.24716152737196e-4,-0.02438815088649262
2023-06-09,HDFCBANK,HDFCBANK,807.950012207031,0.007859273057876592,-0.00782846972147862,0.4384889224417019
2023-06-12,HDFCBANK,HDFCBANK,806.275024414062,-0.0020752848656453438,0.002077439759697664,-0.1374742275665127
2023-06-13,HDFCBANK,HDFCBANK,795.049987792969,-0.014019915256642257,0.014118655170668423,-0.8299727764343163
2023-06-14,HDFCBANK,HDFCBANK,805.224975585938,0.012716720746268173,-0.012636204913496313,0.7201029502770394
2023-06-15,HDFCBANK,HDFCBANK,802,-0.004013103284369102,0.004021166566007425,-0.2498206459158764
2023-06-16,HDFCBANK,HDFCBANK,793.575012207031,-0.010560539025851412,0.0106164983314407,-0.6294129481774191
2023-06-19,HDFCBANK,HDFCBANK,805.5,0.01491513377636533,-0.01480445411914212,0.8475575288885466
2023-06-20,HDFCBANK,HDFCBANK,802.075012207031,-0.004261067694092624,0.004270158951273901,-0.2641965611416696
2023-06-21,HDFCBANK,HDFCBANK,808,0.007359923598158957,-0.007332905684367546,0.40953877790707893
2023-06-22,HDFCBANK,HDFCBANK,820,0.014742281737203378,-0.014634146341463415,0.8375363074383441
2023-06-23,HDFCBANK,HDFCBANK,818.775024414062,-0.001494989606064756,0.0014961076601165027,-0.10383119199151282
2023-06-26,HDFCBANK,HDFCBANK,822.5,0.004539131987293388,-0.004528845697189003,0.246001352868332
2023-06-27,HDFCBANK,HDFCBANK,821.474975585938,-0.001247007481394391,0.0012477853185131056,-0.08945424972890963
2023-06-28,HDFCBANK,HDFCBANK,835,0.016330249692722454,-0.01619763402881682,0.9295998932379338
2023-06-30,HDFCBANK,HDFCBANK,852,0.020154801978460313,-0.01995305164319249,1.1513310662626357
2023-07-03,HDFCBANK,HDFCBANK,856.25,0.004975862747119919,-0.004963503649635037,0.27132113318178025
2023-07-04,HDFCBANK,HDFCBANK,861.724975585938,0.006373776334132053,-0.006353506908877968,0.35236618009915066
2023-07-05,HDFCBANK,HDFCBANK,858.125,-0.004186389388332046,0.004195164557538767,-0.2598670325854242
2023-07-06,HDFCBANK,HDFCBANK,836.5,-0.025523256095356217,0.025851763299462045,-1.4968872457130171
2023-07-07,HDFCBANK,HDFCBANK,832.5,-0.004793298572280058,0.004804804804804805,-0.29505302959169827
2023-07-10,HDFCBANK,HDFCBANK,830.5,-0.002405292801249459,0.002408187838651415,-0.156606675289015
2023-07-11,HDFCBANK,HDFCBANK,831.5,0.0012033695796329624,-0.0012026458208057728,0.05260812502815083
2023-07-12,HDFCBANK,HDFCBANK,827.674987792969,-0.0046107481266268735,0.004621393981266224,-0.2844695360408785
2023-07-13,HDFCBANK,HDFCBANK,828.349975585938,8.151904050661685e-4,-8.148582276368404e-4,0.03010315783464683
2023-07-14,HDFCBANK,HDFCBANK,826.799987792969,-0.0018729278679971983,0.0018746828929043175,-0.12574243490006376
2023-07-17,HDFCBANK,HDFCBANK,825,-0.0021794267087438257,0.0021818033854169422,-0.14351192591807008
2023-07-18,HDFCBANK,HDFCBANK,849,0.028675799976666916,-0.028268551236749116,1.645342061622605
2023-07-19,HDFCBANK,HDFCBANK,840.549987792969,-0.010002761354950707,0.010052956195048207,-0.5970753860222286
2023-07-20,HDFCBANK,HDFCBANK,840.575012207031,2.977103316403884e-5,-2.9770590011164662e-5,-0.01543209587274909
2023-07-21,HDFCBANK,HDFCBANK,840,-6.843041522017757e-4,6.845383417035984e-4,-0.0568311189869959
2023-07-24,HDFCBANK,HDFCBANK,839.25,-8.932559772150128e-4,8.936550491510277e-4,-0.06894525151924004
2023-07-25,HDFCBANK,HDFCBANK,842.325012207031,0.0036573041491330116,-0.0036506243581369874,0.19487674890087195
2023-07-26,HDFCBANK,HDFCBANK,849.799987792969,0.008835073306840968,-0.008796158735364717,0.49506164459996344
2023-07-27,HDFCBANK,HDFCBANK,849.950012207031,1.7652527071820856e-4,-1.7650969104933935e-4,-0.00692391326518574
2023-07-28,HDFCBANK,HDFCBANK,830.75,-0.022848631352132998,0.02311166079690764,-1.3418239500881728
2023-07-31,HDFCBANK,HDFCBANK,825.025024414062,-0.006915188736941857,0.006939153863852637,-0.4180711399714893
2023-08-01,HDFCBANK,HDFCBANK,827.224975585938,0.002662977723645099,-0.0026594351437680486,0.13722995831702223
2023-08-02,HDFCBANK,HDFCBANK,821,-0.007553586768978882,0.0075821870717880085,-0.4550827256224489
2023-08-03,HDFCBANK,HDFCBANK,820,-0.0012187691941294432,0.0012195121951219512,-0.087817114688859
2023-08-04,HDFCBANK,HDFCBANK,817.575012207031,-0.002961683644988611,0.0029660737629722323,-0.18886383514080163
2023-08-07,HDFCBANK,HDFCBANK,831.549987792969,0.01694875782298677,-0.016805935651600663,0.9654583475098476
2023-08-08,HDFCBANK,HDFCBANK,825.849975585938,-0.006878285031541864,0.006901994763621422,-0.4159316210746584
2023-08-09,HDFCBANK,HDFCBANK,826.5,7.867878563239117e-4,-7.864784199177801e-4,0.02845649961716979
2023-08-10,HDFCBANK,HDFCBANK,823.525024414062,-0.003605980231300876,0.0036124895998814965,-0.2262173937237386
2023-08-11,HDFCBANK,HDFCBANK,819.200012207031,-0.005265667843373123,0.005279555838114405,-0.3224389782610706
2023-08-14,HDFCBANK,HDFCBANK,805.5,-0.01686506656937592,0.0170080846766369,-0.994922472731494
2023-08-16,HDFCBANK,HDFCBANK,791.549987792969,-0.017470169518922773,0.01762366549449012,-1.0300037519976404
2023-08-17,HDFCBANK,HDFCBANK,798.799987792969,0.009117553161842373,-0.009076114309955445,0.5114386176221148
2023-08-18,HDFCBANK,HDFCBANK,793.775024414062,-0.006310509729140712,0.006330462945235888,-0.3830144390334452
2023-08-21,HDFCBANK,HDFCBANK,800.25,0.00812410231916516,-0.008091190985239556,0.4538425895822587
2023-08-22,HDFCBANK,HDFCBANK,798.174987792969,-0.0025963224905725113,0.002599695854625352,-0.16768175909795177
2023-08-23,HDFCBANK,HDFCBANK,790,-0.010294910898332787,0.01034808581388478,-0.6140129661918866
2023-08-24,HDFCBANK,HDFCBANK,796.650024414062,0.0083825207213577,-0.00834748535776818,0.4688245825498843
2023-08-25,HDFCBANK,HDFCBANK,787.275024414062,-0.011837819581610454,0.011908163868118953,-0.7034642082337218
2023-08-28,HDFCBANK,HDFCBANK,780.75,-0.008322650437627033,0.008357379973182255,-0.4996697456550762
2023-08-29,HDFCBANK,HDFCBANK,794.849975585938,0.017898390728385394,-0.017739165904287667,1.0205139990803849
2023-08-30,HDFCBANK,HDFCBANK,801.974975585938,0.008924017976833731,-0.00888431711325449,0.5002182758964723
2023-08-31,HDFCBANK,HDFCBANK,789.5,-0.01567757117271018,0.015801109038553456,-0.926076571932614
2023-09-01,HDFCBANK,HDFCBANK,785.5,-0.00507937600002073,0.005092297899427116,-0.3116385744842311
2023-09-04,HDFCBANK,HDFCBANK,795,0.012021656958656202,-0.011949685534591196,0.679806126638613
2023-09-05,HDFCBANK,HDFCBANK,794.200012207031,-0.0010067805869580226,0.0010072875606559895,-0.07552692252407225
2023-09-06,HDFCBANK,HDFCBANK,788.400024414062,-0.007329727822216192,0.007356656029126231,-0.44210434197142096
2023-09-07,HDFCBANK,HDFCBANK,797.75,0.011789658913195389,-0.011720433200799693,0.6663558728791471
2023-09-08,HDFCBANK,HDFCBANK,804.150024414062,0.00799058414338738,-0.007958744288698338,0.4461017771881751
2023-09-11,HDFCBANK,HDFCBANK,814.450012207031,0.012727204489940469,-0.012646556128174934,0.7207107528662876
2023-09-12,HDFCBANK,HDFCBANK,820,0.006791286466617308,-0.006768277796303631,0.3765716307007951
2023-09-13,HDFCBANK,HDFCBANK,815.650024414062,-0.005318968943955227,0.005333139772861337,-0.3255291479521818
2023-09-14,HDFCBANK,HDFCBANK,822.125,0.00790708030717191,-0.007875901579368046,0.44126058214809455
2023-09-15,HDFCBANK,HDFCBANK,825,0.0034909347131657498,-0.0034848484848484847,0.18523136103940116
2023-09-18,HDFCBANK,HDFCBANK,826.875,0.002270148534539551,-0.0022675736961451248,0.114455403181873
2023-09-20,HDFCBANK,HDFCBANK,799.5,-0.03366700259521149,0.03424015009380863,-1.9690268137776243
2023-09-21,HDFCBANK,HDFCBANK,776.5,-0.029189889685267367,0.02962009014810045,-1.7094629686216805
2023-09-22,HDFCBANK,HDFCBANK,779.5,0.0038560459090897226,-0.003848620910840282,0.20639894555864335
2023-09-25,HDFCBANK,HDFCBANK,762.5,-0.022050180016264243,0.022295081967213116,-1.2955331588848626
2023-09-26,HDFCBANK,HDFCBANK,762.5,0,0,-0.01715809296009843
2023-09-27,HDFCBANK,HDFCBANK,761.5,-0.0013123361463502903,0.0013131976362442547,-0.09324172612628918
2023-09-28,HDFCBANK,HDFCBANK,767,0.007196629032039326,-0.007170795306388526,0.4000716578393872
2023-09-29,HDFCBANK,HDFCBANK,761.849975585938,-0.006737147497652529,0.006759893127385306,-0.4077490709069396
2023-10-03,HDFCBANK,HDFCBANK,763.5,0.0021634707890836324,-0.00216113217296928,0.10827068406489564
2023-10-04,HDFCBANK,HDFCBANK,747.5,-0.021178819393846027,0.02140468227424749,-1.2450153992880095
2023-10-05,HDFCBANK,HDFCBANK,767.525024414062,0.026436778764731272,-0.026090386341929884,1.515533194425
2023-10-06,HDFCBANK,HDFCBANK,772,0.005813465995204048,-0.005796600499919631,0.3198817846911514
2023-10-09,HDFCBANK,HDFCBANK,764,-0.010416760858255714,0.010471204188481676,-0.6210773053689189
2023-10-10,HDFCBANK,HDFCBANK,760.275024414062,-0.004887547117801816,0.004899510659065466,-0.300517156891614
2023-10-11,HDFCBANK,HDFCBANK,765.049987792969,0.006260933163242832,-0.006241374361277802,0.34582401600263046
2023-10-12,HDFCBANK,HDFCBANK,768.049987792969,0.00391364408965611,-0.003905995765484814,0.20973824155640888
2023-10-13,HDFCBANK,HDFCBANK,770,0.0025356955461113273,-0.002532483385754575,0.12985068241202846
2023-10-16,HDFCBANK,HDFCBANK,765.75,-0.00553476913484463,0.00555011426705844,-0.3380403194279401
2023-10-17,HDFCBANK,HDFCBANK,777.875,0.015710097176497406,-0.015587337297123574,0.8936461045056571
2023-10-18,HDFCBANK,HDFCBANK,770.599975585938,-0.009396442379212111,0.00944072754288678,-0.561923606761948
2023-10-19,HDFCBANK,HDFCBANK,752.700012207031,-0.023502642252025474,0.02378100583049217,-1.379740702996749
2023-10-20,HDFCBANK,HDFCBANK,752.5,-2.657616351138259e-4,2.657969528651463e-4,-0.03256581514456177
2023-10-23,HDFCBANK,HDFCBANK,761.75,0.012217421242787907,-0.012143091565474237,0.6911557019911857
2023-10-25,HDFCBANK,HDFCBANK,760.5,-0.001642306166471208,0.001643655489809336,-0.11237197567136412
2023-10-26,HDFCBANK,HDFCBANK,745.625,-0.019753318847167023,0.019949706621961442,-1.16237097851721
2023-10-27,HDFCBANK,HDFCBANK,734.75,-0.014692487553153555,0.014800952705001702,-0.8689656396788852
2023-10-30,HDFCBANK,HDFCBANK,731.625,-0.0042622176876419005,0.004271313856142149,-0.26426323284583675
2023-10-31,HDFCBANK,HDFCBANK,752,0.0274682363384553,-0.02709441489361702,1.575332690067901
2023-11-01,HDFCBANK,HDFCBANK,731.125,-0.028151880186650047,0.02855188921183108,-1.6492836204147097
2023-11-02,HDFCBANK,HDFCBANK,742.5,0.015438426913664927,-0.01531986531986532,0.8778958253740572
2023-11-03,HDFCBANK,HDFCBANK,744,0.0020181641562366792,-0.0020161290322580645,0.0998464273827606
2023-11-06,HDFCBANK,HDFCBANK,749,0.0066979486841276525,-0.006675567423230975,0.3711603055435267
2023-11-07,HDFCBANK,HDFCBANK,747,-0.0026737983844018487,0.002677376171352075,-0.17217347983714215
2023-11-08,HDFCBANK,HDFCBANK,741.974975585938,-0.006749668159579336,0.006772498506561871,-0.4084749652989036
2023-11-09,HDFCBANK,HDFCBANK,743,0.0013805277445211317,-0.0013795752544576653,0.06287899721835653
2023-11-10,HDFCBANK,HDFCBANK,740.049987792969,-0.003978309729435026,0.003986233708115804,-0.24780346451190283
2023-11-13,HDFCBANK,HDFCBANK,746.049987792969,0.008074870735890194,-0.008042356542019027,0.45098835308767976
2023-11-15,HDFCBANK,HDFCBANK,752.049987792969,0.008010189145332802,-0.007978193068798684,0.4472383912945138
2023-11-16,HDFCBANK,HDFCBANK,754.849975585938,0.0037162268012655986,-0.0037093301762320917,0.19829283209152287
2023-11-17,HDFCBANK,HDFCBANK,745,-0.01313480329125305,0.013221443739514033,-0.7786577728257195
2023-11-20,HDFCBANK,HDFCBANK,756.5,0.015318314848850711,-0.01520158625247852,0.8709322419175334
2023-11-21,HDFCBANK,HDFCBANK,759.5,0.003957788807417373,-0.003949967083607637,0.21229756335953212
2023-11-22,HDFCBANK,HDFCBANK,760,6.581112445491755e-4,-6.578947368421052e-4,0.02099638038279529
2023-11-23,HDFCBANK,HDFCBANK,754.25,-0.007594555241206891,0.007623467020218761,-0.4574579023033853
2023-11-24,HDFCBANK,HDFCBANK,760.599975585938,0.008383685356563753,-0.008348640270526132,0.468892103114656
2023-11-28,HDFCBANK,HDFCBANK,767.599975585938,0.009161168932101837,-0.00911933327597703,0.5139672733128812
2023-11-29,HDFCBANK,HDFCBANK,766.950012207031,-8.471062173853738e-4,8.474651131910805e-4,-0.06626968595828435
2023-11-30,HDFCBANK,HDFCBANK,784.575012207031,0.022720559346264935,-0.022464391200046497,1.3000826973965194
2023-12-01,HDFCBANK,HDFCBANK,778.950012207031,-0.007195310827142087,0.007221259274471871,-0.4343114198813693
2023-12-04,HDFCBANK,HDFCBANK,794,0.01913658661756301,-0.01895464457552768,1.092299297444738
2023-12-05,HDFCBANK,HDFCBANK,818.25,0.030084452134153672,-0.029636419187289948,1.727009684896673
2023-12-06,HDFCBANK,HDFCBANK,819.224975585938,0.0011908282150141503,-0.0011901194604578779,0.05188103038268191
2023-12-07,HDFCBANK,HDFCBANK,812.5,-0.008242827392411556,0.008276893028846714,-0.49504194712398825
2023-12-08,HDFCBANK,HDFCBANK,815.224975585938,0.003348204607656058,-0.003342605621202166,0.17695648038507164
2023-12-11,HDFCBANK,HDFCBANK,825.025024414062,0.01194959968621312,-0.01187848675873092,0.6756285543765703
2023-12-12,HDFCBANK,HDFCBANK,827.099975585938,0.0025118586824319777,-0.0025087066051549126,0.12846872307401877
2023-12-13,HDFCBANK,HDFCBANK,816.224975585938,-0.01323555484090555,0.013323532512826182,-0.7844989164732301
2023-12-14,HDFCBANK,HDFCBANK,823,0.00826617833778176,-0.00823210742899398,0.4620795490778585
2023-12-15,HDFCBANK,HDFCBANK,825,0.0024271856576110196,-0.0024242424242424242,0.12355974348257816
2023-12-18,HDFCBANK,HDFCBANK,830.349975585938,0.006463882915946684,-0.006443036964218292,0.35759017407029436
2023-12-19,HDFCBANK,HDFCBANK,825,-0.006463882915946684,0.0064848188920460055,-0.3919063599904875
2023-12-20,HDFCBANK,HDFCBANK,829,0.004836768800614344,-0.0048250904704463205,0.2632570614643547
2023-12-21,HDFCBANK,HDFCBANK,828.5,-6.033182686770999e-4,6.035003017501509e-4,-0.05213590406754475
2023-12-22,HDFCBANK,HDFCBANK,841.799987792969,0.0159256049687464,-0.015799463038528763,0.9061403239596768
2023-12-26,HDFCBANK,HDFCBANK,836.625,-0.006166500414558129,0.006185552419505725,-0.3746653953118651
2023-12-27,HDFCBANK,HDFCBANK,840.75,0.004918409199572871,-0.004906333630686887,0.26799022238748277
2023-12-28,HDFCBANK,HDFCBANK,854.650024414062,0.016397706348049823,-0.01626399580763101,0.93351074140956
2023-12-29,HDFCBANK,HDFCBANK,848.5,-0.007221972294147783,0.007248113628829753,-0.4358571376313091
2024-01-01,HDFCBANK,HDFCBANK,853,0.005289462817398061,-0.005275498241500586,0.28950232309592766
2024-01-02,HDFCBANK,HDFCBANK,849.400024414062,-0.004229300869793562,0.004238256984300548,-0.26235485662599206
2024-01-03,HDFCBANK,HDFCBANK,851,0.0018818819514887508,-0.0018801123219012394,0.0919453684185648
2024-01-04,HDFCBANK,HDFCBANK,839,-0.014201422106168593,0.014302741358760428,-0.8404957667481001
2024-01-05,HDFCBANK,HDFCBANK,843.575012207031,0.005438121270828766,-0.0054233614566907284,0.2981209039902499
2024-01-08,HDFCBANK,HDFCBANK,839.25,-0.005140191877890388,0.0051534253286041375,-0.3151644188003984
2024-01-09,HDFCBANK,HDFCBANK,833.575012207031,-0.006784941069643224,0.006808010928666739,-0.4105199376617565
2024-01-10,HDFCBANK,HDFCBANK,821.5,-0.014591757313178633,0.014698736709715183,-0.8631257314751882
2024-01-11,HDFCBANK,HDFCBANK,830,0.01029376331332088,-0.010240963855421687,0.5796302482041849
2024-01-12,HDFCBANK,HDFCBANK,826,-0.004830927269665608,0.004842615012106538,-0.2972345804210253
2024-01-15,HDFCBANK,HDFCBANK,823.849975585938,-0.0026063286516482265,0.0026097280788688576,-0.16826187349229146
2024-01-16,HDFCBANK,HDFCBANK,836.5,0.015238075557549635,-0.015122563555364071,0.8662803112198233
2024-01-17,HDFCBANK,HDFCBANK,785,-0.06354280264447087,0.06560509554140127,-3.701097836751376
2024-01-18,HDFCBANK,HDFCBANK,747,-0.04961853264959082,0.050870147255689425,-2.893828256207001
2024-01-19,HDFCBANK,HDFCBANK,752.974975585938,0.007966809161247923,-0.007935158245183972,0.4447234054770032
2024-01-23,HDFCBANK,HDFCBANK,732.5,-0.027568653402842536,0.027952185100256592,-1.6154706276115285
2024-01-24,HDFCBANK,HDFCBANK,690.125,-0.059590600287013906,0.06140191994203949,-3.471966058891295
2024-01-25,HDFCBANK,HDFCBANK,726.25,0.05102156756191256,-0.04974182444061962,2.940854029727063
2024-01-29,HDFCBANK,HDFCBANK,724.025024414062,-0.0030683522699099797,0.0030730644810772665,-0.19504802548818767
2024-01-30,HDFCBANK,HDFCBANK,727.275024414062,0.004478750531737852,-0.0044687358851878654,0.24250069449865697
2024-01-31,HDFCBANK,HDFCBANK,719.75,-0.010400776935663991,0.01045505302405286,-0.6201506259458234
2024-02-01,HDFCBANK,HDFCBANK,732.525024414062,0.017593573838004417,-0.017439710574093537,1.0028420203460846
2024-02-02,HDFCBANK,HDFCBANK,737.5,0.006768584883685591,-0.006745729608051464,0.3752554900816585
2024-02-05,HDFCBANK,HDFCBANK,723,-0.01985686605521053,0.020055325034578148,-1.168374202473248
2024-02-06,HDFCBANK,HDFCBANK,722.775024414062,-3.1121797507172033e-4,3.112664084101931e-4,-0.03520117918914901
2024-02-07,HDFCBANK,HDFCBANK,726.5,0.005140478826644923,-0.005127289175413565,0.2808648689408819
2024-02-08,HDFCBANK,HDFCBANK,714.924987792969,-0.016060857997663547,0.016190526845010714,-0.9482979016340624
2024-02-09,HDFCBANK,HDFCBANK,696.075012207031,-0.026720194326160573,0.027080379636342234,-1.5662806016213524
2024-02-12,HDFCBANK,HDFCBANK,699.825012207031,0.005372890544657949,-0.005358482384294415,0.29433910566444393
2024-02-13,HDFCBANK,HDFCBANK,695.974975585938,-0.0055166161610404885,0.005531860707853383,-0.3369878876987059
2024-02-14,HDFCBANK,HDFCBANK,688,-0.011524867136787798,0.011591534281886562,-0.685320564871807
2024-02-15,HDFCBANK,HDFCBANK,692.5,0.00651940012815011,-0.006498194945848376,0.3608088244286123
2024-02-16,HDFCBANK,HDFCBANK,711.950012207031,0.02769946331142048,-0.027319350900404323,1.588738240344146
2024-02-19,HDFCBANK,HDFCBANK,714.5,0.003575295997007899,-0.003568912236485623,0.1901222672231012
2024-02-20,HDFCBANK,HDFCBANK,707.5,-0.009845367852529208,0.009893992932862191,-0.5879503843721053
2024-02-21,HDFCBANK,HDFCBANK,732,0.03404288444391845,-0.03346994535519126,1.956502648728334
2024-02-22,HDFCBANK,HDFCBANK,708.875,-0.03210130762711927,0.0326221125022042,-1.8782545204641
2024-02-23,HDFCBANK,HDFCBANK,711.275024414062,0.0033799621978731764,-0.003374256555738268,0.17879764954819838
2024-02-26,HDFCBANK,HDFCBANK,706.775024414062,-0.006346764853952358,0.006366948243156493,-0.38511635600356214
2024-02-27,HDFCBANK,HDFCBANK,706.775024414062,0,0,-0.01715809296009843
2024-02-28,HDFCBANK,HDFCBANK,710.075012207031,0.00465821177239345,-0.004647379130709117,0.2529050891650728
2024-02-29,HDFCBANK,HDFCBANK,701.049987792969,-0.012791421695863114,0.012873581871778415,-0.7587499775459977
2024-03-01,HDFCBANK,HDFCBANK,700,-0.001498858711238782,0.0014999825613842533,-0.10405550615030448
2024-03-04,HDFCBANK,HDFCBANK,715.474975585938,0.021866288618813456,-0.021628954350590292,1.2505557367676354
2024-03-05,HDFCBANK,HDFCBANK,711,-0.006274193858977206,0.006293917842388122,-0.3809090003076843
2024-03-06,HDFCBANK,HDFCBANK,716.775024414062,0.008089588078096455,-0.008056955414682482,0.45184160160076137
2024-03-07,HDFCBANK,HDFCBANK,722.75,0.008301363015118746,-0.008267001848409485,0.46411940608480234
2024-03-11,HDFCBANK,HDFCBANK,715,-0.01078083820244835,0.010839160839160839,-0.6421849515894935
2024-03-12,HDFCBANK,HDFCBANK,717,0.0027932979056126683,-0.002789400278940028,0.1447853647169435
2024-03-13,HDFCBANK,HDFCBANK,732.75,0.02172873899138139,-0.021494370522006142,1.2425811980606665
2024-03-14,HDFCBANK,HDFCBANK,731.049987792969,-0.002322739425497211,0.0023254390745061615,-0.15182058387883451
2024-03-15,HDFCBANK,HDFCBANK,725,-0.00831018531082961,0.008344810748922727,-0.4989470709522246
2024-03-18,HDFCBANK,HDFCBANK,723.5,-0.0020711087831362107,0.002073255010366275,-0.13723211617560674
2024-03-19,HDFCBANK,HDFCBANK,717.75,-0.007979227070364914,0.008011145942180425,-0.47975952862106697
2024-03-20,HDFCBANK,HDFCBANK,724.525024414062,0.009394982417116893,-0.009350987454906949,0.5275227784878777
2024-03-21,HDFCBANK,HDFCBANK,721.299987792969,-0.004461178832317003,0.004471144704938958,-0.27579814849062756
2024-03-22,HDFCBANK,HDFCBANK,720.5,-0.001109707146397021,0.0011103230991935842,-0.08149416393030669
2024-03-26,HDFCBANK,HDFCBANK,713.599975585938,-0.009622868386307992,0.009669317054553464,-0.5750508175845144
2024-03-27,HDFCBANK,HDFCBANK,711.775024414062,-0.002560662519068835,0.0025639438155029694,-0.16561434656937885
2024-03-28,HDFCBANK,HDFCBANK,720.349975585938,0.01197528658133784,-0.01190386820642422,0.6771177706198327
2024-04-01,HDFCBANK,HDFCBANK,729,0.011936560893120784,-0.011865602762773724,0.6748726209571113
2024-04-02,HDFCBANK,HDFCBANK,732.575012207031,0.004892009382841067,-0.0048800629934954674,0.26645967400058135
2024-04-03,HDFCBANK,HDFCBANK,736.049987792969,0.00473229322800961,-0.004721113570503002,0.25720001490431216
2024-04-04,HDFCBANK,HDFCBANK,752,0.021438289330331095,-0.021210122615732744,1.2257421697933668
2024-04-05,HDFCBANK,HDFCBANK,769.5,0.023004629329093973,-0.022742040285899934,1.316551859224564
2024-04-08,HDFCBANK,HDFCBANK,777.474975585938,0.010310504514924546,-0.010257533472286586,0.5806008314233633
2024-04-09,HDFCBANK,HDFCBANK,777.424987792969,-6.429711771005486e-5,6.429918481381421e-5,-0.02088576466302766
2024-04-10,HDFCBANK,HDFCBANK,774.950012207031,-0.003188633781064709,0.0031937228814143885,-0.20202143271840492
2024-04-12,HDFCBANK,HDFCBANK,760.5,-0.018822415195736575,0.01900067351351877,-1.108401168933355
2024-04-15,HDFCBANK,HDFCBANK,748.775024414062,-0.015537541240114194,0.01565887643636763,-0.917958235747547
2024-04-16,HDFCBANK,HDFCBANK,743.5,-0.007069804559023396,0.007094854625503759,-0.4270351036035626
2024-04-18,HDFCBANK,HDFCBANK,754.900024414062,0.01521655658615817,-0.0151013697779524,0.8650327333565051
2024-04-19,HDFCBANK,HDFCBANK,743.275024414062,-0.015519192269379367,0.015640240312344962,-0.916894440955163
2024-04-22,HDFCBANK,HDFCBANK,778.700012207031,0.046559748042118265,-0.04549247108981761,2.682176829878656
2024-04-23,HDFCBANK,HDFCBANK,763.150024414062,-0.020171241906805193,0.02037605620848677,-1.1866003688679012
2024-04-24,HDFCBANK,HDFCBANK,757.5,-0.007431098968777583,0.007458778104372337,-0.4479814071959401
2024-04-25,HDFCBANK,HDFCBANK,753.125,-0.005792320704504306,0.005809128630705394,-0.3529720571552385
2024-04-26,HDFCBANK,HDFCBANK,759.900024414062,0.008955661124712577,-0.008915678637181358,0.5020528101826016
2024-04-29,HDFCBANK,HDFCBANK,757.5,-0.0031633404202082716,0.0031683490614680464,-0.2005550319076561
2024-04-30,HDFCBANK,HDFCBANK,764.599975585938,0.009329251948285489,-0.009285869490771316,0.5237120072214425
2024-05-02,HDFCBANK,HDFCBANK,761,-0.004719431470123325,0.004730585526856708,-0.2907705311486621
2024-05-03,HDFCBANK,HDFCBANK,766.625,0.007364406084461983,-0.007337355291048427,0.4097986532785586
2024-05-06,HDFCBANK,HDFCBANK,761,-0.007364406084461983,0.007391590013140605,-0.4441148391987474
2024-05-07,HDFCBANK,HDFCBANK,760.974975585938,-3.288413340030161e-5,3.288467408902228e-5,-0.019064574275538
2024-05-08,HDFCBANK,HDFCBANK,747.974975585938,-0.017230951412456008,0.01738026060272437,-1.0161349100018373
2024-05-09,HDFCBANK,HDFCBANK,737.474975585938,-0.014137366086435676,0.014237771243231067,-0.8367820728740413
2024-05-10,HDFCBANK,HDFCBANK,719.5,-0.024675629901971696,0.024982592892200076,-1.4477455067317782
2024-05-13,HDFCBANK,HDFCBANK,716,-0.004876359366776661,0.004888268156424581,-0.29986853896907256
2024-05-14,HDFCBANK,HDFCBANK,726.125,0.014042009352050577,-0.013943880185918403,0.7969375116065496
2024-05-15,HDFCBANK,HDFCBANK,729.849975585938,0.005116823813096083,-0.005103755169612044,0.27949345249516827
2024-05-16,HDFCBANK,HDFCBANK,723.025024414062,-0.00939516665167428,0.00943943977237418,-0.5618496455392169
2024-05-17,HDFCBANK,HDFCBANK,723.099975585938,1.036579437370122e-4,-1.036525714375464e-4,-0.01114844902249143
2024-05-21,HDFCBANK,HDFCBANK,725.049987792969,0.0026931097399263138,-0.002689486573148981,0.13897688366055846
2024-05-22,HDFCBANK,HDFCBANK,728.924987792969,0.005330228153241023,-0.005316047693374708,0.29186572279867967
2024-05-23,HDFCBANK,HDFCBANK,729.325012207031,5.486362751190299e-4,-5.484858017573264e-4,0.01464949019144153
2024-05-24,HDFCBANK,HDFCBANK,743.75,0.019585491273698352,-0.01939494157037846,1.118324868163793
2024-05-27,HDFCBANK,HDFCBANK,761.674987792969,0.023814982632980097,-0.023533643719755665,1.3635326755949435
2024-05-28,HDFCBANK,HDFCBANK,765.049987792969,0.0044212357191417695,-0.004411476444482099,0.23916623181903104
2024-05-29,HDFCBANK,HDFCBANK,759,-0.00793939781633135,0.007970998409708798,-0.4774503989353752
2024-05-30,HDFCBANK,HDFCBANK,749.599975585938,-0.01246207904087182,0.012540054322592996,-0.7396560999460841
2024-05-31,HDFCBANK,HDFCBANK,759.5,0.013120623681069254,-0.01303492352081902,0.7435195137936025
2024-06-03,HDFCBANK,HDFCBANK,799.5,0.05132621023818107,-0.050031269543464665,2.9585159082728003
2024-06-04,HDFCBANK,HDFCBANK,778.5,-0.026617540999955835,0.02697495183044316,-1.5603292011086407
2024-06-05,HDFCBANK,HDFCBANK,747.025024414062,-0.0412703068173883,0.042133763337614726,-2.4098338515932993
2024-06-06,HDFCBANK,HDFCBANK,782.450012207031,0.04633135375355302,-0.04527444212448394,2.6689355065204308
2024-06-07,HDFCBANK,HDFCBANK,780.525024414062,-0.002463236739159491,0.0024662729992725864,-0.15996601681775047
2024-06-10,HDFCBANK,HDFCBANK,787,0.008261446946344897,-0.008227414975778849,0.4618052432519863
2024-06-11,HDFCBANK,HDFCBANK,778,-0.011501724239011857,0.011568123393316195,-0.6839788387068214
2024-06-12,HDFCBANK,HDFCBANK,787.5,0.012136846521396905,-0.012063492063492064,0.6864843244924831
2024-06-13,HDFCBANK,HDFCBANK,790.875,0.004276556767259798,-0.004267425320056899,0.23077836539283397
2024-06-14,HDFCBANK,HDFCBANK,792,0.0014214643473779986,-0.0014204545454545455,0.0652523262495399
2024-06-18,HDFCBANK,HDFCBANK,798.450012207031,0.00811097176085962,-0.008078166583280847,0.4530813360085253
2024-06-19,HDFCBANK,HDFCBANK,806.700012207031,0.010279503499701192,-0.010226849975406627,0.5788035252403029
2024-06-20,HDFCBANK,HDFCBANK,834.900024414062,0.034360119366867004,-0.03377651381292265,1.9748945718436663
2024-06-21,HDFCBANK,HDFCBANK,836.424987792969,0.0018248560764169142,-0.0018231920389307995,0.0886392522439845
2024-06-24,HDFCBANK,HDFCBANK,823.5,-0.01557329290057563,0.015695188576768642,-0.9200309640094446
2024-06-25,HDFCBANK,HDFCBANK,835.549987792969,0.014526626422120437,-0.014421624042863011,0.8250335352418195
2024-06-26,HDFCBANK,HDFCBANK,853.974975585938,0.021811714726846176,-0.021575559377869404,1.247391776079376
2024-06-27,HDFCBANK,HDFCBANK,848.049987792969,-0.0069623088430486035,0.006986602061499494,-0.420802962056693
2024-06-28,HDFCBANK,HDFCBANK,848.799987792969,8.839909946436464e-4,-8.836003897103409e-4,0.0340919215622998
2024-07-01,HDFCBANK,HDFCBANK,840,-0.010421681080897471,0.010476175944010688,-0.621362558819894
2024-07-02,HDFCBANK,HDFCBANK,857.5,0.020619287202735315,-0.02040816326530612,1.17825993163997
2024-07-03,HDFCBANK,HDFCBANK,895.5,0.043361042460672294,-0.04243439419318816,2.4967295702399404
2024-07-04,HDFCBANK,HDFCBANK,879.875,-0.01760236957247141,0.017758204290382155,-1.0376681453062155
2024-07-05,HDFCBANK,HDFCBANK,842.5,-0.043406189701778786,0.0443620178041543,-2.5336631999762194
2024-07-08,HDFCBANK,HDFCBANK,822.650024414062,-0.02384279571652037,0.024129307721198007,-1.3994613450630191
2024-07-09,HDFCBANK,HDFCBANK,812.5,-0.012414952306103899,0.012492337740384055,-0.7369238935595439
2024-07-10,HDFCBANK,HDFCBANK,814.974975585938,0.0030414937630380834,-0.0030368731066356186,0.15917469828992248
2024-07-11,HDFCBANK,HDFCBANK,811.974975585938,-0.0036878865240632663,0.0036946951448043556,-0.230965970031617
2024-07-12,HDFCBANK,HDFCBANK,811,-0.0012014673274540755,0.0012021893784685015,-0.08681402650839709
2024-07-15,HDFCBANK,HDFCBANK,811.75,9.243568675421088e-4,-9.239297813366184e-4,0.036432162113151
2024-07-16,HDFCBANK,HDFCBANK,810.375,-0.001695307487795894,0.0016967453339503317,-0.11544476544417144
2024-07-18,HDFCBANK,HDFCBANK,804,-0.007897834316192842,0.00792910447761194,-0.47504072508280254
2024-07-19,HDFCBANK,HDFCBANK,808,0.00496278934212846,-0.0049504950495049506,0.2705631931126396
2024-07-22,HDFCBANK,HDFCBANK,808.5,6.186204960663133e-4,-6.184291898577613e-4,0.01870687580013793
2024-07-23,HDFCBANK,HDFCBANK,823.775024414062,0.01871678498949869,-0.018542713679535167,1.067960995736733
2024-07-24,HDFCBANK,HDFCBANK,804.075012207031,-0.024204900414789066,0.024500216905084866,-1.4204546257155848
2024-07-25,HDFCBANK,HDFCBANK,796.5,-0.00946543424176749,0.009510373141281886,-0.5659234596782554
2024-07-26,HDFCBANK,HDFCBANK,802.5,0.007504725654067457,-0.007476635514018692,0.4179337813778726
2024-07-29,HDFCBANK,HDFCBANK,807.5,0.006211200092640645,-0.006191950464396285,0.3429407054190807
2024-07-30,HDFCBANK,HDFCBANK,801,-0.008082108028451884,0.008114856429463172,-0.48572412625610106
2024-07-31,HDFCBANK,HDFCBANK,807,0.007462721201589417,-0.007434944237918215,0.41549854299585753
2024-08-01,HDFCBANK,HDFCBANK,811.450012207031,0.005499117535420872,-0.005484025066347105,0.3016572063565792
2024-08-02,HDFCBANK,HDFCBANK,815.5,0.004978636255698277,-0.004966263388067415,0.2714819293390257
2024-08-05,HDFCBANK,HDFCBANK,820.049987792969,0.005563877062334299,-0.005548427365037256,0.3054116865660422
2024-08-06,HDFCBANK,HDFCBANK,815,-0.006177185882539682,0.006196304040452733,-0.3752848930132631
2024-08-07,HDFCBANK,HDFCBANK,808.5,-0.008007434223701537,0.008039579468150896,-0.4813948586491574
2024-08-08,HDFCBANK,HDFCBANK,812,0.004319661144516651,-0.004310344827586207,0.23327737270596724
2024-08-09,HDFCBANK,HDFCBANK,826,0.01709443335929972,-0.01694915254237288,0.9739039916361532
2024-08-12,HDFCBANK,HDFCBANK,826,0,0,-0.01715809296009843
2024-08-13,HDFCBANK,HDFCBANK,814,-0.014634407518437698,0.014742014742014743,-0.8655984078397667
2024-08-14,HDFCBANK,HDFCBANK,803.25,-0.013294368006572022,0.013383131030189854,-0.7879086521072018
2024-08-16,HDFCBANK,HDFCBANK,814.25,0.013601446160374842,-0.013509364445809026,0.7713955432966662
2024-08-19,HDFCBANK,HDFCBANK,818.825012207031,0.005602956559235928,-0.005587289272832179,0.3076773485421026
2024-08-20,HDFCBANK,HDFCBANK,813.724975585938,-0.0062479596337770005,0.00626751884740995,-0.37938805220907473
2024-08-21,HDFCBANK,HDFCBANK,814.049987792969,3.993331002902778e-4,-3.9925337743961794e-4,0.00599353110974279
2024-08-22,HDFCBANK,HDFCBANK,816,0.002392580782014875,-0.0023897208419497826,0.12155350089912809
2024-08-23,HDFCBANK,HDFCBANK,817,0.0012247398958962208,-0.0012239902080783353,0.05384708450338301
2024-08-26,HDFCBANK,HDFCBANK,816.099975585938,-0.0011022283003336852,0.0011028359771924413,-0.08106057244388792
2024-08-27,HDFCBANK,HDFCBANK,821.700012207031,0.006838513233296872,-0.006815183811488265,0.3793096365094856
2024-08-28,HDFCBANK,HDFCBANK,818.875,-0.0034439327409261367,0.0034498698910468907,-0.21682257377043507
2024-08-29,HDFCBANK,HDFCBANK,821,0.002591662400387662,-0.0025883069427527407,0.13309540109331783
2024-08-30,HDFCBANK,HDFCBANK,828,0.008490044932831786,-0.008454106280193236,0.475058376143872
2024-09-02,HDFCBANK,HDFCBANK,823.400024414062,-0.005571015399149282,0.0055865623628215625,-0.3401417227038324
2024-09-03,HDFCBANK,HDFCBANK,817,-0.007803044126107217,0.00783356721427423,-0.4695451955491989
2024-09-04,HDFCBANK,HDFCBANK,819.5,0.0030553033238813754,-0.003050640634533252,0.15997531752481478
2024-09-05,HDFCBANK,HDFCBANK,823,0.004261802493185307,-0.00425273390036452,0.22992297572802636
2024-09-06,HDFCBANK,HDFCBANK,819.150024414062,-0.004688953606656554,0.004699963951892502,-0.2890035550654762
2024-09-09,HDFCBANK,HDFCBANK,819,-1.8316321734346275e-4,1.8317999274975e-4,-0.02777711239094529
2024-09-10,HDFCBANK,HDFCBANK,827,0.009720611170621396,-0.009673518742442563,0.5464013399745405
2024-09-11,HDFCBANK,HDFCBANK,825.200012207031,-0.0021788990337796577,0.0021812745593093688,-0.14348133358202497
2024-09-12,HDFCBANK,HDFCBANK,827,0.0021788990337796577,-0.0021765269564316533,0.1091651476618219
2024-09-13,HDFCBANK,HDFCBANK,837,0.012019375465784243,-0.011947431302270013,0.6796738554463287
2024-09-16,HDFCBANK,HDFCBANK,833.5,-0.004190368298626623,0.004199160167966407,-0.2600977127751976
2024-09-17,HDFCBANK,HDFCBANK,839,0.006577004276357101,-0.006555423122765197,0.3641484664046908
2024-09-18,HDFCBANK,HDFCBANK,835.924987792969,-0.00367182492863094,0.0036785743361372057,-0.2300347874696643
2024-09-19,HDFCBANK,HDFCBANK,849.599975585938,0.01622674021314996,-0.01609579588739729,0.9235988566171478
2024-09-20,HDFCBANK,HDFCBANK,858.25,0.010129810586076538,-0.01007867685879644,0.5701249707712952
2024-09-23,HDFCBANK,HDFCBANK,874.5,0.018756862120855367,-0.018582046883933678,1.0702844962887583
2024-09-24,HDFCBANK,HDFCBANK,882.5,0.009106494348794847,-0.009065155807365438,0.5107974749716552
2024-09-25,HDFCBANK,HDFCBANK,880.075012207031,-0.0027516438236663276,0.0027554330702875556,-0.176686625239019
2024-09-26,HDFCBANK,HDFCBANK,886.525024414062,0.007302208461521076,-0.007275612114045038,0.4061927012967631
2024-09-27,HDFCBANK,HDFCBANK,888.5,0.002225294149399204,-0.002222820017938047,0.1118549379014616
2024-09-30,HDFCBANK,HDFCBANK,874.400024414062,-0.01599668281144595,0.016125314721241447,-0.9445772989972692
2024-10-01,HDFCBANK,HDFCBANK,862,-0.014282694119566841,0.014385179134642745,-0.845207570253073
2024-10-03,HDFCBANK,HDFCBANK,857.825012207031,-0.004855140452702855,0.004866945744829096,-0.2986383571448117
2024-10-04,HDFCBANK,HDFCBANK,837.25,-0.024277418536676088,0.024574514430613346,-1.4246589160560437
2024-10-07,HDFCBANK,HDFCBANK,826.099975585938,-0.01340690965925262,0.013497185260359718,-0.7944333354684425
2024-10-08,HDFCBANK,HDFCBANK,815,-0.01352768877419841,0.01361960194593614,-0.8014355916367455
2024-10-09,HDFCBANK,HDFCBANK,824.75,0.011892196867828275,-0.011821764170960897,0.672300584641916
2024-10-10,HDFCBANK,HDFCBANK,819.5,-0.006385911924806642,0.006406345332519829,-0.38738593562816503
2024-10-11,HDFCBANK,HDFCBANK,832.224975585938,0.015408409433410597,-0.01529030725973921,0.8761555403391891
2024-10-14,HDFCBANK,HDFCBANK,828.025024414062,-0.00505943096643513,0.005072251499703084,-0.31048224679867686
2024-10-15,HDFCBANK,HDFCBANK,847,0.02265731800119486,-0.022402568578439145,1.2964162348726531
2024-10-16,HDFCBANK,HDFCBANK,840.049987792969,-0.008239295307958194,0.008273331715997666,-0.49483717198416893
2024-10-17,HDFCBANK,HDFCBANK,847.474975585938,0.008799912142341881,-0.008761306241326353,0.49302315076673736
2024-10-18,HDFCBANK,HDFCBANK,831.549987792969,-0.01896989705014196,0.0191509687051235,-1.1169515356518804
2024-10-21,HDFCBANK,HDFCBANK,857.5,0.03072976460379806,-0.030262404906158627,1.7644221400473736
2024-10-22,HDFCBANK,HDFCBANK,865.025024414062,0.008737257431774559,-0.00869919852221528,0.489390698800671
2024-10-23,HDFCBANK,HDFCBANK,852.525024414062,-0.014555873593629087,0.014662326198097484,-0.861045346992656
2024-10-24,HDFCBANK,HDFCBANK,869.049987792969,0.019198084084840694,-0.019014974525082926,1.0958646573977222
2024-10-25,HDFCBANK,HDFCBANK,877.5,0.00967630837693978,-0.009629643540776094,0.5438328536061013
2024-10-28,HDFCBANK,HDFCBANK,871,-0.007434978487517618,0.007462686567164179,-0.4482063250887872
2024-10-29,HDFCBANK,HDFCBANK,863.075012207031,-0.009140369260177472,0.009182270000730785,-0.5470775832743218
2024-10-30,HDFCBANK,HDFCBANK,871,0.009140369260177472,-0.00909872306885072,0.5127613973541184
2024-10-31,HDFCBANK,HDFCBANK,864,-0.008069208048447685,0.008101851851851851,-0.484976240625352
2024-11-01,HDFCBANK,HDFCBANK,866.5,0.002889340351605263,-0.0028851702250432777,0.15035349468852535
2024-11-04,HDFCBANK,HDFCBANK,872.5,0.006900544920921625,-0.006876790830945559,0.38290596827173623
2024-11-05,HDFCBANK,HDFCBANK,851.5,-0.024363153973839147,0.024662360540223135,-1.4296294897681454
2024-11-06,HDFCBANK,HDFCBANK,885.75,0.03943524364283846,-0.038667795653401074,2.269128556604097
2024-11-07,HDFCBANK,HDFCBANK,872.150024414062,-0.015473288288475828,0.015593619452197859,-0.9142331246043964
2024-11-08,HDFCBANK,HDFCBANK,876,0.004404635479286156,-0.0043949492990159305,0.23820382095865436
2024-11-11,HDFCBANK,HDFCBANK,877.275024414062,0.0014544490979169211,-0.0014533918994372862,0.06716464091611991
2024-11-12,HDFCBANK,HDFCBANK,886,0.009896410570772396,-0.00984760224146496,0.5565934368005548
2024-11-13,HDFCBANK,HDFCBANK,858.375,-0.031675883664240345,0.03218290374253677,-1.853590259846267
2024-11-14,HDFCBANK,HDFCBANK,836.549987792969,-0.025754790029280272,0.026089310292874358,-1.5103105922718365
2024-11-18,HDFCBANK,HDFCBANK,850,0.01595007257280212,-0.015823543772977674,0.9075588509251598
2024-11-19,HDFCBANK,HDFCBANK,857,0.008201569113417406,-0.008168028004667444,0.4583337827669138
2024-11-21,HDFCBANK,HDFCBANK,874.700012207031,0.020443065783706693,-0.02023552299075725,1.168043367965556
2024-11-22,HDFCBANK,HDFCBANK,871.775024414062,-0.003349593285268071,0.00335520944171912,-0.2113531758899127
2024-11-25,HDFCBANK,HDFCBANK,892.525024414062,0.023523160723675218,-0.0232486478612992,1.3466140902468893
2024-11-26,HDFCBANK,HDFCBANK,905,0.013880391880031873,-0.013784503409876194,0.7875676222771016
2024-11-27,HDFCBANK,HDFCBANK,894.950012207031,-0.011167079267513813,0.011229663842547765,-0.6645775554890154
2024-11-28,HDFCBANK,HDFCBANK,909.5,0.01612713352576467,-0.015997787567860338,0.917824087184041
2024-11-29,HDFCBANK,HDFCBANK,900.650024414062,-0.00977824598145105,0.009826209233376198,-0.5840589455584198
2024-12-02,HDFCBANK,HDFCBANK,901.75,0.0012205678069232562,-0.0012198232170090987,0.05360520464064258
2024-12-03,HDFCBANK,HDFCBANK,911.349975585938,0.010589670098395843,-0.010533796942020878,0.5967856571667831
2024-12-04,HDFCBANK,HDFCBANK,919,0.008359132473642283,-0.008324292071884707,0.4674686320455354
2024-12-05,HDFCBANK,HDFCBANK,930,0.011898463791614411,-0.011827956989247311,0.6726639140615693
2024-12-06,HDFCBANK,HDFCBANK,928.5,-0.0016142053545404877,0.0016155088852988692,-0.11074281086287734
2024-12-09,HDFCBANK,HDFCBANK,926.825012207031,-0.0018056008915037225,0.0018072319703374862,-0.12183910495212946
2024-12-10,HDFCBANK,HDFCBANK,938.849975585938,0.012890916133343033,-0.0128081841525342,0.7302020532898075
2024-12-11,HDFCBANK,HDFCBANK,930.849975585938,-0.00855757504440291,0.008594295761746437,-0.5132896689143278
2024-12-12,HDFCBANK,HDFCBANK,925.5,-0.005763988976645429,0.00578063272386597,-0.3513295048294616
2024-12-13,HDFCBANK,HDFCBANK,931.25,0.006193637680217634,-0.006174496644295302,0.3419225119112175
2024-12-16,HDFCBANK,HDFCBANK,932.549987792969,0.0013949865997391342,-0.0013940140582121604,0.06371725976219483
2024-12-17,HDFCBANK,HDFCBANK,928.174987792969,-0.004702476851266901,0.00471355084713385,-0.2897875749105274
2024-12-18,HDFCBANK,HDFCBANK,914.924987792969,-0.014378198081441695,0.014482061564371915,-0.8507444812201616
2024-12-19,HDFCBANK,HDFCBANK,899.799987792969,-0.016669578520110306,0.016809291181586507,-0.9835889122942624
2024-12-20,HDFCBANK,HDFCBANK,891.099975585938,-0.009715875619684233,0.00976322797148589,-0.5804429789187768
2024-12-23,HDFCBANK,HDFCBANK,891,-1.1219975019649553e-4,1.122060448237427e-4,-0.0236629542786072
2024-12-24,HDFCBANK,HDFCBANK,901.025024414062,0.0111886037963016,-0.011126244157959247,0.6315092696261557
2024-12-26,HDFCBANK,HDFCBANK,899.275024414062,-0.001944120983979225,0.0019460120124432927,-0.12986990706894547
2024-12-27,HDFCBANK,HDFCBANK,897.400024414062,-0.002087189535919798,0.0020893692322152997,-0.13816440939882724
2024-12-30,HDFCBANK,HDFCBANK,896.099975585938,-0.0014497341018344656,0.0014507854743261435,-0.10120747154289272
2024-12-31,HDFCBANK,HDFCBANK,885.150024414062,-0.012294836892253969,0.01237072910789828,-0.7299601159402332
2025-01-01,HDFCBANK,HDFCBANK,886.724975585938,0.0017777231313180764,-0.0017761439174927935,0.08590668580899563
2025-01-02,HDFCBANK,HDFCBANK,888.549987792969,0.0020560340089064155,-0.002053921818809645,0.10204195936330886
2025-01-03,HDFCBANK,HDFCBANK,895.5,0.007791314607419331,-0.007761040990542738,0.4345489823360192
2025-01-06,HDFCBANK,HDFCBANK,870.049987792969,-0.02883155426944306,0.02925120690086939,-1.6886882148333011
2025-01-07,HDFCBANK,HDFCBANK,857.5,-0.014529488191229234,0.014635554277514843,-0.8595156342869401
2025-01-08,HDFCBANK,HDFCBANK,854.125,-0.00394362593915254,0.003951412264012879,-0.2457926467926848
2025-01-09,HDFCBANK,HDFCBANK,842.075012207031,-0.014208454694861317,0.014309874557833797,-0.8409034861421553
2025-01-10,HDFCBANK,HDFCBANK,835.5,-0.007838750370632752,0.007869553808535035,-0.4716152907894648
2025-01-13,HDFCBANK,HDFCBANK,820,-0.01872600777714961,0.018902439024390243,-1.102811879412804
2025-01-14,HDFCBANK,HDFCBANK,819.950012207031,-6.0962581312828945e-5,6.0964439569220766e-5,-0.02069244251406268
2025-01-15,HDFCBANK,HDFCBANK,828.25,0.010071663503019579,-0.010021114147864748,0.5667538517563597
2025-01-16,HDFCBANK,HDFCBANK,826.424987792969,-0.0022058869089427446,0.002208321667408505,-0.1450459750799871
2025-01-17,HDFCBANK,HDFCBANK,821.75,-0.005672941726733605,0.005689063331875847,-0.34605097494796233
2025-01-20,HDFCBANK,HDFCBANK,813,-0.010705102996518612,0.01076260762607626,-0.6377941484848625
2025-01-21,HDFCBANK,HDFCBANK,829.125,0.01963981829791006,-0.019448213478064226,1.1214745165161562
2025-01-22,HDFCBANK,HDFCBANK,821.200012207031,-0.009604227836072177,0.009650496438340317,-0.5739701182605088
2025-01-23,HDFCBANK,HDFCBANK,843.5,0.026793201976374803,-0.026437448480105485,1.536197086798949
2025-01-24,HDFCBANK,HDFCBANK,830,-0.01613420119537956,0.016265060240963854,-0.952550026339914
2025-01-27,HDFCBANK,HDFCBANK,820.549987792969,-0.011450868541651893,0.011516680699062216,-0.6810304430285534
2025-01-28,HDFCBANK,HDFCBANK,823.5,0.0035887173687036977,-0.0035822856187383394,0.1909003809125645
2025-01-29,HDFCBANK,HDFCBANK,837.5,0.016857714081526254,-0.01671641791044776,0.9601800210333674
2025-01-30,HDFCBANK,HDFCBANK,840.5,0.0035756891494491683,-0.003569303985722784,0.19014506051897853
2025-01-31,HDFCBANK,HDFCBANK,843.625,0.0037111302149002157,-0.003704252481849163,0.1979973538266881
2025-02-01,HDFCBANK,HDFCBANK,848.75,0.006056595809335263,-0.006038291605301915,0.3339774107558635
2025-02-03,HDFCBANK,HDFCBANK,835,-0.016332954022050927,0.016467065868263474,-0.9640728645984172
2025-02-04,HDFCBANK,HDFCBANK,844.349975585938,0.011135346812666924,-0.011073578322128245,0.6284216576468038
2025-02-05,HDFCBANK,HDFCBANK,866.5,0.025895037492138506,-0.025562636369373393,1.4841253540103927
2025-02-06,HDFCBANK,HDFCBANK,867.75,0.0014415455862355486,-0.0014405070584845865,0.0664165505338484
2025-02-07,HDFCBANK,HDFCBANK,875,0.008320231615718043,-0.008285714285714285,0.46521332679285526
2025-02-10,HDFCBANK,HDFCBANK,858.650024414062,-0.018862469494665746,0.019041489688531817,-1.1107233457590104
2025-02-11,HDFCBANK,HDFCBANK,851.5,-0.008361916760205368,0.008396975236714087,-0.5019462389843035
2025-02-12,HDFCBANK,HDFCBANK,846.5,-0.005889298529552889,0.005906674542232723,-0.358594416401204
2025-02-13,HDFCBANK,HDFCBANK,849.5,0.003537739538796991,-0.003531489111241907,0.187944904511942
2025-02-14,HDFCBANK,HDFCBANK,850.950012207031,0.0017054456738785362,-0.0017039922277811113,0.081716348163211
2025-02-17,HDFCBANK,HDFCBANK,842.599975585938,-0.009861066215625769,0.009909846739891622,-0.588860508277852
2025-02-18,HDFCBANK,HDFCBANK,856.525024414062,0.016391213829660245,-0.016257608862800057,0.9331343329803488
2025-02-19,HDFCBANK,HDFCBANK,858.5,0.0023031459376303687,-0.0023004957320185843,0.11636845138919796
2025-02-20,HDFCBANK,HDFCBANK,855.5,-0.0035005870052824406,0.0035067212156633548,-0.22010714554615343
2025-02-21,HDFCBANK,HDFCBANK,840.450012207031,-0.017748616128446137,0.017907058807040223,-1.0461468947086447
2025-02-24,HDFCBANK,HDFCBANK,840.549987792969,1.1894775259513324e-4,-1.1894067859124062e-4,-0.01026201134295228
2025-02-25,HDFCBANK,HDFCBANK,835.549987792969,-0.005966248916581485,0.005984082428397918,-0.36305567050512727
2025-02-27,HDFCBANK,HDFCBANK,841.275024414062,0.00682845117989217,-0.0068051902825481915,0.3787262817170746
2025-02-28,HDFCBANK,HDFCBANK,842.5,0.0014550350068089912,-0.0014539769566029137,0.06719860940609455
2025-03-03,HDFCBANK,HDFCBANK,869.900024414062,0.03200462835234408,-0.03149790050013835,1.8383332839650284
2025-03-04,HDFCBANK,HDFCBANK,849,-0.024319104267513048,0.02461722545825918,-1.427075676321425
2025-03-05,HDFCBANK,HDFCBANK,850.974975585938,0.002323535937700072,-0.0023208386175845976,0.11755057632719672
2025-03-06,HDFCBANK,HDFCBANK,843.5,-0.008822820263024944,0.008861856059203265,-0.528667451480846
2025-03-07,HDFCBANK,HDFCBANK,841,-0.0029682420130745513,0.002972651605231867,-0.1892440612536192
2025-03-10,HDFCBANK,HDFCBANK,844.5,0.004153076274906908,-0.0041444641799881585,0.2236194949239105
2025-03-11,HDFCBANK,HDFCBANK,841.200012207031,-0.003915277907861281,0.003922952621352084,-0.2441491492636602
2025-03-12,HDFCBANK,HDFCBANK,845.775024414062,0.005423937312373006,-0.00540925432292176,0.29729857878419164
2025-03-13,HDFCBANK,HDFCBANK,858.025024414062,0.014379869394031353,-0.014276972875430317,0.8165251908509659
2025-03-17,HDFCBANK,HDFCBANK,852.5,-0.006460055888726224,0.006480967054618235,-0.391684485331372
2025-03-18,HDFCBANK,HDFCBANK,855.200012207031,0.0031621648270538927,-0.0031571704495923117,0.1661706901277549
2025-03-19,HDFCBANK,HDFCBANK,867.5,0.014280137836288453,-0.014178660280079513,0.8107431819689307
2025-03-20,HDFCBANK,HDFCBANK,877,0.01089148055116862,-0.010832383124287344,0.6142833355157045
2025-03-21,HDFCBANK,HDFCBANK,877.775024414062,8.833319983176935e-4,-8.829419754559484e-4,0.03405371577567118
2025-03-24,HDFCBANK,HDFCBANK,889.5,0.013269182735388796,-0.013181535228710461,0.7521323319529483
2025-03-25,HDFCBANK,HDFCBANK,902.450012207031,0.014453793430913464,-0.014349838807537365,0.8208109901257189
2025-03-26,HDFCBANK,HDFCBANK,912.5,0.011074784919843594,-0.011013685252568742,0.6249105382966547
2025-03-27,HDFCBANK,HDFCBANK,900,-0.01379332213233564,0.013888888888888888,-0.8168358768711614
2025-03-28,HDFCBANK,HDFCBANK,914.5,0.015982704506609657,-0.015855658829961726,0.9094507107876446
2025-04-01,HDFCBANK,HDFCBANK,901,-0.014872210222582893,0.014983351831298557,-0.879385190866653
2025-04-02,HDFCBANK,HDFCBANK,885.349975585938,-0.017522238131717494,0.017676653126583782,-1.033022467321732
2025-04-03,HDFCBANK,HDFCBANK,890.549987792969,0.005856216200879061,-0.0058391019912516105,0.3223602586518489
2025-04-04,HDFCBANK,HDFCBANK,906.5,0.01775179451740616,-0.017595159632687284,1.0120149781773249
2025-04-07,HDFCBANK,HDFCBANK,881.400024414062,-0.028079450087833635,0.028477393794745967,-1.6450844332751713
2025-04-08,HDFCBANK,HDFCBANK,882.5,0.0012472087003798649,-0.0012464312588532065,0.05514972962430916
2025-04-09,HDFCBANK,HDFCBANK,882.5,0,0,-0.01715809296009843
2025-04-11,HDFCBANK,HDFCBANK,887.375,0.00550887755209839,-0.00549373151148049,0.30222305035212077
2025-04-15,HDFCBANK,HDFCBANK,932.5,0.049601485158421,-0.04839142091152815,2.8585237297094155
2025-04-16,HDFCBANK,HDFCBANK,941.900024414062,0.010029986230814636,-0.009979853668556405,0.5643375818863413
2025-04-17,HDFCBANK,HDFCBANK,941,-9.55998163406413e-4,9.564552753050428e-4,-0.07258277494759872
2025-04-21,HDFCBANK,HDFCBANK,962,0.022071311080327227,-0.02182952182952183,1.2624420616212593
2025-04-22,HDFCBANK,HDFCBANK,967.5,0.005700974238230572,-0.005684754521963824,0.3133599940694647
2025-04-23,HDFCBANK,HDFCBANK,989.450012207031,0.022433820628164014,-0.022184053702794068,1.2834588137191063
2025-04-24,HDFCBANK,HDFCBANK,955,-0.03543790505137068,0.03607331121155081,-2.071696158992466
2025-04-25,HDFCBANK,HDFCBANK,962.400024414062,0.007718849547633688,-0.007689135729778687,0.4303477683091018
2025-04-28,HDFCBANK,HDFCBANK,955.599975585938,-0.0070908001251215325,0.007115999374062935,-0.4282523366680717
2025-04-29,HDFCBANK,HDFCBANK,959.400024414062,0.003968724611939756,-0.003960859632503041,0.2129315745021823
2025-04-30,HDFCBANK,HDFCBANK,956.5,-0.0030273256348749555,0.0030319126127151545,-0.19266947677665763
2025-05-02,HDFCBANK,HDFCBANK,964.900024414062,0.008743705448198469,-0.008705590425456752,0.48976452719640273
2025-05-05,HDFCBANK,HDFCBANK,969.5,0.004755980354200773,-0.004744688587867927,0.2585732931035708
2025-05-06,HDFCBANK,HDFCBANK,965,-0.004652373343720484,0.00466321243523316,-0.2868827879783927
2025-05-07,HDFCBANK,HDFCBANK,967,0.002070394114308094,-0.002068252326783868,0.10287449681545438
2025-05-08,HDFCBANK,HDFCBANK,977.400024414062,0.010697514361337923,-0.01064049944166588,0.6030380059751009
2025-05-09,HDFCBANK,HDFCBANK,955.049987792969,-0.023132327465050118,0.023401954773845827,-1.3582714365389024
2025-05-12,HDFCBANK,HDFCBANK,958.799987792969,0.003918807479075248,-0.003911138973449515,0.210037592776465
2025-05-13,HDFCBANK,HDFCBANK,975,0.016754981169190053,-0.016615397135416432,0.9542240064573216
2025-05-14,HDFCBANK,HDFCBANK,961.049987792969,-0.01441104694647155,0.014515386696031213,-0.8526489178264671
2025-05-15,HDFCBANK,HDFCBANK,956.75,-0.00448429974556408,0.004494369263620567,-0.2771386000867063
2025-05-16,HDFCBANK,HDFCBANK,966.900024414062,0.010552978433521432,-0.010497491113637031,0.5946584314721168
2025-05-19,HDFCBANK,HDFCBANK,968.5,0.0016533801077178722,-0.001652014027814099,0.07869780946986495
2025-05-20,HDFCBANK,HDFCBANK,964.049987792969,-0.004605335023884827,0.004615955877162117,-0.2841557075111371
2025-05-21,HDFCBANK,HDFCBANK,963.5,-5.706599687451686e-4,5.708228261224467e-4,-0.05024251561003723
2025-05-22,HDFCBANK,HDFCBANK,957.599975585938,-0.006142359105710149,0.006161262076528279,-0.373265785546009
2025-05-23,HDFCBANK,HDFCBANK,960.049987792969,0.002555224975219872,-0.0025519631666922724,0.13098291512869614
2025-05-26,HDFCBANK,HDFCBANK,967.5,0.007730071180006348,-0.007700271015019145,0.4309983505272076
2025-05-27,HDFCBANK,HDFCBANK,965.799987792969,-0.0017586641037903306,0.0017602114604659128,-0.1191179108828602
2025-05-28,HDFCBANK,HDFCBANK,960.099975585938,-0.005919340525235128,0.005936894440136165,-0.36033612273564936
2025-05-29,HDFCBANK,HDFCBANK,964,0.004053874335633978,-0.004045668479317474,0.21786819105408095
2025-05-30,HDFCBANK,HDFCBANK,965.950012207031,0.0020207910653491368,-0.002018750641739294,0.09999872433031592
2025-06-02,HDFCBANK,HDFCBANK,965.049987792969,-9.321848567953595e-4,9.326194761375682e-4,-0.07120218134765618
2025-06-03,HDFCBANK,HDFCBANK,969,0.00408471107166708,-0.004076379986616123,0.21965597303275103
2025-06-04,HDFCBANK,HDFCBANK,960.5,-0.008810629682154847,0.008849557522123894,-0.5279606937758534
2025-06-05,HDFCBANK,HDFCBANK,974,0.013957321433923475,-0.013860369609856264,0.7920276685649478
2025-06-06,HDFCBANK,HDFCBANK,972,-0.002055499182096021,0.00205761316872428,-0.13632713831401616
2025-06-09,HDFCBANK,HDFCBANK,997.5,0.025896344303579788,-0.02556390977443609,1.484201117344759
2025-06-10,HDFCBANK,HDFCBANK,991.400024414062,-0.006134038551701693,0.006152890292234123,-0.3727833954352622
2025-06-11,HDFCBANK,HDFCBANK,983.799987792969,-0.007695498259119304,0.007725184707658708,-0.46331014646121926
2025-06-12,HDFCBANK,HDFCBANK,975,-0.008985140955350523,0.009025628505609208,-0.5380781105140382
2025-06-13,HDFCBANK,HDFCBANK,960,-0.015504186535965303,0.015625,-0.9160244727540396
2025-06-16,HDFCBANK,HDFCBANK,962,0.0020811662038244805,-0.002079002079002079,0.10349901646269676
2025-06-17,HDFCBANK,HDFCBANK,968.5,0.006734032181344496,-0.006711409395973154,0.3732522722802512
2025-06-18,HDFCBANK,HDFCBANK,958.5,-0.010378920361351796,0.010432968179447054,-0.6188834753099818
2025-06-19,HDFCBANK,HDFCBANK,966.950012207031,0.008777237946871352,-0.008738830446616525,0.49170859795545974
2025-06-20,HDFCBANK,HDFCBANK,965.799987792969,-0.0011900396324238116,0.001190748010558649,-0.0861514976593188
2025-06-23,HDFCBANK,HDFCBANK,974.200012207031,0.008659873102608628,-0.008622484406494673,0.48490428658880874
2025-06-24,HDFCBANK,HDFCBANK,982.5,0.008483709840660936,-0.008447824725668171,0.4746910946130624
2025-06-25,HDFCBANK,HDFCBANK,983,5.08776403750133e-4,-5.08646998982706e-4,0.01233858544367781
2025-06-26,HDFCBANK,HDFCBANK,990.700012207031,0.007802656153439891,-0.007772294450544446,0.4352065166342301
2025-06-27,HDFCBANK,HDFCBANK,1006.5,0.01582246877923943,-0.01569795111074911,0.9001609290992776
2025-06-30,HDFCBANK,HDFCBANK,1005.75,-7.45434249948218e-4,7.457121551081282e-4,-0.06037518042685565
2025-07-01,HDFCBANK,HDFCBANK,1002.5,-0.0032366516491730835,0.0032418952618453864,-0.2048053032021685
2025-07-02,HDFCBANK,HDFCBANK,1009.95001220703,0.007403956565442016,-0.007376614799726166,0.4120916208957269
2025-07-03,HDFCBANK,HDFCBANK,997.450012207031,-0.012454081313507892,0.012531956335676973,-0.7391924259426214
2025-07-04,HDFCBANK,HDFCBANK,993.549987792969,-0.003917658867110596,0.00392534292383758,-0.24428718709080793
2025-07-07,HDFCBANK,HDFCBANK,994.5,9.557227284791026e-4,-9.552661709713652e-4,0.03825062048913993
2025-07-08,HDFCBANK,HDFCBANK,988.5,-0.0060514556833553,0.006069802731411229,-0.3679955941706959
2025-07-09,HDFCBANK,HDFCBANK,1003.5,0.0150605256257208,-0.014947683109118086,0.8559867260591439
2025-07-10,HDFCBANK,HDFCBANK,1008,0.004474280394921593,-0.004464285714285714,0.2422415350975479
2025-07-11,HDFCBANK,HDFCBANK,999,-0.008968669982760247,0.009009009009009009,-0.5371231940164974
2025-07-14,HDFCBANK,HDFCBANK,991.5,-0.007535830688703449,0.007564296520423601,-0.4540533040813906
2025-07-15,HDFCBANK,HDFCBANK,986.5,-0.005055622497180501,0.00506842372022301,-0.31026144805093675
2025-07-16,HDFCBANK,HDFCBANK,1009,0.022551694890938556,-0.022299306243805748,1.2902926589908754
2025-07-17,HDFCBANK,HDFCBANK,1002,-0.0069617387087985705,0.006986027944111776,-0.42076990811295534
2025-07-18,HDFCBANK,HDFCBANK,993.450012207031,-0.00856953575819741,0.008606359341598351,-0.5139830999101623
2025-07-21,HDFCBANK,HDFCBANK,989.099975585938,-0.004388331823925284,0.004397974652174193,-0.27157479071823787
2025-07-22,HDFCBANK,HDFCBANK,1006.54998779297,0.017488494754555717,-0.01733645861473222,0.9967499848102488
2025-07-23,HDFCBANK,HDFCBANK,1005.5,-0.001043699604536208,0.0010442444485032328,-0.07766732915547415
2025-07-24,HDFCBANK,HDFCBANK,1018.84997558594,0.01318958607186893,-0.013102984645273647,0.747517658063659
2025-07-25,HDFCBANK,HDFCBANK,1007.5,-0.011202501463738024,0.011265484452545906,-0.6666311828244341
2025-07-28,HDFCBANK,HDFCBANK,1001.5,-0.005973138714964854,0.005991013479780329,-0.363455111528152
2025-07-29,HDFCBANK,HDFCBANK,999.950012207031,-0.0015488651661357267,0.001550065277311148,-0.10695466638523304
2025-07-30,HDFCBANK,HDFCBANK,1014,0.013952894211391786,-0.01385600374060057,0.7917709971503883
2025-07-31,HDFCBANK,HDFCBANK,1007.29998779297,-0.0066294333210583645,0.006651456654645617,-0.40150426394825595
2025-08-01,HDFCBANK,HDFCBANK,1007,-2.978581115078427e-4,2.9790247564051694e-4,-0.03442663147793449
2025-08-04,HDFCBANK,HDFCBANK,1005.04998779297,-0.0019383343648522455,0.0019402141492604864,-0.12953442365778417
2025-08-05,HDFCBANK,HDFCBANK,993.25,-0.011810163659002448,0.011880179001228291,-0.7018608362040638
2025-08-06,HDFCBANK,HDFCBANK,985.549987792969,-0.007782546107778288,0.007812908835070208,-0.46835680817492303
2025-08-07,HDFCBANK,HDFCBANK,990.049987792969,0.00455558598716177,-0.0045452250446782515,0.2469552853601215
2025-08-08,HDFCBANK,HDFCBANK,993.549987792969,0.0035289409914565084,-0.0035227215973045864,0.1874348023935589
2025-08-11,HDFCBANK,HDFCBANK,987.950012207031,-0.005652274029801951,0.00566827826989737,-0.34485275033443835
2025-08-12,HDFCBANK,HDFCBANK,995.950012207031,0.008064966242207205,-0.008032531655149994,0.4504141329336432
2025-08-13,HDFCBANK,HDFCBANK,997,0.001053702183885008,-0.0010531472346729965,0.04393104997639912
2025-08-14,HDFCBANK,HDFCBANK,989,-0.008056438339125727,0.008088978766430738,-0.4842359075313379
2025-08-18,HDFCBANK,HDFCBANK,1005,0.01604848887046373,-0.015920398009950248,0.9132646066568452
2025-08-19,HDFCBANK,HDFCBANK,999.150024414062,-0.00583787853104667,0.005854952152324265,-0.35561330495758525
2025-08-20,HDFCBANK,HDFCBANK,993.5,-0.005670879970257836,0.00568698984807453,-0.34593144313150925
2025-08-21,HDFCBANK,HDFCBANK,998.75,0.0052704350886125795,-0.005256570713391739,0.2883991768167458
2025-08-22,HDFCBANK,HDFCBANK,994.950012207031,-0.0038120001718207064,0.0038192750855288887,-0.2381615481410382
2025-08-25,HDFCBANK,HDFCBANK,980.099975585938,-0.015037914543295727,0.01515155289358639,-0.8889920181923543
2025-08-26,HDFCBANK,HDFCBANK,979.5,-6.123449807722281e-4,6.125325022337465e-4,-0.0526592342018343
2025-08-28,HDFCBANK,HDFCBANK,967,-0.012843741931301444,0.012926577042399173,-0.7617832808740665
2025-08-29,HDFCBANK,HDFCBANK,954,-0.013534824005007273,0.013626834381551363,-0.8018492617813671
2025-09-01,HDFCBANK,HDFCBANK,949.599975585938,-0.004622853862667142,0.004633555736295243,-0.2851713748057667
2025-09-02,HDFCBANK,HDFCBANK,951,0.0014732449597705255,-0.0014721602671525188,0.06825434454292181
2025-09-03,HDFCBANK,HDFCBANK,945,-0.006329135051647228,0.006349206349206349,-0.38409425551879867
2025-09-04,HDFCBANK,HDFCBANK,960.200012207031,0.015956681316105836,-0.015830047921050965,0.9079419975775332
2025-09-05,HDFCBANK,HDFCBANK,967.5,0.007573816094088137,-0.007545207021156566,0.42193934939367256
2025-09-08,HDFCBANK,HDFCBANK,969,0.0015491869868293762,-0.0015479876160990713,0.07265713825147986
2025-09-09,HDFCBANK,HDFCBANK,974,0.005146691751768628,-0.00513347022587269,0.28122506774919326
2025-09-10,HDFCBANK,HDFCBANK,973.900024414062,-1.026496070357652e-4,1.026548756871673e-4,-0.02310927785132978
2025-09-11,HDFCBANK,HDFCBANK,960.299987792969,-0.014062931103257625,0.01416227928144585,-0.8324666511197623
2025-09-12,HDFCBANK,HDFCBANK,969.900024414062,0.009947275638986675,-0.00989796512985208,0.5595423757608192
2025-09-15,HDFCBANK,HDFCBANK,969.599975585938,-3.0940843569826626e-4,3.094563074248927e-4,-0.0350962698407809
2025-09-16,HDFCBANK,HDFCBANK,961.200012207031,-0.00870107357343386,0.008739037944474849,-0.5216090994756958
2025-09-17,HDFCBANK,HDFCBANK,965.150024414062,0.004101038407402058,-0.00409264063317934,0.22060256208013693
2025-09-18,HDFCBANK,HDFCBANK,973.299987792969,0.008408791921049819,-0.00837353691680156,0.470347674271323
2025-09-19,HDFCBANK,HDFCBANK,974.900024414062,0.0016425797873091952,-0.0016412314914595757,0.0780716531163307
2025-09-22,HDFCBANK,HDFCBANK,964,-0.011243632067311715,0.011307079267699216,-0.6690157591869348
2025-09-23,HDFCBANK,HDFCBANK,967,0.0031072008427486253,-0.0031023784901758012,0.16298411355524223
2025-09-24,HDFCBANK,HDFCBANK,952.200012207031,-0.01542338587305725,0.0155429401420246,-0.9113399961332124
2025-09-25,HDFCBANK,HDFCBANK,952.5,3.149974206193562e-4,-3.1494781414065864e-4,0.0011041093463363
2025-09-26,HDFCBANK,HDFCBANK,945.099975585938,-0.007799390832098574,0.007829885308667179,-0.4693333931981351
2025-09-29,HDFCBANK,HDFCBANK,946.049987792969,0.001004692705856236,-0.0010041881711211657,0.04108969019340678
2025-09-30,HDFCBANK,HDFCBANK,958.049987792969,0.012604547059555493,-0.012525442464274792,0.7135996000077576
2025-10-01,HDFCBANK,HDFCBANK,952.700012207031,-0.005599884408345801,0.005615593069579338,-0.34181542430203216
2025-10-03,HDFCBANK,HDFCBANK,952,-7.350367344587383e-4,7.353069401586372e-4,-0.05977237697852029
2025-10-06,HDFCBANK,HDFCBANK,971.900024414062,0.020687908837992097,-0.020475382152664673,1.1822383203619349
2025-10-07,HDFCBANK,HDFCBANK,974,0.00215836001317804,-0.0021560324290944093,0.10797438315125692
2025-10-08,HDFCBANK,HDFCBANK,976,0.0020512827705569947,-0.0020491803278688526,0.10176650289840944
2025-10-09,HDFCBANK,HDFCBANK,974.5,-0.0015380674654768,0.0015392508978963571,-0.10632866191353146
2025-10-10,HDFCBANK,HDFCBANK,979,0.004607123582895056,-0.004596527068437181,0.24994321458761584
2025-10-13,HDFCBANK,HDFCBANK,974.299987792969,-0.004812390628242014,0.004823988777499336,-0.2961599052852916
2025-10-14,HDFCBANK,HDFCBANK,970,-0.004423180404839577,0.004432977106153585,-0.27359516229302705
2025-10-15,HDFCBANK,HDFCBANK,975,0.005141399500418586,-0.005128205128205128,0.2809182456659441
2025-10-16,HDFCBANK,HDFCBANK,982.650024414062,0.007815557693272801,-0.007785095633232827,0.43595449269708625
2025-10-17,HDFCBANK,HDFCBANK,993.950012207031,0.01143388717074334,-0.011368768704854435,0.645729749900782
2025-10-20,HDFCBANK,HDFCBANK,997,0.003063854099974783,-0.0030591652888354837,0.16047105492668806
2025-10-21,HDFCBANK,HDFCBANK,1006,0.008986580697846414,-0.008946322067594433,0.5038453947018383
2025-10-23,HDFCBANK,HDFCBANK,1016,0.009891277478742744,-0.00984251968503937,0.5562958420935342
2025-10-24,HDFCBANK,HDFCBANK,1011,-0.0049334091179558115,0.004945598417408506,-0.30317603937816023
2025-10-27,HDFCBANK,HDFCBANK,996.5,-0.014446079367622211,0.014550928248871048,-0.8546799476713186
2025-10-28,HDFCBANK,HDFCBANK,997.650024414062,0.0011533982172604595,-0.0011527333091957527,0.04971099930763682
2025-10-29,HDFCBANK,HDFCBANK,1004.90002441406,0.007240799479816928,-0.007214648048421837,0.40263247135873065
2025-10-30,HDFCBANK,HDFCBANK,1000,-0.004888058367789938,0.004900024414059999,-0.30054679697786724
2025-10-31,HDFCBANK,HDFCBANK,994,-0.006018072325562507,0.006036217303822937,-0.3660601699615976
2025-11-03,HDFCBANK,HDFCBANK,985,-0.009095565484485313,0.009137055837563452,-0.5444800521130446
2025-11-04,HDFCBANK,HDFCBANK,987,0.002028398261392894,-0.002026342451874367,0.10043975699925788
2025-11-06,HDFCBANK,HDFCBANK,981,-0.00609757986811843,0.0061162079510703364,-0.37066967699876624
2025-11-07,HDFCBANK,HDFCBANK,980,-0.0010198879007461414,0.0010204081632653062,-0.07628682848015901
2025-11-10,HDFCBANK,HDFCBANK,982.299987792969,0.002344176589217817,-0.0023414311529582612,0.11874723296330658
2025-11-11,HDFCBANK,HDFCBANK,983.5,0.0012208895752783278,-0.0012201445928124277,0.05362385939278279
2025-11-12,HDFCBANK,HDFCBANK,998.799987792969,0.0154369083548076,-0.015318370023989582,0.8778077858306907
2025-11-13,HDFCBANK,HDFCBANK,984,-0.014928649131667804,0.015040638000984733,-0.8826572772654605
2025-11-14,HDFCBANK,HDFCBANK,976.049987792969,-0.008112094949713544,0.008145087143546288,-0.4874626396113867
2025-11-17,HDFCBANK,HDFCBANK,991.25,0.015452970846517644,-0.015334186337484007,0.8787390203550781
2025-11-18,HDFCBANK,HDFCBANK,997.650024414062,0.006435764921052467,-0.006415099741836718,0.3559600130670422
2025-11-19,HDFCBANK,HDFCBANK,990,-0.007697594741474134,0.0077272973879414595,-0.46343169153551966
2025-11-20,HDFCBANK,HDFCBANK,995.299987792969,0.005339243858706766,-0.005325015430494932,0.2923884148157331
2025-11-21,HDFCBANK,HDFCBANK,1003.09997558594,0.007806272563485983,-0.0077758827462983664,0.43541618061101894
2025-11-24,HDFCBANK,HDFCBANK,1000,-0.0030951805686916245,0.003099975585940001,-0.19660341543056511
2025-11-25,HDFCBANK,HDFCBANK,1004,0.00399202126953746,-0.00398406374501992,0.21428221500354416
2025-11-26,HDFCBANK,HDFCBANK,981.299987792969,-0.022869089478878557,0.02313259195904544,-1.3430100247192622
2025-11-27,HDFCBANK,HDFCBANK,1002.09997558594,0.020974841928588894,-0.02075639986001299,1.1988734729248134
2025-11-28,HDFCBANK,HDFCBANK,1007,0.004877840017178059,-0.004865962675332671,0.26563819482213685
2025-12-01,HDFCBANK,HDFCBANK,1017.5,0.010373024598187008,-0.010319410319410319,0.5842254782745201
2025-12-02,HDFCBANK,HDFCBANK,988,-0.02942121956888144,0.0298582995951417,-1.7228744852169515
2025-12-03,HDFCBANK,HDFCBANK,986,-0.0020263431452329783,0.002028397565922921,-0.13463679608006773
2025-12-04,HDFCBANK,HDFCBANK,1000,0.014098924379501554,-0.014,0.8002372013104796
2025-12-05,HDFCBANK,HDFCBANK,992,-0.008032171697264445,0.008064516129032258,-0.48282903149372214
2025-12-08,HDFCBANK,HDFCBANK,1000,0.008032171697264445,-0.008,0.4485128455735245
2025-12-09,HDFCBANK,HDFCBANK,994.900024414062,-0.005113024847610781,0.005126118665985099,-0.3135893906555733
2025-12-10,HDFCBANK,HDFCBANK,997.5,0.0026098946294927927,-0.0026064918154766466,0.134152427705649
2025-12-11,HDFCBANK,HDFCBANK,990,-0.007547205635383136,0.007575757575757576,-0.45471277480686134
2025-12-12,HDFCBANK,HDFCBANK,1003,0.01304584483330018,-0.01296111665004985,0.7391841562420617
2025-12-15,HDFCBANK,HDFCBANK,992,-0.0110276806770635,0.011088709677419355,-0.6564958218194024
2025-12-16,HDFCBANK,HDFCBANK,990.099975585938,-0.0019171838145819464,0.001919022786499532,-0.12830820527430783
2025-12-17,HDFCBANK,HDFCBANK,996,0.00594133411430775,-0.005923719291226953,0.32729503098068646
2025-12-18,HDFCBANK,HDFCBANK,973.299987792969,-0.02305491069405008,0.02332272936579914,-1.353783143488321
2025-12-19,HDFCBANK,HDFCBANK,987,0.013977692542933795,-0.013880458163151999,0.7932086982800871
2025-12-22,HDFCBANK,HDFCBANK,988,0.00101265831438635,-0.0010121457489878543,0.04155150208437828
2025-12-23,HDFCBANK,HDFCBANK,990.5,0.002527168390737522,-0.002523977788995457,0.12935631443836682
2025-12-24,HDFCBANK,HDFCBANK,993,0.0025207979065671182,-0.0025176233635448137,0.12898698103083903
2025-12-26,HDFCBANK,HDFCBANK,996,0.003016593539425294,-0.0030120481927710845,0.1577310898940597
2025-12-29,HDFCBANK,HDFCBANK,993.099975585938,-0.002915918258975303,0.0029201736837733833,-0.1862105539286308
2025-12-30,HDFCBANK,HDFCBANK,990.200012207031,-0.002924384070456476,0.002928664252834414,-0.1867013654459348
