date,ticker,company,adj_close,simple_ret,log_ret
2020-01-01,INFOSYS,INFOSYS,735,-0.1319047785129677,0.14145386816463024
2020-01-01,LT,LT,1308.4000244140625,-0.4382451954407803,0.5766898151108713
2020-01-01,RELIANCE,RELIANCE,693.978515625,0.8853609945485299,-0.6341193116087709
2020-01-01,TCS,TCS,2168,-0.6798992086600554,1.1391193598446003
2020-01-02,HDFCBANK,HDFCBANK,639.5,2.390148553557467,-1.2208737415406397
2020-01-02,INFOSYS,INFOSYS,738.9000244140625,-0.1345243214640375,0.1444760058167951
2020-01-02,LT,LT,1312,-0.43681400578196455,0.5741453426683414
2020-01-02,RELIANCE,RELIANCE,691.23553466796875,0.8980505691597758,-0.6408273432257339
2020-01-02,TCS,TCS,2179.949951171875,-0.682912199751934,1.148576571063253
2020-01-03,HDFCBANK,HDFCBANK,641.0999755859375,2.4003276153294117,-1.2238717844298623
2020-01-03,INFOSYS,INFOSYS,733.9000244140625,-0.12644780725033428,0.1351873999055231
2020-01-03,LT,LT,1344.949951171875,-0.4543291192548805,0.6057392675017503
2020-01-03,RELIANCE,RELIANCE,700.83599853515625,0.9190651650072279,-0.6518381742432924
2020-01-03,TCS,TCS,2164,-0.6761386328395766,1.1274397338907
2020-01-06,HDFCBANK,HDFCBANK,630,2.4349206349206347,-1.2339938205807934
2020-01-06,INFOSYS,INFOSYS,746.0999755859375,-0.15560914004153434,0.16913978736965074
2020-01-06,LT,LT,1331,-0.43944404538997933,0.5788262116398828
2020-01-06,RELIANCE,RELIANCE,694.89288330078125,0.9154031246912089,-0.6499281094558365
2020-01-06,TCS,TCS,2205,-0.684855835237741,1.154725078941671
2020-01-07,HDFCBANK,HDFCBANK,629.45001220703125,2.503058157499499,-1.253636346275508
2020-01-07,INFOSYS,INFOSYS,738,-0.1470867043265159,0.15909738299503395
2020-01-07,LT,LT,1328,-0.4442771084337349,0.5874855054359065
2020-01-07,RELIANCE,RELIANCE,694.4356689453125,0.9123441657553758,-0.6483298014407453
2020-01-07,TCS,TCS,2200.5,-0.6844191461280107,1.1533403576555123
2020-01-08,HDFCBANK,HDFCBANK,623.4749755859375,2.5294119029107547,-1.2611312573239308
2020-01-08,INFOSYS,INFOSYS,724.95001220703125,-0.13997521885979983,0.15079407487043284
2020-01-08,LT,LT,1302,-0.44320275560135847,0.5855541189708662
2020-01-08,RELIANCE,RELIANCE,692.6070556640625,0.879853792063466,-0.6311940036385932
2020-01-08,TCS,TCS,2205,-0.6858924917623299,1.1580199687510255
2020-01-09,HDFCBANK,HDFCBANK,632.5,2.486166007905138,-1.248802567279271
2020-01-09,INFOSYS,INFOSYS,721.70001220703125,-0.1235970773150587,0.13192933639082582
2020-01-09,LT,LT,1311,-0.449504185959549,0.5969359267711987
2020-01-09,RELIANCE,RELIANCE,703.39617919921875,0.8638145027920221,-0.6226251956418709
2020-01-09,TCS,TCS,2248.75,-0.6872057013010701,1.1622094971429142
2020-01-10,HDFCBANK,HDFCBANK,642.04998779296875,2.5024531465688886,-1.253463622000047
2020-01-10,INFOSYS,INFOSYS,740.45001220703125,-0.13289219095393798,0.14259196270477847
2020-01-10,LT,LT,1319,-0.4386277390394001,0.5773710267478398
2020-01-10,RELIANCE,RELIANCE,709.4764404296875,0.8591174066346171,-0.6201018625463632
2020-01-10,TCS,TCS,2228,-0.6815635366114509,1.1443323108762238
2020-01-13,HDFCBANK,HDFCBANK,641.3499755859375,2.473922327609818,-1.2452843093679915
2020-01-13,INFOSYS,INFOSYS,760,-0.15611845317639803,0.16974314160119341
2020-01-13,LT,LT,1329,-0.42814145974416856,0.5588636254328687
2020-01-13,RELIANCE,RELIANCE,706.34490966796875,0.8815170631366516,-0.6320783999109247
2020-01-13,TCS,TCS,2217.85009765625,-0.6815181916873415,1.144189922358887
2020-01-14,HDFCBANK,HDFCBANK,644.5,2.4411948761152056,-1.2358187587819662
2020-01-14,INFOSYS,INFOSYS,769.95001220703125,-0.16293267123593355,0.17785077114949654
2020-01-14,LT,LT,1329.800048828125,-0.42100317044991603,0.5464582771580133
2020-01-14,RELIANCE,RELIANCE,704.03619384765625,0.8888234162516302,-0.6359541041348251
2020-01-14,TCS,TCS,2195,-0.6792545813905894,1.1371075589573456
2020-01-15,HDFCBANK,HDFCBANK,643.20001220703125,2.4126243133426435,-1.2274815886659223
2020-01-15,INFOSYS,INFOSYS,773.8499755859375,-0.16883112683434764,0.18492228796658772
2020-01-15,LT,LT,1325.5999755859375,-0.4162266220291059,0.5382424228850482
2020-01-15,RELIANCE,RELIANCE,702.13897705078125,0.8879452913352014,-0.6354890902564332
2020-01-15,TCS,TCS,2213,-0.6827207514456479,1.1479729826124974
2020-01-16,HDFCBANK,HDFCBANK,641.0250244140625,2.452283320799874,-1.2390358442448832
2020-01-16,INFOSYS,INFOSYS,770.70001220703125,-0.1682561122863126,0.18423071281666914
2020-01-16,LT,LT,1327.699951171875,-0.41952245194647775,0.54390415550254545
2020-01-16,RELIANCE,RELIANCE,699.00738525390625,0.8994076159719021,-0.6415420564911525
2020-01-16,TCS,TCS,2226.949951171875,-0.6861144612225921,1.1587268857163027
2020-01-17,HDFCBANK,HDFCBANK,640.875,2.474858515579286,-1.245553763246667
2020-01-17,INFOSYS,INFOSYS,770.70001220703125,-0.16845077222102947,0.18446477851897125
2020-01-17,LT,LT,1320.5999755859375,-0.4164016155875824,0.5385422306505365
2020-01-17,RELIANCE,RELIANCE,710.20794677734375,0.8594553631486707,-0.6202836293348097
2020-01-17,TCS,TCS,2240.75,-0.6830490028886115,1.149008100298909
2020-01-20,HDFCBANK,HDFCBANK,652.42498779296875,2.4344944505881614,-1.2338697388860016
2020-01-20,INFOSYS,INFOSYS,771.5999755859375,-0.15445177755801465,0.16777007803927635
2020-01-20,LT,LT,1313.949951171875,-0.4127630394919006,0.5323268600181157
2020-01-20,RELIANCE,RELIANCE,735.5806884765625,0.7862757570391828,-0.5801328697740358
2020-01-20,TCS,TCS,2194.89990234375,-0.6648682303502327,1.0932314822577371
2020-01-21,HDFCBANK,HDFCBANK,625,2.51183984375,-1.2561400721561622
2020-01-21,INFOSYS,INFOSYS,768.45001220703125,-0.1866744875116012,0.20662386520218412
2020-01-21,LT,LT,1304.75,-0.4110365876934039,0.529391215584937
2020-01-21,RELIANCE,RELIANCE,698.82452392578125,0.8670638412491819,-0.624367058537997
2020-01-21,TCS,TCS,2169.949951171875,-0.6779536212121468,1.1330597103069078
2020-01-22,HDFCBANK,HDFCBANK,624.0250244140625,2.4773444433728944,-1.2462689114994543
2020-01-22,INFOSYS,INFOSYS,768.45001220703125,-0.18794324354055528,0.20818504414560657
2020-01-22,LT,LT,1311,-0.4138443842814407,0.5341699688251147
2020-01-22,RELIANCE,RELIANCE,705.8648681640625,0.8572960054094765,-0.6191216694574742
2020-01-22,TCS,TCS,2181,-0.676357236054992,1.1281149518954035
2020-01-23,HDFCBANK,HDFCBANK,620,2.517741935483871,-1.2578192881624917
2020-01-23,INFOSYS,INFOSYS,777.0999755859375,-0.20216185886183213,0.22584953275917208
2020-01-23,LT,LT,1307,-0.40543230636118016,0.5199207028259121
2020-01-23,RELIANCE,RELIANCE,702.43609619140625,0.8606674786311901,-0.6209352828295813
2020-01-23,TCS,TCS,2209.800048828125,-0.6821268528055677,1.1461028839806078
2020-01-24,HDFCBANK,HDFCBANK,623,2.547030575968098,-1.266110795987795
2020-01-24,INFOSYS,INFOSYS,775.75,-0.1969062197873026,0.21928378454103647
2020-01-24,LT,LT,1332,-0.4176051051051051,0.5406065477718451
2020-01-24,RELIANCE,RELIANCE,698.093017578125,0.9080551824183418,-0.6460844942107782
2020-01-24,TCS,TCS,2190.949951171875,-0.6813742745676433,1.1437381395293862
2020-01-27,HDFCBANK,HDFCBANK,617.5,2.548097086918016,-1.2664114279168102
2020-01-27,INFOSYS,INFOSYS,779.04998779296875,-0.20736793572211748,0.23239614449210677
2020-01-27,LT,LT,1340,-0.4186194120947994,0.5423496799507177
2020-01-27,RELIANCE,RELIANCE,692.56134033203125,0.9348466655062936,-0.6600280807094752
2020-01-27,TCS,TCS,2189.699951171875,-0.68371861178451,1.1511229925912119
2020-01-28,HDFCBANK,HDFCBANK,609.4000244140625,2.593206208479019,-1.2790448982126268
2020-01-28,INFOSYS,INFOSYS,781,-0.21971827859915172,0.2481002432256192
2020-01-28,LT,LT,1350.9000244140625,-0.42186691399406123,0.547951184208392
2020-01-28,RELIANCE,RELIANCE,689.68115234375,0.958731248234472,-0.6722969413095168
2020-01-28,TCS,TCS,2174,-0.6827593595474931,1.1480946749425938
2020-01-29,HDFCBANK,HDFCBANK,612.6500244140625,2.5485185886986783,-1.2665302174357658
2020-01-29,INFOSYS,INFOSYS,786.5999755859375,-0.221141566960131,0.249925978714864
2020-01-29,LT,LT,1353.0999755859375,-0.41866825084723436,0.5424336882662866
2020-01-29,RELIANCE,RELIANCE,673.88604736328125,1.0079062044394915,-0.6970924898019852
2020-01-29,TCS,TCS,2185,-0.6915853330145166,1.1763100801051358
2020-01-30,HDFCBANK,HDFCBANK,619.4749755859375,2.5271804126281174,-1.260498801810777
2020-01-30,INFOSYS,INFOSYS,789.70001220703125,-0.2155565834997946,0.24278083624242974
2020-01-30,LT,LT,1365.949951171875,-0.4218675350956071,0.547952258531752
2020-01-30,RELIANCE,RELIANCE,676.1490478515625,1.020190600744212,-0.7031918637658556
2020-01-30,TCS,TCS,2160,-0.6869680334020544,1.1614499639509708
2020-01-31,HDFCBANK,HDFCBANK,615.7249755859375,2.5080597436290386,-1.2550631050459415
2020-01-31,INFOSYS,INFOSYS,780.54998779296875,-0.21116522296423257,0.23719838813139393
2020-01-31,LT,LT,1375.949951171875,-0.4327192009213805,0.5669008613732656
2020-01-31,RELIANCE,RELIANCE,664.2626953125,1.071394285546269,-0.7282219484289838
2020-01-31,TCS,TCS,2139.39990234375,-0.6895098038544414,1.1696029525175256
2020-02-03,HDFCBANK,HDFCBANK,598.5,2.5746030114348373,-1.2738541242274426
2020-02-03,INFOSYS,INFOSYS,782,-0.23465473145780052,0.2674282155472838
2020-02-03,LT,LT,1290,-0.3937984496124031,0.5005427568104066
2020-02-03,RELIANCE,RELIANCE,626.272216796875,1.059807165960227,-0.7226123696627456
2020-02-03,TCS,TCS,2152,-0.7089813118973629,1.234367793588703
2020-02-04,HDFCBANK,HDFCBANK,599,2.5926544240400666,-1.278891323166226
2020-02-04,INFOSYS,INFOSYS,770.0999755859375,-0.22217891314144575,0.25125874672729687
2020-02-04,LT,LT,1296,-0.4057870558750482,0.5205175320694737
2020-02-04,RELIANCE,RELIANCE,640.03289794921875,1.024895914182878,-0.7055182988339395
2020-02-04,TCS,TCS,2129,-0.6993739323864637,1.2018880868151989
2020-02-05,HDFCBANK,HDFCBANK,617.45001220703125,2.448052405716279,-1.2378095515595753
2020-02-05,INFOSYS,INFOSYS,781,-0.20941099589368598,0.23497703650578217
2020-02-05,LT,LT,1297.9000244140625,-0.3982587369527304,0.5079277216644611
2020-02-05,RELIANCE,RELIANCE,655.98797607421875,0.9785423997881595,-0.6823604118831934
2020-02-05,TCS,TCS,2115,-0.6898402004377217,1.1706676318594242
2020-02-06,HDFCBANK,HDFCBANK,622.32501220703125,2.3985457092577773,-1.2233476075472032
2020-02-06,INFOSYS,INFOSYS,784.3499755859375,-0.20657228077028728,0.23139283424258394
2020-02-06,LT,LT,1322.9000244140625,-0.4070980715769954,0.5227262757475319
2020-02-06,RELIANCE,RELIANCE,664.765625,0.9900247164766718,-0.6881470589993048
2020-02-06,TCS,TCS,2145,-0.6900859557109557,1.1714602964381315
2020-02-07,HDFCBANK,HDFCBANK,623,2.4430176565008024,-1.2363483125746644
2020-02-07,INFOSYS,INFOSYS,775.95001220703125,-0.1971132286885288,0.21954158206190488
2020-02-07,LT,LT,1313.050048828125,-0.4090476498595362,0.5260198906463325
2020-02-07,RELIANCE,RELIANCE,663.348388671875,0.9794275093620898,-0.6828076662125593
2020-02-07,TCS,TCS,2139,-0.6898792011819191,1.1707933837992748
2020-02-10,HDFCBANK,HDFCBANK,621.4749755859375,2.441811953865581,-1.2359980634862247
2020-02-10,INFOSYS,INFOSYS,774,-0.1970607550569283,0.21947622799354605
2020-02-10,LT,LT,1300,-0.4046153846153846,0.5185476698599008
2020-02-10,RELIANCE,RELIANCE,652.83355712890625,0.9913192050317758,-0.6887973362053144
2020-02-10,TCS,TCS,2140.89990234375,-0.6950658195583004,1.1876593274937841
2020-02-11,HDFCBANK,HDFCBANK,621.6500244140625,2.443899007905066,-1.236604262066149
2020-02-11,INFOSYS,INFOSYS,779,-0.20198969908336006,0.2256337731987994
2020-02-11,LT,LT,1292,-0.39705882352941174,0.505935638471799
2020-02-11,RELIANCE,RELIANCE,661.70257568359375,0.9525388709047363,-0.6691305108074097
2020-02-11,TCS,TCS,2163,-0.6940811023191892,1.184435252417921
2020-02-12,HDFCBANK,HDFCBANK,622.5999755859375,2.4741408365208666,-1.2453472071586296
2020-02-12,INFOSYS,INFOSYS,775.79998779296875,-0.19747359450579735,0.21999052047667167
2020-02-12,LT,LT,1289.0999755859375,-0.39818477815086245,0.5078048212391151
2020-02-12,RELIANCE,RELIANCE,665.70281982421875,0.936449624663343,-0.6608562060341772
2020-02-12,TCS,TCS,2151.10009765625,-0.6905291294675031,1.1728913091139974
2020-02-13,HDFCBANK,HDFCBANK,629.95001220703125,2.4147155424600535,-1.228094193055619
2020-02-13,INFOSYS,INFOSYS,785,-0.1975159080165207,0.2200432472479914
2020-02-13,LT,LT,1299,-0.39568899153194764,0.5036662988881915
2020-02-13,RELIANCE,RELIANCE,675.57757568359375,0.9227991673429754,-0.6537820239935641
2020-02-13,TCS,TCS,2172.949951171875,-0.6890965779864126,1.1682729551797166
2020-02-14,HDFCBANK,HDFCBANK,621.5999755859375,2.4957368669836124,-1.2515441880794773
2020-02-14,INFOSYS,INFOSYS,794.5,-0.21762117610328824,0.2454162261994961
2020-02-14,LT,LT,1295,-0.3864864864864865,0.4885529881568669
2020-02-14,RELIANCE,RELIANCE,675.3489990234375,0.9175270887683036,-0.6510363812876765
2020-02-14,TCS,TCS,2188,-0.6913395799710066,1.1755135706959106
2020-02-17,HDFCBANK,HDFCBANK,612.5,2.572244897959184,-1.2731942211229903
2020-02-17,INFOSYS,INFOSYS,790.29998779296875,-0.22497784453913744,0.2548636623459748
2020-02-17,LT,LT,1297,-0.3906707881318668,0.49539657955158756
2020-02-17,RELIANCE,RELIANCE,680.720703125,0.9053335590438673,-0.6446570898619957
2020-02-17,TCS,TCS,2196.949951171875,-0.6901519296049977,1.1716731971389907
2020-02-18,HDFCBANK,HDFCBANK,608.45001220703125,2.6107320356570898,-1.2839105317481252
2020-02-18,INFOSYS,INFOSYS,785,-0.22490444304836785,0.2547689579370944
2020-02-18,LT,LT,1281.5,-0.38743659773702693,0.49010282802171723
2020-02-18,RELIANCE,RELIANCE,674.7318115234375,0.8992731306184839,-0.6414712501441882
2020-02-18,TCS,TCS,2199.949951171875,-0.6932967446991148,1.1818745939603676
2020-02-19,HDFCBANK,HDFCBANK,611.25,2.5991001246165646,-1.2806838488312229
2020-02-19,INFOSYS,INFOSYS,800,-0.2359375,0.26910568687884506
2020-02-19,LT,LT,1298,-0.38366718027734975,0.4839681695961078
2020-02-19,RELIANCE,RELIANCE,676.30902099609375,0.9192409973894123,-0.6519297940228865
2020-02-19,TCS,TCS,2215.75,-0.6947719638966067,1.1866961223773593
2020-02-20,HDFCBANK,HDFCBANK,615,2.6028455284552847,-1.2817239578119901
2020-02-20,INFOSYS,INFOSYS,803.25,-0.23436041083099907,0.2670437301894504
2020-02-20,LT,LT,1279.9000244140625,-0.37241191915147637,0.46587124994075424
2020-02-20,RELIANCE,RELIANCE,684.3780517578125,0.8701652122341778,-0.626026775752301
2020-02-20,TCS,TCS,2204.5,-0.6895540704205886,1.1697455326135708
2020-02-24,HDFCBANK,HDFCBANK,604.4749755859375,2.6469665230774946,-1.2938957324801885
2020-02-24,INFOSYS,INFOSYS,800.0999755859375,-0.2445006948747097,0.28037641702451044
2020-02-24,LT,LT,1271.9000244140625,-0.37094114299233016,0.4635304543100789
2020-02-24,RELIANCE,RELIANCE,671.92022705078125,0.8929330792685558,-0.6381275199216638
2020-02-24,TCS,TCS,2156,-0.6883486887519568,1.1658703082981585
2020-02-25,HDFCBANK,HDFCBANK,602,2.5813953488372094,-1.2757524867200667
2020-02-25,INFOSYS,INFOSYS,799,-0.246558197747184,0.2831035004574538
2020-02-25,LT,LT,1262.199951171875,-0.36697826738293116,0.4572505246989289
2020-02-25,RELIANCE,RELIANCE,663.53125,0.9022464294965384,-0.6430355190831367
2020-02-25,TCS,TCS,2115.5,-0.6863477901205389,1.159470518778055
2020-02-26,HDFCBANK,HDFCBANK,598.75,2.533194154488518,-1.262202321434997
2020-02-26,INFOSYS,INFOSYS,793.95001220703125,-0.24585932263469842,0.2821763536220443
2020-02-26,LT,LT,1235,-0.35712549618863865,0.441805746714909
2020-02-26,RELIANCE,RELIANCE,644.60455322265625,0.9159033144052462,-0.6501892160652032
2020-02-26,TCS,TCS,2154,-0.7007406902401782,1.2064448247194592
2020-02-27,HDFCBANK,HDFCBANK,597.5,2.605020920502092,-1.2823275739106679
2020-02-27,INFOSYS,INFOSYS,778,-0.2320051413881748,0.26397224037272515
2020-02-27,LT,LT,1212.3499755859375,-0.3582711134018978,0.44358935950236145
2020-02-27,RELIANCE,RELIANCE,634.546875,0.9105759138533894,-0.6474047221865291
2020-02-27,TCS,TCS,2119.949951171875,-0.700678369954332,1.2062365979553675
2020-02-28,HDFCBANK,HDFCBANK,587.75,2.606890601738622,-1.282846072029412
2020-02-28,INFOSYS,INFOSYS,750,-0.21633333333333332,0.2437715191101768
2020-02-28,LT,LT,1189.6500244140625,-0.369562489296466,0.46134123918913694
2020-02-28,RELIANCE,RELIANCE,619.4146728515625,0.9206035577706634,-0.65263948964669
2020-02-28,TCS,TCS,2068,-0.7004764638048537,1.205562279555517
2020-03-02,HDFCBANK,HDFCBANK,600.0999755859375,2.4460924581455035,-1.2372409683161774
2020-03-02,INFOSYS,INFOSYS,737,-0.18575308604350407,0.20549162487719386
2020-03-02,LT,LT,1205,-0.3883817427385892,0.4916469537354189
2020-03-02,RELIANCE,RELIANCE,619.506103515625,0.945097866125556,-0.6653122925786281
2020-03-02,TCS,TCS,2035,-0.6955743963068182,1.189328544530568
2020-03-03,HDFCBANK,HDFCBANK,587.5,2.4638297872340424,-1.242374851858381
2020-03-03,INFOSYS,INFOSYS,755,-0.22185430463576158,0.25084150323071075
2020-03-03,LT,LT,1166,-0.3524871355060034,0.4346166176614128
2020-03-03,RELIANCE,RELIANCE,607.89410400390625,0.9180972348968652,-0.6513336711600157
2020-03-03,TCS,TCS,2020,-0.6990623247505414,1.2008520946448282
2020-03-04,HDFCBANK,HDFCBANK,589.17498779296875,2.4285230056470275,-1.2321295578399463
2020-03-04,INFOSYS,INFOSYS,753.9000244140625,-0.2184971896626737,0.24653653304604006
2020-03-04,LT,LT,1185,-0.36379744775184597,0.45223828796788723
2020-03-04,RELIANCE,RELIANCE,618.08892822265625,0.91719984923128,-0.6508657096632771
2020-03-04,TCS,TCS,2056,-0.6993730893858676,1.2018852826691013
2020-03-05,HDFCBANK,HDFCBANK,576.5,2.566348655680833,-1.2715422868659418
2020-03-05,INFOSYS,INFOSYS,763.75,-0.24517184942716858,0.2812651707766918
2020-03-05,LT,LT,1180.0999755859375,-0.35280907058676403,0.435113928457767
2020-03-05,RELIANCE,RELIANCE,618.18035888671875,0.9089897610321687,-0.646574181204957
2020-03-05,TCS,TCS,2085.699951171875,-0.7036101196917673,1.2160795281530685
2020-03-06,HDFCBANK,HDFCBANK,562.5,2.7079110243055555,-1.3104686518131086
2020-03-06,INFOSYS,INFOSYS,741,-0.2408906882591093,0.2756094912175113
2020-03-06,LT,LT,1148,-0.35452961672473865,0.43777595158342475
2020-03-06,RELIANCE,RELIANCE,580.60125732421875,0.9772606165042027,-0.6817123597311845
2020-03-06,TCS,TCS,2098,-0.723259648558523,1.2846755718079157
2020-03-09,HDFCBANK,HDFCBANK,555,2.78018018018018,-1.329771675209808
2020-03-09,INFOSYS,INFOSYS,724.5,-0.23395445134575568,0.26651364801430244
2020-03-09,LT,LT,1135.800048828125,-0.36212364073455416,0.44961080867266734
2020-03-09,RELIANCE,RELIANCE,566.90911865234375,1.0034958187445435,-0.6948935641163629
2020-03-09,TCS,TCS,2075,-0.7267907861916416,1.2975174263477571
2020-03-11,HDFCBANK,HDFCBANK,552.5,2.755656108597285,-1.3232629992728908
2020-03-11,INFOSYS,INFOSYS,690.6500244140625,-0.2000289865062511,0.2231797851034596
2020-03-11,LT,LT,1090,-0.36637612439076833,0.4562997567278222
2020-03-11,RELIANCE,RELIANCE,506.5403137207031,1.1518524201827016,-0.7663290619659451
2020-03-11,TCS,TCS,1933,-0.7379512086287102,1.3392245659510866
2020-03-12,HDFCBANK,HDFCBANK,537.5,2.596279069767442,-1.2798997192065134
2020-03-12,INFOSYS,INFOSYS,668,-0.19535928143712575,0.2173594135348278
2020-03-12,LT,LT,1070,-0.37570093457943926,0.47112575391930633
2020-03-12,RELIANCE,RELIANCE,496.0255126953125,1.1571471075868949,-0.7687865651681447
2020-03-12,TCS,TCS,1904,-0.7394823987944787,1.3450848530635033
2020-03-13,HDFCBANK,HDFCBANK,490.0249938964844,2.8855160934958586,-1.3572558175954903
2020-03-13,INFOSYS,INFOSYS,592,-0.17225507787756017,0.18905023712818547
2020-03-13,LT,LT,950,-0.37684210526315787,0.4729553497105812
2020-03-13,RELIANCE,RELIANCE,456.25201416015625,1.0821825888236527,-0.7334166651100267
2020-03-13,TCS,TCS,1687.9000244140625,-0.7296925128497823,1.3081951266744865
2020-03-16,HDFCBANK,HDFCBANK,517.5,2.261642559254227,-1.1822309210195225
2020-03-16,INFOSYS,INFOSYS,622,-0.1680064308681672,0.18393056759965543
2020-03-16,LT,LT,1014.25,-0.38673896968203103,0.4889646093473772
2020-03-16,RELIANCE,RELIANCE,484.8477783203125,1.0918936733374909,-0.7380697195465356
2020-03-16,TCS,TCS,1755,-0.7237334596465456,1.286389153359945
2020-03-17,HDFCBANK,HDFCBANK,504,2.482142857142857,-1.2476478678285972
2020-03-17,INFOSYS,INFOSYS,588.0999755859375,-0.14300285508794106,0.154320691881086
2020-03-17,LT,LT,972,-0.39495887285397374,0.5024588445079843
2020-03-17,RELIANCE,RELIANCE,478.7674560546875,1.0302131811753152,-0.7081408028972671
2020-03-17,TCS,TCS,1730,-0.7232558057487356,1.2846616859286524
2020-03-18,HDFCBANK,HDFCBANK,492.5,2.512690355329949,-1.2563822268796807
2020-03-18,INFOSYS,INFOSYS,568,-0.1329225352112676,0.14262695810900805
2020-03-18,LT,LT,968,-0.4132231404958678,0.533110668555425
2020-03-18,RELIANCE,RELIANCE,468.732666015625,1.0651430339351091,-0.7251994898423693
2020-03-18,TCS,TCS,1676.800048828125,-0.7204600117090819,1.2746099258123413
2020-03-19,HDFCBANK,HDFCBANK,423.5,2.9593861837736126,-1.3760890091544393
2020-03-19,INFOSYS,INFOSYS,509.25,-0.16838487972508592,0.1843855410148061
2020-03-19,LT,LT,873.9000244140625,-0.4172674381815645,0.5400269254634891
2020-03-19,RELIANCE,RELIANCE,420.6387634277344,1.0775546630385582,-0.7311915593332303
2020-03-19,TCS,TCS,1559.699951171875,-0.7303078947257202,1.310474321514505
2020-03-20,HDFCBANK,HDFCBANK,437.5,2.5650284598214284,-1.2711720369540105
2020-03-20,INFOSYS,INFOSYS,549.5,-0.20382165605095542,0.22793206804600707
2020-03-20,LT,LT,849,-0.35276796230859836,0.43505041246767195
2020-03-20,RELIANCE,RELIANCE,429.5077819824219,0.9766812980230154,-0.6814193263493822
2020-03-20,TCS,TCS,1630,-0.7364982932623179,1.3336954338388427
2020-03-23,HDFCBANK,HDFCBANK,397.2999877929687,3.1026933050131023,-1.4116436617052273
2020-03-23,INFOSYS,INFOSYS,540,-0.2642592818648728,0.30687750746273945
2020-03-23,LT,LT,809,-0.33250927070457353,0.40422977750017086
2020-03-23,RELIANCE,RELIANCE,418.8558044433594,0.9314522836209106,-0.6582721985068032
2020-03-23,TCS,TCS,1620,-0.7414470342942227,1.3526547096747414
2020-03-24,HDFCBANK,HDFCBANK,397.625,3.0741905061301478,-1.4046720781571214
2020-03-24,INFOSYS,INFOSYS,522,-0.23826628352490423,0.27215823781333093
2020-03-24,LT,LT,755,-0.3086092715231788,0.3690501613663857
2020-03-24,RELIANCE,RELIANCE,425.1647033691406,0.7757824062466601,-0.5742411180586533
2020-03-24,TCS,TCS,1653.050048828125,-0.7427998603729228,1.3579007437452697
2020-03-25,HDFCBANK,HDFCBANK,385.2250061035156,3.291128619993911,-1.4565497799236962
2020-03-25,INFOSYS,INFOSYS,597,-0.35473198307618825,0.43808951838065724
2020-03-25,LT,LT,697.20001220703125,-0.14371774304742438,0.155155217761914
2020-03-25,RELIANCE,RELIANCE,440.616943359375,0.5823268322171228,-0.4588964423296158
2020-03-25,TCS,TCS,1700,-0.7408135627297794,1.3502076412194066
2020-03-26,HDFCBANK,HDFCBANK,435.0499877929687,2.9075969375937434,-1.3629225910911895
2020-03-26,INFOSYS,INFOSYS,615,-0.2926016458650916,0.3461613288534
2020-03-26,LT,LT,787.75,-0.21929546175817202,0.24755851283086638
2020-03-26,RELIANCE,RELIANCE,500.962890625,0.5724717633619631,-0.4526487529046648
2020-03-26,TCS,TCS,1831.5999755859375,-0.7264889182668068,1.2964131397208574
2020-03-27,HDFCBANK,HDFCBANK,472.4750061035156,2.876607126144252,-1.3549603190542987
2020-03-27,INFOSYS,INFOSYS,665.04998779296875,-0.2895646721662704,0.3418773590449691
2020-03-27,LT,LT,867.9000244140625,-0.23372511915533367,0.2662143213359931
2020-03-27,RELIANCE,RELIANCE,500.59716796875,0.7337293935075588,-0.5502748070723404
2020-03-27,TCS,TCS,1820,-0.7249466110061813,1.2907900583629415
2020-03-30,HDFCBANK,HDFCBANK,440,3.1363636363636362,-1.4198170531585346
2020-03-30,INFOSYS,INFOSYS,625.0999755859375,-0.29611259448927996,0.3511368709692082
2020-03-30,LT,LT,801,-0.21960052985525905,0.24794934918684497
2020-03-30,RELIANCE,RELIANCE,475.7273254394531,0.6837376311316072,-0.5210161026911679
2020-03-30,TCS,TCS,1766,-0.7306187285167309,1.3116275367867134
2020-03-31,HDFCBANK,HDFCBANK,426.8999938964844,3.1368002465425744,-1.4199226016972846
2020-03-31,INFOSYS,INFOSYS,650,-0.34323077862079326,0.42042258342306216
2020-03-31,LT,LT,820,-0.2073170731707317,0.23233197736861566
2020-03-31,RELIANCE,RELIANCE,490.9738159179687,0.6701501656801279,-0.5129135419550801
2020-03-31,TCS,TCS,1837.4000244140625,-0.7327888269324815,1.319716022821435
2020-04-01,HDFCBANK,HDFCBANK,431.9249877929687,3.253979455559467,-1.4478548873257315
2020-04-01,INFOSYS,INFOSYS,634.3499755859375,-0.3191061647097764,0.38434888030094605
2020-04-01,LT,LT,806.8499755859375,-0.2137943920426221,0.24053693302900303
2020-04-01,RELIANCE,RELIANCE,513.054931640625,0.5726385730390064,-0.4527548284691809
2020-04-01,TCS,TCS,1825.9000244140625,-0.7190125829560323,1.2694453898539715
2020-04-03,HDFCBANK,HDFCBANK,421.5,3.331909903710706,-1.4660085310717514
2020-04-03,INFOSYS,INFOSYS,603.5,-0.3015741507870754,0.3589262630956762
2020-04-03,LT,LT,791.0999755859375,-0.23713813851022986,0.27067831062885794
2020-04-03,RELIANCE,RELIANCE,518.63238525390625,0.5253578412744889,-0.42222903254942334
2020-04-03,TCS,TCS,1740,-0.7019354107736171,1.2104450735915542
2020-04-07,HDFCBANK,HDFCBANK,437,2.9816933638443937,-1.381707197112985
2020-04-07,INFOSYS,INFOSYS,615,-0.2894308943089431,0.34168907271092763
2020-04-07,LT,LT,805,-0.2360248447204969,0.26922000961204606
2020-04-07,RELIANCE,RELIANCE,503.8430480957031,0.5977197721443865,-0.46857747035466524
2020-04-07,TCS,TCS,1710,-0.7053549426340917,1.2219838424328069
2020-04-08,HDFCBANK,HDFCBANK,439.9750061035156,2.8865844111101113,-1.3575307285080163
2020-04-08,INFOSYS,INFOSYS,630,-0.3016269744388641,0.35900189839688945
2020-04-08,LT,LT,804,-0.21641791044776118,0.24387944979338805
2020-04-08,RELIANCE,RELIANCE,539.456298828125,0.4903894935447972,-0.39903749086064
2020-04-08,TCS,TCS,1760,-0.6934907393022017,1.1825073097138707
2020-04-09,HDFCBANK,HDFCBANK,456.5,2.855421686746988,-1.3494803879971737
2020-04-09,INFOSYS,INFOSYS,646.79998779296875,-0.29421767375462754,0.3484484087949671
2020-04-09,LT,LT,834.3499755859375,-0.2247857533180346,0.254615840501744
2020-04-09,RELIANCE,RELIANCE,554.99993896484375,0.5033334546705042,-0.40768494555856094
2020-04-09,TCS,TCS,1750.449951171875,-0.6829386989366434,1.148660145051358
2020-04-13,HDFCBANK,HDFCBANK,467,2.748286833344486,-1.3212988911556343
2020-04-13,INFOSYS,INFOSYS,629,-0.2575516693163752,0.2978019990315435
2020-04-13,LT,LT,812.79998779296875,-0.22613187814144642,0.2563538051052836
2020-04-13,RELIANCE,RELIANCE,550.40545654296875,0.4767295239005603,-0.3898298614585354
2020-04-13,TCS,TCS,1761,-0.6874472137745776,1.1629819081490167
2020-04-15,HDFCBANK,HDFCBANK,465.25,2.785061794734014,-1.3310622129738459
2020-04-15,INFOSYS,INFOSYS,651.4000244140625,-0.2857691394493044,0.3365490347991438
2020-04-15,LT,LT,890.95001220703125,-0.2688702895907298,0.3131643925530607
2020-04-15,RELIANCE,RELIANCE,547.2509765625,0.6280464546695576,-0.4873808019825496
2020-04-15,TCS,TCS,1785,-0.6934168198529411,1.1822661733217243
2020-04-16,HDFCBANK,HDFCBANK,432.5,3.1271676300578033,-1.4175913678418048
2020-04-16,INFOSYS,INFOSYS,619.95001220703125,-0.3023631075346001,0.36005652294426405
2020-04-16,LT,LT,875.95001220703125,-0.29225412002105694,0.34567017630139496
2020-04-16,RELIANCE,RELIANCE,525.6727294921875,0.666340981875206,-0.5106301937959214
2020-04-16,TCS,TCS,1709.949951171875,-0.6925800494149377,1.179540548926167
2020-04-17,HDFCBANK,HDFCBANK,457.5,2.7375955216871586,-1.3184424960322634
2020-04-17,INFOSYS,INFOSYS,644,-0.28959627329192544,0.34192184138877835
2020-04-17,LT,LT,930,-0.30752688172043013,0.36748586004294737
2020-04-17,RELIANCE,RELIANCE,555.914306640625,0.6729197088306014,-0.5145704285222354
2020-04-17,TCS,TCS,1800,-0.6911587185329862,1.1749277862591905
2020-04-20,HDFCBANK,HDFCBANK,475.5,2.7854889589905363,-1.3311750618988114
2020-04-20,INFOSYS,INFOSYS,640,-0.25703125,0.2971012943682725
2020-04-20,LT,LT,940.79998779296875,-0.31972788232982247,0.3852623878154846
2020-04-20,RELIANCE,RELIANCE,560.4859619140625,0.6785433565189248,-0.5179263676190518
2020-04-20,TCS,TCS,1830,-0.6937235180797473,1.1832670492853161
2020-04-21,HDFCBANK,HDFCBANK,462.5,2.9567567567567568,-1.3754246888829869
2020-04-21,INFOSYS,INFOSYS,627.79998779296875,-0.2633003998201417,0.30557506801123324
2020-04-21,LT,LT,897,-0.3001114963289089,0.3568342370950832
2020-04-21,RELIANCE,RELIANCE,553.1712646484375,0.6215592843024473,-0.4833882074921645
2020-04-21,TCS,TCS,1765,-0.6865885186127832,1.1602383148007656
2020-04-22,HDFCBANK,HDFCBANK,459.5750122070313,2.840504712220723,-1.3456037934368972
2020-04-22,INFOSYS,INFOSYS,633.20001220703125,-0.2742024583904011,0.3204841713546758
2020-04-22,LT,LT,873,-0.27468498028976945,0.3211492085544263
2020-04-22,RELIANCE,RELIANCE,603.4595947265625,0.44665857934626213,-0.3692564691149336
2020-04-22,TCS,TCS,1737.6500244140625,-0.6527151116462305,1.0576098319732763
2020-04-23,HDFCBANK,HDFCBANK,467.5,2.716898447944519,-1.3128895699692027
2020-04-23,INFOSYS,INFOSYS,647.04998779296875,-0.2774901339622896,0.32502420367326756
2020-04-23,LT,LT,860,-0.24761629326398982,0.28450883684554373
2020-04-23,RELIANCE,RELIANCE,625.1064453125,0.3757656899059379,-0.3190104415126793
2020-04-23,TCS,TCS,1780,-0.6488166037570224,1.046446695551257
2020-04-24,HDFCBANK,HDFCBANK,466.5,2.8156484458735265,-1.3391106229987324
2020-04-24,INFOSYS,INFOSYS,668.54998779296875,-0.3022212122985454,0.35985314951431047
2020-04-24,LT,LT,838,-0.20220765179836664,0.22590693068037382
2020-04-24,RELIANCE,RELIANCE,617.2431640625,0.3576497056436366,-0.3057550471459862
2020-04-24,TCS,TCS,1840.699951171875,-0.6646693212168913,1.0926381331756465
2020-04-27,HDFCBANK,HDFCBANK,472.5750122070313,2.8950429109135363,-1.359704696184628
2020-04-27,INFOSYS,INFOSYS,661.04998779296875,-0.2851145587570377,0.33563297116286606
2020-04-27,LT,LT,861.95001220703125,-0.23307618953407294,0.26536781701311707
2020-04-27,RELIANCE,RELIANCE,655.5765380859375,0.3147969186384167,-0.27368221920799307
2020-04-27,TCS,TCS,1832.300048828125,-0.6422111441271743,1.0278122546395663
2020-04-28,HDFCBANK,HDFCBANK,471.8999938964844,2.882814309232767,-1.3565602281362468
2020-04-28,INFOSYS,INFOSYS,673,-0.29881130178828474,0.35497824384630317
2020-04-28,LT,LT,863.79998779296875,-0.22088445298600623,0.24959591675009296
2020-04-28,RELIANCE,RELIANCE,662.8912353515625,0.303079512485717,-0.26473031891000254
2020-04-28,TCS,TCS,1865,-0.6445623402940683,1.0344054045930973
2020-04-29,HDFCBANK,HDFCBANK,467.5,2.9893048128342246,-1.3836169833491736
2020-04-29,INFOSYS,INFOSYS,666,-0.2980480480480481,0.35389032181164737
2020-04-29,LT,LT,862,-0.2273781902552204,0.2579656001233035
2020-04-29,RELIANCE,RELIANCE,660.5596923828125,0.30495398060172174,-0.26616777624614407
2020-04-29,TCS,TCS,1874,-0.6475135045982857,1.0427429683808187
2020-04-30,HDFCBANK,HDFCBANK,500.7000122070313,2.742760044561636,-1.3198233190825377
2020-04-30,INFOSYS,INFOSYS,700,-0.28471426827566954,0.3350731913275746
2020-04-30,LT,LT,890.20001220703125,-0.21365986250154867,0.2403658352510334
2020-04-30,RELIANCE,RELIANCE,664.697021484375,0.33925680939425895,-0.29211484024930634
2020-04-30,TCS,TCS,1980,-0.66429443359375,1.0915207936434497
2020-05-04,HDFCBANK,HDFCBANK,478.75,3.135770234986945,-1.4196735831937257
2020-05-04,INFOSYS,INFOSYS,689.79998779296875,-0.3059582364856632,0.3652231423114056
2020-05-04,LT,LT,880,-0.21613637750799006,0.24352022466599088
2020-05-04,RELIANCE,RELIANCE,658.319580078125,0.3367367865551978,-0.29023141004392894
2020-05-04,TCS,TCS,1966,-0.6651477212217065,1.0940658032787889
2020-05-05,HDFCBANK,HDFCBANK,469,3.191897654584222,-1.4331535322608326
2020-05-05,INFOSYS,INFOSYS,681.75,-0.3120645397873121,0.37406025327941883
2020-05-05,LT,LT,861,-0.20818815331010454,0.2334314827020325
2020-05-05,RELIANCE,RELIANCE,664.582763671875,0.29554969984912555,-0.25893508373389906
2020-05-05,TCS,TCS,1955.0999755859375,-0.6600773505341068,1.0790371888252404
2020-05-06,HDFCBANK,HDFCBANK,459.5,3.254842166672334,-1.4480576677233303
2020-05-06,INFOSYS,INFOSYS,676.9000244140625,-0.32117006437139384,0.38738464578627774
2020-05-06,LT,LT,838,-0.19224340762045047,0.2134945129000636
2020-05-06,RELIANCE,RELIANCE,669.29156494140625,0.25207016477693617,-0.22479831326170618
2020-05-06,TCS,TCS,1939.800048828125,-0.6549687864242814,1.064120391910797
2020-05-07,HDFCBANK,HDFCBANK,470.25,3.12503997624269,-1.4170757109500336
2020-05-07,INFOSYS,INFOSYS,665.54998779296875,-0.29344150157767007,0.3473492799706195
2020-05-07,LT,LT,833,-0.20102042281756452,0.22441989401508344
2020-05-07,RELIANCE,RELIANCE,665.17706298828125,0.25229814187786476,-0.2249803768191736
2020-05-07,TCS,TCS,1910,-0.6517397575977585,1.0548052556930063
2020-05-08,HDFCBANK,HDFCBANK,471,3.0552016985138004,-1.400000427024258
2020-05-08,INFOSYS,INFOSYS,672.25,-0.2993677947192265,0.3557722011325559
2020-05-08,LT,LT,833,-0.19297719087635054,0.21440334701786945
2020-05-08,RELIANCE,RELIANCE,706.322021484375,0.1793487597192626,-0.16496238758251724
2020-05-08,TCS,TCS,1939.0999755859375,-0.6357474960665987,1.0099079597138374
2020-05-11,HDFCBANK,HDFCBANK,468.5,3.1389540567469316,-1.4204431126196866
2020-05-11,INFOSYS,INFOSYS,682.5,-0.31355311355311355,0.3762264253806382
2020-05-11,LT,LT,821.20001220703125,-0.1688991842977029,0.18500417295053317
2020-05-11,RELIANCE,RELIANCE,722.32281494140625,0.13688782248093018,-0.12829454893444492
2020-05-11,TCS,TCS,1909,-0.62162241228842,0.9718626726505448
2020-05-12,HDFCBANK,HDFCBANK,450.5,3.237513873473918,-1.4439767466773556
2020-05-12,INFOSYS,INFOSYS,678.5,-0.33603537214443624,0.4095264022265317
2020-05-12,LT,LT,817,-0.16952264381884946,0.1857546155850791
2020-05-12,RELIANCE,RELIANCE,715.3739013671875,0.1420601149113627,-0.13283374987584384
2020-05-12,TCS,TCS,1933.4000244140625,-0.6299917801107977,0.9942300576738736
2020-05-13,HDFCBANK,HDFCBANK,475.5,3.0660358031841484,-1.402668520672588
2020-05-13,INFOSYS,INFOSYS,694.79998779296875,-0.3156303852128364,0.37925713481237544
2020-05-13,LT,LT,863.70001220703125,-0.19555403731264126,0.21760148362183518
2020-05-13,RELIANCE,RELIANCE,704.71026611328125,0.2256100893359096,-0.20343875213080675
2020-05-13,TCS,TCS,1994,-0.6465846208057767,1.0401112022329349
2020-05-14,HDFCBANK,HDFCBANK,449,3.4409799554565703,-1.490875062779529
2020-05-14,INFOSYS,INFOSYS,659,-0.3186646433990895,0.3837006467602526
2020-05-14,LT,LT,858.9000244140625,-0.23273957239718715,0.26492899469447373
2020-05-14,RELIANCE,RELIANCE,677.9432373046875,0.26692026286567666,-0.23658896555091236
2020-05-14,TCS,TCS,1910,-0.6450558966991164,1.0357949573946073
2020-05-15,HDFCBANK,HDFCBANK,445.25,3.2897248736664797,-1.4562225988709043
2020-05-15,INFOSYS,INFOSYS,664.79998779296875,-0.3302496868597127,0.4008503030095065
2020-05-15,LT,LT,881.95001220703125,-0.2462157961432038,0.28264915371916377
2020-05-15,RELIANCE,RELIANCE,666.40576171875,0.32344295753440616,-0.28023664204664556
2020-05-15,TCS,TCS,1916,-0.6521890596457464,1.0560962216790095
2020-05-18,HDFCBANK,HDFCBANK,444,3.315315315315315,-1.462170396098581
2020-05-18,INFOSYS,INFOSYS,659.8499755859375,-0.32711977505836193,0.3961879370312005
2020-05-18,LT,LT,869.9000244140625,-0.24146458550752214,0.27636579111543647
2020-05-18,RELIANCE,RELIANCE,678.40478515625,0.28227283098203293,-0.24863415253487453
2020-05-18,TCS,TCS,1907,-0.6442554875950446,1.0335424675564315
2020-05-19,HDFCBANK,HDFCBANK,430.4249877929687,3.4305048593443956,-1.488513541298297
2020-05-19,INFOSYS,INFOSYS,664,-0.3517695966973363,0.43350908517431197
2020-05-19,LT,LT,827.0999755859375,-0.19719499504324559,0.21964342770376
2020-05-19,RELIANCE,RELIANCE,672.4052734375,0.23006170275494778,-0.20706433296753346
2020-05-19,TCS,TCS,1903,-0.6466603923081976,1.040325623083489
2020-05-20,HDFCBANK,HDFCBANK,418.2250061035156,3.550182251725486,-1.5151672874849487
2020-05-20,INFOSYS,INFOSYS,668.5,-0.3743829377658704,0.46901681673079754
2020-05-20,LT,LT,800,-0.164375,0.17957533112592916
2020-05-20,RELIANCE,RELIANCE,650.71478271484375,0.22941728273380263,-0.20654030325254524
2020-05-20,TCS,TCS,1950,-0.6663001114282853,1.0975132271424108
2020-05-21,HDFCBANK,HDFCBANK,430.7250061035156,3.527250501753685,-1.5101148019689923
2020-05-21,INFOSYS,INFOSYS,666.5,-0.3537509285768708,0.4365702900299633
2020-05-21,LT,LT,835.95001220703125,-0.2027035226181267,0.22652867766747686
2020-05-21,RELIANCE,RELIANCE,662.25225830078125,0.2622833697116063,-0.23292227909717056
2020-05-21,TCS,TCS,1946,-0.659685376001654,1.0778847245568803
2020-05-22,HDFCBANK,HDFCBANK,425,3.5788235294117645,-1.5214420938215332
2020-05-22,INFOSYS,INFOSYS,675,-0.37037037037037035,0.46262352194811296
2020-05-22,LT,LT,815,-0.17177914110429449,0.1884754223683327
2020-05-22,RELIANCE,RELIANCE,670.0054931640625,0.2164079374203475,-0.1959022021371286
2020-05-22,TCS,TCS,1977.0999755859375,-0.6611170393821394,1.0821004801286795
2020-05-26,HDFCBANK,HDFCBANK,428.5,3.6140022767466453,-1.5290956531945792
2020-05-26,INFOSYS,INFOSYS,693,-0.38167388167388167,0.48073926115206866
2020-05-26,LT,LT,821.9000244140625,-0.1568317564000027,0.17058876366897024
2020-05-26,RELIANCE,RELIANCE,668.32098388671875,0.22979832180965246,-0.20685018993201787
2020-05-26,TCS,TCS,2015,-0.6683270551430677,1.1036059014539275
2020-05-27,HDFCBANK,HDFCBANK,429.9500122070313,3.6865913310632235,-1.5447055231321318
2020-05-27,INFOSYS,INFOSYS,686.04998779296875,-0.3732963780231441,0.46728154232532315
2020-05-27,LT,LT,831.95001220703125,-0.17537114282505137,0.19282186396033651
2020-05-27,RELIANCE,RELIANCE,660.40625,0.25975490420787395,-0.23091718157188534
2020-05-27,TCS,TCS,1959,-0.6628860387953037,1.0873342419821155
2020-05-28,HDFCBANK,HDFCBANK,460,3.258695652173913,-1.4489629284614
2020-05-28,INFOSYS,INFOSYS,707,-0.3493635077793494,0.42980417641343216
2020-05-28,LT,LT,855,-0.17309941520467836,0.19007080304018675
2020-05-28,RELIANCE,RELIANCE,671.48223876953125,0.2733024801471427,-0.24161390340588174
2020-05-28,TCS,TCS,1988.5,-0.6623172045413471,1.0856482991168672
2020-05-29,HDFCBANK,HDFCBANK,472,3.2129237288135593,-1.4381568790621904
2020-05-29,INFOSYS,INFOSYS,692.5,-0.31841155234657037,0.38332925247593863
2020-05-29,LT,LT,893.20001220703125,-0.22469772667279342,0.254502295571136
2020-05-29,RELIANCE,RELIANCE,677.48175048828125,0.3184119152483081,-0.27642791779023135
2020-05-29,TCS,TCS,1982,-0.6581827696830065,1.0734790990475354
2020-06-01,HDFCBANK,HDFCBANK,487.5,3.0656410256410256,-1.4025714244520318
2020-06-01,INFOSYS,INFOSYS,698.75,-0.3023255813953488,0.3600027340314069
2020-06-01,LT,LT,944.6500244140624,-0.2603080697177631,0.3015214898945766
2020-06-01,RELIANCE,RELIANCE,683.019775390625,0.38304930318277935,-0.3242907014924441
2020-06-01,TCS,TCS,1990,-0.6567739822157663,1.0693661048470968
2020-06-02,HDFCBANK,HDFCBANK,493.3500061035156,3.033647462005817,-1.3946710440437897
2020-06-02,INFOSYS,INFOSYS,700.5,-0.2957173360406629,0.35057549210231365
2020-06-02,LT,LT,935,-0.25080213903743315,0.28875216351162525
2020-06-02,RELIANCE,RELIANCE,704.248779296875,0.3276558334023781,-0.2834148558714782
2020-06-02,TCS,TCS,2060.199951171875,-0.6581648403125692,1.0734266473317113
2020-06-03,HDFCBANK,HDFCBANK,510,3.0396077473958334,-1.3961475950305493
2020-06-03,INFOSYS,INFOSYS,710.70001220703125,-0.28239764845897614,0.33183969129054613
2020-06-03,LT,LT,955.95001220703125,-0.25655107157097445,0.296455206189024
2020-06-03,RELIANCE,RELIANCE,713.01727294921875,0.3407108754223886,-0.2931999773418541
2020-06-03,TCS,TCS,2051.85009765625,-0.6525003099575007,1.0569915059417188
2020-06-04,HDFCBANK,HDFCBANK,514.0250244140625,2.991731920046413,-1.3842252018972756
2020-06-04,INFOSYS,INFOSYS,702,-0.26777062049278844,0.31166145412528046
2020-06-04,LT,LT,961.04998779296875,-0.26954892157885735,0.31409302002556405
2020-06-04,RELIANCE,RELIANCE,712.55572509765625,0.34873660254607625,-0.2991683043034863
2020-06-04,TCS,TCS,2046.75,-0.6518599120079852,1.0551503285086685
2020-06-05,HDFCBANK,HDFCBANK,501.5499877929687,3.080849466284632,-1.4063051692656758
2020-06-05,INFOSYS,INFOSYS,707,-0.2905940766718972,0.34332738690569187
2020-06-05,LT,LT,940,-0.2478723404255319,0.2848492093674766
2020-06-05,RELIANCE,RELIANCE,736.09222412109375,0.2770138974397882,-0.24452445987277294
2020-06-05,TCS,TCS,2091.60009765625,-0.6480721984351002,1.0443292336124328
2020-06-08,HDFCBANK,HDFCBANK,530,2.946415278596698,-1.3728076424575422
2020-06-08,INFOSYS,INFOSYS,707.6500244140625,-0.2510422077087576,0.28907264913387376
2020-06-08,LT,LT,979.5,-0.2775395360754849,0.32509258170455446
2020-06-08,RELIANCE,RELIANCE,746.891357421875,0.3114357131953504,-0.27112250135391935
2020-06-08,TCS,TCS,2078.25,-0.6406152496466377,1.0233617363805214
2020-06-09,HDFCBANK,HDFCBANK,510,3.075,-1.4048707466928265
2020-06-09,INFOSYS,INFOSYS,720,-0.2916666666666667,0.34484048629173003
2020-06-09,LT,LT,964.5,-0.2534992223950233,0.2923586203356825
2020-06-09,RELIANCE,RELIANCE,720.07818603515625,0.33943788147598514,-0.29225003451584186
2020-06-09,TCS,TCS,2063.10009765625,-0.6509727342589006,1.0526052344986718
2020-06-10,HDFCBANK,HDFCBANK,495,3.1678789851641413,-1.4274072697599234
2020-06-10,INFOSYS,INFOSYS,715,-0.3076923076923077,0.3677247801253172
2020-06-10,LT,LT,957,-0.25287356321839083,0.2915208487589469
2020-06-10,RELIANCE,RELIANCE,712.140380859375,0.34383616730895217,-0.2955283353469351
2020-06-10,TCS,TCS,2077.050048828125,-0.6571385551055133,1.0704288641712143
2020-06-11,HDFCBANK,HDFCBANK,492.5,3.2173605052347716,-1.43920945966509
2020-06-11,INFOSYS,INFOSYS,712,-0.3082865168539326,0.36858345079983224
2020-06-11,LT,LT,944,-0.2457627118644068,0.2820482547335246
2020-06-11,RELIANCE,RELIANCE,722.708740234375,0.30619701609511474,-0.26711987406726934
2020-06-11,TCS,TCS,2100,-0.6558529808407738,1.0666863316332833
2020-06-12,HDFCBANK,HDFCBANK,464,3.5258620689655173,-1.509808071485259
2020-06-12,INFOSYS,INFOSYS,675.79998779296875,-0.31340632083268644,0.37601260399085135
2020-06-12,LT,LT,890,-0.24067417101913624,0.2753243065090789
2020-06-12,RELIANCE,RELIANCE,692.249755859375,0.28566314753716776,-0.2512746533521355
2020-06-12,TCS,TCS,2011.199951171875,-0.6558026190006525,1.0665400041838273
2020-06-15,HDFCBANK,HDFCBANK,484,3.1553717999418907,-1.4244019068412452
2020-06-15,INFOSYS,INFOSYS,693,-0.30158730158730157,0.3589450924732711
2020-06-15,LT,LT,921.79998779296875,-0.24821001391069228,0.2852982678539018
2020-06-15,RELIANCE,RELIANCE,722.24725341796875,0.27629421009306027,-0.24396073051816458
2020-06-15,TCS,TCS,2039.0999755859375,-0.6458009601954753,1.037896264522102
2020-06-16,HDFCBANK,HDFCBANK,487.5,3.1827691806891028,-1.4309735106098405
2020-06-16,INFOSYS,INFOSYS,702,-0.3055555555555556,0.3646431135879089
2020-06-16,LT,LT,920,-0.23695652173913043,0.27044026601727555
2020-06-16,RELIANCE,RELIANCE,758.2442626953125,0.21332932573693114,-0.19336809001101773
2020-06-16,TCS,TCS,2065,-0.6328114950628027,1.0018799253630641
2020-06-17,HDFCBANK,HDFCBANK,494.5,3.1759352881698684,-1.4293383543323657
2020-06-17,INFOSYS,INFOSYS,699.9000244140625,-0.2934705204304256,0.34739035151494146
2020-06-17,LT,LT,892.70001220703125,-0.21597399479844007,0.2433130892818891
2020-06-17,RELIANCE,RELIANCE,742.2070922851564,0.20276405532386832,-0.18462228751864274
2020-06-17,TCS,TCS,2046,-0.6372399353444984,1.0140136421706165
2020-06-18,HDFCBANK,HDFCBANK,490,3.1755102040816325,-1.4292365554068995
2020-06-18,INFOSYS,INFOSYS,708.20001220703125,-0.3081050669951752,0.36832116580983154
2020-06-18,LT,LT,876,-0.19155249748055794,0.2126395340218883
2020-06-18,RELIANCE,RELIANCE,741.6302490234375,0.1811815944043513,-0.16651528865003407
2020-06-18,TCS,TCS,2045,-0.6373446215044315,1.014302266190544
2020-06-19,HDFCBANK,HDFCBANK,508.9750061035156,3.0178790224997547,-1.3907541570543822
2020-06-19,INFOSYS,INFOSYS,709,-0.28212269943086654,0.3314566151096079
2020-06-19,LT,LT,902,-0.2139689578713969,0.24075899353049657
2020-06-19,RELIANCE,RELIANCE,770.7047119140625,0.1703574482629835,-0.15730921348646287
2020-06-19,TCS,TCS,2042,-0.6225735984749938,0.9743796921484495
2020-06-22,HDFCBANK,HDFCBANK,519.7249755859375,2.9290010985095547,-1.368385220166397
2020-06-22,INFOSYS,INFOSYS,707.0999755859375,-0.26499081667303404,0.3078722855249518
2020-06-22,LT,LT,905,-0.2186740601260359,0.24676287961676024
2020-06-22,RELIANCE,RELIANCE,818.423828125,0.10578403132927479,-0.10055461398660093
2020-06-22,TCS,TCS,2050,-0.6007688643292682,0.9182147424191287
2020-06-23,HDFCBANK,HDFCBANK,519.5,2.946102021174206,-1.3727282615931715
2020-06-23,INFOSYS,INFOSYS,695.70001220703125,-0.2532701007838942,0.2920517399367144
2020-06-23,LT,LT,910,-0.23549449208018544,0.2685260490348993
2020-06-23,RELIANCE,RELIANCE,807.62469482421875,0.1267609891473953,-0.11934713550080822
2020-06-23,TCS,TCS,2027,-0.6015665047734491,0.9202146824419124
2020-06-24,HDFCBANK,HDFCBANK,524.25,2.866475917978064,-1.3523434766699705
2020-06-24,INFOSYS,INFOSYS,716.9000244140625,-0.2687264860557362,0.312967725131843
2020-06-24,LT,LT,979,-0.2677221405372191,0.3115952476166379
2020-06-24,RELIANCE,RELIANCE,801.1175537109375,0.22204287681012014,-0.20052394753984526
2020-06-24,TCS,TCS,2034,-0.6061368959139933,0.9317518816178403
2020-06-25,HDFCBANK,HDFCBANK,510.9500122070313,2.980819945994728,-1.381487814659435
2020-06-25,INFOSYS,INFOSYS,704.8499755859375,-0.275093949202053,0.32171321763061833
2020-06-25,LT,LT,949.9000244140624,-0.2579745684071141,0.2983717620181663
2020-06-25,RELIANCE,RELIANCE,797.01019287109375,0.1918292048338918,-0.17548927384162294
2020-06-25,TCS,TCS,2035,-0.6083487995719441,0.937383630120463
2020-06-26,HDFCBANK,HDFCBANK,520.5,2.909702209414025,-1.3634612098216712
2020-06-26,INFOSYS,INFOSYS,710.20001220703125,-0.2671078695387738,0.3107567496421231
2020-06-26,LT,LT,955,-0.25633506575179976,0.2961647027835834
2020-06-26,RELIANCE,RELIANCE,797.8409423828125,0.19698043716310176,-0.1798020832201468
2020-06-26,TCS,TCS,2025,-0.6060044728973766,0.9314157222800556
2020-06-29,HDFCBANK,HDFCBANK,518.5,2.90549662487946,-1.3623849518710571
2020-06-29,INFOSYS,INFOSYS,735.4000244140625,-0.29494155182668075,0.3494745743959333
2020-06-29,LT,LT,950,-0.2258947111430921,0.2560473825290712
2020-06-29,RELIANCE,RELIANCE,797.49481201171875,0.19123031986073943,-0.17498665527120583
2020-06-29,TCS,TCS,2108,-0.6216817779830556,0.9720195803378724
2020-06-30,HDFCBANK,HDFCBANK,537,2.925512104283054,-1.3674968151523883
2020-06-30,INFOSYS,INFOSYS,732.79998779296875,-0.26719431093697876,0.3108747021929892
2020-06-30,LT,LT,948.70001220703125,-0.22757459854121667,0.2582198425640909
2020-06-30,RELIANCE,RELIANCE,801.625244140625,0.18347072917355092,-0.16845141723981527
2020-06-30,TCS,TCS,2100,-0.618273693266369,0.9630514016853846
2020-07-01,HDFCBANK,HDFCBANK,532.92498779296875,2.9405170485565786,-1.3713119452979772
2020-07-01,INFOSYS,INFOSYS,737.25,-0.2771448114032299,0.32454636928184843
2020-07-01,LT,LT,941,-0.21652497343251859,0.24401609188999362
2020-07-01,RELIANCE,RELIANCE,793.77972412109375,0.18546741798162547,-0.17013714236801203
2020-07-01,TCS,TCS,2079.699951171875,-0.6183200736847579,0.9631729108280611
2020-07-02,HDFCBANK,HDFCBANK,545.1500244140625,2.814913066191597,-1.3389178771089192
2020-07-02,INFOSYS,INFOSYS,737.3499755859375,-0.2606631281422946,0.3020016136498924
2020-07-02,LT,LT,936,-0.21223293206630608,0.23855283189119003
2020-07-02,RELIANCE,RELIANCE,804.39422607421875,0.1636085512051381,-0.15152599653347565
2020-07-02,TCS,TCS,2102,-0.6173195879761091,0.9605550714927809
2020-07-03,HDFCBANK,HDFCBANK,546.5,2.846294602012809,-1.3471102438203033
2020-07-03,INFOSYS,INFOSYS,755,-0.276158940397351,0.3231834416324313
2020-07-03,LT,LT,948,-0.20358649789029537,0.22763675300599662
2020-07-03,RELIANCE,RELIANCE,821.37738037109375,0.15415888318192894,-0.14337183900911565
2020-07-03,TCS,TCS,2163.64990234375,-0.6203741744533874,0.9685691809814791
2020-07-06,HDFCBANK,HDFCBANK,553.9749755859375,2.9056816601783586,-1.3624323289228109
2020-07-06,INFOSYS,INFOSYS,765.20001220703125,-0.2760389875215332,0.32301773821425694
2020-07-06,LT,LT,953.0999755859376,-0.1971461212800798,0.21958255080932254
2020-07-06,RELIANCE,RELIANCE,833.0072021484375,0.14416774924366166,-0.13467751616214763
2020-07-06,TCS,TCS,2205,-0.6222189559417517,0.9734404997149406
2020-07-07,HDFCBANK,HDFCBANK,554.70001220703125,2.975121599919896,-1.3800553388132117
2020-07-07,INFOSYS,INFOSYS,769.4000244140625,-0.27904861631702743,0.3271835729817596
2020-07-07,LT,LT,955,-0.19434552417375656,0.216100318431236
2020-07-07,RELIANCE,RELIANCE,858.3897094726564,0.11254828600717413,-0.10665313726888481
2020-07-07,TCS,TCS,2275,-0.6226858419900412,0.9746771281732052
2020-07-08,HDFCBANK,HDFCBANK,553.5,3.110207768744354,-1.413473579236359
2020-07-08,INFOSYS,INFOSYS,784.9000244140625,-0.29481464800157886,0.3492946000887551
2020-07-08,LT,LT,944.95001220703125,-0.16937402584836733,0.18557567672177644
2020-07-08,RELIANCE,RELIANCE,841.7987670898436,0.122536702534964,-0.11559103723555797
2020-07-08,TCS,TCS,2270,-0.6291635387269411,0.9919941187517827
2020-07-09,HDFCBANK,HDFCBANK,559,3.0608228980322005,-1.4013856373203488
2020-07-09,INFOSYS,INFOSYS,780,-0.2833333333333333,0.3331444465285385
2020-07-09,LT,LT,945,-0.1746031746031746,0.19189100781010549
2020-07-09,RELIANCE,RELIANCE,834.85321044921875,0.13193551653411423,-0.12392901396599143
2020-07-09,TCS,TCS,2229,-0.6254584071560256,0.9820524198581175
2020-07-10,HDFCBANK,HDFCBANK,558.95001220703125,2.9878342451388904,-1.383248287830316
2020-07-10,INFOSYS,INFOSYS,773.5,-0.27737554982930673,0.3248656244575674
2020-07-10,LT,LT,940,-0.17712765957446808,0.1949542052509292
2020-07-10,RELIANCE,RELIANCE,843.8524780273436,0.11393878014960437,-0.10790218501260984
2020-07-10,TCS,TCS,2205.25,-0.6173438485308497,0.9606184698874367
2020-07-13,HDFCBANK,HDFCBANK,554.95001220703125,2.973781334339899,-1.3797181185442557
2020-07-13,INFOSYS,INFOSYS,788,-0.2957487154733106,0.35062004826325843
2020-07-13,LT,LT,940,-0.16170212765957448,0.17638178540617044
2020-07-13,RELIANCE,RELIANCE,878.39569091796875,0.07013275420061724,-0.06778271012422099
2020-07-13,TCS,TCS,2220,-0.6043262653522663,0.9271653097264965
2020-07-14,HDFCBANK,HDFCBANK,531.29998779296875,3.1784303613894784,-1.4299356643852068
2020-07-14,INFOSYS,INFOSYS,792.95001220703125,-0.3299703895404548,0.4004333728579441
2020-07-14,LT,LT,928,-0.1455280040872508,0.15727154944713817
2020-07-14,RELIANCE,RELIANCE,892.54071044921875,0.03972848424239884,-0.038959606223986754
2020-07-14,TCS,TCS,2210,-0.5961354251361001,0.9066756679495844
2020-07-15,HDFCBANK,HDFCBANK,535.0999755859375,3.1300693343894053,-1.418294194819774
2020-07-15,INFOSYS,INFOSYS,799,-0.33028789038055384,0.40090734607425027
2020-07-15,LT,LT,918.04998779296875,-0.12967702126892894,0.13889089630522555
2020-07-15,RELIANCE,RELIANCE,894.36358642578125,0.026484085137955374,-0.02613945335077439
2020-07-15,TCS,TCS,2185,-0.5906802808119994,0.8932587188089647
2020-07-16,HDFCBANK,HDFCBANK,526.82501220703125,3.1474872099302313,-1.422502659275473
2020-07-16,INFOSYS,INFOSYS,900.0999755859375,-0.41470389234919786,0.535637392885099
2020-07-16,LT,LT,913,-0.014129270990210843,0.0142300394556516
2020-07-16,RELIANCE,RELIANCE,852.39019775390625,0.07110570065892806,-0.06869148002143888
2020-07-16,TCS,TCS,2244,-0.6201469706979027,0.9679708660690576
2020-07-17,HDFCBANK,HDFCBANK,529.5250244140625,3.2377600614495274,-1.4440348422569356
2020-07-17,INFOSYS,INFOSYS,911,-0.41874311260805436,0.542562472874307
2020-07-17,LT,LT,922.0999755859376,-0.012037713783566977,0.012110753808548758
2020-07-17,RELIANCE,RELIANCE,851.46722412109375,0.08295416366467047,-0.07969264363719741
2020-07-17,TCS,TCS,2237,-0.6193709324447503,0.9659299540588204
2020-07-20,HDFCBANK,HDFCBANK,567.5,2.941850220264317,-1.371650212134572
2020-07-20,INFOSYS,INFOSYS,908.5,-0.37534397358282884,0.47055413848066774
2020-07-20,LT,LT,929,-0.022066738428417654,0.022313850977612404
2020-07-20,RELIANCE,RELIANCE,885.0643920898436,0.04964114283980416,-0.048448337029195265
2020-07-20,TCS,TCS,2201,-0.5978807850568634,0.9110066797418188
2020-07-21,HDFCBANK,HDFCBANK,576.0250244140625,2.8210145509544065,-1.3405159766109813
2020-07-21,INFOSYS,INFOSYS,945,-0.3904497096147487,0.49503382257826267
2020-07-21,LT,LT,927,0.019417475728155338,-0.019231361927888102
2020-07-21,RELIANCE,RELIANCE,894.84820556640625,0.035929886469675425,-0.035299464394266344
2020-07-21,TCS,TCS,2230,-0.5987227777729119,0.9131027632825761
2020-07-22,HDFCBANK,HDFCBANK,569.25,2.9174352217830477,-1.365437159510316
2020-07-22,INFOSYS,INFOSYS,938.95001220703125,-0.39373769359461414,0.5004425377110922
2020-07-22,LT,LT,939.20001220703125,-2.661839829117161e-4,2.6621941615623257e-4
2020-07-22,RELIANCE,RELIANCE,915.1541748046876,0.02627517642857883,-0.025935913935306587
2020-07-22,TCS,TCS,2231,-0.5898009077522691,0.891112646296742
2020-07-23,HDFCBANK,HDFCBANK,562.5,2.966222222222222,-1.3778140603539573
2020-07-23,INFOSYS,INFOSYS,915.6500244140624,-0.3856823185693116,0.48724308817147666
2020-07-23,LT,LT,912,0.004002219752261388,-0.003994232175720924
2020-07-23,RELIANCE,RELIANCE,924.82257080078125,-0.01386489820385601,0.013961913688670613
2020-07-23,TCS,TCS,2190.949951171875,-0.5778896864777213,0.8624885926559411
2020-07-24,HDFCBANK,HDFCBANK,561.45001220703125,2.902306355928933,-1.3615677516584217
2020-07-24,INFOSYS,INFOSYS,903.25,-0.37841127904009825,0.47547662526722867
2020-07-24,LT,LT,914.4000244140624,-0.012193814650439451,0.012268769152393944
2020-07-24,RELIANCE,RELIANCE,949.7666625976564,-0.03723718632833939,0.037948196927066746
2020-07-24,TCS,TCS,2154.5,-0.5591707298223921,0.819097620948682
2020-07-27,HDFCBANK,HDFCBANK,549.92498779296875,2.9178070606442574,-1.3655320739617345
2020-07-27,INFOSYS,INFOSYS,921.54998779296875,-0.4032608159325239,0.5162751386572788
2020-07-27,LT,LT,908,0.014922894045119768,-0.014812643150142968
2020-07-27,RELIANCE,RELIANCE,1005.515869140625,-0.0969809349940623,0.10201161282464088
2020-07-27,TCS,TCS,2165,-0.5355584900043302,0.7669196490106556
2020-07-28,HDFCBANK,HDFCBANK,539.5,3.0129749768303986,-1.389532855738401
2020-07-28,INFOSYS,INFOSYS,946,-0.4297040169133192,0.5615997843536888
2020-07-28,LT,LT,908.79998779296875,0.040933112573396824,-0.040117534517023934
2020-07-28,RELIANCE,RELIANCE,995.0859375,-0.08671205818043354,0.0907040682408553
2020-07-28,TCS,TCS,2215,-0.550751269751693,0.8001785797035268
2020-07-29,HDFCBANK,HDFCBANK,540.5,3.098057354301573,-1.4105130453999735
2020-07-29,INFOSYS,INFOSYS,953.25,-0.4329923944400734,0.5673825616584107
2020-07-29,LT,LT,919.5999755859376,0.036592024040259186,-0.035938432397214726
2020-07-29,RELIANCE,RELIANCE,1005.1005249023438,-0.08506666467487262,0.08890407392902411
2020-07-29,TCS,TCS,2292,-0.5614744655748937,0.824337237565147
2020-07-30,HDFCBANK,HDFCBANK,537,3.2681564245810057,-1.4511819833257649
2020-07-30,INFOSYS,INFOSYS,962,-0.4417879417879418,0.5830163561568416
2020-07-30,LT,LT,929,0.03552206673842842,-0.034905711851868304
2020-07-30,RELIANCE,RELIANCE,968.68817138671875,-0.04097104987862443,0.0418340167322615
2020-07-30,TCS,TCS,2285.89990234375,-0.5762333379543366,0.8585723005987633
2020-07-31,HDFCBANK,HDFCBANK,528.8499755859375,3.322397670173087,-1.4638102645352395
2020-07-31,INFOSYS,INFOSYS,969.25,-0.45437196225335313,0.605817784941415
2020-07-31,LT,LT,913.9000244140624,0.06056458486410993,-0.05880139355873215
2020-07-31,RELIANCE,RELIANCE,975.8414306640624,-0.06347486825584842,0.06557892163943269
2020-07-31,TCS,TCS,2303.14990234375,-0.5763013820025267,0.8587328831027055
2020-08-03,HDFCBANK,HDFCBANK,512.9749755859375,3.489789974087944,-1.5018059242877184
2020-08-03,INFOSYS,INFOSYS,960,-0.46565106709798176,0.6267062210151559
2020-08-03,LT,LT,913,0.05147864184008762,-0.05019740386691396
2020-08-03,RELIANCE,RELIANCE,946.67462158203125,-0.03557148445128491,0.03621956493647893
2020-08-03,TCS,TCS,2290.449951171875,-0.5866861788018205,0.8835481169440369
2020-08-04,HDFCBANK,HDFCBANK,504,3.5445435539124506,-1.513927294404115
2020-08-04,INFOSYS,INFOSYS,960.45001220703125,-0.4752459851170687,0.6448256692712517
2020-08-04,LT,LT,918,0.04624184336277914,-0.04520454672212981
2020-08-04,RELIANCE,RELIANCE,932.506591796875,-0.015556556837761127,0.015678829823567497
2020-08-04,TCS,TCS,2259.949951171875,-0.5873773260716093,0.8852217260778881
2020-08-05,HDFCBANK,HDFCBANK,523.9749755859375,3.313087564238493,-1.4616540198566694
2020-08-05,INFOSYS,INFOSYS,952,-0.4496061180819984,0.5971211081260881
2020-08-05,LT,LT,923.95001220703125,0.0303587720356927,-0.029907063956143176
2020-08-05,RELIANCE,RELIANCE,1000.9931640625,-0.07696671128381286,0.08008997934828876
2020-08-05,TCS,TCS,2260,-0.5570826707688054,0.8143721420828207
2020-08-06,HDFCBANK,HDFCBANK,518.5,3.3587270973963355,-1.472180064596749
2020-08-06,INFOSYS,INFOSYS,953.5,-0.4562139486103828,0.609199397370892
2020-08-06,LT,LT,926.04998779296875,0.029642041540815914,-0.029211209353491085
2020-08-06,RELIANCE,RELIANCE,995.4551391601564,-0.06972202828320644,0.07227184317571123
2020-08-06,TCS,TCS,2275,-0.5624373014680631,0.8265352725223565
2020-08-07,HDFCBANK,HDFCBANK,517.42498779296875,3.396772582831406,-1.4808707678766542
2020-08-07,INFOSYS,INFOSYS,969.45001220703125,-0.4662695535842957,0.6278643494603253
2020-08-07,LT,LT,922.54998779296875,0.05083738012534387,-0.04958735121266766
2020-08-07,RELIANCE,RELIANCE,982.90234375,-0.06140218948585781,0.06336820833907009
2020-08-07,TCS,TCS,2308,-0.5741324333838822,0.8536268575328663
2020-08-10,HDFCBANK,HDFCBANK,522,3.421455938697318,-1.4864690397453515
2020-08-10,INFOSYS,INFOSYS,948.9000244140624,-0.4498893597117035,0.5976358568258773
2020-08-10,LT,LT,925,0.025837864231418796,-0.02550970719609147
2020-08-10,RELIANCE,RELIANCE,996.42431640625,-0.07168062363617564,0.07437944983941325
2020-08-10,TCS,TCS,2318,-0.570136187917925,0.8442868365478589
2020-08-11,HDFCBANK,HDFCBANK,524.25,3.4215546018121126,-1.4864913541176676
2020-08-11,INFOSYS,INFOSYS,949.9000244140624,-0.44809981416372835,0.5943880718158256
2020-08-11,LT,LT,969.5999755859376,-0.020317606918224578,0.020526848537675058
2020-08-11,RELIANCE,RELIANCE,985.2098388671876,-0.01584420157557349,0.01597106273088844
2020-08-11,TCS,TCS,2283,-0.568458239655196,0.8403909936633767
2020-08-12,HDFCBANK,HDFCBANK,532.5,3.287323943661972,-1.4556627489462146
2020-08-12,INFOSYS,INFOSYS,948,-0.43829113924050633,0.5767716046714408
2020-08-12,LT,LT,952,-0.004201680672268907,0.004210532536343514
2020-08-12,RELIANCE,RELIANCE,978.84112548828125,-0.027421329968018996,0.027804312126902708
2020-08-12,TCS,TCS,2288.35009765625,-0.5722502747762156,0.8492170085857635
2020-08-13,HDFCBANK,HDFCBANK,533.9749755859375,3.2855006363270385,-1.455237379840522
2020-08-13,INFOSYS,INFOSYS,954.79998779296875,-0.44074677166656984,0.581152906016257
2020-08-13,LT,LT,957,-0.0022988633302311913,0.002301509773188215
2020-08-13,RELIANCE,RELIANCE,982.0716552734376,-0.02552935433866781,0.025860882949646502
2020-08-13,TCS,TCS,2273,-0.5679403188414265,0.839191549449942
2020-08-14,HDFCBANK,HDFCBANK,532.95001220703125,3.2649403282441884,-1.450428189812751
2020-08-14,INFOSYS,INFOSYS,955.8499755859376,-0.44243340919653,0.584173337393505
2020-08-14,LT,LT,999.95001220703125,-0.04410224119479594,0.045104318506440144
2020-08-14,RELIANCE,RELIANCE,979.55645751953125,0.020819172321257833,-0.02060541509468994
2020-08-14,TCS,TCS,2277,-0.5698039273080671,0.8435141912186923
2020-08-17,HDFCBANK,HDFCBANK,523.5,3.349570200573066,-1.4700770357531479
2020-08-17,INFOSYS,INFOSYS,954.0999755859376,-0.4513153617067173,0.6002314318586306
2020-08-17,LT,LT,1002,-0.047804415582896595,0.04898481947558775
2020-08-17,RELIANCE,RELIANCE,971.4571533203124,0.03144024064807819,-0.03095611743314386
2020-08-17,TCS,TCS,2263,-0.5707215407334014,0.8456494814218711
2020-08-18,HDFCBANK,HDFCBANK,514,3.40272373540856,-1.4822233801783717
2020-08-18,INFOSYS,INFOSYS,963.9000244140624,-0.46674967633448144,0.628764314663175
2020-08-18,LT,LT,1005.9500122070313,-0.04180126972781893,0.04270007965173406
2020-08-18,RELIANCE,RELIANCE,962.2271728515624,0.04543920665417932,-0.04443709056719847
2020-08-18,TCS,TCS,2262.800048828125,-0.5747626161887845,0.8551077158447544
2020-08-19,HDFCBANK,HDFCBANK,532.5,3.2493897630575117,-1.4467753874640499
2020-08-19,INFOSYS,INFOSYS,970.9000244140624,-0.4515398222166454,0.6006406039383236
2020-08-19,LT,LT,1017.25,-0.04556399664383152,0.04663468535989512
2020-08-19,RELIANCE,RELIANCE,988.0711669921876,0.029531104623401177,-0.029103460359454658
2020-08-19,TCS,TCS,2276.35009765625,-0.5659405958646193,0.8345738783604073
2020-08-20,HDFCBANK,HDFCBANK,527.4749755859375,3.315560364029784,-1.4622271803053382
2020-08-20,INFOSYS,INFOSYS,958.9000244140624,-0.44991661053689924,0.5976853950427099
2020-08-20,LT,LT,986,-0.02748476225754322,0.027869534982511546
2020-08-20,RELIANCE,RELIANCE,978.379638671875,0.007788757070281474,-0.007758581288539901
2020-08-20,TCS,TCS,2257,-0.5665132305397098,0.8358940035034399
2020-08-21,HDFCBANK,HDFCBANK,532.70001220703125,3.236906229172054,-1.4438333399791867
2020-08-21,INFOSYS,INFOSYS,963.04998779296875,-0.44686151398244117,0.5921468820164959
2020-08-21,LT,LT,1010,-0.04648516060102104,0.04760029098046026
2020-08-21,RELIANCE,RELIANCE,977.4566650390624,0.03329389028171093,-0.03275165139935243
2020-08-21,TCS,TCS,2260,-0.5674970508676714,0.838166133830379
2020-08-24,HDFCBANK,HDFCBANK,543,3.162062615101289,-1.426010772332396
2020-08-24,INFOSYS,INFOSYS,947,-0.426610348468849,0.556189773252143
2020-08-24,LT,LT,996,-0.04919678714859438,0.05044816439851996
2020-08-24,RELIANCE,RELIANCE,965.1807861328124,0.03193102712981978,-0.03143183064933641
2020-08-24,TCS,TCS,2250.60009765625,-0.571145141627808,0.8466367427718406
2020-08-25,HDFCBANK,HDFCBANK,559.5,3.022520281780608,-1.3919086419551228
2020-08-25,INFOSYS,INFOSYS,947.5,-0.40949868073878626,0.5267834092046018
2020-08-25,LT,LT,993,-0.04582074521651561,0.046903727088591474
2020-08-25,RELIANCE,RELIANCE,971.91864013671875,0.021690457403220252,-0.021458566651118893
2020-08-25,TCS,TCS,2245,-0.5670741023889895,0.8371887027823011
2020-08-26,HDFCBANK,HDFCBANK,560.5,3.0053523639607493,-1.3876315576641405
2020-08-26,INFOSYS,INFOSYS,941.25,-0.4045152722443559,0.5183795366018886
2020-08-26,LT,LT,987,-0.04635258358662614,0.047461260319378695
2020-08-26,RELIANCE,RELIANCE,962.2271728515624,0.02574529991189428,-0.025419470230605867
2020-08-26,TCS,TCS,2242,-0.570817496497965,0.8458730344292293
2020-08-27,HDFCBANK,HDFCBANK,562.9000244140625,2.982945288257461,-1.38202156779019
2020-08-27,INFOSYS,INFOSYS,960,-0.4136458079020182,0.5338312486199666
2020-08-27,LT,LT,975.25,-0.015637016149705203,0.015760563924883897
2020-08-27,RELIANCE,RELIANCE,991.3016357421876,-0.016192483865084872,0.01632501474876502
2020-08-27,TCS,TCS,2266,-0.5625323761067134,0.826752578452421
2020-08-28,HDFCBANK,HDFCBANK,555.9749755859375,3.0757230082377016,-1.4050481562892188
2020-08-28,INFOSYS,INFOSYS,951.45001220703125,-0.4156550859710748,0.5372638642792067
2020-08-28,LT,LT,988,-0.036993914770211286,0.03769554816992837
2020-08-28,RELIANCE,RELIANCE,978.379638671875,0.009832953332087318,-0.009784924433772879
2020-08-28,TCS,TCS,2268.39990234375,-0.5686917295045745,0.8409321997750583
2020-08-31,HDFCBANK,HDFCBANK,564.75,3.016644360059761,-1.390446817741041
2020-08-31,INFOSYS,INFOSYS,935.25,-0.39615076182838815,0.504430717880143
2020-08-31,LT,LT,988.0999755859376,-0.05348646583519839,0.054970009264572184
2020-08-31,RELIANCE,RELIANCE,1003.3006591796876,-0.015150676374695386,0.015266620450073098
2020-08-31,TCS,TCS,2240,-0.5520979200090681,0.8031806419061844
2020-09-01,HDFCBANK,HDFCBANK,564,2.971631205673759,-1.3791768933510262
2020-09-01,INFOSYS,INFOSYS,926.25,-0.3910931174089069,0.49608992511223704
2020-09-01,LT,LT,964.95001220703125,-0.04010571710188042,0.040932122565251916
2020-09-01,RELIANCE,RELIANCE,969.149658203125,-0.0043333307302405736,0.0043427468197148045
2020-09-01,TCS,TCS,2269,-0.5728736631982702,0.8506754387845783
2020-09-02,HDFCBANK,HDFCBANK,562.04998779296875,3.0370074713635375,-1.3955036925907995
2020-09-02,INFOSYS,INFOSYS,915,-0.38573771825905057,0.4873332730864792
2020-09-02,LT,LT,956.45001220703125,-0.04333735341942686,0.04430446108599462
2020-09-02,RELIANCE,RELIANCE,965.4576416015624,-0.009329906363979583,0.00937370256283998
2020-09-02,TCS,TCS,2247,-0.5703348279476802,0.8447490432609737
2020-09-03,HDFCBANK,HDFCBANK,568.625,2.9516377225763906,-1.3741301062951612
2020-09-03,INFOSYS,INFOSYS,926.5,-0.3862655153804641,0.4881928798352462
2020-09-03,LT,LT,960,-0.034895833333333334,0.035519238736467784
2020-09-03,RELIANCE,RELIANCE,982.0716552734376,-0.022474587424368964,0.02273098994071887
2020-09-03,TCS,TCS,2268,-0.5669878063168265,0.8369893904450416
2020-09-04,HDFCBANK,HDFCBANK,555,3.0864864864864865,-1.407685551101208
2020-09-04,INFOSYS,INFOSYS,915,-0.39344262295081966,0.49995595152908656
2020-09-04,LT,LT,948,-0.03481012658227848,0.035430436979500435
2020-09-04,RELIANCE,RELIANCE,961.5579833984376,-0.014100016465486134,0.01420036610211195
2020-09-04,TCS,TCS,2275,-0.577337150154533,0.8611804630279174
2020-09-07,HDFCBANK,HDFCBANK,558.1500244140625,3.075965064031415,-1.4051075441832683
2020-09-07,INFOSYS,INFOSYS,918.9000244140624,-0.3925889546363137,0.4985495418738477
2020-09-07,LT,LT,947.1500244140624,-0.02982632029965513,0.030280172274999018
2020-09-07,RELIANCE,RELIANCE,961.7656860351564,-0.015196696901660636,0.015313350037157392
2020-09-07,TCS,TCS,2289,-0.5798315045717972,0.8670994685647804
2020-09-08,HDFCBANK,HDFCBANK,557,3.10951526032316,-1.4133050800252827
2020-09-08,INFOSYS,INFOSYS,929.95001220703125,-0.4010430746937856,0.5125655944603968
2020-09-08,LT,LT,936,-0.00646366217197516,0.006484642089910508
2020-09-08,RELIANCE,RELIANCE,965.4576416015624,-0.030511583659637496,0.030986752446763965
2020-09-08,TCS,TCS,2335.949951171875,-0.5866959216668055,0.8835716897822037
2020-09-09,HDFCBANK,HDFCBANK,550.5,3.2433241619834243,-1.4453469625438249
2020-09-09,INFOSYS,INFOSYS,935,-0.4112299465240642,0.529719573125953
2020-09-09,LT,LT,907.54998779296875,0.030246281280644098,-0.02979788169923392
2020-09-09,RELIANCE,RELIANCE,962.2271728515624,-0.056823572022558534,0.0585019216134226
2020-09-09,TCS,TCS,2325,-0.5861388503864248,0.8822247488185804
2020-09-10,HDFCBANK,HDFCBANK,551.5,3.215775158658205,-1.438833479327899
2020-09-10,INFOSYS,INFOSYS,935.29998779296875,-0.41034961274683984,0.528225481695487
2020-09-10,LT,LT,917.70001220703125,0.01917835387580553,-0.018996767262310144
2020-09-10,RELIANCE,RELIANCE,1007.5003051757813,-0.08913177743711184,0.09335704359805952
2020-09-10,TCS,TCS,2335,-0.5685223532437768,0.8405395733782042
2020-09-11,HDFCBANK,HDFCBANK,548.2249755859375,3.2592003356001333,-1.449081428012824
2020-09-11,INFOSYS,INFOSYS,934.9000244140624,-0.4136004264953025,0.5337538557211854
2020-09-11,LT,LT,920,0.016195678710937376,-0.01606592776827309
2020-09-11,RELIANCE,RELIANCE,1066.9876708984375,-0.13775948392606,0.14822102627010647
2020-09-11,TCS,TCS,2330.949951171875,-0.5422520031534722,0.7814364715233229
2020-09-14,HDFCBANK,HDFCBANK,544,3.2848344690659466,-1.4550819209805734
2020-09-14,INFOSYS,INFOSYS,957,-0.4315569487983281,0.5648541445970121
2020-09-14,LT,LT,922.4000244140624,0.03751081382279517,-0.03682439603012799
2020-09-14,RELIANCE,RELIANCE,1072.9871826171875,-0.1403438555862512,0.15122280176577796
2020-09-14,TCS,TCS,2384.10009765625,-0.5499403805771349,0.7983752173871119
2020-09-15,HDFCBANK,HDFCBANK,534,3.4646069244499063,-1.4961811756155212
2020-09-15,INFOSYS,INFOSYS,979.5,-0.4548238897396631,0.6066463984244006
2020-09-15,LT,LT,910,0.07637362637362638,-0.0735976378737
2020-09-15,RELIANCE,RELIANCE,1066.964599609375,-0.14711322162594814,0.15912847374222938
2020-09-15,TCS,TCS,2491.39990234375,-0.571740932234266,0.8480269680015278
2020-09-16,HDFCBANK,HDFCBANK,535.0999755859375,3.655952188403023,-1.5381464415626285
2020-09-16,INFOSYS,INFOSYS,986,-0.457302255998035,0.6112027549106109
2020-09-16,LT,LT,915,0.07759562841530054,-0.07473228932711429
2020-09-16,RELIANCE,RELIANCE,1070.6795654296875,-0.14540257464165746,0.15712476846298706
2020-09-16,TCS,TCS,2488.949951171875,-0.5698267998817822,0.8435673604204368
2020-09-17,HDFCBANK,HDFCBANK,542,3.5921585814979244,-1.5243501927192984
2020-09-17,INFOSYS,INFOSYS,995,-0.4552763819095477,0.6074767357189463
2020-09-17,LT,LT,915,0.08743169398907104,-0.0838186718830718
2020-09-17,RELIANCE,RELIANCE,1070.6795654296875,-0.14540257464165746,0.15712476846298706
2020-09-17,TCS,TCS,2480,-0.5682743687783518,0.8399650054205194
2020-09-18,HDFCBANK,HDFCBANK,546,3.542124542124542,-1.5133948634141223
2020-09-18,INFOSYS,INFOSYS,1011,-0.4599406528189911,0.6160762432755664
2020-09-18,LT,LT,911.20001220703125,0.10952588504826914,-0.10393279349084494
2020-09-18,RELIANCE,RELIANCE,1068.0260009765625,-0.14683723863102163,0.15880493917783944
2020-09-18,TCS,TCS,2485,-0.570210864798164,0.8444605738232633
2020-09-21,HDFCBANK,HDFCBANK,527.5,3.7109004739336493,-1.5498790731805077
2020-09-21,INFOSYS,INFOSYS,1001,-0.47302697302697305,0.6406059139649987
2020-09-21,LT,LT,901,0.11098779134295228,-0.10524952170688273
2020-09-21,RELIANCE,RELIANCE,1061.4495849609375,-0.15116081558112082,0.16388552825818525
2020-09-21,TCS,TCS,2465,-0.5693916491030679,0.8425563006102674
2020-09-22,HDFCBANK,HDFCBANK,527.0250244140625,3.6771972597326763,-1.5426990544061239
2020-09-22,INFOSYS,INFOSYS,1009,-0.47767589255296083,0.649466988282942
2020-09-22,LT,LT,887.95001220703125,0.136325227916935,-0.12779957150557397
2020-09-22,RELIANCE,RELIANCE,1050.8350830078125,-0.1550053604363438,0.16842499535673472
2020-09-22,TCS,TCS,2485,-0.5771287392322686,0.8606874943259601
2020-09-23,HDFCBANK,HDFCBANK,523,3.751434034416826,-1.5584464744658062
2020-09-23,INFOSYS,INFOSYS,1020.1500244140624,-0.4873303068336518,0.6681235141566697
2020-09-23,LT,LT,866.20001220703125,0.17773032791211207,-0.16358913534844266
2020-09-23,RELIANCE,RELIANCE,1042.9896240234375,-0.16950275222722017,0.185730663874339
2020-09-23,TCS,TCS,2510,-0.5844662852496265,0.8781915253783401
2020-09-24,HDFCBANK,HDFCBANK,519,3.836223506743738,-1.576134148959941
2020-09-24,INFOSYS,INFOSYS,1003,-0.48255234297108673,0.6588469047960475
2020-09-24,LT,LT,856,0.17172897196261683,-0.1584804118201939
2020-09-24,RELIANCE,RELIANCE,1018.9454956054688,-0.1599158113051422,0.17425316753019615
2020-09-24,TCS,TCS,2450,-0.5841038793447066,0.8773197598668343
2020-09-25,HDFCBANK,HDFCBANK,525,3.6666666666666665,-1.5404450409471488
2020-09-25,INFOSYS,INFOSYS,975.79998779296875,-0.4619799071862799,0.6198593722803452
2020-09-25,LT,LT,860.0999755859375,0.1345192599595313,-0.12620900169967975
2020-09-25,RELIANCE,RELIANCE,1010.22314453125,-0.14860396909137397,0.16087788743988884
2020-09-25,TCS,TCS,2368,-0.5733854963972762,0.8518744753917185
2020-09-28,HDFCBANK,HDFCBANK,524.4749755859375,3.514991391828556,-1.5074032802953825
2020-09-28,INFOSYS,INFOSYS,1014.7999877929688,-0.4831740422794165,0.660049099987611
2020-09-28,LT,LT,898,0.13006680155119013,-0.1222767473939248
2020-09-28,RELIANCE,RELIANCE,1027.7601318359375,-0.12625526892558162,0.1349670156961693
2020-09-28,TCS,TCS,2440,-0.5787868312147797,0.8646162342888779
2020-09-29,HDFCBANK,HDFCBANK,529,3.612476370510397,-1.5287648864289478
2020-09-29,INFOSYS,INFOSYS,1018,-0.48035363457760316,0.6546067652521685
2020-09-29,LT,LT,909.95001220703125,0.11874277305728008,-0.11220553074899531
2020-09-29,RELIANCE,RELIANCE,1026.837158203125,-0.11383221289014901,0.12084897033593567
2020-09-29,TCS,TCS,2434.85009765625,-0.5782749996841519,0.863401835386818
2020-09-30,HDFCBANK,HDFCBANK,530,3.5940567880306604,-1.5247634655380589
2020-09-30,INFOSYS,INFOSYS,1009,-0.47472745292368684,0.6438380138074411
2020-09-30,LT,LT,897.79998779296875,0.12385833561926245,-0.11676770760238142
2020-09-30,RELIANCE,RELIANCE,1042.9896240234375,-0.1392052546701137,0.14989919399626217
2020-09-30,TCS,TCS,2489,-0.580960376045224,0.8697897956201031
2020-10-01,HDFCBANK,HDFCBANK,545.04998779296875,3.566553629472641,-1.5187587911893932
2020-10-01,INFOSYS,INFOSYS,1020.5999755859376,-0.46595140032210014,0.6272684335303875
2020-10-01,LT,LT,909.95001220703125,0.12160004604047563,-0.1147562783471141
2020-10-01,RELIANCE,RELIANCE,1044.7432861328125,-0.12902047394315172,0.13813680865522393
2020-10-01,TCS,TCS,2510,-0.5837676150865289,0.8765115571091329
2020-10-05,HDFCBANK,HDFCBANK,556,3.514388489208633,-1.507269737875247
2020-10-05,INFOSYS,INFOSYS,1018.0499877929688,-0.453857858978661,0.6048760055766937
2020-10-05,LT,LT,907.95001220703125,0.12126215552143464,-0.11445497537686311
2020-10-05,RELIANCE,RELIANCE,1035.6055908203125,-0.12326659854372177,0.13155232204151268
2020-10-05,TCS,TCS,2620,-0.6047306905265983,0.9281879502632169
2020-10-06,HDFCBANK,HDFCBANK,567.5250244140625,3.6165365178478286,-1.529644752487969
2020-10-06,INFOSYS,INFOSYS,1055,-0.4620615882331161,0.6200112016429937
2020-10-06,LT,LT,901.04998779296875,0.17085623915729284,-0.15773530949344927
2020-10-06,RELIANCE,RELIANCE,1026.9525146484375,-0.12259819715088743,0.1307902354890702
2020-10-06,TCS,TCS,2736,-0.6246518586811266,0.9799013068366529
2020-10-07,HDFCBANK,HDFCBANK,572.45001220703125,3.779456619192984,-1.564326862048432
2020-10-07,INFOSYS,INFOSYS,1044.9000244140625,-0.4521485320779488,0.6017510727110311
2020-10-07,LT,LT,895,0.1674860607978352,-0.15485277113018459
2020-10-07,RELIANCE,RELIANCE,1031.4521484375,-0.132291302746526,0.14189922289136359
2020-10-07,TCS,TCS,2742,-0.6238321851066739,0.9777199189560406
2020-10-08,HDFCBANK,HDFCBANK,590,3.647457627118644,-1.536320323222495
2020-10-08,INFOSYS,INFOSYS,1090,-0.45871559633027525,0.6138104383234246
2020-10-08,LT,LT,890.29998779296875,0.22430643035510148,-0.20237450435470805
2020-10-08,RELIANCE,RELIANCE,1042.528076171875,-0.14601821462485906,0.15784541402156282
2020-10-08,TCS,TCS,2800,-0.6276685442243304,0.987970811273251
2020-10-09,HDFCBANK,HDFCBANK,600.5,3.66278101582015,-1.539612054643257
2020-10-09,INFOSYS,INFOSYS,1095.0999755859375,-0.4516482390763454,0.6008382984677638
2020-10-09,LT,LT,887.4000244140625,0.234054479893683,-0.21030507353109051
2020-10-09,RELIANCE,RELIANCE,1031.4521484375,-0.1396595317016456,0.15042707470950756
2020-10-09,TCS,TCS,2810,-0.6329351784919929,1.0022168211615723
2020-10-12,HDFCBANK,HDFCBANK,615.7750244140625,3.5633549406682103,-1.518058085610419
2020-10-12,INFOSYS,INFOSYS,1123,-0.4516696131664626,0.6008772780210707
2020-10-12,LT,LT,916.95001220703125,0.22471234532951428,-0.20270599628295205
2020-10-12,RELIANCE,RELIANCE,1031.4521484375,-0.1110106139232177,0.11766998271072815
2020-10-12,TCS,TCS,2815.5,-0.6336522292887586,1.0041722035284542
2020-10-13,HDFCBANK,HDFCBANK,606.70001220703125,3.6406789901946373,-1.534860689626047
2020-10-13,INFOSYS,INFOSYS,1135.550048828125,-0.4657214687867445,0.6268379819725132
2020-10-13,LT,LT,907.95001220703125,0.2506746335823566,-0.22368311259072637
2020-10-13,RELIANCE,RELIANCE,1029.4215087890625,-0.1179997654458586,0.12556295704098108
2020-10-13,TCS,TCS,2845,-0.6381646717788884,1.0165660650690374
2020-10-14,HDFCBANK,HDFCBANK,597.7750244140625,3.759315601699254,-1.5601038767502082
2020-10-14,INFOSYS,INFOSYS,1162,-0.48556366229426634,0.6646834676016331
2020-10-14,LT,LT,897,0.2954292084726867,-0.25884207535306025
2020-10-14,RELIANCE,RELIANCE,1051.7120361328125,-0.1471049401523395,0.15911876385621326
2020-10-14,TCS,TCS,2842,-0.629939466526104,0.9940886827420368
2020-10-15,HDFCBANK,HDFCBANK,607.0999755859375,3.681271807426886,-1.5435698267348945
2020-10-15,INFOSYS,INFOSYS,1180,-0.48550849526615464,0.6645762355375586
2020-10-15,LT,LT,913,0.29244249726177435,-0.25653383686474207
2020-10-15,RELIANCE,RELIANCE,1056.8345947265625,-0.1360994383078245,0.14629760743557352
2020-10-15,TCS,TCS,2811,-0.624036074448039,0.9782620828759905
2020-10-16,HDFCBANK,HDFCBANK,590,3.7644067796610168,-1.5611730340067673
2020-10-16,INFOSYS,INFOSYS,1113.8499755859375,-0.47030568484805846,0.6354552026924916
2020-10-16,LT,LT,894,0.24591719864198824,-0.21987196441874257
2020-10-16,RELIANCE,RELIANCE,1022.22216796875,-0.12543473619197607,0.1340283574533485
2020-10-16,TCS,TCS,2750.10009765625,-0.6282963777064222,0.9896584565190487
2020-10-19,HDFCBANK,HDFCBANK,617.5,3.45360339701417,-1.4937135206437784
2020-10-19,INFOSYS,INFOSYS,1135,-0.45594713656387664,0.6087088614133709
2020-10-19,LT,LT,899,0.2625139043381535,-0.23310489544388346
2020-10-19,RELIANCE,RELIANCE,1010.7077026367188,-0.11052424192008967,0.11712302567100075
2020-10-19,TCS,TCS,2774,-0.6356497106572752,1.009639540732156
2020-10-20,HDFCBANK,HDFCBANK,603.75,3.594616977225673,-1.5248853959079938
2020-10-20,INFOSYS,INFOSYS,1118.9000244140625,-0.4604075548964552,0.6169411556665922
2020-10-20,LT,LT,919,0.21751906900333243,-0.1968152382776882
2020-10-20,RELIANCE,RELIANCE,1005.608154296875,-0.08612515116032621,0.0900616437745807
2020-10-20,TCS,TCS,2725,-0.6309694846616972,0.9968759409670769
2020-10-21,HDFCBANK,HDFCBANK,615.29998779296875,3.4287340387805862,-1.4881137731900536
2020-10-21,INFOSYS,INFOSYS,1141.1500244140625,-0.4608071028093768,0.6176818923368579
2020-10-21,LT,LT,924.95001220703125,0.23374237456482055,-0.21005213104924714
2020-10-21,RELIANCE,RELIANCE,1000.5316772460938,-0.07554150134166338,0.07854711974306028
2020-10-21,TCS,TCS,2739,-0.6347091357261432,1.0070613543251161
2020-10-22,HDFCBANK,HDFCBANK,619.9749755859375,3.4179202513962355,-1.4856690539966717
2020-10-22,INFOSYS,INFOSYS,1142,-0.4571147324116134,0.6108572749495496
2020-10-22,LT,LT,922,0.2386117136659436,-0.2139911666593619
2020-10-22,RELIANCE,RELIANCE,981.79473876953125,-0.0609035029505975,0.06283703929310125
2020-10-22,TCS,TCS,2661,-0.6310429392072412,0.997075008127994
2020-10-23,HDFCBANK,HDFCBANK,621.75,3.2798552472858864,-1.4539191882941749
2020-10-23,INFOSYS,INFOSYS,1133,-0.45123565754633715,0.6000861783444922
2020-10-23,LT,LT,940,0.2053191489361702,-0.1867443857639568
2020-10-23,RELIANCE,RELIANCE,971.91864013671875,-0.032840856033205405,0.03339222213000426
2020-10-23,TCS,TCS,2687.800048828125,-0.6383962264750783,1.0172062148854861
2020-10-26,HDFCBANK,HDFCBANK,614.9000244140625,3.3711171606950683,-1.475018619615998
2020-10-26,INFOSYS,INFOSYS,1122.25,-0.4520828474813433,0.6016311849984994
2020-10-26,LT,LT,949.8499755859376,0.1815023728433675,-0.16678682597405547
2020-10-26,RELIANCE,RELIANCE,970.049560546875,-0.020823250463151255,0.021043111851515306
2020-10-26,TCS,TCS,2689.949951171875,-0.639380070947315,1.019930703370985
2020-10-27,HDFCBANK,HDFCBANK,613,3.3881728404108893,-1.4789129309742748
2020-10-27,INFOSYS,INFOSYS,1105.699951171875,-0.445600047869847,0.5898689174517697
2020-10-27,LT,LT,960,0.15177078247070314,-0.14130056892609932
2020-10-27,RELIANCE,RELIANCE,939.10601806640625,0.022248799956168838,-0.022004906337904195
2020-10-27,TCS,TCS,2699.75,-0.6521507480076281,1.0559860769888916
2020-10-28,HDFCBANK,HDFCBANK,614,3.396986970684039,-1.4809195269657272
2020-10-28,INFOSYS,INFOSYS,1095.5,-0.4395253308991328,0.5789712308883788
2020-10-28,LT,LT,989.95001220703125,0.10662153289705173,-0.10131170990185634
2020-10-28,RELIANCE,RELIANCE,942.29034423828125,0.05057853798478283,-0.04934100098790761
2020-10-28,TCS,TCS,2650,-0.6444187380232901,1.0340014708345109
2020-10-29,HDFCBANK,HDFCBANK,600.29998779296875,3.4144595267157176,-1.4848854090573553
2020-10-29,INFOSYS,INFOSYS,1070,-0.43897197402526283,0.5779844175330391
2020-10-29,LT,LT,951.0999755859376,0.12501317155519057,-0.11779474363690312
2020-10-29,RELIANCE,RELIANCE,921.6151733398436,0.031992531263611824,-0.03149142988551912
2020-10-29,TCS,TCS,2608,-0.6466199488727593,1.0402111691130145
2020-10-30,HDFCBANK,HDFCBANK,591.2750244140625,3.410806971906952,-1.4840576595456811
2020-10-30,INFOSYS,INFOSYS,1072,-0.44843747722568794,0.5950000781298845
2020-10-30,LT,LT,941,0.1392136025504782,-0.13033820204536806
2020-10-30,RELIANCE,RELIANCE,938.4598999023436,0.002706668764345378,-0.002703012332792021
2020-10-30,TCS,TCS,2636.10009765625,-0.6439968646347207,1.0328157409630494
2020-11-02,HDFCBANK,HDFCBANK,597.17498779296875,3.4142841738879808,-1.4848456858909103
2020-11-02,INFOSYS,INFOSYS,1065,-0.43927231193148475,0.5785198958187987
2020-11-02,LT,LT,930,0.14516129032258066,-0.1355454919962238
2020-11-02,RELIANCE,RELIANCE,935.46014404296875,-0.005836853742769342,0.005853954750097756
2020-11-02,TCS,TCS,2660,-0.6483232541191847,1.045042860878346
2020-11-03,HDFCBANK,HDFCBANK,613.2249755859375,3.337722868280708,-1.4673495256891682
2020-11-03,INFOSYS,INFOSYS,1072,-0.4279617765056553,0.5585494655441705
2020-11-03,LT,LT,944.9000244140624,0.13451155921469363,-0.1262022140044463
2020-11-03,RELIANCE,RELIANCE,872.23468017578125,0.08330939584245482,-0.08002061128398719
2020-11-03,TCS,TCS,2604,-0.6650404454010057,1.0937454869861458
2020-11-04,HDFCBANK,HDFCBANK,626,3.159744408945687,-1.4254536322283613
2020-11-04,INFOSYS,INFOSYS,1068,-0.41385767790262173,0.5341926484200421
2020-11-04,LT,LT,934.25,0.14316296494514316,-0.13379895115454676
2020-11-04,RELIANCE,RELIANCE,847.77520751953125,0.10200203038902447,-0.0971285531873054
2020-11-04,TCS,TCS,2610,-0.6751819128277659,1.1244899851384504
2020-11-05,HDFCBANK,HDFCBANK,633,3.123222748815166,-1.416635078172563
2020-11-05,INFOSYS,INFOSYS,1109.9000244140625,-0.42967836194600245,0.5615548000103905
2020-11-05,LT,LT,952,0.16586137018283875,-0.15346018736320133
2020-11-05,RELIANCE,RELIANCE,902.2091064453124,0.05518775325917828,-0.05371871626868252
2020-11-05,TCS,TCS,2685,-0.6639817108211127,1.090589688420283
2020-11-06,HDFCBANK,HDFCBANK,633.125,3.240868706811451,-1.4447681319400179
2020-11-06,INFOSYS,INFOSYS,1108,-0.4285875451263538,0.5596439923042817
2020-11-06,LT,LT,959,0.1553701772679875,-0.1444207924237908
2020-11-06,RELIANCE,RELIANCE,918.3847045898436,0.04422470801960428,-0.043274703866836184
2020-11-06,TCS,TCS,2699,-0.6597314914450375,1.0780202420014025
2020-11-09,HDFCBANK,HDFCBANK,657.5999755859375,3.104318887170161,-1.412039806402043
2020-11-09,INFOSYS,INFOSYS,1129.300048828125,-0.4176924226043121,0.5407564873511763
2020-11-09,LT,LT,971,0.16302785667160144,-0.15102682567581294
2020-11-09,RELIANCE,RELIANCE,951.6588134765624,0.020323656177555015,-0.020119886942010723
2020-11-09,TCS,TCS,2731.10009765625,-0.6515474426245863,1.0542531918350777
2020-11-10,HDFCBANK,HDFCBANK,678.5,3.025202796840457,-1.3925752939094682
2020-11-10,INFOSYS,INFOSYS,1113.8499755859375,-0.3908515375752672,0.4956932603173323
2020-11-10,LT,LT,975,0.14241023137019232,-0.13314026859440897
2020-11-10,RELIANCE,RELIANCE,958.53515625,0.017177089064123723,-0.017031230781028306
2020-11-10,TCS,TCS,2697.199951171875,-0.6446184288882486,1.0345632185403435
2020-11-11,HDFCBANK,HDFCBANK,699.95001220703125,2.8534179643304256,-1.3489605373964668
2020-11-11,INFOSYS,INFOSYS,1096,-0.36135947791329265,0.4484135461472656
2020-11-11,LT,LT,1040,0.05384615384615385,-0.05244647537254288
2020-11-11,RELIANCE,RELIANCE,964.0731811523436,0.07875628150645375,-0.07580878634775168
2020-11-11,TCS,TCS,2667.949951171875,-0.638646451846339,1.0178984421408153
2020-11-12,HDFCBANK,HDFCBANK,688.70001220703125,2.873892702022863,-1.3542598676530853
2020-11-12,INFOSYS,INFOSYS,1128.0999755859375,-0.38950445252042576,0.4934842786937237
2020-11-12,LT,LT,1054.9000244140625,0.06939041565814111,-0.06708878113787264
2020-11-12,RELIANCE,RELIANCE,914.231201171875,0.1538656994662577,-0.14311778303462397
2020-11-12,TCS,TCS,2686,-0.659630974991856,1.0777248822865593
2020-11-13,HDFCBANK,HDFCBANK,684.4000244140625,2.92460535386388,-1.367265799392932
2020-11-13,INFOSYS,INFOSYS,1120,-0.3889285496303013,0.492541386598889
2020-11-13,LT,LT,1065.050048828125,0.05159377367508358,-0.05030689304499525
2020-11-13,RELIANCE,RELIANCE,914.69268798828125,0.16438019327620348,-0.15218892250436333
2020-11-13,TCS,TCS,2655.75,-0.6555802737500588,1.0658942309203416
2020-11-14,HDFCBANK,HDFCBANK,683.9000244140625,2.8832430255801462,-1.356670635857781
2020-11-14,INFOSYS,INFOSYS,1137,-0.3985048158187665,0.5083367499481941
2020-11-14,LT,LT,1060.050048828125,0.07259086611706911,-0.07007709188346833
2020-11-14,RELIANCE,RELIANCE,929.8760375976564,0.13999071485568595,-0.13102011750980136
2020-11-14,TCS,TCS,2677.949951171875,-0.6527657146128735,1.0577555528364169
2020-11-17,HDFCBANK,HDFCBANK,692.9000244140625,2.8648432051022534,-1.3519211133257372
2020-11-17,INFOSYS,INFOSYS,1144.75,-0.3947149819488425,0.5020558276692588
2020-11-17,LT,LT,1063,0.07690498588899342,-0.07409117319525738
2020-11-17,RELIANCE,RELIANCE,962.2271728515624,0.10472872726073315,-0.09959980913907174
2020-11-17,TCS,TCS,2695,-0.6429583774205705,1.0299029141402212
2020-11-18,HDFCBANK,HDFCBANK,701.5,2.841767640769779,-1.3459325838005816
2020-11-18,INFOSYS,INFOSYS,1128.5,-0.3783783783783784,0.4754236967150751
2020-11-18,LT,LT,1080.9000244140625,0.04403735267907005,-0.04309526724864288
2020-11-18,RELIANCE,RELIANCE,919.884521484375,0.17503882190545422,-0.16130118696985107
2020-11-18,TCS,TCS,2661,-0.6543087104530722,1.0622091289385924
2020-11-19,HDFCBANK,HDFCBANK,694.8499755859375,2.829603646105178,-1.3427613111808299
2020-11-19,INFOSYS,INFOSYS,1100,-0.3683182040127841,0.4593694989896022
2020-11-19,LT,LT,1125.050048828125,-0.022265719515516345,0.02251734270972605
2020-11-19,RELIANCE,RELIANCE,917.09246826171875,0.22675748385609854,-0.2043744965244727
2020-11-19,TCS,TCS,2637,-0.6522212862109523,1.0561888813815719
2020-11-20,HDFCBANK,HDFCBANK,686.32501220703125,2.842202969581624,-1.3460458920976555
2020-11-20,INFOSYS,INFOSYS,1106,-0.37945297268803685,0.477153887826649
2020-11-20,LT,LT,1140,-0.02982456140350877,0.030278359306261216
2020-11-20,RELIANCE,RELIANCE,911.462158203125,0.2507376085118214,-0.22373346409090544
2020-11-20,TCS,TCS,2655,-0.6566997520892185,1.0691498563784032
2020-11-23,HDFCBANK,HDFCBANK,707.5,2.7526501766784452,-1.3224623041586465
2020-11-23,INFOSYS,INFOSYS,1105,-0.3597285067873303,0.44586298443446015
2020-11-23,LT,LT,1138.800048828125,-0.02968040690102422,0.030129784328850384
2020-11-23,RELIANCE,RELIANCE,900.38616943359375,0.2647906948021096,-0.23490664983523146
2020-11-23,TCS,TCS,2690,-0.6652839518834224,1.094472724150413
2020-11-24,HDFCBANK,HDFCBANK,704,2.821022727272727,-1.3405181164378428
2020-11-24,INFOSYS,INFOSYS,1145,-0.3851528384279476,0.4863815598302983
2020-11-24,LT,LT,1135,0.00881057268722467,-0.008771986072837024
2020-11-24,RELIANCE,RELIANCE,906.3856811523436,0.2522263133691664,-0.22492301781948942
2020-11-24,TCS,TCS,2734.39990234375,-0.6685248268274699,1.1042023645513526
2020-11-25,HDFCBANK,HDFCBANK,725.6500244140625,2.7682075523275618,-1.32659943808659
2020-11-25,INFOSYS,INFOSYS,1137,-0.361785378703551,0.4490806551897597
2020-11-25,LT,LT,1141.5,-0.003942181340341655,0.00394997221931348
2020-11-25,RELIANCE,RELIANCE,913.7696533203124,0.24922073725276048,-0.22251994671548214
2020-11-25,TCS,TCS,2729,-0.6651631904286139,1.0941120014539711
2020-11-26,HDFCBANK,HDFCBANK,707.5,2.857243816254417,-1.349952891190946
2020-11-26,INFOSYS,INFOSYS,1119.949951171875,-0.36827534189389655,0.4593016473195952
2020-11-26,LT,LT,1130,-0.008893848520464601,0.0089336348693978
2020-11-26,RELIANCE,RELIANCE,901.332275390625,0.25369969638585677,-0.22609893696533412
2020-11-26,TCS,TCS,2686,-0.6644332556252327,1.0919344023421313
2020-11-27,HDFCBANK,HDFCBANK,715.9000244140625,2.751920531359656,-1.322267850578429
2020-11-27,INFOSYS,INFOSYS,1118,-0.35966008549726075,0.44575612721029056
2020-11-27,LT,LT,1129,-0.0097431355181576609,0.009790910434617217
2020-11-27,RELIANCE,RELIANCE,895.5404052734375,0.26069130253847084,-0.23166022331677372
2020-11-27,TCS,TCS,2705,-0.6689314583092653,1.1054298504476936
2020-12-01,HDFCBANK,HDFCBANK,720.42498779296875,2.7547281754993014,-1.3230158925823128
2020-12-01,INFOSYS,INFOSYS,1105.050048828125,-0.3480612135559294,0.4278046072850117
2020-12-01,LT,LT,1140,-0.030657851905153508,0.031137635405261044
2020-12-01,RELIANCE,RELIANCE,895.47119140625,0.2730727810570225,-0.24143349080586773
2020-12-01,TCS,TCS,2679,-0.6657442361305524,1.0958488189619349
2020-12-02,HDFCBANK,HDFCBANK,715.5,2.7442348008385746,-1.3202172705481034
2020-12-02,INFOSYS,INFOSYS,1134,-0.36904761904761907,0.46052488529119184
2020-12-02,LT,LT,1120.050048828125,0.012454756987395713,-0.012377834543283228
2020-12-02,RELIANCE,RELIANCE,903.847412109375,0.23920258422180138,-0.21446809551360424
2020-12-02,TCS,TCS,2719,-0.6675809444246507,1.1013588904016611
2020-12-03,HDFCBANK,HDFCBANK,714.5,2.805458362491253,-1.3364364472625487
2020-12-03,INFOSYS,INFOSYS,1147,-0.3770706190061029,0.47332211975944904
2020-12-03,LT,LT,1135,0.010572687224669603,-0.01051718721386763
2020-12-03,RELIANCE,RELIANCE,910.07769775390625,0.2471462632269832,-0.22085795190230595
2020-12-03,TCS,TCS,2773.89990234375,-0.6719140092312074,1.114479537979724
2020-12-04,HDFCBANK,HDFCBANK,690.5,3.0172337470582913,-1.3905935431435745
2020-12-04,INFOSYS,INFOSYS,1125,-0.38622222222222224,0.4881223417891736
2020-12-04,LT,LT,1130,-0.004424778761061947,0.004434597067865198
2020-12-04,RELIANCE,RELIANCE,908.69317626953125,0.24354405811541607,-0.21796541436580874
2020-12-04,TCS,TCS,2710.800048828125,-0.6647878265081344,1.0929915939338217
2020-12-07,HDFCBANK,HDFCBANK,687.5,2.9429818892045456,-1.371937261733672
2020-12-07,INFOSYS,INFOSYS,1147.300048828125,-0.4007670437195343,0.5121048478235304
2020-12-07,LT,LT,1154.800048828125,-0.006494630830342357,0.006515812707276858
2020-12-07,RELIANCE,RELIANCE,895.58660888671875,0.2894342516617438,-0.2542035575726995
2020-12-07,TCS,TCS,2715,-0.6701338457139158,1.1090682998692012
2020-12-08,HDFCBANK,HDFCBANK,687.5,2.949090909090909,-1.373485402827309
2020-12-08,INFOSYS,INFOSYS,1145,-0.39956331877729256,0.5100980864476137
2020-12-08,LT,LT,1174.949951171875,-0.025490405903675666,0.02582091493539629
2020-12-08,RELIANCE,RELIANCE,905.0704345703124,0.29818620329774614,-0.260968061997783
2020-12-08,TCS,TCS,2740,-0.669682323149521,1.1077004304561617
2020-12-09,HDFCBANK,HDFCBANK,688.5,2.9796659404502543,-1.3811978812134056
2020-12-09,INFOSYS,INFOSYS,1168.050048828125,-0.41055607960399076,0.5285756943255064
2020-12-09,LT,LT,1178,-0.008446478074596774,0.008482351717315595
2020-12-09,RELIANCE,RELIANCE,927.59161376953125,0.2699554227456449,-0.23898179965419342
2020-12-09,TCS,TCS,2815,-0.67048255283498,1.1101259760164526
2020-12-10,HDFCBANK,HDFCBANK,699,3.027181688125894,-1.393066798339981
2020-12-10,INFOSYS,INFOSYS,1157.4000244140625,-0.3960601475243004,0.5042806679998133
2020-12-10,LT,LT,1182,-0.02081216208624154,0.021031787732420426
2020-12-10,RELIANCE,RELIANCE,932.96807861328125,0.26692437511567146,-0.23659221140895248
2020-12-10,TCS,TCS,2818,-0.6689254511663303,1.1054117059015338
2020-12-11,HDFCBANK,HDFCBANK,695.0250244140625,3.054530270152073,-1.3998348411908772
2020-12-11,INFOSYS,INFOSYS,1159.699951171875,-0.4006854758321402,0.5119687365908083
2020-12-11,LT,LT,1188,-0.02382158992266414,0.024109912064034233
2020-12-11,RELIANCE,RELIANCE,928.9991455078124,0.2787955788168263,-0.24591868090700864
2020-12-11,TCS,TCS,2792.699951171875,-0.667347312009661,1.1006563122907718
2020-12-14,HDFCBANK,HDFCBANK,691.5,3.038611643054049,-1.3959009802015405
2020-12-14,INFOSYS,INFOSYS,1169.4000244140625,-0.4086711257369079,0.525382945514183
2020-12-14,LT,LT,1198.0999755859375,-0.02395455450855771,0.02424613064954073
2020-12-14,RELIANCE,RELIANCE,926.6685791015624,0.2929109744365535,-0.25689624547542866
2020-12-14,TCS,TCS,2802,-0.669283162347765,1.1064927451038438
2020-12-15,HDFCBANK,HDFCBANK,690.4000244140625,3.0585166583359222,-1.4008175517655346
2020-12-15,INFOSYS,INFOSYS,1156,-0.40276814497053415,0.5154498741009057
2020-12-15,LT,LT,1250,-0.0752,0.0781777810640234
2020-12-15,RELIANCE,RELIANCE,918.2462158203124,0.3612906630748447,-0.30843326668285886
2020-12-15,TCS,TCS,2786,-0.6704069577098662,1.1098965907262635
2020-12-16,HDFCBANK,HDFCBANK,702,2.9686609686609686,-1.3784287503139403
2020-12-16,INFOSYS,INFOSYS,1160,-0.39482758620689656,0.5022418800745996
2020-12-16,LT,LT,1256.25,-0.07661691542288557,0.07971108770697555
2020-12-16,RELIANCE,RELIANCE,917.461669921875,0.36926701265566114,-0.31427556940323687
2020-12-16,TCS,TCS,2779,-0.6698590608413548,1.1082356273383542
2020-12-17,HDFCBANK,HDFCBANK,709.29998779296875,2.9179473393860222,-1.3655678787444314
2020-12-17,INFOSYS,INFOSYS,1165.9000244140625,-0.39162880783930315,0.49697006988127335
2020-12-17,LT,LT,1270,-0.08196848471333662,0.08552355857329186
2020-12-17,RELIANCE,RELIANCE,915.846435546875,0.38669535711153474,-0.32692347561568713
2020-12-17,TCS,TCS,2811,-0.6741919475108947,1.121446867069582
2020-12-18,HDFCBANK,HDFCBANK,717.5,2.9177700348432056,-1.3655226232727555
2020-12-18,INFOSYS,INFOSYS,1182.8499755859375,-0.3934141989185242,0.49990909138460715
2020-12-18,LT,LT,1283.949951171875,-0.07874136798997691,0.0820144656337245
2020-12-18,RELIANCE,RELIANCE,913.81585693359375,0.4050423194453044,-0.3400674229337328
2020-12-18,TCS,TCS,2868,-0.6813752242212017,1.1437411200011356
2020-12-21,HDFCBANK,HDFCBANK,708.75,3.0465608465608467,-1.3978673466775495
2020-12-21,INFOSYS,INFOSYS,1188,-0.4034090909090909,0.5165236448806292
2020-12-21,LT,LT,1276.25,-0.06914789422135162,0.07165486955628442
2020-12-21,RELIANCE,RELIANCE,927.61468505859375,0.37584065944297157,-0.31906493298241223
2020-12-21,TCS,TCS,2861,-0.6757725672636862,1.1263100565536472
2020-12-22,HDFCBANK,HDFCBANK,692.4000244140625,3.1320044759113004,-1.4187626344880009
2020-12-22,INFOSYS,INFOSYS,1182,-0.41421317731466795,0.5347993394039348
2020-12-22,LT,LT,1235.25,-0.04310868245294475,0.044065459759815795
2020-12-22,RELIANCE,RELIANCE,899.46319580078125,0.37331911496420017,-0.3172305214583231
2020-12-22,TCS,TCS,2834,-0.6826170798162381,1.1476462839830894
2020-12-23,HDFCBANK,HDFCBANK,683.75,3.1447897623400367,-1.4218520665144352
2020-12-23,INFOSYS,INFOSYS,1238,-0.4476978998384491,0.5936600995083507
2020-12-23,LT,LT,1268,-0.02365930599369085,0.02394368175262951
2020-12-23,RELIANCE,RELIANCE,890.6947021484375,0.42360788375800085,-0.3531944125410673
2020-12-23,TCS,TCS,2876.050048828125,-0.6903062578791492,1.1721713984685085
2020-12-24,HDFCBANK,HDFCBANK,694.70001220703125,3.1399884817779706,-1.420693005654119
2020-12-24,INFOSYS,INFOSYS,1249.9000244140625,-0.44419553673286954,0.5873387313584955
2020-12-24,LT,LT,1275,-0.01968625536151961,0.019882610963537495
2020-12-24,RELIANCE,RELIANCE,898.5401611328125,0.4189682945196072,-0.3499300543903052
2020-12-24,TCS,TCS,2909,-0.6911171670220652,1.1747932552929807
2020-12-28,HDFCBANK,HDFCBANK,702.5,3.1409252669039147,-1.4209192572873013
2020-12-28,INFOSYS,INFOSYS,1238.449951171875,-0.4327586679338442,0.566970436062725
2020-12-28,LT,LT,1275,-0.028666704963235295,0.029085620321900763
2020-12-28,RELIANCE,RELIANCE,926.0917358398436,0.3767534582778048,-0.3197281610714482
2020-12-28,TCS,TCS,2910,-0.6817554172371671,1.1449350636444597
2020-12-29,HDFCBANK,HDFCBANK,710.5250244140625,3.0955629992057547,-1.4099041923984288
2020-12-29,INFOSYS,INFOSYS,1235,-0.4246760935918522,0.5528220812949689
2020-12-29,LT,LT,1294.949951171875,-0.046295187792874025,0.04740107658099113
2020-12-29,RELIANCE,RELIANCE,927.1531982421876,0.39669469255674494,-0.3341085113343576
2020-12-29,TCS,TCS,2920,-0.6824817814239084,1.1472200809536162
2020-12-30,HDFCBANK,HDFCBANK,719.95001220703125,3.055837142149134,-1.4001571131526607
2020-12-30,INFOSYS,INFOSYS,1253,-0.4254189846711642,0.5541141727864014
2020-12-30,LT,LT,1288.199951171875,-0.02732491267357495,0.027705181312572158
2020-12-30,RELIANCE,RELIANCE,920.8075561523436,0.39898933557268496,-0.3357500727612841
2020-12-30,TCS,TCS,2934.39990234375,-0.6862024308899136,1.1590071853349873
2020-12-31,HDFCBANK,HDFCBANK,717.5,3.0897559614547037,-1.4084853011485672
2020-12-31,INFOSYS,INFOSYS,1243,-0.4227674979887369,0.549510143876935
2020-12-31,LT,LT,1293,-0.038669760247486466,0.039437287261145926
2020-12-31,RELIANCE,RELIANCE,919.9999389648436,0.405434875848845,-0.3403467750713345
2020-12-31,TCS,TCS,2900,-0.6827586417362608,1.1480924122740426
2021-01-01,HDFCBANK,HDFCBANK,720,3.0277777777777777,-1.3932148039644643
2021-01-01,INFOSYS,INFOSYS,1257.9000244140625,-0.4276174687766777,0.5579477502433132
2021-01-01,LT,LT,1283,-0.01956350396409782,0.01975740236222201
2021-01-01,RELIANCE,RELIANCE,917.461669921875,0.39842354406942343,-0.33534556221148737
2021-01-01,TCS,TCS,2880,-0.6814369201660156,1.143934770725843
2021-01-04,HDFCBANK,HDFCBANK,719,3.0055632823365785,-1.387684215408945
2021-01-04,INFOSYS,INFOSYS,1269,-0.43341213553979513,0.5681231099933406
2021-01-04,LT,LT,1305,-0.027586206896551724,0.027973852042406655
2021-01-04,RELIANCE,RELIANCE,920.7383422851564,0.4173407797498198,-0.34878242561939476
2021-01-04,TCS,TCS,2950,-0.687885307699947,1.1643845551964658
2021-01-05,HDFCBANK,HDFCBANK,709.5999755859375,3.157271845400077,-1.4248590527438827
2021-01-05,INFOSYS,INFOSYS,1282,-0.4464898786381143,0.5914752408906327
2021-01-05,LT,LT,1307,-0.019127773527161437,0.019313076143606445
2021-01-05,RELIANCE,RELIANCE,908.69317626953125,0.4383292778379193,-0.36348221628364463
2021-01-05,TCS,TCS,3039.60009765625,-0.7010484448364773,1.2074737415830459
2021-01-06,HDFCBANK,HDFCBANK,717.5,3.2363764427264807,-1.4437082912898465
2021-01-06,INFOSYS,INFOSYS,1300,-0.4480769230769231,0.5943465958158516
2021-01-06,LT,LT,1308,-0.0061162079510703364,0.006134988567516153
2021-01-06,RELIANCE,RELIANCE,907.26251220703125,0.44169959895964833,-0.36582269466383543
2021-01-06,TCS,TCS,3100,-0.7073346734816028,1.2287255531199284
2021-01-07,HDFCBANK,HDFCBANK,716.25,3.3280977312390925,-1.4651281224442876
2021-01-07,INFOSYS,INFOSYS,1296,-0.44733796296296297,0.5930086088832702
2021-01-07,LT,LT,1330,-0.02556390977443609,0.025896344303579788
2021-01-07,RELIANCE,RELIANCE,886.3104248046875,0.5006029070380014,-0.4058669653780491
2021-01-07,TCS,TCS,3075,-0.7117689675431911,1.2439929244028685
2021-01-08,HDFCBANK,HDFCBANK,716,3.2946927374301676,-1.4573800132799732
2021-01-08,INFOSYS,INFOSYS,1278.25,-0.43985918247604144,0.5795670669994628
2021-01-08,LT,LT,1349.800048828125,-0.053007887272076795,0.054464514523537844
2021-01-08,RELIANCE,RELIANCE,885.15667724609375,0.5249278274978767,-0.4219470827085532
2021-01-08,TCS,TCS,3090,-0.7135415283993224,1.2501617041166986
2021-01-11,HDFCBANK,HDFCBANK,725,3.2620689655172415,-1.449754715037117
2021-01-11,INFOSYS,INFOSYS,1342.0999755859375,-0.4598017933176121,0.6158191573581435
2021-01-11,LT,LT,1382,-0.028871218823489506,0.029296192114797392
2021-01-11,RELIANCE,RELIANCE,894.755859375,0.5445554063935911,-0.43473610608599067
2021-01-11,TCS,TCS,3230,-0.7229858020510835,1.2836865179750774
2021-01-12,HDFCBANK,HDFCBANK,726.2249755859375,3.447657555971482,-1.4923775656687646
2021-01-12,INFOSYS,INFOSYS,1378,-0.47298622961833275,0.6405286010256663
2021-01-12,LT,LT,1354,0.01772525849335303,-0.01756999810138371
2021-01-12,RELIANCE,RELIANCE,878.23419189453125,0.5417299992376114,-0.43290516203905316
2021-01-12,TCS,TCS,3176.449951171875,-0.723517069245644,1.285606193182625
2021-01-13,HDFCBANK,HDFCBANK,746.45001220703125,3.255408800624244,-1.4481908327627453
2021-01-13,INFOSYS,INFOSYS,1373.8499755859375,-0.4566728351189325,0.610043626893515
2021-01-13,LT,LT,1354,0.014660247847812039,-0.01455382527434157
2021-01-13,RELIANCE,RELIANCE,906.177978515625,0.494187711577294,-0.40158272244415993
2021-01-13,TCS,TCS,3175,-0.7145896130659449,1.2538271802987317
2021-01-14,HDFCBANK,HDFCBANK,735.57501220703125,3.3163510822284166,-1.4624103884408175
2021-01-14,INFOSYS,INFOSYS,1360,-0.45913602043600643,0.6145874558441227
2021-01-14,LT,LT,1358,0.0014727540500736377,-0.0014716706114556999
2021-01-14,RELIANCE,RELIANCE,897.6171875,0.5128943818268854,-0.41402462524922257
2021-01-14,TCS,TCS,3155,-0.7154937599049128,1.2570000921058941
2021-01-15,HDFCBANK,HDFCBANK,734.54998779296875,3.2951467598270923,-1.457485724777258
2021-01-15,INFOSYS,INFOSYS,1360,-0.4598897148581112,0.615981928532042
2021-01-15,LT,LT,1376.699951171875,-0.01213042185238669,0.012204595871286195
2021-01-15,RELIANCE,RELIANCE,904.81658935546875,0.5215237732903909,-0.4197123151361337
2021-01-15,TCS,TCS,3235,-0.7203039909256665,1.2740519474697516
2021-01-18,HDFCBANK,HDFCBANK,734.95001220703125,3.4016599037605277,-1.4819817206376689
2021-01-18,INFOSYS,INFOSYS,1338,-0.45071000582434134,0.5991287543908408
2021-01-18,LT,LT,1345.199951171875,-0.005352327856987165,0.005366702879899599
2021-01-18,RELIANCE,RELIANCE,899.50933837890625,0.49548191861597723,-0.4024485084871765
2021-01-18,TCS,TCS,3250,-0.7232278958834134,1.2845608402428859
2021-01-19,HDFCBANK,HDFCBANK,745.9000244140625,3.3571522906880435,-1.471818699631652
2021-01-19,INFOSYS,INFOSYS,1320,-0.4349242239287405,0.5707954398882862
2021-01-19,LT,LT,1340.050048828125,-0.014962164171150762,0.015075226538786346
2021-01-19,RELIANCE,RELIANCE,920.5306396484376,0.45573649709248915,-0.3755119561244893
2021-01-19,TCS,TCS,3233,-0.7152704486085872,1.2562154917307193
2021-01-20,HDFCBANK,HDFCBANK,750.5,3.307794803464357,-1.4604261266519165
2021-01-20,INFOSYS,INFOSYS,1320.550048828125,-0.43167621653870336,0.5650639813677127
2021-01-20,LT,LT,1369,-0.035390760534605555,0.03603219284721959
2021-01-20,RELIANCE,RELIANCE,932.87579345703125,0.4675051165458897,-0.38356375928704445
2021-01-20,TCS,TCS,3270,-0.7147168827348528,1.254273197889895
2021-01-21,HDFCBANK,HDFCBANK,746,3.383378016085791,-1.477819663687539
2021-01-21,INFOSYS,INFOSYS,1350,-0.4474074074074074,0.5931342712287151
2021-01-21,LT,LT,1395,-0.03225806451612903,0.03278982282299037
2021-01-21,RELIANCE,RELIANCE,960.8426513671876,0.4518506209263794,-0.37283903296040766
2021-01-21,TCS,TCS,3305,-0.7092760510235439,1.2353810909907281
2021-01-22,HDFCBANK,HDFCBANK,733.95001220703125,3.503031466763886,-1.504750829250579
2021-01-22,INFOSYS,INFOSYS,1327,-0.4469103148402176,0.5922351112969997
2021-01-22,LT,LT,1362,-0.02569750367107195,0.0260334523772503
2021-01-22,RELIANCE,RELIANCE,974.22613525390625,0.39803270587175404,-0.33506603829601556
2021-01-22,TCS,TCS,3241.89990234375,-0.6994891376659766,1.2022713781259942
2021-01-25,HDFCBANK,HDFCBANK,732.54998779296875,3.425499906308055,-1.4873832452558657
2021-01-25,INFOSYS,INFOSYS,1345,-0.45535316892716077,0.6076177107523693
2021-01-25,LT,LT,1370,-0.01824817518248175,0.018416726786231408
2021-01-25,RELIANCE,RELIANCE,939.12908935546875,0.4587983862157237,-0.3776130737108412
2021-01-25,TCS,TCS,3308.949951171875,-0.7161851635069689,1.2594332376345116
2021-01-27,HDFCBANK,HDFCBANK,734,3.5081062005066417,-1.5058771541313263
2021-01-27,INFOSYS,INFOSYS,1319.5999755859375,-0.44377082935752216,0.5865748922388025
2021-01-27,LT,LT,1368.800048828125,-0.03594394468666867,0.03660583739687784
2021-01-27,RELIANCE,RELIANCE,888.38720703125,0.540769653136142,-0.43228206634345323
2021-01-27,TCS,TCS,3300,-0.7307917554450758,1.3122700555478293
2021-01-28,HDFCBANK,HDFCBANK,694.95001220703125,3.748542977242086,-1.5578378293584674
2021-01-28,INFOSYS,INFOSYS,1291.800048828125,-0.46202973684862053,0.6199519933007851
2021-01-28,LT,LT,1344.699951171875,-0.03933955846257669,0.04013427112139656
2021-01-28,RELIANCE,RELIANCE,867.68890380859375,0.5497489310621709,-0.4380929378510947
2021-01-28,TCS,TCS,3230,-0.7313656644555437,1.3144041715495112
2021-01-29,HDFCBANK,HDFCBANK,695.67498779296875,3.6429727339302307,-1.535354836509284
2021-01-29,INFOSYS,INFOSYS,1286.25,-0.45914481026785714,0.6146037074408408
2021-01-29,LT,LT,1362,-0.05561674008810573,0.05722319956119826
2021-01-29,RELIANCE,RELIANCE,874.2191162109375,0.5579618138564788,-0.4433784374283416
2021-01-29,TCS,TCS,3210.050048828125,-0.727661842365952,1.300710758256641
2021-02-01,HDFCBANK,HDFCBANK,705.125,3.552455307680376,-1.515666715477617
2021-02-01,INFOSYS,INFOSYS,1250.550048828125,-0.4361481168540484,0.5729636805099112
2021-02-01,LT,LT,1345.75,-0.07074118608350362,0.07336798487101603
2021-02-01,RELIANCE,RELIANCE,858.11279296875,0.5682670285618365,-0.44997120625671894
2021-02-01,TCS,TCS,3100,-0.7231894216229838,1.284421839288889
2021-02-02,HDFCBANK,HDFCBANK,750.5,3.1305796135909394,-1.4184177393997208
2021-02-02,INFOSYS,INFOSYS,1280,-0.413671875,0.5338757058401464
2021-02-02,LT,LT,1474,-0.13161465400271372,0.141119715835619
2021-02-02,RELIANCE,RELIANCE,883.42608642578125,0.6685040465168948,-0.5119274444487205
2021-02-02,TCS,TCS,3174,-0.7216678996768175,1.2789402727857926
2021-02-03,HDFCBANK,HDFCBANK,789.5,3.0202659911336287,-1.3913480673906573
2021-02-03,INFOSYS,INFOSYS,1277.6500244140625,-0.3820686534545568,0.48137791742766023
2021-02-03,LT,LT,1530,-0.16493462456597222,0.1802452632631244
2021-02-03,RELIANCE,RELIANCE,889.91015625,0.7192746809939556,-0.5419025047895989
2021-02-03,TCS,TCS,3213,-0.7230282738095238,1.2838398495189756
2021-02-04,HDFCBANK,HDFCBANK,783,3.103448275862069,-1.411827663125055
2021-02-04,INFOSYS,INFOSYS,1285,-0.3906614785992218,0.49538130133851777
2021-02-04,LT,LT,1525,-0.15737704918032788,0.17123569171219177
2021-02-04,RELIANCE,RELIANCE,887.9256591796875,0.7174861253687334,-0.5408616666938091
2021-02-04,TCS,TCS,3216.050048828125,-0.7239080096084846,1.2870211702766161
2021-02-05,HDFCBANK,HDFCBANK,774,3.155103422258559,-1.424337319034592
2021-02-05,INFOSYS,INFOSYS,1286.4000244140625,-0.3983209069414109,0.5080310438135678
2021-02-05,LT,LT,1534.4000244140625,-0.1616266919017439,0.17629180263702438
2021-02-05,RELIANCE,RELIANCE,890.7177734375,0.7226556718324297,-0.543867095341608
2021-02-05,TCS,TCS,3198.949951171875,-0.7215593282066816,1.2785502699805225
2021-02-08,HDFCBANK,HDFCBANK,810,2.949320927372685,-1.3735436470127498
2021-02-08,INFOSYS,INFOSYS,1285.5,-0.36989498249708286,0.46186877903946044
2021-02-08,LT,LT,1521.1500244140625,-0.15491570235147148,0.1683188960699109
2021-02-08,RELIANCE,RELIANCE,892.10223388671875,0.70512971118422485,-0.5336411847826712
2021-02-08,TCS,TCS,3189.5,-0.7203002872278669,1.2740387056888265
2021-02-09,HDFCBANK,HDFCBANK,805,2.962111801242236,-1.3767771662634471
2021-02-09,INFOSYS,INFOSYS,1306.9000244140625,-0.38403857604875713,0.48457094086532226
2021-02-09,LT,LT,1557,-0.16062939986251606,0.17510295355011252
2021-02-09,RELIANCE,RELIANCE,905.43963623046875,0.7196066283138552,-0.5420955601998179
2021-02-09,TCS,TCS,3195,-0.7166073126039222,1.2609217551774554
2021-02-10,HDFCBANK,HDFCBANK,804.17498779296875,2.9730158839788965,-1.3795254748055674
2021-02-10,INFOSYS,INFOSYS,1295.800048828125,-0.37939885978532284,0.47706668969162536
2021-02-10,LT,LT,1560,-0.16935894305889423,0.1855575185458891
2021-02-10,RELIANCE,RELIANCE,901.6553344726564,0.7301511346487892,-0.5482087657625963
2021-02-10,TCS,TCS,3185,-0.7169057034622743,1.2619752335252779
2021-02-11,HDFCBANK,HDFCBANK,791,3.0265486725663715,-1.3929096002386103
2021-02-11,INFOSYS,INFOSYS,1289,-0.38634600465477115,0.4883240351715328
2021-02-11,LT,LT,1549.4000244140625,-0.16806507055047848,0.18400105101572262
2021-02-11,RELIANCE,RELIANCE,913.7696533203124,0.6956133515532021,-0.528044534700542
2021-02-11,TCS,TCS,3215,-0.7157792680185653,1.2580041174173529
2021-02-12,HDFCBANK,HDFCBANK,786.95001220703125,3.085392909498038,-1.4074179071622845
2021-02-12,INFOSYS,INFOSYS,1305,-0.3969731707225814,0.5057935902473583
2021-02-12,LT,LT,1535,-0.1498371335504886,0.16232734026450313
2021-02-12,RELIANCE,RELIANCE,948.6129150390624,0.6181521204956303,-0.4812848318285594
2021-02-12,TCS,TCS,3184.199951171875,-0.7020875166178097,1.2109555155346623
2021-02-15,HDFCBANK,HDFCBANK,800.04998779296875,2.980001249616742,-1.3812821332703518
2021-02-15,INFOSYS,INFOSYS,1320,-0.3939015243992661,0.500712805123368
2021-02-15,LT,LT,1527,-0.13555992141453832,0.14567328963821602
2021-02-15,RELIANCE,RELIANCE,945.1747436523436,0.6155742737045296,-0.479690480901537
2021-02-15,TCS,TCS,3209,-0.7054612827509057,1.222344816792762
2021-02-16,HDFCBANK,HDFCBANK,810.5999755859375,2.9587960728476372,-1.3759399570341575
2021-02-16,INFOSYS,INFOSYS,1314,-0.3831050414110065,0.4830565149688555
2021-02-16,LT,LT,1540,-0.14675324675324675,0.15870649636311907
2021-02-16,RELIANCE,RELIANCE,941.34429931640625,0.6359582791528359,-0.49222873611505946
2021-02-16,TCS,TCS,3150,-0.7011605398995536,1.207848772527063
2021-02-17,HDFCBANK,HDFCBANK,810,2.888888888888889,-1.358123484153194
2021-02-17,INFOSYS,INFOSYS,1290.4000244140625,-0.37228767461640416,0.46567329806427793
2021-02-17,LT,LT,1544,-0.16424868885099578,0.17942418485395972
2021-02-17,RELIANCE,RELIANCE,950.68963623046875,0.6240841817967387,-0.48494407647777926
2021-02-17,TCS,TCS,3105.10009765625,-0.6938296330775116,1.1836135773114673
2021-02-18,HDFCBANK,HDFCBANK,802.9749755859375,2.86699485297214,-1.3524776816111208
2021-02-18,INFOSYS,INFOSYS,1276,-0.37070926678218064,0.4631619140974461
2021-02-18,LT,LT,1542.199951171875,-0.1726105301518114,0.18947975183278043
2021-02-18,RELIANCE,RELIANCE,962.2271728515624,0.602739971062719,-0.47171464653463957
2021-02-18,TCS,TCS,3065,-0.6860596499668637,1.158552279167436
2021-02-19,HDFCBANK,HDFCBANK,772.5,2.9676375404530746,-1.3781708395984111
2021-02-19,INFOSYS,INFOSYS,1296.0999755859375,-0.40398116306516385,0.5174830068208705
2021-02-19,LT,LT,1523.8499755859375,-0.14945696994379487,0.1618802745915895
2021-02-19,RELIANCE,RELIANCE,949.30517578125,0.605226658889597,-0.4732649671032654
2021-02-19,TCS,TCS,3058,-0.6895666527857259,1.169786063407912
2021-02-22,HDFCBANK,HDFCBANK,772.5250244140625,2.958447821569797,-1.3758519841782721
2021-02-22,INFOSYS,INFOSYS,1295,-0.4034555796030405,0.51660157182290245
2021-02-22,LT,LT,1510.9000244140625,-0.14289497711656338,0.15419482077077973
2021-02-22,RELIANCE,RELIANCE,959.919677734375,0.5739858859650885,-0.4536111829696763
2021-02-22,TCS,TCS,3096,-0.6899484245044009,1.1710166227748768
2021-02-23,HDFCBANK,HDFCBANK,776.875,2.9851971037811746,-1.3825867724446423
2021-02-23,INFOSYS,INFOSYS,1271.1500244140625,-0.38884082517474594,0.49239783847646823
2021-02-23,LT,LT,1462,-0.13054033897806944,0.13988333956827947
2021-02-23,RELIANCE,RELIANCE,945.15167236328125,0.5468416792242223,-0.43621522583938077
2021-02-23,TCS,TCS,2970,-0.6817671136823968,1.144971817326403
2021-02-24,HDFCBANK,HDFCBANK,763.25,2.891254503766787,-1.3587316001817582
2021-02-24,INFOSYS,INFOSYS,1260.050048828125,-0.3942700921206743,0.5013210888338291
2021-02-24,LT,LT,1486.699951171875,-0.15245167807067975,0.1654074243271939
2021-02-24,RELIANCE,RELIANCE,936.8446655273436,0.5869225773250483,-0.46179665479974297
2021-02-24,TCS,TCS,2972,-0.6847763574941643,1.1544729158613825
2021-02-25,HDFCBANK,HDFCBANK,804.875,2.6924988352228607,-1.3063034199793027
2021-02-25,INFOSYS,INFOSYS,1288.449951171875,-0.3753152776575081,0.47050820077255384
2021-02-25,LT,LT,1534,-0.16007173978365385,0.17443879529630024
2021-02-25,RELIANCE,RELIANCE,958.07366943359375,0.6011294840269327,-0.47070930771293895
2021-02-25,TCS,TCS,2974,-0.6778501447768682,1.132738452805838
2021-02-26,HDFCBANK,HDFCBANK,793.5250244140625,2.747833916385934,-1.321178050797208
2021-02-26,INFOSYS,INFOSYS,1269,-0.37468477193533295,0.4694993914914951
2021-02-26,LT,LT,1482,-0.1437246963562753,0.1551633381416444
2021-02-26,RELIANCE,RELIANCE,976.9951782226564,0.5168959203013114,-0.41666608911441827
2021-02-26,TCS,TCS,2960,-0.6699340614112648,1.1084628305764923
2021-03-01,HDFCBANK,HDFCBANK,782,2.785166240409207,-1.3310898067727948
2021-03-01,INFOSYS,INFOSYS,1263.300048828125,-0.38098632963292717,0.4796279219419306
2021-03-01,LT,LT,1456,-0.13234886756310096,0.1419655662693895
2021-03-01,RELIANCE,RELIANCE,973.85693359375,0.4950861361401764,-0.40218382133017894
2021-03-01,TCS,TCS,2926,-0.6671712462085612,1.1001271741536174
2021-03-02,HDFCBANK,HDFCBANK,787.8499755859375,2.71390504622899,-1.3120838961602272
2021-03-02,INFOSYS,INFOSYS,1282.25,-0.3855722553433905,0.4870639408495352
2021-03-02,LT,LT,1479.300048828125,-0.13320492281753424,0.14295268863639965
2021-03-02,RELIANCE,RELIANCE,979.3026733398436,0.5105646998624798,-0.412483554335064
2021-03-02,TCS,TCS,2960,-0.6691545022500528,1.1061037867473926
2021-03-03,HDFCBANK,HDFCBANK,792,2.7373737373737375,-1.31838315550368
2021-03-03,INFOSYS,INFOSYS,1319.199951171875,-0.39963612089551054,0.5102193424175265
2021-03-03,LT,LT,1493.5,-0.11670575750125545,0.12409690342421165
2021-03-03,RELIANCE,RELIANCE,978.8642578125,0.5257478124061586,-0.42248465865881357
2021-03-03,TCS,TCS,3035,-0.6774747091227348,1.1315737244962483
2021-03-04,HDFCBANK,HDFCBANK,774.2750244140625,2.919795814538581,-1.3660395643178251
2021-03-04,INFOSYS,INFOSYS,1335,-0.420018708304073,0.5447594316585764
2021-03-04,LT,LT,1473,-0.09368635437881874,0.09836984562828022
2021-03-04,RELIANCE,RELIANCE,1006.0696411132813,0.46411335737159315,-0.38124984244020954
2021-03-04,TCS,TCS,3023,-0.667194958282077,1.1001984207570379
2021-03-05,HDFCBANK,HDFCBANK,765.5,2.9490529065969953,-1.37347577968172
2021-03-05,INFOSYS,INFOSYS,1328.5,-0.4237862250658638,0.5512765501021297
2021-03-05,LT,LT,1453.5999755859375,-0.08606217507365493,0.08999273508650774
2021-03-05,RELIANCE,RELIANCE,994.99365234375,0.4609138180549401,-0.37906214270215255
2021-03-05,TCS,TCS,3016.10009765625,-0.6701058916721832,1.1089835598709508
2021-03-08,HDFCBANK,HDFCBANK,771,2.9119326817850193,-1.3640315438918451
2021-03-08,INFOSYS,INFOSYS,1324.800048828125,-0.41802538376866644,0.541328446924644
2021-03-08,LT,LT,1478,-0.10365355289030785,0.10942828102017366
2021-03-08,RELIANCE,RELIANCE,1000.7623901367188,0.4768740457943105,-0.3899277228610254
2021-03-08,TCS,TCS,3016,-0.6681822313870296,1.1031693504807256
2021-03-09,HDFCBANK,HDFCBANK,772.5,2.9042071197411,-1.362054720355946
2021-03-09,INFOSYS,INFOSYS,1329.5,-0.4189544941707409,0.5429262019111736
2021-03-09,LT,LT,1525,-0.12819672131147541,0.1371914783584378
2021-03-09,RELIANCE,RELIANCE,1015.2996215820313,0.5020196674788059,-0.4068106474498272
2021-03-09,TCS,TCS,3006.949951171875,-0.6623490120990053,1.0857424971518688
2021-03-10,HDFCBANK,HDFCBANK,786,2.8256360701932253,-1.3417247463143473
2021-03-10,INFOSYS,INFOSYS,1356.9000244140625,-0.42073845835516804,0.5460011907152298
2021-03-10,LT,LT,1523,-0.10906104765984077,0.1154793697507257
2021-03-10,RELIANCE,RELIANCE,1018.5301513671876,0.4952920126671314,-0.4023215139677214
2021-03-10,TCS,TCS,3075,-0.6687706824822155,1.1049443413131783
2021-03-12,HDFCBANK,HDFCBANK,800,2.84375,-1.3464484525726919
2021-03-12,INFOSYS,INFOSYS,1373,-0.41733430444282593,0.5401416781000439
2021-03-12,LT,LT,1526.300048828125,-0.10043899883632118,0.1058484111442759
2021-03-12,RELIANCE,RELIANCE,1012.9921264648438,0.5067244936588318,-0.40993808518651953
2021-03-12,TCS,TCS,3075,-0.6705716661902947,1.1103964485148916
2021-03-15,HDFCBANK,HDFCBANK,774.20001220703125,2.9718418386923307,-1.3792299263297876
2021-03-15,INFOSYS,INFOSYS,1370,-0.4348905020386633,0.5707357649113396
2021-03-15,LT,LT,1520,-0.09868421052631579,0.10389959501815138
2021-03-15,RELIANCE,RELIANCE,987.6327514648436,0.5390336111733399,-0.43115469423706543
2021-03-15,TCS,TCS,3041,-0.6752276384528629,1.1246307680741081
2021-03-16,HDFCBANK,HDFCBANK,765.45001220703125,2.9728263786055056,-1.3794777755517522
2021-03-16,INFOSYS,INFOSYS,1386.050048828125,-0.447747205914965,0.5937493772378781
2021-03-16,LT,LT,1488.300048828125,-0.06870254427560545,0.07117655141960721
2021-03-16,RELIANCE,RELIANCE,975.61065673828125,0.5255061417675541,-0.4223262512350203
2021-03-16,TCS,TCS,3060,-0.6811729879940257,1.1431066053983479
2021-03-17,HDFCBANK,HDFCBANK,762.125,3.0150893882237164,-1.3900596107184455
2021-03-17,INFOSYS,INFOSYS,1392.25,-0.45259472077572277,0.602565838241798
2021-03-17,LT,LT,1476,-0.05674119241192412,0.058414582690639705
2021-03-17,RELIANCE,RELIANCE,968.249755859375,0.5244000745344559,-0.42160093891185735
2021-03-17,TCS,TCS,3105,-0.6881643298359501,1.165278928119018
2021-03-18,HDFCBANK,HDFCBANK,755.875,3.1078220605258804,-1.4128929757742013
2021-03-18,INFOSYS,INFOSYS,1393.75,-0.45766816143497757,0.6118772166150519
2021-03-18,LT,LT,1455.550048828125,-0.04245820944314537,0.043385913389585085
2021-03-18,RELIANCE,RELIANCE,956.64300537109375,0.5215185190880051,-0.419708861879899
2021-03-18,TCS,TCS,3125.949951171875,-0.6939672674501837,1.1840632136334985
2021-03-19,HDFCBANK,HDFCBANK,742.5,3.2100336042718856,-1.4374706296747588
2021-03-19,INFOSYS,INFOSYS,1330,-0.4417293233082707,0.5829113505389447
2021-03-19,LT,LT,1415,-0.06007067137809187,0.06195058886153859
2021-03-19,RELIANCE,RELIANCE,918.84619140625,0.539974821938817,-0.4317660669015071
2021-03-19,TCS,TCS,3030,-0.6967504318791254,1.1931991553275836
2021-03-22,HDFCBANK,HDFCBANK,747.45001220703125,3.0537827955252483,-1.399650468776323
2021-03-22,INFOSYS,INFOSYS,1350.0999755859375,-0.4463743235884134,0.5912664949529569
2021-03-22,LT,LT,1409,-0.041802714275416965,0.042701587218631154
2021-03-22,RELIANCE,RELIANCE,955.76617431640625,0.4742099457618499,-0.3881222162988278
2021-03-22,TCS,TCS,3048.699951171875,-0.6865004134142411,1.1599572376157443
2021-03-23,HDFCBANK,HDFCBANK,735,3.147891090029762,-1.4226000340027598
2021-03-23,INFOSYS,INFOSYS,1372.449951171875,-0.4644613456596974,0.6244822080574259
2021-03-23,LT,LT,1401.9000244140625,-0.021007256387270867,0.021231048519209317
2021-03-23,RELIANCE,RELIANCE,951.589599609375,0.4732191534980403,-0.3874499067926367
2021-03-23,TCS,TCS,3140,-0.6969459873855494,1.1938442299054648
2021-03-24,HDFCBANK,HDFCBANK,745.45001220703125,3.212220737247689,-1.4379899996525065
2021-03-24,INFOSYS,INFOSYS,1357.8499755859375,-0.4510070879624564,0.5996697482343771
2021-03-24,LT,LT,1400,-0.03010716029575893,0.03056968811917926
2021-03-24,RELIANCE,RELIANCE,959.80426025390625,0.4586307416781465,-0.3774981474998427
2021-03-24,TCS,TCS,3111.199951171875,-0.6915002972109255,1.1760343990437248
2021-03-25,HDFCBANK,HDFCBANK,745.0999755859375,3.17554697773982,-1.429245362353706
2021-03-25,INFOSYS,INFOSYS,1346.75,-0.44674217517286985,0.5919311567671173
2021-03-25,LT,LT,1361,-0.01047024246877296,0.010525441090822873
2021-03-25,RELIANCE,RELIANCE,947.920654296875,0.43577417986479966,-0.3617042018983945
2021-03-25,TCS,TCS,3112.199951171875,-0.6954178172453404,1.188814334143074
2021-03-26,HDFCBANK,HDFCBANK,747,3.1662649948753345,-1.427019949763328
2021-03-26,INFOSYS,INFOSYS,1344.699951171875,-0.4444857387337549,0.5878609973854685
2021-03-26,LT,LT,1386.300048828125,-0.030008004177317624,0.030467459247947914
2021-03-26,RELIANCE,RELIANCE,928.53765869140625,0.4929928106328461,-0.4007827031622355
2021-03-26,TCS,TCS,3090.64990234375,-0.6995655645153264,1.2025257335558113
2021-03-30,HDFCBANK,HDFCBANK,753.32501220703125,3.1026779308561805,-1.4116399143654714
2021-03-30,INFOSYS,INFOSYS,1346.9000244140625,-0.4406971575082213,0.5810641949365447
2021-03-30,LT,LT,1408,-0.04339486902410334,0.044364583987104744
2021-03-30,RELIANCE,RELIANCE,926.691650390625,0.519383496556261,-0.4183046582116594
2021-03-30,TCS,TCS,3083,-0.6994188613718375,1.2020375493798223
2021-03-31,HDFCBANK,HDFCBANK,774,2.983204134366925,-1.3820865542964231
2021-03-31,INFOSYS,INFOSYS,1382,-0.4399421128798842,0.5797151307378883
2021-03-31,LT,LT,1423.5999755859375,-0.029221674837986298,0.029657132158897426
2021-03-31,RELIANCE,RELIANCE,931.3067016601564,0.5286048871421352,-0.4243554809575656
2021-03-31,TCS,TCS,3155,-0.7048156254642928,1.2201551194463658
2021-04-01,HDFCBANK,HDFCBANK,749.70001220703125,3.2083499381466463,-1.437070632183742
2021-04-01,INFOSYS,INFOSYS,1380,-0.4567391215891078,0.6101656353596789
2021-04-01,LT,LT,1432,-0.036312849162011177,0.03698856936934103
2021-04-01,RELIANCE,RELIANCE,931.3067016601564,0.5376244984034829,-0.43023869199164366
2021-04-01,TCS,TCS,3191.10009765625,-0.7081549706497242,1.2315323389994735
2021-04-05,HDFCBANK,HDFCBANK,740,3.3122974292652025,-1.4614708083302057
2021-04-05,INFOSYS,INFOSYS,1391,-0.4680086268871316,0.6311280057252278
2021-04-05,LT,LT,1439,-0.03335649756775538,0.03392551496392482
2021-04-05,RELIANCE,RELIANCE,934.51409912109375,0.5398376561181613,-0.43167699276356863
2021-04-05,TCS,TCS,3171,-0.7052935669753725,1.2217755604145486
2021-04-06,HDFCBANK,HDFCBANK,730,3.3438356164383563,-1.468757740395911
2021-04-06,INFOSYS,INFOSYS,1423,-0.4869992972593113,0.6674780639474154
2021-04-06,LT,LT,1405.9000244140625,0.012163009665686765,-0.012089634638557278
2021-04-06,RELIANCE,RELIANCE,924.845703125,0.5201454898515588,-0.41880604728520954
2021-04-06,TCS,TCS,3275,-0.7176043654580153,1.2644462319032668
2021-04-07,HDFCBANK,HDFCBANK,719.6500244140625,3.550823162503882,-1.515308131435762
2021-04-07,INFOSYS,INFOSYS,1410.25,-0.4897003904172576,0.6727572559864949
2021-04-07,LT,LT,1402,0.005884450784593438,-0.0058672050255497155
2021-04-07,RELIANCE,RELIANCE,922.99969482421875,0.5189604155470547,-0.41802616372638735
2021-04-07,TCS,TCS,3259,-0.7167843833003318,1.2615467749694131
2021-04-08,HDFCBANK,HDFCBANK,726.5,3.4858912594631795,-1.5009371958272233
2021-04-08,INFOSYS,INFOSYS,1430,-0.49195804195804194,0.6771912402436149
2021-04-08,LT,LT,1410,0.014184397163120567,-0.014084739881738528
2021-04-08,RELIANCE,RELIANCE,928.076171875,0.5192718472141843,-0.4182311721926837
2021-04-08,TCS,TCS,3270,-0.7161846569189603,1.2594314527117687
2021-04-09,HDFCBANK,HDFCBANK,713,3.5862552594670407,-1.5230638434770034
2021-04-09,INFOSYS,INFOSYS,1455,-0.5099656357388316,0.7132797591912974
2021-04-09,LT,LT,1414,0.028995756718528994,-0.028583333149075685
2021-04-09,RELIANCE,RELIANCE,922.28436279296875,0.5331497063638385,-0.42732425093629534
2021-04-09,TCS,TCS,3354,-0.7250195698291685,1.2910553468629322
2021-04-12,HDFCBANK,HDFCBANK,696.5,3.815506101938263,-1.5718411491632942
2021-04-12,INFOSYS,INFOSYS,1474,-0.5274762550881954,0.7496672795294215
2021-04-12,LT,LT,1393.949951171875,0.05742677401066516,-0.05583838510642991
2021-04-12,RELIANCE,RELIANCE,904.0781860351564,0.5418466817400561,-0.4329808420136887
2021-04-12,TCS,TCS,3322.25,-0.7278717176506415,1.3014816975824548
2021-04-13,HDFCBANK,HDFCBANK,684,3.8570906432748537,-1.5804396255890678
2021-04-13,INFOSYS,INFOSYS,1433,-0.5226796929518492,0.7395675102056218
2021-04-13,LT,LT,1347.25,0.063648172202635,-0.06170467101456634
2021-04-13,RELIANCE,RELIANCE,887.9256591796875,0.5173004474773941,-0.4169327344659024
2021-04-13,TCS,TCS,3214,-0.7237319044244905,1.2863835239497545
2021-04-15,HDFCBANK,HDFCBANK,702.5,3.57508896797153,-1.5206261450895573
2021-04-15,INFOSYS,INFOSYS,1332.300048828125,-0.47271637449994053,0.6400166864077619
2021-04-15,LT,LT,1378.949951171875,-0.03383001848914491,0.034415495952568875
2021-04-15,RELIANCE,RELIANCE,888.98712158203125,0.5511472750222878,-0.4389948345686694
2021-04-15,TCS,TCS,3160.300048828125,-0.7187016714088026,1.2683395052345245
2021-04-16,HDFCBANK,HDFCBANK,717.4749755859375,3.4047529967818253,-1.4826841844406777
2021-04-16,INFOSYS,INFOSYS,1365,-0.47437730726304944,0.6431716378256516
2021-04-16,LT,LT,1360.5,0.0033076074972436605,-0.003302149395759457
2021-04-16,RELIANCE,RELIANCE,893.7406005859375,0.5222537715172103,-0.42019198109730826
2021-04-16,TCS,TCS,3229,-0.7232144315311435,1.284512193632282
2021-04-19,HDFCBANK,HDFCBANK,695,3.646043165467626,-1.5360159251934826
2021-04-19,INFOSYS,INFOSYS,1340,-0.48134328358208955,0.656513047380165
2021-04-19,LT,LT,1340,0,0
2021-04-19,RELIANCE,RELIANCE,878.6956787109375,0.5249875838308483,-0.4219862682759672
2021-04-19,TCS,TCS,3169,-0.7227214645910579,1.2827327350219306
2021-04-20,HDFCBANK,HDFCBANK,712.5,3.447719298245614,-1.4923914475481146
2021-04-20,INFOSYS,INFOSYS,1379,-0.48332124728063813,0.6603339656504961
2021-04-20,LT,LT,1320,0.0446969696969697,-0.043726862212885464
2021-04-20,RELIANCE,RELIANCE,881.6954345703125,0.49711561185897696,-0.4035403314861963
2021-04-20,TCS,TCS,3225,-0.7266060667999031,1.2968415451356519
2021-04-22,HDFCBANK,HDFCBANK,690,3.6739130434782608,-1.5419966316385674
2021-04-22,INFOSYS,INFOSYS,1355.550048828125,-0.49098153875136813,0.6752709934456647
2021-04-22,LT,LT,1310,0.03477102963979008,-0.03418017484177227
2021-04-22,RELIANCE,RELIANCE,873.2730712890625,0.5001035106536296,-0.4055341128297032
2021-04-22,TCS,TCS,3148,-0.7225943229704376,1.2822743061718
2021-04-23,HDFCBANK,HDFCBANK,704.5,3.468417317246274,-1.4970342781985586
2021-04-23,INFOSYS,INFOSYS,1343,-0.47542814594192107,0.6451728651845023
2021-04-23,LT,LT,1330,0.009774436090225564,-0.009726975307438046
2021-04-23,RELIANCE,RELIANCE,879.61871337890625,0.5120187642336875,-0.41344568788780034
2021-04-23,TCS,TCS,3105,-0.7167089489923008,1.2612804610395791
2021-04-26,HDFCBANK,HDFCBANK,706.5,3.394904458598726,-1.480445792242996
2021-04-26,INFOSYS,INFOSYS,1332.25,-0.4696941264777632,0.6343013190523097
2021-04-26,LT,LT,1330.050048828125,0.0016540363829265852,-0.0016526699712713366
2021-04-26,RELIANCE,RELIANCE,886.0797119140625,0.501050109763851,-0.4061649363471487
2021-04-26,TCS,TCS,3102.050048828125,-0.7143567324941128,1.2530115631218468
2021-04-27,HDFCBANK,HDFCBANK,703.625,3.4086694600506307,-1.4835729341961281
2021-04-27,INFOSYS,INFOSYS,1346,-0.4772473997028232,0.6486469664204826
2021-04-27,LT,LT,1339,0.005227781926811053,-0.005214164513501096
2021-04-27,RELIANCE,RELIANCE,895.3096923828125,0.4955718802019585,-0.40250866226043414
2021-04-27,TCS,TCS,3106,-0.7117483282734023,1.2439213202778951
2021-04-28,HDFCBANK,HDFCBANK,718.125,3.325152306353351,-1.4644473551056132
2021-04-28,INFOSYS,INFOSYS,1358,-0.47118924889543445,0.6371246595156217
2021-04-28,LT,LT,1384.8499755859375,-0.019388364125563225,0.019578783759087948
2021-04-28,RELIANCE,RELIANCE,922.0074462890624,0.5019943506527467,-0.40679379211832245
2021-04-28,TCS,TCS,3149.949951171875,-0.70729457274518015,1.2285885434171835
2021-04-29,HDFCBANK,HDFCBANK,743.0999755859375,3.2389315767210545,-1.4443112508675107
2021-04-29,INFOSYS,INFOSYS,1368,-0.456798263460572,0.6102745058734156
2021-04-29,LT,LT,1383.949951171875,-0.011524947963883522,0.011591874893174925
2021-04-29,RELIANCE,RELIANCE,933.5679931640624,0.482430804510951,-0.39368317593430024
2021-04-29,TCS,TCS,3145.60009765625,-0.7032146604205496,1.2147461638568258
2021-04-30,HDFCBANK,HDFCBANK,722.5,3.3537717614619376,-1.4710425410116086
2021-04-30,INFOSYS,INFOSYS,1346.300048828125,-0.463343999260125,0.6223979842669847
2021-04-30,LT,LT,1350,-0.0027407045717592594,0.0027444671789034203
2021-04-30,RELIANCE,RELIANCE,926.92242431640625,0.45643256068123306,-0.37598999403244804
2021-04-30,TCS,TCS,3099,-0.7008962812789912,1.206964880387721
2021-05-03,HDFCBANK,HDFCBANK,696.5,3.4493898061737256,-1.4927669645678883
2021-05-03,INFOSYS,INFOSYS,1340.800048828125,-0.48053402846401355,0.6549539729251155
2021-05-03,LT,LT,1325.5,0.011542850869954734,-0.011476740415895748
2021-05-03,RELIANCE,RELIANCE,907.3086547851564,0.46091409247481285,-0.37906233054338134
2021-05-03,TCS,TCS,3024.89990234375,-0.7000533293408631,1.2041505845974543
2021-05-04,HDFCBANK,HDFCBANK,704.9749755859375,3.290790463632578,-1.4564709732236523
2021-05-04,INFOSYS,INFOSYS,1354,-0.47933901359975073,0.6526561469127197
2021-05-04,LT,LT,1350,0.002962962962962963,-0.0029585820397448614
2021-05-04,RELIANCE,RELIANCE,899.9246826171875,0.5001255394772485,-0.4055487975909342
2021-05-04,TCS,TCS,3062.800048828125,-0.7061758298712603,1.2247737513397423
2021-05-05,HDFCBANK,HDFCBANK,700.5,3.372305565778908,-1.4752904594042215
2021-05-05,INFOSYS,INFOSYS,1341.0999755859375,-0.4776675768009422,0.6494510677353267
2021-05-05,LT,LT,1342.199951171875,-8.19531832777308e-4,8.19867832577259e-4
2021-05-05,RELIANCE,RELIANCE,887.625732421875,0.5121237500739194,-0.41351511969518207
2021-05-05,TCS,TCS,3070,-0.7108710969309854,1.2408826589314597
2021-05-06,HDFCBANK,HDFCBANK,703.79998779296875,3.362034744597179,-1.4729386330382193
2021-05-06,INFOSYS,INFOSYS,1345,-0.4767286336111756,0.6476550844929152
2021-05-06,LT,LT,1344,7.44047619047619e-4,-7.437709528446135e-4
2021-05-06,RELIANCE,RELIANCE,886.9334716796875,0.5153334978492956,-0.4156355453297431
2021-05-06,TCS,TCS,3105.5,-0.7143991396941918,1.2531600362460056
2021-05-07,HDFCBANK,HDFCBANK,706.4749755859375,3.3957678719254774,-1.4806422307626148
2021-05-07,INFOSYS,INFOSYS,1365.300048828125,-0.4825496591812733,0.6588417182176229
2021-05-07,LT,LT,1347,0.013585782351985895,-0.013494323044001888
2021-05-07,RELIANCE,RELIANCE,894.27130126953125,0.5062543079351457,-0.40962597829266834
2021-05-07,TCS,TCS,3133,-0.7145639000097251,1.2537370928344957
2021-05-10,HDFCBANK,HDFCBANK,713.5,3.391030133146461,-1.4795638540353
2021-05-10,INFOSYS,INFOSYS,1349.8499755859375,-0.4714227411158883,0.6375662991446758
2021-05-10,LT,LT,1347,0.002115794792826652,-0.0021135596512031896
2021-05-10,RELIANCE,RELIANCE,894.84820556640625,0.5052832330902404,-0.408981075238775
2021-05-10,TCS,TCS,3145.949951171875,-0.7155554857975179,1.2572170736016766
2021-05-11,HDFCBANK,HDFCBANK,698,3.507091620590079,-1.5056520720108928
2021-05-11,INFOSYS,INFOSYS,1336.9000244140625,-0.47789663605854155,0.649889695488401
2021-05-11,LT,LT,1380,-0.031231866366621376,0.03172997990047666
2021-05-11,RELIANCE,RELIANCE,883.772216796875,0.5614883267111997,-0.4456394220237794
2021-05-11,TCS,TCS,3125,-0.717192890625,1.262990206043031
2021-05-12,HDFCBANK,HDFCBANK,699.875,3.4650830505447403,-1.4962878145014447
2021-05-12,INFOSYS,INFOSYS,1330,-0.4737781954887218,0.6420324735467426
2021-05-12,LT,LT,1380,-0.036231884057971016,0.03690455693545047
2021-05-12,RELIANCE,RELIANCE,890.7408447265625,0.5492721684090158,-0.4377852518808396
2021-05-12,TCS,TCS,3120,-0.7145061395107172,1.253534754533118
2021-05-14,HDFCBANK,HDFCBANK,697.17498779296875,3.4752035781962203,-1.4985518430264255
2021-05-14,INFOSYS,INFOSYS,1326.8499755859375,-0.4745638160899871,0.6435265348405368
2021-05-14,LT,LT,1394,-0.04817074922099175,0.049369618702829854
2021-05-14,RELIANCE,RELIANCE,889.79473876953125,0.5666534530511139,-0.44894178578964183
2021-05-14,TCS,TCS,3098.5,-0.7128304861160139,1.2476825968713348
2021-05-17,HDFCBANK,HDFCBANK,697.57501220703125,3.4418162144265643,-1.491063350106284
2021-05-17,INFOSYS,INFOSYS,1320.300048828125,-0.471654179800882,0.6380042471718745
2021-05-17,LT,LT,1433,-0.07864616271589323,0.08191112836041903
2021-05-17,RELIANCE,RELIANCE,894.06365966796875,0.6027941461485838,-0.47174844750751266
2021-05-17,TCS,TCS,3055,-0.7073441375882262,1.2287578912850359
2021-05-18,HDFCBANK,HDFCBANK,729.4749755859375,3.1879435241025598,-1.432209807746056
2021-05-18,INFOSYS,INFOSYS,1338,-0.4548019614454877,0.6066061768285342
2021-05-18,LT,LT,1405,-0.04768683274021352,0.04886134107967255
2021-05-18,RELIANCE,RELIANCE,914.231201171875,0.5368103803491396,-0.4297090869712221
2021-05-18,TCS,TCS,3100,-0.7050867092993952,1.2210738956766134
2021-05-19,HDFCBANK,HDFCBANK,735.0999755859375,3.2171134579742504,-1.439150879305089
2021-05-19,INFOSYS,INFOSYS,1342,-0.4522354876408812,0.6019098063634791
2021-05-19,LT,LT,1414,-0.05091937765205092,0.05226152892489022
2021-05-19,RELIANCE,RELIANCE,913.7696533203124,0.547435937341571,-0.43659932720215
2021-05-19,TCS,TCS,3084,-0.7037063380932839,1.2164042154288532
2021-05-20,HDFCBANK,HDFCBANK,729.17498779296875,3.229437448663044,-1.4420689933543187
2021-05-20,INFOSYS,INFOSYS,1348.4000244140625,-0.4592294759785202,0.6147602601369533
2021-05-20,LT,LT,1410.800048828125,-0.04423023976069097,0.04523823150627937
2021-05-20,RELIANCE,RELIANCE,922.030517578125,0.530101251457315,-0.42533391063779646
2021-05-20,TCS,TCS,3067.10009765625,-0.6993803631375767,1.2019094782399211
2021-05-21,HDFCBANK,HDFCBANK,721.5,3.251004986356549,-1.4471554223603338
2021-05-21,INFOSYS,INFOSYS,1347.5,-0.4645640074211503,0.6246739245692261
2021-05-21,LT,LT,1415,-0.04770318021201413,0.04887850729418641
2021-05-21,RELIANCE,RELIANCE,919.3076782226564,0.5392017640227812,-0.43126394699334547
2021-05-21,TCS,TCS,3061,-0.6996708009726703,1.2028760758614192
2021-05-24,HDFCBANK,HDFCBANK,751.625,3.0725095626143357,-1.4042594095856789
2021-05-24,INFOSYS,INFOSYS,1356.6500244140625,-0.44596986217972684,0.590536193316896
2021-05-24,LT,LT,1420,-0.04461265886333627,0.04563842791867767
2021-05-24,RELIANCE,RELIANCE,926.691650390625,0.5323327877200927,-0.4267912720889786
2021-05-24,TCS,TCS,3081.5,-0.6992725457113013,1.2015508918959696
2021-05-25,HDFCBANK,HDFCBANK,755.25,3.080105925190334,-1.4061229501355168
2021-05-25,INFOSYS,INFOSYS,1358,-0.44385125184094254,0.5867194878518607
2021-05-25,LT,LT,1460,-0.06986301369863014,0.07242340658374058
2021-05-25,RELIANCE,RELIANCE,921.3382568359376,0.5846514449686873,-0.46036447460871077
2021-05-25,TCS,TCS,3092,-0.7020251433260228,1.2107461696136408
2021-05-26,HDFCBANK,HDFCBANK,740,3.1783783783783783,-1.429923223509097
2021-05-26,INFOSYS,INFOSYS,1367.9000244140625,-0.45902479216858144,0.6143818277450253
2021-05-26,LT,LT,1458.9000244140625,-0.062375761517002026,0.06440600886917824
2021-05-26,RELIANCE,RELIANCE,911.462158203125,0.6006150242048092,-0.4703879455147826
2021-05-26,TCS,TCS,3120,-0.7078646928836138,1.2305382035058923
2021-05-27,HDFCBANK,HDFCBANK,736.54998779296875,3.235965042031848,-1.4436111751158363
2021-05-27,INFOSYS,INFOSYS,1404.199951171875,-0.4754664482232171,0.6452458841225424
2021-05-27,LT,LT,1475.949951171875,-0.04861275949298411,0.049834106355141294
2021-05-27,RELIANCE,RELIANCE,909.29315185546875,0.6231838413828457,-0.4843895546886703
2021-05-27,TCS,TCS,3161.949951171875,-0.7124264564913595,1.246276647948556
2021-05-28,HDFCBANK,HDFCBANK,745.45001220703125,3.24166597275971,-1.4449561101754682
2021-05-28,INFOSYS,INFOSYS,1409.75,-0.4712182924582151,0.637179583437498
2021-05-28,LT,LT,1487.0999755859375,-0.05201397139117063,0.05341551459011651
2021-05-28,RELIANCE,RELIANCE,918.3847045898436,0.6192560352473266,-0.48196680626080557
2021-05-28,TCS,TCS,3189.5,-0.7120599766139383,1.2450030726654084
2021-05-31,HDFCBANK,HDFCBANK,750,3.252666666666667,-1.4475462371516548
2021-05-31,INFOSYS,INFOSYS,1401.5,-0.46485907955761685,0.6252251640744868
2021-05-31,LT,LT,1472.300048828125,-0.04808805710797754,0.049282745431041164
2021-05-31,RELIANCE,RELIANCE,970.0726318359376,0.5177214576620753,-0.41721016916030784
2021-05-31,TCS,TCS,3150,-0.6920404343377976,1.177786784944102
2021-06-01,HDFCBANK,HDFCBANK,760.1500244140625,3.143918830270482,-1.421641917475406
2021-06-01,INFOSYS,INFOSYS,1400,-0.4570356968470982,0.6107117012590777
2021-06-01,LT,LT,1465.949951171875,-0.04498786000105587,0.046031226541424886
2021-06-01,RELIANCE,RELIANCE,999.608642578125,0.46652388617908813,-0.38289489718481473
2021-06-01,TCS,TCS,3168.60009765625,-0.6845267273337788,1.1536813148009806
2021-06-02,HDFCBANK,HDFCBANK,755,3.1968213213990064,-1.4343274105119157
2021-06-02,INFOSYS,INFOSYS,1380.75,-0.4531957269599855,0.6036643595322717
2021-06-02,LT,LT,1468.300048828125,-0.05962681054052962,0.06147847244246396
2021-06-02,RELIANCE,RELIANCE,995.4551391601564,0.47500373554442393,-0.3886605223610662
2021-06-02,TCS,TCS,3150.85009765625,-0.6840677568569122,1.1522275088198395
2021-06-03,HDFCBANK,HDFCBANK,754,3.1788462833637268,-1.4300351996745775
2021-06-03,INFOSYS,INFOSYS,1388.0999755859375,-0.4568114593606808,0.6102987989849922
2021-06-03,LT,LT,1480.0999755859375,-0.062157963325132355,0.0641737485553211
2021-06-03,RELIANCE,RELIANCE,1024.9910888671875,0.4440125301203671,-0.36742571780166156
2021-06-03,TCS,TCS,3154.550048828125,-0.675075344184836,1.124161951789758
2021-06-04,HDFCBANK,HDFCBANK,758,3.161675526158476,-1.4259177638939944
2021-06-04,INFOSYS,INFOSYS,1393.949951171875,-0.45622150970143543,0.6092133020004802
2021-06-04,LT,LT,1518.949951171875,-0.08229369236528306,0.08587786587282853
2021-06-04,RELIANCE,RELIANCE,1022.1298217773438,0.4860636279358615,-0.39613076363990274
2021-06-04,TCS,TCS,3128,-0.6732321541632533,1.1185053117894235
2021-06-07,HDFCBANK,HDFCBANK,755,3.1430463576158942,-1.4214313524161764
2021-06-07,INFOSYS,INFOSYS,1391,-0.4572250179726815,0.6110604426744182
2021-06-07,LT,LT,1545.449951171875,-0.09993850079373943,0.10529218554098119
2021-06-07,RELIANCE,RELIANCE,1016.22265625,0.5207788781985985,-0.4192226234834555
2021-06-07,TCS,TCS,3145,-0.6768767388712241,1.129721415153572
2021-06-08,HDFCBANK,HDFCBANK,748.2750244140625,3.2030000967394248,-1.4357985790397345
2021-06-08,INFOSYS,INFOSYS,1396,-0.4639863721962303,0.6235956932275117
2021-06-08,LT,LT,1561,-0.1057014734144779,0.1117156371931145
2021-06-08,RELIANCE,RELIANCE,1027.5755615234375,0.5191096970871235,-0.41812443765335683
2021-06-08,TCS,TCS,3198,-0.678681813157149,1.1353234105318242
2021-06-09,HDFCBANK,HDFCBANK,741.95001220703125,3.3102634239294826,-1.4609990214891315
2021-06-09,INFOSYS,INFOSYS,1413.4000244140625,-0.4750601391034975,0.644471573625272
2021-06-09,LT,LT,1550,-0.08812901650705646,0.09225676438325259
2021-06-09,RELIANCE,RELIANCE,1024.068115234375,0.5135711940853238,-0.41447188774254684
2021-06-09,TCS,TCS,3202,-0.680178602362781,1.139992571385915
2021-06-10,HDFCBANK,HDFCBANK,741.04998779296875,3.3208960970856403,-1.4634628106263516
2021-06-10,INFOSYS,INFOSYS,1424,-0.479599727673477,0.6531570090416121
2021-06-10,LT,LT,1525,-0.06622950819672131,0.06852459706959113
2021-06-10,RELIANCE,RELIANCE,1012.2537231445313,0.506539284698939,-0.40981515604805185
2021-06-10,TCS,TCS,3210,-0.6846561610141647,1.1540916831306003
2021-06-11,HDFCBANK,HDFCBANK,745.5,3.305835010060362,-1.4599710819192673
2021-06-11,INFOSYS,INFOSYS,1430.0999755859375,-0.4787077737732599,0.651444499602519
2021-06-11,LT,LT,1521,-0.0597633296607906,0.061623658451980035
2021-06-11,RELIANCE,RELIANCE,1007.4080200195313,0.5098152583404204,-0.41198729787209487
2021-06-11,TCS,TCS,3211.550048828125,-0.6863171973959652,1.1593729864420972
2021-06-14,HDFCBANK,HDFCBANK,739.125,3.3450702504016574,-1.469041926688301
2021-06-14,INFOSYS,INFOSYS,1471,-0.4975356900067981,0.6882306664604441
2021-06-14,LT,LT,1503.449951171875,-0.021583659067986698,0.021819993060161025
2021-06-14,RELIANCE,RELIANCE,1022.22216796875,0.47076633464070644,-0.38578358103473676
2021-06-14,TCS,TCS,3279,-0.6882518548433212,1.1655596442177867
2021-06-15,HDFCBANK,HDFCBANK,743,3.4131897711978465,-1.4845977321268897
2021-06-15,INFOSYS,INFOSYS,1464,-0.4924863387978142,0.6782316498034975
2021-06-15,LT,LT,1520,-0.03684210526315789,0.037537919319065693
2021-06-15,RELIANCE,RELIANCE,1043.451171875,0.4567044831323339,-0.3761766810628222
2021-06-15,TCS,TCS,3298,-0.6836109242343845,1.1507825703420433
2021-06-16,HDFCBANK,HDFCBANK,744,3.432795698924731,-1.489030468286452
2021-06-16,INFOSYS,INFOSYS,1472.699951171875,-0.49480544261037346,0.6828116617435107
2021-06-16,LT,LT,1505.8499755859375,-0.022014161404866096,0.022260089016231
2021-06-16,RELIANCE,RELIANCE,1036.02099609375,0.4534936852280477,-0.3739700964790087
2021-06-16,TCS,TCS,3262.10009765625,-0.6824067425649786,1.146983779573108
2021-06-17,HDFCBANK,HDFCBANK,733,3.4503411973482265,-1.4929807668002812
2021-06-17,INFOSYS,INFOSYS,1475.0999755859375,-0.5030845284172426,0.6993353446485671
2021-06-17,LT,LT,1481,-0.0039838112181380825,0.003991767732580698
2021-06-17,RELIANCE,RELIANCE,1015.2996215820313,0.4586827065810567,-0.3775337726761139
2021-06-17,TCS,TCS,3265.5,-0.6890829515902522,1.1682291277510268
2021-06-18,HDFCBANK,HDFCBANK,734.75,3.444368832936373,-1.4916378640436854
2021-06-18,INFOSYS,INFOSYS,1509,-0.5130881378396289,0.7196721534688226
2021-06-18,LT,LT,1487.550048828125,0.014419650074142398,-0.014316675643079257
2021-06-18,RELIANCE,RELIANCE,1027.06787109375,0.4483463953010195,-0.37042248862838445
2021-06-18,TCS,TCS,3350.89990234375,-0.6934949115085836,1.1825209218141008
2021-06-21,HDFCBANK,HDFCBANK,730.67498779296875,3.586033405174124,-1.5230154685727513
2021-06-21,INFOSYS,INFOSYS,1493,-0.5105994723422849,0.7145740498014552
2021-06-21,LT,LT,1460,0.022602739726027398,-0.02235108283680809
2021-06-21,RELIANCE,RELIANCE,1016.9149169921876,0.4357149999513837,-0.3616629829282232
2021-06-21,TCS,TCS,3265,-0.688540607353082,1.1664863099363716
2021-06-22,HDFCBANK,HDFCBANK,748.5,3.362057448229793,-1.4729438378508473
2021-06-22,INFOSYS,INFOSYS,1509.699951171875,-0.5042061176335129,0.7015949983710739
2021-06-22,LT,LT,1470.0999755859375,0.026936926905365158,-0.02658051416791274
2021-06-22,RELIANCE,RELIANCE,1040.2205810546875,0.4132579208300148,-0.34589762124888157
2021-06-22,TCS,TCS,3304,-0.685163262392649,1.1557010678269055
2021-06-23,HDFCBANK,HDFCBANK,745,3.4348993288590606,-1.4895049162613088
2021-06-23,INFOSYS,INFOSYS,1525,-0.5114754098360655,0.7163654706619527
2021-06-23,LT,LT,1505,0.013289036544850499,-0.013201511858536463
2021-06-23,RELIANCE,RELIANCE,1038.3746337890625,0.4493805520924625,-0.37113625970076125
2021-06-23,TCS,TCS,3329,-0.6880821166148806,1.1650153200928095
2021-06-24,HDFCBANK,HDFCBANK,745,3.468456375838926,-1.4970430191954645
2021-06-24,INFOSYS,INFOSYS,1517,-0.5088991430454846,0.7111057609689722
2021-06-24,LT,LT,1490,0.018120805369127517,-0.01795858040902676
2021-06-24,RELIANCE,RELIANCE,1018.4609375,0.4629917998205012,-0.3804835169781926
2021-06-24,TCS,TCS,3284,-0.6898718217113277,1.170769588611006
2021-06-25,HDFCBANK,HDFCBANK,755.54998779296875,3.34650261803705,-1.4693715258690334
2021-06-25,INFOSYS,INFOSYS,1572,-0.5193702367729206,0.7326580282858668
2021-06-25,LT,LT,1510.5,0.0407149950347567,-0.03990797216242559
2021-06-25,RELIANCE,RELIANCE,993.8399047851564,0.5198624976992977,-0.41861986872631185
2021-06-25,TCS,TCS,3375.25,-0.7055507281578679,1.222648542536941
2021-06-28,HDFCBANK,HDFCBANK,760,3.4411184210526318,-1.4909062413569787
2021-06-28,INFOSYS,INFOSYS,1572.9000244140625,-0.5168160797231117,0.7273579104879078
2021-06-28,LT,LT,1526,0.030733960952858783,-0.03027113192388242
2021-06-28,RELIANCE,RELIANCE,979.3026733398436,0.5582516432796851,-0.44356445127368893
2021-06-28,TCS,TCS,3391.5,-0.7112479217632777,1.2421868198154211
2021-06-29,HDFCBANK,HDFCBANK,753.5,3.5009953550099535,-1.5042985623195841
2021-06-29,INFOSYS,INFOSYS,1561,-0.517296604740551,0.728352902448882
2021-06-29,LT,LT,1513,0.031725049570389956,-0.031232206727076495
2021-06-29,RELIANCE,RELIANCE,964.30389404296875,0.5690074564114347,-0.4504432260732134
2021-06-29,TCS,TCS,3342,-0.7114590382875617,1.2429182214401964
2021-06-30,HDFCBANK,HDFCBANK,749,3.4619492656875837,-1.4955857256381195
2021-06-30,INFOSYS,INFOSYS,1572.050048828125,-0.5235520646697366,0.741396826642049
2021-06-30,LT,LT,1516,0.0369723277230376,-0.036305243956951117
2021-06-30,RELIANCE,RELIANCE,967.4190063476564,0.5670562497251609,-0.4491988591719709
2021-06-30,TCS,TCS,3346,-0.7108729807687818,1.2408891745164237
2021-07-01,HDFCBANK,HDFCBANK,751,3.455392809587217,-1.4941152297826354
2021-07-01,INFOSYS,INFOSYS,1576.8499755859375,-0.5237340193248645,0.7417787978808086
2021-07-01,LT,LT,1497.0999755859375,0.05326965553438561,-0.05189928349672179
2021-07-01,RELIANCE,RELIANCE,977.4566650390624,0.5316279781325226,-0.42633120771226896
2021-07-01,TCS,TCS,3358,-0.7089170145803864,1.2341468792015338
2021-07-02,HDFCBANK,HDFCBANK,742.5,3.5225589225589227,-1.5090779669606311
2021-07-02,INFOSYS,INFOSYS,1558.949951171875,-0.5237178721216439,0.7417448947045235
2021-07-02,LT,LT,1500,0.03929996744791667,-0.03854737829107702
2021-07-02,RELIANCE,RELIANCE,967.76513671875,0.5499628402463593,-0.4382309566091669
2021-07-02,TCS,TCS,3331,-0.7094670859445362,1.2360384077125453
2021-07-05,HDFCBANK,HDFCBANK,744.9749755859375,3.471291129450493,-1.4976772101958042
2021-07-05,INFOSYS,INFOSYS,1569.1500244140625,-0.5252366160054587,0.744938738018786
2021-07-05,LT,LT,1490,0.053120821754404364,-0.05175796707715641
2021-07-05,RELIANCE,RELIANCE,985.9713134765624,0.5112001532237468,-0.4129041385972618
2021-07-05,TCS,TCS,3342,-0.7049756692170669,1.2206974488130955
2021-07-06,HDFCBANK,HDFCBANK,748.5,3.464929859719439,-1.4962535052956554
2021-07-06,INFOSYS,INFOSYS,1573.699951171875,-0.5243693059514806,0.7431135787195409
2021-07-06,LT,LT,1506,0.04495348683391434,-0.04397237421938538
2021-07-06,RELIANCE,RELIANCE,989.89410400390625,0.5213748560664799,-0.41961443660505626
2021-07-06,TCS,TCS,3313,-0.7012091445807709,1.2080114305451133
2021-07-07,HDFCBANK,HDFCBANK,767,3.319426336375489,-1.46312260093264
2021-07-07,INFOSYS,INFOSYS,1566.050048828125,-0.5102327664598293,0.713825034333154
2021-07-07,LT,LT,1495,0.04752511627299331,-0.046430349875623556
2021-07-07,RELIANCE,RELIANCE,981.956298828125,0.5224710119830646,-0.42033468067225854
2021-07-07,TCS,TCS,3275,-0.700166015625,1.2045263429168243
2021-07-08,HDFCBANK,HDFCBANK,762.5,3.2950819672131146,-1.4574706395877852
2021-07-08,INFOSYS,INFOSYS,1568,-0.5137117346938775,0.720953692428786
2021-07-08,LT,LT,1503,0.04324683965402528,-0.04233781115737845
2021-07-08,RELIANCE,RELIANCE,976.97210693359375,0.5384267261400546,-0.43076028782747233
2021-07-08,TCS,TCS,3298,-0.7037683120274124,1.2166134011940413
2021-07-09,HDFCBANK,HDFCBANK,756.2750244140625,3.3608474345099313,-1.4726664041876614
2021-07-09,INFOSYS,INFOSYS,1556,-0.5139620665719392,0.7214686058064546
2021-07-09,LT,LT,1497.9000244140625,0.03878761909271256,-0.03805428226480334
2021-07-09,RELIANCE,RELIANCE,963.61163330078125,0.5544644467222914,-0.441131079056853
2021-07-09,TCS,TCS,3250,-0.7035041128305288,1.215721931907102
2021-07-12,HDFCBANK,HDFCBANK,751,3.3275632490013316,-1.465004623559648
2021-07-12,INFOSYS,INFOSYS,1570.550048828125,-0.5218235798595766,0.7377755347921928
2021-07-12,LT,LT,1504.4000244140625,0.043971033861041564,-0.04303174373170737
2021-07-12,RELIANCE,RELIANCE,959.80426025390625,0.5674029452797897,-0.4494200747211128
2021-07-12,TCS,TCS,3235,-0.7033062564902918,1.2150548388314943
2021-07-13,HDFCBANK,HDFCBANK,748.04998779296875,3.3245773047125864,-1.4643144025932298
2021-07-13,INFOSYS,INFOSYS,1556.4000244140625,-0.5193716422135197,0.7326609524548662
2021-07-13,LT,LT,1515,0.027326748788160066,-0.026960038853168555
2021-07-13,RELIANCE,RELIANCE,969.149658203125,0.5632260582012915,-0.4467516719482063
2021-07-13,TCS,TCS,3214,-0.6984599694452007,1.1988525003021948
2021-07-14,HDFCBANK,HDFCBANK,748.75,3.2924874791318866,-1.4568663968677988
2021-07-14,INFOSYS,INFOSYS,1554,-0.5181788931788932,0.7301823814979338
2021-07-14,LT,LT,1513.550048828125,0.026725215464922097,-0.02637433474158435
2021-07-14,RELIANCE,RELIANCE,969.3111572265624,0.5614697484332729,-0.4456275241516474
2021-07-14,TCS,TCS,3187,-0.6958546729756628,1.190249642382975
2021-07-15,HDFCBANK,HDFCBANK,752.5,3.2352159468438537,-1.4434343177943054
2021-07-15,INFOSYS,INFOSYS,1557.9000244140625,-0.5169779907519928,0.727693058566488
2021-07-15,LT,LT,1550,0.005096789944556451,-0.005083845276225851
2021-07-15,RELIANCE,RELIANCE,966.8421630859376,0.6031572258420721,-0.47197495106474907
2021-07-15,TCS,TCS,3227.60009765625,-0.7004454908190088,1.2054588773824229
2021-07-16,HDFCBANK,HDFCBANK,763.9749755859375,3.224745836970397,-1.4409591020695531
2021-07-16,INFOSYS,INFOSYS,1573.75,-0.5145512466491263,0.7226815511971436
2021-07-16,LT,LT,1609.3499755859375,-0.022120717137971275,0.02236904922216887
2021-07-16,RELIANCE,RELIANCE,963.49627685546875,0.6703229833314149,-0.5130170109211409
2021-07-16,TCS,TCS,3213,-0.7001256530172834,1.204391735456273
2021-07-19,HDFCBANK,HDFCBANK,743.5,3.3214525891055815,-1.4635915932156482
2021-07-19,INFOSYS,INFOSYS,1544.699951171875,-0.5186767505003484,0.7312161982098928
2021-07-19,LT,LT,1600,-0.03456253051757813,0.035173944117770084
2021-07-19,RELIANCE,RELIANCE,969.149658203125,0.650931810641628,-0.5013398622326095
2021-07-19,TCS,TCS,3180,-0.6952359565398978,1.188217429778959
2021-07-20,HDFCBANK,HDFCBANK,721,3.410540915395284,-1.4839973384892726
2021-07-20,INFOSYS,INFOSYS,1538.300048828125,-0.5313008014598603,0.7577940840183697
2021-07-20,LT,LT,1609.8499755859375,-0.04444508981762133,0.04546304946751967
2021-07-20,RELIANCE,RELIANCE,968.9188842773436,0.6614909686548472,-0.5077153731401083
2021-07-20,TCS,TCS,3184.60009765625,-0.6957486483183767,1.1899011044567498
2021-07-22,HDFCBANK,HDFCBANK,728.04998779296875,3.37415033452598,-1.4757122916973149
2021-07-22,INFOSYS,INFOSYS,1561.4000244140625,-0.5337197538048074,0.7629684389320328
2021-07-22,LT,LT,1610,-0.03018632023971273,0.030651308656310938
2021-07-22,RELIANCE,RELIANCE,977.91815185546875,0.6463545511914679,-0.4985634807551742
2021-07-22,TCS,TCS,3190,-0.6934425856252449,1.1823502185555554
2021-07-23,HDFCBANK,HDFCBANK,725.75,3.395452979676197,-1.4805705928741508
2021-07-23,INFOSYS,INFOSYS,1588.550048828125,-0.5431368369316494,0.7833713572824506
2021-07-23,LT,LT,1644,-0.033728680761481146,0.03431061542893499
2021-07-23,RELIANCE,RELIANCE,985.04833984375,0.6689536274542364,-0.5121968596647202
2021-07-23,TCS,TCS,3230,-0.6950314737325851,1.1875467002652975
2021-07-26,HDFCBANK,HDFCBANK,715,3.5174825174825175,-1.5079548735226949
2021-07-26,INFOSYS,INFOSYS,1594.0999755859375,-0.5514710426256734,0.801782034630329
2021-07-26,LT,LT,1611.75,-0.010950844990887235,0.011011246866392987
2021-07-26,RELIANCE,RELIANCE,972.8416748046876,0.656744403269507,-0.5048544738422747
2021-07-26,TCS,TCS,3200,-0.6959869766235351,1.190684738439364
2021-07-27,HDFCBANK,HDFCBANK,718.04998779296875,3.456514246084268,-1.4943669012814436
2021-07-27,INFOSYS,INFOSYS,1605,-0.5526168300355335,0.8043398480577411
2021-07-27,LT,LT,1610.1500244140625,-0.0031984748849329158,0.0032036009390159492
2021-07-27,RELIANCE,RELIANCE,958.44287109375,0.6799645268127471,-0.5187726781998308
2021-07-27,TCS,TCS,3200,-0.7004866027832031,1.2055961304845173
2021-07-28,HDFCBANK,HDFCBANK,717.5250244140625,3.459774768988927,-1.495098264530096
2021-07-28,INFOSYS,INFOSYS,1605.0999755859375,-0.5529717554496056,0.8051334994511432
2021-07-28,LT,LT,1592.449951171875,0.007943750071864687,-0.007912364591969201
2021-07-28,RELIANCE,RELIANCE,949.7666625976564,0.6766749285729293,-0.5168126230096863
2021-07-28,TCS,TCS,3188,-0.7020807206406348,1.2109327038028956
2021-07-29,HDFCBANK,HDFCBANK,714.125,3.46420444600035,-1.4960910228654791
2021-07-29,INFOSYS,INFOSYS,1600.0999755859375,-0.5536997619548766,0.806763373972367
2021-07-29,LT,LT,1594,0.0038268353738629235,-0.0038195316668332424
2021-07-29,RELIANCE,RELIANCE,947.920654296875,0.6815753436476787,-0.5197310585970891
2021-07-29,TCS,TCS,3200.25,-0.7037979363184517,1.2167134099831474
2021-07-30,HDFCBANK,HDFCBANK,709.5,3.510570824524313,-1.5064237141361216
2021-07-30,INFOSYS,INFOSYS,1610,-0.5593167701863354,0.8194289613784118
2021-07-30,LT,LT,1598,0.007509386733416771,-0.007481331652289036
2021-07-30,RELIANCE,RELIANCE,949.7666625976564,0.682518520527342,-0.5202917902190096
2021-07-30,TCS,TCS,3219,-0.7049497786276309,1.2206096951915972
2021-08-02,HDFCBANK,HDFCBANK,717.5,3.486411149825784,-1.501053083665031
2021-08-02,INFOSYS,INFOSYS,1627.449951171875,-0.5591262272100281,0.8189966740079706
2021-08-02,LT,LT,1606.300048828125,0.013166844114323407,-0.013080914680140943
2021-08-02,RELIANCE,RELIANCE,948.05914306640625,0.6943036313459324,-0.5272718194517347
2021-08-02,TCS,TCS,3180,-0.7018681940042748,1.2102195882643505
2021-08-03,HDFCBANK,HDFCBANK,705,3.5106382978723403,-1.506438672961953
2021-08-03,INFOSYS,INFOSYS,1647,-0.5719489981785064,0.8485129273653715
2021-08-03,LT,LT,1625,0.01353846153846154,-0.013447635413802672
2021-08-03,RELIANCE,RELIANCE,964.53466796875,0.6847502261605058,-0.5216173190839823
2021-08-03,TCS,TCS,3229,-0.7012899758535924,1.2082819950784192
2021-08-04,HDFCBANK,HDFCBANK,720.5,3.4816099930603746,-1.4999823553186982
2021-08-04,INFOSYS,INFOSYS,1669.0999755859375,-0.5683302315386659,0.8400944079177135
2021-08-04,LT,LT,1640,0.017743887552400913,-0.017588302539046197
2021-08-04,RELIANCE,RELIANCE,966.56524658203125,0.6967297404902247,-0.5287027163449292
2021-08-04,TCS,TCS,3300,-0.7071014404296875,1.227928942981257
2021-08-05,HDFCBANK,HDFCBANK,733.54998779296875,3.4986709221122165,-1.5037820025099533
2021-08-05,INFOSYS,INFOSYS,1649.5,-0.5552894890615527,0.8103317457240182
2021-08-05,LT,LT,1620,0.018209876543209876,-0.018046062442206967
2021-08-05,RELIANCE,RELIANCE,975.7490844726564,0.6602628952252915,-0.5069759604467947
2021-08-05,TCS,TCS,3275,-0.702061348252624,1.2108676802897174
2021-08-06,HDFCBANK,HDFCBANK,741.7750244140625,3.415085291644814,-1.4850271524751681
2021-08-06,INFOSYS,INFOSYS,1657,-0.5523385489353877,0.8037180218323785
2021-08-06,LT,LT,1627,0.01843884449907806,-0.018270910207524693
2021-08-06,RELIANCE,RELIANCE,982.9715576171876,0.6551852262582204,-0.5039129217557985
2021-08-06,TCS,TCS,3272.550048828125,-0.6996313141278979,1.2027446059634173
2021-08-09,HDFCBANK,HDFCBANK,746,3.386796312102044,-1.4785991912228962
2021-08-09,INFOSYS,INFOSYS,1661,-0.5508729680915111,0.8004495094095345
2021-08-09,LT,LT,1620,0.025308641975308643,-0.02499368138686542
2021-08-09,RELIANCE,RELIANCE,960.38116455078125,0.6868302501098673,-0.5228511761595502
2021-08-09,TCS,TCS,3323.89990234375,-0.7110679645095218,1.241563789840039
2021-08-10,HDFCBANK,HDFCBANK,744.5,3.4646069877014773,-1.4961811897828543
2021-08-10,INFOSYS,INFOSYS,1668,-0.5536570743405276,0.8066677307946284
2021-08-10,LT,LT,1606,0.038605230386052306,-0.03787868841198527
2021-08-10,RELIANCE,RELIANCE,960.8426513671876,0.6714495320485773,-0.5136912332116488
2021-08-10,TCS,TCS,3315.60009765625,-0.7102055063738255,1.2385832498758802
2021-08-11,HDFCBANK,HDFCBANK,757.45001220703125,3.377318693276367,-1.476436366450649
2021-08-11,INFOSYS,INFOSYS,1674.800048828125,-0.5477370491259378,0.793491518579299
2021-08-11,LT,LT,1590.199951171875,0.05320091828320406,-0.05183402053785624
2021-08-11,RELIANCE,RELIANCE,967.7420654296876,0.6432063955655473,-0.4966494523252507
2021-08-11,TCS,TCS,3350,-0.7111217715135261,1.2417500343826298
2021-08-12,HDFCBANK,HDFCBANK,748.5,3.47561790247161,-1.4986444209594278
2021-08-12,INFOSYS,INFOSYS,1679.1500244140625,-0.5542387582305588,0.8079718026591101
2021-08-12,LT,LT,1590,0.0560691977446934,-0.05455371130451603
2021-08-12,RELIANCE,RELIANCE,980.6409912109376,0.6213884737130962,-0.4832828646977356
2021-08-12,TCS,TCS,3326,-0.7051590525523339,1.2213192292363306
2021-08-13,HDFCBANK,HDFCBANK,750.5999755859375,3.431121913378214,-1.488652805578015
2021-08-13,INFOSYS,INFOSYS,1697,-0.5576900556358647,0.8157444110593692
2021-08-13,LT,LT,1626,0.04366543665436654,-0.04273897512647107
2021-08-13,RELIANCE,RELIANCE,977.13360595703125,0.6640508422668069,-0.5092548961791241
2021-08-13,TCS,TCS,3360.75,-0.7092513260560793,1.235296048405731
2021-08-16,HDFCBANK,HDFCBANK,763.07501220703125,3.404219698244016,-1.4825631036842886
2021-08-16,INFOSYS,INFOSYS,1707.699951171875,-0.5531562721639792,0.8055463476502016
2021-08-16,LT,LT,1674,0.020131392575791517,-0.019931435250854612
2021-08-16,RELIANCE,RELIANCE,991.9246826171876,0.6876281327964947,-0.5233240714280409
2021-08-16,TCS,TCS,3460,-0.7133165657175758,1.2493766884303907
2021-08-17,HDFCBANK,HDFCBANK,758.5999755859375,3.5610336295193252,-1.5175492709800231
2021-08-17,INFOSYS,INFOSYS,1703.9000244140625,-0.5547860997027657,0.8092004374777879
2021-08-17,LT,LT,1658,0.027683971299193304,-0.02730769885429485
2021-08-17,RELIANCE,RELIANCE,1000.9239501953124,0.6564695046776241,-0.5046885330970348
2021-08-17,TCS,TCS,3482.10009765625,-0.7125516435127699,1.2467120644896967
2021-08-18,HDFCBANK,HDFCBANK,778.3499755859375,3.473694619229537,-1.4982146039724773
2021-08-18,INFOSYS,INFOSYS,1729,-0.5498265034205104,0.7981222225678657
2021-08-18,LT,LT,1647,0.04978749241044323,-0.04858775550565042
2021-08-18,RELIANCE,RELIANCE,1003.3006591796876,0.6415816982983045,-0.49566022723473946
2021-08-18,TCS,TCS,3573.85009765625,-0.7192661606490833,1.2703482494391825
2021-08-20,HDFCBANK,HDFCBANK,743.0250244140625,3.8098650519537083,-1.570669027997221
2021-08-20,INFOSYS,INFOSYS,1716.0999755859375,-0.5670269593935706,0.8370798147969145
2021-08-20,LT,LT,1618.9000244140625,0.0600407373562522,-0.0583073388536679
2021-08-20,RELIANCE,RELIANCE,988.994140625,0.6369156882880925,-0.49281379326794195
2021-08-20,TCS,TCS,3506,-0.7179138218411295,1.2655426584210128
2021-08-23,HDFCBANK,HDFCBANK,764.92498779296875,3.583455967513665,-1.5224532916349567
2021-08-23,INFOSYS,INFOSYS,1735.75,-0.5593115438323671,0.8194171017871597
2021-08-23,LT,LT,1600.0999755859375,0.08477596805436428,-0.08137348461638894
2021-08-23,RELIANCE,RELIANCE,1003.3006591796876,0.5948359656159313,-0.46677088807409284
2021-08-23,TCS,TCS,3580,-0.7197484192235509,1.2720675764518443
2021-08-24,HDFCBANK,HDFCBANK,765,3.679738562091503,-1.5432422455682095
2021-08-24,INFOSYS,INFOSYS,1750,-0.5628571428571428,0.8274952330910237
2021-08-24,LT,LT,1590,0.10062893081761007,-0.09588177170328205
2021-08-24,RELIANCE,RELIANCE,999.17022705078125,0.5913204346502118,-0.46456413363349025
2021-08-24,TCS,TCS,3657,-0.7267787183344869,1.297473256568594
2021-08-25,HDFCBANK,HDFCBANK,776.04998779296875,3.7123253108994296,-1.550181482781885
2021-08-25,INFOSYS,INFOSYS,1718,-0.548282894183371,0.7946991671767041
2021-08-25,LT,LT,1614.949951171875,0.06381005724254649,-0.061856857354098516
2021-08-25,RELIANCE,RELIANCE,1008.561767578125,0.6012405021557374,-0.47077864269255
2021-08-25,TCS,TCS,3610,-0.7206200089811288,1.2751824488293755
2021-08-26,HDFCBANK,HDFCBANK,775,3.6580645161290324,-1.53860002197358
2021-08-26,INFOSYS,INFOSYS,1734,-0.5530565167243368,0.8053231279871396
2021-08-26,LT,LT,1593.800048828125,0.08796583440624184,-0.08430974574054595
2021-08-26,RELIANCE,RELIANCE,1018.9916381835938,0.5640953164926432,-0.4473075843151104
2021-08-26,TCS,TCS,3660,-0.7215869841028433,1.2786495991105813
2021-08-27,HDFCBANK,HDFCBANK,776,3.716494845360825,-1.5510659062121928
2021-08-27,INFOSYS,INFOSYS,1725,-0.5501449275362319,0.7988298092822408
2021-08-27,LT,LT,1604,0.07543640897755612,-0.07272654103899967
2021-08-27,RELIANCE,RELIANCE,1032.3751220703125,0.553698811322921,-0.4406384180533651
2021-08-27,TCS,TCS,3666,-0.7183919470621078,1.2672390580265551
2021-08-30,HDFCBANK,HDFCBANK,777.79998779296875,3.7132939798602815,-1.550387022372309
2021-08-30,INFOSYS,INFOSYS,1703.050048828125,-0.5432900000043006,0.7837066628283633
2021-08-30,LT,LT,1646.699951171875,0.03422001538054848,-0.03364753428385914
2021-08-30,RELIANCE,RELIANCE,1038.3746337890625,0.5858437769834706,-0.4611166170896306
2021-08-30,TCS,TCS,3715,-0.7204913502586642,1.2747220396696441
2021-08-31,HDFCBANK,HDFCBANK,781.75,3.75215861848417,-1.5585989608139084
2021-08-31,INFOSYS,INFOSYS,1700.1500244140625,-0.5401876371060716,0.7769367794679161
2021-08-31,LT,LT,1660.050048828125,0.024155883501371045,-0.02386874501331615
2021-08-31,RELIANCE,RELIANCE,1050.7889404296875,0.5798130194911445,-0.4573064979416843
2021-08-31,TCS,TCS,3709.39990234375,-0.7167226591649619,1.261328858277623
2021-09-01,HDFCBANK,HDFCBANK,787.5,3.7103490823412697,-1.5497620204287008
2021-09-01,INFOSYS,INFOSYS,1709.5,-0.5393389880081896,0.7750928383795674
2021-09-01,LT,LT,1672.25,0.02227537748542383,-0.022030905080837826
2021-09-01,RELIANCE,RELIANCE,1048.9891357421875,0.5941537838872268,-0.4663430524316512
2021-09-01,TCS,TCS,3796,-0.7236593425336703,1.2861209081629514
2021-09-02,HDFCBANK,HDFCBANK,787.04998779296875,3.8230735771239566,-1.5734113964388428
2021-09-02,INFOSYS,INFOSYS,1677.3499755859375,-0.5307777152957993,0.7566786682236817
2021-09-02,LT,LT,1687.9000244140625,-0.0062503991205209814,0.006270014644389477
2021-09-02,RELIANCE,RELIANCE,1040.68212890625,0.6219169884160827,-0.48360877584846484
2021-09-02,TCS,TCS,3734,-0.7212956269667247,1.2776036537910862
2021-09-03,HDFCBANK,HDFCBANK,793.04998779296875,3.7084043345005218,-1.5493490681446103
2021-09-03,INFOSYS,INFOSYS,1696.050048828125,-0.5324135697876831,0.7601710698816255
2021-09-03,LT,LT,1697,-5.597826587360048e-4,5.599393955435517e-4
2021-09-03,RELIANCE,RELIANCE,1066.0645751953125,0.5918360289657825,-0.46488808523685865
2021-09-03,TCS,TCS,3825,-0.7212903071384804,1.2775845662632683
2021-09-06,HDFCBANK,HDFCBANK,789.9749755859375,3.8419255270243644,-1.5773124777747762
2021-09-06,INFOSYS,INFOSYS,1705.1500244140625,-0.5367123336508791,0.7694071082194762
2021-09-06,LT,LT,1700,0.0030294261259191176,-0.0030248466610292013
2021-09-06,RELIANCE,RELIANCE,1113.59912109375,0.526581664621198,-0.4230310297121731
2021-09-06,TCS,TCS,3849.699951171875,-0.710730930924951,1.2403979891520729
2021-09-07,HDFCBANK,HDFCBANK,781.25,3.9276159375,-1.594855288433596
2021-09-07,INFOSYS,INFOSYS,1730,-0.5484104046242775,0.7949814864412135
2021-09-07,LT,LT,1694.199951171875,0.021130946676844238,-0.020910784315129938
2021-09-07,RELIANCE,RELIANCE,1121.444580078125,0.5107299827993722,-0.4125929663285426
2021-09-07,TCS,TCS,3864,-0.7097710714083527,1.2370852584842567
2021-09-08,HDFCBANK,HDFCBANK,785.9749755859375,3.9161870543262802,-1.5925332410869562
2021-09-08,INFOSYS,INFOSYS,1700.8499755859375,-0.5378928260176671,0.7719584364864698
2021-09-08,LT,LT,1682,0.011206882036823722,-0.01114455019902838
2021-09-08,RELIANCE,RELIANCE,1131.59765625,0.48639402945917865,-0.39635307229002326
2021-09-08,TCS,TCS,3810,-0.7029927411417323,1.2139986998778767
2021-09-09,HDFCBANK,HDFCBANK,787,3.8411689961880557,-1.577156219703344
2021-09-09,INFOSYS,INFOSYS,1685.9000244140625,-0.5331870285288576,0.7618265908856756
2021-09-09,LT,LT,1655.199951171875,0.018547652336777784,-0.01837774237157941
2021-09-09,RELIANCE,RELIANCE,1120.4754638671875,0.4772299836527876,-0.3901687014160471
2021-09-09,TCS,TCS,3789.699951171875,-0.7043366286767091,1.2185337308707904
2021-09-13,HDFCBANK,HDFCBANK,781,3.8523686954825545,-1.5794669765465565
2021-09-13,INFOSYS,INFOSYS,1683,-0.5359477124183006,0.7677580443511198
2021-09-13,LT,LT,1662.050048828125,0.012604885867694749,-0.01252610561382106
2021-09-13,RELIANCE,RELIANCE,1122.8291015625,0.48023421063388816,-0.3922003256840485
2021-09-13,TCS,TCS,3767,-0.7019301562085214,1.2104274447991044
2021-09-14,HDFCBANK,HDFCBANK,780,3.8294871794871796,-1.5747402880084032
2021-09-14,INFOSYS,INFOSYS,1695.949951171875,-0.5400807674418504,0.7767043863105405
2021-09-14,LT,LT,1676,0.011903312155056682,-0.011833024952149884
2021-09-14,RELIANCE,RELIANCE,1096.0621337890625,0.5291103928625881,-0.42468612372758674
2021-09-14,TCS,TCS,3849.949951171875,-0.7153048357276864,1.2563362701872745
2021-09-15,HDFCBANK,HDFCBANK,767.5,4.016221434751628,-1.612676948040364
2021-09-15,INFOSYS,INFOSYS,1693.25,-0.5467296618928097,0.7912665586336614
2021-09-15,LT,LT,1700,-0.003970588235294117,0.003978491949293783
2021-09-15,RELIANCE,RELIANCE,1093.0623779296875,0.555263482052947,-0.4416449731122434
2021-09-15,TCS,TCS,3882.10009765625,-0.7184352926423497,1.2673929915382
2021-09-16,HDFCBANK,HDFCBANK,768.875,4.04906531966347,-1.6192031409417318
2021-09-16,INFOSYS,INFOSYS,1715.199951171875,-0.5517286486192575,0.8023565348800608
2021-09-16,LT,LT,1709.5999755859375,0.0032756057942842447,-0.0032702526842252055
2021-09-16,RELIANCE,RELIANCE,1099.0849609375,0.5554757242130572,-0.44178143081336607
2021-09-16,TCS,TCS,3930,-0.7203346155375318,1.2741614459523056
2021-09-17,HDFCBANK,HDFCBANK,784.5,4.009560229445507,-1.6113481326902201
2021-09-17,INFOSYS,INFOSYS,1697,-0.5377136122569239,0.7715706930611397
2021-09-17,LT,LT,1724,-0.015661252900232018,0.015785185989411588
2021-09-17,RELIANCE,RELIANCE,1128.82861328125,0.5272468997651655,-0.42346670259980534
2021-09-17,TCS,TCS,3920,-0.7120335170200893,1.2449111841606753
2021-09-20,HDFCBANK,HDFCBANK,782,4.012787723785166,-1.6119921922391969
2021-09-20,INFOSYS,INFOSYS,1685,-0.5359050445103858,0.7676661022411508
2021-09-20,LT,LT,1700.199951171875,-0.00894009622891609,0.008980298677748522
2021-09-20,RELIANCE,RELIANCE,1094.7237548828125,0.5530858297250316,-0.4402438096870531
2021-09-20,TCS,TCS,3809,-0.7125954962239925,1.2468646347014474
2021-09-21,HDFCBANK,HDFCBANK,781,3.87708066581306,-1.5845468166389187
2021-09-21,INFOSYS,INFOSYS,1700,-0.5405882352941176,0.777808380204621
2021-09-21,LT,LT,1698.5999755859375,8.242225563317562e-4,-8.23883071448428e-4
2021-09-21,RELIANCE,RELIANCE,1109.9071044921875,0.5303983267708633,-0.425528045815331
2021-09-21,TCS,TCS,3858,-0.7123102373011437,1.245872592308146
2021-09-22,HDFCBANK,HDFCBANK,774.5,3.9812782440284056,-1.6056865336087505
2021-09-22,INFOSYS,INFOSYS,1717,-0.5489225393127548,0.7961162010405527
2021-09-22,LT,LT,1720.9000244140625,-0.0022662701834700667,0.002268842060188625
2021-09-22,RELIANCE,RELIANCE,1111.2916259765625,0.5485584379363954,-0.43732445813454035
2021-09-22,TCS,TCS,3862.5,-0.7122869576759708,1.2457916763828765
2021-09-23,HDFCBANK,HDFCBANK,771,4.009727626459144,-1.6113815476426714
2021-09-23,INFOSYS,INFOSYS,1732,-0.5548498845265589,0.8093437155590513
2021-09-23,LT,LT,1718.300048828125,0.007972967923278779,-0.007941351753150805
2021-09-23,RELIANCE,RELIANCE,1129.4747314453125,0.5213266848646827,-0.41958277316310966
2021-09-23,TCS,TCS,3870,-0.7081460642260174,1.231501821817707
2021-09-24,HDFCBANK,HDFCBANK,789.5,3.9018366054464853,-1.5896099523281304
2021-09-24,INFOSYS,INFOSYS,1758,-0.550910125142207,0.8005322445494256
2021-09-24,LT,LT,1780,-0.012359550561797753,0.012436565041008762
2021-09-24,RELIANCE,RELIANCE,1155.387939453125,0.5406080842790518,-0.4321771984103364
2021-09-24,TCS,TCS,3890,-0.7029851055390424,1.2139729917366973
2021-09-27,HDFCBANK,HDFCBANK,807.8499755859375,3.815250501404749,-1.5717880691106867
2021-09-27,INFOSYS,INFOSYS,1768.75,-0.543265031470848,0.7836519938897428
2021-09-27,LT,LT,1772,-0.0018340857787810384,0.001835769773478546
2021-09-27,RELIANCE,RELIANCE,1147.7501220703125,0.5438900557933857,-0.4343052416795148
2021-09-27,TCS,TCS,3900,-0.7057050969050481,1.2231729426322255
2021-09-28,HDFCBANK,HDFCBANK,816,3.7794117647058822,-1.5643174771536303
2021-09-28,INFOSYS,INFOSYS,1710,-0.5228070175438596,0.7398342945325984
2021-09-28,LT,LT,1745.300048828125,-0.02022577656594182,0.020433118111008675
2021-09-28,RELIANCE,RELIANCE,1169.4405517578125,0.49242306178345285,-0.4004010150620445
2021-09-28,TCS,TCS,3850,-0.6962492073356331,1.191547674736161
2021-09-29,HDFCBANK,HDFCBANK,798.5,3.8215403882279273,-1.5730934596267634
2021-09-29,INFOSYS,INFOSYS,1659.25,-0.5187584752147054,0.7313860043709672
2021-09-29,LT,LT,1732,-0.042003464203233254,0.042911117096346096
2021-09-29,RELIANCE,RELIANCE,1186.0545654296875,0.46030380935511656,-0.37864450267221006
2021-09-29,TCS,TCS,3759.800048828125,-0.6845431804812696,1.1537334700165855
2021-09-30,HDFCBANK,HDFCBANK,793,3.741235874940889,-1.5562978348319083
2021-09-30,INFOSYS,INFOSYS,1703,-0.5343511450381679,0.7643234590278407
2021-09-30,LT,LT,1719.949951171875,-0.0098549095340398,0.009903790565564563
2021-09-30,RELIANCE,RELIANCE,1165.287109375,0.4759881383175753,-0.3893276897757829
2021-09-30,TCS,TCS,3805,-0.6937484600854139,1.1833484888433157
2021-10-01,HDFCBANK,HDFCBANK,791.5,3.8073278584965258,-1.5701413909747188
2021-10-01,INFOSYS,INFOSYS,1665.0999755859375,-0.5246531670139047,0.7437105666877839
2021-10-01,LT,LT,1697.5,-0.019086906871318116,0.019271413424000627
2021-10-01,RELIANCE,RELIANCE,1154.6495361328125,0.4701430580272165,-0.38535971444138006
2021-10-01,TCS,TCS,3781.75,-0.6946785122938289,1.1863899994508378
2021-10-04,HDFCBANK,HDFCBANK,794.5,3.7599118942731278,-1.5602291584655381
2021-10-04,INFOSYS,INFOSYS,1672.5,-0.5249626307922272,0.744361806025613
2021-10-04,LT,LT,1696.5,-0.014146772767462422,0.014247792221900646
2021-10-04,RELIANCE,RELIANCE,1178.2091064453125,0.43989720561436213,-0.3645717260498529
2021-10-04,TCS,TCS,3724.800048828125,-0.6836852741086078,1.1510175930315567
2021-10-05,HDFCBANK,HDFCBANK,796,3.6793970462664887,-1.5431692653616054
2021-10-05,INFOSYS,INFOSYS,1671,-0.5236385397965291,0.7415783427510103
2021-10-05,LT,LT,1714.5,-0.02537182852143482,0.025699243307581554
2021-10-05,RELIANCE,RELIANCE,1179.17822265625,0.45397868367842575,-0.3743037185351037
2021-10-05,TCS,TCS,3754,-0.6858875272625866,1.1580041637785827
2021-10-06,HDFCBANK,HDFCBANK,798,3.7042606516290726,-1.5484686196966448
2021-10-06,INFOSYS,INFOSYS,1702.0999755859375,-0.5311673747452506,0.7575094500206232
2021-10-06,LT,LT,1716.699951171875,-0.00850467524972613,0.008541046363435001
2021-10-06,RELIANCE,RELIANCE,1209.1064453125,0.4198087834427057,-0.3505222029983681
2021-10-06,TCS,TCS,3836,-0.6848001967381386,1.1545485451678292
2021-10-07,HDFCBANK,HDFCBANK,813.29998779296875,3.716586816150895,-1.551085405839859
2021-10-07,INFOSYS,INFOSYS,1687,-0.5179016077101548,0.7296070523824989
2021-10-07,LT,LT,1710,-0.013450292397660818,0.01354156695073705
2021-10-07,RELIANCE,RELIANCE,1197.592041015625,0.4278652006987491,-0.35618046219190624
2021-10-07,TCS,TCS,3830,-0.6873127830246409,1.1625518948698925
2021-10-08,HDFCBANK,HDFCBANK,806,3.7518610421836227,-1.5585363396680636
2021-10-08,INFOSYS,INFOSYS,1705.25,-0.5273420319601232,0.749383264028201
2021-10-08,LT,LT,1740,-0.019971264367816093,0.020173385673746047
2021-10-08,RELIANCE,RELIANCE,1193.0924072265625,0.4583949989630454,-0.37733651525071377
2021-10-08,TCS,TCS,3925,-0.6960274121715765,1.1908177532586475
2021-10-11,HDFCBANK,HDFCBANK,799.95001220703125,3.9065565849184454,-1.5905723892420447
2021-10-11,INFOSYS,INFOSYS,1682,-0.5244054624215034,0.7431895995584297
2021-10-11,LT,LT,1733.75,-0.029848594087959625,0.03030313109614724
2021-10-11,RELIANCE,RELIANCE,1246.6956787109375,0.39067619275994325,-0.32979009846608953
2021-10-11,TCS,TCS,3755,-0.6679904983459554,1.1025916910352835
2021-10-12,HDFCBANK,HDFCBANK,812.5,3.6215384615384614,-1.5307276499943425
2021-10-12,INFOSYS,INFOSYS,1677,-0.5155038759689923,0.7246458476193167
2021-10-12,LT,LT,1710.5,-0.019584916691026015,0.019779242594450075
2021-10-12,RELIANCE,RELIANCE,1220.6671142578125,0.40128293784666647,-0.3373882011737619
2021-10-12,TCS,TCS,3706,-0.6706240922132184,1.1105556036014086
2021-10-13,HDFCBANK,HDFCBANK,818.5,3.5277947464874773,-1.5102350100341164
2021-10-13,INFOSYS,INFOSYS,1695.949951171875,-0.5173796258348136,0.7285249091829886
2021-10-13,LT,LT,1727,-0.017979182876737117,0.018142772152500264
2021-10-13,RELIANCE,RELIANCE,1236.3580322265625,0.3968445668524014,-0.33421581198910566
2021-10-13,TCS,TCS,3650,-0.6612717719927226,1.0825571804189646
2021-10-14,HDFCBANK,HDFCBANK,819,3.456654456654457,-1.4943983627234676
2021-10-14,INFOSYS,INFOSYS,1754,-0.5330672748004561,0.7615700890790587
2021-10-14,LT,LT,1775,-0.011830985915492958,0.011901528977388054
2021-10-14,RELIANCE,RELIANCE,1246.2110595703125,0.42431732279122236,-0.3536926272036336
2021-10-14,TCS,TCS,3625,-0.6562176387392241,1.0677464925828923
2021-10-18,HDFCBANK,HDFCBANK,852.5,3.2521994134897363,-1.4474363581311032
2021-10-18,INFOSYS,INFOSYS,1740,-0.5100574712643678,0.713467183050903
2021-10-18,LT,LT,1807.1500244140625,-0.03715796890511885,0.03786591896284097
2021-10-18,RELIANCE,RELIANCE,1231.5584716796875,0.4673684327381891,-0.3834706146894975
2021-10-18,TCS,TCS,3603.449951171875,-0.6582279514443725,1.0736112888370135
2021-10-19,HDFCBANK,HDFCBANK,837.7249755859375,3.3014713136032285,-1.4589571301283364
2021-10-19,INFOSYS,INFOSYS,1814,-0.5381890983539485,0.772599775484486
2021-10-19,LT,LT,1809.800048828125,0.00232067137725769,-0.002317982778203387
2021-10-19,RELIANCE,RELIANCE,1257.033203125,0.43973925615404574,-0.36446202507712844
2021-10-19,TCS,TCS,3669,-0.6573907868288362,1.0711648015355326
2021-10-20,HDFCBANK,HDFCBANK,844.54998779296875,3.3443254431724783,-1.4688704976828166
2021-10-20,INFOSYS,INFOSYS,1829.4000244140625,-0.5383459185951037,0.7729394098951916
2021-10-20,LT,LT,1855,-0.013800525922338274,0.01389663847387812
2021-10-20,RELIANCE,RELIANCE,1265.7786865234375,0.4655010546076629,-0.38219720079165764
2021-10-20,TCS,TCS,3612,-0.6495629328561912,1.0485741402869975
2021-10-21,HDFCBANK,HDFCBANK,835.9000244140625,3.3210909133922915,-1.463507896624848
2021-10-21,INFOSYS,INFOSYS,1814,-0.539195135383648,0.7747806127630543
2021-10-21,LT,LT,1815,-5.509641873278236e-4,5.511160238693691e-4
2021-10-21,RELIANCE,RELIANCE,1258.6947021484375,0.4419700002725185,-0.36601023439705216
2021-10-21,TCS,TCS,3604.10009765625,-0.6507603373815927,1.0519968800851034
2021-10-22,HDFCBANK,HDFCBANK,840.04998779296875,3.2903400393173796,-1.4563659930429056
2021-10-22,INFOSYS,INFOSYS,1749.9000244140625,-0.5199440104732546,0.7338525370352951
2021-10-22,LT,LT,1816,-0.0363986649702299,0.037077622781846564
2021-10-22,RELIANCE,RELIANCE,1209.1295166015625,0.5019069297920514,-0.40673558723569947
2021-10-22,TCS,TCS,3560,-0.6603568773591116,1.0798598519205367
2021-10-25,HDFCBANK,HDFCBANK,845,3.21301775147929,-1.4381791964889015
2021-10-25,INFOSYS,INFOSYS,1722.050048828125,-0.5093057832000688,0.7119341215682606
2021-10-25,LT,LT,1792.25,-0.03916861552343423,0.03995634380754698
2021-10-25,RELIANCE,RELIANCE,1236.819580078125,0.4490795819118506,-0.37092858378473803
2021-10-25,TCS,TCS,3503,-0.6469256123099842,1.0410765142492426
2021-10-26,HDFCBANK,HDFCBANK,825,3.246060606060606,-1.4459916368628054
2021-10-26,INFOSYS,INFOSYS,1710.050048828125,-0.517557979916809,0.72889453105425694
2021-10-26,LT,LT,1785,-0.041988768163515405,0.0428957768248015
2021-10-26,RELIANCE,RELIANCE,1207.791259765625,0.4779043858508993,-0.3906251288575735
2021-10-26,TCS,TCS,3494.5,-0.6543736558118114,1.0623970175610182
2021-10-27,HDFCBANK,HDFCBANK,826.375,3.2287097262138857,-1.441896917263442
2021-10-27,INFOSYS,INFOSYS,1709.0999755859375,-0.5164852777458553,0.7266735152159693
2021-10-27,LT,LT,1801,-0.05102722066299972,0.05237516430624467
2021-10-27,RELIANCE,RELIANCE,1223.8975830078125,0.4715283574414116,-0.3863015596177757
2021-10-27,TCS,TCS,3483,-0.6486082161906941,1.0458534848078216
2021-10-28,HDFCBANK,HDFCBANK,825,3.2218181818181817,-1.4402658840313212
2021-10-28,INFOSYS,INFOSYS,1719.3499755859375,-0.5201674983484104,0.7343181908716483
2021-10-28,LT,LT,1799.550048828125,-0.04456673672088984,0.045590362556236386
2021-10-28,RELIANCE,RELIANCE,1209.1295166015625,0.48830214143314177,-0.3976359678370267
2021-10-28,TCS,TCS,3518,-0.6563020134731203,1.0679919533719655
2021-10-29,HDFCBANK,HDFCBANK,795,3.4251572327044024,-1.4873058106431722
2021-10-29,INFOSYS,INFOSYS,1699,-0.5320776927604474,0.7594530070176004
2021-10-29,LT,LT,1822,-0.06750823271130625,0.06989495614797114
2021-10-29,RELIANCE,RELIANCE,1198.122802734375,0.5207122307010621,-0.4191787979418642
2021-10-29,TCS,TCS,3400.050048828125,-0.6476161275486739,1.0430341508614376
2021-11-01,HDFCBANK,HDFCBANK,792.5,3.2902839732847005,-1.4563529249880416
2021-11-01,INFOSYS,INFOSYS,1677.5,-0.5275707898658718,0.7498673630944017
2021-11-01,LT,LT,1776,-0.055461711711711714,0.05705905470627837
2021-11-01,RELIANCE,RELIANCE,1170.47900390625,0.5173275164039162,-0.41695057449561634
2021-11-01,TCS,TCS,3437.949951171875,-0.6595415813114803,1.0774622792387039
2021-11-02,HDFCBANK,HDFCBANK,803,3.281382255506694,-1.4542759143484414
2021-11-02,INFOSYS,INFOSYS,1695,-0.5262536873156343,0.7470833058677888
2021-11-02,LT,LT,1800,-0.058333333333333334,0.06010392406970588
2021-11-02,RELIANCE,RELIANCE,1174.51708984375,0.5325447501487272,-0.4269295891514737
2021-11-02,TCS,TCS,3494,-0.6638474270624642,1.0901901359612198
2021-11-03,HDFCBANK,HDFCBANK,802.54998779296875,3.3536228934581156,-1.471008347545082
2021-11-03,INFOSYS,INFOSYS,1709,-0.5303979006477655,0.7558695399666702
2021-11-03,LT,LT,1818,-0.059955995599559955,0.06182859162183352
2021-11-03,RELIANCE,RELIANCE,1156.5416259765625,0.5719278573003493,-0.45230280065135453
2021-11-03,TCS,TCS,3504.199951171875,-0.6699555841298976,1.1085280400327449
2021-11-04,HDFCBANK,HDFCBANK,797.5,3.3939811299960816,-1.480235679459815
2021-11-04,INFOSYS,INFOSYS,1715,-0.5349854227405247,0.7656865249410405
2021-11-04,LT,LT,1900,-0.09736842105263158,0.10244080555449209
2021-11-04,RELIANCE,RELIANCE,1150.4959716796875,0.6514616711139462,-0.5016607570501366
2021-11-04,TCS,TCS,3512.949951171875,-0.6724986157870263,1.1162629973112628
2021-11-08,HDFCBANK,HDFCBANK,796.04998779296875,3.4129765781561687,-1.484549422808148
2021-11-08,INFOSYS,INFOSYS,1730,-0.5398554983855672,0.776214704884314
2021-11-08,LT,LT,1944.550048828125,-0.11033403277916282,0.11690920443467512
2021-11-08,RELIANCE,RELIANCE,1162.70263671875,0.6724396999011009,-0.5142834584994986
2021-11-08,TCS,TCS,3548,-0.6722935071254932,1.1156369100024692
2021-11-09,HDFCBANK,HDFCBANK,797.29998779296875,3.450018881627392,-1.492908339231482
2021-11-09,INFOSYS,INFOSYS,1734.75,-0.5403948766145158,0.7773875855816703
2021-11-09,LT,LT,1933.5,-0.10279286268425136,0.10846852126769324
2021-11-09,RELIANCE,RELIANCE,1156.05712890625,0.672495200846425,-0.5143166435670565
2021-11-09,TCS,TCS,3508,-0.6704512175295753,1.1100308860117778
2021-11-10,HDFCBANK,HDFCBANK,784,3.4744897959183674,-1.4983923331416653
2021-11-10,INFOSYS,INFOSYS,1726,-0.5457705677867902,0.7891528512929655
2021-11-10,LT,LT,1932.699951171875,-0.10694880550213931,0.11311137108384539
2021-11-10,RELIANCE,RELIANCE,1161.4566650390625,0.6640310476903362,-0.5092430006926998
2021-11-10,TCS,TCS,3498,-0.6679655045628752,1.1025164135440289
2021-11-11,HDFCBANK,HDFCBANK,775.0250244140625,3.5134026512815786,-1.5070513371799654
2021-11-11,INFOSYS,INFOSYS,1732.949951171875,-0.5527712592680669,0.8046850910222512
2021-11-11,LT,LT,1947.8499755859375,-0.11032678445855046,0.11690105722959743
2021-11-11,RELIANCE,RELIANCE,1172.232666015625,0.6616581605822389,-0.5078159957249104
2021-11-11,TCS,TCS,3480,-0.6631515327541307,1.0881221018429992
2021-11-12,HDFCBANK,HDFCBANK,775,3.490322580645161,-1.5019245434151722
2021-11-12,INFOSYS,INFOSYS,1743,-0.555364314400459,0.8105000161666736
2021-11-12,LT,LT,1940,-0.10154639175257732,0.10708020653735328
2021-11-12,RELIANCE,RELIANCE,1182.7779541015625,0.6402064252826076,-0.49482210299002105
2021-11-12,TCS,TCS,3506,-0.6626417700794174,1.0866099164138268
2021-11-15,HDFCBANK,HDFCBANK,781.04998779296875,3.488829210415823,-1.5015919128331632
2021-11-15,INFOSYS,INFOSYS,1782.0999755859375,-0.5617249321064791,0.824908556831434
2021-11-15,LT,LT,1961.25,-0.09134481805688337,0.09578959456779135
2021-11-15,RELIANCE,RELIANCE,1199.8995361328125,0.6345118411504381,-0.4913441916651786
2021-11-15,TCS,TCS,3528,-0.6598924217310622,1.078493304744618
2021-11-16,HDFCBANK,HDFCBANK,777.5,3.537620578778135,-1.5124027730732923
2021-11-16,INFOSYS,INFOSYS,1790,-0.5656424581005587,0.8338872547814118
2021-11-16,LT,LT,1950,-0.08205128205128205,0.08561375272299188
2021-11-16,RELIANCE,RELIANCE,1187.0006103515625,0.6427961224236056,-0.4963997427514899
2021-11-16,TCS,TCS,3569,-0.6674136703974327,1.1008558146838574
2021-11-17,HDFCBANK,HDFCBANK,768.45001220703125,3.6444140065137525,-1.535665208551575
2021-11-17,INFOSYS,INFOSYS,1792.550048828125,-0.5713090339042954,0.8470189783884257
2021-11-17,LT,LT,1949,-0.08027190927238327,0.08367720618054975
2021-11-17,RELIANCE,RELIANCE,1153.2650146484375,0.6899845007386574,-0.5247193577323692
2021-11-17,TCS,TCS,3550.60009765625,-0.675191521734676,1.1245195680016593
2021-11-18,HDFCBANK,HDFCBANK,763.0250244140625,3.6533206435566186,-1.537581081633018
2021-11-18,INFOSYS,INFOSYS,1781.5999755859375,-0.5717192215591961,0.8479762740958776
2021-11-18,LT,LT,1952.9000244140625,-0.08771572875550603,0.0918036365504662
2021-11-18,RELIANCE,RELIANCE,1135.28955078125,0.7201779255963147,-0.542427730589421
2021-11-18,TCS,TCS,3515.14990234375,-0.6770295485764951,1.1301944416051581
2021-11-22,HDFCBANK,HDFCBANK,773,3.547412551544308,-1.5145584012184914
2021-11-22,INFOSYS,INFOSYS,1784,-0.5667040358744395,0.8363342645525327
2021-11-22,LT,LT,1898.25,-0.06018701435532728,0.0620743749533883
2021-11-22,RELIANCE,RELIANCE,1124.259765625,0.6884443062362214,-0.523807576133799
2021-11-22,TCS,TCS,3478.39990234375,-0.6767882367787923,1.1294475568922975
2021-11-23,HDFCBANK,HDFCBANK,751,3.631690948526964,-1.5329220170877074
2021-11-23,INFOSYS,INFOSYS,1735.0999755859375,-0.5671719148365558,0.8374146617727964
2021-11-23,LT,LT,1850,-0.06210812130489865,0.06412060453543944
2021-11-23,RELIANCE,RELIANCE,1076.7021484375,0.7182096299191959,-0.5412828358616801
2021-11-23,TCS,TCS,3445,-0.6874594634433963,1.1630211012370681
2021-11-24,HDFCBANK,HDFCBANK,762,3.520997375328084,-1.5087326277611117
2021-11-24,INFOSYS,INFOSYS,1740,-0.5620689655172414,0.8256938365219284
2021-11-24,LT,LT,1894,-0.08130939809926083,0.08480588153744861
2021-11-24,RELIANCE,RELIANCE,1098.36962890625,0.7243739722537977,-0.5448640699783898
2021-11-24,TCS,TCS,3472.199951171875,-0.6836675178986891,1.1509614599776237
2021-11-25,HDFCBANK,HDFCBANK,757.4000244140625,3.584367361036234,-1.5226521160435231
2021-11-25,INFOSYS,INFOSYS,1700,-0.5544705738740808,0.8084919823425727
2021-11-25,LT,LT,1855,-0.08355795148247978,0.0872564449972284
2021-11-25,RELIANCE,RELIANCE,1095.13916015625,0.693848660964088,-0.5270032539651055
2021-11-25,TCS,TCS,3443.89990234375,-0.6820061002902692,1.145723079688695
2021-11-26,HDFCBANK,HDFCBANK,750,3.5918665364583333,-1.524286594234769
2021-11-26,INFOSYS,INFOSYS,1702.550048828125,-0.5594843155910575,0.8198092283170944
2021-11-26,LT,LT,1820,-0.06453294020432693,0.06670934522339067
2021-11-26,RELIANCE,RELIANCE,1138.8892822265625,0.5980482285704241,-0.4687830274709013
2021-11-26,TCS,TCS,3425,-0.6674775818316606,1.1010479980963854
2021-11-29,HDFCBANK,HDFCBANK,747.4000244140625,3.582552700189018,-1.5222562009796192
2021-11-29,INFOSYS,INFOSYS,1691,-0.5580129956155752,0.8164747991818739
2021-11-29,LT,LT,1778,-0.048931383577052866,0.05016906717527014
2021-11-29,RELIANCE,RELIANCE,1125.644287109375,0.5795398425250816,-0.4571335657124127
2021-11-29,TCS,TCS,3447.14990234375,-0.6734565310478553,1.1191922029800256
2021-11-30,HDFCBANK,HDFCBANK,747.5,3.6115717757107024,-1.528568748076622
2021-11-30,INFOSYS,INFOSYS,1704.550048828125,-0.5614678486478558,0.8243221486442129
2021-11-30,LT,LT,1767.25,-0.035478823693238085,0.036123491142009634
2021-11-30,RELIANCE,RELIANCE,1138.9815673828125,0.5516054435023408,-0.43929016489302786
2021-11-30,TCS,TCS,3491,-0.6737377349232849,1.1200537269470008
2021-12-01,HDFCBANK,HDFCBANK,747.5,3.6702341137123744,-1.5412092018401955
2021-12-01,INFOSYS,INFOSYS,1715,-0.5641399416909622,0.8304340543351989
2021-12-01,LT,LT,1764,-0.027777777777777776,0.028170876966696845
2021-12-01,RELIANCE,RELIANCE,1122.8291015625,0.5710316000407035,-0.4517324736738004
2021-12-01,TCS,TCS,3535,-0.6823680052157002,1.1468618154377372
2021-12-02,HDFCBANK,HDFCBANK,752.25,3.6992356264539716,-1.5473998628205194
2021-12-02,INFOSYS,INFOSYS,1715,-0.5613702623906706,0.8240996440898858
2021-12-02,LT,LT,1785.949951171875,-0.03972672981419229,0.04053737858366446
2021-12-02,RELIANCE,RELIANCE,1139.76611328125,0.5669442444032129,-0.4491273816325094
2021-12-02,TCS,TCS,3589.199951171875,-0.6824456344626005,1.1471062452685263
2021-12-03,HDFCBANK,HDFCBANK,762.9000244140625,3.704679297826112,-1.5485576087218833
2021-12-03,INFOSYS,INFOSYS,1771.0999755859375,-0.5692507284002021,0.8422290945800599
2021-12-03,LT,LT,1799.949951171875,-0.01602820987725489,0.016158050915280775
2021-12-03,RELIANCE,RELIANCE,1153.01123046875,0.5610862267491669,-0.4453818781558141
2021-12-03,TCS,TCS,3646.449951171875,-0.6837989699822421,1.1513770967239063
2021-12-06,HDFCBANK,HDFCBANK,756.5,3.8201585607030735,-1.5728068239328605
2021-12-06,INFOSYS,INFOSYS,1730,-0.5627167630057803,0.8271741542634139
2021-12-06,LT,LT,1799,-0.03835464146748194,0.03910954645870923
2021-12-06,RELIANCE,RELIANCE,1114.983642578125,0.6134765850378358,-0.47839122049744454
2021-12-06,TCS,TCS,3640.449951171875,-0.6937236722017817,1.1832675524975516
2021-12-07,HDFCBANK,HDFCBANK,756.9749755859375,3.8092077923104126,-1.5705323704097465
2021-12-07,INFOSYS,INFOSYS,1701.0999755859375,-0.5550085318617441,0.8097001697227162
2021-12-07,LT,LT,1790.199951171875,-0.04977096302991862,0.05105223189799357
2021-12-07,RELIANCE,RELIANCE,1096.5928955078125,0.6325109879020925,-0.49011931286683463
2021-12-07,TCS,TCS,3562.5,-0.692184450383772,1.1782545402821372
2021-12-08,HDFCBANK,HDFCBANK,768,3.638671875,-1.534428091429234
2021-12-08,INFOSYS,INFOSYS,1733,-0.5568378534333526,0.8138195565679336
2021-12-08,LT,LT,1802,-0.03829078801331853,0.0390431484526772
2021-12-08,RELIANCE,RELIANCE,1118.7218017578125,0.6107668565755793,-0.47671037402955463
2021-12-08,TCS,TCS,3601,-0.6893302411114101,1.1690247995101473
2021-12-09,HDFCBANK,HDFCBANK,772.5999755859375,3.6608854695717694,-1.5392054450165693
2021-12-09,INFOSYS,INFOSYS,1759,-0.5607731804514283,0.8227393261052516
2021-12-09,LT,LT,1835,-0.04141689373297003,0.04229901575111228
2021-12-09,RELIANCE,RELIANCE,1123.7520751953125,0.6329224572787283,-0.4903713280346347
2021-12-09,TCS,TCS,3610,-0.6887113365109938,1.1670346188728917
2021-12-10,HDFCBANK,HDFCBANK,762.45001220703125,3.7347366282417496,-1.5549261027556351
2021-12-10,INFOSYS,INFOSYS,1760,-0.5667897657914596,0.8365321394609051
2021-12-10,LT,LT,1879.800048828125,-0.063730208381901493,0.06585160512917376
2021-12-10,RELIANCE,RELIANCE,1126.1749267578125,0.6691901090712011,-0.5123385441672621
2021-12-10,TCS,TCS,3585,-0.6858647345166492,1.1579316040396126
2021-12-13,HDFCBANK,HDFCBANK,763,3.6985583224115333,-1.5472557217492646
2021-12-13,INFOSYS,INFOSYS,1767.050048828125,-0.5682069104347058,0.8398087648152863
2021-12-13,LT,LT,1893.699951171875,-0.06687960374365298,0.06922104438460686
2021-12-13,RELIANCE,RELIANCE,1141.5198974609375,0.6589285525236995,-0.5061719436888117
2021-12-13,TCS,TCS,3650,-0.6872548226134417,1.162366549780999
2021-12-14,HDFCBANK,HDFCBANK,751.25,3.858569051580699,-1.58074396072712
2021-12-14,INFOSYS,INFOSYS,1730.9000244140625,-0.5659772433972261,0.8346583116877726
2021-12-14,LT,LT,1850,-0.06437836518158783,0.06654412053518044
2021-12-14,RELIANCE,RELIANCE,1098.36962890625,0.6843145980303726,-0.5213587143047365
2021-12-14,TCS,TCS,3605,-0.6953204912881414,1.188494845951415
2021-12-15,HDFCBANK,HDFCBANK,751.5,3.79707252162342,-1.5680058405260198
2021-12-15,INFOSYS,INFOSYS,1745,-0.5693409742120343,0.8424386254434983
2021-12-15,LT,LT,1866,-0.06484458735262594,0.06704254677076182
2021-12-15,RELIANCE,RELIANCE,1100.215576171875,0.6960312509777581,-0.5282909634840047
2021-12-15,TCS,TCS,3620,-0.6960730452563881,1.1909678868965328
2021-12-16,HDFCBANK,HDFCBANK,756.4000244140625,3.7858274499715883,-1.5656589357588597
2021-12-16,INFOSYS,INFOSYS,1762.6500244140625,-0.5708733929382812,0.8460032822378736
2021-12-16,LT,LT,1892,-0.06836679470715512,0.07081609831299218
2021-12-16,RELIANCE,RELIANCE,1110.2301025390625,0.7041512346612234,-0.533067177204293
2021-12-16,TCS,TCS,3582,-0.6900530143665375,1.1713540102131272
2021-12-17,HDFCBANK,HDFCBANK,748.5,3.785571142284569,-1.5656053787609743
2021-12-17,INFOSYS,INFOSYS,1820,-0.5887362637362638,0.8885205762111577
2021-12-17,LT,LT,1866.5,-0.024912938655237075,0.025228518283797463
2021-12-17,RELIANCE,RELIANCE,1106.69970703125,0.6865460324435556,-0.5226826698067581
2021-12-17,TCS,TCS,3602.5,-0.6927967503036087,1.1802456993257975
2021-12-20,HDFCBANK,HDFCBANK,726,3.962121212121212,-1.601833313048882
2021-12-20,INFOSYS,INFOSYS,1801.699951171875,-0.5970472222481942,0.9089359006957176
2021-12-20,LT,LT,1821,-0.010598599026976937,0.010655164207094892
2021-12-20,RELIANCE,RELIANCE,1069.6873779296875,0.7023665395813408,-0.5320193651208438
2021-12-20,TCS,TCS,3589,-0.7019539208889141,1.2105071765408422
2021-12-21,HDFCBANK,HDFCBANK,719.75,3.986453629732546,-1.6067249616553214
2021-12-21,INFOSYS,INFOSYS,1801,-0.6003609106052193,0.9171934156836707
2021-12-21,LT,LT,1817.9000244140625,-0.00929645425331332,0.009339935977876301
2021-12-21,RELIANCE,RELIANCE,1066.6876220703125,0.704247791762819,-0.5331238355361805
2021-12-21,TCS,TCS,3582.64990234375,-0.7022629474980262,1.2115445561524103
2021-12-22,HDFCBANK,HDFCBANK,726.1500244140625,3.9337599420100893,-1.596101363095011
2021-12-22,INFOSYS,INFOSYS,1825,-0.6021095756635274,0.9215786273415407
2021-12-22,LT,LT,1827.550048828125,-0.0013953373423399053,0.0013963117319963914
2021-12-22,RELIANCE,RELIANCE,1072.94091796875,0.7033091181646531,-0.5325728991047596
2021-12-22,TCS,TCS,3624,-0.7039346252845613,1.2171749885190417
2021-12-23,HDFCBANK,HDFCBANK,726.625,3.9874419404782384,-1.6069231411413556
2021-12-23,INFOSYS,INFOSYS,1831.25,-0.6032081911262799,0.924343546743863
2021-12-23,LT,LT,1883,-0.02748274030801912,0.02786745589177464
2021-12-23,RELIANCE,RELIANCE,1095.6005859375,0.7186920344595528,-0.5415635564586792
2021-12-23,TCS,TCS,3648,-0.6996708920127467,1.2028763789957484
2021-12-24,HDFCBANK,HDFCBANK,722.75,4.047388446904185,-1.618870970297766
2021-12-24,INFOSYS,INFOSYS,1872.949951171875,-0.6141114184349737,0.9522065999796565
2021-12-24,LT,LT,1888.75,-0.008365346831568497,0.008400532710837183
2021-12-24,RELIANCE,RELIANCE,1093.754638671875,0.7268498191637134,-0.5462988348526903
2021-12-24,TCS,TCS,3685,-0.7031873436439959,1.2146541258891776
2021-12-27,HDFCBANK,HDFCBANK,714.45001220703125,4.157813614722385,-1.6405127716225438
2021-12-27,INFOSYS,INFOSYS,1860,-0.6158870902112735,0.9568187337063536
2021-12-27,LT,LT,1859.4000244140625,3.226716026996748e-4,-3.226195554137945e-4
2021-12-27,RELIANCE,RELIANCE,1089.85498046875,0.7060985706688506,-0.5342092262214875
2021-12-27,TCS,TCS,3671,-0.7031176844269272,1.2144194625664886
2021-12-28,HDFCBANK,HDFCBANK,730.3499755859375,4.026357394008083,-1.6146955456279093
2021-12-28,INFOSYS,INFOSYS,1880.699951171875,-0.6116605548211705,0.9458754631163675
2021-12-28,LT,LT,1872.0999755859375,0.004593758719133493,-0.0045832396120726315
2021-12-28,RELIANCE,RELIANCE,1096.3389892578125,0.7075922629124877,-0.5350843449195661
2021-12-28,TCS,TCS,3710,-0.7044908384749832,1.2190554391478274
2021-12-29,HDFCBANK,HDFCBANK,728.0250244140625,4.0959786759884045,-1.628451733800433
2021-12-29,INFOSYS,INFOSYS,1883.5,-0.6134722461300438,0.9505516053310474
2021-12-29,LT,LT,1895,-0.006068601583113457,0.006087090384431448
2021-12-29,RELIANCE,RELIANCE,1103.4461669921875,0.7173470321306729,-0.5407806768862935
2021-12-29,TCS,TCS,3692.25,-0.7011453268353477,1.207797866676187
2021-12-30,HDFCBANK,HDFCBANK,729.25,4.063078505313679,-1.6219746985585894
2021-12-30,INFOSYS,INFOSYS,1884.5,-0.6130273282037676,0.9494012039593596
2021-12-30,LT,LT,1892.300048828125,-0.004121993672702942,0.004130512506399953
2021-12-30,RELIANCE,RELIANCE,1107.599609375,0.7084694079080782,-0.5355978865938047
2021-12-30,TCS,TCS,3681.35009765625,-0.6991322259515174,1.2010843996243583
2021-12-31,HDFCBANK,HDFCBANK,730.75,4.03776954862299,-1.6169634342527885
2021-12-31,INFOSYS,INFOSYS,1890,-0.6133597883597883,0.950260704062333
2021-12-31,LT,LT,1887.3499755859375,0.001404098046648601,-0.0014031132227385612
2021-12-31,RELIANCE,RELIANCE,1095.13916015625,0.723388263567032,-0.5442922737545199
2021-12-31,TCS,TCS,3742.800048828125,-0.7074011045556282,1.228952565371209
2022-01-03,HDFCBANK,HDFCBANK,742.5,4.040808146569866,-1.617566415770784
2022-01-03,INFOSYS,INFOSYS,1887.75,-0.6066746126340882,0.9331180520066802
2022-01-03,LT,LT,1895,-0.0038258575197889183,0.0038331948329917154
2022-01-03,RELIANCE,RELIANCE,1091.4471435546875,0.7362270002633894,-0.5517143682101322
2022-01-03,TCS,TCS,3750,-0.7089474283854167,1.234251369658062
2022-01-04,HDFCBANK,HDFCBANK,760,3.9342105263157894,-1.5961926856840796
2022-01-04,INFOSYS,INFOSYS,1898.449951171875,-0.5996734074917975,0.9154745837431593
2022-01-04,LT,LT,1922.8499755859375,-0.012689510218615594,0.012770709705906214
2022-01-04,RELIANCE,RELIANCE,1114.9375,0.7246257979357027,-0.545010098217956
2022-01-04,TCS,TCS,3831.10009765625,-0.7089771941270643,1.2343536441840932
2022-01-05,HDFCBANK,HDFCBANK,768.4000244140625,3.9858146485323522,-1.6065968100285826
2022-01-05,INFOSYS,INFOSYS,1900,-0.5955789345189145,0.905298702487535
2022-01-05,LT,LT,1940.699951171875,-0.020971789661404734,0.02119482140345852
2022-01-05,RELIANCE,RELIANCE,1136.212646484375,0.7080429065604166,-0.5353482159878649
2022-01-05,TCS,TCS,3865,-0.7060251884904593,1.2242611904513971
2022-01-06,HDFCBANK,HDFCBANK,771.5,4.009721322099805,-1.6113802892183076
2022-01-06,INFOSYS,INFOSYS,1828,-0.5779540481400438,0.8626410802108797
2022-01-06,LT,LT,1944.5,-0.059912573926459246,0.06178240158170656
2022-01-06,RELIANCE,RELIANCE,1131.2283935546875,0.7189278584934989,-0.5417007583842315
2022-01-06,TCS,TCS,3812,-0.703245437157742,1.2148498695625234
2022-01-07,HDFCBANK,HDFCBANK,772,3.937823834196891,-1.596924714749317
2022-01-07,INFOSYS,INFOSYS,1815.449951171875,-0.5747610670833018,0.8551040729320656
2022-01-07,LT,LT,1929.050048828125,-0.058889139618363305,0.06069433509085975
2022-01-07,RELIANCE,RELIANCE,1121.883056640625,0.719475160454323,-0.5420191049901586
2022-01-07,TCS,TCS,3820,-0.7063133359579515,1.2252418485430772
2022-01-10,HDFCBANK,HDFCBANK,779,3.903722721437741,-1.589994655729872
2022-01-10,INFOSYS,INFOSYS,1815,-0.5707988980716253,0.8458297008282027
2022-01-10,LT,LT,1910,-0.049738219895287955,0.05101777434172483
2022-01-10,RELIANCE,RELIANCE,1131.59765625,0.6878790703133361,-0.5234727527978054
2022-01-10,TCS,TCS,3978,-0.7155360341251885,1.2571486911710466
2022-01-11,HDFCBANK,HDFCBANK,780.7750244140625,4.094937562821396,-1.6282474120012473
2022-01-11,INFOSYS,INFOSYS,1855,-0.5790970218792116,0.8653529276288658
2022-01-11,LT,LT,1949,-0.04822986146741919,0.04943172446602517
2022-01-11,RELIANCE,RELIANCE,1124.213623046875,0.7336562731892237,-0.5502326310207692
2022-01-11,TCS,TCS,3856,-0.708450823898632,1.232546587243645
2022-01-12,HDFCBANK,HDFCBANK,784,3.9183673469387754,-1.5929766353800288
2022-01-12,INFOSYS,INFOSYS,1868.9000244140625,-0.5805019049931257,0.8686962941891823
2022-01-12,LT,LT,1978.5,-0.05539548930297574,0.05698894628588924
2022-01-12,RELIANCE,RELIANCE,1140.5045166015625,0.7347585837673564,-0.5508682589146101
2022-01-12,TCS,TCS,3925,-0.7094256008658439,1.2358956283056397
2022-01-13,HDFCBANK,HDFCBANK,777.5,4.048231511254019,-1.6190379861631197
2022-01-13,INFOSYS,INFOSYS,1905,-0.5918635170603674,0.8961536435074127
2022-01-13,LT,LT,1975.550048828125,-0.03571159782561547,0.03636485673465728
2022-01-13,RELIANCE,RELIANCE,1163.5565185546875,0.6978548246904721,-0.5293655864074314
2022-01-13,TCS,TCS,3918,-0.7030228385516367,1.214100040616458
2022-01-14,HDFCBANK,HDFCBANK,765,4.12156862745098,-1.6334607646779498
2022-01-14,INFOSYS,INFOSYS,1882,-0.5935175345377258,0.9002144863187889
2022-01-14,LT,LT,2014,-0.06554121151936444,0.06778775313318253
2022-01-14,RELIANCE,RELIANCE,1169.902099609375,0.7215115697907247,-0.5432027245352424
2022-01-14,TCS,TCS,3877.85009765625,-0.698311675245916,1.198360831762523
2022-01-17,HDFCBANK,HDFCBANK,765,4.06908509497549,-1.623160346679252
2022-01-17,INFOSYS,INFOSYS,1938.550048828125,-0.605375161470579,0.9298197412787985
2022-01-17,LT,LT,2044.75,-0.05193786583781636,0.05333523650974925
2022-01-17,RELIANCE,RELIANCE,1171.28662109375,0.745729835188084,-0.5571727118756833
2022-01-17,TCS,TCS,3992.699951171875,-0.7066429645558584,1.2263648607918691
2022-01-18,HDFCBANK,HDFCBANK,766.5,4.209001893244455,-1.6503882622194004
2022-01-18,INFOSYS,INFOSYS,1922.0999755859375,-0.6012174133833291,0.9193389062994513
2022-01-18,LT,LT,2075.64990234375,-0.07397679473037788,0.07685598496352952
2022-01-18,RELIANCE,RELIANCE,1179.0167236328125,0.7604923329231594,-0.565593504547059
2022-01-18,TCS,TCS,4033.949951171875,-0.707726486965882,1.2300652266597432
2022-01-19,HDFCBANK,HDFCBANK,767,4.259387159285365,-1.660014510320278
2022-01-19,INFOSYS,INFOSYS,1916,-0.5996868475991649,0.9155081571635497
2022-01-19,LT,LT,2019.9000244140625,-0.051438201474452716,0.052808337775307024
2022-01-19,RELIANCE,RELIANCE,1167.5946044921875,0.7299669051593137,-0.548102278360993
2022-01-19,TCS,TCS,4012,-0.7089744256001527,1.234344131136707
2022-01-20,HDFCBANK,HDFCBANK,764.2249755859375,4.249762999336638,-1.6581829326010604
2022-01-20,INFOSYS,INFOSYS,1844,-0.5855612930661944,0.8808301876357731
2022-01-20,LT,LT,2020,-0.08712871287128712,0.0911603862787107
2022-01-20,RELIANCE,RELIANCE,1153.772705078125,0.7507781134961244,-0.5600603253975018
2022-01-20,TCS,TCS,3910,-0.7049174667319373,1.2205001879816635
2022-01-21,HDFCBANK,HDFCBANK,750,4.213333333333333,-1.6512194464490557
2022-01-21,INFOSYS,INFOSYS,1795,-0.5821727019498607,0.8726870943920231
2022-01-21,LT,LT,1982.1500244140625,-0.09441768892815536,0.09917710455101325
2022-01-21,RELIANCE,RELIANCE,1131.59765625,0.7516385028427037,-0.5605516372305219
2022-01-21,TCS,TCS,3807,-0.7027586928684003,1.2132109881396271
2022-01-24,HDFCBANK,HDFCBANK,754.9749755859375,4.042551240914151,-1.6179121526020657
2022-01-24,INFOSYS,INFOSYS,1765,-0.5722521384782224,0.8492213655869651
2022-01-24,LT,LT,1955,-0.09718670076726342,0.1022395030520693
2022-01-24,RELIANCE,RELIANCE,1142.2120361328125,0.7115911390839864,-0.5374234285688502
2022-01-24,TCS,TCS,3840,-0.7025489489237468,1.2125056017311557
2022-01-25,HDFCBANK,HDFCBANK,729.32501220703125,4.265142338091033,-1.6611081799956304
2022-01-25,INFOSYS,INFOSYS,1726.5999755859375,-0.5775946817330817,0.8617899560753166
2022-01-25,LT,LT,1895,-0.08886544823961082,0.09306469585506871
2022-01-25,RELIANCE,RELIANCE,1084.31689453125,0.7476440785506788,-0.5582686401109402
2022-01-25,TCS,TCS,3769.5,-0.7123446360177079,1.24599216824617
2022-01-27,HDFCBANK,HDFCBANK,725,4.199310344827587,-1.648525990797082
2022-01-27,INFOSYS,INFOSYS,1702,-0.5740305522914219,0.8533876542786452
2022-01-27,LT,LT,1914.550048828125,-0.11101827761474532,0.11767860342620651
2022-01-27,RELIANCE,RELIANCE,1078.0635986328125,0.7759156799804156,-0.5743161659543814
2022-01-27,TCS,TCS,3731,-0.7110523723846657,1.2415098266160136
2022-01-28,HDFCBANK,HDFCBANK,738.75,4.050423011844332,-1.6194720045008504
2022-01-28,INFOSYS,INFOSYS,1681,-0.5605294467578822,0.8221845646883077
2022-01-28,LT,LT,1916.0999755859375,-0.12269713406475288,0.13090300308549807
2022-01-28,RELIANCE,RELIANCE,1091.4471435546875,0.7555591096656074,-0.5627873871877194
2022-01-28,TCS,TCS,3646,-0.7006453254101241,1.2061262059322138
2022-01-31,HDFCBANK,HDFCBANK,736.375,3.951281616024444,-1.5996464553967567
2022-01-31,INFOSYS,INFOSYS,1718,-0.5713766006984866,0.8471766027023486
2022-01-31,LT,LT,1890.199951171875,-0.09110144726493909,0.09552179418450191
2022-01-31,RELIANCE,RELIANCE,1089.23193359375,0.7353512074654813,-0.5512098179657867
2022-01-31,TCS,TCS,3749,-0.7094606738880368,1.2360163379729974
2022-02-01,HDFCBANK,HDFCBANK,754.25,3.970500497182632,-1.6035205386967428
2022-02-01,INFOSYS,INFOSYS,1766.0999755859375,-0.5729290468113148,0.8508051128394403
2022-02-01,LT,LT,1928.6500244140625,-0.08428177573456276,0.08804657706208463
2022-02-01,RELIANCE,RELIANCE,1111.2916259765625,0.7355030662804062,-0.5512973231175708
2022-02-01,TCS,TCS,3770,-0.7052276854173575,1.2215520356189318
2022-02-02,HDFCBANK,HDFCBANK,755.9749755859375,3.986937559775661,-1.606822005887178
2022-02-02,INFOSYS,INFOSYS,1789,-0.5774315396389393,0.8614038089538409
2022-02-02,LT,LT,1995.0999755859375,-0.1033030816039223,0.10903735763528477
2022-02-02,RELIANCE,RELIANCE,1110.830078125,0.7960442509384698,-0.5855866081836485
2022-02-02,TCS,TCS,3827.89990234375,-0.7098069159423788,1.2372087704575812
2022-02-03,HDFCBANK,HDFCBANK,764.375,4.0078821289860995,-1.6110130969764995
2022-02-03,INFOSYS,INFOSYS,1779,-0.5703344575604272,0.8447481812243982
2022-02-03,LT,LT,1981.5,-0.10219530658591976,0.10780272496465493
2022-02-03,RELIANCE,RELIANCE,1103.9075927734375,0.794987200895788,-0.5849978914946465
2022-02-03,TCS,TCS,3851,-0.7133452109131557,1.2494766126790662
2022-02-04,HDFCBANK,HDFCBANK,764.20001220703125,4.03925665857843,-1.6172585828285024
2022-02-04,INFOSYS,INFOSYS,1732,-0.5587759744763099,0.8182025381359734
2022-02-04,LT,LT,1948,-0.11088295687885011,0.11752639508009999
2022-02-04,RELIANCE,RELIANCE,1080.37109375,0.8030841543885022,-0.589498617778931
2022-02-04,TCS,TCS,3815.300048828125,-0.7168319450833657,1.2617147239606332
2022-02-07,HDFCBANK,HDFCBANK,756.04998779296875,4.046359513827383,-1.6186670949713031
2022-02-07,INFOSYS,INFOSYS,1722.199951171875,-0.5609975559002236,0.8232502984970047
2022-02-07,LT,LT,1932.5,-0.10882279370148772,0.11521198655169318
2022-02-07,RELIANCE,RELIANCE,1080.8326416015625,0.7879733879395509,-0.5810827929378473
2022-02-07,TCS,TCS,3791,-0.7148951090473324,1.254898127992604
2022-02-08,HDFCBANK,HDFCBANK,738.20001220703125,4.135464558806859,-1.6361703083842247
2022-02-08,INFOSYS,INFOSYS,1710,-0.5683040864286367,0.8400338423645959
2022-02-08,LT,LT,1890,-0.09523809523809523,0.1000834585569832
2022-02-08,RELIANCE,RELIANCE,1075.5946044921875,0.75716760953102,-0.5637031999488125
2022-02-08,TCS,TCS,3791.550048828125,-0.7163179726917682,1.2599012902201565
2022-02-09,HDFCBANK,HDFCBANK,737,4.144572657840061,-1.6379423061356961
2022-02-09,INFOSYS,INFOSYS,1735,-0.5752161383285302,0.8561748001916234
2022-02-09,LT,LT,1884.5,-0.07933138763597772,0.08265512032623068
2022-02-09,RELIANCE,RELIANCE,1094.2852783203125,0.7221286234359635,-0.5435610974297491
2022-02-09,TCS,TCS,3750,-0.7081905924479167,1.2316544036870152
2022-02-10,HDFCBANK,HDFCBANK,757,3.9537648612945837,-1.600147865527008
2022-02-10,INFOSYS,INFOSYS,1755.6500244140625,-0.5688206707070539,0.8412311981687095
2022-02-10,LT,LT,1892,-0.07206658329066463,0.07479529800566542
2022-02-10,RELIANCE,RELIANCE,1105.6151123046875,0.7112645973661393,-0.5372326278200132
2022-02-10,TCS,TCS,3789.800048828125,-0.7082655818091079,1.2319114173277947
2022-02-11,HDFCBANK,HDFCBANK,750.125,4.0522246943217795,-1.6198286798099284
2022-02-11,INFOSYS,INFOSYS,1740,-0.5688936781609195,0.8414005328988985
2022-02-11,LT,LT,1889,-0.07887771307570143,0.08216247529293419
2022-02-11,RELIANCE,RELIANCE,1095.2545166015625,0.7247132710863684,-0.5450608170072275
2022-02-11,TCS,TCS,3752.5,-0.7081267110988507,1.2314355130133352
2022-02-14,HDFCBANK,HDFCBANK,745,4.0369127516778525,-1.6167933451280572
2022-02-14,INFOSYS,INFOSYS,1690,-0.5591715976331361,0.8190995895375597
2022-02-14,LT,LT,1843.25,-0.08314119083141192,0.08680178895264046
2022-02-14,RELIANCE,RELIANCE,1080.0250244140625,0.7066734180534419,-0.5345461062661707
2022-02-14,TCS,TCS,3724,-0.7099825390939681,1.2378141477933688
2022-02-15,HDFCBANK,HDFCBANK,738,4.046070460704607,-1.6186098137964855
2022-02-15,INFOSYS,INFOSYS,1699,-0.5656268393172454,0.83385129707146
2022-02-15,LT,LT,1810,-0.06132596685082873,0.06328700258793862
2022-02-15,RELIANCE,RELIANCE,1085.078369140625,0.6680822800232468,-0.511674631271049
2022-02-15,TCS,TCS,3786,-0.7133971555360209,1.249657838780446
2022-02-16,HDFCBANK,HDFCBANK,767.17498779296875,3.9349888359781837,-1.5963504106697517
2022-02-16,INFOSYS,INFOSYS,1738.25,-0.5586509490620056,0.8179192178796111
2022-02-16,LT,LT,1876.050048828125,-0.07345222421662036,0.07628966871098886
2022-02-16,RELIANCE,RELIANCE,1121.444580078125,0.6728869907217624,-0.5145508708419646
2022-02-16,TCS,TCS,3844,-0.7082610353594888,1.2318958332420316
2022-02-17,HDFCBANK,HDFCBANK,756.54998779296875,4.080959701306502,-1.6255001613277322
2022-02-17,INFOSYS,INFOSYS,1744,-0.5661984014948573,0.8351679957064739
2022-02-17,LT,LT,1869,-0.06688068485821295,0.06922220298663806
2022-02-17,RELIANCE,RELIANCE,1116.875732421875,0.6734180408300131,-0.514868265764246
2022-02-17,TCS,TCS,3825,-0.7080063444648693,1.2310232045693192
2022-02-18,HDFCBANK,HDFCBANK,749.1500244140625,4.105786391706617,-1.6303744831824662
2022-02-18,INFOSYS,INFOSYS,1710,-0.5619005705180921,0.8253093864185352
2022-02-18,LT,LT,1870,-0.0855614973262032,0.08944506035192745
2022-02-18,RELIANCE,RELIANCE,1128.0902099609375,0.6576688490761325,-0.5054123076187027
2022-02-18,TCS,TCS,3769,-0.7006924356696902,1.206283591037205
2022-02-21,HDFCBANK,HDFCBANK,752,4.011968085106383,-1.611828669317295
2022-02-21,INFOSYS,INFOSYS,1701,-0.557907113462669,0.8162352684460217
2022-02-21,LT,LT,1874.949951171875,-0.09277578372860214,0.09736565294405963
2022-02-21,RELIANCE,RELIANCE,1113.1375732421875,0.6843829516155758,-0.5213992959148133
2022-02-21,TCS,TCS,3810,-0.7078379072855151,1.230446518695639
2022-02-22,HDFCBANK,HDFCBANK,744.9000244140625,4.114780339813979,-1.6321344541635643
2022-02-22,INFOSYS,INFOSYS,1699.9000244140625,-0.5617977447404169,0.825074705189599
2022-02-22,LT,LT,1813,-0.06238277748810673,0.06441349160806897
2022-02-22,RELIANCE,RELIANCE,1085.8629150390625,0.6696398549855437,-0.5126079474743506
2022-02-22,TCS,TCS,3650,-0.7025033109482021,1.2123521832960371
2022-02-23,HDFCBANK,HDFCBANK,762.54998779296875,3.786571448993282,-1.5658143824825164
2022-02-23,INFOSYS,INFOSYS,1750,-0.5642571498325892,0.8307030028235385
2022-02-23,LT,LT,1849,-0.053542455381287185,0.055029164469565295
2022-02-23,RELIANCE,RELIANCE,1108.1072998046875,0.668610973256742,-0.5119915277897205
2022-02-23,TCS,TCS,3611,-0.6931300748256196,1.181331317680053
2022-02-24,HDFCBANK,HDFCBANK,724.95001220703125,3.981033090828848,-1.6056373174798093
2022-02-24,INFOSYS,INFOSYS,1690.0999755859375,-0.5710608705525247,0.8464402595211977
2022-02-24,LT,LT,1783.25,-0.05223609948917005,0.05364985783930187
2022-02-24,RELIANCE,RELIANCE,1063.757080078125,0.6763695710199491,-0.5166304855200927
2022-02-24,TCS,TCS,3474,-0.6937947380316278,1.183499611162996
2022-02-25,HDFCBANK,HDFCBANK,719.9749755859375,3.8251677041590972,-1.573845491525601
2022-02-25,INFOSYS,INFOSYS,1715,-0.5801895186087828,0.86795190432459
2022-02-25,LT,LT,1782,-0.037598204264870934,0.03832324843071433
2022-02-25,RELIANCE,RELIANCE,1052.2657470703125,0.693488555492177,-0.5267906353503902
2022-02-25,TCS,TCS,3468,-0.6965785043049849,1.192632365220068
2022-02-28,HDFCBANK,HDFCBANK,713,3.8639551192145865,-1.5818519174861363
2022-02-28,INFOSYS,INFOSYS,1682.199951171875,-0.5761502670932186,0.8583762900876915
2022-02-28,LT,LT,1764.9000244140625,-0.046858219784796866,0.047991613869646343
2022-02-28,RELIANCE,RELIANCE,1035.1441650390625,0.7049799284213342,-0.5335533384792868
2022-02-28,TCS,TCS,3490,-0.7033970873813574,1.215361029304125
2022-03-02,HDFCBANK,HDFCBANK,693.25,4.034258925351605,-1.6162663307005847
2022-03-02,INFOSYS,INFOSYS,1710,-0.5945906432748538,0.9028579650008179
2022-03-02,LT,LT,1800,-0.05,0.051293294387551036
2022-03-02,RELIANCE,RELIANCE,1077.3482666015625,0.6707689201357364,-0.5132839516817391
2022-03-02,TCS,TCS,3552.5,-0.696735181815183,1.1931488677687385
2022-03-03,HDFCBANK,HDFCBANK,690.5,4.144822592324402,-1.6379908871219087
2022-03-03,INFOSYS,INFOSYS,1720.199951171875,-0.5985931754447491,0.9127798408828873
2022-03-03,LT,LT,1810,-0.04961328664537293,0.0508863105276367
2022-03-03,RELIANCE,RELIANCE,1107.599609375,0.6341645344397989,-0.49113168564008536
2022-03-03,TCS,TCS,3562.85009765625,-0.6891253970792618,1.1683656541549592
2022-03-04,HDFCBANK,HDFCBANK,680,4.23948543772978,-1.656223294604593
2022-03-04,INFOSYS,INFOSYS,1695.25,-0.5988792213537826,0.9134927033937998
2022-03-04,LT,LT,1740,-0.0257183908045977,0.026054890644623185
2022-03-04,RELIANCE,RELIANCE,1085.9090576171875,0.602344126144491,-0.47146763590513086
2022-03-04,TCS,TCS,3501.5,-0.6898731807461981,1.170773970792128
2022-03-07,HDFCBANK,HDFCBANK,659.25,4.311338642396663,-1.6698439018621762
2022-03-07,INFOSYS,INFOSYS,1697,-0.6115203299941072,0.9455144400008306
2022-03-07,LT,LT,1658.25,0.02336800844263531,-0.023099156828561007
2022-03-07,RELIANCE,RELIANCE,1051.61962890625,0.5768534120313857,-0.45543134997076695
2022-03-07,TCS,TCS,3450,-0.6951827162590579,1.1880427515905065
2022-03-08,HDFCBANK,HDFCBANK,651.0999755859375,4.2987254329034155,-1.6674663072792297
2022-03-08,INFOSYS,INFOSYS,1718.449951171875,-0.6211120520897754,0.9705147695652787
2022-03-08,LT,LT,1627.9000244140625,0.05562376399030066,-0.054131837699715746
2022-03-08,RELIANCE,RELIANCE,1020.6068725585938,0.5950314153117793,-0.4668934321630802
2022-03-08,TCS,TCS,3460,-0.7050269154454931,1.2208711656031124
2022-03-09,HDFCBANK,HDFCBANK,665,4.203007518796992,-1.6492368273959164
2022-03-09,INFOSYS,INFOSYS,1791,-0.6286990508096035,0.9907423614048572
2022-03-09,LT,LT,1676.5,0.06829704742022069,-0.0660658361544284
2022-03-09,RELIANCE,RELIANCE,1031.9136962890625,0.6246513696145131,-0.4852932509886374
2022-03-09,TCS,TCS,3605,-0.7137548692679438,1.2509067348014034
2022-03-10,HDFCBANK,HDFCBANK,713.5,4.052557813594954,-1.6198946128021579
2022-03-10,INFOSYS,INFOSYS,1844.75,-0.6132267244884131,0.9499166090215851
2022-03-10,LT,LT,1740,0.060201149425287356,-0.05845865372990122
2022-03-10,RELIANCE,RELIANCE,1107.599609375,0.5709648010636741,-0.4516899535887893
2022-03-10,TCS,TCS,3684,-0.6993486402347991,1.201803958755411
2022-03-11,HDFCBANK,HDFCBANK,694,4.30835734870317,-1.669282436868392
2022-03-11,INFOSYS,INFOSYS,1814,-0.61742006615215,0.9608176701682769
2022-03-11,LT,LT,1720,0.05465116279069768,-0.05321006086758295
2022-03-11,RELIANCE,RELIANCE,1096.546630859375,0.5685607447920551,-0.45015847585026947
2022-03-11,TCS,TCS,3603.25,-0.6956784483842712,1.1896704010059826
2022-03-14,HDFCBANK,HDFCBANK,707.5,4.092932862190812,-1.627853865445819
2022-03-14,INFOSYS,INFOSYS,1831.550048828125,-0.6137151695894537,0.9511802790155919
2022-03-14,LT,LT,1735,0.05564844312860231,-0.0541552161520249
2022-03-14,RELIANCE,RELIANCE,1101.553955078125,0.5750476787829693,-0.4542855440625564
2022-03-14,TCS,TCS,3580,-0.6923033645033171,1.178640931076342
2022-03-15,HDFCBANK,HDFCBANK,721.75,3.960166262556287,-1.6014392608517012
2022-03-15,INFOSYS,INFOSYS,1888.3499755859375,-0.617788011051263,0.961779879408553
2022-03-15,LT,LT,1748,0.080291748046875,-0.07723114173611645
2022-03-15,RELIANCE,RELIANCE,1120.49853515625,0.5600198886081068,-0.4446985702879376
2022-03-15,TCS,TCS,3659,-0.6937691896266056,1.1834161790916644
2022-03-16,HDFCBANK,HDFCBANK,723.5,4.0573600552868,-1.620844618947669
2022-03-16,INFOSYS,INFOSYS,1865,-0.6120643431635389,0.946915786006377
2022-03-16,LT,LT,1761,0.059057353776263484,-0.05737922358170966
2022-03-16,RELIANCE,RELIANCE,1099.2926025390625,0.6019392797991873,-0.47121494518076545
2022-03-16,TCS,TCS,3640.5,-0.6980380160584913,1.1974541505193255
2022-03-17,HDFCBANK,HDFCBANK,736,3.9463315217391304,-1.5986461951058892
2022-03-17,INFOSYS,INFOSYS,1923.300048828125,-0.6173244000859627,0.9605676463201247
2022-03-17,LT,LT,1781.1500244140625,0.07980800183343624,-0.07678324925193625
2022-03-17,RELIANCE,RELIANCE,1122.7137451171875,0.5864685296323224,-0.4615104954953777
2022-03-17,TCS,TCS,3696.60009765625,-0.6962847710172869,1.1916647633647495
2022-03-21,HDFCBANK,HDFCBANK,743.5,3.97188984217384,-1.6038000177662273
2022-03-21,INFOSYS,INFOSYS,1861,-0.6004836109618484,0.9175004907420412
2022-03-21,LT,LT,1805,0.03102493074792244,-0.03055338587526979
2022-03-21,RELIANCE,RELIANCE,1127.9056396484375,0.6003111754655375,-0.47019809500200527
2022-03-21,TCS,TCS,3696,-0.6948307252033449,1.186888656996599
2022-03-22,HDFCBANK,HDFCBANK,740.6500244140625,3.9902111363919173,-1.607478220770492
2022-03-22,INFOSYS,INFOSYS,1850,-0.5996486354518581,0.9154127060812876
2022-03-22,LT,LT,1756.300048828125,0.05335076499849523,-0.05197628784298125
2022-03-22,RELIANCE,RELIANCE,1135.335693359375,0.5469433922502357,-0.436280978969414
2022-03-22,TCS,TCS,3640,-0.6880945897364354,1.1650553093708105
2022-03-23,HDFCBANK,HDFCBANK,753.5,3.8307896483078965,-1.5750099425642352
2022-03-23,INFOSYS,INFOSYS,1897,-0.602793885081708,0.9232999518684641
2022-03-23,LT,LT,1780,0.06573033707865168,-0.06366032664888355
2022-03-23,RELIANCE,RELIANCE,1164.3641357421875,0.5287313868228986,-0.4244382325226539
2022-03-23,TCS,TCS,3708,-0.6859859396596042,1.1583175159222678
2022-03-24,HDFCBANK,HDFCBANK,733,4.058663028649386,-1.6211022247990936
2022-03-24,INFOSYS,INFOSYS,1856.1500244140625,-0.6050965760532268,0.9291140403124007
2022-03-24,LT,LT,1755,0.05763534154647436,-0.056035606299086105
2022-03-24,RELIANCE,RELIANCE,1158.3646240234375,0.5150669863382246,-0.4154596533886288
2022-03-24,TCS,TCS,3700,-0.6869284799936656,1.1613236161209786
2022-03-25,HDFCBANK,HDFCBANK,725.5,4.0999310820124055,-1.6292270263080733
2022-03-25,INFOSYS,INFOSYS,1892,-0.6165433403805497,0.958528677287581
2022-03-25,LT,LT,1775.5999755859375,0.06555531990005303,-0.06349609040169657
2022-03-25,RELIANCE,RELIANCE,1191.8233642578125,0.4898180626721157,-0.3986540069126896
2022-03-25,TCS,TCS,3759.89990234375,-0.6830172623704998,1.148907962015051
2022-03-28,HDFCBANK,HDFCBANK,715.45001220703125,4.255293644828033,-1.659235881897712
2022-03-28,INFOSYS,INFOSYS,1866,-0.6165862742727592,0.958640648992513
2022-03-28,LT,LT,1752,0.06506849315068493,-0.06303910991095218
2022-03-28,RELIANCE,RELIANCE,1204.5145263671875,0.45452791282146443,-0.3746813894334462
2022-03-28,TCS,TCS,3695,-0.6740150131617896,1.120903951319412
2022-03-29,HDFCBANK,HDFCBANK,720.5,4.128383067314365,-1.6347904179427264
2022-03-29,INFOSYS,INFOSYS,1873.9000244140625,-0.6155077695645538,0.9558316971705203
2022-03-29,LT,LT,1748.699951171875,0.07159608665756857,-0.06914920681301151
2022-03-29,RELIANCE,RELIANCE,1217.4365234375,0.43637874953375233,-0.36212518900649204
2022-03-29,TCS,TCS,3694.75,-0.6704955616922661,1.110165455304088
2022-03-30,HDFCBANK,HDFCBANK,736,4.020040760869565,-1.6134380533658046
2022-03-30,INFOSYS,INFOSYS,1910,-0.6146596858638743,0.9536284023117991
2022-03-30,LT,LT,1766.9000244140625,0.08098928836304259,-0.07787662960061592
2022-03-30,RELIANCE,RELIANCE,1218.3134765625,0.45028357512666795,-0.37175910636422316
2022-03-30,TCS,TCS,3738,-0.6740734412620385,1.121083202939671
2022-03-31,HDFCBANK,HDFCBANK,735.5,4.082256968048946,-1.625755447974015
2022-03-31,INFOSYS,INFOSYS,1900,-0.6128947368421053,0.9490586251130395
2022-03-31,LT,LT,1779.949951171875,0.0674457440497622,-0.06526863958287166
2022-03-31,RELIANCE,RELIANCE,1229.8740234375,0.44726200997148624,-0.3696735024199924
2022-03-31,TCS,TCS,3740,-0.6711566782252674,1.1121738672569101
2022-04-01,HDFCBANK,HDFCBANK,738.20001220703125,4.066377591648023,-1.6226260832764687
2022-04-01,INFOSYS,INFOSYS,1886.8499755859375,-0.6087659211073246,0.9384492308818233
2022-04-01,LT,LT,1759,0.07268332892890136,-0.07016329327637472
2022-04-01,RELIANCE,RELIANCE,1216.5135498046875,0.44593539486872896,-0.36875644422443976
2022-04-01,TCS,TCS,3748,-0.6754232791342882,1.1252333428451946
2022-04-04,HDFCBANK,HDFCBANK,790,3.7443037974683544,-1.5569446978972454
2022-04-04,INFOSYS,INFOSYS,1889.75,-0.5819552850906204,0.8721668787112185
2022-04-04,LT,LT,1784,0.05927690582959641,-0.05758651103233081
2022-04-04,RELIANCE,RELIANCE,1225.48974609375,0.4557445345311963,-0.37551747732735574
2022-04-04,TCS,TCS,3762,-0.6742451498953349,1.121610174048377
2022-04-05,HDFCBANK,HDFCBANK,833.3499755859375,3.51430984605825,-1.5072523171690806
2022-04-05,INFOSYS,INFOSYS,1883.800048828125,-0.5576229143298154,0.8155926256168362
2022-04-05,LT,LT,1840,0.023804374363111412,-0.023525467705701075
2022-04-05,RELIANCE,RELIANCE,1223.482177734375,0.5039042116717082,-0.4080645344513476
2022-04-05,TCS,TCS,3772,-0.6756409921170798,1.1259043276016643
2022-04-06,HDFCBANK,HDFCBANK,793.8499755859375,3.7515275127594503,-1.558466147983827
2022-04-06,INFOSYS,INFOSYS,1855,-0.5720485306814354,0.848745479272015
2022-04-06,LT,LT,1833,0.012002182214948172,-0.011930727201830749
2022-04-06,RELIANCE,RELIANCE,1193.9462890625,0.5352449409087675,-0.42868993893372664
2022-04-06,TCS,TCS,3809.300048828125,-0.6865706891664257,1.1601814281189045
2022-04-07,HDFCBANK,HDFCBANK,770.6500244140625,3.942970126711404,-1.5979663907523225
2022-04-07,INFOSYS,INFOSYS,1821.050048828125,-0.5768100800359726,0.8599342173322366
2022-04-07,LT,LT,1849.9000244140625,-0.015595424187896556,0.015718312150050373
2022-04-07,RELIANCE,RELIANCE,1197.63818359375,0.544623451185459,-0.434780159729379
2022-04-07,TCS,TCS,3745.5,-0.6802461130439861,1.1402036823624702
2022-04-08,HDFCBANK,HDFCBANK,756.04998779296875,3.9540375113737065,-1.6002029029750586
2022-04-08,INFOSYS,INFOSYS,1823,-0.585271537140445,0.8801312792657834
2022-04-08,LT,LT,1835.4000244140625,-0.006756033697897064,0.006778959008016727
2022-04-08,RELIANCE,RELIANCE,1181.4395751953125,0.5535284774175937,-0.4405287808175471
2022-04-08,TCS,TCS,3690,-0.6798266733888042,1.1388927841654395
2022-04-11,HDFCBANK,HDFCBANK,753,3.900398406374502,-1.5893165092346786
2022-04-11,INFOSYS,INFOSYS,1814,-0.5848952590959207,0.8792244028751881
2022-04-11,LT,LT,1820.25,-0.0034335942864991073,0.0034395025997389084
2022-04-11,RELIANCE,RELIANCE,1199.8995361328125,0.5170020032398139,-0.4167360208927571
2022-04-11,TCS,TCS,3690,-0.6748239739477473,1.1233886246525087
2022-04-12,HDFCBANK,HDFCBANK,742,3.973045822102426,-1.6040324938671917
2022-04-12,INFOSYS,INFOSYS,1757.5,-0.5778093883357042,0.8622983805174398
2022-04-12,LT,LT,1780,-0.012640449438202247,0.012721019601310779
2022-04-12,RELIANCE,RELIANCE,1193.9000244140625,0.49091210620720216,-0.39938808448578733
2022-04-12,TCS,TCS,3683,-0.6758349105582236,1.1265023576447222
2022-04-13,HDFCBANK,HDFCBANK,745,3.9436241610738256,-1.598098698065506
2022-04-13,INFOSYS,INFOSYS,1754.949951171875,-0.575486469285051,0.8568113992629813
2022-04-13,LT,LT,1754.199951171875,4.2754533170461575e-4,-4.274539602420191e-4
2022-04-13,RELIANCE,RELIANCE,1188.13134765625,0.4764360477755864,-0.3896311078710255
2022-04-13,TCS,TCS,3707,-0.6794897902195172,1.1378411473394587
2022-04-18,HDFCBANK,HDFCBANK,709.42498779296875,4.22535865494748,-1.6535234375903256
2022-04-18,INFOSYS,INFOSYS,1605.5,-0.5581283165412839,0.8167357479691617
2022-04-18,LT,LT,1746.300048828125,-0.08062763837326267,0.08406405737713385
2022-04-18,RELIANCE,RELIANCE,1168.9791259765625,0.4938676063777186,-0.40136846590153397
2022-04-18,TCS,TCS,3610,-0.6761830675965201,1.127576946321759
2022-04-19,HDFCBANK,HDFCBANK,690.45001220703125,4.228474091065035,-1.6541194747157482
2022-04-19,INFOSYS,INFOSYS,1636.6500244140625,-0.5781321590397926,0.8630631870751326
2022-04-19,LT,LT,1748.300048828125,-0.06386204958862801,0.06599243044620806
2022-04-19,RELIANCE,RELIANCE,1180.5166015625,0.48096184883306353,-0.39269177454404147
2022-04-19,TCS,TCS,3550,-0.6674601122359155,1.1009954628809826
2022-04-20,HDFCBANK,HDFCBANK,677.2249755859375,4.2419803285142095,-1.6566993522261475
2022-04-20,INFOSYS,INFOSYS,1575,-0.5700158885168651,0.8440070210164201
2022-04-20,LT,LT,1709.949951171875,-0.07892040996836787,0.08220882948810537
2022-04-20,RELIANCE,RELIANCE,1226.251220703125,0.3944532101598236,-0.33250237439220687
2022-04-20,TCS,TCS,3500,-0.6496425083705357,1.0488012411218728
2022-04-21,HDFCBANK,HDFCBANK,682.5,4.128205128205129,-1.63475572041839
2022-04-21,INFOSYS,INFOSYS,1595,-0.5721003134796239,0.84886648815983
2022-04-21,LT,LT,1702.949951171875,-0.06338997285128073,0.06548827638703614
2022-04-21,RELIANCE,RELIANCE,1269.5399169921875,0.341391419347041,-0.2937074478738957
2022-04-21,TCS,TCS,3580,-0.6453799114546962,1.03670823566266
2022-04-22,HDFCBANK,HDFCBANK,680,4.264705882352941,-1.6610252812245934
2022-04-22,INFOSYS,INFOSYS,1604.3499755859375,-0.5761523293870767,0.8583811557245324
2022-04-22,LT,LT,1701,-0.05681953228339947,0.058497638501177285
2022-04-22,RELIANCE,RELIANCE,1273.23193359375,0.33597026207067937,-0.28965781593758777
2022-04-22,TCS,TCS,3581.10009765625,-0.6444578763863507,1.034111545580731
2022-04-25,HDFCBANK,HDFCBANK,675,4.305333478009259,-1.6687126311664748
2022-04-25,INFOSYS,INFOSYS,1572.800048828125,-0.570829107932102,0.8459000895657205
2022-04-25,LT,LT,1675,-0.061014896222014926,0.06295566382091611
2022-04-25,RELIANCE,RELIANCE,1265.6171875,0.3234649596602448,-0.2802532668228208
2022-04-25,TCS,TCS,3558,-0.6442897168353008,1.0336386907894344
2022-04-26,HDFCBANK,HDFCBANK,686,4.186588921282799,-1.6460762404998954
2022-04-26,INFOSYS,INFOSYS,1577.199951171875,-0.5650519774044532,0.8325287433188464
2022-04-26,LT,LT,1680,-0.06119050525483631,0.06314270135257338
2022-04-26,RELIANCE,RELIANCE,1250.66455078125,0.3432858546686703,-0.29511874274676675
2022-04-26,TCS,TCS,3575.14990234375,-0.6501784302914527,1.0503320553240272
2022-04-27,HDFCBANK,HDFCBANK,680,4.257573385799632,-1.6596695868044131
2022-04-27,INFOSYS,INFOSYS,1572.75,-0.5676363058337307,0.8384881602799874
2022-04-27,LT,LT,1675,-0.06104477611940298,0.06298748580902735
2022-04-27,RELIANCE,RELIANCE,1271.8243408203125,0.3170057737058592,-0.27536080673472263
2022-04-27,TCS,TCS,3546,-0.6413354932824837,1.025367849109709
2022-04-28,HDFCBANK,HDFCBANK,686,4.169096209912537,-1.6426978589082681
2022-04-28,INFOSYS,INFOSYS,1570,-0.5630573248407643,0.8279532706164687
2022-04-28,LT,LT,1690,-0.07100591715976332,0.07365290957476578
2022-04-28,RELIANCE,RELIANCE,1296.79150390625,0.3032164344918291,-0.2648353891008206
2022-04-28,TCS,TCS,3588,-0.6385753891008222,1.017701804362387
2022-04-29,HDFCBANK,HDFCBANK,690.17498779296875,4.198681585772404,-1.6484050522427625
2022-04-29,INFOSYS,INFOSYS,1590,-0.565927680633353,0.834544124278354
2022-04-29,LT,LT,1731,-0.08145580589254767,0.0849652599619315
2022-04-29,RELIANCE,RELIANCE,1318.11279296875,0.31324118029483294,-0.27249826489169493
2022-04-29,TCS,TCS,3597,-0.6335521843289547,1.0038991534111092
2022-05-02,HDFCBANK,HDFCBANK,681.0250244140625,4.281744240007586,-1.6642563916514073
2022-05-02,INFOSYS,INFOSYS,1550.9000244140625,-0.5608839940077007,0.8229916502630585
2022-05-02,LT,LT,1668.5999755859375,-0.07053814748531567,0.07314951352923416
2022-05-02,RELIANCE,RELIANCE,1274.66259765625,0.30905227677820685,-0.26930342255370654
2022-05-02,TCS,TCS,3519.89990234375,-0.6378696460068347,1.015751038070844
2022-05-04,HDFCBANK,HDFCBANK,700,4.028428431919643,-1.6151074963102419
2022-05-04,INFOSYS,INFOSYS,1547.25,-0.5475844239780255,0.7931541055760665
2022-05-04,LT,LT,1679.5,-0.0787436737124144,0.08201696843287642
2022-05-04,RELIANCE,RELIANCE,1285.277099609375,0.30672210724865345,-0.267521793251003
2022-05-04,TCS,TCS,3538.5,-0.6367734634423131,1.0127285717144945
2022-05-05,HDFCBANK,HDFCBANK,687.5,4.146909090909091,-1.638396357975112
2022-05-05,INFOSYS,INFOSYS,1560.050048828125,-0.5593090102997434,0.8194113527703522
2022-05-05,LT,LT,1650.699951171875,-0.054916038665534135,0.05648150746216185
2022-05-05,RELIANCE,RELIANCE,1256.894775390625,0.31331594616491343,-0.2725551955933705
2022-05-05,TCS,TCS,3512.10009765625,-0.6421244439389994,1.0275699617795242
2022-05-06,HDFCBANK,HDFCBANK,665,4.281353530310151,-1.6641824153035403
2022-05-06,INFOSYS,INFOSYS,1550,-0.5709677419354838,0.8462231692574385
2022-05-06,LT,LT,1616,-0.04084158415841584,0.0416990291677477
2022-05-06,RELIANCE,RELIANCE,1205.5299072265625,0.3404893485535862,-0.29303473278657943
2022-05-06,TCS,TCS,3459,-0.6514802234094933,1.054060302642708
2022-05-09,HDFCBANK,HDFCBANK,650,4.321538461538461,-1.6717624460474863
2022-05-09,INFOSYS,INFOSYS,1540,-0.577922077922078,0.8625653325179918
2022-05-09,LT,LT,1607.550048828125,-0.042020495024318386,0.04292889479369055
2022-05-09,RELIANCE,RELIANCE,1188.3389892578125,0.35277060111621383,-0.30215478648866423
2022-05-09,TCS,TCS,3398,-0.6502828165809852,1.050630498519177
2022-05-10,HDFCBANK,HDFCBANK,657.5250244140625,4.167864147874897,-1.6424594789588776
2022-05-10,INFOSYS,INFOSYS,1558,-0.5779685337522064,0.8626754031576933
2022-05-10,LT,LT,1611,-0.032898820608317815,0.03345215674628044
2022-05-10,RELIANCE,RELIANCE,1151.442138671875,0.3991150279233307,-0.33583991383538336
2022-05-10,TCS,TCS,3434,-0.6646936113360876,1.0927105721158306
2022-05-11,HDFCBANK,HDFCBANK,676.5,4.076127124907613,-1.624548593846579
2022-05-11,INFOSYS,INFOSYS,1549.949951171875,-0.5635342938083151,0.8290454722145988
2022-05-11,LT,LT,1600.5,-0.03158391054553265,0.03209343958447697
2022-05-11,RELIANCE,RELIANCE,1141.1275634765625,0.40256010916423063,-0.3382992160804337
2022-05-11,TCS,TCS,3435,-0.6677940135439411,1.1020000613269652
2022-05-12,HDFCBANK,HDFCBANK,660.54998779296875,4.200212040692076,-1.6486994018121885
2022-05-12,INFOSYS,INFOSYS,1514,-0.5637054241790167,0.8294376311531328
2022-05-12,LT,LT,1550,-0.023225806451612905,0.023499775915898802
2022-05-12,RELIANCE,RELIANCE,1120.2908935546875,0.383569221991838,-0.32466655295909774
2022-05-12,TCS,TCS,3378,-0.6683567514639764,1.1036954404135502
2022-05-13,HDFCBANK,HDFCBANK,655.0250244140625,4.157054882020289,-1.6403656572499843
2022-05-13,INFOSYS,INFOSYS,1519.300048828125,-0.5688639482903327,0.8413315734705265
2022-05-13,LT,LT,1530,-0.006993432138480392,0.007018000798193924
2022-05-13,RELIANCE,RELIANCE,1119.5986328125,0.3665611542920044,-0.31229747788517415
2022-05-13,TCS,TCS,3435,-0.6740615333879185,1.1210466681551425
2022-05-16,HDFCBANK,HDFCBANK,649.5,4.288683602771362,-1.6655693685457953
2022-05-16,INFOSYS,INFOSYS,1510,-0.5698675496688742,0.8436620936983159
2022-05-16,LT,LT,1550,-0.025806451612903226,0.026145280104322488
2022-05-16,RELIANCE,RELIANCE,1123.498291015625,0.37961936604178015,-0.32180763941445534
2022-05-16,TCS,TCS,3415,-0.6710107493365666,1.1117302015060533
2022-05-17,HDFCBANK,HDFCBANK,656.29998779296875,4.2034131700719595,-1.649314789124987
2022-05-17,INFOSYS,INFOSYS,1494.9000244140625,-0.5609739935282892,0.8231966274071336
2022-05-17,LT,LT,1545,-0.03242716866403721,0.03296457904480832
2022-05-17,RELIANCE,RELIANCE,1123.7982177734375,0.37480196672769467,-0.3183096965480132
2022-05-17,TCS,TCS,3370,-0.6665287187615913,1.0981985305625743
2022-05-18,HDFCBANK,HDFCBANK,662.0250244140625,4.090442016119679,-1.6273646668941453
2022-05-18,INFOSYS,INFOSYS,1522,-0.5650295503192756,0.8324771819693702
2022-05-18,LT,LT,1623,-0.06223043746149107,0.06425102909295966
2022-05-18,RELIANCE,RELIANCE,1172.048095703125,0.38475546007891753,-0.325523560930284
2022-05-18,TCS,TCS,3465,-0.6617465813266594,1.0839599050396966
2022-05-19,HDFCBANK,HDFCBANK,643.0999755859375,4.3879647512705775,-1.684167716446276
2022-05-19,INFOSYS,INFOSYS,1481,-0.565766390556423,0.8341726190900713
2022-05-19,LT,LT,1550,-0.044516129032258066,0.04553739564549364
2022-05-19,RELIANCE,RELIANCE,1146.3656005859375,0.3520991900033937,-0.3016583403167896
2022-05-19,TCS,TCS,3397,-0.6625358844315756,1.0862960985640813
2022-05-20,HDFCBANK,HDFCBANK,651.5,4.214121258633922,-1.6513705715956846
2022-05-20,INFOSYS,INFOSYS,1453,-0.5516173434273915,0.8021082670053827
2022-05-20,LT,LT,1569.4000244140625,-0.07416848643004233,0.07706301167939333
2022-05-20,RELIANCE,RELIANCE,1159.518310546875,0.353493092898094,-0.3026887269177818
2022-05-20,TCS,TCS,3310,-0.6496923533091012,1.0489435200392139
2022-05-23,HDFCBANK,HDFCBANK,657,4.038051750380517,-1.6170194498864978
2022-05-23,INFOSYS,INFOSYS,1455.0999755859375,-0.5484846326552647,0.7951458705033518
2022-05-23,LT,LT,1629,-0.10675262394970074,0.11289171961408329
2022-05-23,RELIANCE,RELIANCE,1214.436767578125,0.34136255051682307,-0.29368592608655053
2022-05-23,TCS,TCS,3304.800048828125,-0.6325233752012435,1.001095568341971
2022-05-24,HDFCBANK,HDFCBANK,650,4.084307767427885,-1.626158887967783
2022-05-24,INFOSYS,INFOSYS,1468.5999755859375,-0.5574015996148542,0.8150924655037892
2022-05-24,LT,LT,1644.800048828125,-0.10712552773069604,0.1133092765537338
2022-05-24,RELIANCE,RELIANCE,1203.130126953125,0.3671007083776632,-0.31269222611649994
2022-05-24,TCS,TCS,3315.14990234375,-0.6370812293879882,1.013576242176769
2022-05-25,HDFCBANK,HDFCBANK,665,3.9851878230733084,-1.6064710803516205
2022-05-25,INFOSYS,INFOSYS,1435,-0.5365853658536586,0.7691330875378677
2022-05-25,LT,LT,1633,-0.12124923453766075,0.12925396477674322
2022-05-25,RELIANCE,RELIANCE,1216.0521240234375,0.34287006925085267,-0.29480916621218434
2022-05-25,TCS,TCS,3292.85009765625,-0.6306992155856149,0.9961438330685111
2022-05-26,HDFCBANK,HDFCBANK,671.07501220703125,3.9068286521751507,-1.590627837438606
2022-05-26,INFOSYS,INFOSYS,1418,-0.5267454074703588,0.748121784703887
2022-05-26,LT,LT,1575,-0.09968253968253968,0.10500784416766074
2022-05-26,RELIANCE,RELIANCE,1211.16015625,0.300406054370648,-0.2626765652124199
2022-05-26,TCS,TCS,3191,-0.6204449526010655,0.9687556402309303
2022-05-27,HDFCBANK,HDFCBANK,685.9000244140625,3.6522815081191258,-1.5373577461787677
2022-05-27,INFOSYS,INFOSYS,1443.949951171875,-0.5249835190912243,0.7444057788993561
2022-05-27,LT,LT,1575.199951171875,-0.08332275524917084,0.08699983732803496
2022-05-27,RELIANCE,RELIANCE,1196.692138671875,0.31629506058264856,-0.274821017940968
2022-05-27,TCS,TCS,3253.199951171875,-0.6321492202651731,1.00007791289746
2022-05-30,HDFCBANK,HDFCBANK,705.125,3.613649992798263,-1.5290192992232194
2022-05-30,INFOSYS,INFOSYS,1487,-0.5258069939475454,0.7461408544000152
2022-05-30,LT,LT,1620,-0.08209876543209876,0.08566548176627453
2022-05-30,RELIANCE,RELIANCE,1206.822021484375,0.3423686104164901,-0.29443567327541853
2022-05-30,TCS,TCS,3297,-0.6339635967593645,1.0050224881207193
2022-05-31,HDFCBANK,HDFCBANK,697.95001220703125,3.7238340029171297,-1.552620758623127
2022-05-31,INFOSYS,INFOSYS,1510.699951171875,-0.5379956081512944,0.7721808817795521
2022-05-31,LT,LT,1660.5,-0.09021382043247515,0.09454567458864638
2022-05-31,RELIANCE,RELIANCE,1219.005615234375,0.3621758417255035,-0.30908330491925273
2022-05-31,TCS,TCS,3354.14990234375,-0.6365679380093952,1.012162899089664
2022-06-01,HDFCBANK,HDFCBANK,690,3.861086814990942,-1.5812620373959083
2022-06-01,INFOSYS,INFOSYS,1513,-0.5439524124256444,0.7851581161970511
2022-06-01,LT,LT,1653.550048828125,-0.08499896869026322,0.08883008659278424
2022-06-01,RELIANCE,RELIANCE,1215.72900390625,0.3601304595967649,-0.3075806213214305
2022-06-01,TCS,TCS,3388,-0.6411661735813902,1.024895876712236
2022-06-02,HDFCBANK,HDFCBANK,693.625,3.884483690755091,-1.5860635871258806
2022-06-02,INFOSYS,INFOSYS,1484,-0.5325977088948787,0.7605649550812608
2022-06-02,LT,LT,1632,-0.09068627450980392,0.0950651117967265
2022-06-02,RELIANCE,RELIANCE,1215.590576171875,0.3425572984774834,-0.2945762269202543
2022-06-02,TCS,TCS,3355,-0.6376779206641208,1.0152217408019846
2022-06-03,HDFCBANK,HDFCBANK,699.1500244140625,3.7986839488588,-1.5683417029992892
2022-06-03,INFOSYS,INFOSYS,1524.9000244140625,-0.5415109100790338,0.7798187827247443
2022-06-03,LT,LT,1657.949951171875,-0.08024966414925247,0.08365301984293261
2022-06-03,RELIANCE,RELIANCE,1266.3555908203125,0.3092293848506625,-0.2694387082835208
2022-06-03,TCS,TCS,3459.39990234375,-0.6339377850007007,1.004951973689928
2022-06-06,HDFCBANK,HDFCBANK,688.1500244140625,4.027101329087821,-1.6148435414772155
2022-06-06,INFOSYS,INFOSYS,1516,-0.5460751817849192,0.7898236932989553
2022-06-06,LT,LT,1652.1500244140625,-0.08240778525082691,0.0860021975652474
2022-06-06,RELIANCE,RELIANCE,1282.9696044921875,0.28775461135573854,-0.2529000903973433
2022-06-06,TCS,TCS,3418,-0.6246431818337661,0.9798781903053158
2022-06-07,HDFCBANK,HDFCBANK,681,4.019089574155654,-1.613248557526025
2022-06-07,INFOSYS,INFOSYS,1519.8499755859375,-0.5519294595261228,0.8028046025472078
2022-06-07,LT,LT,1630,-0.06757670209451687,0.06996838510408843
2022-06-07,RELIANCE,RELIANCE,1278.308349609375,0.2751227045478462,-0.24304241284078376
2022-06-07,TCS,TCS,3401.050048828125,-0.6241430348695303,0.9785466198542485
2022-06-08,HDFCBANK,HDFCBANK,686.6500244140625,3.9531055529056967,-1.60001476428266
2022-06-08,INFOSYS,INFOSYS,1520.199951171875,-0.5483159804835244,0.7947724154807867
2022-06-08,LT,LT,1595,-0.04689658233738245,0.04803186320654529
2022-06-08,RELIANCE,RELIANCE,1279.6236572265625,0.2464602314847629,-0.22030771932873527
2022-06-08,TCS,TCS,3380.14990234375,-0.6214299086737872,0.9713540414092741
2022-06-09,HDFCBANK,HDFCBANK,681.125,3.9625984985777207,-1.601929494396221
2022-06-09,INFOSYS,INFOSYS,1485,-0.5413299663299663,0.7794242083335376
2022-06-09,LT,LT,1556.199951171875,-0.045752444034109406,0.04683214856951867
2022-06-09,RELIANCE,RELIANCE,1250.66455078125,0.24429844133646136,-0.21857187015578106
2022-06-09,TCS,TCS,3385,-0.6305274591488184,0.9956788556958376
2022-06-10,HDFCBANK,HDFCBANK,680.04998779296875,3.9775752676441685,-1.60494287841781
2022-06-10,INFOSYS,INFOSYS,1486.0999755859375,-0.5423928410167428,0.7817441944076808
2022-06-10,LT,LT,1570,-0.053439505996218155,0.05492039700610718
2022-06-10,RELIANCE,RELIANCE,1279.2314453125,0.22729941149661853,-0.20481615511059204
2022-06-10,TCS,TCS,3382,-0.6217529730004435,0.9722077862267637
2022-06-13,HDFCBANK,HDFCBANK,661.79998779296875,4.110305322426196,-1.6312591524162103
2022-06-13,INFOSYS,INFOSYS,1443.5999755859375,-0.5415627604701551,0.7799318788143879
2022-06-13,LT,LT,1560.1500244140625,-0.07470438547850365,0.07764200925908415
2022-06-13,RELIANCE,RELIANCE,1222.974609375,0.27570107543882344,-0.24349589058034837
2022-06-13,TCS,TCS,3290,-0.628275194718845,0.9896014692239792
2022-06-14,HDFCBANK,HDFCBANK,655.625,4.018112488083889,-1.6130538646088564
2022-06-14,INFOSYS,INFOSYS,1410,-0.5350177304964538,0.7657560042216529
2022-06-14,LT,LT,1532.050048828125,-0.0796645311434061,0.0830170353425661
2022-06-14,RELIANCE,RELIANCE,1222.9976806640625,0.25270069849703514,-0.22530177946108054
2022-06-14,TCS,TCS,3190,-0.6166151471272532,0.9587159565251904
2022-06-15,HDFCBANK,HDFCBANK,650.82501220703125,3.9014711176853822,-1.589535388156201
2022-06-15,INFOSYS,INFOSYS,1440.199951171875,-0.5481009344032667,0.794296430288365
2022-06-15,LT,LT,1547.949951171875,-0.06960819367475538,0.07214948443163216
2022-06-15,RELIANCE,RELIANCE,1207.9989013671875,0.28141668789593943,-0.2479662533125886
2022-06-15,TCS,TCS,3218.5,-0.6246702186213492,0.9799502224625734
2022-06-16,HDFCBANK,HDFCBANK,655,3.9137404580152673,-1.5920354558574195
2022-06-16,INFOSYS,INFOSYS,1438,-0.5445062586926287,0.7863733026457407
2022-06-16,LT,LT,1568.4000244140625,-0.08314206987007575,0.08680274770340635
2022-06-16,RELIANCE,RELIANCE,1210.5140380859375,0.29564794382229026,-0.2590109127417346
2022-06-16,TCS,TCS,3240,-0.6263845561463156,0.9845282355437117
2022-06-17,HDFCBANK,HDFCBANK,637.5,4.08235294117647,-1.625774331753795
2022-06-17,INFOSYS,INFOSYS,1391.050048828125,-0.5417131105116922,0.7802598947095225
2022-06-17,LT,LT,1522,-0.08603807567140276,0.08996636667952806
2022-06-17,RELIANCE,RELIANCE,1181.4395751953125,0.28825885974607457,-0.25329158555249887
2022-06-17,TCS,TCS,3092,-0.6179044064698214,0.9620844568381797
2022-06-20,HDFCBANK,HDFCBANK,652.3499755859375,3.739787101582676,-1.5559922194203466
2022-06-20,INFOSYS,INFOSYS,1390.050048828125,-0.5307003685688166,0.7565138415407278
2022-06-20,LT,LT,1490,-0.06708050414219799,0.06943636711181167
2022-06-20,RELIANCE,RELIANCE,1202.20703125,0.23938719477523435,-0.2146170596990764
2022-06-20,TCS,TCS,3094,-0.611439227133161,0.9453056918925835
2022-06-21,HDFCBANK,HDFCBANK,668.45001220703125,3.6286183611314398,-1.5322584134421842
2022-06-21,INFOSYS,INFOSYS,1424,-0.5305828565961859,0.7562634742810932
2022-06-21,LT,LT,1480,-0.03783783783783784,0.03857227478623937
2022-06-21,RELIANCE,RELIANCE,1181.4395751953125,0.252709009477129,-0.225308413889028
2022-06-21,TCS,TCS,3130,-0.6225432667107628,0.9742993306650662
2022-06-22,HDFCBANK,HDFCBANK,666.125,3.698817789453931,-1.5473109429172522
2022-06-22,INFOSYS,INFOSYS,1436.050048828125,-0.5361408186688306,0.7681742613282498
2022-06-22,LT,LT,1490,-0.03620802092072148,0.036879796994308656
2022-06-22,RELIANCE,RELIANCE,1180.562744140625,0.262109961876381,-0.23278489334723407
2022-06-22,TCS,TCS,3199.89990234375,-0.6310626019032883,0.997128302188723
2022-06-23,HDFCBANK,HDFCBANK,665.25,3.8100712549323563,-1.5707118979231955
2022-06-23,INFOSYS,INFOSYS,1439.800048828125,-0.5379566763166476,0.7720966180905338
2022-06-23,LT,LT,1481.5,-0.0281471152020756,0.028550839065287548
2022-06-23,RELIANCE,RELIANCE,1160.6951904296875,0.2763902290760342,-0.24403596032843478
2022-06-23,TCS,TCS,3222.949951171875,-0.6398655864923826,1.0212779463630417
2022-06-24,HDFCBANK,HDFCBANK,669.2750244140625,3.8155837788710345,-1.571857279618671
2022-06-24,INFOSYS,INFOSYS,1458,-0.5409636320891203,0.7786258391390479
2022-06-24,LT,LT,1501.75,-0.02913267854170135,0.029565461161666917
2022-06-24,RELIANCE,RELIANCE,1144.5196533203125,0.3121225097737232,-0.2716460625145203
2022-06-24,TCS,TCS,3339,-0.6572268184126048,1.0706863287279038
2022-06-27,HDFCBANK,HDFCBANK,685,3.8744525547445257,-1.5840078016814285
2022-06-27,INFOSYS,INFOSYS,1468.050048828125,-0.5333946546667103,0.7622714635382444
2022-06-27,LT,LT,1524,-0.03671256638574475,0.03740343444612204
2022-06-27,RELIANCE,RELIANCE,1174.4940185546875,0.29758004376676916,-0.26050102491947946
2022-06-27,TCS,TCS,3350,-0.6494047705806903,1.0481229134919987
2022-06-28,HDFCBANK,HDFCBANK,672,3.9851190476190474,-1.6064572842959617
2022-06-28,INFOSYS,INFOSYS,1469,-0.5425459496255957,0.7820788356507276
2022-06-28,LT,LT,1530,-0.03986928104575163,0.040685838212604075
2022-06-28,RELIANCE,RELIANCE,1145.48876953125,0.3356743782185637,-0.28943631652942337
2022-06-28,TCS,TCS,3307,-0.653616942990248,1.0602100151247358
2022-06-29,HDFCBANK,HDFCBANK,665.625,3.968262910798122,-1.6030702640840033
2022-06-29,INFOSYS,INFOSYS,1464.699951171875,-0.5455553886873228,0.7886792400898655
2022-06-29,LT,LT,1531.25,-0.04346125637755102,0.04443398530538101
2022-06-29,RELIANCE,RELIANCE,1157.0723876953125,0.32338306253248716,-0.2801913840648407
2022-06-29,TCS,TCS,3271,-0.6462634094480855,1.0392027373101875
2022-06-30,HDFCBANK,HDFCBANK,668,3.8967065868263475,-1.5885628540017382
2022-06-30,INFOSYS,INFOSYS,1465.050048828125,-0.5440428806276449,0.7853565103535907
2022-06-30,LT,LT,1549.050048828125,-0.054226782448731733,0.05575246641662179
2022-06-30,RELIANCE,RELIANCE,1190.6695556640625,0.30099072531016874,-0.2631260706119285
2022-06-30,TCS,TCS,3272,-0.6361034365329883,1.0108856180277082
2022-07-01,HDFCBANK,HDFCBANK,671.9749755859375,3.869228942858975,-1.5829355966042682
2022-07-01,INFOSYS,INFOSYS,1454,-0.5378438957455726,0.7718525569750954
2022-07-01,LT,LT,1560.949951171875,-0.06851593870231579,0.0709761998784213
2022-07-01,RELIANCE,RELIANCE,1188.31591796875,0.3135816221666774,-0.27275746918475363
2022-07-01,TCS,TCS,3260,-0.6354859147335122,1.0091900855736213
2022-07-04,HDFCBANK,HDFCBANK,676.8499755859375,3.8164292200466927,-1.5720328277990818
2022-07-04,INFOSYS,INFOSYS,1480.25,-0.5427461742368266,0.7825166248502136
2022-07-04,LT,LT,1572.0999755859375,-0.05842502195301166,0.06020129725599688
2022-07-04,RELIANCE,RELIANCE,1097.885009765625,0.43193500375922544,-0.3590266790720733
2022-07-04,TCS,TCS,3312,-0.6685129801432291,1.1041666259093406
2022-07-05,HDFCBANK,HDFCBANK,682,3.8563049853372435,-1.5802778576616872
2022-07-05,INFOSYS,INFOSYS,1498.800048828125,-0.5449693236044134,0.7873904416542157
2022-07-05,LT,LT,1584,-0.0537878479620423,0.05528847287669336
2022-07-05,RELIANCE,RELIANCE,1118.214111328125,0.41654445597959044,-0.34822042417971133
2022-07-05,TCS,TCS,3255,-0.656462638608871,1.0684594064480093
2022-07-06,HDFCBANK,HDFCBANK,674,3.8293768545994067,-1.5747174437303624
2022-07-06,INFOSYS,INFOSYS,1482.199951171875,-0.5452705288061075,0.7880526056619441
2022-07-06,LT,LT,1565.550048828125,-0.053240136090596905,0.05470979354903793
2022-07-06,RELIANCE,RELIANCE,1116.875732421875,0.40172268353734203,-0.337701968431972
2022-07-06,TCS,TCS,3218.5,-0.6529825283759904,1.058380149801354
2022-07-07,HDFCBANK,HDFCBANK,690,3.6644927536231884,-1.5399790939013664
2022-07-07,INFOSYS,INFOSYS,1503.050048828125,-0.5409334502613744,0.7785600908941035
2022-07-07,LT,LT,1565.9000244140625,-0.040136646405286996,0.04096434465706267
2022-07-07,RELIANCE,RELIANCE,1119.552490234375,0.3986838831346317,-0.33553171099034884
2022-07-07,TCS,TCS,3271,-0.6577338764187175,1.0721667053862616
2022-07-08,HDFCBANK,HDFCBANK,705,3.6397163120567377,-1.5346532247261147
2022-07-08,INFOSYS,INFOSYS,1515,-0.5346534653465347,0.7649729151312004
2022-07-08,LT,LT,1621,-0.06539173349784085,0.0676278037922069
2022-07-08,RELIANCE,RELIANCE,1115.9066162109375,0.4526305126714884,-0.3733760595258975
2022-07-08,TCS,TCS,3300,-0.6618464799360796,1.0842552852447929
2022-07-11,HDFCBANK,HDFCBANK,697,3.734576757532281,-1.5548923366940475
2022-07-11,INFOSYS,INFOSYS,1495,-0.5337792642140469,0.7630960750642624
2022-07-11,LT,LT,1684.949951171875,-0.11273328981657033,0.11960965395192513
2022-07-11,RELIANCE,RELIANCE,1096.75439453125,0.5363056301151347,-0.42938059287153596
2022-07-11,TCS,TCS,3206.14990234375,-0.6579216730541813,1.0727155419846541
2022-07-12,HDFCBANK,HDFCBANK,702.625,3.563102511786159,-1.518002767567591
2022-07-12,INFOSYS,INFOSYS,1461.800048828125,-0.5193426073810365,0.7326005441267913
2022-07-12,LT,LT,1655,-0.11673713061744713,0.12413242236213318
2022-07-12,RELIANCE,RELIANCE,1109.445556640625,0.49173611097357584,-0.39994061681768667
2022-07-12,TCS,TCS,3114.89990234375,-0.6438262572078663,1.0323366256327127
2022-07-13,HDFCBANK,HDFCBANK,695,3.4818703630845325,-1.5000404510613974
2022-07-13,INFOSYS,INFOSYS,1450,-0.5206896551724138,0.7354069898498281
2022-07-13,LT,LT,1664,-0.12860576923076922,0.13766078596653397
2022-07-13,RELIANCE,RELIANCE,1120.1986083984375,0.4854508723047268,-0.3957183438857532
2022-07-13,TCS,TCS,3104,-0.6391112730675137,1.019185603807709
2022-07-14,HDFCBANK,HDFCBANK,681,3.5580029368575623,-1.5168845751535978
2022-07-14,INFOSYS,INFOSYS,1451,-0.5306685044796692,0.7564459467346758
2022-07-14,LT,LT,1651.8499755859375,-0.12159093050486793,0.12964288326294682
2022-07-14,RELIANCE,RELIANCE,1102.0616455078125,0.4988725742513172,-0.4047132083365774
2022-07-14,TCS,TCS,3056,-0.6393777337997996,1.0199242224758542
2022-07-15,HDFCBANK,HDFCBANK,676.5,3.517368810051737,-1.5079297026755691
2022-07-15,INFOSYS,INFOSYS,1446,-0.5321576763485477,0.7596239551078678
2022-07-15,LT,LT,1653.9000244140625,-0.12570289699809184,0.13433502630654814
2022-07-15,RELIANCE,RELIANCE,1114.5220947265625,0.4839544520827389,-0.3947104516075415
2022-07-15,TCS,TCS,3018.550048828125,-0.6307756781573831,0.9963509013763936
2022-07-18,HDFCBANK,HDFCBANK,674,3.4785609033058233,-1.4993017678818035
2022-07-18,INFOSYS,INFOSYS,1450,-0.5351724137931034,0.7660887245023131
2022-07-18,LT,LT,1696.050048828125,-0.1450723986583602,0.15673849042406296
2022-07-18,RELIANCE,RELIANCE,1117.2911376953125,0.5180018811629035,-0.4173949182104204
2022-07-18,TCS,TCS,3023,-0.630403196263542,0.9953425871511961
2022-07-19,HDFCBANK,HDFCBANK,668.5,3.5220643231114437,-1.5089685982374608
2022-07-19,INFOSYS,INFOSYS,1471.550048828125,-0.5457171160896888,0.7890351826687443
2022-07-19,LT,LT,1719.949951171875,-0.14442275030997534,0.1559788920175107
2022-07-19,RELIANCE,RELIANCE,1107.738037109375,0.5526684952157618,-0.4399750604763186
2022-07-19,TCS,TCS,3030.050048828125,-0.6344159273746011,1.0062590053801213
2022-07-20,HDFCBANK,HDFCBANK,679.95001220703125,3.456283542069465,-1.4943151321242514
2022-07-20,INFOSYS,INFOSYS,1501.25,-0.5470774273391965,0.7920340893863891
2022-07-20,LT,LT,1740.3499755859375,-0.13738614585577122,0.14778813398358714
2022-07-20,RELIANCE,RELIANCE,1172.2095947265625,0.4846747402642641,-0.3951957181389876
2022-07-20,TCS,TCS,3107.800048828125,-0.6228169199081601,0.9750245858253166
2022-07-21,HDFCBANK,HDFCBANK,680.2750244140625,3.5684464919242758,-1.51917321099313
2022-07-21,INFOSYS,INFOSYS,1517,-0.5515655738865771,0.8019928152775524
2022-07-21,LT,LT,1726.9000244140625,-0.12154729367456094,0.12959320737960045
2022-07-21,RELIANCE,RELIANCE,1150.9805908203125,0.5003728457169621,-0.4057136410326061
2022-07-21,TCS,TCS,3167,-0.6365707007198256,1.012170500843113
2022-07-22,HDFCBANK,HDFCBANK,683,3.636896046852123,-1.534045186967849
2022-07-22,INFOSYS,INFOSYS,1534,-0.5547588005215124,0.8091391223564113
2022-07-22,LT,LT,1765.5,-0.13112432738600963,0.14055523344123966
2022-07-22,RELIANCE,RELIANCE,1153.7496337890625,0.5302280046684569,-0.42541674696069265
2022-07-22,TCS,TCS,3185,-0.6377552170207025,1.0154350995985162
2022-07-25,HDFCBANK,HDFCBANK,697.5,3.5663082437275984,-1.518705054310744
2022-07-25,INFOSYS,INFOSYS,1480.0999755859375,-0.5287480497904368,0.752362401852749
2022-07-25,LT,LT,1765,-0.16141644442723088,0.1760410538191275
2022-07-25,RELIANCE,RELIANCE,1138.727783203125,0.5499753549836425,-0.438239030794195
2022-07-25,TCS,TCS,3165,-0.6402123907731042,1.0222413960050742
2022-07-26,HDFCBANK,HDFCBANK,698,3.5343839541547277,-1.5116892318159039
2022-07-26,INFOSYS,INFOSYS,1496.6500244140625,-0.533625103655568,0.7627654696988255
2022-07-26,LT,LT,1780.75,-0.15953950615523657,0.17380533039726487
2022-07-26,RELIANCE,RELIANCE,1117.3372802734375,0.5937443701549191,-0.4660861974665442
2022-07-26,TCS,TCS,3164.699951171875,-0.6469373724167145,1.0411098225349642
2022-07-27,HDFCBANK,HDFCBANK,694.45001220703125,3.5571313925305343,-1.5166933449866704
2022-07-27,INFOSYS,INFOSYS,1451,-0.5213990267353333,0.7368880699439755
2022-07-27,LT,LT,1754,-0.17274800456100342,0.18964592004794056
2022-07-27,RELIANCE,RELIANCE,1116.8065185546875,0.570549572248141,-0.45142560412632715
2022-07-27,TCS,TCS,3115,-0.6414746328877408,1.0257558624157515
2022-07-28,HDFCBANK,HDFCBANK,707.5250244140625,3.402671131780378,-1.4822114321331163
2022-07-28,INFOSYS,INFOSYS,1496.4000244140625,-0.5271818946333522,0.7490445197007531
2022-07-28,LT,LT,1805,-0.17096951556007617,0.18749835197779152
2022-07-28,RELIANCE,RELIANCE,1124.213623046875,0.6055667383820157,-0.4734768022801896
2022-07-28,TCS,TCS,3216,-0.6504310873610464,1.051054561812066
2022-07-29,HDFCBANK,HDFCBANK,719,3.4728789986091795,-1.4980322725778104
2022-07-29,INFOSYS,INFOSYS,1532.800048828125,-0.5309238145251244,0.7569900813510584
2022-07-29,LT,LT,1814.949951171875,-0.1554587784426627,0.16896173213473098
2022-07-29,RELIANCE,RELIANCE,1142.0736083984375,0.5891707310503665,-0.4632123273776587
2022-07-29,TCS,TCS,3290,-0.6528651646205357,1.0580419999302402
2022-08-01,HDFCBANK,HDFCBANK,719.5,3.572619874913134,-1.5200863174319954
2022-08-01,INFOSYS,INFOSYS,1564,-0.5399616368286445,0.7764453947778343
2022-08-01,LT,LT,1808,-0.13495575221238937,0.14497461984686488
2022-08-01,RELIANCE,RELIANCE,1162.5872802734375,0.5551520566909721,-0.44157332650384973
2022-08-01,TCS,TCS,3327,-0.6505598796893786,1.0514230615702056
2022-08-02,HDFCBANK,HDFCBANK,721,3.6144244105409156,-1.529187138733528
2022-08-02,INFOSYS,INFOSYS,1546.550048828125,-0.5338010557457699,0.7631428169599852
2022-08-02,LT,LT,1809,-0.1450801277898701,0.15674753115036033
2022-08-02,RELIANCE,RELIANCE,1187.2083740234375,0.5237426214147368,-0.4211695594158851
2022-08-02,TCS,TCS,3290,-0.6391463908743351,1.019282917780008
2022-08-03,HDFCBANK,HDFCBANK,712.4749755859375,3.617706042649867,-1.5298980542180525
2022-08-03,INFOSYS,INFOSYS,1549,-0.5400419783176647,0.7766200508755032
2022-08-03,LT,LT,1793.050048828125,-0.13610888830884982,0.14630854625553713
2022-08-03,RELIANCE,RELIANCE,1199.8995361328125,0.49433347945694917,-0.40168027429034225
2022-08-03,TCS,TCS,3280,-0.6341769706912157,1.0056055889961266
2022-08-04,HDFCBANK,HDFCBANK,720,3.5555555555555554,-1.5163474893680888
2022-08-04,INFOSYS,INFOSYS,1587.5,-0.5464566929133858,0.7906645187567456
2022-08-04,LT,LT,1793.800048828125,-0.11500727127468814,0.12217585013755095
2022-08-04,RELIANCE,RELIANCE,1204.5145263671875,0.48923073118779314,-0.3982596988415068
2022-08-04,TCS,TCS,3350,-0.6404434249650186,1.0228837427562203
2022-08-05,HDFCBANK,HDFCBANK,716.5,3.675505931612003,-1.5423373775508846
2022-08-05,INFOSYS,INFOSYS,1608.4000244140625,-0.5545262440163045,0.8086169429339911
2022-08-05,LT,LT,1782.949951171875,-0.0978995101029541,0.10302935725678708
2022-08-05,RELIANCE,RELIANCE,1188.8236083984375,0.49975987907393105,-0.40530501467651536
2022-08-05,TCS,TCS,3361.199951171875,-0.646309762683426,1.0393337847445823
2022-08-08,HDFCBANK,HDFCBANK,714,3.707562956823354,-1.5491703551874876
2022-08-08,INFOSYS,INFOSYS,1617,-0.5584415584415584,0.8174448972375226
2022-08-08,LT,LT,1796.4000244140625,-0.09986641169890764,0.10521209522702524
2022-08-08,RELIANCE,RELIANCE,1168.0560302734375,0.5379399428240887,-0.43044382144201876
2022-08-08,TCS,TCS,3365,-0.6528808230985327,1.0580871087167152
2022-08-10,HDFCBANK,HDFCBANK,730.67498779296875,3.605330764317127,-1.5272144943410932
2022-08-10,INFOSYS,INFOSYS,1621.199951171875,-0.5492998952628856,0.7969531168979103
2022-08-10,LT,LT,1830,-0.11409838733777322,0.121149381199821
2022-08-10,RELIANCE,RELIANCE,1189.2388916015625,0.5387993219222058,-0.431002451242283
2022-08-10,TCS,TCS,3385,-0.6486738872668943,1.046040390753192
2022-08-11,HDFCBANK,HDFCBANK,743.25,3.5543222334342417,-1.516076723468168
2022-08-11,INFOSYS,INFOSYS,1630,-0.5440184049079755,0.7853028319226008
2022-08-11,LT,LT,1870.050048828125,-0.1283655744821126,0.13738517976888343
2022-08-11,RELIANCE,RELIANCE,1201.3302001953125,0.5566494944721209,-0.4425357515634909
2022-08-11,TCS,TCS,3400,-0.6466675881778493,1.0403459885980517
2022-08-12,HDFCBANK,HDFCBANK,742.5,3.579124579124579,-1.5215078399273976
2022-08-12,INFOSYS,INFOSYS,1613.300048828125,-0.5397632321778333,0.776014209261235
2022-08-12,LT,LT,1865,-0.13495975934148793,0.14497925213982565
2022-08-12,RELIANCE,RELIANCE,1195.4229736328125,0.5601172481505743,-0.44476097750802523
2022-08-12,TCS,TCS,3419,-0.6503588845765392,1.0508480350694116
2022-08-16,HDFCBANK,HDFCBANK,747.4000244140625,3.5745248706412416,-1.520502839922596
2022-08-16,INFOSYS,INFOSYS,1609,-0.5354878654977859,0.7667675972756776
2022-08-16,LT,LT,1860,-0.1349462365591398,0.14496361971486316
2022-08-16,RELIANCE,RELIANCE,1221.2208251953125,0.5230660676806966,-0.42072545293320296
2022-08-16,TCS,TCS,3411,-0.641975718207179,1.0271544686446017
2022-08-17,HDFCBANK,HDFCBANK,750,3.548,-1.5146875758882894
2022-08-17,INFOSYS,INFOSYS,1596.449951171875,-0.5302076338506809,0.7554644560393671
2022-08-17,LT,LT,1861.449951171875,-0.1423621407780367,0.15357334409198753
2022-08-17,RELIANCE,RELIANCE,1229.8970947265625,0.5135005677736988,-0.4144252246191096
2022-08-17,TCS,TCS,3385.10009765625,-0.6366733451757869,1.0124529738137564
2022-08-18,HDFCBANK,HDFCBANK,750,3.513466796875,-1.5070655493260015
2022-08-18,INFOSYS,INFOSYS,1594.0999755859375,-0.5295150796772798,0.7539913707939805
2022-08-18,LT,LT,1857,-0.14157244179540254,0.1526529840283697
2022-08-18,RELIANCE,RELIANCE,1227.589599609375,0.5127205383549245,-0.4139097107761396
2022-08-18,TCS,TCS,3390,-0.6378791741565265,1.01577734979793
2022-08-19,HDFCBANK,HDFCBANK,755,3.4900662251655628,-1.501867451125472
2022-08-19,INFOSYS,INFOSYS,1585.300048828125,-0.5237494627227786,0.7418112244007151
2022-08-19,LT,LT,1894.0999755859375,-0.16303253827047098,0.17797008412342397
2022-08-19,RELIANCE,RELIANCE,1222.974609375,0.5487647585373138,-0.43745768323772527
2022-08-19,TCS,TCS,3387,-0.6389209892604074,1.0186584782823331
2022-08-22,HDFCBANK,HDFCBANK,742.4000244140625,3.562230453417862,-1.5178116384604605
2022-08-22,INFOSYS,INFOSYS,1586,-0.5319041460188761,0.7590821878374818
2022-08-22,LT,LT,1937.0999755859375,-0.18125031232821948,0.1999768735023295
2022-08-22,RELIANCE,RELIANCE,1207.7451171875,0.6038979980286739,-0.47243691517079967
2022-08-22,TCS,TCS,3365,-0.6410861464524517,1.0246728815525055
2022-08-23,HDFCBANK,HDFCBANK,726.6500244140625,3.6308400012968867,-1.5327382774085452
2022-08-23,INFOSYS,INFOSYS,1548,-0.5305878395257995,0.7562740894793896
2022-08-23,LT,LT,1870,-0.17219251336898395,0.18897465569896
2022-08-23,RELIANCE,RELIANCE,1197.130615234375,0.5620684795818125,-0.44601089141797523
2022-08-23,TCS,TCS,3319.949951171875,-0.6394130535576863,1.0200221684180182
2022-08-24,HDFCBANK,HDFCBANK,730.95001220703125,3.541965792089687,-1.5133599121908237
2022-08-24,INFOSYS,INFOSYS,1535,-0.5238110669661035,0.7419405853634453
2022-08-24,LT,LT,1876,-0.18176972281449894,0.20061146954487263
2022-08-24,RELIANCE,RELIANCE,1218.40576171875,0.5397169472948088,-0.43159859907424725
2022-08-24,TCS,TCS,3292,-0.6298888937670869,0.9939520313050378
2022-08-25,HDFCBANK,HDFCBANK,739.95001220703125,3.4489491799331553,-1.4926679289520006
2022-08-25,INFOSYS,INFOSYS,1548,-0.5219961161453287,0.7381364213047128
2022-08-25,LT,LT,1900,-0.18526315789473685,0.20489011100485932
2022-08-25,RELIANCE,RELIANCE,1222.489990234375,0.5542049547871826,-0.44096413178636773
2022-08-25,TCS,TCS,3276,-0.6268345573155143,0.9857334116047962
2022-08-26,HDFCBANK,HDFCBANK,736.0250244140625,3.450935622206555,-1.493114326259505
2022-08-26,INFOSYS,INFOSYS,1535.1500244140625,-0.5205517293366886,0.7351192723066458
2022-08-26,LT,LT,1890.199951171875,-0.18783723200166774,0.20805450570860096
2022-08-26,RELIANCE,RELIANCE,1215.1290283203125,0.5555549304790465,-0.4418323504440602
2022-08-26,TCS,TCS,3234.300048828125,-0.6242992270427764,0.9789622690255078
2022-08-29,HDFCBANK,HDFCBANK,718.5,3.501461445828984,-1.5044021097910703
2022-08-29,INFOSYS,INFOSYS,1468.550048828125,-0.5107419045245688,0.714865126137826
2022-08-29,LT,LT,1870,-0.21467911827372996,0.24166287819172716
2022-08-29,RELIANCE,RELIANCE,1192.97705078125,0.5675071023163313,-0.44948652449797954
2022-08-29,TCS,TCS,3125,-0.61824734375,0.9629823768198484
2022-08-30,HDFCBANK,HDFCBANK,723.2249755859375,3.32092378649978,-1.4634692188631604
2022-08-30,INFOSYS,INFOSYS,1473.0999755859375,-0.5090455586368,0.7114039429402963
2022-08-30,LT,LT,1893.9000244140625,-0.2221870444076438,0.25126920068494485
2022-08-30,RELIANCE,RELIANCE,1206.360595703125,0.5699286193198365,-0.45103015292525583
2022-08-30,TCS,TCS,3155,-0.617635310395206,0.9613804409679867
2022-09-01,HDFCBANK,HDFCBANK,732.375,3.3079023724185013,-1.4604510971103606
2022-09-01,INFOSYS,INFOSYS,1460.050048828125,-0.4983904828551435,0.6899333162691468
2022-09-01,LT,LT,1905,-0.2335695281742126,0.26601129342670227
2022-09-01,RELIANCE,RELIANCE,1191.892578125,0.5982983995057755,-0.4689395630191209
2022-09-01,TCS,TCS,3190,-0.6263659629702194,0.9844784712372094
2022-09-02,HDFCBANK,HDFCBANK,736.07501220703125,3.333797435176034,-1.4664441634838248
2022-09-02,INFOSYS,INFOSYS,1478,-0.5019790174512644,0.6971130692130814
2022-09-02,LT,LT,1900.5,-0.22230991844251513,0.2514271869211564
2022-09-02,RELIANCE,RELIANCE,1181.6241455078125,0.608379455705219,-0.47522712283407476
2022-09-02,TCS,TCS,3163,-0.6264229701208307,0.9846310577104198
2022-09-05,HDFCBANK,HDFCBANK,743.04998779296875,3.256779559871666,-1.4485129025293473
2022-09-05,INFOSYS,INFOSYS,1451,-0.48790490158995953,0.6692449321078868
2022-09-05,LT,LT,1947.949951171875,-0.25511433231275416,0.2945245385713351
2022-09-05,RELIANCE,RELIANCE,1168.0560302734375,0.6676853684115369,-0.5114366580934098
2022-09-05,TCS,TCS,3123.64990234375,-0.6260605167701359,0.9836613042059996
2022-09-06,HDFCBANK,HDFCBANK,749.45001220703125,3.1679229454477076,-1.427417817103522
2022-09-06,INFOSYS,INFOSYS,1461.300048828125,-0.48713475182044563,0.6677421424301837
2022-09-06,LT,LT,1973.800048828125,-0.2596514273592601,0.30063415958126427
2022-09-06,RELIANCE,RELIANCE,1187.4390869140625,0.662232674147245,-0.5081616831131512
2022-09-06,TCS,TCS,3135.5,-0.6212919512313626,0.9709896906201871
2022-09-07,HDFCBANK,HDFCBANK,735.6500244140625,3.262216945479466,-1.4497894346520566
2022-09-07,INFOSYS,INFOSYS,1440,-0.4891319274902344,0.6716438972390284
2022-09-07,LT,LT,1941.0999755859375,-0.2581525845595234,0.2986116965295622
2022-09-07,RELIANCE,RELIANCE,1188.362060546875,0.6334247280602835,-0.4906788708382708
2022-09-07,TCS,TCS,3102,-0.6169045581731544,0.9594711254751465
2022-09-08,HDFCBANK,HDFCBANK,745.04998779296875,3.163479029358726,-1.4263510298991928
2022-09-08,INFOSYS,INFOSYS,1475,-0.49488136420815676,0.6829619549366281
2022-09-08,LT,LT,1967.9000244140625,-0.2504700535083444,0.2883090069452745
2022-09-08,RELIANCE,RELIANCE,1194.4769287109375,0.6474994008781669,-0.4992586237393253
2022-09-08,TCS,TCS,3170,-0.623193397882985,0.976023214891458
2022-09-09,HDFCBANK,HDFCBANK,748.0999755859375,3.2374015552094457,-1.4439502406277267
2022-09-09,INFOSYS,INFOSYS,1488,-0.49724464006321406,0.6876515891494366
2022-09-09,LT,LT,1977.3499755859375,-0.24747767548884766,0.2843246156747119
2022-09-09,RELIANCE,RELIANCE,1204.5145263671875,0.6416157151293307,-0.49568094900485793
2022-09-09,TCS,TCS,3195,-0.6230001482418819,0.975510484748745
2022-09-12,HDFCBANK,HDFCBANK,750,3.26,-1.44926916028128
2022-09-12,INFOSYS,INFOSYS,1525.800048828125,-0.5084545969335695,0.7102009671274274
2022-09-12,LT,LT,1949.75,-0.21743810805071162,0.24518226455282388
2022-09-12,RELIANCE,RELIANCE,1186.308349609375,0.6435440251617629,-0.49685490120586806
2022-09-12,TCS,TCS,3239.89990234375,-0.6338441355082615,1.0046961769660472
2022-09-13,HDFCBANK,HDFCBANK,749.45001220703125,3.3230366930046116,-1.4639580935061955
2022-09-13,INFOSYS,INFOSYS,1551.9000244140625,-0.5170758422469935,0.7278956609447125
2022-09-13,LT,LT,1968.9000244140625,-0.21179338454429533,0.2379950211383326
2022-09-13,RELIANCE,RELIANCE,1208.20654296875,0.6296054973979625,-0.4883379593894004
2022-09-13,TCS,TCS,3263.449951171875,-0.6297762916404175,0.9936478388631373
2022-09-14,HDFCBANK,HDFCBANK,747.0250244140625,3.3685952203965304,-1.4744414975647073
2022-09-14,INFOSYS,INFOSYS,1497,-0.5009852876325568,0.6951196999629632
2022-09-14,LT,LT,1964.6500244140625,-0.23803222894802065,0.27185101939733425
2022-09-14,RELIANCE,RELIANCE,1188.362060546875,0.6532419618899191,-0.502738185555625
2022-09-14,TCS,TCS,3135,-0.6209371417713317,0.9700532348056834
2022-09-15,HDFCBANK,HDFCBANK,765,3.0980392156862746,-1.4105086192404857
2022-09-15,INFOSYS,INFOSYS,1475,-0.48135593220338985,0.656537434947384
2022-09-15,LT,LT,1959.0999755859375,-0.24710325231929547,0.28382718185819034
2022-09-15,RELIANCE,RELIANCE,1192.0540771484375,0.6434656893019339,-0.4968072373005876
2022-09-15,TCS,TCS,3130,-0.6191520520292532,0.9653550702026763
2022-09-16,HDFCBANK,HDFCBANK,751.54998779296875,3.1647263000983887,-1.426650559197438
2022-09-16,INFOSYS,INFOSYS,1425,-0.4725964997944079,0.6397893683659905
2022-09-16,LT,LT,1947,-0.26810477657935283,0.3121179126694482
2022-09-16,RELIANCE,RELIANCE,1173.940185546875,0.6585172089436553,-0.5059239555607578
2022-09-16,TCS,TCS,3076,-0.61835494618112,0.9632642808140925
2022-09-19,HDFCBANK,HDFCBANK,744.5,3.1316319677635995,-1.4186724785014704
2022-09-19,INFOSYS,INFOSYS,1392,-0.4651580459770115,0.6257839887703014
2022-09-19,LT,LT,1921.0999755859375,-0.27541511754200165,0.32215636403165515
2022-09-19,RELIANCE,RELIANCE,1153.38037109375,0.6656256892634296,-0.5102008421886799
2022-09-19,TCS,TCS,3036,-0.6200986919981061,0.9678437757781797
2022-09-20,HDFCBANK,HDFCBANK,757,3.010568031704095,-1.3889328850780718
2022-09-20,INFOSYS,INFOSYS,1407.949951171875,-0.46233884281900195,0.6205267366060614
2022-09-20,LT,LT,1931,-0.27087004082243654,0.3159032923850047
2022-09-20,RELIANCE,RELIANCE,1164.1102294921875,0.6587776235265521,-0.5060809597443372
2022-09-20,TCS,TCS,3050,-0.6183245149205943,0.9631845469172795
2022-09-21,HDFCBANK,HDFCBANK,754,3.0450928381962865,-1.3975045015935006
2022-09-21,INFOSYS,INFOSYS,1379.9000244140625,-0.4535836026815306,0.6043739614421844
2022-09-21,LT,LT,1921.0999755859375,-0.2817135797457956,0.3308868754758798
2022-09-21,RELIANCE,RELIANCE,1152.249755859375,0.6672600413381177,-0.51118158520707
2022-09-21,TCS,TCS,3028,-0.619468376532571,0.9661859948383889
2022-09-22,HDFCBANK,HDFCBANK,751,3.0319573901464714,-1.3942519627932048
2022-09-22,INFOSYS,INFOSYS,1366.3499755859375,-0.45036043955140737,0.5984925602267053
2022-09-22,LT,LT,1882,-0.27399044867909805,0.32019210815448496
2022-09-22,RELIANCE,RELIANCE,1147.28857421875,0.6403893861503451,-0.4949336442334067
2022-09-22,TCS,TCS,2990,-0.6162914467495819,0.9578719904728148
2022-09-23,HDFCBANK,HDFCBANK,736.17498779296875,3.061534349277382,-1.4015608207616435
2022-09-23,INFOSYS,INFOSYS,1367.5,-0.4616636286705896,0.6192716886730469
2022-09-23,LT,LT,1890,-0.27645502645502645,0.32359257375755224
2022-09-23,RELIANCE,RELIANCE,1146.8271484375,0.6480251645376893,-0.49957770111444244
2022-09-23,TCS,TCS,3004,-0.6182333061126831,0.9629456059447801
2022-09-26,HDFCBANK,HDFCBANK,712.67498779296875,3.2151051341129127,-1.4386745339927902
2022-09-26,INFOSYS,INFOSYS,1360,-0.47597427368164064,0.6462144998388615
2022-09-26,LT,LT,1849,-0.26446727961060035,0.3071602526570274
2022-09-26,RELIANCE,RELIANCE,1104.8536376953125,0.6735248334403385,-0.5149320807825308
2022-09-26,TCS,TCS,2959.85009765625,-0.6267197319992022,0.985425752747429
2022-09-27,HDFCBANK,HDFCBANK,716.20001220703125,3.1327143915220277,-1.4189344287435253
2022-09-27,INFOSYS,INFOSYS,1393.449951171875,-0.4860238707499215,0.6655784557531028
2022-09-27,LT,LT,1856,-0.249218776308257,0.28664098298454554
2022-09-27,RELIANCE,RELIANCE,1104.83056640625,0.6798955934366704,-0.5187316447200914
2022-09-27,TCS,TCS,3009.39990234375,-0.6328734623983349,1.0020487012483175
2022-09-28,HDFCBANK,HDFCBANK,703,3.2807964471461593,-1.4541390780637071
2022-09-28,INFOSYS,INFOSYS,1379,-0.4902102973168963,0.6737569859826369
2022-09-28,LT,LT,1829.699951171875,-0.2463245139637313,0.2827933934908078
2022-09-28,RELIANCE,RELIANCE,1089.3011474609375,0.6797007470677325,-0.5186156508033175
2022-09-28,TCS,TCS,2980,-0.6344627021943163,1.0063869590186583
2022-09-29,HDFCBANK,HDFCBANK,698.1500244140625,3.2684235419185574,-1.4512445651415957
2022-09-29,INFOSYS,INFOSYS,1404.9000244140625,-0.5030607073231151,0.6992874078775451
2022-09-29,LT,LT,1844.6500244140625,-0.23839210374861372,0.27232342758159245
2022-09-29,RELIANCE,RELIANCE,1089.1396484375,0.6936763132812507,-0.5269014996257004
2022-09-29,TCS,TCS,3054,-0.6433727411796005,1.0310641355872852
2022-09-30,HDFCBANK,HDFCBANK,689.4000244140625,3.429938920579046,-1.4883857962823193
2022-09-30,INFOSYS,INFOSYS,1388.949951171875,-0.5036538042048191,0.70048162033524
2022-09-30,LT,LT,1823.949951171875,-0.238493386137331,0.2724564213758143
2022-09-30,RELIANCE,RELIANCE,1066.526123046875,0.7101784117215761,-0.5365976994122228
2022-09-30,TCS,TCS,2990.85009765625,-0.6434036851654158,1.0311509077776
2022-10-03,HDFCBANK,HDFCBANK,704.9749755859375,3.242491153917081,-1.4451506330131885
2022-10-03,INFOSYS,INFOSYS,1412,-0.5007259379702992,0.6946001114936866
2022-10-03,LT,LT,1852,-0.23758099352051837,0.27125899715293755
2022-10-03,RELIANCE,RELIANCE,1103.6768798828125,0.6780273590551646,-0.5176189124741732
2022-10-03,TCS,TCS,2995,-0.6314935292544867,0.9982970078175981
2022-10-04,HDFCBANK,HDFCBANK,714.75,3.1902763203917455,-1.4327666793471288
2022-10-04,INFOSYS,INFOSYS,1419.699951171875,-0.49654854928323566,0.6862679950738366
2022-10-04,LT,LT,1835.300048828125,-0.22644803933919078,0.256762435193151
2022-10-04,RELIANCE,RELIANCE,1106.5843505859375,0.6585270231377588,-0.5059298729941215
2022-10-04,TCS,TCS,3029.949951171875,-0.634784610828984,1.0072679921266507
2022-10-06,HDFCBANK,HDFCBANK,729.9749755859375,3.1507586595551302,-1.4232911270663378
2022-10-06,INFOSYS,INFOSYS,1445,-0.4948270065149221,0.6828543470109327
2022-10-06,LT,LT,1882,-0.23219978746014877,0.2642257195987918
2022-10-06,RELIANCE,RELIANCE,1120.983154296875,0.6788833915889351,-0.5181289245751266
2022-10-06,TCS,TCS,3111,-0.6396711172301912,1.0207381013274386
2022-10-07,HDFCBANK,HDFCBANK,715.125,3.3502884111169378,-1.4702421443089442
2022-10-07,INFOSYS,INFOSYS,1446.3499755859375,-0.5055657260890177,0.7043410509878667
2022-10-07,LT,LT,1905,-0.2407611676714239,0.27543888398424254
2022-10-07,RELIANCE,RELIANCE,1114.360595703125,0.7095005040069704,-0.5362012249243007
2022-10-07,TCS,TCS,3097.39990234375,-0.6402270837356496,1.022282234717113
2022-10-10,HDFCBANK,HDFCBANK,704,3.399715770374645,-1.4815399411955719
2022-10-10,INFOSYS,INFOSYS,1426.3499755859375,-0.5064324940933236,0.7060956393790612
2022-10-10,LT,LT,1905,-0.25125985533546585,0.28936329202369837
2022-10-10,RELIANCE,RELIANCE,1109.9071044921875,0.7163598577662849,-0.540205686403274
2022-10-10,TCS,TCS,3010,-0.631260098175353,0.9976637565853945
2022-10-11,HDFCBANK,HDFCBANK,700.54998779296875,3.296624155947506,-1.457829634350607
2022-10-11,INFOSYS,INFOSYS,1462.6500244140625,-0.5210405933752956,0.7361394312485867
2022-10-11,LT,LT,1923.800048828125,-0.23970787644743546,0.2740525464586945
2022-10-11,RELIANCE,RELIANCE,1114.060546875,0.7268361708207763,-0.5462909312140978
2022-10-11,TCS,TCS,3100,-0.6406256300403226,1.0233906205877386
2022-10-12,HDFCBANK,HDFCBANK,701.5999755859375,3.4184722176066944,-1.4857939842129593
2022-10-12,INFOSYS,INFOSYS,1437,-0.5117606293765222,0.716949479818747
2022-10-12,LT,LT,1880,-0.23563829787234042,0.2687141697449702
2022-10-12,RELIANCE,RELIANCE,1085.4476318359375,0.7320043315402958,-0.5492793110264325
2022-10-12,TCS,TCS,3084.89990234375,-0.6481417011257741,1.0445267444494784
2022-10-13,HDFCBANK,HDFCBANK,701.0250244140625,3.400556035673906,-1.4817309046840483
2022-10-13,INFOSYS,INFOSYS,1431,-0.5101152869223882,0.713585194993458
2022-10-13,LT,LT,1901,-0.24723829563387692,0.2840065629319781
2022-10-13,RELIANCE,RELIANCE,1094.4007568359375,0.737023652556721,-0.5521731040670765
2022-10-13,TCS,TCS,3100.75,-0.647052888225127,1.041437058274087
2022-10-14,HDFCBANK,HDFCBANK,708.5,3.376499647141849,-1.476249237564704
2022-10-14,INFOSYS,INFOSYS,1485,-0.5228956228956229,0.7400199921060651
2022-10-14,LT,LT,1900,-0.21842105263157896,0.24643911391773177
2022-10-14,RELIANCE,RELIANCE,1114.5220947265625,0.7047665622691375,-0.5334281877368152
2022-10-14,TCS,TCS,3145,-0.6456209555718402,1.0373881917168237
2022-10-17,HDFCBANK,HDFCBANK,717.5,3.3832752613240418,-1.477796221500764
2022-10-17,INFOSYS,INFOSYS,1476.9000244140625,-0.5141851255066117,0.7219276443291012
2022-10-17,LT,LT,1902.9000244140625,-0.22386882891084786,0.2534337381750076
2022-10-17,RELIANCE,RELIANCE,1086.8321533203125,0.7508683549714944,-0.5601118677083567
2022-10-17,TCS,TCS,3072.64990234375,-0.6462883218516692,1.0392731662155832
2022-10-18,HDFCBANK,HDFCBANK,729.0250244140625,3.2147385884501336,-1.438587570183003
2022-10-18,INFOSYS,INFOSYS,1510,-0.5172019705867136,0.7281568713468616
2022-10-18,LT,LT,1893.0999755859375,-0.2023664785412949,0.22610603331055312
2022-10-18,RELIANCE,RELIANCE,1117.7525634765625,0.6936664136987531,-0.5268956545823755
2022-10-18,TCS,TCS,3150,-0.6451579163566469,1.0360824232825303
2022-10-19,HDFCBANK,HDFCBANK,732,3.30327868852459,-1.4593772178583668
2022-10-19,INFOSYS,INFOSYS,1504,-0.5132978723404256,0.7201029905484742
2022-10-19,LT,LT,1920,-0.21666666666666667,0.24419696051204198
2022-10-19,RELIANCE,RELIANCE,1132.7513427734375,0.6949880591613836,-0.527675696065053
2022-10-19,TCS,TCS,3159,-0.6414209108029637,1.025606031845311
2022-10-20,HDFCBANK,HDFCBANK,722,3.3753462603878117,-1.4759856619092595
2022-10-20,INFOSYS,INFOSYS,1475,-0.5105084745762711,0.7143881298810939
2022-10-20,LT,LT,1898.6500244140625,-0.22313223551813033,0.25248513038000997
2022-10-20,RELIANCE,RELIANCE,1146.8271484375,0.6555677348595096,-0.5041439922146838
2022-10-20,TCS,TCS,3105,-0.6306514819847021,0.9960145874283324
2022-10-21,HDFCBANK,HDFCBANK,726,3.2768595041322315,-1.4532189795427826
2022-10-21,INFOSYS,INFOSYS,1500.300048828125,-0.5160967963927788,0.7258703848137458
2022-10-21,LT,LT,1913.699951171875,-0.216021274437824,0.24337339476244146
2022-10-21,RELIANCE,RELIANCE,1157.3031005859375,0.6535857807716726,-0.5029461303956646
2022-10-21,TCS,TCS,3157.800048828125,-0.6335096957720872,1.0037832130451738
2022-10-24,HDFCBANK,HDFCBANK,727.1500244140625,3.3427077532902243,-1.4684980598517718
2022-10-24,INFOSYS,INFOSYS,1518.5,-0.5211392661086187,0.7363454672870828
2022-10-24,LT,LT,1906,-0.20330535152151102,0.2272837997283439
2022-10-24,RELIANCE,RELIANCE,1135.28955078125,0.678866857083627,-0.5181190760133916
2022-10-24,TCS,TCS,3170.10009765625,-0.6418758033474704,1.0268754347197548
2022-10-25,HDFCBANK,HDFCBANK,730.54998779296875,3.339333585143564,-1.4677207845117888
2022-10-25,INFOSYS,INFOSYS,1528.0999755859375,-0.5219226493915456,0.737982738225746
2022-10-25,LT,LT,1915,-0.20203656627366187,0.22569250498027849
2022-10-25,RELIANCE,RELIANCE,1153.2880859375,0.6604697675718288,-0.5071005548467733
2022-10-25,TCS,TCS,3180.5,-0.6373878050817482,1.0144213493508856
2022-10-27,HDFCBANK,HDFCBANK,732.25,3.3434619324001367,-1.4686717104110159
2022-10-27,INFOSYS,INFOSYS,1530.800048828125,-0.5216553588690044,0.7374237997408333
2022-10-27,LT,LT,1952.0999755859375,-0.21581882691810195,0.24311519721380837
2022-10-27,RELIANCE,RELIANCE,1134.3665771484375,0.7208722602645014,-0.5428312903401409
2022-10-27,TCS,TCS,3160.699951171875,-0.6411027320932964,1.0247190932657313
2022-10-28,HDFCBANK,HDFCBANK,725,3.359586139547414,-1.4723771307334
2022-10-28,INFOSYS,INFOSYS,1526,-0.5249017038007864,0.7442335569897276
2022-10-28,LT,LT,1972,-0.22616632860040567,0.25639832331817836
2022-10-28,RELIANCE,RELIANCE,1137.5970458984375,0.7334784817787373,-0.5501300729010499
2022-10-28,TCS,TCS,3150,-0.6388580806671627,1.0184842695581473
2022-10-31,HDFCBANK,HDFCBANK,736,3.279891304347826,-1.4539276130908014
2022-10-31,INFOSYS,INFOSYS,1530.25,-0.5190328377716059,0.7319562810023026
2022-10-31,LT,LT,1986,-0.22948136958710977,0.260691444873939
2022-10-31,RELIANCE,RELIANCE,1172.671142578125,0.6935694312676326,-0.5268383911170691
2022-10-31,TCS,TCS,3199,-0.6334257134797984,1.0035540864614694
2022-11-01,HDFCBANK,HDFCBANK,751.75,3.255404057199867,-1.4481897180808803
2022-11-01,INFOSYS,INFOSYS,1553.050048828125,-0.5159524958212112,0.7255722279520871
2022-11-01,LT,LT,2032,-0.23570371612789123,0.2687997588776474
2022-11-01,RELIANCE,RELIANCE,1199.8995361328125,0.6934751108821875,-0.5267826963163094
2022-11-01,TCS,TCS,3214.5,-0.626722807238198,0.9854339911996783
2022-11-02,HDFCBANK,HDFCBANK,758.5,3.237969676994067,-1.4440843047931544
2022-11-02,INFOSYS,INFOSYS,1572,-0.5174936386768448,0.7287611742005646
2022-11-02,LT,LT,2036.5,-0.22808740486128162,0.2588839540993151
2022-11-02,RELIANCE,RELIANCE,1168.656005859375,0.7426000378121987,-0.5553782725137744
2022-11-02,TCS,TCS,3270,-0.6426128422448395,1.0289356093166067
2022-11-03,HDFCBANK,HDFCBANK,748.8499755859375,3.3666957422832113,-1.4740066000549685
2022-11-03,INFOSYS,INFOSYS,1538.75,-0.5133387648507312,0.7201870136623327
2022-11-03,LT,LT,2006,-0.23292622133599203,0.2651722910232177
2022-11-03,RELIANCE,RELIANCE,1167.525390625,0.7181639184105003,-0.5412562313566376
2022-11-03,TCS,TCS,3228.050048828125,-0.6383186837363797,1.0169917966979956
2022-11-04,HDFCBANK,HDFCBANK,751.5999755859375,3.2949044088400607,-1.4574292988067166
2022-11-04,INFOSYS,INFOSYS,1520.449951171875,-0.5056726628807166,0.7045573554861857
2022-11-04,LT,LT,2010,-0.24355723822294775,0.27912841051041326
2022-11-04,RELIANCE,RELIANCE,1178.6243896484375,0.7053779114477233,-0.5337867351179284
2022-11-04,TCS,TCS,3217,-0.6336262388410203,1.0041012613038331
2022-11-07,HDFCBANK,HDFCBANK,755,3.2609271523178807,-1.4494867779900016
2022-11-07,INFOSYS,INFOSYS,1521.4000244140625,-0.5037465571944015,0.7006685093612788
2022-11-07,LT,LT,2021.4000244140625,-0.24735331649406386,0.28415937310805717
2022-11-07,RELIANCE,RELIANCE,1195.74609375,0.6904926848430798,-0.5250200159414629
2022-11-07,TCS,TCS,3229,-0.6296853224682565,0.9934021549813767
2022-11-09,HDFCBANK,HDFCBANK,757.5250244140625,3.262565454517621,-1.449871198390296
2022-11-09,INFOSYS,INFOSYS,1529,-0.5045617891340337,0.7023126335610836
2022-11-09,LT,LT,2025.050048828125,-0.2449569328497258,0.28098048877683457
2022-11-09,RELIANCE,RELIANCE,1204.653076171875,0.6810234322924679,-0.519402793825142
2022-11-09,TCS,TCS,3249.800048828125,-0.6293147091907172,0.992401849112885
2022-11-10,HDFCBANK,HDFCBANK,748.54998779296875,3.3414602923311287,-1.468210764405364
2022-11-10,INFOSYS,INFOSYS,1485,-0.495925934146149,0.6850320656485245
2022-11-10,LT,LT,1995,-0.2556390977443609,0.2952292780871639
2022-11-10,RELIANCE,RELIANCE,1195.2845458984375,0.6690586411794148,-0.5122597795803845
2022-11-10,TCS,TCS,3170,-0.6229386290541207,0.9753473171277474
2022-11-11,HDFCBANK,HDFCBANK,772.5,3.103559870550162,-1.4118548580994261
2022-11-11,INFOSYS,INFOSYS,1546.6500244140625,-0.5005334188045184,0.6942145876452859
2022-11-11,LT,LT,2003.5999755859375,-0.22806446233771963,0.2588542328811769
2022-11-11,RELIANCE,RELIANCE,1199.8995361328125,0.6698064423321574,-0.5127077169163003
2022-11-11,TCS,TCS,3269.60009765625,-0.6330133654592996,1.0024298497359547
2022-11-14,HDFCBANK,HDFCBANK,806,3.0565758035437347,-1.4003392196113902
2022-11-14,INFOSYS,INFOSYS,1575.1500244140625,-0.48830270926109237,0.6700220578130001
2022-11-14,LT,LT,2013.050048828125,-0.2175306196033135,0.24530048781691338
2022-11-14,RELIANCE,RELIANCE,1214.0906982421875,0.6580722113617253,-0.5056556090588504
2022-11-14,TCS,TCS,3324,-0.634750090781532,1.0071734768976484
2022-11-15,HDFCBANK,HDFCBANK,811.57501220703125,3.0957397036665464,-1.4099473368083553
2022-11-15,INFOSYS,INFOSYS,1577.8499755859375,-0.48564500759607937,0.6648416052134154
2022-11-15,LT,LT,2003,-0.21225662726613206,0.23858291128541875
2022-11-15,RELIANCE,RELIANCE,1210.1910400390625,0.6551105848010139,-0.5038678252076467
2022-11-15,TCS,TCS,3321,-0.6355943872209989,1.0094877109185756
2022-11-16,HDFCBANK,HDFCBANK,809.32501220703125,3.103419454371767,-1.411820639375862
2022-11-16,INFOSYS,INFOSYS,1597.1500244140625,-0.4932692609738125,0.6797755032008226
2022-11-16,LT,LT,1986,-0.19579555668979734,0.21790175940341072
2022-11-16,RELIANCE,RELIANCE,1204.5145263671875,0.6487970518626874,-0.5000459625422273
2022-11-16,TCS,TCS,3338.89990234375,-0.6392480872152905,1.0195647790976965
2022-11-17,HDFCBANK,HDFCBANK,809.04998779296875,3.1269389440966844,-1.417535956402875
2022-11-17,INFOSYS,INFOSYS,1597.199951171875,-0.4934572924326951,0.6801466398602756
2022-11-17,LT,LT,2002,-0.20219782658747504,0.2258946152571779
2022-11-17,RELIANCE,RELIANCE,1192.9539794921875,0.6781871173707844,-0.5177141139679167
2022-11-17,TCS,TCS,3340,-0.6428281498526385,1.0295382400634976
2022-11-18,HDFCBANK,HDFCBANK,810.5,3.120913016656385,-1.416074744795016
2022-11-18,INFOSYS,INFOSYS,1591.699951171875,-0.49079598865145624,0.6749065345833642
2022-11-18,LT,LT,2039,-0.2193722652418465,0.24765689481535968
2022-11-18,RELIANCE,RELIANCE,1203.0146484375,0.6949087051003866,-0.5276288780841343
2022-11-18,TCS,TCS,3350,-0.6408911497201493,1.0241297323287908
2022-11-21,HDFCBANK,HDFCBANK,803.82501220703125,3.167573724537427,-1.4273340258372507
2022-11-21,INFOSYS,INFOSYS,1582.0999755859375,-0.49192527361658595,0.6771267430417289
2022-11-21,LT,LT,2019,-0.21639426667363174,0.24384927628924835
2022-11-21,RELIANCE,RELIANCE,1194.361572265625,0.6904428666187663,-0.5249905458592581
2022-11-21,TCS,TCS,3322.5,-0.6405232288139578,1.023105718133821
2022-11-22,HDFCBANK,HDFCBANK,800,3.153125,-1.4238610629194737
2022-11-22,INFOSYS,INFOSYS,1569,-0.49012109623964306,0.6735820250651052
2022-11-22,LT,LT,2021.550048828125,-0.22386289624165592,0.25342609430405094
2022-11-22,RELIANCE,RELIANCE,1174.51708984375,0.72117550805247,-0.5430074923043007
2022-11-22,TCS,TCS,3280,-0.6419155213891006,1.0269863466454074
2022-11-23,HDFCBANK,HDFCBANK,802.5,3.087227414330218,-1.4078668463740192
2022-11-23,INFOSYS,INFOSYS,1588.9000244140625,-0.4949336096234643,0.6830653922555365
2022-11-23,LT,LT,2038.949951171875,-0.22072632361532407,0.2493929772419774
2022-11-23,RELIANCE,RELIANCE,1188.362060546875,0.7157649329814232,-0.5398590062403468
2022-11-23,TCS,TCS,3330,-0.6431345163522898,1.0303963647131509
2022-11-24,HDFCBANK,HDFCBANK,802.9749755859375,3.147078179578475,-1.4224040331671999
2022-11-24,INFOSYS,INFOSYS,1589,-0.49466647225554594,0.6825366167294273
2022-11-24,LT,LT,2030.5,-0.2174341295247476,0.24517718058963567
2022-11-24,RELIANCE,RELIANCE,1184.2086181640625,0.714647207303714,-0.539207349429704
2022-11-24,TCS,TCS,3316.25,-0.6429073145377874,1.0297599077553015
2022-11-25,HDFCBANK,HDFCBANK,814.8499755859375,3.0697675637964776,-1.4035858881913716
2022-11-25,INFOSYS,INFOSYS,1631.4000244140625,-0.5005210473264514,0.6941898185710009
2022-11-25,LT,LT,2061,-0.2084424917932739,0.23375274505888033
2022-11-25,RELIANCE,RELIANCE,1194.8231201171875,0.724941512512629,-0.5451931441187288
2022-11-25,TCS,TCS,3383,-0.6468155128237696,1.040764732008979
2022-11-28,HDFCBANK,HDFCBANK,801.45001220703125,3.2210991933032758,-1.4400955664776367
2022-11-28,INFOSYS,INFOSYS,1628,-0.5077088377106688,0.7086849442594128
2022-11-28,LT,LT,2064.35009765625,-0.21137407756158125,0.23746318661244548
2022-11-28,RELIANCE,RELIANCE,1204.0069580078125,0.7145665844589371,-0.5391603282466066
2022-11-28,TCS,TCS,3366,-0.6423033398669601,1.0280699698224272
2022-11-29,HDFCBANK,HDFCBANK,798.625,3.214744091407106,-1.438588875828244
2022-11-29,INFOSYS,INFOSYS,1621.199951171875,-0.5073864889875437,0.7080303657131379
2022-11-29,LT,LT,2070,-0.21681161779136474,0.24438202162376932
2022-11-29,RELIANCE,RELIANCE,1247.8724365234375,0.6588234016667627,-0.5061085568784502
2022-11-29,TCS,TCS,3383,-0.6311343669750407,0.9973228393997449
2022-11-30,HDFCBANK,HDFCBANK,798.54998779296875,3.2364285914648003,-1.4437206009648866
2022-11-30,INFOSYS,INFOSYS,1619.949951171875,-0.5070526794884643,0.7073529655950184
2022-11-30,LT,LT,2053,-0.2109352405397589,0.23690688360809276
2022-11-30,RELIANCE,RELIANCE,1251.818359375,0.6400142917100281,-0.49470495625547084
2022-11-30,TCS,TCS,3383,-0.6299679694428022,0.9941657080172464
2022-12-01,HDFCBANK,HDFCBANK,811,3.1713933415536375,-1.4282501146652962
2022-12-01,INFOSYS,INFOSYS,1656.199951171875,-0.5103248255585554,0.7140130170021637
2022-12-01,LT,LT,2085.25,-0.2057547290867402,0.23036296000414413
2022-12-01,RELIANCE,RELIANCE,1265.3402099609375,0.6479757646082978,-0.4995477254375791
2022-12-01,TCS,TCS,3425,-0.6305576029311132,0.9957604450121833
2022-12-02,HDFCBANK,HDFCBANK,805,3.2546583850931676,-1.4480144732777616
2022-12-02,INFOSYS,INFOSYS,1656,-0.5138888888888888,0.7213180575266414
2022-12-02,LT,LT,2096.10009765625,-0.2099613936129992,0.23567346587080795
2022-12-02,RELIANCE,RELIANCE,1259.89453125,0.6637107675803716,-0.5090505097311206
2022-12-02,TCS,TCS,3458.10009765625,-0.6356685764810851,1.009691321430041
2022-12-05,HDFCBANK,HDFCBANK,804.9749755859375,3.2959100624700977,-1.4576634218082054
2022-12-05,INFOSYS,INFOSYS,1638,-0.5085622859670711,0.7104200737062873
2022-12-05,LT,LT,2095.949951171875,-0.2184927893511144,0.24653090248513454
2022-12-05,RELIANCE,RELIANCE,1251.5875244140625,0.6746331441367677,-0.515594122863182
2022-12-05,TCS,TCS,3433,-0.6354245486705323,1.0090217494227236
2022-12-06,HDFCBANK,HDFCBANK,800.5,3.2885696439725174,-1.4559532610209223
2022-12-06,INFOSYS,INFOSYS,1625,-0.5073846153846154,0.7080265623270687
2022-12-06,LT,LT,2081,-0.21912542047092745,0.2473407316297962
2022-12-06,RELIANCE,RELIANCE,1229.9432373046875,0.6919479996168999,-0.5258805276248211
2022-12-06,TCS,TCS,3400.050048828125,-0.6382573139684797,1.016822131970664
2022-12-07,HDFCBANK,HDFCBANK,807.07501220703125,3.2128054981287697,-1.4381288148598843
2022-12-07,INFOSYS,INFOSYS,1608,-0.4980876789757268,0.6893298338593192
2022-12-07,LT,LT,2096.300048828125,-0.23293423529761154,0.26518273852345153
2022-12-07,RELIANCE,RELIANCE,1239.1270751953125,0.6917555033632883,-0.525766749184335
2022-12-07,TCS,TCS,3368.300048828125,-0.6321209342301851,1.000001020447943
2022-12-08,HDFCBANK,HDFCBANK,805,3.184223663140528,-1.4313211821074079
2022-12-08,INFOSYS,INFOSYS,1605.5,-0.49859856742447833,0.6903482361110047
2022-12-08,LT,LT,2120,-0.242688679245283,0.2779808541364899
2022-12-08,RELIANCE,RELIANCE,1227.589599609375,0.726961519285105,-0.5463635170894916
2022-12-08,TCS,TCS,3360,-0.6346459524972098,1.0068884023806826
2022-12-09,HDFCBANK,HDFCBANK,813,3.132841328413284,-1.418965143409439
2022-12-09,INFOSYS,INFOSYS,1628,-0.5006142506142506,0.6943764370146752
2022-12-09,LT,LT,2168,-0.24907749077490776,0.28645281599705186
2022-12-09,RELIANCE,RELIANCE,1221.1285400390625,0.7754068707055591,-0.5740296195925261
2022-12-09,TCS,TCS,3374.10009765625,-0.6380876367932017,1.0163531870539781
2022-12-12,HDFCBANK,HDFCBANK,812.5,3.152738581730769,-1.4237680158170969
2022-12-12,INFOSYS,INFOSYS,1550,-0.47580645161290325,0.6458942957094003
2022-12-12,LT,LT,2148.89990234375,-0.2787006978270813,0.32670110693045906
2022-12-12,RELIANCE,RELIANCE,1193.2078857421875,0.8009434299096274,-0.5883106553227275
2022-12-12,TCS,TCS,3255.5,-0.6334793777477538,1.0037004911558922
2022-12-13,HDFCBANK,HDFCBANK,825,2.9460606060606063,-1.3727177663422356
2022-12-13,INFOSYS,INFOSYS,1547.199951171875,-0.46677868017308866,0.6288187068053226
2022-12-13,LT,LT,2170,-0.28700463079637095,0.33828035339450224
2022-12-13,RELIANCE,RELIANCE,1205.9451904296875,0.7994184289808498,-0.587463517685042
2022-12-13,TCS,TCS,3277.199951171875,-0.6320196483591242,0.9997257345188535
2022-12-14,HDFCBANK,HDFCBANK,826.5,2.9651542058945854,-1.3775447461072385
2022-12-14,INFOSYS,INFOSYS,1582,-0.4775600505689001,0.6492452310665202
2022-12-14,LT,LT,2176.949951171875,-0.2732951902966842,0.3192349228272793
2022-12-14,RELIANCE,RELIANCE,1217.2750244140625,0.788379706730411,-0.5813100181484749
2022-12-14,TCS,TCS,3348.800048828125,-0.636504118888784,1.011987313266114
2022-12-15,HDFCBANK,HDFCBANK,828.5250244140625,3.041881596993905,-1.3967103253791704
2022-12-15,INFOSYS,INFOSYS,1569.300048828125,-0.47204167550191334,0.6387379292659174
2022-12-15,LT,LT,2196.699951171875,-0.28561019542475546,0.33632652083293113
2022-12-15,RELIANCE,RELIANCE,1201.0533447265625,0.8289778391749836,-0.6037572529739155
2022-12-15,TCS,TCS,3358.800048828125,-0.642415944007859,1.0283848228285004
2022-12-16,HDFCBANK,HDFCBANK,810.0250244140625,3.1465386223811262,-1.4222739193191671
2022-12-16,INFOSYS,INFOSYS,1525,-0.46883604956454916,0.6326845475138994
2022-12-16,LT,LT,2161,-0.2943081906524757,0.3485766674653732
2022-12-16,RELIANCE,RELIANCE,1186.51611328125,0.821298485381597,-0.5995497002081107
2022-12-16,TCS,TCS,3275,-0.6377050035782442,1.0152964917705773
2022-12-19,HDFCBANK,HDFCBANK,822,2.9841849148418493,-1.3823327530131726
2022-12-19,INFOSYS,INFOSYS,1507.949951171875,-0.45488907018353086,0.606765964082892
2022-12-19,LT,LT,2171,-0.305412274909316,0.3644368107392202
2022-12-19,RELIANCE,RELIANCE,1191.131103515625,0.8226373180855496,-0.6002845280626108
2022-12-19,TCS,TCS,3227,-0.6308859301160133,0.9966495502362802
2022-12-20,HDFCBANK,HDFCBANK,810.0999755859375,2.983458952292823,-1.3821505253526132
2022-12-20,INFOSYS,INFOSYS,1501,-0.4602931541732595,0.6167291649341138
2022-12-20,LT,LT,2179.89990234375,-0.3114362735710118,0.37314740673940694
2022-12-20,RELIANCE,RELIANCE,1192.469482421875,0.828055086086085,-0.6032526071983169
2022-12-20,TCS,TCS,3198.89990234375,-0.6272251340067928,0.986780617989619
2022-12-21,HDFCBANK,HDFCBANK,820.5,2.898720173484156,-1.3606483386340251
2022-12-21,INFOSYS,INFOSYS,1515,-0.45841584158415843,0.6132568074133236
2022-12-21,LT,LT,2153.10009765625,-0.2963634149433423,0.35149327051678014
2022-12-21,RELIANCE,RELIANCE,1209.591064453125,0.7800231507411971,-0.5766263702537966
2022-12-21,TCS,TCS,3249,-0.6277035812701985,0.9880649174626477
2022-12-22,HDFCBANK,HDFCBANK,811.0999755859375,3.0056714311363737,-1.387711214692743
2022-12-22,INFOSYS,INFOSYS,1521.5,-0.4669076729635639,0.6290606483606682
2022-12-22,LT,LT,2144,-0.29034514925373134,0.342976552853667
2022-12-22,RELIANCE,RELIANCE,1198.9765625,0.7881917520802246,-0.5812049148938501
2022-12-22,TCS,TCS,3294,-0.6360119725258045,1.0106343034407423
2022-12-23,HDFCBANK,HDFCBANK,793.5,3.1512287334593574,-1.423404370771121
2022-12-23,INFOSYS,INFOSYS,1508.699951171875,-0.4740504900370329,0.6425500595151945
2022-12-23,LT,LT,2094.5,-0.2796849123075316,0.3280665409054313
2022-12-23,RELIANCE,RELIANCE,1182.9625244140625,0.7705548204389945,-0.5712929553432202
2022-12-23,TCS,TCS,3217,-0.632277735649965,1.0004273421951568
2022-12-26,HDFCBANK,HDFCBANK,799.75,3.0225070334479525,-1.3919053484093986
2022-12-26,INFOSYS,INFOSYS,1500.5,-0.4670109963345552,0.6292544860507938
2022-12-26,LT,LT,2052.75,-0.2690293508707831,0.3133819717084769
2022-12-26,RELIANCE,RELIANCE,1160.5567626953125,0.7687631195501637,-0.5702804997954223
2022-12-26,TCS,TCS,3228.35009765625,-0.6405108716251483,1.0230713432383824
2022-12-27,HDFCBANK,HDFCBANK,816.5,2.9538886682868952,-1.374699567621339
2022-12-27,INFOSYS,INFOSYS,1509.949951171875,-0.4592536001830307,0.6148048719298576
2022-12-27,LT,LT,2101.550048828125,-0.2815065470299603,0.3305986855852412
2022-12-27,RELIANCE,RELIANCE,1167.5946044921875,0.799897019687013,-0.5877294519804988
2022-12-27,TCS,TCS,3269.199951171875,-0.6428500483509269,1.0295995527610522
2022-12-28,HDFCBANK,HDFCBANK,811.54998779296875,3.028340829703601,-1.3933545863967183
2022-12-28,INFOSYS,INFOSYS,1505.0999755859375,-0.46079994621152576,0.6176686196279721
2022-12-28,LT,LT,2129,-0.2930483909882868,0.34679306095605344
2022-12-28,RELIANCE,RELIANCE,1171.28662109375,0.817659283098389,-0.597549565154079
2022-12-28,TCS,TCS,3249.800048828125,-0.6395819424286996,1.0204906502542395
2022-12-29,HDFCBANK,HDFCBANK,810.04998779296875,3.0118512410356377,-1.3892527909066912
2022-12-29,INFOSYS,INFOSYS,1504,-0.46140293364829205,0.6187875454228369
2022-12-29,LT,LT,2109.64990234375,-0.28708550251437137,0.3383937851337393
2022-12-29,RELIANCE,RELIANCE,1166.2100830078125,0.8089793023420613,-0.5927627648563059
2022-12-29,TCS,TCS,3231.10009765625,-0.6390671759585075,1.0190634209523992
2022-12-30,HDFCBANK,HDFCBANK,822.5,2.928389176481763,-1.368229463100091
2022-12-30,INFOSYS,INFOSYS,1528,-0.4617146596858639,0.6193664870869391
2022-12-30,LT,LT,2115,-0.27754137115839245,0.325095121753912
2022-12-30,RELIANCE,RELIANCE,1174.563232421875,0.8006693395629317,-0.5881584510938067
2022-12-30,TCS,TCS,3286.050048828125,-0.6425607598883806,1.0287898890222618
2023-01-02,HDFCBANK,HDFCBANK,813.5,3.0393977244353105,-1.3960956027497406
2023-01-02,INFOSYS,INFOSYS,1514,-0.46268163804491413,0.6211645073383014
2023-01-02,LT,LT,2092.89990234375,-0.2766018105765424,0.3237954623378032
2023-01-02,RELIANCE,RELIANCE,1176.8245849609375,0.7784297924173804,-0.5757308358989768
2023-01-02,TCS,TCS,3261,-0.6391215624161491,1.0192141153530985
2023-01-03,HDFCBANK,HDFCBANK,811.0999755859375,3.0204661547970804,-1.3913978548129613
2023-01-03,INFOSYS,INFOSYS,1519.8499755859375,-0.4663289215284294,0.6279755877203623
2023-01-03,LT,LT,2088,-0.2721025021140146,0.3175950403058092
2023-01-03,RELIANCE,RELIANCE,1183.7701416015625,0.7638559434985195,-0.5675022895664785
2023-01-03,TCS,TCS,3252,-0.6359870413279328,1.0105658112316505
2023-01-04,HDFCBANK,HDFCBANK,817.5,2.977981651376147,-1.3807745678962924
2023-01-04,INFOSYS,INFOSYS,1521,-0.4625246548323471,0.620872389487884
2023-01-04,LT,LT,2090.949951171875,-0.2725794325456934,0.3182504715274934
2023-01-04,RELIANCE,RELIANCE,1180.0550537109375,0.7719088144205071,-0.5720573917281833
2023-01-04,TCS,TCS,3306.699951171875,-0.6431321041714919,1.0303896053801367
2023-01-05,HDFCBANK,HDFCBANK,807.5,3.094984459655573,-1.409762922341928
2023-01-05,INFOSYS,INFOSYS,1505.9000244140625,-0.4637758238205794,0.6232029662082352
2023-01-05,LT,LT,2080,-0.2760096036470853,0.322977151390317
2023-01-05,RELIANCE,RELIANCE,1164.5948486328125,0.7860288515287839,-0.5799946365952637
2023-01-05,TCS,TCS,3330.199951171875,-0.6502928155340945,1.050659090468697
2023-01-06,HDFCBANK,HDFCBANK,801,3.157552997717697,-1.4249266795004374
2023-01-06,INFOSYS,INFOSYS,1470,-0.45510204081632655,0.6071567327044223
2023-01-06,LT,LT,2090.199951171875,-0.29671800098557966,0.3519973310271176
2023-01-06,RELIANCE,RELIANCE,1166.048583984375,0.7925496243301331,-0.5836389775324955
2023-01-06,TCS,TCS,3300,-0.6466519442471591,1.0403017141871675
2023-01-09,HDFCBANK,HDFCBANK,798,3.1353383458646618,-1.4195691500047625
2023-01-09,INFOSYS,INFOSYS,1448.199951171875,-0.44897111800462153,0.5959680537884866
2023-01-09,LT,LT,2108,-0.3129981256300403,0.3754182584229575
2023-01-09,RELIANCE,RELIANCE,1174.655517578125,0.794568678608194,-0.5847647025968898
2023-01-09,TCS,TCS,3229,-0.6362169347853438,1.0111975636939112
2023-01-10,HDFCBANK,HDFCBANK,800,3.03625,-1.3953160430903475
2023-01-10,INFOSYS,INFOSYS,1482,-0.4601889338731444,0.6165360781881049
2023-01-10,LT,LT,2131.89990234375,-0.3048454111889909,0.36362102820731934
2023-01-10,RELIANCE,RELIANCE,1202.6685791015625,0.7726412241819416,-0.5724706513881577
2023-01-10,TCS,TCS,3285,-0.6338908435002854,1.004823748243517
2023-01-11,HDFCBANK,HDFCBANK,783.9749755859375,3.1901847664777994,-1.4327448299732097
2023-01-11,INFOSYS,INFOSYS,1470,-0.4666836900775935,0.6286405788272811
2023-01-11,LT,LT,2106.10009765625,-0.30202747645476435,0.3595755415429416
2023-01-11,RELIANCE,RELIANCE,1177.9783935546875,0.7878936567765448,-0.5810381989067919
2023-01-11,TCS,TCS,3290.10009765625,-0.6419627492811427,1.0271182457071895
2023-01-12,HDFCBANK,HDFCBANK,793.9000244140625,3.1442247090047726,-1.4217157286329911
2023-01-12,INFOSYS,INFOSYS,1481.949951171875,-0.4642868851365232,0.6241564946635592
2023-01-12,LT,LT,2118.10009765625,-0.30033998260436173,0.35716075135885195
2023-01-12,RELIANCE,RELIANCE,1165.2178955078125,0.817771685297678,-0.5976114022239081
2023-01-12,TCS,TCS,3329,-0.6499796048339403,1.0497638542933911
2023-01-13,HDFCBANK,HDFCBANK,799.375,3.1645035183737296,-1.4265970652419169
2023-01-13,INFOSYS,INFOSYS,1483.5,-0.46115604988203573,0.618329267397769
2023-01-13,LT,LT,2161.89990234375,-0.3137980170165538,0.3765832587580489
2023-01-13,RELIANCE,RELIANCE,1134.5511474609375,0.9055111857953358,-0.6447503115823707
2023-01-13,TCS,TCS,3342.89990234375,-0.6606086988529064,1.080601556601529
2023-01-16,HDFCBANK,HDFCBANK,807.5,3.1398141205495356,-1.4206508884112719
2023-01-16,INFOSYS,INFOSYS,1510,-0.4652317880794702,0.6259218747121587
2023-01-16,LT,LT,2147,-0.2966930600838379,0.3519618680698109
2023-01-16,RELIANCE,RELIANCE,1141.150634765625,0.8814343475705652,-0.6320344367782278
2023-01-16,TCS,TCS,3317,-0.6559690579542885,1.0670236778464988
2023-01-17,HDFCBANK,HDFCBANK,794.9000244140625,3.172851802898145,-1.4285996876546099
2023-01-17,INFOSYS,INFOSYS,1527,-0.47943678820297153,0.6528439539261903
2023-01-17,LT,LT,2139.89990234375,-0.28641522048412843,0.3374540270975741
2023-01-17,RELIANCE,RELIANCE,1134.3665771484375,0.8864271439687644,-0.6346846399938633
2023-01-17,TCS,TCS,3330,-0.6593493762317004,1.0768978906521456
2023-01-18,HDFCBANK,HDFCBANK,802.5,3.149532710280374,-1.422995727970318
2023-01-18,INFOSYS,INFOSYS,1544.75,-0.48049846253439066,0.6548855089369177
2023-01-18,LT,LT,2221,-0.3044799639801891,0.3630954599533389
2023-01-18,RELIANCE,RELIANCE,1141.5198974609375,0.9456515869238293,-0.6655969270988891
2023-01-18,TCS,TCS,3380,-0.6622722196861132,1.0855150916815264
2023-01-19,HDFCBANK,HDFCBANK,818.5,3.129505192425168,-1.4181575916658753
2023-01-19,INFOSYS,INFOSYS,1539.9000244140625,-0.4684719871269291,0.6319993772774941
2023-01-19,LT,LT,2259.85009765625,-0.31858311044120435,0.38358098750713143
2023-01-19,RELIANCE,RELIANCE,1141.242919921875,0.9801657107418905,-0.683180533498323
2023-01-19,TCS,TCS,3380,-0.6623541657035873,1.0857577603795727
2023-01-20,HDFCBANK,HDFCBANK,822.04998779296875,3.1116721004699346,-1.4138297828696782
2023-01-20,INFOSYS,INFOSYS,1538,-0.4655071600825951,0.6264369444582023
2023-01-20,LT,LT,2282.449951171875,-0.3261626616564596,0.39476653496570435
2023-01-20,RELIANCE,RELIANCE,1142.2120361328125,0.9982716684544546,-0.6922826411806771
2023-01-20,TCS,TCS,3365,-0.6605610590987184,1.0804611982282122
2023-01-23,HDFCBANK,HDFCBANK,833.125,3.0390097524381097,-1.395999551145855
2023-01-23,INFOSYS,INFOSYS,1535,-0.4572475570032573,0.6111019690883239
2023-01-23,LT,LT,2255,-0.31929046563192903,0.3846195919154818
2023-01-23,RELIANCE,RELIANCE,1130.213134765625,0.9951988971245009,-0.6907437431790981
2023-01-23,TCS,TCS,3388,-0.6664069850160493,1.0978335470142646
2023-01-24,HDFCBANK,HDFCBANK,837.5250244140625,3.045252262605843,-1.3975439126217308
2023-01-24,INFOSYS,INFOSYS,1560,-0.4631249843499599,0.6219899570933682
2023-01-24,LT,LT,2244.699951171875,-0.3050296102222564,0.36388603896128835
2023-01-24,RELIANCE,RELIANCE,1126.0595703125,0.993411370367319,-0.6898474275418334
2023-01-24,TCS,TCS,3425,-0.671223483120438,1.1123770390332872
2023-01-25,HDFCBANK,HDFCBANK,845.70001220703125,3.0498994330882714,-1.3986920494739152
2023-01-25,INFOSYS,INFOSYS,1547,-0.45332901602648273,0.603908149350656
2023-01-25,LT,LT,2201,-0.2971376646978646,0.3525942309533958
2023-01-25,RELIANCE,RELIANCE,1113.3453369140625,0.9769247932547742,-0.6815425026226096
2023-01-25,TCS,TCS,3425.300048828125,-0.6749641429821706,1.123819773452598
2023-01-27,HDFCBANK,HDFCBANK,816,3.1976716284658395,-1.4345299973923433
2023-01-27,INFOSYS,INFOSYS,1546,-0.4721862871927555,0.63901187418326
2023-01-27,LT,LT,2174.699951171875,-0.2890973307987105,0.3412197513747648
2023-01-27,RELIANCE,RELIANCE,1100.4002685546875,0.9762808255474332,-0.6812167074198632
2023-01-27,TCS,TCS,3426,-0.6788090284428816,1.1357194057817974
2023-01-30,HDFCBANK,HDFCBANK,797.5,3.295924764890282,-1.4576668442250664
2023-01-30,INFOSYS,INFOSYS,1528.800048828125,-0.47834904858139576,0.6507565902059209
2023-01-30,LT,LT,2129.39990234375,-0.2820512261950268,0.3313570581546612
2023-01-30,RELIANCE,RELIANCE,1076.0792236328125,0.9788504931402329,-0.6825161170967178
2023-01-30,TCS,TCS,3420,-0.6853569521541484,1.1563164641337869
2023-01-31,HDFCBANK,HDFCBANK,809.8499755859375,3.223004387356539,-1.440546814870646
2023-01-31,INFOSYS,INFOSYS,1548.9000244140625,-0.47714509469886685,0.6484512811299021
2023-01-31,LT,LT,2119.949951171875,-0.26936953225812954,0.3138474631336843
2023-01-31,RELIANCE,RELIANCE,1099.2926025390625,0.9284674037425302,-0.6567255961341507
2023-01-31,TCS,TCS,3449,-0.6812720781272652,1.143417449621401
2023-02-01,HDFCBANK,HDFCBANK,812,3.247536945812808,-1.4463392727751634
2023-02-01,INFOSYS,INFOSYS,1542.199951171875,-0.47347942827842543,0.6414648755758376
2023-02-01,LT,LT,2133,-0.2769808011383615,0.32431950273383503
2023-02-01,RELIANCE,RELIANCE,1098.3465576171875,0.9420100014948339,-0.6637235199561982
2023-02-01,TCS,TCS,3363,-0.6734027482553709,1.1190275132251175
2023-02-02,HDFCBANK,HDFCBANK,804.04998779296875,3.182575773965342,-1.430927270622167
2023-02-02,INFOSYS,INFOSYS,1552,-0.4819265542571078,0.6576382596250614
2023-02-02,LT,LT,2135.60009765625,-0.27327218157403704,0.3192032616106468
2023-02-02,RELIANCE,RELIANCE,1069.756591796875,0.996342078219002,-0.6913165450783243
2023-02-02,TCS,TCS,3427,-0.6878445894960972,1.164254104599121
2023-02-03,HDFCBANK,HDFCBANK,805.5,3.254500310366232,-1.4479773192575793
2023-02-03,INFOSYS,INFOSYS,1597.5,-0.49577464788732395,0.684731983634661
2023-02-03,LT,LT,2176.949951171875,-0.2661751368514242,0.3094848849031884
2023-02-03,RELIANCE,RELIANCE,1084.0631103515625,1.0081394988764893,-0.6972086709684833
2023-02-03,TCS,TCS,3504,-0.6906212584613121,1.1731890518698869
2023-02-06,HDFCBANK,HDFCBANK,830,3.221686746987952,-1.4402347512656384
2023-02-06,INFOSYS,INFOSYS,1598,-0.4806007509386733,0.6550824255355767
2023-02-06,LT,LT,2164.25,-0.2616379808247661,0.303321033769663
2023-02-06,RELIANCE,RELIANCE,1068.3720703125,1.0257455807197904,-0.7059378208037028
2023-02-06,TCS,TCS,3473.14990234375,-0.6923910282157584,1.1789258747270974
2023-02-07,HDFCBANK,HDFCBANK,829.70001220703125,3.1860309162887064,-1.431753009636454
2023-02-07,INFOSYS,INFOSYS,1569,-0.4711918341574052,0.6371295483502086
2023-02-07,LT,LT,2162.25,-0.2743669788414846,0.32071087245358854
2023-02-07,RELIANCE,RELIANCE,1066.9876708984375,1.0264995172618225,-0.706309928873428
2023-02-07,TCS,TCS,3468.89990234375,-0.692413243121391,1.1789980953378976
2023-02-08,HDFCBANK,HDFCBANK,827.125,3.1939246212407437,-1.433636959318867
2023-02-08,INFOSYS,INFOSYS,1565.5,-0.4716544235068668,0.6380047084342371
2023-02-08,LT,LT,2160.550048828125,-0.2754159984171059,0.32215757972861603
2023-02-08,RELIANCE,RELIANCE,1067.4490966796875,1.0240309870967528,-0.705091061138436
2023-02-08,TCS,TCS,3478.050048828125,-0.6930897825810908,1.1812000255713961
2023-02-09,HDFCBANK,HDFCBANK,830,3.1904217455760544,-1.4328013841373934
2023-02-09,INFOSYS,INFOSYS,1596.199951171875,-0.4800150198033507,0.6539553520610353
2023-02-09,LT,LT,2150,-0.257581418059593,0.2978420682700298
2023-02-09,RELIANCE,RELIANCE,1086.1168212890625,0.9795292346621269,-0.682859056165336
2023-02-09,TCS,TCS,3515,-0.691005171752756,1.1744307392883933
2023-02-10,HDFCBANK,HDFCBANK,824.4000244140625,3.263706812112561,-1.4501389256141213
2023-02-10,INFOSYS,INFOSYS,1612.949951171875,-0.48888679167316895,0.6711641706014406
2023-02-10,LT,LT,2140.199951171875,-0.24635548641672578,0.28283448954606705
2023-02-10,RELIANCE,RELIANCE,1086.7860107421875,0.9692928782827177,-0.6776745332795553
2023-02-10,TCS,TCS,3520,-0.6912539742209695,1.175236263093546
2023-02-13,HDFCBANK,HDFCBANK,827.5,3.2537764350453173,-1.4478071613409247
2023-02-13,INFOSYS,INFOSYS,1597,-0.48184095178459613,0.6574730409637946
2023-02-13,LT,LT,2173,-0.2650713299585826,0.30798183204141694
2023-02-13,RELIANCE,RELIANCE,1080.001953125,1.0120333983771008,-0.6991458516907256
2023-02-13,TCS,TCS,3549,-0.695688376127078,1.189703024080793
2023-02-14,HDFCBANK,HDFCBANK,832.5,3.263063063063063,-1.449987930791898
2023-02-14,INFOSYS,INFOSYS,1584.699951171875,-0.4746639580670323,0.6437171412819431
2023-02-14,LT,LT,2215,-0.28455984145739277,0.334857319342694
2023-02-14,RELIANCE,RELIANCE,1075.2716064453125,1.059944656515631,-0.7226791166714879
2023-02-14,TCS,TCS,3505,-0.6932178012994828,1.1816172336609414
2023-02-15,HDFCBANK,HDFCBANK,839,3.1775923718712753,-1.4297350930014838
2023-02-15,INFOSYS,INFOSYS,1584,-0.4703282828282828,0.6354978659071655
2023-02-15,LT,LT,2186,-0.2753888380603843,0.3221200963621129
2023-02-15,RELIANCE,RELIANCE,1096.5235595703125,0.9935732168459869,-0.6899286149531294
2023-02-15,TCS,TCS,3487,-0.685539558482847,1.156896992892296
2023-02-16,HDFCBANK,HDFCBANK,836.5999755859375,3.16806132172999,-1.427451016850033
2023-02-16,INFOSYS,INFOSYS,1600,-0.4771250152587891,0.6484128784022545
2023-02-16,LT,LT,2186.800048828125,-0.2683373128432948,0.31243568112154474
2023-02-16,RELIANCE,RELIANCE,1130.4207763671875,0.9345009350021009,-0.659849378488425
2023-02-16,TCS,TCS,3527.199951171875,-0.6795132705783756,1.1379144093394258
2023-02-17,HDFCBANK,HDFCBANK,830.5,3.2470800134519866,-1.4462316911470685
2023-02-17,INFOSYS,INFOSYS,1594,-0.4789836888331242,0.651973930296811
2023-02-17,LT,LT,2169.800048828125,-0.26537009672347717,0.30838843954170336
2023-02-17,RELIANCE,RELIANCE,1116.82958984375,0.9428210611179193,-0.6641410720308167
2023-02-17,TCS,TCS,3526.14990234375,-0.683272231534621,1.1497126486201408
2023-02-20,HDFCBANK,HDFCBANK,830,3.248373376317771,-1.4465361746905447
2023-02-20,INFOSYS,INFOSYS,1584.949951171875,-0.47632415813110224,0.6468824084744753
2023-02-20,LT,LT,2233.699951171875,-0.2904373972250139,0.3431065512146416
2023-02-20,RELIANCE,RELIANCE,1128.3670654296875,0.9795862708216068,-0.6828878687419859
2023-02-20,TCS,TCS,3502,-0.6777935278613114,1.1325627211080223
2023-02-21,HDFCBANK,HDFCBANK,820,3.270731707317073,-1.4517851725874982
2023-02-21,INFOSYS,INFOSYS,1598.699951171875,-0.4870832394790995,0.6676417071701533
2023-02-21,LT,LT,2239,-0.28597590389822464,0.3368385691703031
2023-02-21,RELIANCE,RELIANCE,1118.6756591796875,1.0014737798459241,-0.6938837991128333
2023-02-21,TCS,TCS,3494,-0.6798295194105073,1.138901673208081
2023-02-22,HDFCBANK,HDFCBANK,819.5,3.263575350823673,-1.450108092510118
2023-02-22,INFOSYS,INFOSYS,1563,-0.47568777991042865,0.6456679322375924
2023-02-22,LT,LT,2229,-0.29878869448183043,0.35494600296439227
2023-02-22,RELIANCE,RELIANCE,1119.5755615234375,0.9909330612459403,-0.6886034038468267
2023-02-22,TCS,TCS,3414.949951171875,-0.6721546208490571,1.1152131867718866
2023-02-23,HDFCBANK,HDFCBANK,806.5,3.2342838824201796,-1.4432142187456654
2023-02-23,INFOSYS,INFOSYS,1569.8499755859375,-0.4862566407347438,0.6660314392596014
2023-02-23,LT,LT,2204,-0.2877268713312443,0.3392938334479396
2023-02-23,RELIANCE,RELIANCE,1097.4466552734375,1.0082980702609696,-0.6972876321781776
2023-02-23,TCS,TCS,3421,-0.6792029654272326,1.1369466468829783
2023-02-24,HDFCBANK,HDFCBANK,808.95001220703125,3.2289386839448833,-1.44195105943629
2023-02-24,INFOSYS,INFOSYS,1560,-0.48144229986728765,0.6567039747022676
2023-02-24,LT,LT,2160,-0.2777777777777778,0.32542240043462733
2023-02-24,RELIANCE,RELIANCE,1094.6776123046875,0.9731836804924038,-0.6796483197636798
2023-02-24,TCS,TCS,3422.5,-0.6801526333660519,1.1399113762480733
2023-02-27,HDFCBANK,HDFCBANK,792.95001220703125,3.3161611038684486,-1.4623663738235413
2023-02-27,INFOSYS,INFOSYS,1540,-0.4850973946707589,0.663777512068612
2023-02-27,LT,LT,2134.050048828125,-0.27836743995499863,0.326239189238108
2023-02-27,RELIANCE,RELIANCE,1099.2926025390625,0.9412939229273974,-0.6633547213303421
2023-02-27,TCS,TCS,3390,-0.6757248960061762,1.1261630370590563
2023-02-28,HDFCBANK,HDFCBANK,796,3.258793969849246,-1.4489860145301137
2023-02-28,INFOSYS,INFOSYS,1515.5999755859375,-0.4747954520834147,0.6439674771915493
2023-02-28,LT,LT,2115,-0.2834042668624409,0.33324342844444566
2023-02-28,RELIANCE,RELIANCE,1087.3397216796875,0.9451142617440811,-0.6653207217428925
2023-02-28,TCS,TCS,3328.5,-0.6733244038817222,1.118787661303272
2023-03-01,HDFCBANK,HDFCBANK,806,3.129652605459057,-1.4181932885341295
2023-03-01,INFOSYS,INFOSYS,1492.4000244140625,-0.45993032242381054,0.6160571151993013
2023-03-01,LT,LT,2100,-0.2893333217075893,0.3415517660055851
2023-03-01,RELIANCE,RELIANCE,1081.755615234375,0.9412887443574863,-0.663352053740053
2023-03-01,TCS,TCS,3323,-0.6744641543080424,1.1222826983831338
2023-03-02,HDFCBANK,HDFCBANK,797,3.1693851944792972,-1.42776858956438
2023-03-02,INFOSYS,INFOSYS,1485,-0.4632996632996633,0.6223153724465851
2023-03-02,LT,LT,2129.949951171875,-0.3028005192408538,0.3606837100882032
2023-03-02,RELIANCE,RELIANCE,1078.525146484375,0.974872777064853,-0.6805039796022179
2023-03-02,TCS,TCS,3361,-0.679105877273319,1.1366440460023197
2023-03-03,HDFCBANK,HDFCBANK,798,3.211779448621554,-1.4378852302752962
2023-03-03,INFOSYS,INFOSYS,1486.75,-0.46325878594249204,0.6222392111368942
2023-03-03,LT,LT,2140,-0.3052570093457944,0.3642132994291938
2023-03-03,RELIANCE,RELIANCE,1084.13232421875,0.973928783593951,-0.6800258631537801
2023-03-03,TCS,TCS,3354,-0.6767643636795617,1.1293736975210376
2023-03-06,HDFCBANK,HDFCBANK,810,3.140740740740741,-1.4208746947166704
2023-03-06,INFOSYS,INFOSYS,1494.550048828125,-0.45803086311152974,0.6125462221740081
2023-03-06,LT,LT,2158.25,-0.3075176421507587,0.3674725172751394
2023-03-06,RELIANCE,RELIANCE,1107.599609375,0.9485832079860199,-0.6671025484958459
2023-03-06,TCS,TCS,3361.89990234375,-0.670543549317802,1.110311101658592
2023-03-08,HDFCBANK,HDFCBANK,810,3.150493706597222,-1.4232272926118936
2023-03-08,INFOSYS,INFOSYS,1490.550048828125,-0.4565764493202865,0.6098662434374589
2023-03-08,LT,LT,2152,-0.3073652189460386,0.36725243017773224
2023-03-08,RELIANCE,RELIANCE,1111.6146240234375,0.9359227141245551,-0.6605840676673367
2023-03-08,TCS,TCS,3364,-0.6695557003497511,1.1073171674784996
2023-03-09,HDFCBANK,HDFCBANK,814.9749755859375,3.127734103223729,-1.4177286131259086
2023-03-09,INFOSYS,INFOSYS,1495,-0.45486623706626256,0.6067240778578569
2023-03-09,LT,LT,2174.949951171875,-0.31262786107124635,0.3748794464777818
2023-03-09,RELIANCE,RELIANCE,1114.983642578125,0.9506563756781571,-0.6681659188494793
2023-03-09,TCS,TCS,3385,-0.6706104453240399,1.1105141718932865
2023-03-10,HDFCBANK,HDFCBANK,805.2249755859375,3.2037940980864876,-1.4359874741954926
2023-03-10,INFOSYS,INFOSYS,1460,-0.4484760441192209,0.5950700035514993
2023-03-10,LT,LT,2171.5,-0.3276536956021184,0.396981737272494
2023-03-10,RELIANCE,RELIANCE,1080.6019287109375,1.0095281549149253,-0.6978999457146271
2023-03-10,TCS,TCS,3312.89990234375,-0.673819927989236,1.120305681983373
2023-03-13,HDFCBANK,HDFCBANK,793.95001220703125,3.172680712145231,-1.4285586858964532
2023-03-13,INFOSYS,INFOSYS,1464.199951171875,-0.45775847651709595,0.6120437615173842
2023-03-13,LT,LT,2164.050048828125,-0.32339829572575385,0.39067250375864493
2023-03-13,RELIANCE,RELIANCE,1074.8331298828125,1.0133823462104004,-0.6998160671265383
2023-03-13,TCS,TCS,3333,-0.6775178128164379,1.1317073778110807
2023-03-14,HDFCBANK,HDFCBANK,785.125,3.245183887915937,-1.4457851375331954
2023-03-14,INFOSYS,INFOSYS,1441,-0.4551526717557252,0.6072496552249769
2023-03-14,LT,LT,2144.35009765625,-0.32800152289731216,0.39749920467779365
2023-03-14,RELIANCE,RELIANCE,1052.2196044921875,1.037930189193858,-0.7119346796475208
2023-03-14,TCS,TCS,3280,-0.6792013400938453,1.1369415803483953
2023-03-15,HDFCBANK,HDFCBANK,789,3.1571609632446136,-1.4248323805323162
2023-03-15,INFOSYS,INFOSYS,1438,-0.4513212795549374,0.6002422174351185
2023-03-15,LT,LT,2164.199951171875,-0.3355512279623936,0.4087974962948122
2023-03-15,RELIANCE,RELIANCE,1054.11181640625,1.0531028278861472,-0.7193522234294321
2023-03-15,TCS,TCS,3250,-0.6756579026442308,1.1259564641774098
2023-03-16,HDFCBANK,HDFCBANK,769.5,3.2235217673814165,-1.4406693220448483
2023-03-16,INFOSYS,INFOSYS,1417.800048828125,-0.45725774192487434,0.611120734581343
2023-03-16,LT,LT,2184.89990234375,-0.3510915317872248,0.43246360733571976
2023-03-16,RELIANCE,RELIANCE,1035.1441650390625,1.110720396381986,-0.7470293093036497
2023-03-16,TCS,TCS,3208,-0.6773241380800927,1.1311069830940585
2023-03-17,HDFCBANK,HDFCBANK,778.75,3.119422150882825,-1.4157128988847427
2023-03-17,INFOSYS,INFOSYS,1430,-0.4554195804195804,0.6077396531522901
2023-03-17,LT,LT,2186.699951171875,-0.3460465395658658,0.42471909147272946
2023-03-17,RELIANCE,RELIANCE,1035.9517822265625,1.1108124805500301,-0.7470729352427306
2023-03-17,TCS,TCS,3150.5,-0.6711786122118513,1.112240569898158
2023-03-20,HDFCBANK,HDFCBANK,783.9749755859375,3.018623167972087,-1.3909393484366088
2023-03-20,INFOSYS,INFOSYS,1419.699951171875,-0.4477882633307028,0.5938237253307568
2023-03-20,LT,LT,2191.10009765625,-0.3520606599897089,0.4339581981068843
2023-03-20,RELIANCE,RELIANCE,1022.22216796875,1.14346760060014,-0.7624248917562797
2023-03-20,TCS,TCS,3169.64990234375,-0.6774968215849696,1.131642287244393
2023-03-21,HDFCBANK,HDFCBANK,785.9749755859375,3.0327618573107924,-1.394451465625803
2023-03-21,INFOSYS,INFOSYS,1399,-0.4381880088735257,0.5765880204200293
2023-03-21,LT,LT,2182.699951171875,-0.35905070266351197,0.4448049245090342
2023-03-21,RELIANCE,RELIANCE,1024.0450439453125,1.1314491623948904,-0.7568021063146722
2023-03-21,TCS,TCS,3143.300048828125,-0.6742133973729,1.121512705123485
2023-03-22,HDFCBANK,HDFCBANK,792,2.9688131929648045,-1.3784671061689027
2023-03-22,INFOSYS,INFOSYS,1403,-0.4354953670705631,0.571806688288035
2023-03-22,LT,LT,2219.5,-0.36787564766839376,0.45866914417162885
2023-03-22,RELIANCE,RELIANCE,1054.527099609375,1.1047349099156978,-0.7441895256723168
2023-03-22,TCS,TCS,3130.050048828125,-0.6630957706238005,1.0879565748455207
2023-03-23,HDFCBANK,HDFCBANK,783.875,2.9930474231581883,-1.384554704584109
2023-03-23,INFOSYS,INFOSYS,1383.949951171875,-0.43359584691899794,0.5684474042124856
2023-03-23,LT,LT,2214,-0.3749096878175813,0.469859140192912
2023-03-23,RELIANCE,RELIANCE,1046.681640625,1.1152563626490715,-0.7491760168071098
2023-03-23,TCS,TCS,3114.89990234375,-0.6639758343960127,1.0905722001647167
2023-03-24,HDFCBANK,HDFCBANK,780,2.993461413261218,-1.3846583769425518
2023-03-24,INFOSYS,INFOSYS,1388,-0.43804034582132567,0.5763252213831125
2023-03-24,LT,LT,2206,-0.37080689029918407,0.46331705874669726
2023-03-24,RELIANCE,RELIANCE,1036.1824951171875,1.1289686038852755,-0.7556376389192216
2023-03-24,TCS,TCS,3148.89990234375,-0.670938255501247,1.111509872576697
2023-03-27,HDFCBANK,HDFCBANK,781.0999755859375,3.0313660232566537,-1.3941052821106723
2023-03-27,INFOSYS,INFOSYS,1386.25,-0.43653743871167716,0.5736543873043267
2023-03-27,LT,LT,2175.050048828125,-0.36265834400137836,0.4504494155489196
2023-03-27,RELIANCE,RELIANCE,1023.3759155273438,1.1253676345386003,-0.7539447919015831
2023-03-27,TCS,TCS,3135,-0.673564301267195,1.119522290755108
2023-03-28,HDFCBANK,HDFCBANK,782.8499755859375,3.0045987069917905,-1.3874433774956207
2023-03-28,INFOSYS,INFOSYS,1392.0999755859375,-0.43764816513524146,0.5756275842855425
2023-03-28,LT,LT,2167.75,-0.35781341225420943,0.44287638240032656
2023-03-28,RELIANCE,RELIANCE,1036.067138671875,1.0922871878542726,-0.7382578158698045
2023-03-28,TCS,TCS,3127,-0.668670566462464,1.104642131070376
2023-03-29,HDFCBANK,HDFCBANK,792,2.948232323232323,-1.3732679656434152
2023-03-29,INFOSYS,INFOSYS,1379,-0.425670775924583,0.554552485978876
2023-03-29,LT,LT,2137.64990234375,-0.3548990419394473,0.43834845031009895
2023-03-29,RELIANCE,RELIANCE,1033.298095703125,1.06876400066251,-0.7269513278121824
2023-03-29,TCS,TCS,3129,-0.6697673072217561,1.1079577433776642
2023-03-31,HDFCBANK,HDFCBANK,797.79998779296875,2.922035657904753,-1.366610819498443
2023-03-31,INFOSYS,INFOSYS,1404,-0.43176639046084847,0.5652226604153165
2023-03-31,LT,LT,2156.5,-0.3489450498492928,0.4291612315021416
2023-03-31,RELIANCE,RELIANCE,1040.68212890625,1.0721985514121082,-0.7286101457773162
2023-03-31,TCS,TCS,3189.949951171875,-0.6737622392715158,1.1201288360574164
2023-04-03,HDFCBANK,HDFCBANK,803.7750244140625,2.968709967689393,-1.3784410967265783
2023-04-03,INFOSYS,INFOSYS,1435,-0.43987803176720386,0.5796007185523022
2023-04-03,LT,LT,2180,-0.34174311926605505,0.41816002758941284
2023-04-03,RELIANCE,RELIANCE,1082.2171630859375,1.0143831334034101,-0.7003130112602873
2023-04-03,TCS,TCS,3224.949951171875,-0.6644235788240113,1.0919055655701317
2023-04-05,HDFCBANK,HDFCBANK,809.29998779296875,2.984863462023017,-1.3825030486747671
2023-04-05,INFOSYS,INFOSYS,1400,-0.4219285801478795,0.5480578541851377
2023-04-05,LT,LT,2170,-0.3548387096774194,0.43825493093115586
2023-04-05,RELIANCE,RELIANCE,1083.6015625,1.0025810917008529,-0.6944368943718553
2023-04-05,TCS,TCS,3185.5,-0.6598331305917439,1.0783189893938934
2023-04-06,HDFCBANK,HDFCBANK,824.2750244140625,2.864608177670334,-1.3518602998422562
2023-04-06,INFOSYS,INFOSYS,1416,-0.4178848697640802,0.5410870325393775
2023-04-06,LT,LT,2257.75,-0.3728269294651755,0.46653274687724355
2023-04-06,RELIANCE,RELIANCE,1069.8258056640625,1.1103902972302757,-0.7468729053728635
2023-04-06,TCS,TCS,3225,-0.6682710680111434,1.103437113471827
2023-04-10,HDFCBANK,HDFCBANK,831.625,2.8779497970840224,-1.355306611167821
2023-04-10,INFOSYS,INFOSYS,1423.949951171875,-0.41597315318871037,0.5378083266432476
2023-04-10,LT,LT,2284.89990234375,-0.3767998546845533,0.47288755124936355
2023-04-10,RELIANCE,RELIANCE,1084.524658203125,1.1068215324208903,-0.745180429013871
2023-04-10,TCS,TCS,3220,-0.6631910999369177,1.0882395715976623
2023-04-11,HDFCBANK,HDFCBANK,829.5,2.8818565400843883,-1.356313528907954
2023-04-11,INFOSYS,INFOSYS,1428.9000244140625,-0.41948352870933264,0.5438371039303389
2023-04-11,LT,LT,2320,-0.3840948170629041,0.4846622510995173
2023-04-11,RELIANCE,RELIANCE,1077.140625,1.1538506172302248,-0.7672572249969818
2023-04-11,TCS,TCS,3264,-0.6699936810661765,1.1086434764206228
2023-04-12,HDFCBANK,HDFCBANK,834,2.9136690647482015,-1.3644753137252499
2023-04-12,INFOSYS,INFOSYS,1413.050048828125,-0.40978735983792264,0.527272399959025
2023-04-12,LT,LT,2304,-0.38669702741834855,0.48889621949801043
2023-04-12,RELIANCE,RELIANCE,1078.22509765625,1.1368450845822737,-0.7593304817029152
2023-04-12,TCS,TCS,3227.949951171875,-0.6659721761594194,1.096530984563179
2023-04-13,HDFCBANK,HDFCBANK,844.1500244140625,2.823905535526632,-1.3412722918313698
2023-04-13,INFOSYS,INFOSYS,1409.75,-0.40120587025070936,0.512837429842615
2023-04-13,LT,LT,2294.800048828125,-0.3856763247325576,0.4872333313181505
2023-04-13,RELIANCE,RELIANCE,1085.9090576171875,1.1132525166182972,-0.7482282377019978
2023-04-13,TCS,TCS,3210,-0.6617105739510319,1.0838534598206166
2023-04-17,HDFCBANK,HDFCBANK,860,2.7325581395348837,-1.3170938268765076
2023-04-17,INFOSYS,INFOSYS,1250.300048828125,-0.3121651072428122,0.3742064513065273
2023-04-17,LT,LT,2258.75,-0.44646373045794135,0.5914280013523578
2023-04-17,RELIANCE,RELIANCE,1119.114013671875,1.018337696075234,-0.7022742498912908
2023-04-17,TCS,TCS,3134.10009765625,-0.6429233340349361,1.029804769655689
2023-04-18,HDFCBANK,HDFCBANK,835,2.7534132906062876,-1.3226656368199814
2023-04-18,INFOSYS,INFOSYS,1269.949951171875,-0.34249377368810097,0.41930104529916257
2023-04-18,LT,LT,2220,-0.42795047244510137,0.5585297047163076
2023-04-18,RELIANCE,RELIANCE,1096.985107421875,1.0237284763303898,-0.7049415904153564
2023-04-18,TCS,TCS,3154.949951171875,-0.6522971443605909,1.0564070270615558
2023-04-19,HDFCBANK,HDFCBANK,832.5,2.7897296710773274,-1.3322946896579255
2023-04-19,INFOSYS,INFOSYS,1254.3499755859375,-0.3363096295265451,0.4099395477897314
2023-04-19,LT,LT,2208.10009765625,-0.4319324667765987,0.5655149708085432
2023-04-19,RELIANCE,RELIANCE,1079.47119140625,1.0455387000923213,-0.7156611778330406
2023-04-19,TCS,TCS,3130.75,-0.6552036440449572,1.0648013088243093
2023-04-20,HDFCBANK,HDFCBANK,835.8499755859375,2.7455884326673807,-1.3205787295041675
2023-04-20,INFOSYS,INFOSYS,1230.699951171875,-0.32083366478560477,0.3868892105632318
2023-04-20,LT,LT,2225,-0.44687642643960673,0.5921738420971341
2023-04-20,RELIANCE,RELIANCE,1086.416748046875,1.0480170284561916,-0.7168720218185696
2023-04-20,TCS,TCS,3090,-0.6484088194023059,1.0452861971100207
2023-04-21,HDFCBANK,HDFCBANK,834.5,2.7028160575194726,-1.3090936267899016
2023-04-21,INFOSYS,INFOSYS,1228.0999755859375,-0.3204950601828222,0.38639077563490876
2023-04-21,LT,LT,2240.14990234375,-0.4517777697371762,0.6010745445623709
2023-04-21,RELIANCE,RELIANCE,1084.8245849609375,1.0649881403862298,-0.7251244832421353
2023-04-21,TCS,TCS,3110,-0.6511818054787982,1.0532044251162453
2023-04-24,HDFCBANK,HDFCBANK,843.5,2.687018375815056,-1.304818103187257
2023-04-24,INFOSYS,INFOSYS,1228,-0.3131107491856677,0.3755822067210648
2023-04-24,LT,LT,2220,-0.44684684684684683,0.5921203661592376
2023-04-24,RELIANCE,RELIANCE,1096.0621337890625,1.0254326206175093,-0.7057833175518837
2023-04-24,TCS,TCS,3151.10009765625,-0.6521652439399497,1.0560277508872584
2023-04-25,HDFCBANK,HDFCBANK,843.8499755859375,2.7341946896049207,-1.3175321834509628
2023-04-25,INFOSYS,INFOSYS,1225.949951171875,-0.31167665141687995,0.3734965680507045
2023-04-25,LT,LT,2231.050048828125,-0.45050540133969025,0.5987563347403473
2023-04-25,RELIANCE,RELIANCE,1091.9085693359375,1.0432572025558655,-0.7145452024566419
2023-04-25,TCS,TCS,3183,-0.656956151638097,1.069897002196945
2023-04-26,HDFCBANK,HDFCBANK,830,2.8349397590361445,-1.3441537264914487
2023-04-26,INFOSYS,INFOSYS,1228,-0.3241042345276873,0.39171640791644435
2023-04-26,LT,LT,2247.85009765625,-0.4537002261492481,0.6045874175458597
2023-04-26,RELIANCE,RELIANCE,1097.9080810546875,1.0473937084941478,-0.7165676225741997
2023-04-26,TCS,TCS,3181,-0.6548544228058197,1.063788988070396
2023-04-27,HDFCBANK,HDFCBANK,835.25,2.808440586650703,-1.337219810512278
2023-04-27,INFOSYS,INFOSYS,1230,-0.3209349593495935,0.3870383671295974
2023-04-27,LT,LT,2275.75,-0.45951883994287596,0.6152954990189352
2023-04-27,RELIANCE,RELIANCE,1096.0621337890625,1.0762965253920256,-0.7305857900709567
2023-04-27,TCS,TCS,3185,-0.6558674619186617,1.0667284106918231
2023-04-28,HDFCBANK,HDFCBANK,842.3499755859375,2.7810887307078254,-1.3300119921573277
2023-04-28,INFOSYS,INFOSYS,1255.699951171875,-0.3291789373728819,0.3992528502607966
2023-04-28,LT,LT,2312.300048828125,-0.4569476604871135,0.6105495741668792
2023-04-28,RELIANCE,RELIANCE,1099.2926025390625,1.103443654116611,-0.7435758369611722
2023-04-28,TCS,TCS,3200.39990234375,-0.6565139869758098,1.0686088871467643
2023-05-02,HDFCBANK,HDFCBANK,844.3499755859375,2.7903712854646905,-1.3324639787986836
2023-05-02,INFOSYS,INFOSYS,1254.550048828125,-0.3269698754747611,0.39596518878607423
2023-05-02,LT,LT,2373.199951171875,-0.47136774201911047,0.6374622533600887
2023-05-02,RELIANCE,RELIANCE,1124.305908203125,1.1108133772637936,-0.7470733600618846
2023-05-02,TCS,TCS,3235,-0.6524556697981067,1.056863053187202
2023-05-03,HDFCBANK,HDFCBANK,842.4749755859375,2.8398766654761136,-1.3454402477182352
2023-05-03,INFOSYS,INFOSYS,1266,-0.3345379339763527,0.40727364348735495
2023-05-03,LT,LT,2384.10009765625,-0.46898202753962664,0.6329594118715951
2023-05-03,RELIANCE,RELIANCE,1128.3670654296875,1.1128763597405897,-0.748050222837942
2023-05-03,TCS,TCS,3216,-0.6491395940828086,1.047366838561083
2023-05-04,HDFCBANK,HDFCBANK,843.54998779296875,2.8124593047700905,-1.3382744677178966
2023-05-04,INFOSYS,INFOSYS,1268.949951171875,-0.33523777906768465,0.4083258647747954
2023-05-04,LT,LT,2361.800048828125,-0.4627191443232034,0.62123431248554
2023-05-04,RELIANCE,RELIANCE,1117.3603515625,1.113731747797762,-0.748454986207097
2023-05-04,TCS,TCS,3180.14990234375,-0.6486453828044355,1.045959260130819
2023-05-05,HDFCBANK,HDFCBANK,819.5,2.8805978063987188,-1.3559892155811335
2023-05-05,INFOSYS,INFOSYS,1279,-0.3592650508209539,0.4451394033949585
2023-05-05,LT,LT,2357,-0.4573610521849809,0.6113111013572885
2023-05-05,RELIANCE,RELIANCE,1126.5211181640625,1.0922821259146027,-0.7382553965337681
2023-05-05,TCS,TCS,3220,-0.6501487210670613,1.0502471321360902
2023-05-08,HDFCBANK,HDFCBANK,817.5,2.9388379204892967,-1.370885735767045
2023-05-08,INFOSYS,INFOSYS,1262.449951171875,-0.35244957691894885,0.43455861495617754
2023-05-08,LT,LT,2377.449951171875,-0.4689898937516655,0.6329742254385744
2023-05-08,RELIANCE,RELIANCE,1130.674560546875,1.1026828002762974,-0.7432140533310978
2023-05-08,TCS,TCS,3245,-0.6515640799547381,1.0543009393031282
2023-05-09,HDFCBANK,HDFCBANK,824.95001220703125,2.933571673413865,-1.3695478359034396
2023-05-09,INFOSYS,INFOSYS,1266,-0.34838071705605744,0.42829480946936993
2023-05-09,LT,LT,2367.64990234375,-0.4652925676440679,0.6260355370755581
2023-05-09,RELIANCE,RELIANCE,1142.2120361328125,1.0728637305906028,-0.7289310959290631
2023-05-09,TCS,TCS,3252.60009765625,-0.6488310884095881,1.0464879416677881
2023-05-10,HDFCBANK,HDFCBANK,822.25,2.9557313440635453,-1.3751655004492376
2023-05-10,INFOSYS,INFOSYS,1276.4000244140625,-0.3558054024815161,0.43975442846220325
2023-05-10,LT,LT,2387,-0.46527020342938313,0.6259937128074604
2023-05-10,RELIANCE,RELIANCE,1149.1346435546875,1.0772152448699561,-0.7310281721051144
2023-05-10,TCS,TCS,3290,-0.6507189533268427,1.0518783895257018
2023-05-11,HDFCBANK,HDFCBANK,832.57501220703125,2.9515958943791794,-1.374119521210818
2023-05-11,INFOSYS,INFOSYS,1270.25,-0.3445581482330004,0.42244568792524184
2023-05-11,LT,LT,2300,-0.44771739130434784,0.5936953914433998
2023-05-11,RELIANCE,RELIANCE,1153.2650146484375,0.9943377894812272,-0.69031206014205
2023-05-11,TCS,TCS,3309,-0.6514762723939446,1.0540489661464214
2023-05-12,HDFCBANK,HDFCBANK,823.5,3.0182149362477233,-1.3908377583039178
2023-05-12,INFOSYS,INFOSYS,1253.3499755859375,-0.34296085208362004,0.4200116764030133
2023-05-12,LT,LT,2222.64990234375,-0.43610103675603645,0.5728801867165974
2023-05-12,RELIANCE,RELIANCE,1139.812255859375,0.9500140403982203,-0.6678365727539504
2023-05-12,TCS,TCS,3279.14990234375,-0.652406175440561,1.05672065168819
2023-05-15,HDFCBANK,HDFCBANK,836,2.9224281128513754,-1.3667108785868436
2023-05-15,INFOSYS,INFOSYS,1249.9000244140625,-0.33114650478392754,0.40219023354428707
2023-05-15,LT,LT,2220.89990234375,-0.4372101042937488,0.5748489075166967
2023-05-15,RELIANCE,RELIANCE,1149.0885009765625,0.9327492185817712,-0.6589434549145343
2023-05-15,TCS,TCS,3284,-0.6500948535394145,1.0500931713411674
2023-05-16,HDFCBANK,HDFCBANK,835.9000244140625,2.9286994904707324,-1.3683084526602913
2023-05-16,INFOSYS,INFOSYS,1265,-0.3392094668663538,0.4143183832495936
2023-05-16,LT,LT,2254.60009765625,-0.438924889023548,0.5779004947630337
2023-05-16,RELIANCE,RELIANCE,1150.9805908203125,0.9588515354975531,-0.6723583502291284
2023-05-16,TCS,TCS,3256.199951171875,-0.6465264393834028,1.0399465896064557
2023-05-17,HDFCBANK,HDFCBANK,825,2.946909031723485,-1.372932748967301
2023-05-17,INFOSYS,INFOSYS,1260.5999755859375,-0.34554972554514524,0.42395967137731105
2023-05-17,LT,LT,2224.35009765625,-0.43327267730282,0.5678770032804703
2023-05-17,RELIANCE,RELIANCE,1136.674072265625,0.95689349474002094,-0.6713582642145335
2023-05-17,TCS,TCS,3255.949951171875,-0.6508932602429851,1.052377558964655
2023-05-18,HDFCBANK,HDFCBANK,824,2.951395571810528,-1.3740688258331115
2023-05-18,INFOSYS,INFOSYS,1258.5999755859375,-0.34530429367250765,0.42358472178556816
2023-05-18,LT,LT,2230,-0.43560539211392935,0.5720016127591245
2023-05-18,RELIANCE,RELIANCE,1130.4669189453125,0.972636229002185,-0.6793708354859955
2023-05-18,TCS,TCS,3225.949951171875,-0.6495708439200512,1.0485967153907714
2023-05-19,HDFCBANK,HDFCBANK,824,2.9149878048202367,-1.3648122144494685
2023-05-19,INFOSYS,INFOSYS,1256.050048828125,-0.3439751857270504,0.42155666411786274
2023-05-19,LT,LT,2192,-0.4269844667754904,0.556842454040571
2023-05-19,RELIANCE,RELIANCE,1123.313720703125,0.9513693811448715,-0.6685313728567488
2023-05-19,TCS,TCS,3210,-0.6500580309336059,1.0499879409129038
2023-05-22,HDFCBANK,HDFCBANK,822.5,2.9027355623100304,-1.3616777334845338
2023-05-22,INFOSYS,INFOSYS,1272.949951171875,-0.3538630491773787,0.4367437994905412
2023-05-22,LT,LT,2190,-0.4187443145333904,0.5425645406804787
2023-05-22,RELIANCE,RELIANCE,1123.7520751953125,0.9488284367522698,-0.6672283903565113
2023-05-22,TCS,TCS,3230,-0.6520891408064048,1.0558089837626667
2023-05-23,HDFCBANK,HDFCBANK,824.5,2.917525773195876,-1.3654602742170487
2023-05-23,INFOSYS,INFOSYS,1299.199951171875,-0.36537867073016506,0.4547267898245346
2023-05-23,LT,LT,2225.60009765625,-0.41624735165133875,0.5382779332236067
2023-05-23,RELIANCE,RELIANCE,1135.589599609375,0.9598630512482867,-0.6728745989891793
2023-05-23,TCS,TCS,3306,-0.6565064731974062,1.0685870123223538
2023-05-24,HDFCBANK,HDFCBANK,813.7750244140625,3.0625478797170005,-1.4018103333628966
2023-05-24,INFOSYS,INFOSYS,1296.300048828125,-0.3722325127197769,0.4655854242552264
2023-05-24,LT,LT,2200,-0.410772705078125,0.5289432700731078
2023-05-24,RELIANCE,RELIANCE,1128.782470703125,0.949002626369284,-0.6673177680716087
2023-05-24,TCS,TCS,3276,-0.6554388062566774,1.0654835736981623
2023-05-25,HDFCBANK,HDFCBANK,807.8499755859375,3.0552083914143853,-1.4000020774711555
2023-05-25,INFOSYS,INFOSYS,1294.5,-0.37593667393902086,0.47150343168978726
2023-05-25,LT,LT,2190,-0.4089041095890411,0.5257770236189545
2023-05-25,RELIANCE,RELIANCE,1123.2445068359375,0.9497090675021428,-0.6676801652920554
2023-05-25,TCS,TCS,3294,-0.6590028819563031,1.0758812532190936
2023-05-26,HDFCBANK,HDFCBANK,809.5,3.0691785052501546,-1.403441137619895
2023-05-26,INFOSYS,INFOSYS,1306,-0.38016845329249616,0.4783075367186864
2023-05-26,LT,LT,2209,-0.40878225441376187,0.5255708935837404
2023-05-26,RELIANCE,RELIANCE,1134.3665771484375,0.9473422829090824,-0.6664655110977735
2023-05-26,TCS,TCS,3293.5,-0.6555741378022051,1.065876415758404
2023-05-29,HDFCBANK,HDFCBANK,814.25,3.0448265274792754,-1.3974386639244045
2023-05-29,INFOSYS,INFOSYS,1332.699951171875,-0.38902226320034716,0.49269475779084093
2023-05-29,LT,LT,2225,-0.40103372981039326,0.5125499926531569
2023-05-29,RELIANCE,RELIANCE,1163.4410400390625,0.912430388329172,-0.6483748877968649
2023-05-29,TCS,TCS,3360.800048828125,-0.6538202144918612,1.060797027580418
2023-05-30,HDFCBANK,HDFCBANK,816.79998779296875,3.114593657021423,-1.414540082478383
2023-05-30,INFOSYS,INFOSYS,1315,-0.3788593248722671,0.4761976927063545
2023-05-30,LT,LT,2230,-0.4103139013452915,0.5281649198422995
2023-05-30,RELIANCE,RELIANCE,1163.2564697265625,0.9170321060188803,-0.6507782119769283
2023-05-30,TCS,TCS,3315,-0.6490930709723793,1.0472342501427256
2023-05-31,HDFCBANK,HDFCBANK,814.95001220703125,3.067734155893051,-1.4030861259754488
2023-05-31,INFOSYS,INFOSYS,1319.8499755859375,-0.38254345017869146,0.48214657761756197
2023-05-31,LT,LT,2201.10009765625,-0.4003680355149114,0.5114392044930032
2023-05-31,RELIANCE,RELIANCE,1153.7496337890625,0.9077796717712088,-0.64594009034733
2023-05-31,TCS,TCS,3309,-0.6513298175312594,1.0536288395138644
2023-06-01,HDFCBANK,HDFCBANK,809.95001220703125,3.085437311104314,-1.407428775484127
2023-06-01,INFOSYS,INFOSYS,1322.550048828125,-0.3875846037549161,0.49034447468334097
2023-06-01,LT,LT,2217,-0.4034505869065742,0.5165932024954847
2023-06-01,RELIANCE,RELIANCE,1144.5888671875,0.9369400345887025,-0.6611094260668215
2023-06-01,TCS,TCS,3314,-0.6546201366362402,1.063110414437018
2023-06-02,HDFCBANK,HDFCBANK,806.2249755859375,3.1105151792047807,-1.4135483683911607
2023-06-02,INFOSYS,INFOSYS,1309,-0.3840909277418354,0.48465593631455306
2023-06-02,LT,LT,2221,-0.41062584421431786,0.5286940579845272
2023-06-02,RELIANCE,RELIANCE,1140.3660888671875,0.9476201736288813,-0.6666082034720242
2023-06-02,TCS,TCS,3326.25,-0.6571616418287298,1.0704962018694957
2023-06-05,HDFCBANK,HDFCBANK,807.25,3.120470733973366,-1.4159674126535142
2023-06-05,INFOSYS,INFOSYS,1304,-0.3809432515337423,0.4795583328482138
2023-06-05,LT,LT,2245,-0.4191536748329621,0.5432690576897565
2023-06-05,RELIANCE,RELIANCE,1138.6124267578125,0.9716981364700322,-0.678895169650942
2023-06-05,TCS,TCS,3315,-0.6565271714154411,1.068647272094549
2023-06-06,HDFCBANK,HDFCBANK,803.82501220703125,3.1240319095049465,-1.4168313036381015
2023-06-06,INFOSYS,INFOSYS,1288.5999755859375,-0.3762028345208333,0.4719300187764901
2023-06-06,LT,LT,2269,-0.4320846295346243,0.5657828670214906
2023-06-06,RELIANCE,RELIANCE,1146.11181640625,0.9797370269810846,-0.6829640212297781
2023-06-06,TCS,TCS,3280,-0.6505756657298019,1.0514682378281268
2023-06-07,HDFCBANK,HDFCBANK,801.7249755859375,3.0911785211665945,-1.408833075532839
2023-06-07,INFOSYS,INFOSYS,1290.5,-0.3787485659930744,0.4760193933133179
2023-06-07,LT,LT,2278,-0.4334942932396839,0.5682681248484585
2023-06-07,RELIANCE,RELIANCE,1147.7501220703125,0.9847525660820161,-0.6854942545216156
2023-06-07,TCS,TCS,3253,-0.647171803851733,1.0417740369878397
2023-06-08,HDFCBANK,HDFCBANK,801.625,3.058007172929986,-1.4006920090043247
2023-06-08,INFOSYS,INFOSYS,1286.199951171875,-0.3767493154780265,0.4728064582686464
2023-06-08,LT,LT,2316.949951171875,-0.44487365792198647,0.5885595477587175
2023-06-08,RELIANCE,RELIANCE,1156.5185546875,1.0033832935762386,-0.6948373981252365
2023-06-08,TCS,TCS,3261,-0.6453484959559951,1.0366196504181646
2023-06-09,HDFCBANK,HDFCBANK,807.95001220703125,3.0361407893195165,-1.3952889852624155
2023-06-09,INFOSYS,INFOSYS,1282.5,-0.37001948365923487,0.46206638651802123
2023-06-09,LT,LT,2345,-0.453091684434968,0.6034741038354552
2023-06-09,RELIANCE,RELIANCE,1156.9801025390625,1.026828287585721,-0.7064721512943368
2023-06-09,TCS,TCS,3245,-0.6434575955195493,1.031302099552148
2023-06-12,HDFCBANK,HDFCBANK,806.2750244140625,3.0246812833601187,-1.392445723476933
2023-06-12,INFOSYS,INFOSYS,1273.5,-0.36688258781777583,0.4570993887582535
2023-06-12,LT,LT,2365,-0.4615221987315011,0.6190090065065217
2023-06-12,RELIANCE,RELIANCE,1142.44287109375,1.0701253951856695,-0.7276091828269236
2023-06-12,TCS,TCS,3215,-0.6446522951496889,1.034658518572611
2023-06-13,HDFCBANK,HDFCBANK,795.04998779296875,3.043770894110355,-1.3971776462671057
2023-06-13,INFOSYS,INFOSYS,1299.9000244140625,-0.3883760498032592,0.4916376457908509
2023-06-13,LT,LT,2345.85009765625,-0.4458725109022103,0.5903604939842344
2023-06-13,RELIANCE,RELIANCE,1151.442138671875,1.0373147888803675,-0.7116326608381094
2023-06-13,TCS,TCS,3260,-0.6467968899779525,1.040712005019163
2023-06-14,HDFCBANK,HDFCBANK,805.2249755859375,3.0485579792502064,-1.3983607632098707
2023-06-14,INFOSYS,INFOSYS,1306.3499755859375,-0.3836070037627017,0.48387053796721435
2023-06-14,LT,LT,2352.89990234375,-0.4447915211842766,0.5884115982639999
2023-06-14,RELIANCE,RELIANCE,1163.4410400390625,1.0223628197478332,-0.7042665405786215
2023-06-14,TCS,TCS,3243.699951171875,-0.6413228542859712,1.0253326106805138
2023-06-15,HDFCBANK,HDFCBANK,802,3.0445136548277745,-1.3973613096174748
2023-06-15,INFOSYS,INFOSYS,1293.949951171875,-0.38019241063098075,0.47834618883572677
2023-06-15,LT,LT,2355,-0.45055203771894903,0.5988412097482767
2023-06-15,RELIANCE,RELIANCE,1177.6552734375,0.999736300696813,-0.6930153222154223
2023-06-15,TCS,TCS,3245.300048828125,-0.6371197560414328,1.0136824055986198
2023-06-16,HDFCBANK,HDFCBANK,793.57501220703125,3.089468542869741,-1.4084150209930524
2023-06-16,INFOSYS,INFOSYS,1287,-0.38339159890673563,0.48352113875546365
2023-06-16,LT,LT,2363.75,-0.45552617662612377,0.6079354123765404
2023-06-16,RELIANCE,RELIANCE,1181.5318603515625,1.0005808385875188,-0.693437557690185
2023-06-16,TCS,TCS,3197,-0.6304248169059861,0.9954010867773588
2023-06-19,HDFCBANK,HDFCBANK,805.5,2.9689633767846058,-1.3785049464428125
2023-06-19,INFOSYS,INFOSYS,1294,-0.37751159196290573,0.4740302724438168
2023-06-19,LT,LT,2379,-0.4560739806641446,0.6089420352421122
2023-06-19,RELIANCE,RELIANCE,1192.515625,0.9949424142765425,-0.6906151849009348
2023-06-19,TCS,TCS,3190,-0.6261706504702195,0.9839558703768674
2023-06-20,HDFCBANK,HDFCBANK,802.07501220703125,2.977184118006906,-1.3805740608559534
2023-06-20,INFOSYS,INFOSYS,1294,-0.38015841405948125,0.4782913401379085
2023-06-20,LT,LT,2364.949951171875,-0.45284254351395475,0.6030186633460728
2023-06-20,RELIANCE,RELIANCE,1175.6939697265625,1.0115353247256207,-0.6988982736383536
2023-06-20,TCS,TCS,3214,-0.634196026843011,1.0056576815288931
2023-06-21,HDFCBANK,HDFCBANK,808,2.977722772277228,-1.3807094877763628
2023-06-21,INFOSYS,INFOSYS,1299.949951171875,-0.37843760886978256,0.4755189850888657
2023-06-21,LT,LT,2382,-0.45426114560374686,0.6056147063052846
2023-06-21,RELIANCE,RELIANCE,1180.0550537109375,1.0185498909642288,-0.7023793778566425
2023-06-21,TCS,TCS,3250,-0.6369061373197116,1.0130939032651796
2023-06-22,HDFCBANK,HDFCBANK,820,2.9634146341463414,-1.377105935065484
2023-06-22,INFOSYS,INFOSYS,1289.4000244140625,-0.36404530442549843,0.45262795155265767
2023-06-22,LT,LT,2394.60009765625,-0.4615384733024601,0.6190392302536498
2023-06-22,RELIANCE,RELIANCE,1179.5936279296875,1.030021221680409,-0.7080462470288111
2023-06-22,TCS,TCS,3260,-0.6381614638252492,1.016557199324959
2023-06-23,HDFCBANK,HDFCBANK,818.7750244140625,2.98155769630729,-1.3816731237085191
2023-06-23,INFOSYS,INFOSYS,1276.449951171875,-0.3585529744723898,0.4440286774047024
2023-06-23,LT,LT,2418.949951171875,-0.4723123764700088,0.6392507924555773
2023-06-23,RELIANCE,RELIANCE,1167.0869140625,1.072639082852689,-0.7288227145103336
2023-06-23,TCS,TCS,3237.300048828125,-0.6394875678931968,1.0202288371185944
2023-06-26,HDFCBANK,HDFCBANK,822.5,2.935927111037234,-1.3701464604812479
2023-06-26,INFOSYS,INFOSYS,1270.25,-0.3524896673883094,0.4346205278343147
2023-06-26,LT,LT,2398.10009765625,-0.47030985018454347,0.6354630663843279
2023-06-26,RELIANCE,RELIANCE,1156.9801025390625,1.0727237161585363,-0.7288635472721268
2023-06-26,TCS,TCS,3205,-0.6390077683185452,1.0188988397687275
2023-06-27,HDFCBANK,HDFCBANK,821.4749755859375,2.9015187257700137,-1.3613658941966387
2023-06-27,INFOSYS,INFOSYS,1280,-0.35822267532348634,0.4435138817555311
2023-06-27,LT,LT,2387.449951171875,-0.4638631065871288,0.6233657523615515
2023-06-27,RELIANCE,RELIANCE,1152.157470703125,1.0721559438527881,-0.7285895840423731
2023-06-27,TCS,TCS,3202,-0.6401756806048954,1.0221393683238196
2023-06-28,HDFCBANK,HDFCBANK,835,2.8347305389221558,-1.3440991687058057
2023-06-28,INFOSYS,INFOSYS,1290,-0.35271317829457366,0.4349657725048628
2023-06-28,LT,LT,2400,-0.4625,0.6208265189803193
2023-06-28,RELIANCE,RELIANCE,1159.7491455078125,1.0694130358243343,-0.7272650094944426
2023-06-28,TCS,TCS,3208,-0.6384821865624026,1.017443962144811
2023-06-30,HDFCBANK,HDFCBANK,852,2.7652582159624415,-1.3258164421570902
2023-06-30,INFOSYS,INFOSYS,1308.199951171875,-0.34872341247468686,0.4288208613731328
2023-06-30,LT,LT,2420,-0.45942150778021695,0.6151154309482836
2023-06-30,RELIANCE,RELIANCE,1175.1632080078125,1.059288432031912,-0.7223605017860635
2023-06-30,TCS,TCS,3220,-0.6350424819851515,1.0079743211737853
2023-07-03,HDFCBANK,HDFCBANK,856.25,2.7605839416058395,-1.3245742489620183
2023-07-03,INFOSYS,INFOSYS,1330,-0.35620300751879697,0.44037183163936433
2023-07-03,LT,LT,2478.199951171875,-0.46332014114878894,0.622353528263532
2023-07-03,RELIANCE,RELIANCE,1180.5396728515625,1.0992093770011542,-0.7415607866979927
2023-07-03,TCS,TCS,3314.300048828125,-0.6438042254897894,1.0322747708858477
2023-07-04,HDFCBANK,HDFCBANK,861.7249755859375,2.8461227685486747,-1.3470655677566201
2023-07-04,INFOSYS,INFOSYS,1344.300048828125,-0.3589786920433914,0.4446925808719824
2023-07-04,LT,LT,2458.199951171875,-0.4531364105725943,0.6035558871349656
2023-07-04,RELIANCE,RELIANCE,1211.4371337890625,1.0291601459196322,-0.707621986225603
2023-07-04,TCS,TCS,3290,-0.6317820262039324,0.9990801960675064
2023-07-05,HDFCBANK,HDFCBANK,858.125,2.833940276766205,-1.3438930672371825
2023-07-05,INFOSYS,INFOSYS,1357.8499755859375,-0.3680266484302118,0.4589080509619352
2023-07-05,LT,LT,2461,-0.44825275270786774,0.594665222906885
2023-07-05,RELIANCE,RELIANCE,1204.0531005859375,1.043929789145001,-0.7148743220181268
2023-07-05,TCS,TCS,3320,-0.6373334034379706,1.0142713335376055
2023-07-06,HDFCBANK,HDFCBANK,836.5,2.9689181111775254,-1.378493541483655
2023-07-06,INFOSYS,INFOSYS,1342.550048828125,-0.37693198050221083,0.4730995855801483
2023-07-06,LT,LT,2468.10009765625,-0.4560390601244117,0.6088778364033463
2023-07-06,RELIANCE,RELIANCE,1188.8466796875,1.0760457507481236,-0.7304650029934328
2023-07-06,TCS,TCS,3306.550048828125,-0.6404570739496778,1.0229217040804617
2023-07-07,HDFCBANK,HDFCBANK,832.5,2.9718318904842342,-1.3792274216428035
2023-07-07,INFOSYS,INFOSYS,1334,-0.3759370314842579,0.47150400462096975
2023-07-07,LT,LT,2482.75,-0.46269257879367637,0.621184869307899
2023-07-07,RELIANCE,RELIANCE,1216.0521240234375,1.0416476818325502,-0.7137571690251869
2023-07-07,TCS,TCS,3302,-0.6317225548081655,0.9989186977217921
2023-07-10,HDFCBANK,HDFCBANK,830.5,2.975918121613486,-1.3802556954267233
2023-07-10,INFOSYS,INFOSYS,1336.550048828125,-0.37862409213319403,0.47581905350732434
2023-07-10,LT,LT,2450,-0.4544693678252551,0.6059963209780985
2023-07-10,RELIANCE,RELIANCE,1240.9268798828125,0.9743306714666112,-0.6802294403900895
2023-07-10,TCS,TCS,3324.75,-0.626760845211576,0.9855358991445895
2023-07-11,HDFCBANK,HDFCBANK,831.5,2.9984966927239927,-1.38591846366029
2023-07-11,INFOSYS,INFOSYS,1333.449951171875,-0.3764295395794545,0.4722935123551437
2023-07-11,LT,LT,2447.199951171875,-0.4551119737750345,0.6071749618959172
2023-07-11,RELIANCE,RELIANCE,1270.462890625,0.9262270226310846,-0.6555631790313141
2023-07-11,TCS,TCS,3295,-0.6144270438163885,0.9530248530838774
2023-07-12,HDFCBANK,HDFCBANK,827.67498779296875,2.981031260575193,-1.3815408964302511
2023-07-12,INFOSYS,INFOSYS,1351,-0.3873612229511704,0.4899797874538434
2023-07-12,LT,LT,2480.300048828125,-0.45530783638926625,0.6075344813111352
2023-07-12,RELIANCE,RELIANCE,1276.64697265625,0.942823742155985,-0.6641424520015562
2023-07-12,TCS,TCS,3280.949951171875,-0.6108910554395189,0.9438959114365675
2023-07-13,HDFCBANK,HDFCBANK,828.3499755859375,2.9608257957043804,-1.3764525377949237
2023-07-13,INFOSYS,INFOSYS,1334.9000244140625,-0.37946665635163856,0.47717593903932176
2023-07-13,LT,LT,2466,-0.4586780111865116,0.613741003773546
2023-07-13,RELIANCE,RELIANCE,1284.7694091796875,0.9194105824597089,-0.6520181506069003
2023-07-13,TCS,TCS,3284,-0.6087791080451621,0.9384829374549293
2023-07-14,HDFCBANK,HDFCBANK,826.79998779296875,2.9719400683183315,-1.379254657528894
2023-07-14,INFOSYS,INFOSYS,1380.6500244140625,-0.40115165090888516,0.5127468863910938
2023-07-14,LT,LT,2450.25,-0.4365268750478268,0.5736356397147713
2023-07-14,RELIANCE,RELIANCE,1269.12451171875,0.9306616312072291,-0.6578627582664778
2023-07-14,TCS,TCS,3365,-0.622845613159361,0.9751006611960165
2023-07-17,HDFCBANK,HDFCBANK,825,3.0787878787878786,-1.4057998557441476
2023-07-17,INFOSYS,INFOSYS,1425.949951171875,-0.42143831954130084,0.5472101166687073
2023-07-17,LT,LT,2475,-0.4238586055871212,0.5514021719994027
2023-07-17,RELIANCE,RELIANCE,1267.7401123046875,0.9522928839891127,-0.6690045197627814
2023-07-17,TCS,TCS,3510,-0.6388204808248753,1.0183801612199028
2023-07-18,HDFCBANK,HDFCBANK,849,3.1342756183745584,-1.4193121301485645
2023-07-18,INFOSYS,INFOSYS,1434,-0.40794979079497906,0.5241638348482178
2023-07-18,LT,LT,2469,-0.41919805589307413,0.5433454681856142
2023-07-18,RELIANCE,RELIANCE,1300.0450439453125,0.8991649647055311,-0.6414142973071186
2023-07-18,TCS,TCS,3476,-0.6259939459305776,0.9834832943472209
2023-07-19,HDFCBANK,HDFCBANK,840.54998779296875,3.1353876039269593,-1.419581061428886
2023-07-19,INFOSYS,INFOSYS,1486,-0.43435397860500086,0.5697868003213085
2023-07-19,LT,LT,2474.60009765625,-0.3994989326124151,0.5099908599656189
2023-07-19,RELIANCE,RELIANCE,1306.0445556640625,0.8947286958353666,-0.6390756598602039
2023-07-19,TCS,TCS,3500,-0.6268444126674108,0.9857598220943853
2023-07-20,HDFCBANK,HDFCBANK,840.57501220703125,3.163816374710363,-1.4264320514879438
2023-07-20,INFOSYS,INFOSYS,1471,-0.428568992381352,0.5596115246118769
2023-07-20,LT,LT,2494,-0.41018444266238974,0.527945405638544
2023-07-20,RELIANCE,RELIANCE,1290,0.9333333333333333,-0.6592456288842641
2023-07-20,TCS,TCS,3453.10009765625,-0.626422645299054,0.9846301882200361
2023-07-21,HDFCBANK,HDFCBANK,840,3.110833449590774,-1.4136257937383947
2023-07-21,INFOSYS,INFOSYS,1320.199951171875,-0.3637327442298613,0.4521365904319108
2023-07-21,LT,LT,2522,-0.4765265855781622,0.6472690342555945
2023-07-21,RELIANCE,RELIANCE,1304.5,0.9333077807589114,-0.6592324119480812
2023-07-21,TCS,TCS,3404.050048828125,-0.6167800175414325,0.9591460879543776
2023-07-24,HDFCBANK,HDFCBANK,839.25,3.056062018264075,-1.4002125566710166
2023-07-24,INFOSYS,INFOSYS,1341,-0.37416107382550334,0.46866224742153406
2023-07-24,LT,LT,2637.64990234375,-0.49159287636754945,0.6764727278994442
2023-07-24,RELIANCE,RELIANCE,1240.5,1.1262796471936718,-0.7543738080492668
2023-07-24,TCS,TCS,3381,-0.6330967169476486,1.00265699957603
2023-07-25,HDFCBANK,HDFCBANK,842.32501220703125,3.0138900673757973,-1.3897608626986084
2023-07-25,INFOSYS,INFOSYS,1337,-0.36998877172248973,0.4620176370926661
2023-07-25,LT,LT,2616,-0.488914373088685,0.6712181354751463
2023-07-25,RELIANCE,RELIANCE,1247,1.0978348035284684,-0.7409057668970531
2023-07-25,TCS,TCS,3397.5,-0.6329654157468727,1.0022992003452629
2023-07-26,HDFCBANK,HDFCBANK,849.79998779296875,2.9979995867306495,-1.3857941327091812
2023-07-26,INFOSYS,INFOSYS,1343,-0.3672375370119369,0.45766018320711943
2023-07-26,LT,LT,2591,-0.48166730991895024,0.6571379840388722
2023-07-26,RELIANCE,RELIANCE,1242.5,1.0853118712273642,-0.7349184225913259
2023-07-26,TCS,TCS,3400.35009765625,-0.634596449096105,1.0067529172313296
2023-07-27,HDFCBANK,HDFCBANK,849.95001220703125,3.00064715432699,-1.3864561366152772
2023-07-27,INFOSYS,INFOSYS,1358.5999755859375,-0.3743927370229309,0.46903248020035004
2023-07-27,LT,LT,2668.949951171875,-0.4909608645941797,0.6752303785388865
2023-07-27,RELIANCE,RELIANCE,1267.0250244140625,1.106469801104469,-0.7450134662812262
2023-07-27,TCS,TCS,3394.949951171875,-0.6267912509353168,0.9856173669164212
2023-07-28,HDFCBANK,HDFCBANK,830.75,3.086608427531598,-1.4077153907265645
2023-07-28,INFOSYS,INFOSYS,1353.8499755859375,-0.3863795730834528,0.4883787392019956
2023-07-28,LT,LT,2660.14990234375,-0.4910625245618244,0.6754301080157719
2023-07-28,RELIANCE,RELIANCE,1256.0250244140625,1.1179115468537053,-0.7504304837262588
2023-07-28,TCS,TCS,3385,-0.6289438628023449,0.9914019146201634
2023-07-31,HDFCBANK,HDFCBANK,825.0250244140625,3.102905851133481,-1.411695466848613
2023-07-31,INFOSYS,INFOSYS,1348.75,-0.38830396707020387,0.4915197980745818
2023-07-31,LT,LT,2655,-0.4919962335216573,0.6772664171036951
2023-07-31,RELIANCE,RELIANCE,1263.925048828125,1.1005992423851714,-0.7422226575405544
2023-07-31,TCS,TCS,3364.39990234375,-0.624323776746149,0.9790276149264479
2023-08-01,HDFCBANK,HDFCBANK,827.2249755859375,3.067091784747781,-1.402928194840527
2023-08-01,INFOSYS,INFOSYS,1362,-0.3926395186593704,0.49863279048805165
2023-08-01,LT,LT,2681.35009765625,-0.4920469351650443,0.6773662277292383
2023-08-01,RELIANCE,RELIANCE,1277.5,1.0989041860322897,-0.7414153923608362
2023-08-01,TCS,TCS,3415,-0.6259150805270863,0.9832724499270311
2023-08-02,HDFCBANK,HDFCBANK,821,3.1595615103532277,-1.4254096625524628
2023-08-02,INFOSYS,INFOSYS,1369.300048828125,-0.4004235954693578,0.5115318655449466
2023-08-02,LT,LT,2638,-0.48093250613035443,0.6557213582798855
2023-08-02,RELIANCE,RELIANCE,1254.5999755859375,1.1026622440096663,-0.7432042770742555
2023-08-02,TCS,TCS,3434.949951171875,-0.6347545107148023,1.007185578091657
2023-08-03,HDFCBANK,HDFCBANK,820,3.1889633550876524,-1.432453294036363
2023-08-03,INFOSYS,INFOSYS,1350,-0.3925925925925926,0.49855553117417717
2023-08-03,LT,LT,2615,-0.4837476099426386,0.6611595050665473
2023-08-03,RELIANCE,RELIANCE,1237.6500244140625,1.1128751653667301,-0.7480496575544171
2023-08-03,TCS,TCS,3420,-0.6381140279491045,1.016426111112045
2023-08-04,HDFCBANK,HDFCBANK,817.57501220703125,3.1831024052065415,-1.43105317344334
2023-08-04,INFOSYS,INFOSYS,1368.9000244140625,-0.40275038525404205,0.515420137822959
2023-08-04,LT,LT,2605,-0.47451054724988007,0.6434251597511977
2023-08-04,RELIANCE,RELIANCE,1249.4000244140625,1.085000759641957,-0.7347692195873687
2023-08-04,TCS,TCS,3401.25,-0.6326644544170342,1.0014795554973581
2023-08-07,HDFCBANK,HDFCBANK,831.54998779296875,3.090253201767601,-1.4086068756611603
2023-08-07,INFOSYS,INFOSYS,1387.9000244140625,-0.40085742981089084,0.5122556955161466
2023-08-07,LT,LT,2628,-0.4718797471788194,0.6384312696520578
2023-08-07,RELIANCE,RELIANCE,1260.5,1.0848869496231655,-0.7347146329765266
2023-08-07,TCS,TCS,3453.949951171875,-0.6350555109889966,1.0080100218670873
2023-08-08,HDFCBANK,HDFCBANK,825.8499755859375,3.18229709181902,-1.4308606390903078
2023-08-08,INFOSYS,INFOSYS,1392.8499755859375,-0.407079017796929,0.522694139785413
2023-08-08,LT,LT,2639.050048828125,-0.4722153995508971,0.639067032206504
2023-08-08,RELIANCE,RELIANCE,1264,1.0878560512880735,-0.7361377266898677
2023-08-08,TCS,TCS,3484.050048828125,-0.6372038339618136,1.0139141284976931
2023-08-09,HDFCBANK,HDFCBANK,826.5,3.215426556355868,-1.4387507859434177
2023-08-09,INFOSYS,INFOSYS,1384,-0.4028179190751445,0.515533218916536
2023-08-09,LT,LT,2635,-0.47476280834914614,0.6439053247978483
2023-08-09,RELIANCE,RELIANCE,1252.425048828125,1.1039183162821036,-0.7438014710619925
2023-08-09,TCS,TCS,3464.89990234375,-0.6385393275052617,1.0176020330807782
2023-08-10,HDFCBANK,HDFCBANK,823.5250244140625,3.2074008677623658,-1.4368450859644701
2023-08-10,INFOSYS,INFOSYS,1391.5999755859375,-0.40821713217743144,0.5246154887041286
2023-08-10,LT,LT,2640.10009765625,-0.47289878257974727,0.6403626854665525
2023-08-10,RELIANCE,RELIANCE,1262.4749755859375,1.0912098447186502,-0.7377427715654585
2023-08-10,TCS,TCS,3450,-0.6340652244678442,1.005300170390404
2023-08-11,HDFCBANK,HDFCBANK,819.20001220703125,3.2114257184948665,-1.4378012408390006
2023-08-11,INFOSYS,INFOSYS,1392,-0.4114942441041442,0.5301685717079607
2023-08-11,LT,LT,2642.050048828125,-0.47313640004003016,0.6408135875467549
2023-08-11,RELIANCE,RELIANCE,1266.2249755859375,1.0865565754660094,-0.7355151356907363
2023-08-11,TCS,TCS,3438.10009765625,-0.6317079376341829,0.9988790078518361
2023-08-14,HDFCBANK,HDFCBANK,805.5,3.2682806923106766,-1.4512110979851913
2023-08-14,INFOSYS,INFOSYS,1371.8499755859375,-0.412836669945663,0.532452252449386
2023-08-14,LT,LT,2637,-0.4797686857846274,0.6534817312868721
2023-08-14,RELIANCE,RELIANCE,1269.5,1.0771957463568334,-0.7310187852085539
2023-08-14,TCS,TCS,3440.699951171875,-0.6310343773023224,0.9970518027025195
2023-08-16,HDFCBANK,HDFCBANK,791.54998779296875,3.3467879530456086,-1.4694371707491465
2023-08-16,INFOSYS,INFOSYS,1410.800048828125,-0.43893538389762154,0.577919199874029
2023-08-16,LT,LT,2669,-0.4714124957556669,0.637546916432389
2023-08-16,RELIANCE,RELIANCE,1275.5,1.0925127401019208,-0.7383656118226574
2023-08-16,TCS,TCS,3450,-0.6302898550724638,0.9950359724435387
2023-08-17,HDFCBANK,HDFCBANK,798.79998779296875,3.318978533702937,-1.463018923765457
2023-08-17,INFOSYS,INFOSYS,1420,-0.43746479732889526,0.5753015643353585
2023-08-17,LT,LT,2691.050048828125,-0.47232493850555873,0.6392745985569839
2023-08-17,RELIANCE,RELIANCE,1283.550048828125,1.0965680701621574,-0.7403017555786509
2023-08-17,TCS,TCS,3455,-0.6284949207443922,0.9901927426281301
2023-08-18,HDFCBANK,HDFCBANK,793.7750244140625,3.3526186812823475,-1.4707776596709623
2023-08-18,INFOSYS,INFOSYS,1403.699951171875,-0.43451232312761595,0.5700667752241726
2023-08-18,LT,LT,2650,-0.4703019052181604,0.6354480672252878
2023-08-18,RELIANCE,RELIANCE,1265.625,1.0938271604938272,-0.7389935686853644
2023-08-18,TCS,TCS,3410,-0.6288489736070382,0.9911462199826593
2023-08-21,HDFCBANK,HDFCBANK,800.25,3.261168384879725,-1.4495433914275901
2023-08-21,INFOSYS,INFOSYS,1389.75,-0.42417701025364274,0.5519549749836061
2023-08-21,LT,LT,2641.85009765625,-0.4739481996980321,0.642355591431695
2023-08-21,RELIANCE,RELIANCE,1269.9749755859375,1.080237916843488,-0.7324822702698093
2023-08-21,TCS,TCS,3375,-0.6237111183449074,0.9773981283111652
2023-08-22,HDFCBANK,HDFCBANK,798.17498779296875,3.2283960931076057,-1.4418227469472304
2023-08-22,INFOSYS,INFOSYS,1404.699951171875,-0.4317825759678507,0.5652511447169282
2023-08-22,LT,LT,2668,-0.4735007679265836,0.6415054059591867
2023-08-22,RELIANCE,RELIANCE,1258.449951171875,1.1200684202939852,-0.7514483618867134
2023-08-22,TCS,TCS,3400,-0.6298676614200368,0.9938946654554517
2023-08-23,HDFCBANK,HDFCBANK,790,3.3037974683544302,-1.459497765143185
2023-08-23,INFOSYS,INFOSYS,1416,-0.442090395480226,0.5835583287925976
2023-08-23,LT,LT,2689.550048828125,-0.47351788429556413,0.6415379162577182
2023-08-23,RELIANCE,RELIANCE,1262.0999755859375,1.1310118856309186,-0.7565969305907982
2023-08-23,TCS,TCS,3388,-0.6274793460490149,0.9874627958513607
2023-08-24,HDFCBANK,HDFCBANK,796.6500244140625,3.2528085058327587,-1.4475795895895205
2023-08-24,INFOSYS,INFOSYS,1421.5,-0.43957085866052586,0.5790524649086297
2023-08-24,LT,LT,2747.5,-0.48262056414922655,0.6589787551867214
2023-08-24,RELIANCE,RELIANCE,1269.949951171875,1.1634710859783743,-0.7717139161277586
2023-08-24,TCS,TCS,3408,-0.6273621035293794,0.9871481177991894
2023-08-25,HDFCBANK,HDFCBANK,787.2750244140625,3.328855729338599,-1.4653032413483924
2023-08-25,INFOSYS,INFOSYS,1413,-0.44283437762628275,0.5848927360837131
2023-08-25,LT,LT,2677.449951171875,-0.4722590428323213,0.6391497270898894
2023-08-25,RELIANCE,RELIANCE,1228,1.1803338364591816,-0.7794780010673295
2023-08-25,TCS,TCS,3375,-0.6361481481481481,1.0110084945995421
2023-08-28,HDFCBANK,HDFCBANK,780.75,3.322766570605187,-1.4638956071434421
2023-08-28,INFOSYS,INFOSYS,1420.0999755859375,-0.4502147641556995,0.5982275572959885
2023-08-28,LT,LT,2653.550048828125,-0.46483015226598434,0.6251711100698003
2023-08-28,RELIANCE,RELIANCE,1236,1.146885152773564,-0.7640180255113407
2023-08-28,TCS,TCS,3394,-0.6358279316440778,1.0101288077765354
2023-08-29,HDFCBANK,HDFCBANK,794.8499755859375,3.269988179213384,-1.451611058902599
2023-08-29,INFOSYS,INFOSYS,1424,-0.4418188373694259,0.5830717050803491
2023-08-29,LT,LT,2710,-0.4745387453874539,0.6434788219018257
2023-08-29,RELIANCE,RELIANCE,1226.0250244140625,1.2103953394386493,-0.7931713861551808
2023-08-29,TCS,TCS,3381.050048828125,-0.6373833552570439,1.0144090778457802
2023-08-30,HDFCBANK,HDFCBANK,801.9749755859375,3.2159046750278812,-1.4388642006959405
2023-08-30,INFOSYS,INFOSYS,1427,-0.43799931633781536,0.5762522126084306
2023-08-30,LT,LT,2722.949951171875,-0.47593601586916334,0.6461414949956454
2023-08-30,RELIANCE,RELIANCE,1216,1.239268051950555,-0.8061490499463693
2023-08-30,TCS,TCS,3398,-0.6421424367274867,1.0276202397057652
2023-08-31,HDFCBANK,HDFCBANK,789.5,3.303989867004433,-1.4595424685361813
2023-08-31,INFOSYS,INFOSYS,1435.1500244140625,-0.44988329681955447,0.5976248356634155
2023-08-31,LT,LT,2720,-0.4723713145536535,0.6393624899309307
2023-08-31,RELIANCE,RELIANCE,1211.5,1.2451506397028478,-0.8087726190334621
2023-08-31,TCS,TCS,3401,-0.643781240811526,1.0322102447506145
2023-09-01,HDFCBANK,HDFCBANK,785.5,3.329726288987906,-1.4655043273115194
2023-09-01,INFOSYS,INFOSYS,1430.949951171875,-0.451063959744563,0.5997733465264865
2023-09-01,LT,LT,2710,-0.4719741877594557,0.6386101096515846
2023-09-01,RELIANCE,RELIANCE,1203.2750244140625,1.252186694658306,-0.8119016085545674
2023-09-01,TCS,TCS,3366,-0.6425207889441288,1.0286780694315718
2023-09-04,HDFCBANK,HDFCBANK,795,3.2339622641509433,-1.4431382600964193
2023-09-04,INFOSYS,INFOSYS,1443,-0.4490644490644491,0.5961374441195391
2023-09-04,LT,LT,2733,-0.47200878155872666,0.6386756271541971
2023-09-04,RELIANCE,RELIANCE,1206.324951171875,1.2655587098194798,-0.817821399518686
2023-09-04,TCS,TCS,3378,-0.6428878178887285,1.029705310958363
2023-09-05,HDFCBANK,HDFCBANK,794.20001220703125,3.253336625635088,-1.447703763300371
2023-09-05,INFOSYS,INFOSYS,1465,-0.45788395071192406,0.6122751873837933
2023-09-05,LT,LT,2720.5,-0.46149604852049253,0.6189604444748129
2023-09-05,RELIANCE,RELIANCE,1210,1.2483471074380166,-0.8101953273351938
2023-09-05,TCS,TCS,3420,-0.6461988304093568,1.0390201914658643
2023-09-06,HDFCBANK,HDFCBANK,788.4000244140625,3.337899409049027,-1.467390223811492
2023-09-06,INFOSYS,INFOSYS,1481.9000244140625,-0.467980287856603,0.6310747374258119
2023-09-06,LT,LT,2740,-0.45916057503136404,0.6146328557111449
2023-09-06,RELIANCE,RELIANCE,1210.550048828125,1.263433884995058,-0.8168830782757874
2023-09-06,TCS,TCS,3434,-0.6474810574175525,1.0426509203510932
2023-09-07,HDFCBANK,HDFCBANK,797.75,3.3046067063616422,-1.459685776299068
2023-09-07,INFOSYS,INFOSYS,1470.5999755859375,-0.45753433071957655,0.6116304780023389
2023-09-07,LT,LT,2733,-0.4619099979561151,0.6197294427673761
2023-09-07,RELIANCE,RELIANCE,1210.8499755859375,1.257092170875657,-0.8140773347843053
2023-09-07,TCS,TCS,3430.800048828125,-0.6470648366699384,1.0414709122047885
2023-09-08,HDFCBANK,HDFCBANK,804.1500244140625,3.2663681460781526,-1.45076291404681
2023-09-08,INFOSYS,INFOSYS,1463.5,-0.45052953576080457,0.5988002568301987
2023-09-08,LT,LT,2888,-0.4932479224376731,0.6797333938807766
2023-09-08,RELIANCE,RELIANCE,1220,1.3672131147540985,-0.8617133622854141
2023-09-08,TCS,TCS,3455.25,-0.6469141161999855,1.0410439547568338
2023-09-11,HDFCBANK,HDFCBANK,814.45001220703125,3.242433480523644,-1.4451370386924554
2023-09-11,INFOSYS,INFOSYS,1469.5999755859375,-0.44580156114775,0.5902324634965082
2023-09-11,LT,LT,2905,-0.4941136056502797,0.6814431519978221
2023-09-11,RELIANCE,RELIANCE,1226,1.3694942903752039,-0.8626765527898543
2023-09-11,TCS,TCS,3462,-0.6458694396302715,1.0380896192399982
2023-09-12,HDFCBANK,HDFCBANK,820,3.2219512195121953,-1.4402973954778568
2023-09-12,INFOSYS,INFOSYS,1482.5,-0.4468802698145025,0.5921807906135825
2023-09-12,LT,LT,2951.60009765625,-0.4977300613395442,0.6886175773981984
2023-09-12,RELIANCE,RELIANCE,1241.5,1.3774467157923882,-0.8660271033218576
2023-09-12,TCS,TCS,3492,-0.6444730813287515,1.034154312011272
2023-09-13,HDFCBANK,HDFCBANK,815.6500244140625,3.281247956203451,-1.4542445456451496
2023-09-13,INFOSYS,INFOSYS,1505,-0.45803985088766613,0.6125628058686319
2023-09-13,LT,LT,2943.5,-0.4887039239001189,0.6708064512853404
2023-09-13,RELIANCE,RELIANCE,1220,1.4127049180327869,-0.8807484907410137
2023-09-13,TCS,TCS,3571.10009765625,-0.6583685792507752,1.074022840181728
2023-09-14,HDFCBANK,HDFCBANK,822.125,3.3437434668161776,-1.4687365262875156
2023-09-14,INFOSYS,INFOSYS,1505,-0.4537375415282392,0.6046557255614609
2023-09-14,LT,LT,2924.89990234375,-0.48545247692270455,0.6644673604764746
2023-09-14,RELIANCE,RELIANCE,1230,1.3779674002794715,-0.8662460892929875
2023-09-14,TCS,TCS,3570.050048828125,-0.6554670149781935,1.0655654455885397
2023-09-15,HDFCBANK,HDFCBANK,825,3.3273333925189394,-1.464951507620322
2023-09-15,INFOSYS,INFOSYS,1518,-0.45652173913043476,0.6097655716208941
2023-09-15,LT,LT,2933,-0.48244118649846573,0.658632111021876
2023-09-15,RELIANCE,RELIANCE,1234,1.3768233387358184,-0.8657648645121174
2023-09-15,TCS,TCS,3567.85009765625,-0.6541334511753661,1.0617022753632765
2023-09-18,HDFCBANK,HDFCBANK,826.875,3.3148602843915342,-1.4620649449593897
2023-09-18,INFOSYS,INFOSYS,1504.9000244140625,-0.45054489561727107,0.5988282111464986
2023-09-18,LT,LT,2910,-0.48285222528726374,0.6594266141498188
2023-09-18,RELIANCE,RELIANCE,1220.0250244140625,1.3851969769206793,-0.8692817108337945
2023-09-18,TCS,TCS,3580.050048828125,-0.6592156512411275,1.0765054100848692
2023-09-20,HDFCBANK,HDFCBANK,799.5,3.477861224300344,-1.4991455271426037
2023-09-20,INFOSYS,INFOSYS,1476.199951171875,-0.4584067020424162,0.6132399319850395
2023-09-20,LT,LT,2926.949951171875,-0.49565247927083866,0.6844897232678147
2023-09-20,RELIANCE,RELIANCE,1211.5250244140625,1.4159219926864113,-0.8820809917559469
2023-09-20,TCS,TCS,3580,-0.6615851887111557,1.0834828836238293
2023-09-21,HDFCBANK,HDFCBANK,776.5,3.610431423052157,-1.5283214368060039
2023-09-21,INFOSYS,INFOSYS,1486.550048828125,-0.4776496084930814,0.6494166681881932
2023-09-21,LT,LT,2885.050048828125,-0.48474029092426146,0.6630842159621482
2023-09-21,RELIANCE,RELIANCE,1187.4749755859375,1.42956702932165,-0.887713064243119
2023-09-21,TCS,TCS,3588.550048828125,-0.6690933777073226,1.1059190512820951
2023-09-22,HDFCBANK,HDFCBANK,779.5,3.6036562525056124,-1.5268508252802278
2023-09-22,INFOSYS,INFOSYS,1491.9000244140625,-0.4775119061304759,0.6491530822553804
2023-09-22,LT,LT,2908.699951171875,-0.4870904357759567,0.6676557374142282
2023-09-22,RELIANCE,RELIANCE,1188,1.4484006322995582,-0.8954350082448492
2023-09-22,TCS,TCS,3584,-0.6685267857142857,1.1042082741722297
2023-09-25,HDFCBANK,HDFCBANK,762.5,3.700327868852459,-1.5476322656132533
2023-09-25,INFOSYS,INFOSYS,1489.8499755859375,-0.4882035020337405,0.6698281978623921
2023-09-25,LT,LT,2917.949951171875,-0.4894189412030181,0.6722058708342677
2023-09-25,RELIANCE,RELIANCE,1175.199951171875,1.4829391358144464,-0.909442993867339
2023-09-25,TCS,TCS,3602.5,-0.6737821093207842,1.12018974456279
2023-09-26,HDFCBANK,HDFCBANK,762.5,3.724590163934426,-1.5527808193921109
2023-09-26,INFOSYS,INFOSYS,1479.1500244140625,-0.48450124232526715,0.6626203854703485
2023-09-26,LT,LT,2915,-0.49257289042399227,0.6784022048326772
2023-09-26,RELIANCE,RELIANCE,1169.2750244140625,1.4929977457277348,-0.9134859003002314
2023-09-26,TCS,TCS,3567.60009765625,-0.6722516559010572,1.115509208680785
2023-09-27,HDFCBANK,HDFCBANK,761.5,3.68496401530696,-1.5443582348299296
2023-09-27,INFOSYS,INFOSYS,1456,-0.47699175824175827,0.6481580564214147
2023-09-27,LT,LT,2922,-0.5017111567419575,0.6965753635540137
2023-09-27,RELIANCE,RELIANCE,1171.75,1.493705995306166,-0.9137699555078296
2023-09-27,TCS,TCS,3590,-0.6736072423398328,1.119653844679509
2023-09-28,HDFCBANK,HDFCBANK,767,3.680573663624511,-1.5434206801150685
2023-09-28,INFOSYS,INFOSYS,1467.9000244140625,-0.4774848509821633,0.6491013022278969
2023-09-28,LT,LT,2989,-0.5088992892559175,0.7111060586887845
2023-09-28,RELIANCE,RELIANCE,1191.5,1.5086026017624843,-0.9197258657451401
2023-09-28,TCS,TCS,3600,-0.6690277777777778,1.1057208279054036
2023-09-29,HDFCBANK,HDFCBANK,761.8499755859375,3.7253397852132846,-1.5529394705745982
2023-09-29,INFOSYS,INFOSYS,1432.0999755859375,-0.46801900106573924,0.6311475065673182
2023-09-29,LT,LT,3040,-0.5289144817151521,0.7527156339633461
2023-09-29,RELIANCE,RELIANCE,1170.9000244140625,1.5962933953488179,-0.9540848106949067
2023-09-29,TCS,TCS,3537.199951171875,-0.6689754493448573,1.105562735192045
2023-10-03,HDFCBANK,HDFCBANK,763.5,3.632874854187132,-1.533177594238718
2023-10-03,INFOSYS,INFOSYS,1436.050048828125,-0.4683332933813505,0.6317384772865093
2023-10-03,LT,LT,3040.5,-0.5276927976227183,0.750125652614968
2023-10-03,RELIANCE,RELIANCE,1164.9749755859375,1.6099273063532937,-0.9593223689748109
2023-10-03,TCS,TCS,3534.199951171875,-0.6703709491027372,1.1097873449727098
2023-10-04,HDFCBANK,HDFCBANK,747.5,3.7280266905309363,-1.5535079252932222
2023-10-04,INFOSYS,INFOSYS,1425,-0.47543859649122805,0.6451927874379102
2023-10-04,LT,LT,3064.10009765625,-0.5349368641416148,0.7655821065719737
2023-10-04,RELIANCE,RELIANCE,1154.5,1.6540494566100044,-0.9760865704801747
2023-10-04,TCS,TCS,3486.300048828125,-0.668846632868542,1.1051736661081017
2023-10-05,HDFCBANK,HDFCBANK,767.5250244140625,3.5422623861542584,-1.5134252108730788
2023-10-05,INFOSYS,INFOSYS,1452,-0.4714014983374225,0.637526111355168
2023-10-05,LT,LT,3032.550048828125,-0.5211950415917787,0.7364619494450455
2023-10-05,RELIANCE,RELIANCE,1159.625,1.6151126862805865,-0.9613071888563516
2023-10-05,TCS,TCS,3554,-0.6737127180641531,1.119977052741162
2023-10-06,HDFCBANK,HDFCBANK,772,3.6036269430051813,-1.5268444586898209
2023-10-06,INFOSYS,INFOSYS,1469.5,-0.4746512419190201,0.6436929358341956
2023-10-06,LT,LT,3114.949951171875,-0.5282428215428759,0.7512908781939789
2023-10-06,RELIANCE,RELIANCE,1158.5250244140625,1.6887204726089513,-0.9890654197111255
2023-10-06,TCS,TCS,3591,-0.6773809455822717,1.1312830498842574
2023-10-09,HDFCBANK,HDFCBANK,764,3.700261780104712,-1.5476182050595622
2023-10-09,INFOSYS,INFOSYS,1464.9000244140625,-0.47846270239118316,0.6509744872352305
2023-10-09,LT,LT,3075,-0.5236097481580284,0.7415179038388677
2023-10-09,RELIANCE,RELIANCE,1154.050048828125,1.6645291537594016,-0.9800273642446271
2023-10-09,TCS,TCS,3645.050048828125,-0.6833925369010642,1.1500925591695434
2023-10-10,HDFCBANK,HDFCBANK,760.2750244140625,3.794383521459664,-1.5674451331168155
2023-10-10,INFOSYS,INFOSYS,1483.9000244140625,-0.4876507770701957,0.6687488104159938
2023-10-10,LT,LT,3073.85009765625,-0.5172503611853073,0.7282571058567182
2023-10-10,RELIANCE,RELIANCE,1153.2750244140625,1.6653226963082484,-0.9803251370822323
2023-10-10,TCS,TCS,3640.050048828125,-0.6831705583868697,1.1493916889751166
2023-10-11,HDFCBANK,HDFCBANK,765.04998779296875,3.757924458412205,-1.5598115350023543
2023-10-11,INFOSYS,INFOSYS,1497,-0.4889445639325526,0.6712772092076671
2023-10-11,LT,LT,3090,-0.5155339805825243,0.724707985472163
2023-10-11,RELIANCE,RELIANCE,1157.2249755859375,1.6701808768303164,-0.9821462142488331
2023-10-11,TCS,TCS,3650,-0.6829520614833048,1.1487022909335787
2023-10-12,HDFCBANK,HDFCBANK,768.04998779296875,3.7522948480065255,-1.5586276272749204
2023-10-12,INFOSYS,INFOSYS,1491.9000244140625,-0.4851866913169217,0.6639509514515947
2023-10-12,LT,LT,3094,-0.5178086540355324,0.7294142603798006
2023-10-12,RELIANCE,RELIANCE,1171.925048828125,1.6401005790377703,-0.9708170145528783
2023-10-12,TCS,TCS,3575,-0.6721887975305944,1.115317438547974
2023-10-13,HDFCBANK,HDFCBANK,770,3.642857142857143,-1.5353299402803788
2023-10-13,INFOSYS,INFOSYS,1405,-0.45195729537366547,0.6014020669201168
2023-10-13,LT,LT,3067.75,-0.5420096161682014,0.7809070910888112
2023-10-13,RELIANCE,RELIANCE,1170,1.622008547008547,-0.9639406450648549
2023-10-13,TCS,TCS,3530,-0.6685552407932012,1.1042941221355411
2023-10-16,HDFCBANK,HDFCBANK,765.75,3.6098596147567745,-1.5281974042144588
2023-10-16,INFOSYS,INFOSYS,1432.0999755859375,-0.46529571045715806,0.6260414147240363
2023-10-16,LT,LT,3098.949951171875,-0.5378757326995921,0.7719214472274736
2023-10-16,RELIANCE,RELIANCE,1172.5,1.6430276769056502,-0.9719251073439601
2023-10-16,TCS,TCS,3566,-0.6712002243409984,1.1123062981026521
2023-10-17,HDFCBANK,HDFCBANK,777.875,3.584284107343725,-1.5226339555337045
2023-10-17,INFOSYS,INFOSYS,1440.25,-0.4599027946537059,0.6160061457231105
2023-10-17,LT,LT,3109.89990234375,-0.5368822003195126,0.769773830301256
2023-10-17,RELIANCE,RELIANCE,1178,1.6399829391712648,-0.9707724547022165
2023-10-17,TCS,TCS,3530,-0.6662889518413597,1.0974797857158114
2023-10-18,HDFCBANK,HDFCBANK,770.5999755859375,3.5808462390826192,-1.5218837494171744
2023-10-18,INFOSYS,INFOSYS,1442,-0.46560334564082007,0.6266169173347258
2023-10-18,LT,LT,3068.64990234375,-0.5300865051765468,0.7552066547850895
2023-10-18,RELIANCE,RELIANCE,1177.625,1.6057954801772636,-0.9577379952611524
2023-10-18,TCS,TCS,3511,-0.6645898604386214,1.0924011987996005
2023-10-19,HDFCBANK,HDFCBANK,752.70001220703125,3.6645409101365796,-1.539989417910288
2023-10-19,INFOSYS,INFOSYS,1426.0999755859375,-0.47219688304266916,0.6390319493651164
2023-10-19,LT,LT,3025.60009765625,-0.5286554965771414,0.7521660225575877
2023-10-19,RELIANCE,RELIANCE,1156,1.6173011225400087,-0.9621436809485253
2023-10-19,TCS,TCS,3469.5,-0.6668107796512466,1.0990447211072798
2023-10-20,HDFCBANK,HDFCBANK,752.5,3.61063122923588,-1.5283647737165724
2023-10-20,INFOSYS,INFOSYS,1430,-0.4737762237762238,0.6420287266309224
2023-10-20,LT,LT,3039.949951171875,-0.5295975187194292,0.754166607580486
2023-10-20,RELIANCE,RELIANCE,1150,1.6434347401494565,-0.9720791094771428
2023-10-20,TCS,TCS,3450.39990234375,-0.6667053000961307,1.0987281956734591
2023-10-23,HDFCBANK,HDFCBANK,761.75,3.5295699407203807,-1.5106269991649368
2023-10-23,INFOSYS,INFOSYS,1425.5999755859375,-0.4656635710961539,0.6267296217252616
2023-10-23,LT,LT,3003,-0.5252747334046162,0.7450190283922495
2023-10-23,RELIANCE,RELIANCE,1145,1.6227074235807861,-0.9642071519949891
2023-10-23,TCS,TCS,3473,-0.6703138496976677,1.1096141367557344
2023-10-25,HDFCBANK,HDFCBANK,760.5,3.566732412886259,-1.5187979410447277
2023-10-25,INFOSYS,INFOSYS,1399,-0.45639742673338096,0.6095368629661344
2023-10-25,LT,LT,2959,-0.5272051368705644,0.7490936777347281
2023-10-25,RELIANCE,RELIANCE,1125.0250244140625,1.6301637170614152,-0.9670460940854708
2023-10-25,TCS,TCS,3390.5,-0.6681831516254055,1.1031721238091574
2023-10-26,HDFCBANK,HDFCBANK,745.625,3.5471919530595137,-1.5145098892717161
2023-10-26,INFOSYS,INFOSYS,1355.050048828125,-0.4497435717264969,0.5973708761840095
2023-10-26,LT,LT,2906,-0.5337061084555661,0.7629391750940382
2023-10-26,RELIANCE,RELIANCE,1125.5,1.5819635717458906,-0.9485501837834409
2023-10-26,TCS,TCS,3368.050048828125,-0.6658303814720316,1.096106575008382
2023-10-27,HDFCBANK,HDFCBANK,734.75,3.5839401821410344,-1.5225589300561424
2023-10-27,INFOSYS,INFOSYS,1363.6500244140625,-0.4611887310927085,0.6183899198404168
2023-10-27,LT,LT,2864.64990234375,-0.523973235508334,0.7422811984077793
2023-10-27,RELIANCE,RELIANCE,1120,1.557723127092634,-0.9391174592580827
2023-10-27,TCS,TCS,3350,-0.6656716417910448,1.0956316605299712
2023-10-30,HDFCBANK,HDFCBANK,731.625,3.578848453784384,-1.5214475372077265
2023-10-30,INFOSYS,INFOSYS,1380.3499755859375,-0.4699713746947137,0.6348242638844841
2023-10-30,LT,LT,2899.199951171875,-0.5238858999607836,0.7420977475108606
2023-10-30,RELIANCE,RELIANCE,1137,1.549868030933927,-0.9360416052561931
2023-10-30,TCS,TCS,3350,-0.6605970149253731,1.080567131068575
2023-10-31,HDFCBANK,HDFCBANK,752,3.4547872340425534,-1.4939793008692712
2023-10-31,INFOSYS,INFOSYS,1379.949951171875,-0.4550527000190189,0.6070661862769802
2023-10-31,LT,LT,2929.949951171875,-0.5290192753565827,0.7529381101270971
2023-10-31,RELIANCE,RELIANCE,1164,1.517139133309171,-0.9231229920625346
2023-10-31,TCS,TCS,3399,-0.6575463371579876,1.071618921404733
2023-11-01,HDFCBANK,HDFCBANK,731.125,3.6489998290306036,-1.5366521059329257
2023-11-01,INFOSYS,INFOSYS,1373.050048828125,-0.4675175893085596,0.630205413509481
2023-11-01,LT,LT,2947.449951171875,-0.5341566195951132,0.7639057949003316
2023-11-01,RELIANCE,RELIANCE,1144.574951171875,1.5751480478881033,-0.9459070267884409
2023-11-01,TCS,TCS,3355,-0.6588450220054024,1.0754184240212208
2023-11-02,HDFCBANK,HDFCBANK,742.5,3.5185185185185186,-1.5081841787289276
2023-11-02,INFOSYS,INFOSYS,1370,-0.458029197080292,0.6125431481453161
2023-11-02,LT,LT,2935,-0.5332197614991482,0.7618967134400254
2023-11-02,RELIANCE,RELIANCE,1156.9749755859375,1.536787797431488,-0.9308986340094787
2023-11-02,TCS,TCS,3343.199951171875,-0.6539318639376059,1.0611195982757824
2023-11-03,HDFCBANK,HDFCBANK,744,3.493548321467574,-1.5026426616954085
2023-11-03,INFOSYS,INFOSYS,1380.050048828125,-0.46088911729558607,0.6178340099272743
2023-11-03,LT,LT,2934,-0.5296352935146131,0.7542469139425609
2023-11-03,RELIANCE,RELIANCE,1163.5999755859375,1.5214850993122162,-0.9248480530633714
2023-11-03,TCS,TCS,3382,-0.6559432360774874,1.0669486238189698
2023-11-06,HDFCBANK,HDFCBANK,749,3.515353805073431,-1.507483545941306
2023-11-06,INFOSYS,INFOSYS,1393.9000244140625,-0.46265873672335406,0.6211218867335528
2023-11-06,LT,LT,2933,-0.5247528044957168,0.7439201987266788
2023-11-06,RELIANCE,RELIANCE,1166.1500244140625,1.5151137834719846,-0.9223180444654879
2023-11-06,TCS,TCS,3375,-0.6544740668402778,1.0626875787946668
2023-11-07,HDFCBANK,HDFCBANK,747,3.5180722891566263,-1.5080854181738124
2023-11-07,INFOSYS,INFOSYS,1400,-0.4664285714285714,0.6281623304705324
2023-11-07,LT,LT,2970,-0.5286195286195287,0.7520897161933959
2023-11-07,RELIANCE,RELIANCE,1167.0250244140625,1.544932574595966,-0.9341041563690053
2023-11-07,TCS,TCS,3378,-0.6545218992261508,1.0628260219400048
2023-11-08,HDFCBANK,HDFCBANK,741.9749755859375,3.5527141900336923,-1.515723580394508
2023-11-08,INFOSYS,INFOSYS,1405,-0.4719039319673043,0.6384770647946088
2023-11-08,LT,LT,2974.699951171875,-0.5276834561258845,0.7501058743765503
2023-11-08,RELIANCE,RELIANCE,1166,1.5512006442297384,-0.9365640892339586
2023-11-08,TCS,TCS,3371.449951171875,-0.6541547355330865,1.0617638164771295
2023-11-09,HDFCBANK,HDFCBANK,743,3.537617700096736,-1.5124021386698079
2023-11-09,INFOSYS,INFOSYS,1395.9000244140625,-0.46772692384479414,0.6305986202907894
2023-11-09,LT,LT,3003,-0.5351648270349442,0.766072402974781
2023-11-09,RELIANCE,RELIANCE,1167.925048828125,1.5712266407961335,-0.9443830771780393
2023-11-09,TCS,TCS,3390.10009765625,-0.6554895091045921,1.0656307364655104
2023-11-10,HDFCBANK,HDFCBANK,740.04998779296875,3.5809069030140175,-1.5218969922824765
2023-11-10,INFOSYS,INFOSYS,1369.949951171875,-0.45979779249605485,0.6158117511752046
2023-11-10,LT,LT,3021.050048828125,-0.5465318584499178,0.7908302620598029
2023-11-10,RELIANCE,RELIANCE,1152.7750244140625,1.6206761812554686,-0.9634323689235949
2023-11-10,TCS,TCS,3338,-0.6546509813019585,1.0631997249220433
2023-11-13,HDFCBANK,HDFCBANK,746.04998779296875,3.4742310228765874,-1.4983344984975657
2023-11-13,INFOSYS,INFOSYS,1379.8499755859375,-0.45932528826101754,0.6149374531737886
2023-11-13,LT,LT,3050,-0.5475901719390369,0.793166810703454
2023-11-13,RELIANCE,RELIANCE,1161.449951171875,1.6260279204649528,-0.9654724081412756
2023-11-13,TCS,TCS,3356,-0.6539183697342447,1.0610806061269162
2023-11-15,HDFCBANK,HDFCBANK,752.04998779296875,3.462469323148065,-1.4957022727175504
2023-11-15,INFOSYS,INFOSYS,1399,-0.46243746405077285,0.6207101797959345
2023-11-15,LT,LT,3062.35009765625,-0.5431613122644874,0.7834249312854418
2023-11-15,RELIANCE,RELIANCE,1170,1.6173932458600426,-0.9621788781591212
2023-11-15,TCS,TCS,3383.10009765625,-0.6541633512970678,1.0617887289804555
2023-11-16,HDFCBANK,HDFCBANK,754.8499755859375,3.4818178539784475,-1.5000287351014459
2023-11-16,INFOSYS,INFOSYS,1416.0999755859375,-0.46695149452735185,0.6291428543178492
2023-11-16,LT,LT,3057.949951171875,-0.536911984107766,0.7698381438431543
2023-11-16,RELIANCE,RELIANCE,1175.550048828125,1.6012928621969478,-0.9560085761284247
2023-11-16,TCS,TCS,3430.050048828125,-0.6572790390537446,1.07083868784522
2023-11-17,HDFCBANK,HDFCBANK,745,3.604094025272651,-1.526945913169051
2023-11-17,INFOSYS,INFOSYS,1441.050048828125,-0.4830158740108709,0.6597431090280104
2023-11-17,LT,LT,3050,-0.5275245741547131,0.7497695421938868
2023-11-17,RELIANCE,RELIANCE,1176.449951171875,1.5925454771466145,-0.9526402027793051
2023-11-17,TCS,TCS,3497.85009765625,-0.6636648460263748,1.0896471341092315
2023-11-20,HDFCBANK,HDFCBANK,756.5,3.623727822414078,-1.531201267702973
2023-11-20,INFOSYS,INFOSYS,1442,-0.47538141470180306,0.6450837846164843
2023-11-20,LT,LT,3095.10009765625,-0.534102305417538,0.763789208481434
2023-11-20,RELIANCE,RELIANCE,1174.2750244140625,1.6357540042211467,-0.9691692906698783
2023-11-20,TCS,TCS,3491.25,-0.663651980117705,1.0896088816029366
2023-11-21,HDFCBANK,HDFCBANK,759.5,3.596774193548387,-1.525354795223559
2023-11-21,INFOSYS,INFOSYS,1442,-0.4733009708737864,0.6411259958090669
2023-11-21,LT,LT,3088.5,-0.5331066860935729,0.7616544972910599
2023-11-21,RELIANCE,RELIANCE,1183,1.610735418427726,-0.9596319511575677
2023-11-21,TCS,TCS,3519.60009765625,-0.6638822686737121,1.090293789539424
2023-11-22,HDFCBANK,HDFCBANK,760,3.631052760074013,-1.532784220237434
2023-11-22,INFOSYS,INFOSYS,1436.199951171875,-0.47082577228896716,0.6364375483977023
2023-11-22,LT,LT,3074.85009765625,-0.5329203357696712,0.7612554486446061
2023-11-22,RELIANCE,RELIANCE,1187.5,1.5893474506578948,-0.951405894413889
2023-11-22,TCS,TCS,3500,-0.6607142857142857,1.0809127115687085
2023-11-23,HDFCBANK,HDFCBANK,754.25,3.640371229698376,-1.5347943694383348
2023-11-23,INFOSYS,INFOSYS,1467.9000244140625,-0.4861707286222903,0.6658642255559828
2023-11-23,LT,LT,3080,-0.5234090829824473,0.7410967723724671
2023-11-23,RELIANCE,RELIANCE,1194.0999755859375,1.579348516014049,-0.9475368538738573
2023-11-23,TCS,TCS,3530,-0.6617280522419441,1.0839051278335807
2023-11-24,HDFCBANK,HDFCBANK,760.5999755859375,3.6410729862048985,-1.5349455865316104
2023-11-24,INFOSYS,INFOSYS,1445.550048828125,-0.47383352364552245,0.6421376213479055
2023-11-24,LT,LT,3050,-0.5260491643186476,0.7466516848578184
2023-11-24,RELIANCE,RELIANCE,1195.800048828125,1.550593640624933,-0.9363261323216339
2023-11-24,TCS,TCS,3494.25,-0.6577806256483867,1.0723033020851922
2023-11-28,HDFCBANK,HDFCBANK,767.5999755859375,3.552175757083251,-1.5156053070371804
2023-11-28,INFOSYS,INFOSYS,1444,-0.46842106953882445,0.63190358712493655
2023-11-28,LT,LT,3054,-0.527177472167649,0.7490351663258057
2023-11-28,RELIANCE,RELIANCE,1196.949951171875,1.5514851285218554,-0.9366755929812323
2023-11-28,TCS,TCS,3457.10009765625,-0.6537705251915181,1.0606535017690915
2023-11-29,HDFCBANK,HDFCBANK,766.95001220703125,3.507595074818301,-1.505763768455986
2023-11-29,INFOSYS,INFOSYS,1451.0999755859375,-0.47146990206698497,0.6376555255620762
2023-11-29,LT,LT,3050,-0.524229516201332,0.7428197179289304
2023-11-29,RELIANCE,RELIANCE,1204,1.5332225913621262,-0.9294922437326907
2023-11-29,TCS,TCS,3481,-0.6541223786268314,1.0616702619426732
2023-11-30,HDFCBANK,HDFCBANK,784.57501220703125,3.436796922970884,-1.4899327023547233
2023-11-30,INFOSYS,INFOSYS,1453.25,-0.46012385191327626,0.6164155211247442
2023-11-30,LT,LT,3076.300048828125,-0.5275980961110748,0.7499251644195377
2023-11-30,RELIANCE,RELIANCE,1197.3499755859375,1.5692572026175562,-0.9436168309121511
2023-11-30,TCS,TCS,3499.449951171875,-0.6578462351819102,1.0724950382301968
2023-12-01,HDFCBANK,HDFCBANK,778.95001220703125,3.492521851635561,-1.5024142036894705
2023-12-01,INFOSYS,INFOSYS,1459.9000244140625,-0.4664360578254895,0.6281763612994666
2023-12-01,LT,LT,3129.949951171875,-0.533570808738502,0.7626490574363824
2023-12-01,RELIANCE,RELIANCE,1189,1.6324221624658326,-0.9679043966746406
2023-12-01,TCS,TCS,3500,-0.6602857142857143,1.0796503507867232
2023-12-04,HDFCBANK,HDFCBANK,794,3.4080604534005037,-1.4834347862303687
2023-12-04,INFOSYS,INFOSYS,1460.449951171875,-0.45633193430361035,0.6094163917099387
2023-12-04,LT,LT,3285,-0.5554185841181507,0.8106220779616358
2023-12-04,RELIANCE,RELIANCE,1225,1.6816326530612244,-0.9864258079398835
2023-12-04,TCS,TCS,3544.64990234375,-0.6544087473377779,1.062498552956403
2023-12-05,HDFCBANK,HDFCBANK,818.25,3.331988881568897,-1.4660267625539403
2023-12-05,INFOSYS,INFOSYS,1465.800048828125,-0.4417724295655653,0.5829885674220465
2023-12-05,LT,LT,3319.050048828125,-0.55836759697382,0.8172774102931903
2023-12-05,RELIANCE,RELIANCE,1219.5,1.7216482565216278,-1.001237673440552
2023-12-05,TCS,TCS,3538,-0.6553137365743358,1.0651206570637557
2023-12-06,HDFCBANK,HDFCBANK,819.2249755859375,3.3187159882051964,-1.4629581331234274
2023-12-06,INFOSYS,INFOSYS,1456.75,-0.4376351634900034,0.5756044644268803
2023-12-06,LT,LT,3330,-0.5625375375375375,0.8267643769513056
2023-12-06,RELIANCE,RELIANCE,1223.550048828125,1.721588710808652,-1.0012157946528601
2023-12-06,TCS,TCS,3532.60009765625,-0.6536403739444198,1.0602776620440126
2023-12-07,HDFCBANK,HDFCBANK,812.5,3.3478155048076923,-1.469673536161749
2023-12-07,INFOSYS,INFOSYS,1472.8499755859375,-0.44834843095491334,0.5948386475034475
2023-12-07,LT,LT,3392.300048828125,-0.565825559536004,0.8343088890836041
2023-12-07,RELIANCE,RELIANCE,1230,1.7579675193724593,-1.014494002424481
2023-12-07,TCS,TCS,3605,-0.6588072122052705,1.075307601352586
2023-12-08,HDFCBANK,HDFCBANK,815.2249755859375,3.4220921929053145,-1.4866129309075014
2023-12-08,INFOSYS,INFOSYS,1470.4000244140625,-0.4455760595414875,0.5898256493935623
2023-12-08,LT,LT,3377,-0.5645839430221905,0.8314532521804576
2023-12-08,RELIANCE,RELIANCE,1231.925048828125,1.7412381972526563,-1.0084097151329052
2023-12-08,TCS,TCS,3633,-0.6609069505014795,1.0814807269685405
2023-12-11,HDFCBANK,HDFCBANK,825.0250244140625,3.4035027938457714,-1.4824003137234403
2023-12-11,INFOSYS,INFOSYS,1490,-0.44629192992344796,0.5911176804417426
2023-12-11,LT,LT,3377.949951171875,-0.5589040626599305,0.8184928822059518
2023-12-11,RELIANCE,RELIANCE,1228,1.7507735758728624,-1.0118821724383693
2023-12-11,TCS,TCS,3622.89990234375,-0.6610450100469035,1.0818879534165173
2023-12-12,HDFCBANK,HDFCBANK,827.0999755859375,3.380244238040511,-1.4771044849434114
2023-12-12,INFOSYS,INFOSYS,1477.5,-0.4402030622091794,0.58018117210006
2023-12-12,LT,LT,3375,-0.5622222222222222,0.8260438540263761
2023-12-12,RELIANCE,RELIANCE,1230,1.7439024390243902,-1.0093811549401668
2023-12-12,TCS,TCS,3638.949951171875,-0.661990404785893,1.0846809956946384
2023-12-13,HDFCBANK,HDFCBANK,816.2249755859375,3.4582683206423677,-1.4947604217218133
2023-12-13,INFOSYS,INFOSYS,1476,-0.447002049061018,0.5924009828211299
2023-12-13,LT,LT,3352.949951171875,-0.5597906257192626,0.8205048146128018
2023-12-13,RELIANCE,RELIANCE,1211,1.7687447986555533,-1.0183940762201278
2023-12-13,TCS,TCS,3643.550048828125,-0.6676318470252676,1.1015120299328132
2023-12-14,HDFCBANK,HDFCBANK,823,3.4271568029503343,-1.4877575728088352
2023-12-14,INFOSYS,INFOSYS,1463.4000244140625,-0.43761105215949087,0.575561590455969
2023-12-14,LT,LT,3425.949951171875,-0.5728483937970272,0.8506162791130532
2023-12-14,RELIANCE,RELIANCE,1227,1.7921352495288305,-1.0268066255351807
2023-12-14,TCS,TCS,3630,-0.6619834710743802,1.084660482547986
2023-12-15,HDFCBANK,HDFCBANK,825,3.4,-1.4816045409242165
2023-12-15,INFOSYS,INFOSYS,1523.050048828125,-0.4583237756140865,0.6130868280219328
2023-12-15,LT,LT,3435.14990234375,-0.5566277769162354,0.8133456290401568
2023-12-15,RELIANCE,RELIANCE,1239,1.7725180809876917,-1.0197559617676282
2023-12-15,TCS,TCS,3666.699951171875,-0.6620939764640364,1.0849874590343846
2023-12-18,HDFCBANK,HDFCBANK,830.3499755859375,3.415848809514884,-1.4852000714129003
2023-12-18,INFOSYS,INFOSYS,1567.949951171875,-0.4704231630828907,0.6356770122548197
2023-12-18,LT,LT,3496,-0.5515017302139945,0.8018504552699799
2023-12-18,RELIANCE,RELIANCE,1247.800048828125,1.8017309370065167,-1.0302374179673697
2023-12-18,TCS,TCS,3858.10009765625,-0.6765765487561743,1.1287928197995916
2023-12-19,HDFCBANK,HDFCBANK,825,3.6764849668560604,-1.5425467522729672
2023-12-19,INFOSYS,INFOSYS,1570.0999755859375,-0.47455575260924227,0.6435111886974267
2023-12-19,LT,LT,3488.949951171875,-0.549979220808665,0.7984615213031061
2023-12-19,RELIANCE,RELIANCE,1277.5,1.7310762827177104,-1.0046957742573541
2023-12-19,TCS,TCS,3845,-0.6677503250975293,1.1018685598618854
2023-12-20,HDFCBANK,HDFCBANK,829,3.638118214716526,-1.5343087268044497
2023-12-20,INFOSYS,INFOSYS,1565.050048828125,-0.47030447964220895,0.6354529274094753
2023-12-20,LT,LT,3505,-0.5534807278664408,0.8062727169239192
2023-12-20,RELIANCE,RELIANCE,1285.5250244140625,1.7265124625617971,-1.0030233062746126
2023-12-20,TCS,TCS,3827.25,-0.6641126071163205,1.0909793154181129
2023-12-21,HDFCBANK,HDFCBANK,828.5,3.61949305974653,-1.530284971745572
2023-12-21,INFOSYS,INFOSYS,1521.25,-0.4553820870994248,0.6076708074351185
2023-12-21,LT,LT,3390.050048828125,-0.5512603123585544,0.8013123196298908
2023-12-21,RELIANCE,RELIANCE,1263.5,1.6830629591041748,-0.9869590371033787
2023-12-21,TCS,TCS,3756.25,-0.6636272878535774,1.0895354714552692
2023-12-22,HDFCBANK,HDFCBANK,841.79998779296875,3.462164474304801,-1.4956339564481542
2023-12-22,INFOSYS,INFOSYS,1534.949951171875,-0.4515782178107586,0.6007106125546207
2023-12-22,LT,LT,3424,-0.5517085422979338,0.8023116828716477
2023-12-22,RELIANCE,RELIANCE,1279.800048828125,1.675417931992779,-0.9841056044033385
2023-12-22,TCS,TCS,3800,-0.6632105134662829,1.088297212856184
2023-12-26,HDFCBANK,HDFCBANK,836.625,3.5420588674734796,-1.5133804042936712
2023-12-26,INFOSYS,INFOSYS,1535,-0.4549674267100977,0.606909718600491
2023-12-26,LT,LT,3477.949951171875,-0.558648047973551,0.8179126446720479
2023-12-26,RELIANCE,RELIANCE,1284,1.7086837625949183,-0.9964628204434387
2023-12-26,TCS,TCS,3819.85009765625,-0.6638611549736401,1.0902309751295043
2023-12-27,HDFCBANK,HDFCBANK,840.75,3.5433839995911387,-1.5136721087590317
2023-12-27,INFOSYS,INFOSYS,1544,-0.45547279792746115,0.6078373799643426
2023-12-27,LT,LT,3510,-0.5601139601139601,0.8212395858751904
2023-12-27,RELIANCE,RELIANCE,1291,1.7188226181254842,-1.0001989256132697
2023-12-27,TCS,TCS,3799,-0.6601737299289286,1.0793207623409833
2023-12-28,HDFCBANK,HDFCBANK,854.6500244140625,3.445094356142501,-1.4918010962191959
2023-12-28,INFOSYS,INFOSYS,1568.949951171875,-0.4552726020510023,0.6074697967038096
2023-12-28,LT,LT,3545,-0.5574189136327574,0.8151315852939884
2023-12-28,RELIANCE,RELIANCE,1294.9000244140625,1.7376630883948738,-1.0071046690374201
2023-12-28,TCS,TCS,3824,-0.6613755166281218,1.0828635042424848
2023-12-29,HDFCBANK,HDFCBANK,848.5,3.506776664702416,-1.5055821894970114
2023-12-29,INFOSYS,INFOSYS,1541.050048828125,-0.44940139962019227,0.5967492282677656
2023-12-29,LT,LT,3531,-0.5635655483352804,0.8291170829863397
2023-12-29,RELIANCE,RELIANCE,1305.550048828125,1.7046071524944306,-0.9949566716200788
2023-12-29,TCS,TCS,3792,-0.6557093753090387,1.0662691390666055
2024-01-01,HDFCBANK,HDFCBANK,853,3.4454865181711605,-1.4918893158832338
2024-01-01,INFOSYS,INFOSYS,1539,-0.4457439896036387,0.5901285863472001
2024-01-01,LT,LT,3538,-0.5650084793668739,0.8324287408808511
2024-01-01,RELIANCE,RELIANCE,1290.2750244140625,1.742051061250814,-1.0087062028671072
2024-01-01,TCS,TCS,3790,-0.6595580410516986,1.077510626223849
2024-01-02,HDFCBANK,HDFCBANK,849.4000244140625,3.4619730292737363,-1.4955910514545865
2024-01-02,INFOSYS,INFOSYS,1546,-0.45058213168559996,0.5988959825254812
2024-01-02,LT,LT,3525.050048828125,-0.5614246667181491,0.8242236842473218
2024-01-02,RELIANCE,RELIANCE,1292.5,1.7273114497703095,-1.0033163070121045
2024-01-02,TCS,TCS,3811.10009765625,-0.660859078250172,1.0813395596032453
2024-01-03,HDFCBANK,HDFCBANK,851,3.4783784931330786,-1.499261037412455
2024-01-03,INFOSYS,INFOSYS,1519.949951171875,-0.4401131436308922,0.5800205578642377
2024-01-03,LT,LT,3433,-0.5572531455951427,0.8147571070200792
2024-01-03,RELIANCE,RELIANCE,1305,1.6306513409961685,-0.9672314737008971
2024-01-03,TCS,TCS,3767,-0.6535704804884523,1.0600758879352465
2024-01-04,HDFCBANK,HDFCBANK,839,3.4898688915375446,-1.5018235012248349
2024-01-04,INFOSYS,INFOSYS,1504.949951171875,-0.4425063774734255,0.58430421512751
2024-01-04,LT,LT,3441.050048828125,-0.5626480493405213,0.827017028946778
2024-01-04,RELIANCE,RELIANCE,1294,1.6592349681824767,-0.9780384754806484
2024-01-04,TCS,TCS,3701.75,-0.6504356047815223,1.051067484727982
2024-01-05,HDFCBANK,HDFCBANK,843.57501220703125,3.3881693345979667,-1.4789121320507919
2024-01-05,INFOSYS,INFOSYS,1506.75,-0.4401360463202049,0.5800614646251177
2024-01-05,LT,LT,3464.949951171875,-0.5651452340630766,0.8327431750502923
2024-01-05,RELIANCE,RELIANCE,1301.449951171875,1.6623766423379573,-0.9792191984459455
2024-01-05,TCS,TCS,3675,-0.645863958864796,1.038074142679437
2024-01-08,HDFCBANK,HDFCBANK,839.25,3.3789097408400357,-1.4767997757867928
2024-01-08,INFOSYS,INFOSYS,1528.949951171875,-0.4510938704326125,0.5998278364866625
2024-01-08,LT,LT,3540,-0.5680932341322387,0.8395455337810134
2024-01-08,RELIANCE,RELIANCE,1305,1.7126436781609196,-0.9979236863710259
2024-01-08,TCS,TCS,3737.89990234375,-0.6508734759906935,1.0523208895009546
2024-01-09,HDFCBANK,HDFCBANK,833.57501220703125,3.4841794050987995,-1.5005555144672478
2024-01-09,INFOSYS,INFOSYS,1541.9000244140625,-0.45938452622841214,0.6150470222205584
2024-01-09,LT,LT,3527.449951171875,-0.5628853574798931,0.8275597784286859
2024-01-09,RELIANCE,RELIANCE,1300,1.7134230393629808,-0.9982109519901172
2024-01-09,TCS,TCS,3709.949951171875,-0.6495909602259285,1.0486541218106904
2024-01-10,HDFCBANK,HDFCBANK,821.5,3.516068108547626,-1.507641727782996
2024-01-10,INFOSYS,INFOSYS,1524.949951171875,-0.4612937956627995,0.6185849321219488
2024-01-10,LT,LT,3549.949951171875,-0.5704305772906817,0.8449719145093644
2024-01-10,RELIANCE,RELIANCE,1288.5,1.7551027948559372,-1.013454754016216
2024-01-10,TCS,TCS,3690,-0.6508130081300812,1.0521477069421525
2024-01-11,HDFCBANK,HDFCBANK,830,3.4457831325301207,-1.4919560362439288
2024-01-11,INFOSYS,INFOSYS,1524.9000244140625,-0.4557020219611285,0.6082584283405943
2024-01-11,LT,LT,3545.5,-0.569905507145942,0.8437503436128146
2024-01-11,RELIANCE,RELIANCE,1329.5,1.666792027077849,-0.9808762620609777
2024-01-11,TCS,TCS,3724,-0.6429914070891515,1.0299954277138834
2024-01-12,HDFCBANK,HDFCBANK,826,3.5084745762711864,-1.5059588648759803
2024-01-12,INFOSYS,INFOSYS,1562,-0.471190781049936,0.6371275568786539
2024-01-12,LT,LT,3505.050048828125,-0.5543572906976785,0.8082377482333376
2024-01-12,RELIANCE,RELIANCE,1359.9000244140625,1.5774321537631704,-0.9467936140652196
2024-01-12,TCS,TCS,3848,-0.6465956277510233,1.0401423472178468
2024-01-15,HDFCBANK,HDFCBANK,823.8499755859375,3.6707533095005926,-1.5413203669162678
2024-01-15,INFOSYS,INFOSYS,1644.949951171875,-0.4991641083067479,0.6914767930477703
2024-01-15,LT,LT,3576.10009765625,-0.5400156857326328,0.7765628894991625
2024-01-15,RELIANCE,RELIANCE,1375,1.6008000710227273,-0.9558191173155901
2024-01-15,TCS,TCS,3960,-0.6527777777777778,1.0577902941478552
2024-01-16,HDFCBANK,HDFCBANK,836.5,3.7340107591153617,-1.5547727838216474
2024-01-16,INFOSYS,INFOSYS,1644.800048828125,-0.4914275442805444,0.6761475845203266
2024-01-16,LT,LT,3548,-0.5364148678612951,0.7687652384822643
2024-01-16,RELIANCE,RELIANCE,1389.9749755859375,1.552563939868311,-0.9370983206423764
2024-01-16,TCS,TCS,3899,-0.6435047510679822,1.031434366195504
2024-01-17,HDFCBANK,HDFCBANK,785,3.9668789808917198,-1.6027916712001895
2024-01-17,INFOSYS,INFOSYS,1620.25,-0.515506866224348,0.7246520195254176
2024-01-17,LT,LT,3555,-0.5442334739803094,0.7857746049295162
2024-01-17,RELIANCE,RELIANCE,1359.5,1.6149319602795145,-0.9612380781648167
2024-01-17,TCS,TCS,3819,-0.6440167583136946,1.0328716231529906
2024-01-18,HDFCBANK,HDFCBANK,747,4.112449799196787,-1.6316787020926986
2024-01-18,INFOSYS,INFOSYS,1642.6500244140625,-0.5452470161643489,0.788000900119668
2024-01-18,LT,LT,3570.800048828125,-0.5399770354116714,0.7764788677270031
2024-01-18,RELIANCE,RELIANCE,1351.4000244140625,1.6422968657088384,-0.9716485637956582
2024-01-18,TCS,TCS,3898,-0.6533093831672492,1.0593224908836758
2024-01-19,HDFCBANK,HDFCBANK,752.9749755859375,4.17679886634575,-1.6441868857734416
2024-01-19,INFOSYS,INFOSYS,1651.5999755859375,-0.5440936142428769,0.7854677849358032
2024-01-19,LT,LT,3603,-0.5416042254826707,0.780022331518226
2024-01-19,RELIANCE,RELIANCE,1376,1.6184593023255813,-0.9625860922548046
2024-01-19,TCS,TCS,3945,-0.6512040557667934,1.0532682147866854
2024-01-23,HDFCBANK,HDFCBANK,732.5,4.385665529010239,-1.6837408923887516
2024-01-23,INFOSYS,INFOSYS,1650.0999755859375,-0.5560875032799785,0.8121278154320315
2024-01-23,LT,LT,3637.60009765625,-0.5463767508008599,0.7904882730338869
2024-01-23,RELIANCE,RELIANCE,1371.75,1.651795223368872,-0.975236853418056
2024-01-23,TCS,TCS,3900,-0.6482692307692308,1.044889256178652
2024-01-24,HDFCBANK,HDFCBANK,690.125,4.651150153957617,-1.7318590915135283
2024-01-24,INFOSYS,INFOSYS,1659.9000244140625,-0.5842370083441555,0.8776399126761172
2024-01-24,LT,LT,3570,-0.5350420099680497,0.7658082214933586
2024-01-24,RELIANCE,RELIANCE,1335.2249755859375,1.6737067275373387,-0.983465797099254
2024-01-24,TCS,TCS,3880,-0.6558698516531088,1.066735354942888
2024-01-25,HDFCBANK,HDFCBANK,726.25,4.342512908777969,-1.6756961244511972
2024-01-25,INFOSYS,INFOSYS,1672.949951171875,-0.5658865948193649,0.8344494767556929
2024-01-25,LT,LT,3599.89990234375,-0.5352787587002948,0.7663175342313089
2024-01-25,RELIANCE,RELIANCE,1342.949951171875,1.6805912604579434,-0.9860373897637045
2024-01-25,TCS,TCS,3839.89990234375,-0.6502643336217744,1.0505776487546195
2024-01-29,HDFCBANK,HDFCBANK,724.0250244140625,4.303545834553573,-1.6683756222478259
2024-01-29,INFOSYS,INFOSYS,1665.1500244140625,-0.5651893139965966,0.8328445472123329
2024-01-29,LT,LT,3604,-0.5379716913390503,0.7721291156196832
2024-01-29,RELIANCE,RELIANCE,1364.5,1.6412605349945035,-0.9712562785798351
2024-01-29,TCS,TCS,3800.800048828125,-0.6409966368999845,1.0244235225711193
2024-01-30,HDFCBANK,HDFCBANK,727.2750244140625,4.226083560191392,-1.6536621562915625
2024-01-30,INFOSYS,INFOSYS,1662.449951171875,-0.5625281688020742,0.8267429610906367
2024-01-30,LT,LT,3715.949951171875,-0.5526177766071367,0.804341963856162
2024-01-30,RELIANCE,RELIANCE,1459.949951171875,1.5452584509415204,-0.9342321972792034
2024-01-30,TCS,TCS,3807.449951171875,-0.6165543947012292,0.9585575057868203
2024-01-31,HDFCBANK,HDFCBANK,719.75,4.2899617244485935,-1.6658110103900805
2024-01-31,INFOSYS,INFOSYS,1648.25,-0.5633247383588654,0.8285654685011234
2024-01-31,LT,LT,3520,-0.5317471590909091,0.7587468705987339
2024-01-31,RELIANCE,RELIANCE,1404,1.5071225071225072,-0.9191356840063865
2024-01-31,TCS,TCS,3811.199951171875,-0.6316120859604085,0.9986187817634793
2024-02-01,HDFCBANK,HDFCBANK,732.5250244140625,4.2028256020610435,-1.649201863018945
2024-02-01,INFOSYS,INFOSYS,1659.550048828125,-0.5586002212278395,0.8178042863554573
2024-02-01,LT,LT,3480,-0.5231178020608837,0.7404857830827716
2024-02-01,RELIANCE,RELIANCE,1435,1.4250871080139373,-0.8858674445747976
2024-02-01,TCS,TCS,3820,-0.6243455497382199,0.9790855734068984
2024-02-02,HDFCBANK,HDFCBANK,737.5,4.179661016949153,-1.644739613386645
2024-02-02,INFOSYS,INFOSYS,1666.050048828125,-0.5573362273727932,0.8149447753749817
2024-02-02,LT,LT,3402.699951171875,-0.5103740932977812,0.7141136351679478
2024-02-02,RELIANCE,RELIANCE,1433.175048828125,1.3742388998149153,-0.864676922891463
2024-02-02,TCS,TCS,3875.050048828125,-0.630153151373738,0.9946662816652099
2024-02-05,HDFCBANK,HDFCBANK,723,4.359681948586618,-1.6789046353718868
2024-02-05,INFOSYS,INFOSYS,1694.75,-0.5733884053695235,0.8518812941523102
2024-02-05,LT,LT,3375.5,-0.4979262331506443,0.6890082241708511
2024-02-05,RELIANCE,RELIANCE,1460.75,1.310799246962177,-0.8375934590473797
2024-02-05,TCS,TCS,3983,-0.6332538287722822,1.003085301747097
2024-02-06,HDFCBANK,HDFCBANK,722.7750244140625,4.510705081749233,-1.7066925789979503
2024-02-06,INFOSYS,INFOSYS,1686.75,-0.5714984292787535,0.8474608753238417
2024-02-06,LT,LT,3346,-0.49589061566049014,0.6849620020392351
2024-02-06,RELIANCE,RELIANCE,1441.8499755859375,1.3206297858001876,-0.841838608236416
2024-02-06,TCS,TCS,3997,-0.6392669563207561,1.0196170854009692
2024-02-07,HDFCBANK,HDFCBANK,726.5,4.501720578114246,-1.705060875700985
2024-02-07,INFOSYS,INFOSYS,1729,-0.5798149219201851,0.8670600026729529
2024-02-07,LT,LT,3445,-0.4981132075471698,0.6893806977644674
2024-02-07,RELIANCE,RELIANCE,1435.925048828125,1.39915029187039,-0.875114629611148
2024-02-07,TCS,TCS,4153,-0.6542439083004755,1.0620216897941441
2024-02-08,HDFCBANK,HDFCBANK,714.92498779296875,4.80900104334113,-1.75940861861808
2024-02-08,INFOSYS,INFOSYS,1698,-0.578960549002963,0.8650287418586178
2024-02-08,LT,LT,3413,-0.5024904775857018,0.6981405820354141
2024-02-08,RELIANCE,RELIANCE,1450,1.353793103448276,-0.8560281134920862
2024-02-08,TCS,TCS,4090,-0.6454767726161369,1.036981413622228
2024-02-09,HDFCBANK,HDFCBANK,696.07501220703125,4.875803510072741,-1.7708428183503342
2024-02-09,INFOSYS,INFOSYS,1684.699951171875,-0.5868255283542673,0.8838853257223684
2024-02-09,LT,LT,3336.25,-0.4950318617693893,0.6832599443098513
2024-02-09,RELIANCE,RELIANCE,1454,1.294532324621733,-0.8305290426252689
2024-02-09,TCS,TCS,4136.5498046875,-0.6484993367292857,1.0455436807610372
2024-02-12,HDFCBANK,HDFCBANK,699.82501220703125,4.910834469379858,-1.77678701762333
2024-02-12,INFOSYS,INFOSYS,1670.3499755859375,-0.5810309082313474,0.8699581284428204
2024-02-12,LT,LT,3330,-0.4983934007249437,0.6899391333004967
2024-02-12,RELIANCE,RELIANCE,1460.75,1.279650864282047,-0.8240223015399426
2024-02-12,TCS,TCS,4130,-0.6463075060532688,1.0393274045205327
2024-02-13,HDFCBANK,HDFCBANK,695.9749755859375,4.934121405044737,-1.7807189808849477
2024-02-13,INFOSYS,INFOSYS,1683,-0.5864676318562463,0.8830194891206746
2024-02-13,LT,LT,3312,-0.49184782608695654,0.6769743213143435
2024-02-13,RELIANCE,RELIANCE,1455.5,1.2755066987289592,-0.8222027523194715
2024-02-13,TCS,TCS,4125.4501953125,-0.6471900202179639,1.0418256678855329
2024-02-14,HDFCBANK,HDFCBANK,688,4.99629388853561,-1.7911415931378674
2024-02-14,INFOSYS,INFOSYS,1660.199951171875,-0.5855920851495233,0.8809044886766015
2024-02-14,LT,LT,3290.050048828125,-0.49538763042124007,0.68396472944353
2024-02-14,RELIANCE,RELIANCE,1457.5,1.25732421875,-0.8141801378288278
2024-02-14,TCS,TCS,4107,-0.6451180910640371,1.0359701957319114
2024-02-15,HDFCBANK,HDFCBANK,692.5,4.930685920577617,-1.780139875895065
2024-02-15,INFOSYS,INFOSYS,1677,-0.5870602265951104,0.8844535237617155
2024-02-15,LT,LT,3309,-0.4932003626473255,0.6796395460984037
2024-02-15,RELIANCE,RELIANCE,1483.3499755859375,1.2307614888340246,-0.8023430019962374
2024-02-15,TCS,TCS,4128,-0.6406613431235616,1.0234900012360226
2024-02-16,HDFCBANK,HDFCBANK,711.95001220703125,4.798159883730151,-1.757540605788484
2024-02-16,INFOSYS,INFOSYS,1689,-0.5784783823522609,0.8638842154348856
2024-02-16,LT,LT,3304.949951171875,-0.4889483880380363,0.6712846919962683
2024-02-16,RELIANCE,RELIANCE,1476.4749755859375,1.2384056660766019,-0.8057638562324358
2024-02-16,TCS,TCS,4113.25,-0.6410441924060202,1.0245559966951268
2024-02-19,HDFCBANK,HDFCBANK,714.5,4.7568229531140656,-1.7503857518968369
2024-02-19,INFOSYS,INFOSYS,1705,-0.5809384164222874,0.8697373923476954
2024-02-19,LT,LT,3400.550048828125,-0.4986105260860472,0.6903720868689085
2024-02-19,RELIANCE,RELIANCE,1462.050048828125,1.3258780036659916,-0.8440976037381693
2024-02-19,TCS,TCS,4123.0498046875,-0.6453959767437398,1.036753539506054
2024-02-20,HDFCBANK,HDFCBANK,707.5,4.827632232773851,-1.7626107828370179
2024-02-20,INFOSYS,INFOSYS,1685,-0.5801186943620178,0.8677832132690693
2024-02-20,LT,LT,3339.85009765625,-0.4954863389879522,0.684160361235862
2024-02-20,RELIANCE,RELIANCE,1475.0250244140625,1.2642667360731517,-0.8172509696878709
2024-02-20,TCS,TCS,4082.10009765625,-0.6386602510651436,1.0179366304535105
2024-02-21,HDFCBANK,HDFCBANK,732,4.576639477672472,-1.7185863508266523
2024-02-21,INFOSYS,INFOSYS,1674,-0.5627240143369175,0.8271907370881095
2024-02-21,LT,LT,3356.89990234375,-0.5013256133043371,0.695801927894089
2024-02-21,RELIANCE,RELIANCE,1474,1.2774083462304953,-0.823038106194228
2024-02-21,TCS,TCS,4013,-0.6326937453276851,1.0015592975176348
2024-02-22,HDFCBANK,HDFCBANK,708.875,4.661082701463586,-1.7336151639327246
2024-02-22,INFOSYS,INFOSYS,1665,-0.5742492492492492,0.8539011960803524
2024-02-22,LT,LT,3310,-0.49697885196374625,0.6871230659565635
2024-02-22,RELIANCE,RELIANCE,1468.1500244140625,1.2545379865528514,-0.8129450679510049
2024-02-22,TCS,TCS,3971,-0.6302820386768918,0.9950148307111482
2024-02-23,HDFCBANK,HDFCBANK,711.2750244140625,4.582931866996524,-1.719714062599186
2024-02-23,INFOSYS,INFOSYS,1697,-0.5808632737689673,0.8695580967021614
2024-02-23,LT,LT,3363.75,-0.49550353028613897,0.6841944368068882
2024-02-23,RELIANCE,RELIANCE,1489.5,1.258308157099698,-0.8146159298877782
2024-02-23,TCS,TCS,4130,-0.6393462469733656,1.0198369138017425
2024-02-26,HDFCBANK,HDFCBANK,706.7750244140625,4.843443609830289,-1.7653202822769662
2024-02-26,INFOSYS,INFOSYS,1674.949951171875,-0.5780321531878795,0.8628261602372529
2024-02-26,LT,LT,3400,-0.5073676614200368,0.7079921466888868
2024-02-26,RELIANCE,RELIANCE,1493.550048828125,1.2764553505707565,-0.8226195624093879
2024-02-26,TCS,TCS,4036,-0.6299430007858957,0.9940982332786348
2024-02-27,HDFCBANK,HDFCBANK,706.7750244140625,4.710445135417687,-1.7422969777953865
2024-02-27,INFOSYS,INFOSYS,1661,-0.5744882453858745,0.8544627059351821
2024-02-27,LT,LT,3475,-0.5220143884892087,0.7381746483855975
2024-02-27,RELIANCE,RELIANCE,1483.0250244140625,1.343183656912977,-0.8515105418198736
2024-02-27,TCS,TCS,3999,-0.629151031654398,0.9919603926677993
2024-02-28,HDFCBANK,HDFCBANK,710.07501220703125,4.631799360986444,-1.728428993396312
2024-02-28,INFOSYS,INFOSYS,1670,-0.5748053819119573,0.8552082899602942
2024-02-28,LT,LT,3505,-0.5235378031383737,0.7413668940578892
2024-02-28,RELIANCE,RELIANCE,1483,1.363452461227242,-0.8601234573307579
2024-02-28,TCS,TCS,4095.60009765625,-0.6379041008303857,1.0158461874069165
2024-02-29,HDFCBANK,HDFCBANK,701.04998779296875,4.84209424287979,-1.765089335790205
2024-02-29,INFOSYS,INFOSYS,1665,-0.5789489562804992,0.8650012086599013
2024-02-29,LT,LT,3485,-0.5222381635581061,0.7386429207800793
2024-02-29,RELIANCE,RELIANCE,1465,1.378839590443686,-0.8666128017434565
2024-02-29,TCS,TCS,4099,-0.6425957550622103,1.0288877990531704
2024-03-01,HDFCBANK,HDFCBANK,700,4.855714285714286,-1.7674179854609333
2024-03-01,INFOSYS,INFOSYS,1669,-0.5805871779508688,0.8688995886184303
2024-03-01,LT,LT,3501.64990234375,-0.5233675420027306,0.7410096134109239
2024-03-01,RELIANCE,RELIANCE,1463.5,1.392654528420738,-0.8724034309408184
2024-03-01,TCS,TCS,4107.2001953125,-0.6436745397338373,1.0319107515386206
2024-03-04,HDFCBANK,HDFCBANK,715.4749755859375,4.74052249968479,-1.7475502340083438
2024-03-04,INFOSYS,INFOSYS,1657.8499755859375,-0.5684320136790028,0.8403302227676646
2024-03-04,LT,LT,3670,-0.5482697614207255,0.7946700946187351
2024-03-04,RELIANCE,RELIANCE,1490.4749755859375,1.4623023265165822,-0.9010968173462137
2024-03-04,TCS,TCS,4105,-0.636912308018042,1.0131108981841264
2024-03-05,HDFCBANK,HDFCBANK,711,4.7735583684950775,-1.7532885920832886
2024-03-05,INFOSYS,INFOSYS,1634,-0.5648714810281518,0.8321138456167079
2024-03-05,LT,LT,3631.199951171875,-0.550011009591287,0.7985321622754791
2024-03-05,RELIANCE,RELIANCE,1505.7750244140625,1.4115155931643057,-0.880255426674057
2024-03-05,TCS,TCS,4062,-0.6293020619364691,0.9923677311189598
2024-03-06,HDFCBANK,HDFCBANK,716.7750244140625,4.66705013657603,-1.7346687242589933
2024-03-06,INFOSYS,INFOSYS,1602.800048828125,-0.5527982264923643,0.8047453913449178
2024-03-06,LT,LT,3618,-0.556992800213343,0.8141692567289862
2024-03-06,RELIANCE,RELIANCE,1493.449951171875,1.4225786723961125,-0.8848325399607706
2024-03-06,TCS,TCS,3994.050048828125,-0.6260813127241455,0.983716918906314
2024-03-07,HDFCBANK,HDFCBANK,722.75,4.526184778731408,-1.7094976640043287
2024-03-07,INFOSYS,INFOSYS,1616.5999755859375,-0.5529197012773436,0.8050170613011831
2024-03-07,LT,LT,3660.75,-0.558396510117889,0.8173428812377281
2024-03-07,RELIANCE,RELIANCE,1502.9749755859375,1.4356692955402335,-0.8902215834644212
2024-03-07,TCS,TCS,4065,-0.6302644586504459,0.9949672820109656
2024-03-11,HDFCBANK,HDFCBANK,715,4.685314685314685,-1.737886479287904
2024-03-11,INFOSYS,INFOSYS,1608.1500244140625,-0.5553897402945887,0.8105572014578097
2024-03-11,LT,LT,3700,-0.5653648582664696,0.8332483544804985
2024-03-11,RELIANCE,RELIANCE,1489,1.4848891873740766,-0.9102280659483064
2024-03-11,TCS,TCS,4089,-0.6358522866226461,1.0101956876806337
2024-03-12,HDFCBANK,HDFCBANK,717,4.702928870292887,-1.7409798797650229
2024-03-12,INFOSYS,INFOSYS,1600,-0.551875,0.8026830676282524
2024-03-12,LT,LT,3639.050048828125,-0.5603248159460614,0.8217190427461878
2024-03-12,RELIANCE,RELIANCE,1466.5999755859375,1.481283314745896,-0.9087758919610698
2024-03-12,TCS,TCS,4122.35009765625,-0.6442320664565174,1.0334766327599523
2024-03-13,HDFCBANK,HDFCBANK,732.75,4.625861613996929,-1.7273741121819413
2024-03-13,INFOSYS,INFOSYS,1612.9000244140625,-0.5456940982648972,0.7889845154688846
2024-03-13,LT,LT,3634.89990234375,-0.5562738816070067,0.8125477573466657
2024-03-13,RELIANCE,RELIANCE,1479.7750244140625,1.4563868441981842,-0.8986915077342017
2024-03-13,TCS,TCS,4205,-0.648091551863481,1.0443842277346986
2024-03-14,HDFCBANK,HDFCBANK,731.04998779296875,4.752000643204776,-1.7495477322415454
2024-03-14,INFOSYS,INFOSYS,1614.4000244140625,-0.5471692413667428,0.7922368245565261
2024-03-14,LT,LT,3527.050048828125,-0.542280375366249,0.7814984556112803
2024-03-14,RELIANCE,RELIANCE,1439.699951171875,1.4498507803360041,-0.8960271167164864
2024-03-14,TCS,TCS,4153.4501953125,-0.6533725256181737,1.0595046365737977
2024-03-15,HDFCBANK,HDFCBANK,725,4.728896821120689,-1.7455229853359464
2024-03-15,INFOSYS,INFOSYS,1641.0999755859375,-0.5582231364416745,0.8169503579542621
2024-03-15,LT,LT,3598,-0.5438854987254204,0.7850114017015413
2024-03-15,RELIANCE,RELIANCE,1425.949951171875,1.5232302136853328,-0.9255399115070899
2024-03-15,TCS,TCS,4192.60009765625,-0.6598888713547924,1.0784828658189207
2024-03-18,HDFCBANK,HDFCBANK,723.5,4.79488610595197,-1.7569758227507704
2024-03-18,INFOSYS,INFOSYS,1630,-0.5561349693251534,0.8122347477292697
2024-03-18,LT,LT,3537.14990234375,-0.5391770083252774,0.774741275717739
2024-03-18,RELIANCE,RELIANCE,1420,1.490950635453345,-0.9126644189232405
2024-03-18,TCS,TCS,4215.25,-0.6631279283553763,1.0880520300627836
2024-03-19,HDFCBANK,HDFCBANK,717.75,4.872866597004528,-1.7703428616569168
2024-03-19,INFOSYS,INFOSYS,1592.3499755859375,-0.5492510999437236,0.7968448571539861
2024-03-19,LT,LT,3541,-0.5503106536046491,0.7991982759567442
2024-03-19,RELIANCE,RELIANCE,1428.75,1.4783902012248469,-0.9076092370028839
2024-03-19,TCS,TCS,4051.25,-0.6473310706572045,1.0422255393467363
2024-03-20,HDFCBANK,HDFCBANK,724.5250244140625,4.591594304525678,-1.721264453037466
2024-03-20,INFOSYS,INFOSYS,1563,-0.5364523196327176,0.7688460290031864
2024-03-20,LT,LT,3502.75,-0.5537791735065306,0.8069413228298643
2024-03-20,RELIANCE,RELIANCE,1427.949951171875,1.452992135421413,-0.8973085591649808
2024-03-20,TCS,TCS,3986,-0.6417586675434332,1.0265484066863797
2024-03-21,HDFCBANK,HDFCBANK,721.29998779296875,4.526133463825986,-1.7094883781867667
2024-03-21,INFOSYS,INFOSYS,1564,-0.5388107494929867,0.7739467985192832
2024-03-21,LT,LT,3525.14990234375,-0.5563309239813744,0.8126763187245176
2024-03-21,RELIANCE,RELIANCE,1452.5250244140625,1.4269116490889846,-0.8866195227398537
2024-03-21,TCS,TCS,3990.050048828125,-0.6359632068172508,1.0105003362812655
2024-03-22,HDFCBANK,HDFCBANK,720.5,4.537890421690666,-1.7116136379316096
2024-03-22,INFOSYS,INFOSYS,1521,-0.5262984878369493,0.7471778768197161
2024-03-22,LT,LT,3546.199951171875,-0.571090175133139,0.8465085805944561
2024-03-22,RELIANCE,RELIANCE,1449.9749755859375,1.445697347113766,-0.8943302958046484
2024-03-22,TCS,TCS,3897,-0.6279253334395849,0.9886607282896094
2024-03-26,HDFCBANK,HDFCBANK,713.5999755859375,4.46104278773296,-1.6976397582854421
2024-03-26,INFOSYS,INFOSYS,1492,-0.5217158340576826,0.7375502337104383
2024-03-26,LT,LT,3605,-0.586130374479889,0.8822042689553431
2024-03-26,RELIANCE,RELIANCE,1445,1.494809688581315,-0.9142124491725161
2024-03-26,TCS,TCS,3875,-0.6270967741935484,0.986436341240915
2024-03-27,HDFCBANK,HDFCBANK,711.7750244140625,4.444135951791682,-1.6945390572532473
2024-03-27,INFOSYS,INFOSYS,1496,-0.5242145558729528,0.7427882740002216
2024-03-27,LT,LT,3683,-0.5938093945153408,0.9009327579106436
2024-03-27,RELIANCE,RELIANCE,1448,1.5435082872928176,-0.9335443434994044
2024-03-27,TCS,TCS,3888.5,-0.6276199048476276,0.9878401851893361
2024-03-28,HDFCBANK,HDFCBANK,720.3499755859375,4.398070565404084,-1.686041587019461
2024-03-28,INFOSYS,INFOSYS,1487.1500244140625,-0.5156171443632558,0.7248796609172752
2024-03-28,LT,LT,3706.550048828125,-0.5987778379293044,0.9132399849616348
2024-03-28,RELIANCE,RELIANCE,1492.875,1.482826793152893,-0.9093977470058556
2024-03-28,TCS,TCS,3850.10009765625,-0.6122503409953449,0.9473953563464947
2024-04-01,HDFCBANK,HDFCBANK,729,4.2813444412294235,-1.6641806943264275
2024-04-01,INFOSYS,INFOSYS,1525,-0.5219672131147541,0.7380759570328541
2024-04-01,LT,LT,3780.85009765625,-0.5966515570280483,0.9079544678472091
2024-04-01,RELIANCE,RELIANCE,1492.4749755859375,1.5332753711142855,-0.9295130785391192
2024-04-01,TCS,TCS,3897.699951171875,-0.61708828430028,0.9599508236838199
2024-04-02,HDFCBANK,HDFCBANK,732.57501220703125,4.320547228916888,-1.6715761606419228
2024-04-02,INFOSYS,INFOSYS,1484.8499755859375,-0.5066336503673043,0.7065032782003193
2024-04-02,LT,LT,3849.800048828125,-0.6143046504355664,0.9527074709720047
2024-04-02,RELIANCE,RELIANCE,1484,1.5942048846550707,-0.9532800668364976
2024-04-02,TCS,TCS,3890,-0.6185089974293059,0.963668012885166
2024-04-03,HDFCBANK,HDFCBANK,736.04998779296875,4.284967141517233,-1.6648664019929837
2024-04-03,INFOSYS,INFOSYS,1479,-0.5023326654543822,0.6978234280912918
2024-04-03,LT,LT,3799.699951171875,-0.6107587391094241,0.9435559196682268
2024-04-03,RELIANCE,RELIANCE,1482.074951171875,1.563770441007357,-0.9414790034618363
2024-04-03,TCS,TCS,3851,-0.6151454294542003,0.9548897548977191
2024-04-04,HDFCBANK,HDFCBANK,752,4.121010638297872,-1.6333518098650694
2024-04-04,INFOSYS,INFOSYS,1490.550048828125,-0.49548825912204375,0.684164167154103
2024-04-04,LT,LT,3804.89990234375,-0.608255121794407,0.9371444719716324
2024-04-04,RELIANCE,RELIANCE,1479.75,1.5713126557484371,-0.9444165295047409
2024-04-04,TCS,TCS,3975.89990234375,-0.6278201070586049,0.988377958421859
2024-04-05,HDFCBANK,HDFCBANK,769.5,4.166861471531839,-1.6422654387137596
2024-04-05,INFOSYS,INFOSYS,1480.050048828125,-0.4800851494114843,0.654090229683213
2024-04-05,LT,LT,3770.10009765625,-0.6074242034718854,0.935025648229888
2024-04-05,RELIANCE,RELIANCE,1460.875,1.5807136802643964,-0.948065980938714
2024-04-05,TCS,TCS,3978,-0.6327614379084967,1.001743609160596
2024-04-08,HDFCBANK,HDFCBANK,777.4749755859375,4.116563394213445,-1.6324830016200593
2024-04-08,INFOSYS,INFOSYS,1483,-0.4757417561794083,0.6457708843440741
2024-04-08,LT,LT,3745,-0.6040053404539386,0.9263545538133879
2024-04-08,RELIANCE,RELIANCE,1462.9749755859375,1.5598523983638795,-0.9399495999401388
2024-04-08,TCS,TCS,3983,-0.6326952107491998,1.0015632871704625
2024-04-09,HDFCBANK,HDFCBANK,777.42498779296875,4.123323873737756,-1.633803422505495
2024-04-09,INFOSYS,INFOSYS,1490,-0.47823826322619545,0.6505442382633566
2024-04-09,LT,LT,3820,-0.6099476439790575,0.9414743026611152
2024-04-09,RELIANCE,RELIANCE,1489,1.5654801880456681,-0.942145668916611
2024-04-09,TCS,TCS,3984,-0.6262550200803213,0.9841815860204797
2024-04-10,HDFCBANK,HDFCBANK,774.95001220703125,4.1409767562345134,-1.6372430918094052
2024-04-10,INFOSYS,INFOSYS,1500.3499755859375,-0.48348716978224565,0.660655150038318
2024-04-10,LT,LT,3800,-0.6051710590563323,0.9293026687810757
2024-04-10,RELIANCE,RELIANCE,1466.3499755859375,1.5914686556881221,-0.952224763528414
2024-04-10,TCS,TCS,3956.39990234375,-0.6293726590385164,0.9925581929965128
2024-04-12,HDFCBANK,HDFCBANK,760.5,4.20236673549474,-1.649113663483229
2024-04-12,INFOSYS,INFOSYS,1504,-0.4943484042553192,0.6819073928104382
2024-04-12,LT,LT,3749.949951171875,-0.5989279804841146,0.9136142680114405
2024-04-12,RELIANCE,RELIANCE,1475.875,1.5408316769183534,-0.9324914592939519
2024-04-12,TCS,TCS,3971,-0.6283366910098213,0.9897669179039772
2024-04-15,HDFCBANK,HDFCBANK,748.7750244140625,4.303328597408039,-1.6683346606720173
2024-04-15,INFOSYS,INFOSYS,1480,-0.4940709294499578,0.6813587962989267
2024-04-15,LT,LT,3626.050048828125,-0.5918423683980011,0.8961018272269952
2024-04-15,RELIANCE,RELIANCE,1461,1.481895995091119,-0.9090227822344561
2024-04-15,TCS,TCS,4001.39990234375,-0.6348777838615318,1.0075231427100944
2024-04-16,HDFCBANK,HDFCBANK,743.5,4.381842504833558,-1.6830307885605844
2024-04-16,INFOSYS,INFOSYS,1451,-0.4875947622329428,0.6686394869839782
2024-04-16,LT,LT,3580.050048828125,-0.5946984035949545,0.9031238065324247
2024-04-16,RELIANCE,RELIANCE,1453.3499755859375,1.463308981984728,-0.9015055607159645
2024-04-16,TCS,TCS,3902,-0.6275371666873558,0.9876180224824083
2024-04-18,HDFCBANK,HDFCBANK,754.9000244140625,4.1688963754222295,-1.6426591986966876
2024-04-18,INFOSYS,INFOSYS,1421.0999755859375,-0.4687917547090185,0.6326011589317533
2024-04-18,LT,LT,3561.949951171875,-0.6010331433437468,0.9188769315668752
2024-04-18,RELIANCE,RELIANCE,1463.5,1.4338571582998805,-0.889477306853057
2024-04-18,TCS,TCS,3876.800048828125,-0.6224979411970485,0.9741792565252778
2024-04-19,HDFCBANK,HDFCBANK,743.2750244140625,4.21583521777054,-1.6516992324402286
2024-04-19,INFOSYS,INFOSYS,1385,-0.46333933255302345,0.6223892884044497
2024-04-19,LT,LT,3525,-0.6070921985815603,0.9341802966249304
2024-04-19,RELIANCE,RELIANCE,1456.7750244140625,1.4197284693412489,-0.8836553311218456
2024-04-19,TCS,TCS,3838,-0.6204338133366174,0.9687262924431206
2024-04-22,HDFCBANK,HDFCBANK,778.70001220703125,3.9287272888594735,-1.5950807983085369
2024-04-22,INFOSYS,INFOSYS,1419.9000244140625,-0.4515810980928953,0.6007158645154167
2024-04-22,LT,LT,3568.75,-0.6021295903568301,0.9216289306297956
2024-04-22,RELIANCE,RELIANCE,1472.449951171875,1.4236816994423125,-0.8852877474736198
2024-04-22,TCS,TCS,3837,-0.6162496869502541,0.9577631643162521
2024-04-23,HDFCBANK,HDFCBANK,763.1500244140625,4.027844954792477,-1.6149914538946497
2024-04-23,INFOSYS,INFOSYS,1443,-0.4711365042175589,0.6370249224215687
2024-04-23,LT,LT,3632.75,-0.6027802628862432,0.9232656574269349
2024-04-23,RELIANCE,RELIANCE,1479,1.4562204192021637,-0.8986237534900061
2024-04-23,TCS,TCS,3877.050048828125,-0.6185243983509984,0.9637083840406246
2024-04-24,HDFCBANK,HDFCBANK,757.5,4.118217886241749,-1.6328063093679006
2024-04-24,INFOSYS,INFOSYS,1444.300048828125,-0.47552449325566404,0.6453565505310639
2024-04-24,LT,LT,3616.550048828125,-0.6006414872383355,0.9178957373023895
2024-04-24,RELIANCE,RELIANCE,1463.5,1.4711650487380423,-0.9046897190850371
2024-04-24,TCS,TCS,3890,-0.6237789203084833,0.9775783304805516
2024-04-25,HDFCBANK,HDFCBANK,753.125,4.165145228215768,-1.6419332199334722
2024-04-25,INFOSYS,INFOSYS,1420,-0.46963028169014087,0.6341809339162872
2024-04-25,LT,LT,3616.10009765625,-0.6073117553022487,0.9347392524075868
2024-04-25,RELIANCE,RELIANCE,1442.5,1.5068284905762566,-0.9190184046206387
2024-04-25,TCS,TCS,3811.199951171875,-0.6215102806252772,0.9715663679669806
2024-04-26,HDFCBANK,HDFCBANK,759.9000244140625,4.015396537341322,-1.6125124885455033
2024-04-26,INFOSYS,INFOSYS,1439.699951171875,-0.4721816696628173,0.6390031258130913
2024-04-26,LT,LT,3652,-0.6057776694491033,0.9308402380980363
2024-04-26,RELIANCE,RELIANCE,1463.949951171875,1.4946208011254867,-0.9141367341359787
2024-04-26,TCS,TCS,3855.14990234375,-0.6202612120784559,0.968271662836016
2024-04-29,HDFCBANK,HDFCBANK,757.5,4.089306801773928,-1.627141633031373
2024-04-29,INFOSYS,INFOSYS,1429.949951171875,-0.4702611798551325,0.6353711860774363
2024-04-29,LT,LT,3606.10009765625,-0.6034635998869645,0.9249874385571522
2024-04-29,RELIANCE,RELIANCE,1450,1.4869655845905172,-0.9110633266034922
2024-04-29,TCS,TCS,3838,-0.6221990620114644,0.9733878411530243
2024-04-30,HDFCBANK,HDFCBANK,764.5999755859375,4.0196182612467615,-1.613353887235835
2024-04-30,INFOSYS,INFOSYS,1434.699951171875,-0.4670662845137718,0.6293582237388513
2024-04-30,LT,LT,3639,-0.6057433494993474,0.9307531845414996
2024-04-30,RELIANCE,RELIANCE,1468,1.478882833787466,-0.9078079884376997
2024-04-30,TCS,TCS,3872,-0.6208677685950413,0.9698702392220078
2024-05-02,HDFCBANK,HDFCBANK,761,4.088042049934297,-1.6268930905347823
2024-05-02,INFOSYS,INFOSYS,1413,-0.46142958244869076,0.6188370248228416
2024-05-02,LT,LT,3590.050048828125,-0.6064121723146351,0.9324510398783694
2024-05-02,RELIANCE,RELIANCE,1472,1.4388926962147588,-0.891544123274076
2024-05-02,TCS,TCS,3778.050048828125,-0.6103810216975329,0.9425859961248362
2024-05-03,HDFCBANK,HDFCBANK,766.625,3.928159202775966,-1.5949655314675093
2024-05-03,INFOSYS,INFOSYS,1422.0999755859375,-0.4609204604731583,0.6178921502648898
2024-05-03,LT,LT,3610,-0.606066488757358,0.9315731371158895
2024-05-03,RELIANCE,RELIANCE,1471,1.4541128484024473,-0.8977653307254894
2024-05-03,TCS,TCS,3890.14990234375,-0.6218654712730357,0.9725052505754643
2024-05-06,HDFCBANK,HDFCBANK,761,4.111892118717148,-1.6315696133152162
2024-05-06,INFOSYS,INFOSYS,1420,-0.4640845070422535,0.6237787927336207
2024-05-06,LT,LT,3522.800048828125,-0.5969115532196131,0.9085992701965981
2024-05-06,RELIANCE,RELIANCE,1435.5,1.454057853589777,-0.8977429212307859
2024-05-06,TCS,TCS,3853,-0.6274331689592525,0.9873388450650387
2024-05-07,HDFCBANK,HDFCBANK,760.9749755859375,4.063241399013492,-1.6220068708978728
2024-05-07,INFOSYS,INFOSYS,1424.949951171875,-0.46596371685888777,0.6272914963730258
2024-05-07,LT,LT,3479.39990234375,-0.5904610015617872,0.892723145942159
2024-05-07,RELIANCE,RELIANCE,1415.9749755859375,1.4572467468247148,-0.8990415145547681
2024-05-07,TCS,TCS,3930.800048828125,-0.6397743568747342,1.0210246574215
2024-05-08,HDFCBANK,HDFCBANK,747.9749755859375,4.255256094294964,-1.6592287365943728
2024-05-08,INFOSYS,INFOSYS,1435.25,-0.4788538752231754,0.6517248067319175
2024-05-08,LT,LT,3429,-0.5814377369495479,0.870929623415174
2024-05-08,RELIANCE,RELIANCE,1397.5,1.4536672629695886,-0.8975837474336661
2024-05-08,TCS,TCS,3961,-0.6471850542792225,1.041811592592662
2024-05-09,HDFCBANK,HDFCBANK,737.4749755859375,4.3710297042322175,-1.6810196413925231
2024-05-09,INFOSYS,INFOSYS,1427.550048828125,-0.48339816443470385,0.6604828451612121
2024-05-09,LT,LT,3312.75,-0.5690740174090635,0.8418189377541401
2024-05-09,RELIANCE,RELIANCE,1413,1.34447983014862,-0.8520635564602177
2024-05-09,TCS,TCS,3962,-0.6433619384149419,1.0310338445739688
2024-05-10,HDFCBANK,HDFCBANK,719.5,4.506601806810285,-1.7059477009310742
2024-05-10,INFOSYS,INFOSYS,1435.050048828125,-0.49862375839257295,0.6903984784902457
2024-05-10,LT,LT,3281.60009765625,-0.5626980722443751,0.8271314122591775
2024-05-10,RELIANCE,RELIANCE,1396.75,1.349454159768212,-0.8541830287375873
2024-05-10,TCS,TCS,3962.60009765625,-0.647516790597635,1.0427522907653888
2024-05-13,HDFCBANK,HDFCBANK,716,4.534357678290852,-1.7109755121440013
2024-05-13,INFOSYS,INFOSYS,1425,-0.4975438596491228,0.6882469257421056
2024-05-13,LT,LT,3267.050048828125,-0.5638267003252244,0.8297156382875963
2024-05-13,RELIANCE,RELIANCE,1399.9000244140625,1.3337738351676725,-0.8474866290697065
2024-05-13,TCS,TCS,3884.5,-0.6396189922991216,1.020593452469834
2024-05-14,HDFCBANK,HDFCBANK,726.125,4.349629884661732,-1.6770273780777787
2024-05-14,INFOSYS,INFOSYS,1426.4000244140625,-0.49093873557785583,0.675186907352094
2024-05-14,LT,LT,3300,-0.567757568359375,0.8387686637897813
2024-05-14,RELIANCE,RELIANCE,1400.9749755859375,1.3555024590070375,-0.8567540631001167
2024-05-14,TCS,TCS,3936,-0.6440612358775565,1.0329965738176883
2024-05-15,HDFCBANK,HDFCBANK,729.8499755859375,4.392889130180629,-1.6850812580463517
2024-05-15,INFOSYS,INFOSYS,1426,-0.4881837478359485,0.6697896008484499
2024-05-15,LT,LT,3390,-0.5793510324483776,0.8659565994002554
2024-05-15,RELIANCE,RELIANCE,1420.5,1.3864836325237593,-0.8698209990802539
2024-05-15,TCS,TCS,3904.5,-0.6361890126776796,1.0111208118084871
2024-05-16,HDFCBANK,HDFCBANK,723.0250244140625,4.40022802552954,-1.686441179628611
2024-05-16,INFOSYS,INFOSYS,1433.949951171875,-0.49578085077294315,0.6847442855225898
2024-05-16,LT,LT,3428.949951171875,-0.5818107666803917,0.871821237609292
2024-05-16,RELIANCE,RELIANCE,1418.550048828125,1.4172216933794874,-0.8826188200552183
2024-05-16,TCS,TCS,3891.10009765625,-0.6354372765474297,1.0090566615349639
2024-05-17,HDFCBANK,HDFCBANK,723.0999755859375,4.381137088966487,-1.6828997066678921
2024-05-17,INFOSYS,INFOSYS,1457,-0.5037062624667553,0.7005873147773505
2024-05-17,LT,LT,3475.949951171875,-0.5808340107115784,0.8694882816893763
2024-05-17,RELIANCE,RELIANCE,1423.050048828125,1.4426055527943682,-0.8930653190652817
2024-05-17,TCS,TCS,3919,-0.636884396828751,1.013034029380333
2024-05-21,HDFCBANK,HDFCBANK,725.04998779296875,4.40514456379666,-1.6873511970418518
2024-05-21,INFOSYS,INFOSYS,1430,-0.4929720365084135,0.6791891220961723
2024-05-21,LT,LT,3458,-0.5864661654135338,0.8830159429892825
2024-05-21,RELIANCE,RELIANCE,1425.5999755859375,1.4256453838523133,-0.8860976266521554
2024-05-21,TCS,TCS,3830.60009765625,-0.6278389966997103,0.9884287137712029
2024-05-22,HDFCBANK,HDFCBANK,728.92498779296875,4.25513620990618,-1.6592059240512604
2024-05-22,INFOSYS,INFOSYS,1428.75,-0.48981628150973316,0.6729843857979976
2024-05-22,LT,LT,3450.050048828125,-0.5858755728818189,0.8815888017178644
2024-05-22,RELIANCE,RELIANCE,1436.2750244140625,1.4020817671988655,-0.8763357643768455
2024-05-22,TCS,TCS,3835,-0.6254823925908573,0.9821164613513176
2024-05-23,HDFCBANK,HDFCBANK,729.32501220703125,4.258286684004977,-1.659805248215215
2024-05-23,INFOSYS,INFOSYS,1454.699951171875,-0.49864230653235214,0.6904354736275042
2024-05-23,LT,LT,3460.89990234375,-0.5796758091192582,0.8667289824038518
2024-05-23,RELIANCE,RELIANCE,1458.550048828125,1.372835889398802,-0.8640858176237938
2024-05-23,TCS,TCS,3840.949951171875,-0.6202631985915045,0.968276894111586
2024-05-24,HDFCBANK,HDFCBANK,743.75,4.164302455357143,-1.64177004124545
2024-05-24,INFOSYS,INFOSYS,1468.25,-0.4934445768772348,0.6801215375427887
2024-05-24,LT,LT,3586,-0.5905605131065254,0.892966159762449
2024-05-24,RELIANCE,RELIANCE,1483.625,1.4170528266913809,-0.8825489577884085
2024-05-24,TCS,TCS,3878.25,-0.6174498807451815,0.9608956035677707
2024-05-27,HDFCBANK,HDFCBANK,761.67498779296875,4.091738684025357,-1.6276193604516198
2024-05-27,INFOSYS,INFOSYS,1471.8499755859375,-0.48250501041062355,0.6587554358423784
2024-05-27,LT,LT,3644.89990234375,-0.5961891917417249,0.9068088070963949
2024-05-27,RELIANCE,RELIANCE,1480.2249755859375,1.4623958941788155,-0.9011348166948236
2024-05-27,TCS,TCS,3855,-0.6160246496534533,0.9571769202606601
2024-05-28,HDFCBANK,HDFCBANK,765.04998779296875,4.038886427697332,-1.617185110785468
2024-05-28,INFOSYS,INFOSYS,1475.5,-0.4814978056299771,0.6568110191710321
2024-05-28,LT,LT,3652,-0.5959748083242059,0.9062780473318659
2024-05-28,RELIANCE,RELIANCE,1468,1.4877384196185286,-0.9113740325403992
2024-05-28,TCS,TCS,3858,-0.6194919647485744,0.9662479842912131
2024-05-29,HDFCBANK,HDFCBANK,759,4.08300395256917,-1.6259024160700433
2024-05-29,INFOSYS,INFOSYS,1465.4000244140625,-0.48205269049078614,0.6578817609905734
2024-05-29,LT,LT,3611,-0.594184429683173,0.9018564828912536
2024-05-29,RELIANCE,RELIANCE,1446.5,1.4963705496024888,-0.9148378968612674
2024-05-29,TCS,TCS,3848.89990234375,-0.6241783271320805,0.978640522383313
2024-05-30,HDFCBANK,HDFCBANK,749.5999755859375,4.134605159685594,-1.6360029484447445
2024-05-30,INFOSYS,INFOSYS,1442.800048828125,-0.4804547059762164,0.65480128451724
2024-05-30,LT,LT,3626.050048828125,-0.6021014521588272,0.9215582111131573
2024-05-30,RELIANCE,RELIANCE,1435.5,1.5259840117228318,-0.9266306944240368
2024-05-30,TCS,TCS,3777,-0.6199364575059572,0.9674168231513383
2024-05-31,HDFCBANK,HDFCBANK,759.5,3.9730085582620145,-1.6040250006766295
2024-05-31,INFOSYS,INFOSYS,1409.800048828125,-0.4612711209427728,0.6185428419387353
2024-05-31,LT,LT,3636.39990234375,-0.6123088530721075,0.9475462694179386
2024-05-31,RELIANCE,RELIANCE,1431.300048828125,1.5406272467614652,-0.9324109980878026
2024-05-31,TCS,TCS,3740,-0.6172994521849933,0.960502455103879
2024-06-03,HDFCBANK,HDFCBANK,799.5,3.6779237023139464,-1.5428543581345693
2024-06-03,INFOSYS,INFOSYS,1440,-0.44479166666666664,0.5884118602960378
2024-06-03,LT,LT,3855.39990234375,-0.6264978895899737,0.9848316240637125
2024-06-03,RELIANCE,RELIANCE,1483,1.5997302106161497,-0.9554076744958273
2024-06-03,TCS,TCS,3732.800048828125,-0.6027111067828096,0.9230915722100637
2024-06-04,HDFCBANK,HDFCBANK,778.5,3.7948619766578355,-1.5675449230739424
2024-06-04,INFOSYS,INFOSYS,1409,-0.4474804826117814,0.5932665206246268
2024-06-04,LT,LT,3852,-0.6342159916926272,1.0057122610193359
2024-06-04,RELIANCE,RELIANCE,1498.050048828125,1.5713426617577244,-0.9444281989663068
2024-06-04,TCS,TCS,3700,-0.5951216084248311,0.9041685246806068
2024-06-05,HDFCBANK,HDFCBANK,747.0250244140625,3.95297999274139,-1.59998941417565
2024-06-05,INFOSYS,INFOSYS,1400.1500244140625,-0.4664678703079129,0.6282359857011892
2024-06-05,LT,LT,3441.5,-0.5931570465163265,0.8993280316805645
2024-06-05,RELIANCE,RELIANCE,1422,1.420182841068917,-0.8838430914752333
2024-06-05,TCS,TCS,3716,-0.6173304628632938,0.9605834895705438
2024-06-06,HDFCBANK,HDFCBANK,782.45001220703125,3.749185177361554,-1.5579730617235121
2024-06-06,INFOSYS,INFOSYS,1444.949951171875,-0.4584933467263325,0.6133999258692651
2024-06-06,LT,LT,3438,-0.5797120560872964,0.8668152218633125
2024-06-06,RELIANCE,RELIANCE,1435,1.3958188153310105,-0.8737250577490734
2024-06-06,TCS,TCS,3781,-0.6204707749272679,0.9688236756972106
2024-06-07,HDFCBANK,HDFCBANK,780.5250244140625,3.8441752432452554,-1.5777770024198734
2024-06-07,INFOSYS,INFOSYS,1481,-0.4729743251761901,0.6405060127967399
2024-06-07,LT,LT,3465.050048828125,-0.5725891461507542,0.8500095413581299
2024-06-07,RELIANCE,RELIANCE,1428.5,1.4256563169955372,-0.8861021339551014
2024-06-07,TCS,TCS,3837.300048828125,-0.627733046198394,0.9881440643272343
2024-06-10,HDFCBANK,HDFCBANK,787,3.8758577494639455,-1.5842960375806587
2024-06-10,INFOSYS,INFOSYS,1525.300048828125,-0.4840359438756687,0.6617181746006287
2024-06-10,LT,LT,3521.050048828125,-0.5668053484966011,0.8365681104149028
2024-06-10,RELIANCE,RELIANCE,1469.949951171875,1.3953536962405215,-0.8735309010616126
2024-06-10,TCS,TCS,3895,-0.6226059175425225,0.9744653259335267
2024-06-11,HDFCBANK,HDFCBANK,778,4.006426735218509,-1.6107224341264574
2024-06-11,INFOSYS,INFOSYS,1500.050048828125,-0.48135063852849963,0.656527228240698
2024-06-11,LT,LT,3570,-0.5798179134935224,0.8670671223545954
2024-06-11,RELIANCE,RELIANCE,1469,1.430224642614023,-0.8879836985998075
2024-06-11,TCS,TCS,3845,-0.6179453836150846,0.9621917057658678
2024-06-12,HDFCBANK,HDFCBANK,787.5,3.8825396825396825,-1.5856655112399567
2024-06-12,INFOSYS,INFOSYS,1507,-0.4774386197743862,0.6490128279267076
2024-06-12,LT,LT,3615,-0.5831258644536653,0.8749709359663695
2024-06-12,RELIANCE,RELIANCE,1457.5,1.4802744425385934,-0.908369216368218
2024-06-12,TCS,TCS,3874.39990234375,-0.6238127099068139,0.9776681476588553
2024-06-13,HDFCBANK,HDFCBANK,790.875,3.8988777017148726,-1.5890061384164547
2024-06-13,INFOSYS,INFOSYS,1495,-0.4709866220735786,0.6367415583577385
2024-06-13,LT,LT,3665.5,-0.5921429545764562,0.8968385448388547
2024-06-13,RELIANCE,RELIANCE,1472,1.490149456521739,-0.91234273137482
2024-06-13,TCS,TCS,3856.800048828125,-0.6183364495529754,0.9632158164628608
2024-06-14,HDFCBANK,HDFCBANK,792,3.8696970313486427,-1.583031723937256
2024-06-14,INFOSYS,INFOSYS,1503.699951171875,-0.47329917821519346,0.641122592241862
2024-06-14,LT,LT,3718,-0.5955621433104156,0.9052571842251007
2024-06-14,RELIANCE,RELIANCE,1470,1.5292517006802722,-0.9279234885086067
2024-06-14,TCS,TCS,3889,-0.6220107996914374,0.972889654382965
2024-06-18,HDFCBANK,HDFCBANK,798.45001220703125,3.870686881512146,-1.5832349705804605
2024-06-18,INFOSYS,INFOSYS,1497,-0.46663325837873665,0.6285460208443423
2024-06-18,LT,LT,3708,-0.5962783171521036,0.9070295422661161
2024-06-18,RELIANCE,RELIANCE,1487.3499755859375,1.4930245475946193,-0.9134966511012932
2024-06-18,TCS,TCS,3826.050048828125,-0.6112570518931147,0.944836955571204
2024-06-19,HDFCBANK,HDFCBANK,806.70001220703125,3.742841193668172,-1.5566363640806689
2024-06-19,INFOSYS,INFOSYS,1505,-0.46398670285247096,0.6235963101079891
2024-06-19,LT,LT,3690,-0.592140921409214,0.8968335598515962
2024-06-19,RELIANCE,RELIANCE,1487.5,1.480672268907563,-0.9085295996147869
2024-06-19,TCS,TCS,3827.64990234375,-0.611380340953029,0.9451541539026218
2024-06-20,HDFCBANK,HDFCBANK,834.9000244140625,3.584560774243618,-1.5226943048805524
2024-06-20,INFOSYS,INFOSYS,1516.300048828125,-0.4493833690374696,0.5967164815671913
2024-06-20,LT,LT,3584.949951171875,-0.5770373172622771,0.8604713243057107
2024-06-20,RELIANCE,RELIANCE,1459,1.4571281365125943,-0.8989932437919714
2024-06-20,TCS,TCS,3796,-0.6156480505795574,0.9561966112070328
2024-06-21,HDFCBANK,HDFCBANK,836.42498779296875,3.538362740711882,-1.5125663172115473
2024-06-21,INFOSYS,INFOSYS,1545,-0.45862460337024674,0.6136423468135748
2024-06-21,LT,LT,3604.050048828125,-0.5713156090875141,0.8470343163221914
2024-06-21,RELIANCE,RELIANCE,1473.625,1.4457036551552294,-0.8943328750417452
2024-06-21,TCS,TCS,3827,-0.6149399007055134,0.9543558548134099
2024-06-24,HDFCBANK,HDFCBANK,823.5,3.647237401335762,-1.5362729358080065
2024-06-24,INFOSYS,INFOSYS,1524.550048828125,-0.4598406260043747,0.6158910459392466
2024-06-24,LT,LT,3520.35009765625,-0.5669322634009818,0.8368611276508622
2024-06-24,RELIANCE,RELIANCE,1445.5250244140625,1.4353435867242832,-0.8900878499579372
2024-06-24,TCS,TCS,3808.75,-0.6204725895860682,0.9688284570500523
2024-06-25,HDFCBANK,HDFCBANK,835.54998779296875,3.558374789832115,-1.5169661542601034
2024-06-25,INFOSYS,INFOSYS,1526,-0.45245741297970593,0.6023150358045868
2024-06-25,LT,LT,3556.5,-0.5709264726557008,0.8461269823291673
2024-06-25,RELIANCE,RELIANCE,1443,1.4646569646569647,-0.9020526353996985
2024-06-25,TCS,TCS,3817,-0.621954414461619,0.972740493971358
2024-06-26,HDFCBANK,HDFCBANK,853.9749755859375,3.4696860085168693,-1.4973181619785674
2024-06-26,INFOSYS,INFOSYS,1541,-0.4458306453043884,0.5902849445534537
2024-06-26,LT,LT,3601,-0.5720633157456262,0.8487800283287603
2024-06-26,RELIANCE,RELIANCE,1446.050048828125,1.4902319272546898,-0.9123758496148113
2024-06-26,TCS,TCS,3844.5,-0.6238652493619131,0.977807820438171
2024-06-27,HDFCBANK,HDFCBANK,848.04998779296875,3.533341259759022,-1.5114592525486232
2024-06-27,INFOSYS,INFOSYS,1538.449951171875,-0.4487633561644379,0.5955910813843346
2024-06-27,LT,LT,3597.449951171875,-0.5723498666963462,0.8494498632433549
2024-06-27,RELIANCE,RELIANCE,1513.75,1.376515244374484,-0.8656352316840001
2024-06-27,TCS,TCS,3831,-0.6048681806316889,0.9285358498333478
2024-06-28,HDFCBANK,HDFCBANK,848.79998779296875,3.5134307906404225,-1.5070575717823926
2024-06-28,INFOSYS,INFOSYS,1572.550048828125,-0.460239762527431,0.6166302427035095
2024-06-28,LT,LT,3540,-0.5557768223649364,0.8114281905060539
2024-06-28,RELIANCE,RELIANCE,1531.0250244140625,1.3121764462045882,-0.838189265460632
2024-06-28,TCS,TCS,3917.800048828125,-0.6092130774075578,0.9395928225452606
2024-07-01,HDFCBANK,HDFCBANK,840,3.6640476771763395,-1.5398836713750894
2024-07-01,INFOSYS,INFOSYS,1559.5,-0.4613658223789676,0.6187186442104986
2024-07-01,LT,LT,3535.199951171875,-0.5588651217640335,0.8184046039566883
2024-07-01,RELIANCE,RELIANCE,1562.5250244140625,1.26249173353083,-0.8164667428972381
2024-07-01,TCS,TCS,3884,-0.5977021049397367,0.9105624323039079
2024-07-02,HDFCBANK,HDFCBANK,857.5,3.529446064139942,-1.5105996503711214
2024-07-02,INFOSYS,INFOSYS,1596.199951171875,-0.46278660178478703,0.621359873811584
2024-07-02,LT,LT,3535.050048828125,-0.5484646810867592,0.7951016834631046
2024-07-02,RELIANCE,RELIANCE,1569.5,1.2523415411456673,-0.8119703600327748
2024-07-02,TCS,TCS,3993.60009765625,-0.606996203520452,0.9339360069062321
2024-07-03,HDFCBANK,HDFCBANK,895.5,3.4596315998394753,-1.4950661616874736
2024-07-03,INFOSYS,INFOSYS,1625,-0.4489230769230769,0.5958808732630709
2024-07-03,LT,LT,3650.35009765625,-0.5548372193003213,0.8093152643790384
2024-07-03,RELIANCE,RELIANCE,1566.324951171875,1.3305190247561165,-0.8460910001769211
2024-07-03,TCS,TCS,4020,-0.6103669275691853,0.942549822647111
2024-07-04,HDFCBANK,HDFCBANK,879.875,3.5688307998295214,-1.5192573296847707
2024-07-04,INFOSYS,INFOSYS,1628.199951171875,-0.45960261246370765,0.61545050722256
2024-07-04,LT,LT,3616.10009765625,-0.5497359289840507,0.7979210438520381
2024-07-04,RELIANCE,RELIANCE,1557,1.3224791892461465,-0.8426352311688952
2024-07-04,TCS,TCS,3999.85009765625,-0.6107354120814831,0.943495991979864
2024-07-05,HDFCBANK,HDFCBANK,842.5,3.747596555081602,-1.5576385015873457
2024-07-05,INFOSYS,INFOSYS,1651.449951171875,-0.48984224474852606,0.6730352770720804
2024-07-05,LT,LT,3573.300048828125,-0.5378361938249565,0.7718358919210822
2024-07-05,RELIANCE,RELIANCE,1553.824951171875,1.2996799260645078,-0.8327699506704445
2024-07-05,TCS,TCS,4010,-0.6125124810045199,0.9480716397513795
2024-07-08,HDFCBANK,HDFCBANK,822.6500244140625,3.874490829628489,-1.5840156537906172
2024-07-08,INFOSYS,INFOSYS,1643.0999755859375,-0.49933051144943175,0.6918090990892507
2024-07-08,LT,LT,3640.10009765625,-0.5486113207040983,0.7954264940095515
2024-07-08,RELIANCE,RELIANCE,1589,1.2908118927981436,-0.828906293072083
2024-07-08,TCS,TCS,4022,-0.6049229239184485,0.9286744037958803
2024-07-09,HDFCBANK,HDFCBANK,812.5,3.9501538461538463,-1.5994186561287043
2024-07-09,INFOSYS,INFOSYS,1659.9000244140625,-0.5105126886862906,0.7143967390764336
2024-07-09,LT,LT,3650,-0.5452328700235445,0.7879697932962113
2024-07-09,RELIANCE,RELIANCE,1597.5999755859375,1.2846770504370608,-0.8262246797566437
2024-07-09,TCS,TCS,3985,-0.5990966184226004,0.9140348244044212
2024-07-10,HDFCBANK,HDFCBANK,814.9749755859375,3.8897206900554577,-1.5871351832573852
2024-07-10,INFOSYS,INFOSYS,1657,-0.5081623563150649,0.7096066094596329
2024-07-10,LT,LT,3685.050048828125,-0.550345320132914,0.7992753688761827
2024-07-10,RELIANCE,RELIANCE,1595,1.3103762061618338,-0.8374103710838003
2024-07-10,TCS,TCS,3983.699951171875,-0.5996184402565753,0.9153372871884677
2024-07-11,HDFCBANK,HDFCBANK,811.9749755859375,3.9061856226506944,-1.5904967809645463
2024-07-11,INFOSYS,INFOSYS,1656,-0.5096769471099412,0.7126908135023386
2024-07-11,LT,LT,3660,-0.5475409836065573,0.7930580914502068
2024-07-11,RELIANCE,RELIANCE,1587.5,1.3055118110236221,-0.835302695628565
2024-07-11,TCS,TCS,3931,-0.5961587382345459,0.9067333946550136
2024-07-12,HDFCBANK,HDFCBANK,811,3.847102342786683,-1.5783810713064472
2024-07-12,INFOSYS,INFOSYS,1680,-0.5172619047619048,0.7282810182818915
2024-07-12,LT,LT,3630,-0.5371900826446281,0.7704388548615926
2024-07-12,RELIANCE,RELIANCE,1584.5,1.2909435153045126,-0.8289637481279222
2024-07-12,TCS,TCS,3980,-0.6018844221105528,0.9210129191475076
2024-07-15,HDFCBANK,HDFCBANK,811.75,3.902987372959655,-1.5898446872955274
2024-07-15,INFOSYS,INFOSYS,1726.199951171875,-0.5297474087813971,0.7544853005161194
2024-07-15,LT,LT,3670,-0.5296457898714237,0.7542692295495419
2024-07-15,RELIANCE,RELIANCE,1604.449951171875,1.2873882711763411,-0.8274106737730724
2024-07-15,TCS,TCS,4235.7001953125,-0.6212078576884494,0.9707676615190755
2024-07-16,HDFCBANK,HDFCBANK,810.375,4.22683966720654,-1.6538068252994602
2024-07-16,INFOSYS,INFOSYS,1718.5999755859375,-0.5284679323216493,0.7517681671781782
2024-07-16,LT,LT,3646.10009765625,-0.5286470668507782,0.7521481382905124
2024-07-16,RELIANCE,RELIANCE,1593.5,1.28810799978428,-0.8277252751064585
2024-07-16,TCS,TCS,4172,-0.6180488974113135,0.9624626822632711
2024-07-18,HDFCBANK,HDFCBANK,804,4.189054726368159,-1.646551546941696
2024-07-18,INFOSYS,INFOSYS,1719,-0.5322862129144852,0.7598987362038825
2024-07-18,LT,LT,3640,-0.5277472527472528,0.7502409552479365
2024-07-18,RELIANCE,RELIANCE,1576,1.3096446700507614,-0.8370936902129609
2024-07-18,TCS,TCS,4160,-0.6211538461538462,0.9706250828374836
2024-07-19,HDFCBANK,HDFCBANK,808,4.148514851485149,-1.6387082947342133
2024-07-19,INFOSYS,INFOSYS,1844,-0.561822125813449,0.8251303455954444
2024-07-19,LT,LT,3651,-0.49493289509723365,0.6830639775390983
2024-07-19,RELIANCE,RELIANCE,1586,1.3020176544766708,-0.8337859794608447
2024-07-19,TCS,TCS,4317.39990234375,-0.6326492713498646,1.0014382233867574
2024-07-22,HDFCBANK,HDFCBANK,808.5,4.340012247796846,-1.6752279465643891
2024-07-22,INFOSYS,INFOSYS,1800.1500244140625,-0.5508707668611333,0.8004446082906362
2024-07-22,LT,LT,3617.89990234375,-0.5024323300796995,0.698023711693061
2024-07-22,RELIANCE,RELIANCE,1537.25,1.3534883085664335,-0.8558986141672795
2024-07-22,TCS,TCS,4299.9501953125,-0.6424958592134856,1.0286083342955328
2024-07-23,HDFCBANK,HDFCBANK,823.7750244140625,4.21981131725981,-1.652461255122451
2024-07-23,INFOSYS,INFOSYS,1810,-0.5448756771193025,0.7871846602532102
2024-07-23,LT,LT,3669.60009765625,-0.5067582429060771,0.7067558456353238
2024-07-23,RELIANCE,RELIANCE,1501,1.444770218291972,-0.8939511382617331
2024-07-23,TCS,TCS,4283,-0.6495447116507121,1.0485221459819085
2024-07-24,HDFCBANK,HDFCBANK,804.07501220703125,4.326617461030145,-1.6727164140234985
2024-07-24,INFOSYS,INFOSYS,1837.5,-0.5624081566220238,0.8264686674951198
2024-07-24,LT,LT,3549,-0.4822485207100592,0.6582599215595053
2024-07-24,RELIANCE,RELIANCE,1485,1.38989898989899,-0.8712511014096966
2024-07-24,TCS,TCS,4287.5,-0.6536443148688047,1.0602890402373957
2024-07-25,HDFCBANK,HDFCBANK,796.5,4.3829252981795355,-1.6832319621240925
2024-07-25,INFOSYS,INFOSYS,1820,-0.5623626373626374,0.8263646507207376
2024-07-25,LT,LT,3539,-0.48573043232551566,0.6650077002746224
2024-07-25,RELIANCE,RELIANCE,1481,1.3896016205266712,-0.8711266660776644
2024-07-25,TCS,TCS,4295,-0.6551804423748545,1.0647340201505564
2024-07-26,HDFCBANK,HDFCBANK,802.5,4.35202492211838,-1.6774749794141846
2024-07-26,INFOSYS,INFOSYS,1825.3499755859375,-0.5603582815715121,0.8217951600717441
2024-07-26,LT,LT,3629,-0.4970102023736739,0.6871853921371551
2024-07-26,RELIANCE,RELIANCE,1492.4000244140625,1.4316536723622724,-0.8885715495071409
2024-07-26,TCS,TCS,4350,-0.6569195346174569,1.0697902663768009
2024-07-29,HDFCBANK,HDFCBANK,807.5,4.386996904024768,-1.6839880689859186
2024-07-29,INFOSYS,INFOSYS,1893.5999755859375,-0.5735635770959836,0.852291990210027
2024-07-29,LT,LT,3701,-0.4883545053807248,0.670123287079317
2024-07-29,RELIANCE,RELIANCE,1511.949951171875,1.4478323486378941,-0.8952028772713323
2024-07-29,TCS,TCS,4415,-0.6575424799157701,1.0716076579232379
2024-07-30,HDFCBANK,HDFCBANK,801,4.511860174781523,-1.7069021659697015
2024-07-30,INFOSYS,INFOSYS,1871.0999755859375,-0.5719095663238595,0.8484208120838534
2024-07-30,LT,LT,3774.85009765625,-0.5043246944434492,0.7018341925123472
2024-07-30,RELIANCE,RELIANCE,1517.0250244140625,1.4883242114705737,-0.9116094764639096
2024-07-30,TCS,TCS,4391.10009765625,-0.6545227868470194,1.0628285911969462
2024-07-31,HDFCBANK,HDFCBANK,807,4.441264061531908,-1.694011398127648
2024-07-31,INFOSYS,INFOSYS,1877,-0.5700586041555674,0.8441063683165595
2024-07-31,LT,LT,3777.050048828125,-0.5030513295468876,0.6992685369855014
2024-07-31,RELIANCE,RELIANCE,1504,1.5113364686357214,-0.9208150690622245
2024-07-31,TCS,TCS,4350,-0.6542528735632184,1.0620476195729447
2024-08-01,HDFCBANK,HDFCBANK,811.45001220703125,4.360773842579168,-1.6791083382773602
2024-08-01,INFOSYS,INFOSYS,1856.0999755859375,-0.5628198788425333,0.8274099922462632
2024-08-01,LT,LT,3810,-0.5128346520771817,0.719151690069114
2024-08-01,RELIANCE,RELIANCE,1512,1.5198412698412698,-0.9241959113812692
2024-08-01,TCS,TCS,4399.39990234375,-0.6563167628397472,1.0680348680345153
2024-08-02,HDFCBANK,HDFCBANK,815.5,4.394727041500613,-1.685422002712925
2024-08-02,INFOSYS,INFOSYS,1843,-0.5575149213239283,0.8153485356087549
2024-08-02,LT,LT,3730.35009765625,-0.5059444953550224,0.7051074105249295
2024-08-02,RELIANCE,RELIANCE,1505,1.4786379386420265,-0.9077091910117767
2024-08-02,TCS,TCS,4365,-0.6552119129438717,1.0648252910907265
2024-08-05,HDFCBANK,HDFCBANK,820.04998779296875,4.3228462471509665,-1.6720081691503008
2024-08-05,INFOSYS,INFOSYS,1784.949951171875,-0.5405753605278509,0.7777803561380763
2024-08-05,LT,LT,3597,-0.503767041653635,0.7007097884341453
2024-08-05,RELIANCE,RELIANCE,1480,1.4304054054054054,-0.8880580769374626
2024-08-05,TCS,TCS,4239,-0.6508610521349375,1.0522853045944762
2024-08-06,HDFCBANK,HDFCBANK,815,4.20122699386503,-1.648894558111774
2024-08-06,INFOSYS,INFOSYS,1760.199951171875,-0.5369844207429937,0.769994576958748
2024-08-06,LT,LT,3548,-0.5038895289819969,0.7009566532298592
2024-08-06,RELIANCE,RELIANCE,1455.1500244140625,1.4382365670018487,-0.8912750595763734
2024-08-06,TCS,TCS,4170.9501953125,-0.6511226564034677,1.0530348695658924
2024-08-07,HDFCBANK,HDFCBANK,808.5,4.1588747004483615,-1.6407184744018277
2024-08-07,INFOSYS,INFOSYS,1796,-0.5498329621380846,0.798136569844984
2024-08-07,LT,LT,3630,-0.5052341597796143,0.7036706783967519
2024-08-07,RELIANCE,RELIANCE,1469,1.471068754254595,-0.9046507510850201
2024-08-07,TCS,TCS,4228,-0.652554399243141,1.0571471708162505
2024-08-08,HDFCBANK,HDFCBANK,812,4.206896551724138,-1.6499840068284497
2024-08-08,INFOSYS,INFOSYS,1779.949951171875,-0.5438073978061017,0.7848401854099825
2024-08-08,LT,LT,3621,-0.5084369093698219,0.7101649841939803
2024-08-08,RELIANCE,RELIANCE,1457.5250244140625,1.4843484258225157,-0.9100104222790808
2024-08-08,TCS,TCS,4181,-0.6513932015273708,1.0538106438700048
2024-08-09,HDFCBANK,HDFCBANK,826,4.061743341404358,-1.621710957835587
2024-08-09,INFOSYS,INFOSYS,1771.25,-0.5336626676076217,0.7628460174839127
2024-08-09,LT,LT,3600,-0.5079861111111111,0.7092483334393105
2024-08-09,RELIANCE,RELIANCE,1460,1.4657534246575343,-0.9024974097418186
2024-08-09,TCS,TCS,4217,-0.653782309698838,1.060687539044177
2024-08-12,HDFCBANK,HDFCBANK,826,4.105326876513317,-1.6302844802255816
2024-08-12,INFOSYS,INFOSYS,1773.050048828125,-0.5341361060022337,0.7638617604842741
2024-08-12,LT,LT,3579,-0.5045962422944608,0.7023821767607741
2024-08-12,RELIANCE,RELIANCE,1470,1.4346938775510205,-0.8898210309932439
2024-08-12,TCS,TCS,4230,-0.6524822695035462,1.0569395922675424
2024-08-13,HDFCBANK,HDFCBANK,814,4.196560196560196,-1.6479969060377844
2024-08-13,INFOSYS,INFOSYS,1810,-0.5502762430939226,0.7991217582573311
2024-08-13,LT,LT,3580,-0.49441340782122906,0.68203595513487425
2024-08-13,RELIANCE,RELIANCE,1460.75,1.4507958240629812,-0.896412797960199
2024-08-13,TCS,TCS,4213,-0.6532755755993354,1.059224980544471
2024-08-14,HDFCBANK,HDFCBANK,803.25,4.244942421413009,-1.6572642639830493
2024-08-14,INFOSYS,INFOSYS,1802,-0.5542452830188679,0.8079864401723151
2024-08-14,LT,LT,3558.949951171875,-0.493670879129209,0.6805683846332737
2024-08-14,RELIANCE,RELIANCE,1463.550048828125,1.4317241176832673,-0.8886005192166895
2024-08-14,TCS,TCS,4209,-0.6522808151988299,1.0563600651857037
2024-08-16,HDFCBANK,HDFCBANK,814.25,4.1691740865827445,-1.6427129246142282
2024-08-16,INFOSYS,INFOSYS,1850,-0.5598648648648649,0.8206734739160275
2024-08-16,LT,LT,3578,-0.4829513694801565,0.6596183459962948
2024-08-16,RELIANCE,RELIANCE,1468.6500244140625,1.4362509382910955,-0.8904603569770027
2024-08-16,TCS,TCS,4350,-0.6623793047323995,1.0858322169910677
2024-08-19,HDFCBANK,HDFCBANK,818.82501220703125,4.312490379690733,-1.6700607233671514
2024-08-19,INFOSYS,INFOSYS,1860,-0.559771498813424,0.820461365991668
2024-08-19,LT,LT,3599.85009765625,-0.4833118186751754,0.6603157173300751
2024-08-19,RELIANCE,RELIANCE,1482.5,1.4282294081998315,-0.8871623531654409
2024-08-19,TCS,TCS,4421,-0.6646686270074644,1.0926360629543614
2024-08-20,HDFCBANK,HDFCBANK,813.7249755859375,4.433039580500252,-1.6924987527444406
2024-08-20,INFOSYS,INFOSYS,1880,-0.5671675661776928,0.8374046147421934
2024-08-20,LT,LT,3562,-0.47220662549129705,0.6390504080256125
2024-08-20,RELIANCE,RELIANCE,1497.2249755859375,1.3790679811536104,-0.8667088064289885
2024-08-20,TCS,TCS,4505,-0.6676526136324223,1.10157451262182
2024-08-21,HDFCBANK,HDFCBANK,814.04998779296875,4.534058187524625,-1.710921395860347
2024-08-21,INFOSYS,INFOSYS,1875.0999755859375,-0.5658631548226692,0.8343954831134415
2024-08-21,LT,LT,3590,-0.4776880290846971,0.649490224186791
2024-08-21,RELIANCE,RELIANCE,1493.25,1.404152017411686,-0.8771972498699094
2024-08-21,TCS,TCS,4518,-0.6694887118193891,1.1071144654155338
2024-08-22,HDFCBANK,HDFCBANK,816,4.536764705882353,-1.711410342063842
2024-08-22,INFOSYS,INFOSYS,1884,-0.5668789808917197,0.8367381001722016
2024-08-22,LT,LT,3607.050048828125,-0.4776895317512762,0.6494931011431389
2024-08-22,RELIANCE,RELIANCE,1503,1.3999002320879075,-0.8754271665264728
2024-08-22,TCS,TCS,4560,-0.6703947368421053,1.1098595127554578
2024-08-23,HDFCBANK,HDFCBANK,817,4.5813953488372094,-1.7194388076484293
2024-08-23,INFOSYS,INFOSYS,1878.199951171875,-0.5650090399106629,0.8324300295132119
2024-08-23,LT,LT,3606.5,-0.47921809200835297,0.6524239275705126
2024-08-23,RELIANCE,RELIANCE,1503.75,1.3983374896093101,-0.8747757846548385
2024-08-23,TCS,TCS,4500,-0.6658333333333334,1.0961154084695224
2024-08-26,HDFCBANK,HDFCBANK,816.0999755859375,4.514030308319913,-1.707295809198743
2024-08-26,INFOSYS,INFOSYS,1870,-0.5635829007561831,0.8291568432889642
2024-08-26,LT,LT,3611,-0.4821379119357519,0.6580463114288246
2024-08-26,RELIANCE,RELIANCE,1506.9749755859375,1.3961910837941962,-0.8738804282394392
2024-08-26,TCS,TCS,4489,-0.6642960624669331,1.0915256457439133
2024-08-27,HDFCBANK,HDFCBANK,821.70001220703125,4.463064297568703,-1.6980098589889643
2024-08-27,INFOSYS,INFOSYS,1876.1500244140625,-0.5620286216377312,0.8256017169457124
2024-08-27,LT,LT,3642.64990234375,-0.48494912365667864,0.6634895941815557
2024-08-27,RELIANCE,RELIANCE,1510.5,1.411552401419232,-0.8802706900935089
2024-08-27,TCS,TCS,4505,-0.6647058823529411,1.0927471692157127
2024-08-28,HDFCBANK,HDFCBANK,818.875,4.501450160280873,-1.705011722990399
2024-08-28,INFOSYS,INFOSYS,1906.9000244140625,-0.5705726626902647,0.845302731591552
2024-08-28,LT,LT,3705,-0.485317132411859,0.6642043590865949
2024-08-28,RELIANCE,RELIANCE,1505,1.4617940199335548,-0.9008903605472112
2024-08-28,TCS,TCS,4498.75,-0.6654626285079188,1.095006682210264
2024-08-29,HDFCBANK,HDFCBANK,821,4.479598051157126,-1.701031749940812
2024-08-29,INFOSYS,INFOSYS,1933,-0.5752715985514744,0.8563053697559031
2024-08-29,LT,LT,3690.5,-0.4762227340468771,0.6466887500017755
2024-08-29,RELIANCE,RELIANCE,1503.0999755859375,1.455259171008483,-0.8982323243134003
2024-08-29,TCS,TCS,4460,-0.6629820682542741,1.0876191401174031
2024-08-30,HDFCBANK,HDFCBANK,828,4.386473429951691,-1.6838908906288497
2024-08-30,INFOSYS,INFOSYS,1938,-0.5727554179566563,0.8503986380654522
2024-08-30,LT,LT,3718.35009765625,-0.4788010948131108,0.6516235342960304
2024-08-30,RELIANCE,RELIANCE,1534,1.4239570388893417,-0.8854013448195408
2024-08-30,TCS,TCS,4500,-0.6591111111111111,1.07619869383121
2024-09-02,HDFCBANK,HDFCBANK,823.4000244140625,4.465144360667505,-1.6983905367723011
2024-09-02,INFOSYS,INFOSYS,1943.3499755859375,-0.5762986416454401,0.8587264154199978
2024-09-02,LT,LT,3706,-0.475620621806277,0.6455398524391978
2024-09-02,RELIANCE,RELIANCE,1510.875,1.4528832630098454,-0.8972641746656853
2024-09-02,TCS,TCS,4576,-0.6698262674825175,1.1081363008800134
2024-09-03,HDFCBANK,HDFCBANK,817,4.600979192166463,-1.7229414381996309
2024-09-03,INFOSYS,INFOSYS,1967,-0.5846466700559227,0.8786257235290558
2024-09-03,LT,LT,3693.949951171875,-0.4675076744404765,0.6301867935972041
2024-09-03,RELIANCE,RELIANCE,1521.25,1.428233328625719,-0.8871639676845264
2024-09-03,TCS,TCS,4521.0498046875,-0.6635184159168646,1.0892118592311286
2024-09-04,HDFCBANK,HDFCBANK,819.5,4.516839297971324,-1.7078051053489807
2024-09-04,INFOSYS,INFOSYS,1921.0999755859375,-0.5734214718575218,0.851958806742136
2024-09-04,LT,LT,3650,-0.47367123956549656,0.6418292416505169
2024-09-04,RELIANCE,RELIANCE,1500.699951171875,1.4321983865927146,-0.8887955342114937
2024-09-04,TCS,TCS,4476.9501953125,-0.664794137593232,1.0930104212468104
2024-09-05,HDFCBANK,HDFCBANK,823,4.4397936759568655,-1.6937411329347842
2024-09-05,INFOSYS,INFOSYS,1926.25,-0.572744970798183,0.8503741859572553
2024-09-05,LT,LT,3668,-0.47485005452562706,0.6440714467420303
2024-09-05,RELIANCE,RELIANCE,1519.050048828125,1.414666984033665,-0.8815613827860957
2024-09-05,TCS,TCS,4481,-0.6610019975835472,1.0817610641958826
2024-09-06,HDFCBANK,HDFCBANK,819.1500244140625,4.470304420982294,-1.699334267715729
2024-09-06,INFOSYS,INFOSYS,1922,-0.5738033171622984,0.8528543424598247
2024-09-06,LT,LT,3615.10009765625,-0.4683411390887695,0.6317532342107448
2024-09-06,RELIANCE,RELIANCE,1492.5,1.4221776198701843,-0.8846669784742254
2024-09-06,TCS,TCS,4473.9501953125,-0.6664021871401833,1.0978191646946467
2024-09-09,HDFCBANK,HDFCBANK,819,4.462698651175214,-1.6979429261083343
2024-09-09,INFOSYS,INFOSYS,1890,-0.5666666666666667,0.8362480242006187
2024-09-09,LT,LT,3584,-0.47265625,0.6399026660411318
2024-09-09,RELIANCE,RELIANCE,1466.5,1.4439140811455846,-0.8936008856773148
2024-09-09,TCS,TCS,4455,-0.6708193041526375,1.1111484514874048
2024-09-10,HDFCBANK,HDFCBANK,827,4.386940749697702,-1.6839776448812191
2024-09-10,INFOSYS,INFOSYS,1904.9000244140625,-0.5658564809697134,0.8343801105374151
2024-09-10,LT,LT,3585,-0.4686471340546548,0.6323289474726153
2024-09-10,RELIANCE,RELIANCE,1460.5,1.4546388223211228,-0.897979631205926
2024-09-10,TCS,TCS,4442.4501953125,-0.6712399833900079,1.112427227178685
2024-09-11,HDFCBANK,HDFCBANK,825.20001220703125,4.383482949098589,-1.6833355530165681
2024-09-11,INFOSYS,INFOSYS,1914.699951171875,-0.5690186278523823,0.8416904098875362
2024-09-11,LT,LT,3595,-0.46739917908988177,0.6299830642776989
2024-09-11,RELIANCE,RELIANCE,1463.050048828125,1.4571955025595509,-0.8990206599948545
2024-09-11,TCS,TCS,4521.4501953125,-0.6764201781222968,1.1283094508788496
2024-09-12,HDFCBANK,HDFCBANK,827,4.467291650922007,-1.6987833660154514
2024-09-12,INFOSYS,INFOSYS,1925,-0.5703896103896103,0.8448765516981931
2024-09-12,LT,LT,3558,-0.4589657110736369,0.614272621503896
2024-09-12,RELIANCE,RELIANCE,1457,1.4420041180507892,-0.8928190620305756
2024-09-12,TCS,TCS,4510.25,-0.6769580400199545,1.1299730571377076
2024-09-13,HDFCBANK,HDFCBANK,837,4.388590203106332,-1.6842837928434369
2024-09-13,INFOSYS,INFOSYS,1950.449951171875,-0.5708682504274918,0.8459912986416755
2024-09-13,LT,LT,3622,-0.46149918520931116,0.6189662693122084
2024-09-13,RELIANCE,RELIANCE,1476.4000244140625,1.4532646573461414,-0.8974196507513046
2024-09-13,TCS,TCS,4530,-0.6740838798202953,1.1211152307850245
2024-09-16,HDFCBANK,HDFCBANK,833.5,4.4349130173965206,-1.6928435162862305
2024-09-16,INFOSYS,INFOSYS,1945.75,-0.5716304766799435,0.8477690836486484
2024-09-16,LT,LT,3619.14990234375,-0.4623737472880196,0.6205916577958925
2024-09-16,RELIANCE,RELIANCE,1477.550048828125,1.4494262683109593,-0.8958538209335005
2024-09-16,TCS,TCS,4527,-0.6736138615356472,1.1196741247340691
2024-09-17,HDFCBANK,HDFCBANK,839,4.395709177592372,-1.6856040409687525
2024-09-17,INFOSYS,INFOSYS,1947.75,-0.5692465665511488,0.8422194327437618
2024-09-17,LT,LT,3668,-0.4689885496183206,0.6329716941653878
2024-09-17,RELIANCE,RELIANCE,1474,1.4884667571234735,-0.9116667606270736
2024-09-17,TCS,TCS,4513.25,-0.6734060820916191,1.1190377210674862
2024-09-18,HDFCBANK,HDFCBANK,835.92498779296875,4.399108850563257,-1.686233912278193
2024-09-18,INFOSYS,INFOSYS,1938.75,-0.5688330172570116,0.8412598329521739
2024-09-18,LT,LT,3689,-0.474451070750881,0.6433119831059271
2024-09-18,RELIANCE,RELIANCE,1470,1.5095238095238095,-0.920093017823894
2024-09-18,TCS,TCS,4497.0498046875,-0.6731190305102368,1.1181591820283243
2024-09-19,HDFCBANK,HDFCBANK,849.5999755859375,4.29313786948505,-1.6664112400493813
2024-09-19,INFOSYS,INFOSYS,1910.5999755859375,-0.5553229422996383,0.8104069733059651
2024-09-19,LT,LT,3750,-0.49050667317708335,0.6743385239067665
2024-09-19,RELIANCE,RELIANCE,1466.25,1.5575447570332481,-0.939047718996771
2024-09-19,TCS,TCS,4390.0498046875,-0.6660060670759581,1.0966324510684986
2024-09-20,HDFCBANK,HDFCBANK,858.25,4.115117745048063,-1.6322004186983827
2024-09-20,INFOSYS,INFOSYS,1905,-0.5494750656167979,0.7973418552230003
2024-09-20,LT,LT,3700,-0.4851351351351351,0.663850811071514
2024-09-20,RELIANCE,RELIANCE,1474,1.5101763907734056,-0.9203530258830339
2024-09-20,TCS,TCS,4316.89990234375,-0.6585512674964435,1.0745577356816325
2024-09-23,HDFCBANK,HDFCBANK,874.5,3.936420700221555,-1.5966405139722575
2024-09-23,INFOSYS,INFOSYS,1909,-0.5419067574646411,0.7806825292670911
2024-09-23,LT,LT,3800,-0.4976315789473684,0.6884215219887295
2024-09-23,RELIANCE,RELIANCE,1491,1.5486250838363513,-0.9355540309497394
2024-09-23,TCS,TCS,4300,-0.6532558139534884,1.0591679869169157
2024-09-24,HDFCBANK,HDFCBANK,882.5,3.8725212464589234,-1.583611512874202
2024-09-24,INFOSYS,INFOSYS,1888,-0.5325741525423728,0.7605145578979942
2024-09-24,LT,LT,3787.699951171875,-0.5015444664734142,0.6962408941073228
2024-09-24,RELIANCE,RELIANCE,1488.5,1.5446422245024354,-0.9339900603569378
2024-09-24,TCS,TCS,4251.64990234375,-0.6499006187740306,1.049538218443904
2024-09-25,HDFCBANK,HDFCBANK,880.07501220703125,3.831008542875866,-1.5750552539159486
2024-09-25,INFOSYS,INFOSYS,1886.3499755859375,-0.5334508317134191,0.7623918659924076
2024-09-25,LT,LT,3787.550048828125,-0.5019603830266012,0.6970756529661699
2024-09-25,RELIANCE,RELIANCE,1483.9000244140625,1.5524293999009058,-0.9370456114776502
2024-09-25,TCS,TCS,4252.35009765625,-0.6510400154418289,1.0527980207798198
2024-09-26,HDFCBANK,HDFCBANK,886.5250244140625,3.796649818731047,-1.567917719799227
2024-09-26,INFOSYS,INFOSYS,1897.800048828125,-0.5328670030536231,0.7611412718231563
2024-09-26,LT,LT,3801,-0.5007103265382465,0.6945688437207869
2024-09-26,RELIANCE,RELIANCE,1490.6500244140625,1.549894299632188,-0.9360519071865818
2024-09-26,TCS,TCS,4260,-0.6500821538934125,1.0500568774607482
2024-09-27,HDFCBANK,HDFCBANK,888.5,3.7945976364659537,-1.5674897916687103
2024-09-27,INFOSYS,INFOSYS,1932.0999755859375,-0.5401376682226036,0.7768281130366077
2024-09-27,LT,LT,3738,-0.48311932167310395,0.6599432273841943
2024-09-27,RELIANCE,RELIANCE,1499,1.4936624416277517,-0.9137524899129099
2024-09-27,TCS,TCS,4335,-0.6542099192618224,1.0619233911120451
2024-09-30,HDFCBANK,HDFCBANK,874.4000244140625,3.9576851314761727,-1.6009389244313832
2024-09-30,INFOSYS,INFOSYS,1880,-0.5348936040350731,0.7654890910407355
2024-09-30,LT,LT,3699,-0.4917545282508786,0.6767907360084582
2024-09-30,RELIANCE,RELIANCE,1519.4000244140625,1.4345135846805537,-0.8897469766951067
2024-09-30,TCS,TCS,4286.89990234375,-0.6455713781459254,1.037248302072979
2024-10-01,HDFCBANK,HDFCBANK,862,3.9732017428581785,-1.6040638465466328
2024-10-01,INFOSYS,INFOSYS,1875,-0.5402666666666667,0.7771086677408183
2024-10-01,LT,LT,3667,-0.48868284701390785,0.6707652296668147
2024-10-01,RELIANCE,RELIANCE,1480.6500244140625,1.4766149593325686,-0.9068926920505724
2024-10-01,TCS,TCS,4255.5498046875,-0.6520661037069471,1.0557427704319355
2024-10-03,HDFCBANK,HDFCBANK,857.82501220703125,3.9608600170549084,-1.601579116241699
2024-10-03,INFOSYS,INFOSYS,1889.5,-0.5460042274638628,0.7896673925785533
2024-10-03,LT,LT,3582.5,-0.4725750174459177,0.6397486369127829
2024-10-03,RELIANCE,RELIANCE,1436.574951171875,1.4937786901251502,-0.913799106401946
2024-10-03,TCS,TCS,4262.60009765625,-0.6629815328062884,1.087617551336777
2024-10-04,HDFCBANK,HDFCBANK,837.25,4.0911915170573305,-1.6275118929628434
2024-10-04,INFOSYS,INFOSYS,1889.550048828125,-0.55690509467095,0.8139712986332466
2024-10-04,LT,LT,3515,-0.462432418541074,0.6207007939372051
2024-10-04,RELIANCE,RELIANCE,1403.925048828125,1.50369491087435,-0.9177676051095389
2024-10-04,TCS,TCS,4225,-0.6677100476146449,1.101747340656047
2024-10-07,HDFCBANK,HDFCBANK,826.0999755859375,4.114393081785634,-1.6320587377762132
2024-10-07,INFOSYS,INFOSYS,1923.199951171875,-0.5704554926373802,0.845029916936828
2024-10-07,LT,LT,3505,-0.45129815943741086,0.6002000805168013
2024-10-07,RELIANCE,RELIANCE,1393.5,1.515249372084679,-0.9223719525466869
2024-10-07,TCS,TCS,4273.89990234375,-0.6739511846695747,1.120708168548008
2024-10-08,HDFCBANK,HDFCBANK,815,4.244048959930981,-1.657093902229148
2024-10-08,INFOSYS,INFOSYS,1937.9000244140625,-0.5794416689548157,0.8661720908895463
2024-10-08,LT,LT,3492.949951171875,-0.4451967387153937,0.5891417122519487
2024-10-08,RELIANCE,RELIANCE,1372.9749755859375,1.5440740095654013,-0.9337667368650155
2024-10-08,TCS,TCS,4272.60009765625,-0.6786558666374867,1.135242663555191
2024-10-09,HDFCBANK,HDFCBANK,824.75,4.180479051417096,-1.6448975329638422
2024-10-09,INFOSYS,INFOSYS,1952.550048828125,-0.5776036570765519,0.8618112044792499
2024-10-09,LT,LT,3542.050048828125,-0.44875142307090793,0.5955694337589401
2024-10-09,RELIANCE,RELIANCE,1397.5250244140625,1.5345163678290434,-0.9300028369204787
2024-10-09,TCS,TCS,4260,-0.6719424825319102,1.1145663278370135
2024-10-10,HDFCBANK,HDFCBANK,819.5,4.198291641244661,-1.6483300410795314
2024-10-10,INFOSYS,INFOSYS,1957.9000244140625,-0.581439302425439,0.8709333635488576
2024-10-10,LT,LT,3515,-0.4429871907783606,0.5851670425120234
2024-10-10,RELIANCE,RELIANCE,1380.0250244140625,1.5470552619090479,-0.9349378926245491
2024-10-10,TCS,TCS,4253.25,-0.6755363488123053,1.125581763942031
2024-10-11,HDFCBANK,HDFCBANK,832.2249755859375,4.11069737723919,-1.6313358679449523
2024-10-11,INFOSYS,INFOSYS,1918,-0.5660975101220347,0.8349354478260889
2024-10-11,LT,LT,3469.39990234375,-0.4471666414977712,0.5926986637360452
2024-10-11,RELIANCE,RELIANCE,1370,1.5324086878421532,-0.9291709003572581
2024-10-11,TCS,TCS,4143,-0.6693217475259474,1.1066094232552306
2024-10-14,HDFCBANK,HDFCBANK,828.0250244140625,4.003471969861928,-1.6101320654265416
2024-10-14,INFOSYS,INFOSYS,1932.1500244140625,-0.5714488968499397,0.8473452874950436
2024-10-14,LT,LT,3510,-0.4495299075743412,0.5969826523140087
2024-10-14,RELIANCE,RELIANCE,1379.449951171875,1.5444924602144303,-0.9339312038725556
2024-10-14,TCS,TCS,4140,-0.6667995287024456,1.0990109542320035
2024-10-15,HDFCBANK,HDFCBANK,847,3.887839433293979,-1.5867503721673053
2024-10-15,INFOSYS,INFOSYS,1960,-0.5678571428571428,0.8389990575725079
2024-10-15,LT,LT,3570,-0.45098039215686275,0.5996211225491219
2024-10-15,RELIANCE,RELIANCE,1358.5250244140625,1.6278500107421694,-0.9661660254556201
2024-10-15,TCS,TCS,4131.0498046875,-0.6711429083056455,1.1121319943331835
2024-10-16,HDFCBANK,HDFCBANK,840.04998779296875,3.9176237899137996,-1.5928254443071515
2024-10-16,INFOSYS,INFOSYS,1955,-0.5703069116148497,0.8446840730753697
2024-10-16,LT,LT,3550,-0.44929577464788734,0.5965574100499946
2024-10-16,RELIANCE,RELIANCE,1340,1.6492537313432836,-0.974277989524504
2024-10-16,TCS,TCS,4085,-0.6719706242350061,1.1146521143491466
2024-10-17,HDFCBANK,HDFCBANK,847.4749755859375,3.8202013247360647,-1.572815695807666
2024-10-17,INFOSYS,INFOSYS,1935.199951171875,-0.5620736890403792,0.8257046225778142
2024-10-17,LT,LT,3549.89990234375,-0.45485788207881633,0.6067087514847929
2024-10-17,RELIANCE,RELIANCE,1365.699951171875,1.5993263742139439,-0.9552523246178515
2024-10-17,TCS,TCS,4112.7998046875,-0.6679391130063419,1.1024369323211642
2024-10-18,HDFCBANK,HDFCBANK,831.54998779296875,3.945944158574704,-1.5985678788160609
2024-10-18,INFOSYS,INFOSYS,1893.800048828125,-0.5609093006901504,0.8230492828962506
2024-10-18,LT,LT,3569.949951171875,-0.46951635884798204,0.6339661580632798
2024-10-18,RELIANCE,RELIANCE,1352.175048828125,1.640153694794032,-0.9708371331886507
2024-10-18,TCS,TCS,4090,-0.6693948535872555,1.1068305268296719
2024-10-21,HDFCBANK,HDFCBANK,857.5,3.7696793002915454,-1.5622790699967535
2024-10-21,INFOSYS,INFOSYS,1891.0999755859375,-0.5465601972025236,0.790892757383153
2024-10-21,LT,LT,3580,-0.47175978335588337,0.6382041429714977
2024-10-21,RELIANCE,RELIANCE,1367.125,1.6186339946969004,-0.9626528057393555
2024-10-21,TCS,TCS,4132.60009765625,-0.6691852664923115,1.1061967778048194
2024-10-22,HDFCBANK,HDFCBANK,865.0250244140625,3.7774341562610028,-1.5639036149883392
2024-10-22,INFOSYS,INFOSYS,1858.199951171875,-0.5344822693227745,0.7646050934582318
2024-10-22,LT,LT,3585,-0.48167365378748256,0.6571502231036197
2024-10-22,RELIANCE,RELIANCE,1369.199951171875,1.6183173589304172,-0.9625318820394835
2024-10-22,TCS,TCS,4066,-0.663256283528806,1.0884331231940543
2024-10-23,HDFCBANK,HDFCBANK,852.5250244140625,3.7693614657171475,-1.5622124313100523
2024-10-23,INFOSYS,INFOSYS,1845.25,-0.5379894190954816,0.7721674857719218
2024-10-23,LT,LT,3501.050048828125,-0.4729438384870722,0.6404481677830498
2024-10-23,RELIANCE,RELIANCE,1337.5,1.6176075131425234,-0.9622607376630503
2024-10-23,TCS,TCS,3999.60009765625,-0.6655915673210004,1.0953921807480365
2024-10-24,HDFCBANK,HDFCBANK,869.04998779296875,3.602267020121129,-1.526549012555117
2024-10-24,INFOSYS,INFOSYS,1861.4000244140625,-0.5331202447649419,0.7616835379044975
2024-10-24,LT,LT,3444,-0.4595238024349412,0.615304680680044
2024-10-24,RELIANCE,RELIANCE,1335.2750244140625,1.5792439288013163,-0.9474963051335319
2024-10-24,TCS,TCS,4004,-0.666514729167317,1.098156580021021
2024-10-25,HDFCBANK,HDFCBANK,877.5,3.562962962962963,-1.5179721850950907
2024-10-25,INFOSYS,INFOSYS,1863.449951171875,-0.5290992390495043,0.753107905784697
2024-10-25,LT,LT,3425,-0.45592702155565695,0.6086718895716077
2024-10-25,RELIANCE,RELIANCE,1343.5,1.5493114998139188,-0.935823322640779
2024-10-25,TCS,TCS,4057.050048828125,-0.6688480586065068,1.1051779714879526
2024-10-28,HDFCBANK,HDFCBANK,871,3.657921984877296,-1.5385694226909958
2024-10-28,INFOSYS,INFOSYS,1859.699951171875,-0.5316448766634928,0.7585284602675655
2024-10-28,LT,LT,3316,-0.4391737179819436,0.5783440791351167
2024-10-28,RELIANCE,RELIANCE,1337,1.480179506357517,-0.9083309391532417
2024-10-28,TCS,TCS,4068.949951171875,-0.6714139972119986,1.112956670792613
2024-10-29,HDFCBANK,HDFCBANK,863.07501220703125,3.714480078350166,-1.550638640302231
2024-10-29,INFOSYS,INFOSYS,1846,-0.5324620735606548,0.7602748074704717
2024-10-29,LT,LT,3316,-0.44330518697225574,0.5857381011923879
2024-10-29,RELIANCE,RELIANCE,1328.0999755859375,1.4967999856614946,-0.9150099062316794
2024-10-29,TCS,TCS,4095.85009765625,-0.6757449750551393,1.1262249587742499
2024-10-30,HDFCBANK,HDFCBANK,871,3.702468539214983,-1.5480875919452526
2024-10-30,INFOSYS,INFOSYS,1832,-0.5245633187772926,0.7435215683815724
2024-10-30,LT,LT,3379.949951171875,-0.4579801398050819,0.6124526357877595
2024-10-30,RELIANCE,RELIANCE,1335,1.5317977162336143,-0.9289296101874847
2024-10-30,TCS,TCS,4075,-0.6723926380368098,1.1159394548406123
2024-10-31,HDFCBANK,HDFCBANK,864,3.716435185185185,-1.5510532568709072
2024-10-31,INFOSYS,INFOSYS,1787.9000244140625,-0.5167515027675256,0.7272242706088798
2024-10-31,LT,LT,3530,-0.49351274095918907,0.6802561105144083
2024-10-31,RELIANCE,RELIANCE,1340,1.6343283582089552,-0.9686282569823863
2024-10-31,TCS,TCS,4070,-0.6707616707616708,1.1109733854916843
2024-11-01,HDFCBANK,HDFCBANK,866.5,3.697057126370456,-1.5469361692809809
2024-11-01,INFOSYS,INFOSYS,1764.5,-0.5089260413714933,0.7111605339596645
2024-11-01,LT,LT,3624.949951171875,-0.5132346587489927,0.7199731175048631
2024-11-01,RELIANCE,RELIANCE,1333.050048828125,1.7192902129657797,-1.0003708951387171
2024-11-01,TCS,TCS,3989.85009765625,-0.6658896910409752,1.0962840741869755
2024-11-04,HDFCBANK,HDFCBANK,872.5,3.572894094734957,-1.5201462855918644
2024-11-04,INFOSYS,INFOSYS,1724.5,-0.4940562481878805,0.6813297783003138
2024-11-04,LT,LT,3624.949951171875,-0.5242692938581116,0.7429033282432922
2024-11-04,RELIANCE,RELIANCE,1337.8499755859375,1.709533966679827,-0.9967766520885917
2024-11-04,TCS,TCS,3966.300048828125,-0.6626957216761208,1.0867698529633127
2024-11-05,HDFCBANK,HDFCBANK,851.5,3.658015324519231,-1.5385894613921662
2024-11-05,INFOSYS,INFOSYS,1760,-0.5161931818181819,0.7260695879294543
2024-11-05,LT,LT,3556,-0.5050618672665916,0.7033225086015982
2024-11-05,RELIANCE,RELIANCE,1293,1.7501933488012373,-1.011671217861938
2024-11-05,TCS,TCS,3941.10009765625,-0.6719190155132219,1.1144947971506465
2024-11-06,HDFCBANK,HDFCBANK,885.75,3.449449729219588,-1.4927804321769225
2024-11-06,INFOSYS,INFOSYS,1764,-0.49787414965986393,0.6889044928211554
2024-11-06,LT,LT,3594,-0.5091819699499165,0.7116818307767678
2024-11-06,RELIANCE,RELIANCE,1310,1.7435114503816793,-1.0092386511483076
2024-11-06,TCS,TCS,4003.60009765625,-0.6727944929447655,1.1171668435417752
2024-11-07,HDFCBANK,HDFCBANK,872.1500244140625,3.590494737813019,-1.5239878042798658
2024-11-07,INFOSYS,INFOSYS,1812.949951171875,-0.5189332039473498,0.7317491493854718
2024-11-07,LT,LT,3647.35009765625,-0.502940517737286,0.699045577425748
2024-11-07,RELIANCE,RELIANCE,1324,1.7547961462660497,-1.0133434457713726
2024-11-07,TCS,TCS,4169.7001953125,-0.6824711758681317,1.1471866801027666
2024-11-08,HDFCBANK,HDFCBANK,876,3.7599317298087898,-1.5602333256633285
2024-11-08,INFOSYS,INFOSYS,1818,-0.5181518151815182,0.7301261838010324
2024-11-08,LT,LT,3640.39990234375,-0.500604315797959,0.6943565431400831
2024-11-08,RELIANCE,RELIANCE,1297.6500244140625,1.8053788262266837,-1.0315385837689561
2024-11-08,TCS,TCS,4155,-0.6876895248100933,1.163757473180997
2024-11-11,HDFCBANK,HDFCBANK,877.2750244140625,3.7362570281482146,-1.5552471672552386
2024-11-11,INFOSYS,INFOSYS,1829,-0.5203526383739406,0.7347041083565564
2024-11-11,LT,LT,3646,-0.4983543609434997,0.6898613068477424
2024-11-11,RELIANCE,RELIANCE,1278.949951171875,1.8507761360475807,-1.047591285643649
2024-11-11,TCS,TCS,4128.2001953125,-0.6901918776555215,1.1718021333169792
2024-11-12,HDFCBANK,HDFCBANK,886,3.65936816626693,-1.5388798523068576
2024-11-12,INFOSYS,INFOSYS,1871.0999755859375,-0.5264817425255174,0.747564808547132
2024-11-12,LT,LT,3650,-0.48736986970248286,0.6682006874243243
2024-11-12,RELIANCE,RELIANCE,1275.550048828125,1.8615106113267235,-1.0513496711693264
2024-11-12,TCS,TCS,4216,-0.6974501781716971,1.1955093148139877
2024-11-13,HDFCBANK,HDFCBANK,858.375,3.9116062327071504,-1.591601023280358
2024-11-13,INFOSYS,INFOSYS,1861.0999755859375,-0.5387808224919489,0.7738819096909948
2024-11-13,LT,LT,3585,-0.4808647208965307,0.655590776401886
2024-11-13,RELIANCE,RELIANCE,1270.25,1.8222790789214722,-1.0375447425598798
2024-11-13,TCS,TCS,4178.10009765625,-0.6959742537732496,1.1906428896266776
2024-11-14,HDFCBANK,HDFCBANK,836.54998779296875,3.9944416455962646,-1.6083256231889589
2024-11-14,INFOSYS,INFOSYS,1865.5999755859375,-0.5515919818072309,0.8020517061581725
2024-11-14,LT,LT,3558,-0.475660490279388,0.6456158851560474
2024-11-14,RELIANCE,RELIANCE,1253.5999755859375,1.8382259646558918,-1.043179196659131
2024-11-14,TCS,TCS,4135,-0.6968319285160973,1.1934679358911433
2024-11-18,HDFCBANK,HDFCBANK,850,3.864705882352941,-1.58200625797343
2024-11-18,INFOSYS,INFOSYS,1849.199951171875,-0.5403417572765249,0.7772720162247078
2024-11-18,LT,LT,3521.10009765625,-0.4748232370892387,0.6440203817997023
2024-11-18,RELIANCE,RELIANCE,1267.5999755859375,1.7777691428470175,-1.0216481389520755
2024-11-18,TCS,TCS,4213,-0.6991217717574324,1.20104965342232
2024-11-19,HDFCBANK,HDFCBANK,857,3.9159859976662776,-1.5924923433812372
2024-11-19,INFOSYS,INFOSYS,1825.5,-0.530539578197754,0.7561712824979114
2024-11-19,LT,LT,3559.89990234375,-0.48720468269398925,0.6678785050359144
2024-11-19,RELIANCE,RELIANCE,1260.75,1.8236366467132659,-1.0380256451747707
2024-11-19,TCS,TCS,4019.89990234375,-0.686372787724158,1.1595502204317336
2024-11-21,HDFCBANK,HDFCBANK,874.70001220703125,3.595746937513803,-1.525131297007082
2024-11-21,INFOSYS,INFOSYS,1842,-0.5251357154142067,0.7447262324337656
2024-11-21,LT,LT,3530,-0.4781869688385269,0.6504459331120911
2024-11-21,RELIANCE,RELIANCE,1241.6500244140625,1.8429911251890927,-1.0448567110280758
2024-11-21,TCS,TCS,4044.89990234375,-0.6930331888572547,1.1810156442658135
2024-11-22,HDFCBANK,HDFCBANK,871.7750244140625,3.6398437544851765,-1.5346806920688625
2024-11-22,INFOSYS,INFOSYS,1854.0999755859375,-0.5298122884994042,0.7546232778399808
2024-11-22,LT,LT,3500,-0.47025714983258926,0.6353635785413054
2024-11-22,RELIANCE,RELIANCE,1229.4000244140625,1.8469171388443038,-1.0462367031460778
2024-11-22,TCS,TCS,4071,-0.6980103108783929,1.1973624041715523
2024-11-25,HDFCBANK,HDFCBANK,892.5250244140625,3.5612166478722407,-1.5175893966830847
2024-11-25,INFOSYS,INFOSYS,1916,-0.5341727429989236,0.763940406710911
2024-11-25,LT,LT,3660,-0.47650273224043715,0.647223467864606
2024-11-25,RELIANCE,RELIANCE,1290,1.8372093023255813,-1.042820929039694
2024-11-25,TCS,TCS,4280,-0.6985981308411215,1.1993107912201246
2024-11-26,HDFCBANK,HDFCBANK,905,3.729281767955801,-1.5537733448759168
2024-11-26,INFOSYS,INFOSYS,1904.949951171875,-0.5249219017836831,0.7442760711650296
2024-11-26,LT,LT,3754.89990234375,-0.4926762361939835,0.6786058918125253
2024-11-26,RELIANCE,RELIANCE,1294.949951171875,1.8996486690051027,-1.0645895810344115
2024-11-26,TCS,TCS,4321.0498046875,-0.7003158931963465,1.205026336417184
2024-11-27,HDFCBANK,HDFCBANK,894.95001220703125,3.82825827783541,-1.5744857976278412
2024-11-27,INFOSYS,INFOSYS,1930.0999755859375,-0.5363193495013939,0.768559216946632
2024-11-27,LT,LT,3704,-0.4789146934163236,0.6518415143870264
2024-11-27,RELIANCE,RELIANCE,1293.5,1.863548511789718,-1.0520615941399862
2024-11-27,TCS,TCS,4358.9501953125,-0.7032542373640801,1.2148795248329938
2024-11-28,HDFCBANK,HDFCBANK,909.5,3.7926885050164927,-1.5670915285009013
2024-11-28,INFOSYS,INFOSYS,1914.9000244140625,-0.5250404781428228,0.7445256957214683
2024-11-28,LT,LT,3700,-0.4824594528610642,0.6586674049526708
2024-11-28,RELIANCE,RELIANCE,1289.949951171875,1.868328338350397,-1.0537293995704244
2024-11-28,TCS,TCS,4319,-0.7013313380014181,1.2084204738988094
2024-11-29,HDFCBANK,HDFCBANK,900.6500244140625,3.7954253960186364,-1.5676624209839751
2024-11-29,INFOSYS,INFOSYS,1851.0999755859375,-0.5134514416872727,0.7204185707999651
2024-11-29,LT,LT,3635.10009765625,-0.49077056316016054,0.6748566039937005
2024-11-29,RELIANCE,RELIANCE,1280,1.8399219512939453,-1.0437765698567283
2024-11-29,TCS,TCS,4220,-0.6966824644549763,1.1929750501163952
2024-12-02,HDFCBANK,HDFCBANK,901.75,3.6797892985860825,-1.5432530872464092
2024-12-02,INFOSYS,INFOSYS,1859,-0.5149273803119957,0.7234566679377954
2024-12-02,LT,LT,3706.85009765625,-0.49849604083655824,0.6901437769683545
2024-12-02,RELIANCE,RELIANCE,1288,1.8779892062548524,-1.0570918580254993
2024-12-02,TCS,TCS,4270,-0.6983606557377049,1.1985231995583714
2024-12-03,HDFCBANK,HDFCBANK,911.3499755859376,3.6853570136485416,-1.544442116340627
2024-12-03,INFOSYS,INFOSYS,1887,-0.5170376387991852,0.7278165554865064
2024-12-03,LT,LT,3721,-0.4928782585326525,0.6790041829780726
2024-12-03,RELIANCE,RELIANCE,1317,1.8253606681852697,-1.038636026603342
2024-12-03,TCS,TCS,4314.35009765625,-0.6947396548287877,1.186590275750822
2024-12-04,HDFCBANK,HDFCBANK,919,3.6946138168185527,-1.5464158551384157
2024-12-04,INFOSYS,INFOSYS,1884,-0.5122080679405521,0.7178663327806216
2024-12-04,LT,LT,3775,-0.5009271523178808,0.6950032065468159
2024-12-04,RELIANCE,RELIANCE,1326,1.8469079939668176,-1.0462334909373165
2024-12-04,TCS,TCS,4313.5498046875,-0.6925965712603929,1.1795942939398234
2024-12-05,HDFCBANK,HDFCBANK,930,3.638225596438172,-1.53433187853833
2024-12-05,INFOSYS,INFOSYS,1900,-0.5105263157894737,0.7144245790072308
2024-12-05,LT,LT,3810,-0.5013123359580053,0.695775302966215
2024-12-05,RELIANCE,RELIANCE,1314.3499755859375,1.8987713095984966,-1.0642869608666627
2024-12-05,TCS,TCS,4400.7998046875,-0.7013383853121514,1.2084440699260286
2024-12-06,HDFCBANK,HDFCBANK,928.5,3.739687457929456,-1.5559711963873522
2024-12-06,INFOSYS,INFOSYS,1932.800048828125,-0.5196088697519651,0.7331546522106303
2024-12-06,LT,LT,3832,-0.49561585364610516,0.6844171060873601
2024-12-06,RELIANCE,RELIANCE,1323.9000244140625,1.8944783815499842,-1.0628049157061232
2024-12-06,TCS,TCS,4453,-0.7026948070033545,1.2129960819370753
2024-12-09,HDFCBANK,HDFCBANK,926.82501220703125,3.8045746946299532,-1.5695685254204452
2024-12-09,INFOSYS,INFOSYS,1924.199951171875,-0.518332275373681,0.7305007706501003
2024-12-09,LT,LT,3867.5,-0.5024693080357143,0.6980980318958627
2024-12-09,RELIANCE,RELIANCE,1303,1.9681504221028396,-1.0879390053223759
2024-12-09,TCS,TCS,4430.4501953125,-0.705898962281847,1.2238319049749844
2024-12-10,HDFCBANK,HDFCBANK,938.8499755859376,3.719018278237106,-1.5516007860652303
2024-12-10,INFOSYS,INFOSYS,1939,-0.5158071296617135,0.7252719592080528
2024-12-10,LT,LT,3955,-0.5097345132743363,0.7128082249591019
2024-12-10,RELIANCE,RELIANCE,1289.25,2.06767500484778,-1.1209199472706857
2024-12-10,TCS,TCS,4426.14990234375,-0.7087197613173218,1.2334694556883576
2024-12-11,HDFCBANK,HDFCBANK,930.8499755859376,3.7549551683209135,-1.5591872676292287
2024-12-11,INFOSYS,INFOSYS,1955,-0.5238619050711317,0.7420473514292691
2024-12-11,LT,LT,3923.14990234375,-0.5016759367690607,0.6965046842106446
2024-12-11,RELIANCE,RELIANCE,1285,2.0530349434581714,-1.1161361593007904
2024-12-11,TCS,TCS,4431.85009765625,-0.7100533701084424,1.2380584077948065
2024-12-12,HDFCBANK,HDFCBANK,925.5,3.788600861865208,-1.5662382731105753
2024-12-12,INFOSYS,INFOSYS,1975.199951171875,-0.5314398426088933,0.7580907812968194
2024-12-12,LT,LT,3930,-0.49740459257713104,0.6879697915529359
2024-12-12,RELIANCE,RELIANCE,1270,2.094488188976378,-1.12962252541067
2024-12-12,TCS,TCS,4430.0498046875,-0.713321507434026,1.2493939261164622
2024-12-13,HDFCBANK,HDFCBANK,931.25,3.757100461409396,-1.5596383358753299
2024-12-13,INFOSYS,INFOSYS,1969.75,-0.5272242670389643,0.7491341404320284
2024-12-13,LT,LT,3859,-0.48956983674527077,0.6725014514118213
2024-12-13,RELIANCE,RELIANCE,1260,2.062698412698413,-1.1192963615920952
2024-12-13,TCS,TCS,4434.9501953125,-0.7158930890967499,1.2584046648168368
2024-12-16,HDFCBANK,HDFCBANK,932.54998779296875,3.7557238253882037,-1.559348908468853
2024-12-16,INFOSYS,INFOSYS,1995.449951171875,-0.5326618002895503,0.7607020870347849
2024-12-16,LT,LT,3882,-0.4859737374621651,0.6654809204006638
2024-12-16,RELIANCE,RELIANCE,1275,2.0447058823529414,-1.11340430613643
2024-12-16,TCS,TCS,4459,-0.7140614487553263,1.2519783470349504
2024-12-17,HDFCBANK,HDFCBANK,928.17498779296875,3.8040510233988214,-1.569459525185236
2024-12-17,INFOSYS,INFOSYS,1968,-0.5283663679913777,0.7515527981699579
2024-12-17,LT,LT,3863.050048828125,-0.4905579852383734,0.6744392409184146
2024-12-17,RELIANCE,RELIANCE,1261.050048828125,2.0633598186035518,-1.1195122935609847
2024-12-17,TCS,TCS,4410,-0.7140476079754818,1.2519299434712634
2024-12-18,HDFCBANK,HDFCBANK,914.92498779296875,3.820067282934352,-1.572787887080092
2024-12-18,INFOSYS,INFOSYS,1966.800048828125,-0.5348154539969089,0.7653210790031615
2024-12-18,LT,LT,3807.199951171875,-0.48339985447238354,0.6604861166177338
2024-12-18,RELIANCE,RELIANCE,1240.6500244140625,2.0687138808302925,-1.121258542497226
2024-12-18,TCS,TCS,4311.7001953125,-0.712259672933001,1.2456968476984285
2024-12-19,HDFCBANK,HDFCBANK,899.79998779296875,3.7918429137660326,-1.566915079342209
2024-12-19,INFOSYS,INFOSYS,1934,-0.5347466454017742,0.7651731731725508
2024-12-19,LT,LT,3702.14990234375,-0.4776008397780903,0.6493233085596657
2024-12-19,RELIANCE,RELIANCE,1239,1.9880144490264327,-1.094609102943763
2024-12-19,TCS,TCS,4282,-0.7106492293320879,1.240115587520486
2024-12-20,HDFCBANK,HDFCBANK,891.0999755859375,3.8052969558038607,-1.5697188419286228
2024-12-20,INFOSYS,INFOSYS,1975.1500244140625,-0.5488444095023686,0.7959430089579103
2024-12-20,LT,LT,3716.35009765625,-0.4685242314334947,0.6320976728951004
2024-12-20,RELIANCE,RELIANCE,1224,2.036233739915237,-1.1106178460017446
2024-12-20,TCS,TCS,4329,-0.7172557172557172,1.2632123843697087
2024-12-23,HDFCBANK,HDFCBANK,891,3.8585858585858586,-1.5807474199711713
2024-12-23,INFOSYS,INFOSYS,1930.050048828125,-0.5383539403338315,0.7729567861271907
2024-12-23,LT,LT,3670,-0.4741008041340259,0.642645727450617
2024-12-23,RELIANCE,RELIANCE,1215,2.0205761316872426,-1.1054475852739678
2024-12-23,TCS,TCS,4200.0498046875,-0.7107177160985116,1.2403523066854305
2024-12-24,HDFCBANK,HDFCBANK,901.0250244140624,3.6614130472333963,-1.5393186311929687
2024-12-24,INFOSYS,INFOSYS,1927.050048828125,-0.532432992613766,0.7602126092168939
2024-12-24,LT,LT,3647.949951171875,-0.47174438393567447,0.6381749910908496
2024-12-24,RELIANCE,RELIANCE,1222.300048828125,1.9844962819639347,-1.0934309828438957
2024-12-24,TCS,TCS,4158.2998046875,-0.706057738441497,1.224371920187143
2024-12-26,HDFCBANK,HDFCBANK,899.2750244140625,3.6240579264356962,-1.5312726586349692
2024-12-26,INFOSYS,INFOSYS,1909.050048828125,-0.528941095616595,0.752772130400218
2024-12-26,LT,LT,3658,-0.47811644373205986,0.6503107882674612
2024-12-26,RELIANCE,RELIANCE,1224.25,1.9879518072289157,-1.0945881383683842
2024-12-26,TCS,TCS,4179.5,-0.7070821868644575,1.2278632105567828
2024-12-27,HDFCBANK,HDFCBANK,897.4000244140625,3.6573433098900483,-1.5384451803919985
2024-12-27,INFOSYS,INFOSYS,1909.4000244140625,-0.530009420268313,0.7550426276029691
2024-12-27,LT,LT,3632.39990234375,-0.47434201196238013,0.6431044905807184
2024-12-27,RELIANCE,RELIANCE,1218.300048828125,1.9815314427982926,-1.0924370754916373
2024-12-27,TCS,TCS,4163,-0.7073504566831311,1.228779483755713
2024-12-30,HDFCBANK,HDFCBANK,896.0999755859375,3.64568699187601,-1.5359392605495987
2024-12-30,INFOSYS,INFOSYS,1915.699951171875,-0.5322336490963662,0.7597863579372808
2024-12-30,LT,LT,3607.89990234375,-0.469026302551408,0.6330427929621658
2024-12-30,RELIANCE,RELIANCE,1216.4000244140625,1.9660472130306543,-1.0872301616708615
2024-12-30,TCS,TCS,4151,-0.7069621719069953,1.227453572179078
2024-12-31,HDFCBANK,HDFCBANK,885.1500244140625,3.6896005033133368,-1.5453473982999162
2024-12-31,INFOSYS,INFOSYS,1892.300048828125,-0.5322359025661795,0.7597911754604674
2024-12-31,LT,LT,3562.550048828125,-0.4688355186896017,0.632683548058492
2024-12-31,RELIANCE,RELIANCE,1208,1.94913083512262,-1.081510494777322
2024-12-31,TCS,TCS,4135,-0.7078597339782345,1.230521228963032
2025-01-01,HDFCBANK,HDFCBANK,886.7249755859375,3.663227171725529,-1.5397077345733514
2025-01-01,INFOSYS,INFOSYS,1874,-0.5268276544365328,0.7482955899139263
2025-01-01,LT,LT,3600,-0.47944444444444445,0.6528586616458334
2025-01-01,RELIANCE,RELIANCE,1214.8499755859375,1.9633288655775578,-1.086313253177452
2025-01-01,TCS,TCS,4094.39990234375,-0.7032898582059551,1.2149995702876
2025-01-02,HDFCBANK,HDFCBANK,888.54998779296875,3.6079567369233265,-1.5277845346610013
2025-01-02,INFOSYS,INFOSYS,1887,-0.5291203032363706,0.7531526384752025
2025-01-02,LT,LT,3676.60009765625,-0.48675407988948266,0.6670001722417851
2025-01-02,RELIANCE,RELIANCE,1221.25,2.010522086105425,-1.1021135142533423
2025-01-02,TCS,TCS,4120,-0.7035800970873787,1.2159782389865788
2025-01-03,HDFCBANK,HDFCBANK,895.5,3.6007816862088218,-1.5262262208428048
2025-01-03,INFOSYS,INFOSYS,1952.949951171875,-0.5414629036127363,0.7797140824074393
2025-01-03,LT,LT,3708,-0.47331446840024943,0.6411516227775387
2025-01-03,RELIANCE,RELIANCE,1243.9000244140625,1.9809469629576129,-1.0922410228427966
2025-01-03,TCS,TCS,4179.9501953125,-0.7024127163503041,1.2120477066078594
2025-01-06,HDFCBANK,HDFCBANK,870.04998779296875,3.8042644146408895,-1.5695039432194848
2025-01-06,INFOSYS,INFOSYS,1952,-0.5542776701880283,0.8080590997417145
2025-01-06,LT,LT,3684.75,-0.4702489992536807,0.6353481927438303
2025-01-06,RELIANCE,RELIANCE,1253.949951171875,1.9385144092524813,-1.0779041506666731
2025-01-06,TCS,TCS,4105.5,-0.694568273980788,1.1860290080986493
2025-01-07,HDFCBANK,HDFCBANK,857.5,3.7877551020408164,-1.5660616381087493
2025-01-07,INFOSYS,INFOSYS,1945,-0.5591259640102828,0.8189960770124518
2025-01-07,LT,LT,3607.10009765625,-0.460785687299395,0.6176421754102872
2025-01-07,RELIANCE,RELIANCE,1222,1.9518004072473405,-1.0824152917312926
2025-01-07,TCS,TCS,4114.9501953125,-0.703034072832272,1.2141378701016468
2025-01-08,HDFCBANK,HDFCBANK,854.125,3.817737679277038,-1.5723044567322457
2025-01-08,INFOSYS,INFOSYS,1930,-0.5574481865284974,0.8151977287979895
2025-01-08,LT,LT,3662,-0.4729655925723648,0.6404894433355244
2025-01-08,RELIANCE,RELIANCE,1249,1.9319455564451562,-1.0756662151088783
2025-01-08,TCS,TCS,4034.89990234375,-0.6904508091329616,1.1726382629210121
2025-01-09,HDFCBANK,HDFCBANK,842.07501220703125,3.791615763266154,-1.566867674640509
2025-01-09,INFOSYS,INFOSYS,1934.050048828125,-0.5646053664861158,0.8315024556736246
2025-01-09,LT,LT,3599.89990234375,-0.4627489371110172,0.6212897650734179
2025-01-09,RELIANCE,RELIANCE,1267,1.8412785338151145,-1.0442541388319846
2025-01-09,TCS,TCS,4101,-0.6910509631797123,1.1745789450709214
2025-01-10,HDFCBANK,HDFCBANK,835.5,3.9084380610412928,-1.590955777356612
2025-01-10,INFOSYS,INFOSYS,1937,-0.5686628807434176,0.8408653153715475
2025-01-10,LT,LT,3499.949951171875,-0.44656351461498994,0.5916082843030894
2025-01-10,RELIANCE,RELIANCE,1253.8499755859375,1.7913626185910407,-1.0265298703680887
2025-01-10,TCS,TCS,4200,-0.7014642915271577,1.2088657269294636
2025-01-13,HDFCBANK,HDFCBANK,820,4.121951219512195,-1.6335354640131614
2025-01-13,INFOSYS,INFOSYS,1956,-0.5807770961145194,0.8693525103364639
2025-01-13,LT,LT,3505.550048828125,-0.4420276496540468,0.5834458691798732
2025-01-13,RELIANCE,RELIANCE,1230,1.8500406901041666,-1.0473332714081725
2025-01-13,TCS,TCS,4245,-0.7102473498233216,1.2387276503789852
2025-01-14,HDFCBANK,HDFCBANK,819.95001220703125,4.177144870787768,-1.6442537210684627
2025-01-14,INFOSYS,INFOSYS,1968.8499755859375,-0.5835386025474029,0.8759615048576332
2025-01-14,LT,LT,3465.85009765625,-0.43192869855584504,0.565508337427767
2025-01-14,RELIANCE,RELIANCE,1244.0999755859375,1.785829246579583,-1.024545583665815
2025-01-14,TCS,TCS,4302,-0.710808931755942,1.240667673531104
2025-01-15,HDFCBANK,HDFCBANK,828.25,4.194083911862361,-1.6475202686476695
2025-01-15,INFOSYS,INFOSYS,1947,-0.5746019517205958,0.8547299641921944
2025-01-15,LT,LT,3471.300048828125,-0.4391150368412298,0.5782394512444382
2025-01-15,RELIANCE,RELIANCE,1244.949951171875,1.7883048997757542,-1.0254338483878138
2025-01-15,TCS,TCS,4218,-0.7048482808980856,1.2202657528098966
2025-01-16,HDFCBANK,HDFCBANK,826.42498779296875,4.103911501108518,-1.630007206767658
2025-01-16,INFOSYS,INFOSYS,1965.949951171875,-0.5796307086554525,0.8666216889257816
2025-01-16,LT,LT,3535,-0.4438613999513791,0.5867377351338297
2025-01-16,RELIANCE,RELIANCE,1258.9000244140625,1.8080069357734079,-1.0324749561652897
2025-01-16,TCS,TCS,4260,-0.7044835623441168,1.219030817098032
2025-01-17,HDFCBANK,HDFCBANK,821.75,4.184058411925768,-1.645588226719087
2025-01-17,INFOSYS,INFOSYS,1851,-0.5560507833603457,0.8120451000291684
2025-01-17,LT,LT,3524,-0.47474460839954596,0.6438706744825735
2025-01-17,RELIANCE,RELIANCE,1322.25,1.665154093401399,-0.9802618771099816
2025-01-17,TCS,TCS,4159.89990234375,-0.6821437940718178,1.1461561810831284
2025-01-20,HDFCBANK,HDFCBANK,813,4.116728047163284,-1.6325151814814074
2025-01-20,INFOSYS,INFOSYS,1822.949951171875,-0.5540195716962132,0.8074802106518844
2025-01-20,LT,LT,3574.89990234375,-0.4900696520266971,0.6734811351920191
2025-01-20,RELIANCE,RELIANCE,1316,1.7164892874952509,-0.999340343506451
2025-01-20,TCS,TCS,4145.7998046875,-0.6825702971687035,1.1474988935692148
2025-01-21,HDFCBANK,HDFCBANK,829.125,4.000210830318107,-1.6094800776087572
2025-01-21,INFOSYS,INFOSYS,1819.050048828125,-0.5441989072625342,0.7856987647678411
2025-01-21,LT,LT,3612.75,-0.4964915787618504,0.6861548415648784
2025-01-21,RELIANCE,RELIANCE,1310.5,1.7567722243418542,-1.0140605114149785
2025-01-21,TCS,TCS,4095.300048828125,-0.6799990270859394,1.1394312428365474
2025-01-22,HDFCBANK,HDFCBANK,821.20001220703125,3.9869702727131306,-1.6068285655903605
2025-01-22,INFOSYS,INFOSYS,1807.4000244140625,-0.5456456782591588,0.7888779409660431
2025-01-22,LT,LT,3563,-0.49273083794160466,0.6787135246301448
2025-01-22,RELIANCE,RELIANCE,1278.300048828125,1.7872955205363263,-1.0250717782341567
2025-01-22,TCS,TCS,4050,-0.6843703583140432,1.1531857727289054
2025-01-23,HDFCBANK,HDFCBANK,843.5,3.801422643746295,-1.5689122581145618
2025-01-23,INFOSYS,INFOSYS,1858,-0.5460172228202368,0.7896960173877607
2025-01-23,LT,LT,3492,-0.4679266895761741,0.63097399758571
2025-01-23,RELIANCE,RELIANCE,1270,1.7496062992125985,-1.0114577375068565
2025-01-23,TCS,TCS,4168,-0.6952975047984645,1.1884194039805651
2025-01-24,HDFCBANK,HDFCBANK,830,4.021686746987951,-1.613765882642559
2025-01-24,INFOSYS,INFOSYS,1865.5,-0.5550790672741892,0.809858691870569
2025-01-24,LT,LT,3514.5,-0.4691990325793143,0.6333681539547475
2025-01-24,RELIANCE,RELIANCE,1266,1.7760663507109005,-1.0210349439118387
2025-01-24,TCS,TCS,4104,-0.6915204678362573,1.1760997841464844
2025-01-27,HDFCBANK,HDFCBANK,820.54998779296875,4.001523442878256,-1.6097425546016142
2025-01-27,INFOSYS,INFOSYS,1848.75,-0.5561595738780426,0.8122901817760182
2025-01-27,LT,LT,3447.199951171875,-0.46369516529741256,0.6230525581120432
2025-01-27,RELIANCE,RELIANCE,1239.0999755859375,1.782019222897479,-1.0231770032176666
2025-01-27,TCS,TCS,4102,-0.6979278460297568,1.1970893697129394
2025-01-28,HDFCBANK,HDFCBANK,823.5,3.981177899210686,-1.6056663890146305
2025-01-28,INFOSYS,INFOSYS,1830,-0.55,0.7985076962177713
2025-01-28,LT,LT,3464.949951171875,-0.4718538432622732,0.6383822215779791
2025-01-28,RELIANCE,RELIANCE,1238,1.7988287166170234,-1.0292010141689039
2025-01-28,TCS,TCS,4070.800048828125,-0.6958828767931289,1.1903423780679594
2025-01-29,HDFCBANK,HDFCBANK,837.5,3.8606567747201495,-1.5811735676132797
2025-01-29,INFOSYS,INFOSYS,1845,-0.5460704607046071,0.7898132927754062
2025-01-29,LT,LT,3431,-0.4622559020693675,0.6203724863838227
2025-01-29,RELIANCE,RELIANCE,1236,1.7758899676375404,-1.0209714048408145
2025-01-29,TCS,TCS,4054,-0.6951159348791317,1.1878236889943103
2025-01-30,HDFCBANK,HDFCBANK,840.5,3.823319452706722,-1.5734623741632756
2025-01-30,INFOSYS,INFOSYS,1873.1500244140625,-0.5512906125803161,0.8013798448468972
2025-01-30,LT,LT,3455,-0.45784369770938854,0.6122009385062022
2025-01-30,RELIANCE,RELIANCE,1235.550048828125,1.7963254125374717,-1.0283062026270597
2025-01-30,TCS,TCS,4099.89990234375,-0.6986389721071458,1.1994463047571609
2025-01-31,HDFCBANK,HDFCBANK,843.625,3.8598606043487926,-1.5810097552683002
2025-01-31,INFOSYS,INFOSYS,1871,-0.5491047568145376,0.7965202432105185
2025-01-31,LT,LT,3501.050048828125,-0.46558890221341936,0.6265898901591225
2025-01-31,RELIANCE,RELIANCE,1255.8499755859375,1.7877932212362009,-1.0252503227288718
2025-01-31,TCS,TCS,4110,-0.6944403952345651,1.1856104137859402
2025-02-01,HDFCBANK,HDFCBANK,848.75,3.842415316642121,-1.577413628617374
2025-02-01,INFOSYS,INFOSYS,1880.300048828125,-0.5486092762009055,0.7954219646567857
2025-02-01,LT,LT,3578,-0.4744829377227152,0.6433726205389734
2025-02-01,RELIANCE,RELIANCE,1265.0999755859375,1.8282349767201846,-1.0396528339461701
2025-02-01,TCS,TCS,4113,-0.6924143020700371,1.1790015381079284
2025-02-03,HDFCBANK,HDFCBANK,835,3.925748502994012,-1.5944762433795683
2025-02-03,INFOSYS,INFOSYS,1836,-0.5452069716775599,0.787912846329581
2025-02-03,LT,LT,3420,-0.4631578947368421,0.6220512588762146
2025-02-03,RELIANCE,RELIANCE,1251,1.7338129496402879,-1.0056973195897392
2025-02-03,TCS,TCS,4030.89990234375,-0.6896474657501142,1.1700464203756127
2025-02-04,HDFCBANK,HDFCBANK,844.3499755859375,3.773968163552682,-1.563177859179003
2025-02-04,INFOSYS,INFOSYS,1889,-0.5530174824849458,0.8052357958379881
2025-02-04,LT,LT,3316,-0.43033775633293125,0.5627116487536759
2025-02-04,RELIANCE,RELIANCE,1248.050048828125,1.6569447299918838,-0.977176864902261
2025-02-04,TCS,TCS,4083.699951171875,-0.6943825296297835,1.1854210558819593
2025-02-05,HDFCBANK,HDFCBANK,866.5,3.712867802852712,-1.550296598079223
2025-02-05,INFOSYS,INFOSYS,1906,-0.5453830010493179,0.7882999750584867
2025-02-05,LT,LT,3444.64990234375,-0.44667816642174524,0.591815469205522
2025-02-05,RELIANCE,RELIANCE,1282.6500244140625,1.68557271023117,-0.9878940051155158
2025-02-05,TCS,TCS,4150,-0.6909277049604668,1.1741800649205913
2025-02-06,HDFCBANK,HDFCBANK,867.75,3.7824834341688276,-1.5649599584828486
2025-02-06,INFOSYS,INFOSYS,1917,-0.547339593114241,0.7926130883037485
2025-02-06,LT,LT,3404,-0.43683901292596944,0.5741897466476198
2025-02-06,RELIANCE,RELIANCE,1273.699951171875,1.6725289554012546,-0.9830251984332072
2025-02-06,TCS,TCS,4105.39990234375,-0.6897500897672048,1.1703771442357525
2025-02-07,HDFCBANK,HDFCBANK,875,3.6918856026785716,-1.5458345491381955
2025-02-07,INFOSYS,INFOSYS,1919.300048828125,-0.5441046330748273,0.785491954294808
2025-02-07,LT,LT,3367,-0.4299673154653623,0.5620615785086516
2025-02-07,RELIANCE,RELIANCE,1276.1500244140625,1.6384045257891526,-0.9701743881754066
2025-02-07,TCS,TCS,4090,-0.6879828791163661,1.164697218051181
2025-02-10,HDFCBANK,HDFCBANK,858.6500244140625,3.7632910775155346,-1.5609388321738997
2025-02-10,INFOSYS,INFOSYS,1905,-0.5492650790477362,0.7968758706978534
2025-02-10,LT,LT,3347.800048828125,-0.43096960027023345,0.5638214196928555
2025-02-10,RELIANCE,RELIANCE,1264.5,1.647528706072064,-0.9736266411436372
2025-02-10,TCS,TCS,4040,-0.6870049504950495,1.1615679048451764
2025-02-11,HDFCBANK,HDFCBANK,851.5,3.744568408690546,-1.5570004708524534
2025-02-11,INFOSYS,INFOSYS,1883.0999755859375,-0.5478200780417668,0.7936751209240276
2025-02-11,LT,LT,3360.949951171875,-0.4397119853185109,0.5793043155347615
2025-02-11,RELIANCE,RELIANCE,1264.550048828125,1.657822799727469,-0.977507291299526
2025-02-11,TCS,TCS,4018.39990234375,-0.685310053862342,1.1561674228715564
2025-02-12,HDFCBANK,HDFCBANK,846.5,3.7470760807368575,-1.5575288665603724
2025-02-12,INFOSYS,INFOSYS,1885,-0.5509283819628648,0.8005728983089213
2025-02-12,LT,LT,3259,-0.4216017183185026,0.5474925789554499
2025-02-12,RELIANCE,RELIANCE,1219.449951171875,1.6725164053417239,-0.9830205024732352
2025-02-12,TCS,TCS,3971.10009765625,-0.6929188584564775,1.1806432616152458
2025-02-13,HDFCBANK,HDFCBANK,849.5,3.6746322515082404,-1.5421504968675848
2025-02-13,INFOSYS,INFOSYS,1868.5,-0.5453572384265454,0.7882433078135511
2025-02-13,LT,LT,3289.64990234375,-0.4320064275931718,0.5656451765101762
2025-02-13,RELIANCE,RELIANCE,1217.050048828125,1.702970108346237,-0.9943512085377266
2025-02-13,TCS,TCS,3968,-0.6932837578558153,1.1818322515067754
2025-02-14,HDFCBANK,HDFCBANK,850.95001220703125,3.6630236125252074,-1.5396640816188967
2025-02-14,INFOSYS,INFOSYS,1854,-0.5410194108915689,0.7787473593399339
2025-02-14,LT,LT,3275.050048828125,-0.4339017809320513,0.568987683911705
2025-02-14,RELIANCE,RELIANCE,1219,1.6866694412043683,-0.9883023005562341
2025-02-14,TCS,TCS,3925,-0.6894267515923567,1.1693355007352375
2025-02-17,HDFCBANK,HDFCBANK,842.5999755859375,3.658200941995738,-1.5386293096462698
2025-02-17,INFOSYS,INFOSYS,1838.550048828125,-0.5417040857152607,0.7802402024429975
2025-02-17,LT,LT,3213.550048828125,-0.4278757072731501,0.5583990162304628
2025-02-17,RELIANCE,RELIANCE,1211.0999755859375,1.653414345313144,-0.9758472428752798
2025-02-17,TCS,TCS,3856.5,-0.685958777236889,1.1582310190056342
2025-02-18,HDFCBANK,HDFCBANK,856.5250244140625,3.502495420537399,-1.5046317809741527
2025-02-18,INFOSYS,INFOSYS,1842.300048828125,-0.5350784336357737,0.7658865621074566
2025-02-18,LT,LT,3227,-0.42909821852242797,0.5605380955446035
2025-02-18,RELIANCE,RELIANCE,1224.8499755859375,1.6346083718998192,-0.9687345454825014
2025-02-18,TCS,TCS,3898.39990234375,-0.685806996134607,1.1577478199094955
2025-02-19,HDFCBANK,HDFCBANK,858.5,3.5409433923631335,-1.5131347861414248
2025-02-19,INFOSYS,INFOSYS,1847.4000244140625,-0.5352928501382426,0.7663478570363429
2025-02-19,LT,LT,3220.14990234375,-0.4262999920999165,0.5556486536039023
2025-02-19,RELIANCE,RELIANCE,1219.5,1.640549325415129,-0.9709869733218008
2025-02-19,TCS,TCS,3872.199951171875,-0.6850627510516514,1.1553818696891716
2025-02-20,HDFCBANK,HDFCBANK,855.5,3.52624190668834,-1.5098919940128983
2025-02-20,INFOSYS,INFOSYS,1805.550048828125,-0.526183170300234,0.7469344672049578
2025-02-20,LT,LT,3260.050048828125,-0.44615879456293694,0.5908772661069657
2025-02-20,RELIANCE,RELIANCE,1223.949951171875,1.6635484937164131,-0.9796592539733631
2025-02-20,TCS,TCS,3761.5,-0.6746112053245048,1.1227345203294679
2025-02-21,HDFCBANK,HDFCBANK,840.45001220703125,3.475578494100153,-1.4986356157964744
2025-02-21,INFOSYS,INFOSYS,1821.800048828125,-0.5386705512783075,0.7736428519090399
2025-02-21,LT,LT,3275.800048828125,-0.443861034961566,0.5867370788411472
2025-02-21,RELIANCE,RELIANCE,1228.699951171875,1.6660699755899104,-0.9806054688201282
2025-02-21,TCS,TCS,3776.10009765625,-0.6746113928668086,1.1227350966933773
2025-02-24,HDFCBANK,HDFCBANK,840.54998779296875,3.4924158616326344,-1.502390610870842
2025-02-24,INFOSYS,INFOSYS,1800.050048828125,-0.5330407683163106,0.7615133234458247
2025-02-24,LT,LT,3289.699951171875,-0.4528224228513907,0.6029818909464906
2025-02-24,RELIANCE,RELIANCE,1216.550048828125,1.7041221644278164,-0.9947773363124686
2025-02-24,TCS,TCS,3743.14990234375,-0.6749929656660585,1.123908452782194
2025-02-25,HDFCBANK,HDFCBANK,835.54998779296875,3.479863511494924,-1.4995925797786214
2025-02-25,INFOSYS,INFOSYS,1745.1500244140625,-0.5212159550159555,0.7365056287774241
2025-02-25,LT,LT,3233,-0.46020723030805366,0.6165699729081933
2025-02-25,RELIANCE,RELIANCE,1211,1.6696944673823286,-0.981964034172341
2025-02-25,TCS,TCS,3625,-0.6659310344827586,1.0964078237356834
2025-02-27,HDFCBANK,HDFCBANK,841.2750244140625,3.3089357163845046,-1.4606909400690675
2025-02-27,INFOSYS,INFOSYS,1755.199951171875,-0.5206956199763009,0.735419434482135
2025-02-27,LT,LT,3238,-0.45793701322672176,0.6123730725357381
2025-02-27,RELIANCE,RELIANCE,1212.800048828125,1.6698547737763831,-0.9820240790888173
2025-02-27,TCS,TCS,3611.699951171875,-0.6642024350791897,1.0912467859408972
2025-02-28,HDFCBANK,HDFCBANK,842.5,3.2868842150408013,-1.455560178863144
2025-02-28,INFOSYS,INFOSYS,1755.050048828125,-0.519956709745941,0.7338789911176065
2025-02-28,LT,LT,3199.800048828125,-0.4515125876471926,0.6005909487502317
2025-02-28,RELIANCE,RELIANCE,1202,1.6620632685758112,-0.9791014869992019
2025-02-28,TCS,TCS,3584.949951171875,-0.6647094056063234,1.0927576772196037
2025-03-03,HDFCBANK,HDFCBANK,869.9000244140625,3.121105702447342,-1.416121501735895
2025-03-03,INFOSYS,INFOSYS,1692.300048828125,-0.48596584570422585,0.6654655676882921
2025-03-03,LT,LT,3165.949951171875,-0.46546847709903916,0.6263645738277139
2025-03-03,RELIANCE,RELIANCE,1204,1.6295265375181687,-0.9668038062261015
2025-03-03,TCS,TCS,3485,-0.654519368723099,1.0628186973258575
2025-03-04,HDFCBANK,HDFCBANK,849,3.104829210836278,-1.412164136883276
2025-03-04,INFOSYS,INFOSYS,1695,-0.49911504424778763,0.6913788335032027
2025-03-04,LT,LT,3171.050048828125,-0.46547674306610376,0.6263800378941413
2025-03-04,RELIANCE,RELIANCE,1162.199951171875,1.7284892290957994,-1.003748060081218
2025-03-04,TCS,TCS,3474,-0.6654576997202433,1.0949919491735773
2025-03-05,HDFCBANK,HDFCBANK,850.9749755859375,3.0823762151266347,-1.4066792245520041
2025-03-05,INFOSYS,INFOSYS,1692.449951171875,-0.49719341774525677,0.6875497111529603
2025-03-05,LT,LT,3213,-0.473249314916939,0.6410279257138507
2025-03-05,RELIANCE,RELIANCE,1161,1.7674418604651163,-1.0179233774179668
2025-03-05,TCS,TCS,3520.85009765625,-0.6702500908025447,1.10942076275259
2025-03-06,HDFCBANK,HDFCBANK,843.5,3.1740961442279194,-1.4288978424644583
2025-03-06,INFOSYS,INFOSYS,1715,-0.5081632653061224,0.7096084576140171
2025-03-06,LT,LT,3250.10009765625,-0.47232394434967073,0.6392727145283015
2025-03-06,RELIANCE,RELIANCE,1197,1.715204759946742,-0.9988673685703686
2025-03-06,TCS,TCS,3557,-0.6634804610626933,1.0890990663904825
2025-03-07,HDFCBANK,HDFCBANK,841,3.2294887039239,-1.442081111975507
2025-03-07,INFOSYS,INFOSYS,1703.0999755859375,-0.5061945792638152,0.7056137245367688
2025-03-07,LT,LT,3259.89990234375,-0.47756065320856317,0.6492463845771042
2025-03-07,RELIANCE,RELIANCE,1216,1.6808387354800576,-0.9861297065607086
2025-03-07,TCS,TCS,3600,-0.6622222222222223,1.0853670619180882
2025-03-10,HDFCBANK,HDFCBANK,844.5,3.2628774422735347,-1.4499443881963456
2025-03-10,INFOSYS,INFOSYS,1686,-0.4991103202846975,0.6913694023139456
2025-03-10,LT,LT,3246,-0.4805914972273567,0.6550646095127357
2025-03-10,RELIANCE,RELIANCE,1245,1.6072289156626507,-0.9582879391757286
2025-03-10,TCS,TCS,3606.5,-0.6547899625675863,1.0636022430449197
2025-03-11,HDFCBANK,HDFCBANK,841.20001220703125,3.287327564983902,-1.4556635936037337
2025-03-11,INFOSYS,INFOSYS,1680,-0.49928570701962427,0.6917196140573107
2025-03-11,LT,LT,3170.300048828125,-0.47008170390023557,0.6350324426219123
2025-03-11,RELIANCE,RELIANCE,1240,1.5566935877646169,-0.938714856420134
2025-03-11,TCS,TCS,3558,-0.6514896008993817,1.0540872096266973
2025-03-12,HDFCBANK,HDFCBANK,845.7750244140625,3.206792465247975,-1.4367004725734125
2025-03-12,INFOSYS,INFOSYS,1636.9000244140625,-0.48330685332061596,0.6603061074127572
2025-03-12,LT,LT,3205,-0.4892667630533346,0.6719078662896454
2025-03-12,RELIANCE,RELIANCE,1258,1.5476947535771066,-0.9351889320943849
2025-03-12,TCS,TCS,3565,-0.647124824684432,1.041640895588011
2025-03-13,HDFCBANK,HDFCBANK,858.0250244140625,3.1548904735435963,-1.4242860678019973
2025-03-13,INFOSYS,INFOSYS,1599.25,-0.46348286733527433,0.6226567832838477
2025-03-13,LT,LT,3202.25,-0.5005855258021703,0.6943189183809988
2025-03-13,RELIANCE,RELIANCE,1260.050048828125,1.541367307574937,-0.932702246262429
2025-03-13,TCS,TCS,3502.300048828125,-0.6402221308109396,1.022268468003742
2025-03-17,HDFCBANK,HDFCBANK,852.5,3.1082698519978007,-1.4130019792948865
2025-03-17,INFOSYS,INFOSYS,1545.1500244140625,-0.4482736391093951,0.5947030786405882
2025-03-17,LT,LT,3190,-0.5156269515943378,0.72489990798063
2025-03-17,RELIANCE,RELIANCE,1242.1500244140625,1.568127792377384,-0.9431771479763906
2025-03-17,TCS,TCS,3489,-0.6439810764075488,1.0327713933842748
2025-03-18,HDFCBANK,HDFCBANK,855.20001220703125,3.079747369268471,-1.4060350672020485
2025-03-18,INFOSYS,INFOSYS,1590.050048828125,-0.46215528697520053,0.620185397984546
2025-03-18,LT,LT,3173.449951171875,-0.49895222130698497,0.6910538157916575
2025-03-18,RELIANCE,RELIANCE,1238.8499755859375,1.5616095683183364,-0.9406357985431306
2025-03-18,TCS,TCS,3497.699951171875,-0.6458101058180045,1.0379220854294893
2025-03-19,HDFCBANK,HDFCBANK,867.5,3.0319307794488473,-1.3942453628262736
2025-03-19,INFOSYS,INFOSYS,1603,-0.45882719900187147,0.6140166407885381
2025-03-19,LT,LT,3275,-0.5105343511450382,0.7144409954597997
2025-03-19,RELIANCE,RELIANCE,1241.050048828125,1.638894380683885,-0.9703600342435266
2025-03-19,TCS,TCS,3547,-0.6501127575900408,1.0501443409477957
2025-03-20,HDFCBANK,HDFCBANK,877,3.0444697833523375,-1.3973504624014383
2025-03-20,INFOSYS,INFOSYS,1592,-0.4491206030150754,0.5962393740321454
2025-03-20,LT,LT,3335.25,-0.5226744621842441,0.7395565516545872
2025-03-20,RELIANCE,RELIANCE,1251.8499755859375,1.664256951747682,-0.9799252013855559
2025-03-20,TCS,TCS,3512,-0.6435506903229108,1.031563238081648
2025-03-21,HDFCBANK,HDFCBANK,877.7750244140625,3.0010252084175564,-1.386550630384507
2025-03-21,INFOSYS,INFOSYS,1577.949951171875,-0.4437244199271485,0.5864914599112181
2025-03-21,LT,LT,3357,-0.5299523529425454,0.7549212126983162
2025-03-21,RELIANCE,RELIANCE,1275,1.6329411764705883,-0.9681015393875088
2025-03-21,TCS,TCS,3475,-0.6330935251798561,1.0026483004063662
2025-03-24,HDFCBANK,HDFCBANK,889.5,2.906689151208544,-1.362690250893003
2025-03-24,INFOSYS,INFOSYS,1597.949951171875,-0.44334927427002646,0.5858172990626977
2025-03-24,LT,LT,3449,-0.5366918088802914,0.7693628067682541
2025-03-24,RELIANCE,RELIANCE,1291,1.6715724244771495,-0.9826672220901989
2025-03-24,TCS,TCS,3600,-0.6413888888888889,1.0255167335975583
2025-03-25,HDFCBANK,HDFCBANK,902.45001220703125,2.989140618654148,-1.3835758239073979
2025-03-25,INFOSYS,INFOSYS,1605,-0.43772584909219237,0.5757657350273133
2025-03-25,LT,LT,3505,-0.5420827389443652,0.7810667639045734
2025-03-25,RELIANCE,RELIANCE,1307.699951171875,1.6802784513825582,-0.9859206888951686
2025-03-25,TCS,TCS,3645,-0.6412345812971536,1.0250865338692368
2025-03-26,HDFCBANK,HDFCBANK,912.5,2.9945205479452053,-1.3849235589861113
2025-03-26,INFOSYS,INFOSYS,1626,-0.4388068880688807,0.577690204651109
2025-03-26,LT,LT,3473,-0.5318168730204434,0.7588957626363193
2025-03-26,RELIANCE,RELIANCE,1291,1.6901626646010843,-0.9896016618974324
2025-03-26,TCS,TCS,3647.75,-0.6460832019738195,1.0386934272974893
2025-03-27,HDFCBANK,HDFCBANK,900,3.0530555555555554,-1.3994710548198208
2025-03-27,INFOSYS,INFOSYS,1595.550048828125,-0.4359312008664234,0.5725790506441637
2025-03-27,LT,LT,3460,-0.5388583673907154,0.774050054083296
2025-03-27,RELIANCE,RELIANCE,1278.1500244140625,1.7070374634512524,-0.9958548500086026
2025-03-27,TCS,TCS,3614.85009765625,-0.6464168665686102,1.0396366489281705
2025-03-28,HDFCBANK,HDFCBANK,914.5,2.952815853095954,-1.374428199140418
2025-03-28,INFOSYS,INFOSYS,1590,-0.4248427672955975,0.5531118273833568
2025-03-28,LT,LT,3509.89990234375,-0.5469956282974705,0.7918535029882081
2025-03-28,RELIANCE,RELIANCE,1280,1.7421092987060547,-1.0087274412888227
2025-03-28,TCS,TCS,3651,-0.6494111202410299,1.048141024741975
2025-04-01,HDFCBANK,HDFCBANK,901,3.0521642619311877,-1.3992511240473
2025-04-01,INFOSYS,INFOSYS,1539.25,-0.4146499918791619,0.535545306182982
2025-04-01,LT,LT,3480,-0.5576867816091954,0.8157370089771998
2025-04-01,RELIANCE,RELIANCE,1264.5999755859375,1.7518583482397927,-1.012276446449766
2025-04-01,TCS,TCS,3572.699951171875,-0.6460380124641762,1.0385657514562965
2025-04-02,HDFCBANK,HDFCBANK,885.3499755859375,3.035353306253169,-1.3950938582984298
2025-04-02,INFOSYS,INFOSYS,1535.199951171875,-0.4232998933395503,0.55043289341116
2025-04-02,LT,LT,3433,-0.5528109667428269,0.8047738805699112
2025-04-02,RELIANCE,RELIANCE,1247.550048828125,1.7517934075869404,-1.012252847335673
2025-04-02,TCS,TCS,3544,-0.6479824918656533,1.0440743656029534
2025-04-03,HDFCBANK,HDFCBANK,890.54998779296875,2.9795632458353296,-1.3811720760474726
2025-04-03,INFOSYS,INFOSYS,1534.6500244140625,-0.4197048358742343,0.5442184012241134
2025-04-03,LT,LT,3400,-0.5486323457605699,0.7954730737026399
2025-04-03,RELIANCE,RELIANCE,1233.050048828125,1.7573901020735667,-1.0142846171622244
2025-04-03,TCS,TCS,3491,-0.6467917362279791,1.0406974136630085
2025-04-04,HDFCBANK,HDFCBANK,906.5,2.85107556536128,-1.3483524769101312
2025-04-04,INFOSYS,INFOSYS,1460.5,-0.3793221499486477,0.47694309163289006
2025-04-04,LT,LT,3400,-0.5704411764705882,0.844996588776457
2025-04-04,RELIANCE,RELIANCE,1241.0999755859375,1.7395053314660014,-1.0077773681400872
2025-04-04,TCS,TCS,3362.60009765625,-0.6309106228685978,0.9967164498225491
2025-04-07,HDFCBANK,HDFCBANK,881.4000244140625,2.8150669440832394,-1.3389582121796426
2025-04-07,INFOSYS,INFOSYS,1352,-0.34807690501918453,0.4278286764958379
2025-04-07,LT,LT,3049.050048828125,-0.5565832051462621,0.8132451050843796
2025-04-07,RELIANCE,RELIANCE,1132.199951171875,1.6930314258291823,-0.9906674832114968
2025-04-07,TCS,TCS,3100,-0.6347742092993952,1.0072395119974447
2025-04-08,HDFCBANK,HDFCBANK,882.5,2.5127478753541075,-1.2563986016657855
2025-04-08,INFOSYS,INFOSYS,1431,-0.383298392732355,0.483369990748999
2025-04-08,LT,LT,3124.949951171875,-0.5420726660075416,0.7810447668607994
2025-04-08,RELIANCE,RELIANCE,1172,1.6663395487814634,-0.9807065762802925
2025-04-08,TCS,TCS,3302.050048828125,-0.6450689775535248,1.0358318113536633
2025-04-09,HDFCBANK,HDFCBANK,882.5,2.741699772043201,-1.3195399926831692
2025-04-09,INFOSYS,INFOSYS,1405.050048828125,-0.3719084948354368,0.4650694142676741
2025-04-09,LT,LT,3158.800048828125,-0.5551950021814832,0.8101193000061082
2025-04-09,RELIANCE,RELIANCE,1169.5,1.7009833679590638,-0.9936159170570003
2025-04-09,TCS,TCS,3260.550048828125,-0.6413181878866328,1.0253196007381762
2025-04-11,HDFCBANK,HDFCBANK,887.375,2.6743767277961683,-1.3013835204028599
2025-04-11,INFOSYS,INFOSYS,1411.25,-0.37121346324180693,0.4639634491043214
2025-04-11,LT,LT,3114,-0.5468047527296083,0.7914322369300724
2025-04-11,RELIANCE,RELIANCE,1195.1500244140625,1.6055306332999308,-0.9576363524655207
2025-04-11,TCS,TCS,3289.550048828125,-0.6366828269295295,1.0124790712039182
2025-04-15,HDFCBANK,HDFCBANK,932.5,2.5276676126843163,-1.2606369196143703
2025-04-15,INFOSYS,INFOSYS,1445.5999755859375,-0.3549391147284472,0.4384105708715147
2025-04-15,LT,LT,3180,-0.5454088127088247,0.7883567533847362
2025-04-15,RELIANCE,RELIANCE,1251,1.5419664268585132,-0.9329379653073104
2025-04-15,TCS,TCS,3314.39990234375,-0.6225561076334314,0.9743333508320475
2025-04-16,HDFCBANK,HDFCBANK,941.9000244140624,2.518844693103786,-1.2581327235501725
2025-04-16,INFOSYS,INFOSYS,1425,-0.3390175267269738,0.4140279549539647
2025-04-16,LT,LT,3270,-0.5642201834862385,0.8306181711885481
2025-04-16,RELIANCE,RELIANCE,1234.0999755859375,1.6497042903249706,-0.9744480452150501
2025-04-16,TCS,TCS,3248.199951171875,-0.6200665001732104,0.9677590420318882
2025-04-17,HDFCBANK,HDFCBANK,941,2.4518596718085814,-1.2389131211227582
2025-04-17,INFOSYS,INFOSYS,1398,-0.32689556509299,0.3958547832083763
2025-04-17,LT,LT,3214.10009765625,-0.5650415489488227,0.8325047672801649
2025-04-17,RELIANCE,RELIANCE,1240.199951171875,1.591598310110576,-0.9522747935293134
2025-04-17,TCS,TCS,3245.5,-0.6178709132115622,0.9619968039289164
2025-04-21,HDFCBANK,HDFCBANK,962,2.3737006237006235,-1.216010249807817
2025-04-21,INFOSYS,INFOSYS,1410,-0.3177304964539007,0.38233053270650785
2025-04-21,LT,LT,3249.5,-0.5660870903215879,0.8349114339621897
2025-04-21,RELIANCE,RELIANCE,1270,1.5586614173228346,-0.9394842378817669
2025-04-21,TCS,TCS,3290.10009765625,-0.6139935070958167,0.951901088663484
2025-04-22,HDFCBANK,HDFCBANK,967.5,2.4006202559754524,-1.223957843212184
2025-04-22,INFOSYS,INFOSYS,1440,-0.328125,0.39768296766610955
2025-04-22,LT,LT,3280,-0.5609756097560976,0.8232003088081434
2025-04-22,RELIANCE,RELIANCE,1300,1.523076923076923,-0.925479157928562
2025-04-22,TCS,TCS,3322.60009765625,-0.6087401547610213,0.9383833738942648
2025-04-23,HDFCBANK,HDFCBANK,989.45001220703125,2.3580272440898544,-1.2113536718117919
2025-04-23,INFOSYS,INFOSYS,1446,-0.3157330482662301,0.3794071571866091
2025-04-23,LT,LT,3275.39990234375,-0.5585271896218541,0.8176388454819952
2025-04-23,RELIANCE,RELIANCE,1297,1.5253661544670394,-0.9263860638842614
2025-04-23,TCS,TCS,3365,-0.6145616641901932,0.9533740577623844
2025-04-24,HDFCBANK,HDFCBANK,955,2.5235602094240837,-1.259471901598098
2025-04-24,INFOSYS,INFOSYS,1469.9000244140625,-0.3502959492903703,0.4312383263765467
2025-04-24,LT,LT,3307,-0.5555185895330926,0.8108470461245165
2025-04-24,RELIANCE,RELIANCE,1292.4000244140625,1.5588052750922068,-0.9395404601409663
2025-04-24,TCS,TCS,3401.10009765625,-0.620005296137954,0.9675979635639713
2025-04-25,HDFCBANK,HDFCBANK,962.4000244140624,2.5339775679317342,-1.2624240263764346
2025-04-25,INFOSYS,INFOSYS,1475.5,-0.34774651005485435,0.42732200435462975
2025-04-25,LT,LT,3310,-0.5542296072507553,0.8079512739881141
2025-04-25,RELIANCE,RELIANCE,1303.5,1.5393172228615266,-0.9318952349975511
2025-04-25,TCS,TCS,3420,-0.618859649122807,0.9645875966830939
2025-04-28,HDFCBANK,HDFCBANK,955.5999755859376,2.5789033982582366,-1.2750564401534081
2025-04-28,INFOSYS,INFOSYS,1480.199951171875,-0.3544115612019926,0.43759306987260427
2025-04-28,LT,LT,3260,-0.5459509352233513,0.7895500145849068
2025-04-28,RELIANCE,RELIANCE,1340,1.4328358208955223,-0.8890575814157966
2025-04-28,TCS,TCS,3435,-0.6098981077147017,0.9413473117114926
2025-04-29,HDFCBANK,HDFCBANK,959.4000244140624,2.580362635593916,-1.2754640901412673
2025-04-29,INFOSYS,INFOSYS,1482,-0.35263156247364214,0.43483969134084965
2025-04-29,LT,LT,3335,-0.5556221889055473,0.8110801524936919
2025-04-29,RELIANCE,RELIANCE,1371,1.4325309992706055,-0.8889322787874097
2025-04-29,TCS,TCS,3455,-0.6031837916063676,0.9242820566394556
2025-04-30,HDFCBANK,HDFCBANK,956.5,2.6121275483533717,-1.2842969473214625
2025-04-30,INFOSYS,INFOSYS,1496.800048828125,-0.3609700903277875,0.4478040187012482
2025-04-30,LT,LT,3324,-0.5496991429518276,0.7978393483937838
2025-04-30,RELIANCE,RELIANCE,1402,1.3708987161198287,-0.8632690883808039
2025-04-30,TCS,TCS,3472,-0.5961981566820277,0.906831008185705
2025-05-02,HDFCBANK,HDFCBANK,964.9000244140624,2.598300250959553,-1.2804615814517337
2025-05-02,INFOSYS,INFOSYS,1499.699951171875,-0.356604617036839,0.4409958402005323
2025-05-02,LT,LT,3325,-0.548962420700188,0.7962046185609157
2025-05-02,RELIANCE,RELIANCE,1414,1.3514851485148516,-0.8550471066334371
2025-05-02,TCS,TCS,3472,-0.592741935483871,0.8983082293237228
2025-05-05,HDFCBANK,HDFCBANK,969.5,2.5812274368231045,-1.2757056010975338
2025-05-05,INFOSYS,INFOSYS,1515,-0.36006600660066007,0.4463902432607627
2025-05-05,LT,LT,3350,-0.5477611940298508,0.7935449068756419
2025-05-05,RELIANCE,RELIANCE,1431,1.3410202655485675,-0.8505868452626606
2025-05-05,TCS,TCS,3450,-0.5852173913043478,0.8800007304689546
2025-05-06,HDFCBANK,HDFCBANK,965,2.5751295336787563,-1.274001408686419
2025-05-06,INFOSYS,INFOSYS,1506,-0.35922974767596283,0.4450843070208528
2025-05-06,LT,LT,3346,-0.5499103407053197,0.798308473186931
2025-05-06,RELIANCE,RELIANCE,1431,1.3382250174703005,-0.8493921019903192
2025-05-06,TCS,TCS,3460,-0.5864161849710983,0.88289508849532
2025-05-07,HDFCBANK,HDFCBANK,967,2.578076525336091,-1.2748253725984764
2025-05-07,INFOSYS,INFOSYS,1500,-0.35533333333333333,0.4390218916370072
2025-05-07,LT,LT,3332,-0.5498199279711885,0.7981076161964316
2025-05-07,RELIANCE,RELIANCE,1420.9000244140625,1.3449925700254801,-0.852282233460592
2025-05-07,TCS,TCS,3420.60009765625,-0.584605044773388,0.8785255119889008
2025-05-08,HDFCBANK,HDFCBANK,977.4000244140624,2.499693075725931,-1.2526752720004097
2025-05-08,INFOSYS,INFOSYS,1508,-0.3518567477360329,0.43364353875326955
2025-05-08,LT,LT,3310.10009765625,-0.5444246531795958,0.7861941603297193
2025-05-08,RELIANCE,RELIANCE,1404.0999755859375,1.357453283392395,-0.8575819191647192
2025-05-08,TCS,TCS,3448,-0.5927784293544265,0.8983978420506826
2025-05-09,HDFCBANK,HDFCBANK,955.04998779296875,2.610282230323887,-1.2837859494340034
2025-05-09,INFOSYS,INFOSYS,1500.699951171875,-0.36359697549987663,0.45192323001546253
2025-05-09,LT,LT,3331,-0.5494746469012683,0.7973409258286361
2025-05-09,RELIANCE,RELIANCE,1385.5,1.404186214363046,-0.8772114738906467
2025-05-09,TCS,TCS,3399,-0.5923801117975875,0.8974201853930825
2025-05-12,HDFCBANK,HDFCBANK,958.79998779296875,2.545056365534641,-1.2655540598674584
2025-05-12,INFOSYS,INFOSYS,1537,-0.376187385951224,0.47190525370993885
2025-05-12,LT,LT,3513,-0.5624822089382294,0.8266379087272311
2025-05-12,RELIANCE,RELIANCE,1400,1.5092857142857143,-0.9199981366624774
2025-05-12,TCS,TCS,3505,-0.6005706134094151,0.9177182838653399
2025-05-13,HDFCBANK,HDFCBANK,975,2.594871794871795,-1.2795083284708424
2025-05-13,INFOSYS,INFOSYS,1609,-0.3940335612181479,0.5009306759945362
2025-05-13,LT,LT,3587.199951171875,-0.5514607432255434,0.8017590722736916
2025-05-13,RELIANCE,RELIANCE,1433.5,1.5024066628335369,-0.9172529339426507
2025-05-13,TCS,TCS,3620.39990234375,-0.604049265642729,0.926465483655706
2025-05-14,HDFCBANK,HDFCBANK,961.04998779296875,2.767129648123635,-1.3263133449277555
2025-05-14,INFOSYS,INFOSYS,1574,-0.3894218629015446,0.49334900492597367
2025-05-14,LT,LT,3587,-0.5611931976582102,0.8236960485549343
2025-05-14,RELIANCE,RELIANCE,1420,1.526056338028169,-0.9266593269369761
2025-05-14,TCS,TCS,3521,-0.5967054813973303,0.9080881685597451
2025-05-15,HDFCBANK,HDFCBANK,956.75,2.680167232819441,-1.3029581948492401
2025-05-15,INFOSYS,INFOSYS,1589.800048828125,-0.3981947599603859,0.5078214075465759
2025-05-15,LT,LT,3594,-0.557651628038919,0.8156575354911171
2025-05-15,RELIANCE,RELIANCE,1425,1.5221052631578946,-0.9250939746407534
2025-05-15,TCS,TCS,3564,-0.6001683501683501,0.9167116958879484
2025-05-16,HDFCBANK,HDFCBANK,966.9000244140624,2.6860067328675163,-1.3045436858513666
2025-05-16,INFOSYS,INFOSYS,1612.5999755859375,-0.4004092527269575,0.5115079443720232
2025-05-16,LT,LT,3642,-0.5572213136776668,0.8146852131761975
2025-05-16,RELIANCE,RELIANCE,1453.199951171875,1.5061933129457201,-0.9187649935409237
2025-05-16,TCS,TCS,3593.89990234375,-0.5956481842401411,0.9054699488856333
2025-05-19,HDFCBANK,HDFCBANK,968.5,2.710789780427207,-1.3112447327852124
2025-05-19,INFOSYS,INFOSYS,1576.5,-0.38566444655883286,0.48721399613806415
2025-05-19,LT,LT,3604.699951171875,-0.5626543065012982,0.8270313359723405
2025-05-19,RELIANCE,RELIANCE,1452.0999755859375,1.4824048011689697,-0.9092277682336984
2025-05-19,TCS,TCS,3550,-0.5909577533560739,0.8939368357457038
2025-05-20,HDFCBANK,HDFCBANK,964.04998779296875,2.6823816658378177,-1.3035597346462948
2025-05-20,INFOSYS,INFOSYS,1570,-0.385955421787918,0.48768775051918745
2025-05-20,LT,LT,3630,-0.5674931129476584,0.8381570289165436
2025-05-20,RELIANCE,RELIANCE,1438.199951171875,1.5239884044233216,-0.925840350541363
2025-05-20,TCS,TCS,3531.800048828125,-0.5927855679006858,0.8984153720867694
2025-05-21,HDFCBANK,HDFCBANK,963.5,2.665594238534639,-1.2989904609498826
2025-05-21,INFOSYS,INFOSYS,1567.9000244140625,-0.38548377766620157,0.4869199510831699
2025-05-21,LT,LT,3565.699951171875,-0.5602826805719396,0.821623214378338
2025-05-21,RELIANCE,RELIANCE,1423.9000244140625,1.504178587003794,-0.9179607713830693
2025-05-21,TCS,TCS,3508,-0.5940991948648625,0.9016464715592134
2025-05-22,HDFCBANK,HDFCBANK,957.5999755859376,2.6633250725111184,-1.298371224743362
2025-05-22,INFOSYS,INFOSYS,1555.5,-0.3843780291957971,0.4851221875889813
2025-05-22,LT,LT,3585,-0.5661087866108787,0.8349614366960294
2025-05-22,RELIANCE,RELIANCE,1421.199951171875,1.52251627017291,-0.9252569232438193
2025-05-22,TCS,TCS,3495,-0.593361959607475,0.8998318248780075
2025-05-23,HDFCBANK,HDFCBANK,960.04998779296875,2.640435440278016,-1.29210330094398
2025-05-23,INFOSYS,INFOSYS,1550,-0.38061291110131046,0.47902485618936286
2025-05-23,LT,LT,3570,-0.5658263305322129,0.834310664860392
2025-05-23,RELIANCE,RELIANCE,1406.5999755859375,1.5380350220131846,-0.9313901682565584
2025-05-23,TCS,TCS,3477,-0.5954558597682089,0.9049944254907354
2025-05-26,HDFCBANK,HDFCBANK,967.5,2.593798449612403,-1.2792097071039246
2025-05-26,INFOSYS,INFOSYS,1566.5999755859375,-0.38242051890870415,0.4819475044450936
2025-05-26,LT,LT,3615.800048828125,-0.566734898381986,0.8364054944029826
2025-05-26,RELIANCE,RELIANCE,1432,1.5250000340978527,-0.9262410762314222
2025-05-26,TCS,TCS,3521,-0.5932973587049134,0.8996729716344607
2025-05-27,HDFCBANK,HDFCBANK,965.79998779296875,2.645682381966203,-1.293543558354905
2025-05-27,INFOSYS,INFOSYS,1579.9000244140625,-0.3886955042290382,0.49216008753157237
2025-05-27,LT,LT,3648.699951171875,-0.5669964520084375,0.8370093570373234
2025-05-27,RELIANCE,RELIANCE,1426.0999755859375,1.5585162426447308,-0.9394274977457817
2025-05-27,TCS,TCS,3532,-0.596234434998319,0.9069208541005898
2025-05-28,HDFCBANK,HDFCBANK,960.0999755859376,2.6787835536028033,-1.302582141448939
2025-05-28,INFOSYS,INFOSYS,1581,-0.39272613814931207,0.49877541693456084
2025-05-28,LT,LT,3660,-0.5680327868852459,0.8394055891859393
2025-05-28,RELIANCE,RELIANCE,1420.0999755859375,1.5772833342172778,-0.9467358729362356
2025-05-28,TCS,TCS,3520,-0.5965625069358133,0.9077337151329665
2025-05-29,HDFCBANK,HDFCBANK,964,2.6514522821576763,-1.295124973981597
2025-05-29,INFOSYS,INFOSYS,1589,-0.3933291378225299,0.4997688719261708
2025-05-29,LT,LT,3663.89990234375,-0.5663091125978805,0.8354232396548023
2025-05-29,RELIANCE,RELIANCE,1412.0999755859375,1.594646247213091,-0.9534501864055009
2025-05-29,TCS,TCS,3504.699951171875,-0.5970839172369748,0.9090269700758711
2025-05-30,HDFCBANK,HDFCBANK,965.95001220703125,2.628241531012803,-1.2887481041859932
2025-05-30,INFOSYS,INFOSYS,1571,-0.38513684773581713,0.4863555525797256
2025-05-30,LT,LT,3655.300048828125,-0.5702131209437494,0.8444658232614692
2025-05-30,RELIANCE,RELIANCE,1418,1.5777856479747003,-0.9469307544250176
2025-05-30,TCS,TCS,3490,-0.5936962750716333,0.9006543081043992
2025-06-02,HDFCBANK,HDFCBANK,965.04998779296875,2.6163929787528337,-1.2854771143773727
2025-06-02,INFOSYS,INFOSYS,1560,-0.38137821295322516,0.48026119942448364
2025-06-02,LT,LT,3675.10009765625,-0.5755217657894894,0.8568945484899047
2025-06-02,RELIANCE,RELIANCE,1412.0999755859375,1.6025778352777764,-0.95650242894747
2025-06-02,TCS,TCS,3450,-0.5906956592504529,0.8932962902393875
2025-06-03,HDFCBANK,HDFCBANK,969,2.5603715170278636,-1.2698648981346388
2025-06-03,INFOSYS,INFOSYS,1559,-0.3784477228992944,0.4755352571670102
2025-06-03,LT,LT,3655,-0.5734610123119015,0.852051503126102
2025-06-03,RELIANCE,RELIANCE,1422.300048828125,1.5697812518613512,-0.9438207792772992
2025-06-03,TCS,TCS,3446,-0.5872605778212058,0.8849388241812957
2025-06-04,HDFCBANK,HDFCBANK,960.5,2.5877147319104634,-1.2775154348792634
2025-06-04,INFOSYS,INFOSYS,1543,-0.37751134154244975,0.4740298701545491
2025-06-04,LT,LT,3645,-0.5766803840877915,0.8596277920795972
2025-06-04,RELIANCE,RELIANCE,1414.699951171875,1.5765180786078652,-0.9464389054926965
2025-06-04,TCS,TCS,3389,-0.5825612419085645,0.8736174326569905
2025-06-05,HDFCBANK,HDFCBANK,974,2.479466119096509,-1.2468788679645169
2025-06-05,INFOSYS,INFOSYS,1547.9000244140625,-0.3707603949623975,0.46324316470967375
2025-06-05,LT,LT,3629.89990234375,-0.5735695016232772,0.8523058834145729
2025-06-05,RELIANCE,RELIANCE,1428,1.5419467103247548,-0.9329302088672522
2025-06-05,TCS,TCS,3409,-0.5811088295687885,0.8701441292383736
2025-06-06,HDFCBANK,HDFCBANK,972,2.507201646090535,-1.254818467677464
2025-06-06,INFOSYS,INFOSYS,1554.699951171875,-0.3747989769554295,0.469682044088473
2025-06-06,LT,LT,3645,-0.5734705209405007,0.8520737958938458
2025-06-06,RELIANCE,RELIANCE,1441,1.5294934073560027,-0.928019048443236
2025-06-06,TCS,TCS,3371.10009765625,-0.5725430992091122,0.8499018125511046
2025-06-09,HDFCBANK,HDFCBANK,997.5,2.3795489700814536,-1.2177422597866077
2025-06-09,INFOSYS,INFOSYS,1578,-0.3678707224334601,0.4586613526418004
2025-06-09,LT,LT,3664,-0.5693231441048034,0.8423972243882014
2025-06-09,RELIANCE,RELIANCE,1457,1.5147563486616336,-0.922175919598816
2025-06-09,TCS,TCS,3400,-0.5714705882352941,0.8473959044090478
2025-06-10,HDFCBANK,HDFCBANK,991.4000244140624,2.429493560895834,-1.2324126003919345
2025-06-10,INFOSYS,INFOSYS,1584,-0.37411614620324346,0.46859046216205336
2025-06-10,LT,LT,3704,-0.572354211663067,0.8494600233916989
2025-06-10,RELIANCE,RELIANCE,1450,1.5544827586206897,-0.9378497603514502
2025-06-10,TCS,TCS,3440,-0.5784883720930233,0.8639079149528248
2025-06-11,HDFCBANK,HDFCBANK,983.79998779296875,2.4966457030734532,-1.251804138414247
2025-06-11,INFOSYS,INFOSYS,1590.0999755859375,-0.38129677196526757,0.48012955901136234
2025-06-11,LT,LT,3689.89990234375,-0.5690669075939058,0.8418024389659644
2025-06-11,RELIANCE,RELIANCE,1445.800048828125,1.552150904500627,-0.9369364955919357
2025-06-11,TCS,TCS,3470,-0.5833429254097623,0.8754917586023163
2025-06-12,HDFCBANK,HDFCBANK,975,2.5589743589743588,-1.2694724019430579
2025-06-12,INFOSYS,INFOSYS,1617,-0.3970315398886827,0.5058903885792594
2025-06-12,LT,LT,3684.800048828125,-0.5611702185809909,0.823643682740542
2025-06-12,RELIANCE,RELIANCE,1453.5,1.535122152616529,-0.9302418223187177
2025-06-12,TCS,TCS,3471.89990234375,-0.5813531377967446,0.8707275253956004
2025-06-13,HDFCBANK,HDFCBANK,960,2.6165623982747395,-1.2855239609326494
2025-06-13,INFOSYS,INFOSYS,1576,-0.39086294416243655,0.4957119859559427
2025-06-13,LT,LT,3501.199951171875,-0.5498686101967691,0.7982157614943466
2025-06-13,RELIANCE,RELIANCE,1424,1.4587078308791257,-0.89963593994025
2025-06-13,TCS,TCS,3393.199951171875,-0.5803371388390456,0.8683036015716645
2025-06-16,HDFCBANK,HDFCBANK,962,2.5272348764780403,-1.2605142428778793
2025-06-16,INFOSYS,INFOSYS,1600,-0.39875,0.508744457562166
2025-06-16,LT,LT,3575.5,-0.5525101384421759,0.8041013972605784
2025-06-16,RELIANCE,RELIANCE,1426.9000244140625,1.5057817217910774,-0.9186007504420592
2025-06-16,TCS,TCS,3440,-0.5852034812749818,0.8799671953210533
2025-06-17,HDFCBANK,HDFCBANK,968.5,2.551884357253485,-1.267478267520394
2025-06-17,INFOSYS,INFOSYS,1620.699951171875,-0.4024186899618838,0.5148649206892228
2025-06-17,LT,LT,3622,-0.5525400466118512,0.8041682349070856
2025-06-17,RELIANCE,RELIANCE,1448,1.5013812154696133,-0.916843065497698
2025-06-17,TCS,TCS,3510,-0.5874643874643874,0.8854327435142508
2025-06-18,HDFCBANK,HDFCBANK,958.5,2.6619718309859155,-1.298001753974213
2025-06-18,INFOSYS,INFOSYS,1621,-0.40869833436150527,0.525428959249977
2025-06-18,LT,LT,3622,-0.5524572059635561,0.8039831167076832
2025-06-18,RELIANCE,RELIANCE,1430,1.5328671328671328,-0.9293519151894065
2025-06-18,TCS,TCS,3519.10009765625,-0.593646113973174,0.900530858578187
2025-06-19,HDFCBANK,HDFCBANK,966.95001220703125,2.6393816156266663,-1.2918137813995694
2025-06-19,INFOSYS,INFOSYS,1623.9000244140625,-0.40455077426584357,0.5184391570726863
2025-06-19,LT,LT,3607,-0.5497920642045848,0.7980457233982827
2025-06-19,RELIANCE,RELIANCE,1430.0999755859375,1.5222012877261588,-0.925132047096227
2025-06-19,TCS,TCS,3450,-0.585478267946105,0.8806298762180926
2025-06-20,HDFCBANK,HDFCBANK,965.79998779296875,2.572168195905538,-1.2731727492252585
2025-06-20,INFOSYS,INFOSYS,1619,-0.40345893280236644,0.5166071928774887
2025-06-20,LT,LT,3614,-0.5520199225235196,0.8030065174745378
2025-06-20,RELIANCE,RELIANCE,1431,1.5255066387141858,-0.9264416915957225
2025-06-20,TCS,TCS,3425,-0.5821897810218978,0.8727279711398745
2025-06-23,HDFCBANK,HDFCBANK,974.20001220703125,2.5157051499524505,-1.2572401167935698
2025-06-23,INFOSYS,INFOSYS,1601,-0.39150530155713226,0.4967670790939591
2025-06-23,LT,LT,3645,-0.5607681755829904,0.8227279314460434
2025-06-23,RELIANCE,RELIANCE,1453,1.5086028905712319,-0.9197259808724754
2025-06-23,TCS,TCS,3415,-0.5745241581259151,0.8545471084346081
2025-06-24,HDFCBANK,HDFCBANK,982.5,2.475826972010178,-1.2458324282614743
2025-06-24,INFOSYS,INFOSYS,1601,-0.3863210493441599,0.4882833692532982
2025-06-24,LT,LT,3637.10009765625,-0.5598141494561325,0.8205582536506624
2025-06-24,RELIANCE,RELIANCE,1465,1.482662182700512,-0.9093314451962096
2025-06-24,TCS,TCS,3434.60009765625,-0.5734583478875148,0.8520452565316718
2025-06-25,HDFCBANK,HDFCBANK,983,2.493998064757121,-1.2510466578356727
2025-06-25,INFOSYS,INFOSYS,1590,-0.3817610062893082,0.480880175067111
2025-06-25,LT,LT,3640,-0.5631868131868132,0.8282496654165081
2025-06-25,RELIANCE,RELIANCE,1464,1.4863387978142077,-0.9108112661095289
2025-06-25,TCS,TCS,3407.300048828125,-0.5703342884335899,0.8447477876000855
2025-06-26,HDFCBANK,HDFCBANK,990.70001220703125,2.4392853606991634,-1.235263705820735
2025-06-26,INFOSYS,INFOSYS,1608.800048828125,-0.38419941438423466,0.48483209250848436
2025-06-26,LT,LT,3620.10009765625,-0.5555923854509699,0.8110130869146923
2025-06-26,RELIANCE,RELIANCE,1469.0999755859375,1.4641618390963522,-0.9018517249657831
2025-06-26,TCS,TCS,3444.800048828125,-0.5735311325005045,0.8522159100265414
2025-06-27,HDFCBANK,HDFCBANK,1006.5,2.4225534513940636,-1.2303868957046964
2025-06-27,INFOSYS,INFOSYS,1619,-0.378319950586782,0.47532970859778967
2025-06-27,LT,LT,3665,-0.5582537517053207,0.8170196606431173
2025-06-27,RELIANCE,RELIANCE,1499.4000244140625,1.4443110179568082,-0.8937632909692361
2025-06-27,TCS,TCS,3455,-0.5660202534257417,0.8347574128502533
2025-06-30,HDFCBANK,HDFCBANK,1005.75,2.4352473278647775,-1.2340889253718723
2025-06-30,INFOSYS,INFOSYS,1615,-0.37724458204334366,0.4736014248268594
2025-06-30,LT,LT,3682,-0.5613796849538294,0.8241211261362658
2025-06-30,RELIANCE,RELIANCE,1513.800048828125,1.4322895238709625,-0.8888330046626223
2025-06-30,TCS,TCS,3439.89990234375,-0.5599290410175283,0.820819294657797
2025-07-01,HDFCBANK,HDFCBANK,1002.5,2.43132159834788,-1.232945492607473
2025-07-01,INFOSYS,INFOSYS,1609,-0.3769422001243008,0.4731159878116591
2025-07-01,LT,LT,3669.800048828125,-0.5615564939256565,0.8245243099638611
2025-07-01,RELIANCE,RELIANCE,1500.5999755859375,1.4455551836159284,-0.89427216611415
2025-07-01,TCS,TCS,3455,-0.5656729448376447,0.8339574453596752
2025-07-02,HDFCBANK,HDFCBANK,1009.9500122070313,2.4209613923859767,-1.2299216204556025
2025-07-02,INFOSYS,INFOSYS,1618,-0.37580345351852207,0.47128998187226934
2025-07-02,LT,LT,3666.60009765625,-0.5587192611939732,0.8180740101444943
2025-07-02,RELIANCE,RELIANCE,1528.4000244140625,1.3989793503581642,-0.8750433762165786
2025-07-02,TCS,TCS,3487.199951171875,-0.5617113885596255,0.8248776553757304
2025-07-03,HDFCBANK,HDFCBANK,997.45001220703125,2.4961150017491502,-1.2516523524894243
2025-07-03,INFOSYS,INFOSYS,1618.5,-0.3837194858158596,0.4840530389336406
2025-07-03,LT,LT,3605,-0.5510402219140084,0.8008219763527498
2025-07-03,RELIANCE,RELIANCE,1520.800048828125,1.3704628381475172,-0.8630852264379616
2025-07-03,TCS,TCS,3430,-0.5566180615661444,0.813323716878898
2025-07-04,HDFCBANK,HDFCBANK,993.54998779296875,2.4522671653584953,-1.2390311645944383
2025-07-04,INFOSYS,INFOSYS,1625,-0.3885846228966346,0.4919787191982907
2025-07-04,LT,LT,3590,-0.5473537604456824,0.7926443867184867
2025-07-04,RELIANCE,RELIANCE,1524,1.3556430446194225,-0.8568137452357325
2025-07-04,TCS,TCS,3408,-0.5528169014084507,0.8047871517026151
2025-07-07,HDFCBANK,HDFCBANK,994.5,2.4268476621417796,-1.23164078965518
2025-07-07,INFOSYS,INFOSYS,1640,-0.3935975609756098,0.5002114225242167
2025-07-07,LT,LT,3599.89990234375,-0.5444317774135159,0.7862097983348795
2025-07-07,RELIANCE,RELIANCE,1526.5999755859375,1.3581160486800357,-0.857863015781196
2025-07-07,TCS,TCS,3418.300048828125,-0.5534037522220168,0.806100341362419
2025-07-08,HDFCBANK,HDFCBANK,988.5,2.458067828860015,-1.2407100021236745
2025-07-08,INFOSYS,INFOSYS,1628,-0.3928132678132678,0.4989189039518136
2025-07-08,LT,LT,3580,-0.5452513966480447,0.78801053283226
2025-07-08,RELIANCE,RELIANCE,1536,1.3307291666666667,-0.8461811656871276
2025-07-08,TCS,TCS,3405,-0.5488986784140969,0.7960633048759949
2025-07-09,HDFCBANK,HDFCBANK,1003.5,2.393124065769806,-1.22175105034722
2025-07-09,INFOSYS,INFOSYS,1637.800048828125,-0.38728784339820843,0.48986001841293536
2025-07-09,LT,LT,3605,-0.5456865329186893,0.788967863069721
2025-07-09,RELIANCE,RELIANCE,1536.699951171875,1.3459361713722031,-0.8526845424324261
2025-07-09,TCS,TCS,3410,-0.5493548530287756,0.79707506299094
2025-07-10,HDFCBANK,HDFCBANK,1008,2.382936507936508,-1.2187441216462487
2025-07-10,INFOSYS,INFOSYS,1638.9000244140625,-0.38495333151247046,0.4860571303350829
2025-07-10,LT,LT,3575,-0.5415664267373251,0.7799398761617109
2025-07-10,RELIANCE,RELIANCE,1519.699951171875,1.3524380567645848,-0.855452261318657
2025-07-10,TCS,TCS,3380,-0.5503846298308062,0.7993627946676138
2025-07-11,HDFCBANK,HDFCBANK,999,2.3833833833833835,-1.2188762098285109
2025-07-11,INFOSYS,INFOSYS,1579.0999755859375,-0.36736114530727343,0.4578555493632983
2025-07-11,LT,LT,3575,-0.5582937131228147,0.8171101271162557
2025-07-11,RELIANCE,RELIANCE,1512,1.3644179894179893,-0.8605318983886301
2025-07-11,TCS,TCS,3299.89990234375,-0.5418042835402056,0.7804588576319444
2025-07-14,HDFCBANK,HDFCBANK,991.5,2.328189513206001,-1.2024284664115719
2025-07-14,INFOSYS,INFOSYS,1591.800048828125,-0.3771202603430392,0.47340181308668416
2025-07-14,LT,LT,3540.60009765625,-0.5504151824765978,0.7994307498264801
2025-07-14,RELIANCE,RELIANCE,1492.199951171875,1.3727383819277685,-0.8640447235578401
2025-07-14,TCS,TCS,3266,-0.5431108538971602,0.783314486215235
2025-07-15,HDFCBANK,HDFCBANK,986.5,2.3106943740496706,-1.1971579480677397
2025-07-15,INFOSYS,INFOSYS,1565.0999755859375,-0.36968882794169294,0.46154165763474353
2025-07-15,LT,LT,3519,-0.5552429736897023,0.8102271542241715
2025-07-15,RELIANCE,RELIANCE,1486.199951171875,1.367783686996661,-0.8619543644525596
2025-07-15,TCS,TCS,3206,-0.5364317058103946,0.7688015603004725
2025-07-16,HDFCBANK,HDFCBANK,1009,2.1774033696729433,-1.1560643128158894
2025-07-16,INFOSYS,INFOSYS,1579,-0.3609879670677644,0.44783199390203343
2025-07-16,LT,LT,3504,-0.5493721461187214,0.7971134378006397
2025-07-16,RELIANCE,RELIANCE,1473,1.3788187372708758,-0.8666040355936513
2025-07-16,TCS,TCS,3227,-0.5435388906104741,0.7842517755893308
2025-07-17,HDFCBANK,HDFCBANK,1002,2.220558882235529,-1.1695549104071512
2025-07-17,INFOSYS,INFOSYS,1598,-0.37296620775969963,0.46675484468141004
2025-07-17,LT,LT,3515,-0.5453769559032717,0.7882866779185456
2025-07-17,RELIANCE,RELIANCE,1487.4000244140625,1.3631840408128797,-0.8600098795616473
2025-07-17,TCS,TCS,3224.10009765625,-0.5386619585740147,0.7736242261215596
2025-07-18,HDFCBANK,HDFCBANK,993.45001220703125,2.245357147355251,-1.1772254049180653
2025-07-18,INFOSYS,INFOSYS,1592.0999755859375,-0.37601279602971305,0.4716254172808432
2025-07-18,LT,LT,3489,-0.5436801445726749,0.7845612780193187
2025-07-18,RELIANCE,RELIANCE,1484.800048828125,1.3498113451394922,-0.8543350462695178
2025-07-18,TCS,TCS,3225,-0.5395968840843023,0.7756528343126154
2025-07-21,HDFCBANK,HDFCBANK,989.0999755859376,2.2605399652239675,-1.1818928151671857
2025-07-21,INFOSYS,INFOSYS,1580,-0.3739873572240901,0.4683847119583264
2025-07-21,LT,LT,3467.60009765625,-0.5443534561358672,0.786037893135962
2025-07-21,RELIANCE,RELIANCE,1465,1.3669625239974403,-0.8616074977058075
2025-07-21,TCS,TCS,3190,-0.5407523510971787,0.778165674327723
2025-07-22,HDFCBANK,HDFCBANK,1006.5499877929688,2.1692415068173765,-1.1534922869616482
2025-07-22,INFOSYS,INFOSYS,1565,-0.35683706850289537,0.44135719415701136
2025-07-22,LT,LT,3502,-0.5531125071387778,0.8054484098715431
2025-07-22,RELIANCE,RELIANCE,1427.4000244140625,1.4534117557112596,-0.8974796092049608
2025-07-22,TCS,TCS,3159.60009765625,-0.5482339599011631,0.7945908435572164
2025-07-23,HDFCBANK,HDFCBANK,1005.5,2.1423173522190453,-1.1449605379853454
2025-07-23,INFOSYS,INFOSYS,1576.300048828125,-0.36211383058224045,0.4495954293962061
2025-07-23,LT,LT,3476.199951171875,-0.5465450575428688,0.7908593694740587
2025-07-23,RELIANCE,RELIANCE,1426,1.4377278759971073,-0.8910664071087302
2025-07-23,TCS,TCS,3159.60009765625,-0.5486770616769546,0.7955721462238108
2025-07-24,HDFCBANK,HDFCBANK,1018.8499755859376,2.1011436162023496,-1.1317709519134782
2025-07-24,INFOSYS,INFOSYS,1580,-0.3551582433000395,0.4387503307364389
2025-07-24,LT,LT,3484.89990234375,-0.5466153851542824,0.7910144743346432
2025-07-24,RELIANCE,RELIANCE,1419.199951171875,1.4555383471273136,-0.8983460232057281
2025-07-24,TCS,TCS,3165.10009765625,-0.5516097730296777,0.8020913833599179
2025-07-25,HDFCBANK,HDFCBANK,1007.5,2.141538558467742,-1.1447126666890082
2025-07-25,INFOSYS,INFOSYS,1543.4000244140625,-0.3472204327698595,0.42651577602102897
2025-07-25,LT,LT,3470,-0.5552161312927774,0.8101668030990385
2025-07-25,RELIANCE,RELIANCE,1398.9000244140625,1.4805203656018449,-0.9084683630061923
2025-07-25,TCS,TCS,3140,-0.5544904380846934,0.808536568967587
2025-07-28,HDFCBANK,HDFCBANK,1001.5,2.1352970544183725,-1.142723923796427
2025-07-28,INFOSYS,INFOSYS,1513.9000244140625,-0.33846358157790574,0.41319024263856186
2025-07-28,LT,LT,3430.10009765625,-0.5586426106198784,0.8179003249798962
2025-07-28,RELIANCE,RELIANCE,1392.300048828125,1.4636213297150324,-0.9016323527389742
2025-07-28,TCS,TCS,3110,-0.5523150968398312,0.8036656351879232
2025-07-29,HDFCBANK,HDFCBANK,999.95001220703125,2.1101554698077254,-1.1346727152335427
2025-07-29,INFOSYS,INFOSYS,1512.9000244140625,-0.33905083212996434,0.41407834394831333
2025-07-29,LT,LT,3418,-0.5573727254493673,0.8150272297874865
2025-07-29,RELIANCE,RELIANCE,1383,1.4714389009399855,-0.9048005320107784
2025-07-29,TCS,TCS,3060,-0.5480392156862746,0.7941598632816671
2025-07-30,HDFCBANK,HDFCBANK,1014,2.0177514792899407,-1.1045120107952968
2025-07-30,INFOSYS,INFOSYS,1519.9000244140625,-0.33285085616673526,0.40474165411422636
2025-07-30,LT,LT,3622,-0.5803699546068298,0.8683818001780041
2025-07-30,RELIANCE,RELIANCE,1418.0999755859375,1.5541217561219154,-0.9377084291920967
2025-07-30,TCS,TCS,3060,-0.5365686354294322,0.769096985695163
2025-07-31,HDFCBANK,HDFCBANK,1007.2999877929688,2.0378239224489345,-1.111141444116356
2025-07-31,INFOSYS,INFOSYS,1509.699951171875,-0.3327813337934655,0.40463745140068763
2025-07-31,LT,LT,3625,-0.5835310479525863,0.875943365058018
2025-07-31,RELIANCE,RELIANCE,1388.0999755859375,1.6114833684582655,-0.9599184002958268
2025-07-31,TCS,TCS,3041.699951171875,-0.543643358033673,0.784480665580789
2025-08-01,HDFCBANK,HDFCBANK,1007,2.020556058760551,-1.1054409398551748
2025-08-01,INFOSYS,INFOSYS,1493.9000244140625,-0.3259254410983991,0.3944145526722096
2025-08-01,LT,LT,3636,-0.5891364069268255,0.8894940099065973
2025-08-01,RELIANCE,RELIANCE,1386.9000244140625,1.6216741913579078,-0.9638131180317471
2025-08-01,TCS,TCS,3029.89990234375,-0.542262098051081,0.7814585251619919
2025-08-04,HDFCBANK,HDFCBANK,1005.0499877929688,2.014675826221573,-1.1034923040739049
2025-08-04,INFOSYS,INFOSYS,1461.5,-0.31231612193433544,0.37442602619759136
2025-08-04,LT,LT,3595.199951171875,-0.5934857532684333,0.9001363032982876
2025-08-04,RELIANCE,RELIANCE,1395.0999755859375,1.577019578587479,-0.9466335290753918
2025-08-04,TCS,TCS,3009.10009765625,-0.5363730250540475,0.7686749833896993
2025-08-05,HDFCBANK,HDFCBANK,993.25,2.0295495571671283,-1.108413947469188
2025-08-05,INFOSYS,INFOSYS,1478.699951171875,-0.32829510191513445,0.3979361746637524
2025-08-05,LT,LT,3630,-0.5926446415504476,0.8980693579004368
2025-08-05,RELIANCE,RELIANCE,1411,1.5726435152374203,-0.9449339754060828
2025-08-05,TCS,TCS,3074.39990234375,-0.5410486453228376,0.7788110556334908
2025-08-06,HDFCBANK,HDFCBANK,985.54998779296875,2.1194763740280003,-1.1376651588993756
2025-08-06,INFOSYS,INFOSYS,1452,-0.3212465648808755,0.38749734679781156
2025-08-06,LT,LT,3650,-0.6021917808219178,0.9217852511917961
2025-08-06,RELIANCE,RELIANCE,1391.9000244140625,1.6223147754714011,-0.9640574298030842
2025-08-06,TCS,TCS,3063,-0.5455762244812071,0.7887250900593212
2025-08-07,HDFCBANK,HDFCBANK,990.04998779296875,2.0937831804109974,-1.129394672258683
2025-08-07,INFOSYS,INFOSYS,1430,-0.30765735119372817,0.3676742886798614
2025-08-07,LT,LT,3610.300048828125,-0.6039110376811571,0.9261164406379008
2025-08-07,RELIANCE,RELIANCE,1387.699951171875,1.601643133142236,-0.9561432197012589
2025-08-07,TCS,TCS,3016,-0.5398872840942059,0.7762837849372524
2025-08-08,HDFCBANK,HDFCBANK,993.54998779296875,2.03557952499161,-1.1104023535623
2025-08-08,INFOSYS,INFOSYS,1425,-0.3027719383908991,0.3606427171372042
2025-08-08,LT,LT,3641.60009765625,-0.6086884990701927,0.9382513586060588
2025-08-08,RELIANCE,RELIANCE,1385,1.6293141499323105,-0.966723032687371
2025-08-08,TCS,TCS,3048.10009765625,-0.5456185966251711,0.7888183380842655
2025-08-11,HDFCBANK,HDFCBANK,987.95001220703125,2.0852776557459074,-1.1266416551699585
2025-08-11,INFOSYS,INFOSYS,1419.9000244140625,-0.3042115675610895,0.36270964123877825
2025-08-11,LT,LT,3610,-0.6066758935141101,0.933121308552403
2025-08-11,RELIANCE,RELIANCE,1370,1.635036496350365,-0.9688970325047563
2025-08-11,TCS,TCS,3036.39990234375,-0.5488077841978198,0.7958618311585894
2025-08-12,HDFCBANK,HDFCBANK,995.95001220703125,2.0487472916588145,-1.1147307822028072
2025-08-12,INFOSYS,INFOSYS,1428.199951171875,-0.3026536575709665,0.36047308714847937
2025-08-12,LT,LT,3680,-0.6119021871815558,0.9464978762365437
2025-08-12,RELIANCE,RELIANCE,1381.9000244140625,1.6630001700451171,-0.9794533706865121
2025-08-12,TCS,TCS,3041,-0.545577104763544,0.7887270272009008
2025-08-13,HDFCBANK,HDFCBANK,997,2.050150451354062,-1.1151909177155268
2025-08-13,INFOSYS,INFOSYS,1425,-0.3003508771929825,0.35717632274091304
2025-08-13,LT,LT,3696,-0.614448051948052,0.9530793400588236
2025-08-13,RELIANCE,RELIANCE,1388,1.6628242074927955,-0.9793872916948247
2025-08-13,TCS,TCS,3036.10009765625,-0.5428345721962587,0.7827099671477713
2025-08-14,HDFCBANK,HDFCBANK,989,2.069868652837462,-1.1216347765918089
2025-08-14,INFOSYS,INFOSYS,1426.199951171875,-0.30654884738471494,0.36607447773497004
2025-08-14,LT,LT,3700,-0.6145405537373311,0.9533192892746332
2025-08-14,RELIANCE,RELIANCE,1377.300048828125,1.686415355280168,-0.9882077232569682
2025-08-14,TCS,TCS,3034,-0.546044809219471,0.7897567845331306
2025-08-18,HDFCBANK,HDFCBANK,1005,2.018905472636816,-1.104894339415302
2025-08-18,INFOSYS,INFOSYS,1464.699951171875,-0.3138526432011409,0.3766628684944795
2025-08-18,LT,LT,3699,-0.6040281289073061,0.9264121028447976
2025-08-18,RELIANCE,RELIANCE,1390,1.6611510791366906,-0.9787587657077159
2025-08-18,TCS,TCS,3046.5,-0.5437387165599868,0.7846896435638113
2025-08-19,HDFCBANK,HDFCBANK,999.1500244140624,2.049091653464731,-1.1148437277264192
2025-08-19,INFOSYS,INFOSYS,1432.699951171875,-0.30261041497432245,0.36041107885600354
2025-08-19,LT,LT,3648.89990234375,-0.6073611254034051,0.9348649837111642
2025-08-19,RELIANCE,RELIANCE,1390,1.6251078434127697,-0.9651219784045599
2025-08-19,TCS,TCS,3011.199951171875,-0.5383900031417539,0.7730349070508185
2025-08-20,HDFCBANK,HDFCBANK,993.5,2.030900806413563,-1.1088598711836841
2025-08-20,INFOSYS,INFOSYS,1440.699951171875,-0.31040464102752247,0.37165028968361025
2025-08-20,LT,LT,3613.5,-0.6013006915257022,0.9195477590475543
2025-08-20,RELIANCE,RELIANCE,1413,1.5573248407643312,-0.9389617280385085
2025-08-20,TCS,TCS,3010.89990234375,-0.5307050895647212,0.7565239012538285
2025-08-21,HDFCBANK,HDFCBANK,998.75,2.014668237640801,-1.103489786857872
2025-08-21,INFOSYS,INFOSYS,1508,-0.33769893899204245,0.41203505148741737
2025-08-21,LT,LT,3599,-0.5809947207557655,0.8698717595111294
2025-08-21,RELIANCE,RELIANCE,1425,1.5256140350877192,-0.9264842153762798
2025-08-21,TCS,TCS,3130,-0.5447284345047924,0.7868611908314476
2025-08-22,HDFCBANK,HDFCBANK,994.95001220703125,2.145886689379429,-1.1460957866255344
2025-08-22,INFOSYS,INFOSYS,1498.0999755859375,-0.3358587354506257,0.4092604043179877
2025-08-22,LT,LT,3610,-0.5850138571784107,0.8795101501002751
2025-08-22,RELIANCE,RELIANCE,1420,1.5422535211267605,-0.9330509007316206
2025-08-22,TCS,TCS,3086,-0.5398574206092028,0.7762188823278002
2025-08-25,HDFCBANK,HDFCBANK,980.0999755859376,2.1486583786057976,-1.14697645055774
2025-08-25,INFOSYS,INFOSYS,1506.699951171875,-0.34950553703566567,0.4300224930345449
2025-08-25,LT,LT,3616,-0.583324128547601,0.875446646112156
2025-08-25,RELIANCE,RELIANCE,1414.699951171875,1.5560190321662661,-0.9384509825620064
2025-08-25,TCS,TCS,3087.300048828125,-0.5417679108615097,0.7803794783758953
2025-08-26,HDFCBANK,HDFCBANK,979.5,2.1519142918102347,-1.148009979941361
2025-08-26,INFOSYS,INFOSYS,1523,-0.3568614576493762,0.4413951155105664
2025-08-26,LT,LT,3599,-0.5768268963601,0.859973955183869
2025-08-26,RELIANCE,RELIANCE,1408,1.5561079545454546,-0.9384857713610435
2025-08-26,TCS,TCS,3129,-0.5500159795461809,0.7985432069508951
2025-08-28,HDFCBANK,HDFCBANK,967,2.235780765253361,-1.1742702482155885
2025-08-28,INFOSYS,INFOSYS,1529.5999755859375,-0.36780856731540196,0.4585630308827664
2025-08-28,LT,LT,3540,-0.5679096114164018,0.8391204797917595
2025-08-28,RELIANCE,RELIANCE,1389.9000244140625,1.5469457787025733,-0.9348949074717705
2025-08-28,TCS,TCS,3145,-0.558060405591713,0.816582070478491
2025-08-29,HDFCBANK,HDFCBANK,954,2.29664570230608,-1.1929054976862536
2025-08-29,INFOSYS,INFOSYS,1501.9000244140625,-0.36480459118962677,0.4538225970186991
2025-08-29,LT,LT,3575.60009765625,-0.5799586129895973,0.8674020320585605
2025-08-29,RELIANCE,RELIANCE,1381.0999755859375,1.588950952764507,-0.9512527561189223
2025-08-29,TCS,TCS,3093,-0.553475597935358,0.806261228278446
2025-09-01,HDFCBANK,HDFCBANK,949.5999755859376,2.2571609935978643,-1.1808559550994504
2025-09-01,INFOSYS,INFOSYS,1476.699951171875,-0.3569445337677725,0.4415242968284039
2025-09-01,LT,LT,3601,-0.5899194803743751,0.891401749234852
2025-09-01,RELIANCE,RELIANCE,1356,1.6556047197640118,-0.976672395148535
2025-09-01,TCS,TCS,3090,-0.5611650485436893,0.823631901391451
2025-09-02,HDFCBANK,HDFCBANK,951,2.2492113564668768,-1.1784123073464015
2025-09-02,INFOSYS,INFOSYS,1499.4000244140625,-0.3657463088466782,0.45530626080612624
2025-09-02,LT,LT,3598.39990234375,-0.5833147884876674,0.8754242307147369
2025-09-02,RELIANCE,RELIANCE,1354.800048828125,1.6560376237484595,-0.9768353970818016
2025-09-02,TCS,TCS,3121.10009765625,-0.5659222689315557,0.8345316570745691
2025-09-03,HDFCBANK,HDFCBANK,945,2.30275142609127,-1.1947558865652779
2025-09-03,INFOSYS,INFOSYS,1500,-0.37,0.46203545959655834
2025-09-03,LT,LT,3594,-0.5826377295492488,0.8738006802532032
2025-09-03,RELIANCE,RELIANCE,1369.699951171875,1.6239323414774742,-0.9646740862515033
2025-09-03,TCS,TCS,3129.89990234375,-0.5623821866807279,0.8264093218489554
2025-09-04,HDFCBANK,HDFCBANK,960.20001220703125,2.259633266562492,-1.1816146941311079
2025-09-04,INFOSYS,INFOSYS,1484,-0.35296495134297085,0.43535481491747685
2025-09-04,LT,LT,3622.89990234375,-0.5903833834768769,0.8925336383962792
2025-09-04,RELIANCE,RELIANCE,1371.800048828125,1.6409824853400838,-0.9711510014641833
2025-09-04,TCS,TCS,3116,-0.5597560818908456,0.8204263463312165
2025-09-05,HDFCBANK,HDFCBANK,967.5,2.220671834625323,-1.169589982086701
2025-09-05,INFOSYS,INFOSYS,1470,-0.34183673469387754,0.41830225486884487
2025-09-05,LT,LT,3592.800048828125,-0.5908483689540489,0.8936694555912963
2025-09-05,RELIANCE,RELIANCE,1363,1.635950145875367,-0.9692437036675452
2025-09-05,TCS,TCS,3097.10009765625,-0.5599108982523817,0.8207780685991315
2025-09-08,HDFCBANK,HDFCBANK,969,2.1961817313273992,-1.161956888404898
2025-09-08,INFOSYS,INFOSYS,1451,-0.33218470020675395,0.4037436409934214
2025-09-08,LT,LT,3570,-0.5935574229691877,0.9003126218894968
2025-09-08,RELIANCE,RELIANCE,1380,1.5869565217391304,-0.9504820966224345
2025-09-08,TCS,TCS,3050,-0.5475409836065573,0.7930580914502068
2025-09-09,HDFCBANK,HDFCBANK,974,2.131416837782341,-1.1414855659589218
2025-09-09,INFOSYS,INFOSYS,1481,-0.34233625928426736,0.419061510625264
2025-09-09,LT,LT,3547.199951171875,-0.5824875901030818,0.873441010828989
2025-09-09,RELIANCE,RELIANCE,1376.5999755859375,1.576783389569683,-0.9465418728675692
2025-09-09,TCS,TCS,3032.10009765625,-0.5459912498766052,0.7896388077269707
2025-09-10,HDFCBANK,HDFCBANK,973.9000244140624,2.1133586832801283,-1.1357021059206902
2025-09-10,INFOSYS,INFOSYS,1510.0999755859375,-0.35507579619940255,0.43862248257906167
2025-09-10,LT,LT,3559,-0.5756954269216248,0.8573037488956325
2025-09-10,RELIANCE,RELIANCE,1383.9000244140625,1.5717175642849386,-0.9445739886368161
2025-09-10,TCS,TCS,3056.39990234375,-0.5472123842979967,0.7923321029486372
2025-09-11,HDFCBANK,HDFCBANK,960.29998779296875,2.1827553277056584,-1.157747276889773
2025-09-11,INFOSYS,INFOSYS,1523.9000244140625,-0.3698405588239276,0.46178241038435086
2025-09-11,LT,LT,3548,-0.5704904102553375,0.8451112101128775
2025-09-11,RELIANCE,RELIANCE,1376,1.5784883720930232,-0.9472033249361811
2025-09-11,TCS,TCS,3139,-0.5616438356164384,0.824723538348664
2025-09-12,HDFCBANK,HDFCBANK,969.9000244140624,2.236416043907554,-1.1744665582707245
2025-09-12,INFOSYS,INFOSYS,1537,-0.36896550135714873,0.46039474496736776
2025-09-12,LT,LT,3556.39990234375,-0.5678213805519786,0.8389163052490884
2025-09-12,RELIANCE,RELIANCE,1383.300048828125,1.5709533556053772,-0.9442767856086256
2025-09-12,TCS,TCS,3144,-0.5600190684388915,0.8210238903700375
2025-09-15,HDFCBANK,HDFCBANK,969.5999755859376,2.2425743390722075,-1.1763675634135664
2025-09-15,INFOSYS,INFOSYS,1525.5999755859375,-0.36444678087154325,0.45325944814775365
2025-09-15,LT,LT,3581,-0.5739737571667307,0.8532543317151493
2025-09-15,RELIANCE,RELIANCE,1393,1.570710696338837,-0.9441823962186273
2025-09-15,TCS,TCS,3134,-0.5555201021059349,0.8108504491361597
2025-09-16,HDFCBANK,HDFCBANK,961.20001220703125,2.260507657302207,-1.1818829063538692
2025-09-16,INFOSYS,INFOSYS,1508.4000244140625,-0.3627684986411949,0.45062226500750935
2025-09-16,LT,LT,3603.89990234375,-0.5814534073398948,0.870967062728452
2025-09-16,RELIANCE,RELIANCE,1404.699951171875,1.5656012156455092,-0.9421928432217301
2025-09-16,TCS,TCS,3128,-0.5509271255844389,0.8005701005888737
2025-09-17,HDFCBANK,HDFCBANK,965.1500244140624,2.2409469210747757,-1.1758655466957029
2025-09-17,INFOSYS,INFOSYS,1516.9000244140625,-0.3637352436678391,0.4521405187228362
2025-09-17,LT,LT,3672,-0.5869008648109851,0.8840676780480461
2025-09-17,RELIANCE,RELIANCE,1407,1.6098081023454158,-0.9592766946259914
2025-09-17,TCS,TCS,3152,-0.5536167512690355,0.80657739386338
2025-09-18,HDFCBANK,HDFCBANK,973.29998779296875,2.238467111406626,-1.175100104087221
2025-09-18,INFOSYS,INFOSYS,1550,-0.37206452400453627,0.4653178630227446
2025-09-18,LT,LT,3691,-0.5800596044432403,0.8676424931167057
2025-09-18,RELIANCE,RELIANCE,1420.4000244140625,1.5985637401848087,-0.954958884772906
2025-09-18,TCS,TCS,3185,-0.554034529226354,0.8075137497491722
2025-09-19,HDFCBANK,HDFCBANK,974.9000244140624,2.2670016619542697,-1.1838726413284064
2025-09-19,INFOSYS,INFOSYS,1544.5999755859375,-0.3688333291315519,0.4601853136512304
2025-09-19,LT,LT,3679,-0.5801576581718028,0.8678760147756854
2025-09-19,RELIANCE,RELIANCE,1414.9000244140625,1.6001837137034083,-0.9555821016478934
2025-09-19,TCS,TCS,3170,-0.5536592982920938,0.8066727134144465
2025-09-22,HDFCBANK,HDFCBANK,964,2.288381742738589,-1.1903955722607815
2025-09-22,INFOSYS,INFOSYS,1482.699951171875,-0.3498347394979763,0.43052870148153666
2025-09-22,LT,LT,3693.60009765625,-0.5985759389294166,0.9127369015400113
2025-09-22,RELIANCE,RELIANCE,1403.9000244140625,1.6309566446498398,-0.9673475232640163
2025-09-22,TCS,TCS,3095,-0.5463974072975566,0.7905338107506195
2025-09-23,HDFCBANK,HDFCBANK,967,2.200620475698035,-1.1633446896654025
2025-09-23,INFOSYS,INFOSYS,1493,-0.3523107836570663,0.43434430208589614
2025-09-23,LT,LT,3646.89990234375,-0.5906111930737405,0.8930899463185868
2025-09-23,RELIANCE,RELIANCE,1391,1.621782819801402,-0.9638545519343342
2025-09-23,TCS,TCS,3070,-0.5469055374592834,0.7916546486578007
2025-09-24,HDFCBANK,HDFCBANK,952.20001220703125,2.2241125400579262,-1.1706577310010067
2025-09-24,INFOSYS,INFOSYS,1487.199951171875,-0.359736388199366,0.445875293994745
2025-09-24,LT,LT,3657.60009765625,-0.5933945998839905,0.8999120967250533
2025-09-24,RELIANCE,RELIANCE,1385.300048828125,1.6402944984737027,-0.9708904633888737
2025-09-24,TCS,TCS,3050,-0.5458032626793032,0.7892248326902953
2025-09-25,HDFCBANK,HDFCBANK,952.5,2.202099737532808,-1.1638067626006006
2025-09-25,INFOSYS,INFOSYS,1489,-0.3603089321692411,0.446769925683153
2025-09-25,LT,LT,3684,-0.5958197611292074,0.9058943646911874
2025-09-25,RELIANCE,RELIANCE,1381.300048828125,1.6670526820913765,-0.9809739983198842
2025-09-25,TCS,TCS,3022,-0.5429185807981055,0.7828937437773718
2025-09-26,HDFCBANK,HDFCBANK,945.0999755859376,2.1975453159084446,-1.1623834266639275
2025-09-26,INFOSYS,INFOSYS,1475,-0.3592542538400423,0.445122552605163
2025-09-26,LT,LT,3664,-0.5974344978165939,0.9098974570201008
2025-09-26,RELIANCE,RELIANCE,1372,1.6705539358600583,-0.9822859175081904
2025-09-26,TCS,TCS,2941,-0.5334920095205712,0.7624801302681652
2025-09-29,HDFCBANK,HDFCBANK,946.04998779296875,2.1087152242991216,-1.1342095296793824
2025-09-29,INFOSYS,INFOSYS,1460,-0.3520205563061858,0.43389630582776917
2025-09-29,LT,LT,3738,-0.6094168004280364,0.9401142733131254
2025-09-29,RELIANCE,RELIANCE,1381.5999755859375,1.705558820247309,-0.9953084788539002
2025-09-29,TCS,TCS,2916,-0.5262002827208719,0.7469705839669416
2025-09-30,HDFCBANK,HDFCBANK,958.04998779296875,2.043682518818775,-1.1130681371943805
2025-09-30,INFOSYS,INFOSYS,1443,-0.3360706945301672,0.4095796028397025
2025-09-30,LT,LT,3695,-0.6094722598105548,0.9402562746084318
2025-09-30,RELIANCE,RELIANCE,1377.0999755859375,1.6831748351660722,-0.9870007333778279
2025-09-30,TCS,TCS,2911,-0.5269323340481149,0.7485168437411485
2025-10-01,HDFCBANK,HDFCBANK,952.70001220703125,2.0555263595057145,-1.1169518722197997
2025-10-01,INFOSYS,INFOSYS,1446,-0.34114798602556623,0.4172563311928865
2025-10-01,LT,LT,3658.89990234375,-0.6047992460592463,0.928361405365421
2025-10-01,RELIANCE,RELIANCE,1367,1.6765910039091074,-0.984543971360182
2025-10-01,TCS,TCS,2891,-0.5271532341750259,0.7489839052923966
2025-10-03,HDFCBANK,HDFCBANK,952,2.036764705882353,-1.1107927072249808
2025-10-03,INFOSYS,INFOSYS,1439,-0.33842946490618486,0.41313867209600286
2025-10-03,LT,LT,3690,-0.6100271002710027,0.9416780301472043
2025-10-03,RELIANCE,RELIANCE,1363.199951171875,1.7068662941396755,-0.9957916167782752
2025-10-03,TCS,TCS,2924,-0.5337893463844476,0.763117700613372
2025-10-06,HDFCBANK,HDFCBANK,971.9000244140624,2.0085398976739572,-1.1014548772403119
2025-10-06,INFOSYS,INFOSYS,1446.5999755859375,-0.32814873440019277,0.39771829390896496
2025-10-06,LT,LT,3720,-0.6111290388209846,0.9445077097288701
2025-10-06,RELIANCE,RELIANCE,1360,1.7352941176470589,-1.0062389685370947
2025-10-06,TCS,TCS,2902,-0.5313576843556168,0.7579154547140359
2025-10-07,HDFCBANK,HDFCBANK,974,1.9794661190965093,-1.0917441298015982
2025-10-07,INFOSYS,INFOSYS,1477.699951171875,-0.3408675426783501,0.4168307672237255
2025-10-07,LT,LT,3748,-0.6057364057705776,0.9307355724920523
2025-10-07,RELIANCE,RELIANCE,1376,1.7238372093023255,-1.002041624865024
2025-10-07,TCS,TCS,2995,-0.5405676126878131,0.7777634920562608
2025-10-08,HDFCBANK,HDFCBANK,976,2.0686475409836067,-1.1212369241364577
2025-10-08,INFOSYS,INFOSYS,1457,-0.33013040494166096,0.40067221978211265
2025-10-08,LT,LT,3730,-0.6093833780160858,0.9400287064426571
2025-10-08,RELIANCE,RELIANCE,1384.800048828125,1.6935296566146716,-0.9908524735158073
2025-10-08,TCS,TCS,2975,-0.5345209919905463,0.7646882788576752
2025-10-09,HDFCBANK,HDFCBANK,974.5,2.052847614161108,-1.1160747990321145
2025-10-09,INFOSYS,INFOSYS,1502,-0.3511984021304927,0.43262831337646457
2025-10-09,LT,LT,3735.5,-0.5979119261143087,0.9110841250917767
2025-10-09,RELIANCE,RELIANCE,1374,1.7187045123726346,-1.000155484633562
2025-10-09,TCS,TCS,3034,-0.5471324983520105,0.7921556871261837
2025-10-10,HDFCBANK,HDFCBANK,979,2.0990806945863127,-1.1311055173779678
2025-10-10,INFOSYS,INFOSYS,1510,-0.35165562913907283,0.4333332872784599
2025-10-10,LT,LT,3765,-0.598937583001328,0.9136382104250238
2025-10-10,RELIANCE,RELIANCE,1377.800048828125,1.732617119009602,-1.0052598016357024
2025-10-10,TCS,TCS,3050,-0.5482622790727459,0.7946535310031653
2025-10-13,HDFCBANK,HDFCBANK,974.29998779296875,2.130452671880872,-1.1411776176991886
2025-10-13,INFOSYS,INFOSYS,1497,-0.3491650048143161,0.4294991325173605
2025-10-13,LT,LT,3780,-0.6039682539682539,0.9262609041940042
2025-10-13,RELIANCE,RELIANCE,1376.9000244140625,1.7452973585417522,-1.0098893964321256
2025-10-13,TCS,TCS,3027,-0.5451271805701808,0.787737416840212
2025-10-14,HDFCBANK,HDFCBANK,970,2.120618556701031,-1.1380312375242907
2025-10-14,INFOSYS,INFOSYS,1499,-0.35290193462308206,0.435257426605169
2025-10-14,LT,LT,3775,-0.6029139072847682,0.9236021635805267
2025-10-14,RELIANCE,RELIANCE,1380,1.7355072463768115,-1.0063168835318743
2025-10-14,TCS,TCS,3021,-0.5431976166832175,0.7835044032354217
2025-10-15,HDFCBANK,HDFCBANK,975,2.0984615384615384,-1.1309057103888245
2025-10-15,INFOSYS,INFOSYS,1483.9000244140625,-0.3429476487912374,0.4199915814668662
2025-10-15,LT,LT,3747,-0.6039765080293401,0.9262817463289732
2025-10-15,RELIANCE,RELIANCE,1383,1.7093275488069415,-0.9967004671289281
2025-10-15,TCS,TCS,2971,-0.5345001682935039,0.7646435437978489
2025-10-16,HDFCBANK,HDFCBANK,982.6500244140624,2.0234569034601684,-1.1064008467714874
2025-10-16,INFOSYS,INFOSYS,1473.9000244140625,-0.3332994042084318,0.4054142157158518
2025-10-16,LT,LT,3830.300048828125,-0.6151998523288011,0.9550311764297481
2025-10-16,RELIANCE,RELIANCE,1375.0999755859375,1.7854702325887348,-1.0244167038622116
2025-10-16,TCS,TCS,2969.89990234375,-0.5369877703619733,0.7700018113397187
2025-10-17,HDFCBANK,HDFCBANK,993.95001220703125,1.9879771274907387,-1.0945966124523636
2025-10-17,INFOSYS,INFOSYS,1454.9000244140625,-0.3168259017609622,0.38100554964005706
2025-10-17,LT,LT,3860,-0.6230828952295175,0.9757299969569555
2025-10-17,RELIANCE,RELIANCE,1401,1.755174875089222,-1.0134809161218694
2025-10-17,TCS,TCS,2970,-0.5282828282828282,0.7513756854597391
2025-10-20,HDFCBANK,HDFCBANK,997,1.9789368104312939,-1.0915664618349075
2025-10-20,INFOSYS,INFOSYS,1453.699951171875,-0.3141638347058581,0.3771165058815811
2025-10-20,LT,LT,3862,-0.6235888267291883,0.9770731871450398
2025-10-20,RELIANCE,RELIANCE,1440,1.6819444444444445,-0.9865420704184125
2025-10-20,TCS,TCS,2985.5,-0.5176687322056607,0.7291241234169998
2025-10-21,HDFCBANK,HDFCBANK,1006,1.9676938369781312,-1.0877851653273618
2025-10-21,INFOSYS,INFOSYS,1478,-0.3193504736129905,0.3847077508484622
2025-10-21,LT,LT,3892,-0.6202466598150052,0.9682333417977489
2025-10-21,RELIANCE,RELIANCE,1468,1.651226158038147,-0.9750222341314352
2025-10-21,TCS,TCS,3031.10009765625,-0.5156873898242068,0.7250246919689385
2025-10-23,HDFCBANK,HDFCBANK,1016,1.9833662378506398,-1.0930522730049717
2025-10-23,INFOSYS,INFOSYS,1510,-0.3271523178807947,0.3962363016705428
2025-10-23,LT,LT,3890,-0.6118251928020566,0.9462995068035216
2025-10-23,RELIANCE,RELIANCE,1475,1.6372881355932203,-0.969751167838572
2025-10-23,TCS,TCS,3055,-0.5171849427168577,0.7281216028317754
2025-10-24,HDFCBANK,HDFCBANK,1011,2.0217606330365974,-1.1058396525852237
2025-10-24,INFOSYS,INFOSYS,1539.5,-0.34329327703799933,0.42051774834408384
2025-10-24,LT,LT,3929.300048828125,-0.6081999386992244,0.9370036170123521
2025-10-24,RELIANCE,RELIANCE,1450,1.7098621026400862,-0.9968977489622874
2025-10-24,TCS,TCS,3080,-0.5292207792207793,0.7533660405529998
2025-10-27,HDFCBANK,HDFCBANK,996.5,2.090817862518816,-1.1284357363147706
2025-10-27,INFOSYS,INFOSYS,1510,-0.3400662251655629,0.4156157901561208
2025-10-27,LT,LT,3912,-0.6140081799591002,0.9519391013457383
2025-10-27,RELIANCE,RELIANCE,1463,1.6739576213260423,-0.9835596301345841
2025-10-27,TCS,TCS,3066.5,-0.5229088537420512,0.7400477240459136
2025-10-28,HDFCBANK,HDFCBANK,997.6500244140624,2.0737231744178124,-1.1228895871959281
2025-10-28,INFOSYS,INFOSYS,1499.699951171875,-0.33476691545232606,0.40761779665892917
2025-10-28,LT,LT,3922.10009765625,-0.6176283333339558,0.9613621939964823
2025-10-28,RELIANCE,RELIANCE,1484.0999755859375,1.6427465549332454,-0.9718187380741652
2025-10-28,TCS,TCS,3076,-0.5175227647639995,0.7288215401741782
2025-10-29,HDFCBANK,HDFCBANK,1004.9000244140624,2.061001020269211,-1.1187419932756049
2025-10-29,INFOSYS,INFOSYS,1500.199951171875,-0.33015594112698854,0.4007103416378621
2025-10-29,LT,LT,3988,-0.6238214766369421,0.9776914520939375
2025-10-29,RELIANCE,RELIANCE,1490,1.676510067114094,-0.9845137321422239
2025-10-29,TCS,TCS,3057.89990234375,-0.5127374840301415,0.718952253967247
2025-10-30,HDFCBANK,HDFCBANK,1000,2.05789990234375,-1.1177283739246153
2025-10-30,INFOSYS,INFOSYS,1507,-0.3364299933642999,0.41012091964435893
2025-10-30,LT,LT,3980,-0.621356783919598,0.9711608996519869
2025-10-30,RELIANCE,RELIANCE,1500,1.6533333333333333,-0.9758167111881813
2025-10-30,TCS,TCS,3049.10009765625,-0.5080515719529825,0.7093813890265848
2025-10-31,HDFCBANK,HDFCBANK,994,2.0675051284268107,-1.1208645694603119
2025-10-31,INFOSYS,INFOSYS,1490,-0.33288590604026846,0.4047941922829308
2025-10-31,LT,LT,4001.10009765625,-0.6276024184266705,0.9877932277643033
2025-10-31,RELIANCE,RELIANCE,1490.4000244140625,1.6845813419986,-0.9875247910355505
2025-10-31,TCS,TCS,3035,-0.5089291517581342,0.7111668678253409
2025-11-03,HDFCBANK,HDFCBANK,985,2.081218274111675,-1.1253250623215099
2025-11-03,INFOSYS,INFOSYS,1482.300048828125,-0.3354921624817323,0.408708606288509
2025-11-03,LT,LT,4030,-0.6321836107126241,1.0001714074801304
2025-11-03,RELIANCE,RELIANCE,1486,1.711978465679677,-0.9976784296630239
2025-11-03,TCS,TCS,3046.89990234375,-0.5122911655689993,0.7180367019520304
2025-11-04,HDFCBANK,HDFCBANK,987,2.0870313093655017,-1.127209887796253
2025-11-04,INFOSYS,INFOSYS,1479.699951171875,-0.3329728779011396,0.40492457107634117
2025-11-04,LT,LT,3985,-0.6286825718514742,0.9906979807144918
2025-11-04,RELIANCE,RELIANCE,1483.9000244140625,1.6854908918635068,-0.9878635387596013
2025-11-04,TCS,TCS,3019.60009765625,-0.5085773028137619,0.7104506311415459
2025-11-06,HDFCBANK,HDFCBANK,981,2.078083687722987,-1.124307224040896
2025-11-06,INFOSYS,INFOSYS,1478.5999755859375,-0.3365345487637718,0.41027849704602914
2025-11-06,LT,LT,3945,-0.6251964573926647,0.9813532766685817
2025-11-06,RELIANCE,RELIANCE,1484,1.658355795148248,-0.9777078095526486
2025-11-06,TCS,TCS,2990.10009765625,-0.503695544786874,0.7005657195740556
2025-11-07,HDFCBANK,HDFCBANK,980,2.0511225486288267,-1.115509571636764
2025-11-07,INFOSYS,INFOSYS,1470,-0.3333333333333333,0.4054651081081646
2025-11-07,LT,LT,3877.10009765625,-0.6208506453344779,0.9698250758924969
2025-11-07,RELIANCE,RELIANCE,1494.5999755859375,1.594072100219516,-0.9532288805039366
2025-11-07,TCS,TCS,3001,-0.5019660194648659,0.6970869702790248
2025-11-10,HDFCBANK,HDFCBANK,982.29998779296875,2.0550748623571153,-1.1168040971865318
2025-11-10,INFOSYS,INFOSYS,1490.0999755859375,-0.3407824952102905,0.41670174614340194
2025-11-10,LT,LT,3895,-0.6174326121730584,0.9608504639076116
2025-11-10,RELIANCE,RELIANCE,1477.9000244140625,1.6354962687981793,-0.9690715015648941
2025-11-10,TCS,TCS,2993,-0.5062144923441154,0.7056540511127452
2025-11-11,HDFCBANK,HDFCBANK,983.5,2.0432130147432637,-1.1129138700235863
2025-11-11,INFOSYS,INFOSYS,1525,-0.35508196721311475,0.4386320512123989
2025-11-11,LT,LT,3929,-0.6118605243064393,0.9463905305169478
2025-11-11,RELIANCE,RELIANCE,1497,1.6245824983299932,-0.9649218351388313
2025-11-11,TCS,TCS,3045,-0.5083743842364532,0.710037795724368
2025-11-12,HDFCBANK,HDFCBANK,998.79998779296875,2.048658427327862,-1.1147016339600757
2025-11-12,INFOSYS,INFOSYS,1540,-0.3514285793552151,0.43298314922375347
2025-11-12,LT,LT,3970,-0.6120906801007556,0.9469836782735612
2025-11-12,RELIANCE,RELIANCE,1505,1.6378737541528239,-0.9699731964982599
2025-11-12,TCS,TCS,3060,-0.5081699346405228,0.7096220177634498
2025-11-13,HDFCBANK,HDFCBANK,984,2.1097560975609757,-1.1345442978941724
2025-11-13,INFOSYS,INFOSYS,1557.0999755859375,-0.3680559916329584,0.45895448311593867
2025-11-13,LT,LT,3954.60009765625,-0.6062560215611245,0.9320543818128799
2025-11-13,RELIANCE,RELIANCE,1515,1.6102970941625412,-0.9594640440376025
2025-11-13,TCS,TCS,3131.800048828125,-0.516252641809974,0.7261924957589461
2025-11-14,HDFCBANK,HDFCBANK,976.04998779296875,2.2086471881524323,-1.1658494115998765
2025-11-14,INFOSYS,INFOSYS,1520,-0.35786185013620475,0.44295181173778353
2025-11-14,LT,LT,4002,-0.6201899050474763,0.9680839013033564
2025-11-14,RELIANCE,RELIANCE,1505.5,1.65825307206908,-0.9776691672218902
2025-11-14,TCS,TCS,3090,-0.5127831715210356,0.7190460219700032
2025-11-17,HDFCBANK,HDFCBANK,991.25,2.1172761664564943,-1.1369595969427344
2025-11-17,INFOSYS,INFOSYS,1496,-0.33739973262032086,0.4115833855853648
2025-11-17,LT,LT,4004.39990234375,-0.6264109388464423,0.9845988526236695
2025-11-17,RELIANCE,RELIANCE,1520.9000244140625,1.6329146150723965,-0.9680914512273899
2025-11-17,TCS,TCS,3106,-0.5103348279413836,0.7140334437779314
2025-11-18,HDFCBANK,HDFCBANK,997.6500244140624,2.113316217101492,-1.1356884658385233
2025-11-18,INFOSYS,INFOSYS,1506,-0.33754978458561596,0.41180987048972906
2025-11-18,LT,LT,4020,-0.6253731343283582,0.9818247732532273
2025-11-18,RELIANCE,RELIANCE,1521.699951171875,1.6417823020262052,-0.9714538037748763
2025-11-18,TCS,TCS,3102,-0.5094455347608398,0.7122189658982947
2025-11-19,HDFCBANK,HDFCBANK,990,2.1333333333333333,-1.1420974006078488
2025-11-19,INFOSYS,INFOSYS,1490.5,-0.33579335793357934,0.4091619699894906
2025-11-19,LT,LT,4007,-0.6280259545794858,0.9889311975180188
2025-11-19,RELIANCE,RELIANCE,1517.4000244140625,1.6407011569327514,-0.9710444716427666
2025-11-19,TCS,TCS,3097,-0.510041968222776,0.713435540979825
2025-11-20,HDFCBANK,HDFCBANK,995.29998779296875,2.1116246739512707,-1.135144992985861
2025-11-20,INFOSYS,INFOSYS,1555,-0.3599356991685088,0.446186637625992
2025-11-20,LT,LT,4035,-0.6146220570012392,0.9535307560907142
2025-11-20,RELIANCE,RELIANCE,1530,1.6372549019607843,-0.9697385663175675
2025-11-20,TCS,TCS,3148,-0.5139771283354511,0.7214995951508127
2025-11-21,HDFCBANK,HDFCBANK,1003.0999755859376,2.138271435168931,-1.1436721499864673
2025-11-21,INFOSYS,INFOSYS,1531,-0.34480733142655934,0.42282593610685737
2025-11-21,LT,LT,4026,-0.6197218082463984,0.9668522105420534
2025-11-21,RELIANCE,RELIANCE,1541,1.6125892277741727,-0.960341770879622
2025-11-21,TCS,TCS,3144.800048828125,-0.509984744316499,0.7133187543141579
2025-11-24,HDFCBANK,HDFCBANK,1000,2.144800048828125,-1.1457503106521365
2025-11-24,INFOSYS,INFOSYS,1563.5999755859375,-0.36045023304297263,0.4469908393226554
2025-11-24,LT,LT,4025,-0.6115279563761646,0.945534071547872
2025-11-24,RELIANCE,RELIANCE,1550,1.596774193548387,-0.9542699799393715
2025-11-24,TCS,TCS,3158,-0.5091830272324256,0.7116839849022947
2025-11-25,HDFCBANK,HDFCBANK,1004,2.145418326693227,-1.145946894563913
2025-11-25,INFOSYS,INFOSYS,1549,-0.3518398967075533,0.43361754016519427
2025-11-25,LT,LT,4013,-0.6140044854223773,0.9519295298500481
2025-11-25,RELIANCE,RELIANCE,1535.9000244140625,1.6128002709883007,-0.9604225469497276
2025-11-25,TCS,TCS,3145.300048828125,-0.5116840999044566,0.7167927462993706
2025-11-26,HDFCBANK,HDFCBANK,981.29998779296875,2.2052380392892754,-1.1647863588437648
2025-11-26,INFOSYS,INFOSYS,1532.0999755859375,-0.3595065573852779,0.4455163956138808
2025-11-26,LT,LT,3999,-0.6168792259099931,0.9594050024601426
2025-11-26,RELIANCE,RELIANCE,1542.300048828125,1.5928806804088038,-0.9527694894579586
2025-11-26,TCS,TCS,3118.800048828125,-0.5054828701161406,0.7041734877026471
2025-11-27,HDFCBANK,HDFCBANK,1002.0999755859376,2.112264369634908,-1.135350554390124
2025-11-27,INFOSYS,INFOSYS,1564,-0.3592711153542598,0.4451488684038738
2025-11-27,LT,LT,4071,-0.615819209039548,0.9566420273977227
2025-11-27,RELIANCE,RELIANCE,1575,1.5847619047619048,-0.9496333972432458
2025-11-27,TCS,TCS,3180,-0.5047169811320755,0.7026259245144884
2025-11-28,HDFCBANK,HDFCBANK,1007,2.1578947368421053,-1.1499055830556593
2025-11-28,INFOSYS,INFOSYS,1565,-0.35654952076677315,0.44091021025569077
2025-11-28,LT,LT,4085,-0.616891064871481,0.9594359043198502
2025-11-28,RELIANCE,RELIANCE,1568,1.6052295918367347,-0.9575208063837506
2025-11-28,TCS,TCS,3140,-0.5006369426751592,0.6944218779919469
2025-12-01,HDFCBANK,HDFCBANK,1017.5,2.085995085995086,-1.1268741615855502
2025-12-01,INFOSYS,INFOSYS,1562.5,-0.3488,0.42893846429380655
2025-12-01,LT,LT,4087,-0.6176902373379006,0.9615241019537208
2025-12-01,RELIANCE,RELIANCE,1575,1.5949206349206348,-0.9535559323045435
2025-12-01,TCS,TCS,3137.89990234375,-0.49807194333267096,0.6892984829724513
2025-12-02,HDFCBANK,HDFCBANK,988,2.1760120469066297,-1.1556263364843167
2025-12-02,INFOSYS,INFOSYS,1567,-0.3694958519463944,0.46123554460815264
2025-12-02,LT,LT,4066.5,-0.6146563383745235,0.9536197152508086
2025-12-02,RELIANCE,RELIANCE,1561.0999755859375,1.6048940257485398,-0.9573919932832213
2025-12-02,TCS,TCS,3131,-0.5014053096180334,0.6959617570027978
2025-12-03,HDFCBANK,HDFCBANK,986,2.1754563894523327,-1.1554513667237707
2025-12-03,INFOSYS,INFOSYS,1555.0999755859375,-0.3659571632180815,0.45563876092530453
2025-12-03,LT,LT,4032,-0.6143105219280909,0.9527226942232643
2025-12-03,RELIANCE,RELIANCE,1545.199951171875,1.6093710376719488,-0.9591092105589523
2025-12-03,TCS,TCS,3140,-0.5078981047223328,0.7090694797100481
2025-12-04,HDFCBANK,HDFCBANK,1000,2.14,-1.144222799920163
2025-12-04,INFOSYS,INFOSYS,1568,-0.3622448979591837,0.4498009219282162
2025-12-04,LT,LT,3990,-0.6070175438596491,0.9339903089735566
2025-12-04,RELIANCE,RELIANCE,1536,1.59765625,-0.9546095961762919
2025-12-04,TCS,TCS,3194,-0.5190983093299938,0.7320924150673402
2025-12-05,HDFCBANK,HDFCBANK,992,2.219758064516129,-1.1693062214900856
2025-12-05,INFOSYS,INFOSYS,1610,-0.3838509316770186,0.48426635069363666
2025-12-05,LT,LT,3999,-0.5973993498374593,0.9098101508683092
2025-12-05,RELIANCE,RELIANCE,1530.4000244140625,1.6130423001862402,-0.9605151747680427
2025-12-05,TCS,TCS,3230,-0.526191942905863,0.7469529821379268
2025-12-08,HDFCBANK,HDFCBANK,1000,2.23,-1.1724821372345655
2025-12-08,INFOSYS,INFOSYS,1617.0999755859375,-0.3816090439073431,0.48063440650432643
2025-12-08,LT,LT,4047,-0.600420070277752,0.9173414593894025
2025-12-08,RELIANCE,RELIANCE,1539.199951171875,1.6292880251969883,-0.966713096687478
2025-12-08,TCS,TCS,3243,-0.5253777517200509,0.7452360581189303
2025-12-09,HDFCBANK,HDFCBANK,994.9000244140624,2.2596240028337884,-1.181611852172792
2025-12-09,INFOSYS,INFOSYS,1601.199951171875,-0.37865347567246554,0.47586634248918536
2025-12-09,LT,LT,3990,-0.5986967540922619,0.9130379132601982
2025-12-09,RELIANCE,RELIANCE,1540.300048828125,1.5904043845454852,-0.9518139965530992
2025-12-09,TCS,TCS,3230,-0.5231269198674535,0.7405049028858919
2025-12-10,HDFCBANK,HDFCBANK,997.5,2.238095238095238,-1.1749852674526835
2025-12-10,INFOSYS,INFOSYS,1608,-0.37966417910447764,0.4774943009748931
2025-12-10,LT,LT,4000,-0.598,0.9113031903631157
2025-12-10,RELIANCE,RELIANCE,1534,1.6075619295958279,-0.9584156581748262
2025-12-10,TCS,TCS,3225,-0.5243410852713178,0.7430542473026707
2025-12-11,HDFCBANK,HDFCBANK,990,2.257575757575758,-1.1809832861012364
2025-12-11,INFOSYS,INFOSYS,1598,-0.3804755944931164,0.4788031831975843
2025-12-11,LT,LT,3993.199951171875,-0.5998196885855819,0.915840054908232
2025-12-11,RELIANCE,RELIANCE,1536.9000244140625,1.5982171174044115,-0.9548254857359213
2025-12-11,TCS,TCS,3205,-0.5204680111032566,0.7349446738562397
2025-12-12,HDFCBANK,HDFCBANK,1003,2.1954137587238285,-1.1617165813928345
2025-12-12,INFOSYS,INFOSYS,1601.4000244140625,-0.37367304564205406,0.46788275292204684
2025-12-12,LT,LT,4061,-0.6056636236360349,0.9305509868023156
2025-12-12,RELIANCE,RELIANCE,1550.800048828125,1.618648357064941,-0.962658290403759
2025-12-12,TCS,TCS,3197.699951171875,-0.5150264025679469,0.7236608278108978
2025-12-15,HDFCBANK,HDFCBANK,992,2.2234878540039063,-1.1704639578085647
2025-12-15,INFOSYS,INFOSYS,1585,-0.3741324921135647,0.46861657902650844
2025-12-15,LT,LT,4072.800048828125,-0.6108328469363343,0.94374632826558
2025-12-15,RELIANCE,RELIANCE,1551.199951171875,1.6255803101020427,-0.9653019421261657
2025-12-15,TCS,TCS,3211.10009765625,-0.5169256939999844,0.727584794511996
2025-12-16,HDFCBANK,HDFCBANK,990.0999755859376,2.243207935396557,-1.1765629434925007
2025-12-16,INFOSYS,INFOSYS,1600,-0.38118751525878897,0.4799529847575821
2025-12-16,LT,LT,4083.699951171875,-0.6081984428016418,0.9369997990070109
2025-12-16,RELIANCE,RELIANCE,1545,1.6431714894316343,-0.9719795179030379
2025-12-16,TCS,TCS,3220,-0.5201863354037267,0.7343574492066081
2025-12-17,HDFCBANK,HDFCBANK,996,2.2329317269076303,-1.1733893809538554
2025-12-17,INFOSYS,INFOSYS,1587.199951171875,-0.3724798194048426,0.4659794481823223
2025-12-17,LT,LT,4079,-0.6108850328090525,0.9438804335506372
2025-12-17,RELIANCE,RELIANCE,1550,1.6316129032258064,-0.967596929404265
2025-12-17,TCS,TCS,3200.5,-0.515700671770036,0.725052116668766
2025-12-18,HDFCBANK,HDFCBANK,973.29998779296875,2.288297585677953,-1.1903699796915106
2025-12-18,INFOSYS,INFOSYS,1610.5,-0.39565353133004116,0.5036076218807057
2025-12-18,LT,LT,4067,-0.604007868207524,0.9263609371359713
2025-12-18,RELIANCE,RELIANCE,1535.199951171875,1.6491663166713288,-0.974244993019445
2025-12-18,TCS,TCS,3228,-0.5244114153742643,0.7432021165020597
2025-12-19,HDFCBANK,HDFCBANK,987,2.270516717325228,-1.184947989956358
2025-12-19,INFOSYS,INFOSYS,1650,-0.4018181818181818,0.5138605274611443
2025-12-19,LT,LT,4040.10009765625,-0.5915942773405043,0.8954941804012204
2025-12-19,RELIANCE,RELIANCE,1554.4000244140625,1.5991379530370133,-0.9551798335261941
2025-12-19,TCS,TCS,3299,-0.5288269098472075,0.7525297574589294
2025-12-22,HDFCBANK,HDFCBANK,988,2.3390688259109313,-1.2056919734807137
2025-12-22,INFOSYS,INFOSYS,1664,-0.40625,0.5212969236332858
2025-12-22,LT,LT,4081,-0.5922567998039696,0.8971177140246525
2025-12-22,RELIANCE,RELIANCE,1573.5,1.5935811884334286,-0.9530396189013448
2025-12-22,TCS,TCS,3310,-0.5246223564954683,0.7436457518666462
2025-12-23,HDFCBANK,HDFCBANK,990.5,2.3417465926299847,-1.2064936022325021
2025-12-23,INFOSYS,INFOSYS,1679,-0.4100655151876117,0.5277437909389349
2025-12-23,LT,LT,4089,-0.5893861579848374,0.8901020632871024
2025-12-23,RELIANCE,RELIANCE,1580.9000244140625,1.5865013200411127,-0.9503061208193593
2025-12-23,TCS,TCS,3319.89990234375,-0.5238109368002347,0.7419403120142718
2025-12-24,HDFCBANK,HDFCBANK,993,2.3433030235083083,-1.2069592475143827
2025-12-24,INFOSYS,INFOSYS,1661,-0.4021673690547863,0.5144444455681221
2025-12-24,LT,LT,4065,-0.591389913899139,0.8949939123686166
2025-12-24,RELIANCE,RELIANCE,1572.699951171875,1.5847269830275146,-0.9496198865325551
2025-12-24,TCS,TCS,3304.10009765625,-0.5240156458070192,0.7423702946334023
2025-12-26,HDFCBANK,HDFCBANK,996,2.3173695759600905,-1.1991721724981605
2025-12-26,INFOSYS,INFOSYS,1663.4000244140625,-0.4012264125396752,0.5128717365271935
2025-12-26,LT,LT,4052,-0.5894866672225907,0.8903468712567815
2025-12-26,RELIANCE,RELIANCE,1554.699951171875,1.6062906845438267,-0.9579280168196611
2025-12-26,TCS,TCS,3313.10009765625,-0.530741630090893,0.7566017668943967
2025-12-29,HDFCBANK,HDFCBANK,993.0999755859376,2.3361194029850743,-1.204808276117686
2025-12-29,INFOSYS,INFOSYS,1658,-0.40102534644997734,0.5125359963696177
2025-12-29,LT,LT,4053,-0.5909203059462127,0.8938452909330676
2025-12-29,RELIANCE,RELIANCE,1554.9000244140625,1.6065984541528988,-0.9580460970631659
2025-12-29,TCS,TCS,3280,-0.5259451145079078,0.7464321718130478
2025-12-30,HDFCBANK,HDFCBANK,990.20001220703125,2.3124620880273397,-1.1976917461230236
2025-12-30,INFOSYS,INFOSYS,1647,-0.39878566350514194,0.5088037749224741
2025-12-30,LT,LT,4039,-0.5922257984649666,0.8970416853857719
2025-12-30,RELIANCE,RELIANCE,1547,1.6108597285067874,-0.9596795649903465
2025-12-30,TCS,TCS,3250,-0.524,0.7423374247507164
