date,ticker,company,adj_close,log_ret,simple_ret,z_ret
2020-01-02,INFOSYS,INFOSYS,738.900024414062,0.005292127622856135,-0.0052781489852496795,0.26713521456132616
2020-01-03,INFOSYS,INFOSYS,733.900024414062,-0.006789814018478779,0.006812917064544243,-0.4125125875661273
2020-01-06,INFOSYS,INFOSYS,746.099975585938,0.01648679393801622,-0.01635163057376442,0.8968709459953734
2020-01-07,INFOSYS,INFOSYS,738,-0.010915782154757636,0.010975576674712675,-0.6446114718941356
2020-01-08,INFOSYS,INFOSYS,724.950012207031,-0.017841120802824406,0.018001224323370542,-1.0341838875598786
2020-01-09,INFOSYS,INFOSYS,721.700012207031,-0.004493146805147674,0.004503256124468079,-0.2833177221962627
2020-01-10,INFOSYS,INFOSYS,740.450012207031,0.025648568976974317,-0.025322438639865226,1.4122500509159988
2020-01-13,INFOSYS,INFOSYS,760,0.026060307310902253,-0.02572366814864339,1.4354116471240326
2020-01-14,INFOSYS,INFOSYS,769.950012207031,0.013007160248361238,-0.012922932721969455,0.7011304384190379
2020-01-15,INFOSYS,INFOSYS,773.849975585938,0.005052431281200143,-0.00503968921877136,0.2536515298506653
2020-01-16,INFOSYS,INFOSYS,770.700012207031,-0.004078816187102596,0.004087145879090458,-0.26001030172795253
2020-01-17,INFOSYS,INFOSYS,770.700012207031,0,0,-0.03056386512522596
2020-01-20,INFOSYS,INFOSYS,771.599975585938,0.001167040767910521,-0.0011663600406720044,0.03508590512282463
2020-01-21,INFOSYS,INFOSYS,768.450012207031,-0.004090734452161904,0.004099112927150672,-0.26068074219961745
2020-01-22,INFOSYS,INFOSYS,768.450012207031,0,0,-0.03056386512522596
2020-01-23,INFOSYS,INFOSYS,777.099975585938,0.011193495859726177,-0.011131081779258594,0.5991060244526426
2020-01-24,INFOSYS,INFOSYS,775.75,-0.001738707469820966,0.001740219898083087,-0.12837171302637154
2020-01-27,INFOSYS,INFOSYS,779.049987792969,0.004244909665749752,-0.004235912771551115,0.20822586008634852
2020-01-28,INFOSYS,INFOSYS,781,0.002499936845446804,-0.0024968146056735243,0.11006556621156348
2020-01-29,INFOSYS,INFOSYS,786.599975585938,0.007144679120568043,-0.007119216577354373,0.3713471526028519
2020-01-30,INFOSYS,INFOSYS,789.700012207031,0.003933313001089012,-0.003925587657557677,0.19069755258632431
2020-01-31,INFOSYS,INFOSYS,780.549987792969,-0.01165435819767957,0.011722534824366653,-0.6861587330197004
2020-02-03,INFOSYS,INFOSYS,782,0.0018559567816476275,-0.0018542355588632004,0.07383963101276743
2020-02-04,INFOSYS,INFOSYS,770.099975585938,-0.01533439570256423,0.01545257082368792,-0.893172595210881
2020-02-05,INFOSYS,INFOSYS,781,0.014054804996939119,-0.013956497329144744,0.7600638012772978
2020-02-06,INFOSYS,INFOSYS,784.349975585938,0.0042801683360735865,-0.004271021470275946,0.21020927289388008
2020-02-07,INFOSYS,INFOSYS,775.950012207031,-0.010767217326402623,0.010825392418017953,-0.6362542258435744
2020-02-10,INFOSYS,INFOSYS,774,-0.002516227259629744,0.002519395616319151,-0.17210968428480708
2020-02-11,INFOSYS,INFOSYS,779,0.006439172281020866,-0.006418485237483954,0.3316601397767563
2020-02-12,INFOSYS,INFOSYS,775.799987792969,-0.004116306599646791,0.004124790226066596,-0.26211925716268686
2020-02-13,INFOSYS,INFOSYS,785,0.01178897851130678,-0.011719760773287928,0.6326038253332522
2020-02-14,INFOSYS,INFOSYS,794.5,0.012029268194362785,-0.01195720578980491,0.6461208873925172
2020-02-17,INFOSYS,INFOSYS,790.299987792969,-0.005300381211913674,0.005314453083518558,-0.32872723555489114
2020-02-18,INFOSYS,INFOSYS,785,-0.0067288869824491115,0.006751576806329908,-0.4090852472133
2020-02-19,INFOSYS,INFOSYS,800,0.018928009885518904,-0.01875,1.03419713929219
2020-02-20,INFOSYS,INFOSYS,803.25,0.004054270328040843,-0.0040460628695922814,0.19750178851577893
2020-02-24,INFOSYS,INFOSYS,800.099975585938,-0.003929308653653152,0.0039370385079129456,-0.25160002550524013
2020-02-25,INFOSYS,INFOSYS,799,-0.0013757435760402004,0.0013766903453541362,-0.1079538348423109
2020-02-26,INFOSYS,INFOSYS,793.950012207031,-0.006340443419105668,0.006360586580168902,-0.3872340562446833
2020-02-27,INFOSYS,INFOSYS,778,-0.02029397816877765,0.02050130103731494,-1.1721649478224652
2020-02-28,INFOSYS,INFOSYS,750,-0.036653317648035255,0.037333333333333336,-2.0924300386002854
2020-03-02,INFOSYS,INFOSYS,737,-0.01748531434101963,0.017639077340569877,-1.0141686377823815
2020-03-03,INFOSYS,INFOSYS,755,0.024129857059688398,-0.02384105960264901,1.3268176554211428
2020-03-04,INFOSYS,INFOSYS,753.900024414062,-0.0014579836476817931,0.0014590470225715481,-0.11258010151345592
2020-03-05,INFOSYS,INFOSYS,763.75,0.012980744884462325,-0.01289685837766017,0.6996444898397639
2020-03-06,INFOSYS,INFOSYS,741,-0.030239885189718763,0.03070175438596491,-1.7316539809279154
2020-03-09,INFOSYS,INFOSYS,724.5,-0.02251886353534971,0.022774327122153208,-1.2973218550701668
2020-03-11,INFOSYS,INFOSYS,690.650024414062,-0.04784854326537058,0.04901176339587594,-2.7221972325678268
2020-03-12,INFOSYS,INFOSYS,668,-0.033345044958720926,0.03390722217673959,-1.906329134550348
2020-03-13,INFOSYS,INFOSYS,592,-0.12078153865263985,0.12837837837837837,-6.82491114139413
2020-03-16,INFOSYS,INFOSYS,622,0.049433457855173835,-0.04823151125401929,2.750226009565711
2020-03-17,INFOSYS,INFOSYS,588.099975585938,-0.05604313278672368,0.057643301855754454,-3.183169063326427
2020-03-18,INFOSYS,INFOSYS,568,-0.034775541231304,0.03538728096115837,-1.9867991183058316
2020-03-19,INFOSYS,INFOSYS,509.25,-0.10918236361423617,0.11536573392243496,-6.172420502441474
2020-03-20,INFOSYS,INFOSYS,549.5,0.07606971873676027,-0.0732484076433121,4.248600749527207
2020-03-23,INFOSYS,INFOSYS,540,-0.017439634285355332,0.017592592592592594,-1.0115989887678087
2020-03-24,INFOSYS,INFOSYS,522,-0.03390155167568132,0.034482758620689655,-1.937634414635238
2020-03-25,INFOSYS,INFOSYS,597,0.13424952550996316,-0.12562814070351758,7.521400683134613
2020-03-26,INFOSYS,INFOSYS,615,0.029705154413915302,-0.02926829268292683,1.64044593682619
2020-03-27,INFOSYS,INFOSYS,665.049987792969,0.07823993963773024,-0.0752574824624305,4.3706826060086525
2020-03-30,INFOSYS,INFOSYS,625.099975585938,-0.06195060956273224,0.06390979646029236,-3.5154834980524687
2020-03-31,INFOSYS,INFOSYS,650,0.03906076500816713,-0.038307729867787764,2.166728910763907
2020-04-01,INFOSYS,INFOSYS,634.349975585938,-0.024371548789813957,0.02467096242828163,-1.4015413173561506
2020-04-03,INFOSYS,INFOSYS,603.5,-0.04985477356228252,0.051118435105116745,-2.8350540938518676
2020-04-07,INFOSYS,INFOSYS,615,0.018876227268931345,-0.01869918699186992,1.0312842017365635
2020-04-08,INFOSYS,INFOSYS,630,0.024097551579060905,-0.023809523809523808,1.3250003689652838
2020-04-09,INFOSYS,INFOSYS,646.799987792969,0.02631728944441214,-0.025974007591271636,1.4498677128302966
2020-04-13,INFOSYS,INFOSYS,629,-0.027905852129549658,0.028298867715371982,-1.600357167342185
2020-04-15,INFOSYS,INFOSYS,651.400024414062,0.034992673621061954,-0.03438750932533506,1.9378857784117232
2020-04-16,INFOSYS,INFOSYS,619.950012207031,-0.049485081005304465,0.05072991626384283,-2.814257706874342
2020-04-17,INFOSYS,INFOSYS,644,0.03805987678815548,-0.037344701541877294,2.110425751958768
2020-04-20,INFOSYS,INFOSYS,640,-0.006230549750636527,0.00625,-0.38105218643762295
2020-04-21,INFOSYS,INFOSYS,627.799987792969,-0.01924655139000464,0.01943296024888463,-1.1132438464618273
2020-04-22,INFOSYS,INFOSYS,633.200012207031,0.008564722321461993,-0.008528149573529152,0.45122911769294577
2020-04-23,INFOSYS,INFOSYS,647.049987792969,0.021637205116835645,-0.02140480001116917,1.1865980231202446
2020-04-24,INFOSYS,INFOSYS,668.549987792969,0.03268761739969861,-0.03215915098731247,1.8082190045489748
2020-04-27,INFOSYS,INFOSYS,661.049987792969,-0.011281708311726923,0.011345586776334514,-0.6651959868428658
2020-04-28,INFOSYS,INFOSYS,673,0.017915868154745773,-0.017756333145662738,0.9772609345676248
2020-04-29,INFOSYS,INFOSYS,666,-0.010455659104338544,0.010510510510510511,-0.6187280808624012
2020-04-30,INFOSYS,INFOSYS,700,0.04979066450301506,-0.04857142857142857,2.770320024279411
2020-05-04,INFOSYS,INFOSYS,689.799987792969,-0.014678652237142487,0.014786912710257068,-0.8562849311033117
2020-05-05,INFOSYS,INFOSYS,681.75,-0.011738661080563872,0.011807829545975765,-0.6909010394109999
2020-05-06,INFOSYS,INFOSYS,676.900024414062,-0.007139434143678791,0.007164980663335312,-0.43217983615298455
2020-05-07,INFOSYS,INFOSYS,665.549987792969,-0.016909839430259588,0.017053620057497013,-0.9817963362195472
2020-05-08,INFOSYS,INFOSYS,672.25,0.010016546997213993,-0.009966548467134285,0.5328988922409179
2020-05-11,INFOSYS,INFOSYS,682.5,0.015132231910141236,-0.015018315018315019,0.8206725060077763
2020-05-12,INFOSYS,INFOSYS,678.5,-0.005878047784190876,0.0058953574060427415,-0.36122282507732506
2020-05-13,INFOSYS,INFOSYS,694.799987792969,0.02373953752289637,-0.023459971328937214,1.3048609349549287
2020-05-14,INFOSYS,INFOSYS,659,-0.05290048229531319,0.05432471592256294,-3.006384936838459
2020-05-15,INFOSYS,INFOSYS,664.799987792969,0.008762690676770823,-0.008724410197755902,0.46236546990940736
2020-05-18,INFOSYS,INFOSYS,659.849975585938,-0.00747372571585192,0.007501723710204699,-0.4509848046789159
2020-05-19,INFOSYS,INFOSYS,664,0.0062696500130074995,-0.006250036768165731,0.32212397081591254
2020-05-20,INFOSYS,INFOSYS,668.5,0.006754247065564378,-0.006731488406881077,0.34938410262786457
2020-05-21,INFOSYS,INFOSYS,666.5,-0.0029962569232342418,0.003000750187546887,-0.19911288588184625
2020-05-22,INFOSYS,INFOSYS,675,0.012672551253766429,-0.012592592592592593,0.6823076138681706
2020-05-26,INFOSYS,INFOSYS,693,0.02631730831737311,-0.025974025974025976,1.4498687744946226
2020-05-27,INFOSYS,INFOSYS,686.049987792969,-0.010079505615927964,0.01013047493724079,-0.5975682458582203
2020-05-28,INFOSYS,INFOSYS,707,0.030080172322597853,-0.029632266205135815,1.6615418918440652
2020-05-29,INFOSYS,INFOSYS,692.5,-0.020722427835079493,0.020938628158844765,-1.1962666098457382
2020-06-01,INFOSYS,INFOSYS,698.75,0.008984786407815193,-0.008944543828264758,0.4748590640639869
2020-06-02,INFOSYS,INFOSYS,700.5,0.0025013413077532576,-0.0024982155603140615,0.11014457170157356
2020-06-03,INFOSYS,INFOSYS,710.700012207031,0.014456051231854339,-0.014352064206887477,0.7826351834084195
2020-06-04,INFOSYS,INFOSYS,702,-0.012317012983105613,0.012393179782095474,-0.7234351809494696
2020-06-05,INFOSYS,INFOSYS,707,0.007097261870762317,-0.007072135785007072,0.3686797808698632
2020-06-08,INFOSYS,INFOSYS,707.650024414062,9.189897834680494e-4,-9.185676416817323e-4,0.02113224507406127
2020-06-09,INFOSYS,INFOSYS,720,0.01730155633006003,-0.01715274386935827,0.9427039325671864
2020-06-10,INFOSYS,INFOSYS,715,-0.006968669316093745,0.006993006993006993,-0.42257376924795664
2020-06-11,INFOSYS,INFOSYS,712,-0.0042046312820316345,0.004213483146067416,-0.26708780261990867
2020-06-12,INFOSYS,INFOSYS,675.799987792969,-0.05218075519486831,0.05356616286018768,-2.965897988923137
2020-06-15,INFOSYS,INFOSYS,693,0.02513284297279572,-0.0248196424343882,1.3832388161621048
2020-06-16,INFOSYS,INFOSYS,702,0.012903404835907573,-0.01282051282051282,0.6952938651159739
2020-06-17,INFOSYS,INFOSYS,699.900024414062,-0.002995901448103133,0.003000393645786767,-0.19909288927046023
2020-06-18,INFOSYS,INFOSYS,708.200012207031,0.011789054336795779,-0.011719835710116604,0.6326080907591135
2020-06-19,INFOSYS,INFOSYS,709,0.0011289696176239872,-0.001128332571183325,0.03294428133542386
2020-06-22,INFOSYS,INFOSYS,707.099975585938,-0.002683462448962004,0.002687066157070068,-0.18151719776580535
2020-06-23,INFOSYS,INFOSYS,695.700012207031,-0.01625351360716909,0.01638632051010293,-0.9448759126333026
2020-06-24,INFOSYS,INFOSYS,716.900024414062,0.03001784443787514,-0.02957178335202074,1.6580357492785316
2020-06-25,INFOSYS,INFOSYS,704.849975585938,-0.016951415334182762,0.017095905860118603,-0.9841351135917468
2020-06-26,INFOSYS,INFOSYS,710.200012207031,0.0075616581174582365,-0.007533140705626282,0.3948035528390651
2020-06-29,INFOSYS,INFOSYS,735.400024414062,0.03486796436836759,-0.03426708100412344,1.9308704846770617
2020-06-30,INFOSYS,INFOSYS,732.799987792969,-0.003541805363660444,0.003548084967801107,-0.22980172791542688
2020-07-01,INFOSYS,INFOSYS,737.25,0.006054250993531518,-0.006035960945447301,0.3100070880735922
2020-07-02,INFOSYS,INFOSYS,737.349975585938,1.355968910159433e-4,-1.3558769817346067e-4,-0.02293610696428856
2020-07-03,INFOSYS,INFOSYS,755,0.023655104662623216,-0.02337751578021463,1.3001113169203524
2020-07-06,INFOSYS,INFOSYS,765.200012207031,0.013419504269805316,-0.013329864145730473,0.724326106484192
2020-07-07,INFOSYS,INFOSYS,769.400024414062,0.00547376853066428,-0.005458814756640474,0.2773530957126338
2020-07-08,INFOSYS,INFOSYS,784.900024414062,0.019945330187951527,-0.01974773795117531,1.091424655210886
2020-07-09,INFOSYS,INFOSYS,780,-0.006262432553808317,0.0062820825821308275,-0.3828456959367644
2020-07-10,INFOSYS,INFOSYS,773.5,-0.00836824967051708,0.008403361344537815,-0.501304633874074
2020-07-13,INFOSYS,INFOSYS,788,0.01857241984475877,-0.018401015228426396,1.014194063889595
2020-07-14,INFOSYS,INFOSYS,792.950012207031,0.0062620934811832285,-0.006242527436570145,0.32169889176826294
2020-07-15,INFOSYS,INFOSYS,799,0.007600762427212082,-0.007571949678309108,0.3970032951459958
2020-07-16,INFOSYS,INFOSYS,900.099975585938,0.11914489537304274,-0.11232082916136613,6.6717169998940555
2020-07-17,INFOSYS,INFOSYS,911,0.012037056120640877,-0.011964900564283254,0.6465589831171564
2020-07-20,INFOSYS,INFOSYS,908.5,-0.0027480094237324337,0.00275178866263071,-0.1851481712334143
2020-07-21,INFOSYS,INFOSYS,945,0.039390039657517306,-0.038624338624338624,2.1852516613589965
2020-07-22,INFOSYS,INFOSYS,938.950012207031,-0.006422684838802262,0.00644335450696496,-0.3918603987482079
2020-07-23,INFOSYS,INFOSYS,915.650024414062,-0.025128020404889817,0.025446390183715643,-1.444095261566472
2020-07-24,INFOSYS,INFOSYS,903.25,-0.013634852222301319,0.01372823073795964,-0.7975678467962216
2020-07-27,INFOSYS,INFOSYS,921.549987792969,0.02005765172368701,-0.01985783520739427,1.0977431003052387
2020-07-28,INFOSYS,INFOSYS,946,0.026185547300441314,-0.02584567886578332,1.4424567965011756
2020-07-29,INFOSYS,INFOSYS,953.25,0.007634629685795424,-0.007605559926567008,0.3989084365994829
2020-07-30,INFOSYS,INFOSYS,962,0.009137251928033052,-0.009095634095634096,0.4834357364890554
2020-07-31,INFOSYS,INFOSYS,969.25,0.0075081258853320065,-0.00748001031725561,0.3917921938218238
2020-08-03,INFOSYS,INFOSYS,960,-0.009589292089156487,0.009635416666666667,-0.5699921694349056
2020-08-04,INFOSYS,INFOSYS,960.450012207031,4.68652880738496e-4,-4.6854308013067074e-4,-0.00420064389720219
2020-08-05,INFOSYS,INFOSYS,952,-0.008836902551255577,0.008876063242679645,-0.527667855102108
2020-08-06,INFOSYS,INFOSYS,953.5,0.0015743902491092143,-0.0015731515469323545,0.05800061434856173
2020-08-07,INFOSYS,INFOSYS,969.450012207031,0.01658948792824777,-0.01645264016317823,0.902647810908708
2020-08-10,INFOSYS,INFOSYS,948.900024414062,-0.021425468260205527,0.021656641652695104,-1.2358148789839565
2020-08-11,INFOSYS,INFOSYS,949.900024414062,0.0010532968893377515,-0.0010527423668789163,0.02868744870145371
2020-08-12,INFOSYS,INFOSYS,948,-0.0020022393428327234,0.002004245162512706,-0.14319622249681258
2020-08-13,INFOSYS,INFOSYS,954.799987792969,0.007147379424744749,-0.007121897653860707,0.37149905333644423
2020-08-14,INFOSYS,INFOSYS,955.849975585938,0.001099089753531679,-0.0010984859756106942,0.03126344355610124
2020-08-17,INFOSYS,INFOSYS,954.099975585938,-0.0018325092640756324,0.0018341893352688526,-0.133648363517948
2020-08-18,INFOSYS,INFOSYS,963.900024414062,0.010219117949118228,-0.010167080174192721,0.5442941552146385
2020-08-19,INFOSYS,INFOSYS,970.900024414062,0.007235921403563772,-0.007209805153959594,0.3764798224120686
2020-08-20,INFOSYS,INFOSYS,958.900024414062,-0.012436681901780489,0.01251433902854745,-0.7301669397987484
2020-08-21,INFOSYS,INFOSYS,963.049987792969,0.0043184992347207185,-0.004309187925351044,0.21236550835612825
2020-08-24,INFOSYS,INFOSYS,947,-0.016806225668766217,0.01694824476554274,-0.9759677312354276
2020-08-25,INFOSYS,INFOSYS,947.5,5.278437705031891e-4,-5.277044854881266e-4,-8.709673163354703e-4
2020-08-26,INFOSYS,INFOSYS,941.25,-0.006618157842478212,0.006640106241699867,-0.4028563794661667
2020-08-27,INFOSYS,INFOSYS,960,0.01972450534777881,-0.01953125,1.07900255272651
2020-08-28,INFOSYS,INFOSYS,951.450012207031,-0.008946134883942136,0.008986271147483616,-0.5338125226593582
2020-08-31,INFOSYS,INFOSYS,935.25,-0.01717327634968413,0.01732158482441168,-0.9966155042474656
2020-09-01,INFOSYS,INFOSYS,926.25,-0.009669696617959467,0.009716599190283401,-0.5745151809593688
2020-09-02,INFOSYS,INFOSYS,915,-0.012220111334775297,0.012295081967213115,-0.7179841537664878
2020-09-03,INFOSYS,INFOSYS,926.5,0.012489980449893245,-0.0124123043712898,0.6720374230934887
2020-09-04,INFOSYS,INFOSYS,915,-0.012489980449893245,0.012568306010928962,-0.7331651533439422
2020-09-07,INFOSYS,INFOSYS,918.900024414062,0.004253263800109153,-0.004244231483777467,0.20869580682373529
2020-09-08,INFOSYS,INFOSYS,929.950012207031,0.011953505312050972,-0.011882345984107544,0.6418589833067204
2020-09-09,INFOSYS,INFOSYS,935,0.0054156949010062405,-0.005401056463068425,0.27408626858084295
2020-09-10,INFOSYS,INFOSYS,935.299987792969,3.2079110035709846e-4,-3.207396523941583e-4,-0.01251834125394404
2020-09-11,INFOSYS,INFOSYS,934.900024414062,-4.2772257768586286e-4,4.2781406403064824e-4,-0.05462462609181577
2020-09-14,INFOSYS,INFOSYS,957,0.023363793641595798,-0.0230929734440313,1.283724141658773
2020-09-15,INFOSYS,INFOSYS,979.5,0.023238845931641272,-0.022970903522205207,1.27669543394173
2020-09-16,INFOSYS,INFOSYS,986,0.006614117218039617,-0.006592292089249493,0.3415013511869597
2020-09-17,INFOSYS,INFOSYS,995,0.009086382555957506,-0.009045226130653266,0.4805741718537168
2020-09-18,INFOSYS,INFOSYS,1011,0.01595248186187881,-0.01582591493570722,0.8668141853374144
2020-09-21,INFOSYS,INFOSYS,1001,-0.009940439705251158,0.00999000999000999,-0.5897453442627232
2020-09-22,INFOSYS,INFOSYS,1009,0.007960241038388105,-0.007928642220019821,0.41722511505295856
2020-09-23,INFOSYS,INFOSYS,1020.15002441406,0.010989957867981737,-0.010929788900867007,0.5876563623995765
2020-09-24,INFOSYS,INFOSYS,1003,-0.01695419025965439,0.017098728229371883,-0.9842912120115656
2020-09-25,INFOSYS,INFOSYS,975.799987792969,-0.02749315308996625,0.027874577318402184,-1.577141528372878
2020-09-28,INFOSYS,INFOSYS,1014.79998779297,0.03918918082415601,-0.038431218436275186,2.173952710521147
2020-09-29,INFOSYS,INFOSYS,1018,0.0031483814143422606,-0.0031434304587721015,0.14654264407988407
2020-09-30,INFOSYS,INFOSYS,1009,-0.00888017675685937,0.008919722497522299,-0.5301021673675219
2020-10-01,INFOSYS,INFOSYS,1020.59997558594,0.011430924354980831,-0.01136583956831892,0.6124621355606638
2020-10-05,INFOSYS,INFOSYS,1018.04998779297,-0.002501644881312437,0.0025047766058109953,-0.17128937893421875
2020-10-06,INFOSYS,INFOSYS,1055,0.035651746082890234,-0.03502370825310901,1.9749607091985888
2020-10-07,INFOSYS,INFOSYS,1044.90002441406,-0.0096195565051298,0.009665973155282183,-0.5716946394855925
2020-10-08,INFOSYS,INFOSYS,1090,0.042256485818152,-0.041376124390770645,2.3464984121566608
2020-10-09,INFOSYS,INFOSYS,1095.09997558594,0.004667964764614396,-0.004657086749738286,0.23202406046322868
2020-10-12,INFOSYS,INFOSYS,1123,0.025158014750639168,-0.02484418914876224,1.3846548090541897
2020-10-13,INFOSYS,INFOSYS,1135.55004882812,0.011113482302691935,-0.011051955694133926,0.5946050063387605
2020-10-14,INFOSYS,INFOSYS,1162,0.023025500370721375,-0.022762436464612738,1.2646940648011662
2020-10-15,INFOSYS,INFOSYS,1180,0.015371780047853889,-0.015254237288135594,0.8341478537733695
2020-10-16,INFOSYS,INFOSYS,1113.84997558594,-0.05769197786745206,0.05938863030388076,-3.275921864857272
2020-10-19,INFOSYS,INFOSYS,1135,0.01881019032324538,-0.018634382743665197,1.0275694126465749
2020-10-20,INFOSYS,INFOSYS,1118.90002441406,-0.014286569282130124,0.014389110049730454,-0.8342290127305022
2020-10-21,INFOSYS,INFOSYS,1141.15002441406,0.01969046561077281,-0.01949787453356502,1.0770877088108877
2020-10-22,INFOSYS,INFOSYS,1142,7.445639718097752e-4,-7.442868528371289e-4,0.01132023612322066
2020-10-23,INFOSYS,INFOSYS,1133,-0.007912129187949368,0.00794351279788173,-0.4756464000665469
2020-10-26,INFOSYS,INFOSYS,1122.25,-0.009533383365964987,0.00957897081755402,-0.5668471252056745
2020-10-27,INFOSYS,INFOSYS,1105.69995117188,-0.014857024274055775,0.0149679384633954,-0.866318927827295
2020-10-28,INFOSYS,INFOSYS,1095.5,-0.009267694352464773,0.0093107724070105,-0.551901269693771
2020-10-29,INFOSYS,INFOSYS,1070,-0.023552231579569316,0.02383177570093458,-1.355452107714308
2020-10-30,INFOSYS,INFOSYS,1072,0.001867414174795634,-0.0018656716417910447,0.07448414596756997
2020-11-02,INFOSYS,INFOSYS,1065,-0.006551263487222236,0.006572769953051643,-0.3990933583496653
2020-11-03,INFOSYS,INFOSYS,1072,0.006551263487222236,-0.0065298507462686565,0.33796562809920844
2020-11-04,INFOSYS,INFOSYS,1068,-0.003738322110606873,0.003745318352059925,-0.24085642252562817
2020-11-05,INFOSYS,INFOSYS,1109.90002441406,0.038482202634423146,-0.03775116991837163,2.134182929548179
2020-11-06,INFOSYS,INFOSYS,1108,-0.0017133548473342586,0.001714823478393501,-0.12694554704559316
2020-11-09,INFOSYS,INFOSYS,1129.30004882812,0.01904142665990438,-0.018861283899016174,1.0405771950583778
2020-11-10,INFOSYS,INFOSYS,1113.84997558594,-0.013775554374875654,0.013870874517057376,-0.8054827922238905
2020-11-11,INFOSYS,INFOSYS,1096,-0.01615527208429679,0.016286474074762775,-0.9393495132283156
2020-11-12,INFOSYS,INFOSYS,1128.09997558594,0.0288675914611618,-0.028454903182909063,1.5933303458987422
2020-11-13,INFOSYS,INFOSYS,1120,-0.0072060946799830106,0.007232121058875001,-0.435929704206671
2020-11-14,INFOSYS,INFOSYS,1137,0.015064529461396248,-0.014951627088830254,0.8168640270518244
2020-11-17,INFOSYS,INFOSYS,1144.75,0.006793057786668832,-0.006770037126010046,0.3515673296356551
2020-11-18,INFOSYS,INFOSYS,1128.5,-0.014296955279614387,0.014399645547186531,-0.8348132582576573
2020-11-19,INFOSYS,INFOSYS,1100,-0.025579137471129165,0.02590909090909091,-1.469472037226665
2020-11-20,INFOSYS,INFOSYS,1106,0.005439723295818766,-0.0054249547920434,0.27543794252595105
2020-11-23,INFOSYS,INFOSYS,1105,-9.045681304273856e-4,9.049773755656109e-4,-0.0814487112840523
2020-11-24,INFOSYS,INFOSYS,1145,0.035559302036487495,-0.034934497816593885,1.9697604363597951
2020-11-25,INFOSYS,INFOSYS,1137,-0.007011422237804155,0.007036059806508356,-0.4249787576296063
2020-11-26,INFOSYS,INFOSYS,1119.94995117188,-0.015109216913543833,0.015223938186058555,-0.8805055691991169
2020-11-27,INFOSYS,INFOSYS,1118,-0.0017426231219479504,0.0017441423719856907,-0.12859198096353
2020-12-01,INFOSYS,INFOSYS,1105.05004882812,-0.01165074773176844,0.01171888204123707,-0.6859556327818344
2020-12-02,INFOSYS,INFOSYS,1134,0.02586057830442101,-0.02552905747079365,1.4241762526563766
2020-12-03,INFOSYS,INFOSYS,1147,0.011398632841673972,-0.011333914559721011,0.6106456348112121
2020-12-04,INFOSYS,INFOSYS,1125,-0.019366802490850432,0.019555555555555555,-1.1200083549174558
2020-12-07,INFOSYS,INFOSYS,1147.30004882812,0.019628362725732096,-0.01943698063196093,1.07359422319601
2020-12-08,INFOSYS,INFOSYS,1145,-0.0020067613759122693,0.002008776269100435,-0.14345060129909035
2020-12-09,INFOSYS,INFOSYS,1168.05004882812,0.019931096505871437,-0.019733785252819967,1.0906239651372829
2020-12-10,INFOSYS,INFOSYS,1157.40002441406,-0.009159602260591093,0.009201679790400584,-0.5458207443237127
2020-12-11,INFOSYS,INFOSYS,1159.69995117188,0.0019851776249399933,-0.001983208463099374,0.0811087161267014
2020-12-14,INFOSYS,INFOSYS,1169.40002441406,0.00832950876043359,-0.008294914519982433,0.4379976037087503
2020-12-15,INFOSYS,INFOSYS,1156,-0.011525047386671261,0.01159171662115917,-0.6788845869343946
2020-12-16,INFOSYS,INFOSYS,1160,0.003454234868087269,-0.0034482758620689655,0.16374787762446863
2020-12-17,INFOSYS,INFOSYS,1165.90002441406,0.0050733367789330686,-0.0050604891418757295,0.2548275308617988
2020-12-18,INFOSYS,INFOSYS,1182.84997558594,0.014433418139041976,-0.014329755693221894,0.781361999656844
2020-12-21,INFOSYS,INFOSYS,1188,0.00434446090420515,-0.00433503738557239,0.2138259351755489
2020-12-22,INFOSYS,INFOSYS,1182,-0.005063301956546695,0.005076142131979695,-0.31539077030589246
2020-12-23,INFOSYS,INFOSYS,1238,0.0462892552784977,-0.045234248788368334,2.5733545733248357
2020-12-24,INFOSYS,INFOSYS,1249.90002441406,0.009566393384444538,-0.009520781007775887,0.5075763139152977
2020-12-28,INFOSYS,INFOSYS,1238.44995117188,-0.00920300935835705,0.00924548725715189,-0.5482625321976665
2020-12-29,INFOSYS,INFOSYS,1235,-0.0027895882085511303,0.002793482730267208,-0.18748711066522397
2020-12-30,INFOSYS,INFOSYS,1253,0.014469705833990432,-0.014365522745411013,0.7834032983858015
2020-12-31,INFOSYS,INFOSYS,1243,-0.008012863385356894,0.008045052292839904,-0.48131302037475776
2021-01-01,INFOSYS,INFOSYS,1257.90002441406,0.011915870742700285,-0.011845157901956916,0.6397419185912794
2021-01-04,INFOSYS,INFOSYS,1269,0.008785505460975784,-0.008747025678439718,0.4636488743820358
2021-01-05,INFOSYS,INFOSYS,1282,0.010192169766227721,-0.01014040561622465,0.5427782338655379
2021-01-06,INFOSYS,INFOSYS,1300,0.01394290596901282,-0.013846153846153847,0.7537691235965069
2021-01-07,INFOSYS,INFOSYS,1296,-0.0030816665374082675,0.0030864197530864196,-0.20391744944264328
2021-01-08,INFOSYS,INFOSYS,1278.25,-0.013790642952111298,0.01388617250146685,-0.806331572880181
2021-01-11,INFOSYS,INFOSYS,1342.09997558594,0.04874357825271236,-0.04757467904584686,2.7114180787326676
2021-01-12,INFOSYS,INFOSYS,1378,0.02639763936078321,-0.02605226735417997,1.4543876522310806
2021-01-13,INFOSYS,INFOSYS,1373.84997558594,-0.0030161728270403643,0.0030207260529229434,-0.2002332190742153
2021-01-14,INFOSYS,INFOSYS,1360,-0.010132300016466367,0.010183805577897059,-0.6005380994922829
2021-01-15,INFOSYS,INFOSYS,1360,0,0,-0.03056386512522596
2021-01-18,INFOSYS,INFOSYS,1338,-0.01630873804192401,0.016442451420029897,-0.9479824634526062
2021-01-19,INFOSYS,INFOSYS,1320,-0.01354422510775688,0.013636363636363636,-0.7924697821769954
2021-01-20,INFOSYS,INFOSYS,1320.55004882812,4.1661686080907145e-4,-4.1653008805544404e-4,-0.00712783620008418
2021-01-21,INFOSYS,INFOSYS,1350,0.022056238991249977,-0.02181477864583704,1.2101700167796314
2021-01-22,INFOSYS,INFOSYS,1327,-0.017183837100268384,0.01733232856066315,-0.9972095801945308
2021-01-25,INFOSYS,INFOSYS,1345,0.013473257703732422,-0.013382899628252789,0.7273499088091211
2021-01-27,INFOSYS,INFOSYS,1319.59997558594,-0.019065371182620083,0.019248275904810975,-1.1030518811806178
2021-01-28,INFOSYS,INFOSYS,1291.80004882812,-0.021292009456433725,0.02152030167752294,-1.2283073950587624
2021-01-29,INFOSYS,INFOSYS,1286.25,-0.004305624248626572,0.004314906766274051,-0.27276897952123685
2021-02-01,INFOSYS,INFOSYS,1250.55004882812,-0.02814751457821174,0.02854739896682594,-1.6139514518508706
2021-02-02,INFOSYS,INFOSYS,1280,0.023276584343615347,-0.023007774353031252,1.278818340136402
2021-02-03,INFOSYS,INFOSYS,1277.65002441406,-0.0018376057903077836,0.0018392952225064275,-0.13393505939475048
2021-02-04,INFOSYS,INFOSYS,1285,0.005736246205965578,-0.005719825358708172,0.2921183031951638
2021-02-05,INFOSYS,INFOSYS,1286.40002441406,0.0010889200739727656,-0.0010883274156479384,0.03069136660311798
2021-02-08,INFOSYS,INFOSYS,1285.5,-6.998906973487706e-4,7.00135677992998e-4,-0.06993495201703372
2021-02-09,INFOSYS,INFOSYS,1306.90002441406,0.016510191577939537,-0.01637464535487675,0.8981871379636076
2021-02-10,INFOSYS,INFOSYS,1295.80004882812,-0.008529636586194655,0.008566117585794555,-0.5103831632850252
2021-02-11,INFOSYS,INFOSYS,1289,-0.0052615787585024165,0.005275445173095421,-0.32654447363127176
2021-02-12,INFOSYS,INFOSYS,1305,0.012336316817607162,-0.012260536398467433,0.6633933530382777
2021-02-15,INFOSYS,INFOSYS,1320,0.01142869582362227,-0.011363636363636364,0.6123367735547932
2021-02-16,INFOSYS,INFOSYS,1314,-0.0045558165358610125,0.0045662100456621,-0.2868430946904914
2021-02-17,INFOSYS,INFOSYS,1290.40002441406,-0.018123653313795174,0.018288883400057427,-1.050077243595812
2021-02-18,INFOSYS,INFOSYS,1276,-0.011222081826025132,0.011285285590956111,-0.661841806599384
2021-02-19,INFOSYS,INFOSYS,1296.09997558594,0.015629551688038035,-0.01550804410504924,0.8486483317513953
2021-02-22,INFOSYS,INFOSYS,1295,-8.490414591353357e-4,8.494019968648657e-4,-0.07832515869431601
2021-02-23,INFOSYS,INFOSYS,1271.15002441406,-0.01858867339219561,0.01876251829278272,-1.076236108090625
2021-02-24,INFOSYS,INFOSYS,1260.05004882812,-0.008770580292629226,0.008809154522285263,-0.5239370162481215
2021-02-25,INFOSYS,INFOSYS,1288.44995117188,0.02228846618209257,-0.022041913477453684,1.2232335379036552
2021-02-26,INFOSYS,INFOSYS,1269,-0.01521071891651804,0.015326990679180459,-0.8862153810224853
2021-03-01,INFOSYS,INFOSYS,1263.30004882812,-0.004501805227150157,0.00451195357521554,-0.2838047860853815
2021-03-02,INFOSYS,INFOSYS,1282.25,0.01488896378214033,-0.014778671220027297,0.8069878969083877
2021-03-03,INFOSYS,INFOSYS,1319.19995117188,0.02840910796257834,-0.028009363659433423,1.5675391848937827
2021-03-04,INFOSYS,INFOSYS,1335,0.011905836602394082,-0.011835242567880148,0.6391774661540444
2021-03-05,INFOSYS,INFOSYS,1328.5,-0.0048808056344817885,0.004892736168611215,-0.30512476937078137
2021-03-08,INFOSYS,INFOSYS,1324.80004882812,-0.002788944711898722,0.002792837436225091,-0.18745091192342472
2021-03-09,INFOSYS,INFOSYS,1329.5,0.00354139019510491,-0.0035351268686573917,0.16865064310784447
2021-03-10,INFOSYS,INFOSYS,1356.90002441406,0.020399772461359156,-0.0201931048132245,1.1169884843936675
2021-03-12,INFOSYS,INFOSYS,1373,0.011795422623537277,-0.011726129341544066,0.6329663272260516
2021-03-15,INFOSYS,INFOSYS,1370,-0.0021873869458000073,0.0021897810218978104,-0.15361136644980242
2021-03-16,INFOSYS,INFOSYS,1386.05004882812,0.011647270541316423,-0.011579703663435546,0.6246322994637297
2021-03-17,INFOSYS,INFOSYS,1392.25,0.004463133106290762,-0.004453188128482674,0.22050162553357716
2021-03-18,INFOSYS,INFOSYS,1393.75,0.0010768127386509008,-0.0010762331838565023,0.03001029032534217
2021-03-19,INFOSYS,INFOSYS,1330,-0.046819013992629444,0.047932330827067667,-2.6642829230788263
2021-03-22,INFOSYS,INFOSYS,1350.09997558594,0.014999703464250835,-0.014887768275987607,0.8132173576846111
2021-03-23,INFOSYS,INFOSYS,1372.44995117188,0.016418782590215564,-0.016284729047391675,0.8930450904810052
2021-03-24,INFOSYS,INFOSYS,1357.84997558594,-0.010694879786093736,0.01075227444006825,-0.6321850081845668
2021-03-25,INFOSYS,INFOSYS,1346.75,-0.00820826592352919,0.008242046100568034,-0.49230503718309027
2021-03-26,INFOSYS,INFOSYS,1344.69995117188,-0.0015233790423536675,0.0015245399736449905,-0.11625880131003262
2021-03-30,INFOSYS,INFOSYS,1346.90002441406,0.0016347702125916186,-0.0016334347036166188,0.06139718012349092
2021-03-31,INFOSYS,INFOSYS,1382,0.025726051596734578,-0.025397956285050653,1.4166086957254491
2021-04-01,INFOSYS,INFOSYS,1380,-0.0014482261763655302,0.0014492753623188406,-0.112031212590508
2021-04-05,INFOSYS,INFOSYS,1391,0.007939413772192871,-0.007907979870596693,0.4160535148156365
2021-04-06,INFOSYS,INFOSYS,1423,0.02274440616640927,-0.022487702037947997,1.2488816181081563
2021-04-07,INFOSYS,INFOSYS,1410.25,-0.009000325469767034,0.00904095018613721,-0.5368609161746573
2021-04-08,INFOSYS,INFOSYS,1430,0.013907450633867668,-0.01381118881118881,0.7517746477646815
2021-04-09,INFOSYS,INFOSYS,1455,0.017331456351640462,-0.01718213058419244,0.944385904269555
2021-04-12,INFOSYS,INFOSYS,1474,0.012973893143688464,-0.012890094979647219,0.6992590575396218
2021-04-13,INFOSYS,INFOSYS,1433,-0.028209644921109778,0.028611304954640614,-1.6174464820579084
2021-04-15,INFOSYS,INFOSYS,1332.30004882812,-0.07286334021251317,0.07558353785279437,-4.129359447921196
2021-04-16,INFOSYS,INFOSYS,1365,0.024247620003401416,-0.023956008184527474,1.3334421970918908
2021-04-19,INFOSYS,INFOSYS,1340,-0.018484814674103234,0.018656716417910446,-1.0703937235154486
2021-04-20,INFOSYS,INFOSYS,1379,0.028688984848344923,-0.028281363306744016,1.5832831535309655
2021-04-22,INFOSYS,INFOSYS,1355.55004882812,-0.017151286756336148,0.017299214582414426,-0.9953785193958312
2021-04-23,INFOSYS,INFOSYS,1343,-0.009301394513728134,0.009344786915949366,-0.5537970113894208
2021-04-26,INFOSYS,INFOSYS,1332.25,-0.008036675346345667,0.008069056108087821,-0.48265251922608626
2021-04-27,INFOSYS,INFOSYS,1346,0.010267989027781255,-0.010215453194650817,0.5470433094637992
2021-04-28,INFOSYS,INFOSYS,1358,0.00887579791396842,-0.008836524300441826,0.4687281132202207
2021-04-29,INFOSYS,INFOSYS,1368,0.007336790063853904,-0.007309941520467836,0.3821540066868474
2021-04-30,INFOSYS,INFOSYS,1346.30004882812,-0.015989693928927018,0.01611821316560793,-0.9300352131995444
2021-05-03,INFOSYS,INFOSYS,1340.80004882812,-0.004093638108596309,0.004102028490233936,-0.2608440821471656
2021-05-04,INFOSYS,INFOSYS,1354,0.009796687327248144,-0.009748856109217136,0.5205310836630748
2021-05-05,INFOSYS,INFOSYS,1341.09997558594,-0.009573019959829843,0.009618987882259747,-0.5690768101937221
2021-05-06,INFOSYS,INFOSYS,1345,0.002903858523549019,-0.0028996464045055754,0.1327874505662086
2021-05-07,INFOSYS,INFOSYS,1365.30004882812,0.014980207418422431,-0.0148685622955512,0.8121206428442787
2021-05-10,INFOSYS,INFOSYS,1349.84997558594,-0.01138076339279337,0.011445770657197265,-0.6707681514944045
2021-05-11,INFOSYS,INFOSYS,1336.90002441406,-0.009639937810796972,0.009686551675811167,-0.5728411530189912
2021-05-12,INFOSYS,INFOSYS,1330,-0.005174577034972039,0.0051879882812481196,-0.3216503488346158
2021-05-14,INFOSYS,INFOSYS,1326.84997558594,-0.002371248598157294,0.0023740622316166084,-0.16395417157414624
2021-05-17,INFOSYS,INFOSYS,1320.30004882812,-0.00494867314989289,0.0049609380561892935,-0.30894253385384013
2021-05-18,INFOSYS,INFOSYS,1338,0.013316941220423928,-0.01322866305820628,0.7185566074118646
2021-05-19,INFOSYS,INFOSYS,1342,0.0029850768434540598,-0.0029806259314456036,0.13735624043907615
2021-05-20,INFOSYS,INFOSYS,1348.40002441406,0.0047576839342262645,-0.004746384083492653,0.23707105028037595
2021-05-21,INFOSYS,INFOSYS,1347.5,-6.676986827018894e-4,6.679216430871977e-4,-0.06812404838490116
2021-05-24,INFOSYS,INFOSYS,1356.65002441406,0.0067674198934755125,-0.006744572475876314,0.3501251162665043
2021-05-25,INFOSYS,INFOSYS,1358,9.945854420143618e-4,-9.940910058468344e-4,0.02538474228903094
2021-05-26,INFOSYS,INFOSYS,1367.90002441406,0.007263705824596123,-0.007237388871530048,0.37804278482730863
2021-05-27,INFOSYS,INFOSYS,1404.19995117188,0.026190975867000255,-0.025850967112999664,1.4427621707067055
2021-05-28,INFOSYS,INFOSYS,1409.75,0.003944672877053357,-0.003936902875062953,0.19133658188812128
2021-05-31,INFOSYS,INFOSYS,1401.5,-0.005869292082448574,0.0058865501248662145,-0.3607302888921677
2021-06-01,INFOSYS,INFOSYS,1400,-0.0010708550014930651,0.0010714285714285715,-0.090802878834079
2021-06-02,INFOSYS,INFOSYS,1380.75,-0.013845406822053263,0.01394169835234474,-0.8094122154579045
2021-06-03,INFOSYS,INFOSYS,1388.09997558594,0.005309058211653728,-0.005294990069312158,0.26808761425059496
2021-06-04,INFOSYS,INFOSYS,1393.94995117188,0.004205520649905203,-0.004196689831670057,0.20601010215259477
2021-06-07,INFOSYS,INFOSYS,1391,-0.002118495719412472,0.0021207413169518348,-0.1497360149549465
2021-06-08,INFOSYS,INFOSYS,1396,0.0035880913988748375,-0.0035816618911174787,0.17127773496451038
2021-06-09,INFOSYS,INFOSYS,1413.40002441406,0.012387162207720515,-0.01231075712006823,0.6662535686116625
2021-06-10,INFOSYS,INFOSYS,1424,0.007471646441882918,-0.0074438030800140454,0.3897401086273246
2021-06-11,INFOSYS,INFOSYS,1430.09997558594,0.004274541835393109,-0.004265418984739666,0.20989276426186537
2021-06-14,INFOSYS,INFOSYS,1471,0.02819808679412361,-0.027804231416764105,1.5556685702525084
2021-06-15,INFOSYS,INFOSYS,1464,-0.004770026080181289,0.0047814207650273225,-0.29889306565655677
2021-06-16,INFOSYS,INFOSYS,1472.69995117188,0.005925002055349182,-0.005907483846222131,0.3027364225323306
2021-06-17,INFOSYS,INFOSYS,1475.09997558594,0.0016283499586142725,-0.0016270249161292676,0.06103602033361891
2021-06-18,INFOSYS,INFOSYS,1509,0.022721412232629135,-0.022465224926481113,1.2475881358997207
2021-06-21,INFOSYS,INFOSYS,1493,-0.010659661228658912,0.010716677829872739,-0.630203851855121
2021-06-22,INFOSYS,INFOSYS,1509.69995117188,0.011123404691570471,-0.01106176837252789,0.5951631724012619
2021-06-23,INFOSYS,INFOSYS,1525,0.010083486810751552,-0.010032818903685244,0.5366644705308891
2021-06-24,INFOSYS,INFOSYS,1517,-0.005259709692980508,0.005273566249176005,-0.326439332726589
2021-06-25,INFOSYS,INFOSYS,1572,0.03561399364062012,-0.03498727735368957,1.9728370137549749
2021-06-28,INFOSYS,INFOSYS,1572.90002441406,5.723707791309707e-4,-5.722070062242372e-4,0.00163381912011187
2021-06-29,INFOSYS,INFOSYS,1561,-0.007594423252850646,0.007623334025663036,-0.4577744265938568
2021-06-30,INFOSYS,INFOSYS,1572.05004882812,0.007053889643832356,-0.0070290693584197424,0.3662399545918855
2021-07-01,INFOSYS,INFOSYS,1576.84997558594,0.003048639485680127,-0.003043997103171723,0.14093184205752937
2021-07-02,INFOSYS,INFOSYS,1558.94995117188,-0.011416684263563681,0.011482103322562954,-0.6727888151918797
2021-07-05,INFOSYS,INFOSYS,1569.15002441406,0.006521600635278624,-0.006500381151247046,0.33629699794631274
2021-07-06,INFOSYS,INFOSYS,1573.69995117188,0.002895416562567199,-0.0028912288866958596,0.1323125633008196
2021-07-07,INFOSYS,INFOSYS,1566.05004882812,-0.004872946878819562,0.004884838993162734,-0.3046826892671617
2021-07-08,INFOSYS,INFOSYS,1568,0.0012443652099456415,-0.0012435913085969402,0.03943565193008
2021-07-09,INFOSYS,INFOSYS,1556,-0.007682496172016329,0.007712082262210797,-0.4627288095659646
2021-07-12,INFOSYS,INFOSYS,1570.55004882812,0.009307481817987906,-0.009264301280291352,0.49301171144391887
2021-07-13,INFOSYS,INFOSYS,1556.40002441406,-0.009050429759688505,0.009091508733037369,-0.539679442495433
2021-07-14,INFOSYS,INFOSYS,1554,-0.0015432258690433187,0.0015444172548648642,-0.11737524869399855
2021-07-15,INFOSYS,INFOSYS,1557.90002441406,0.0025065242619239925,-0.0025033855529508916,0.11043612942596688
2021-07-16,INFOSYS,INFOSYS,1573.75,0.01012253016904019,-0.010071469792495633,0.5388607841232087
2021-07-19,INFOSYS,INFOSYS,1544.69995117188,-0.01863162124845097,0.01880627289855308,-1.0786520621629476
2021-07-20,INFOSYS,INFOSYS,1538.30004882812,-0.004151742806790537,0.004160373230590132,-0.26411265698329695
2021-07-22,INFOSYS,INFOSYS,1561.40002441406,0.01490492801888088,-0.01479439940101745,0.8078859362083278
2021-07-23,INFOSYS,INFOSYS,1588.55004882812,0.01723881086499013,-0.017091072726407763,0.9391742997735508
2021-07-26,INFOSYS,INFOSYS,1594.09997558594,0.003487617137151844,-0.0034815424645998306,0.16562573686869322
2021-07-27,INFOSYS,INFOSYS,1605,0.0068144582397779985,-0.006791292469819314,0.3527711734673769
2021-07-28,INFOSYS,INFOSYS,1605.09997558594,6.228814475139899e-5,-6.228620488484223e-5,-0.02705995806000541
2021-07-29,INFOSYS,INFOSYS,1600.09997558594,-0.0031199326918729398,0.0031248047473840202,-0.2060700428377728
2021-07-30,INFOSYS,INFOSYS,1610,0.006168066961514285,-0.006149083486993788,0.316409599754448
2021-08-02,INFOSYS,INFOSYS,1627.44995117188,0.01078016366324075,-0.010722265934700353,0.5758547683856553
2021-08-03,INFOSYS,INFOSYS,1647,0.011941108535890699,-0.01187009643480267,0.6411616250574125
2021-08-04,INFOSYS,INFOSYS,1669.09997558594,0.013329093179650364,-0.01324065419040089,0.7192401939267791
2021-08-05,INFOSYS,INFOSYS,1649.5,-0.011812332688654337,0.011882373801721734,-0.6950453026432563
2021-08-06,INFOSYS,INFOSYS,1657,0.0045365267579260404,-0.004526252263126132,0.2246302528275642
2021-08-09,INFOSYS,INFOSYS,1661,0.002411092186732411,-0.002408187838651415,0.10506777042520996
2021-08-10,INFOSYS,INFOSYS,1668,0.004205473305397334,-0.004196642685851319,0.2060074388728308
2021-08-11,INFOSYS,INFOSYS,1674.80004882812,0.004068480380893469,-0.004060215327124025,0.198301149369867
2021-08-12,INFOSYS,INFOSYS,1679.15002441406,0.002593943219206807,-0.002590581855518197,0.115353724953671
2021-08-13,INFOSYS,INFOSYS,1697,0.010574258715434048,-0.010518547781932824,0.5642719574949421
2021-08-16,INFOSYS,INFOSYS,1707.69995117188,0.006285421066051455,-0.0062657091279632255,0.3230111429159606
2021-08-17,INFOSYS,INFOSYS,1703.90002441406,-0.0022276517507435756,0.00223013481036056,-0.15587639031728728
2021-08-18,INFOSYS,INFOSYS,1729,0.014623451133756404,-0.014517047765147485,0.7920519624975019
2021-08-20,INFOSYS,INFOSYS,1716.09997558594,-0.007488946501512217,0.007517058794698399,-0.4518410224812472
2021-08-23,INFOSYS,INFOSYS,1735.75,0.011385336451604111,-0.0113207687824053,0.6098976704065628
2021-08-24,INFOSYS,INFOSYS,1750,0.008176191284176682,-0.008142857142857143,0.4293730060357265
2021-08-25,INFOSYS,INFOSYS,1718,-0.01845496437335914,0.018626309662398137,-1.0687145487688865
2021-08-26,INFOSYS,INFOSYS,1734,0.009270054796286509,-0.00922722029988466,0.49090632194657985
2021-08-27,INFOSYS,INFOSYS,1725,-0.005203827875027045,0.0052173913043478265,-0.3232958020029738
2021-08-30,INFOSYS,INFOSYS,1703.05004882812,-0.012806260609758091,0.01288861192716204,-0.7509569224064354
2021-08-31,INFOSYS,INFOSYS,1700.15002441406,-0.0017042930498369913,0.0017057461826402432,-0.1264357919966059
2021-09-01,INFOSYS,INFOSYS,1709.5,0.005484433273490907,-0.005469421226054402,0.27795302155551427
2021-09-02,INFOSYS,INFOSYS,1677.34997558594,-0.018985777564696882,0.019167153475427332,-1.0985744859828852
2021-09-03,INFOSYS,INFOSYS,1696.05004882812,0.011086894324020768,-0.011025661215068948,0.5931093476273788
2021-09-06,INFOSYS,INFOSYS,1705.15002441406,0.005351050866654994,-0.005336759496612048,0.2704498352018957
2021-09-07,INFOSYS,INFOSYS,1730,0.014468310786489802,-0.014364147737537573,0.7833248225086573
2021-09-08,INFOSYS,INFOSYS,1700.84997558594,-0.016993296759900467,0.017138504178781475,-0.9864910775406392
2021-09-09,INFOSYS,INFOSYS,1685.90002441406,-0.008828551428846865,0.008867638030360612,-0.5271980777965466
2021-09-13,INFOSYS,INFOSYS,1683,-0.0017216451122710197,0.0017231279940938793,-0.12741190092398114
2021-09-14,INFOSYS,INFOSYS,1695.94995117188,0.0076651118033757015,-0.007635809749534029,0.4006231530608738
2021-09-15,INFOSYS,INFOSYS,1693.25,-0.0015932678991683602,0.001594537824822089,-0.12019027270241545
2021-09-16,INFOSYS,INFOSYS,1715.19995117188,0.012879904313582102,-0.012797313314335793,0.693971885684069
2021-09-17,INFOSYS,INFOSYS,1697,-0.010667677174368784,0.010724779712362995,-0.6306547744010017
2021-09-20,INFOSYS,INFOSYS,1685,-0.007096422447764539,0.007121661721068249,-0.42976029089593015
2021-09-21,INFOSYS,INFOSYS,1700,0.008862687257845003,-0.008823529411764706,0.4679905969432062
2021-09-22,INFOSYS,INFOSYS,1717,0.009950330853168765,-0.009900990099009901,0.5291740226709181
2021-09-23,INFOSYS,INFOSYS,1732,0.008698228224904625,-0.008660508083140877,0.4587392511251141
2021-09-24,INFOSYS,INFOSYS,1758,0.014899989122741708,-0.01478953356086462,0.8076081075276842
2021-09-27,INFOSYS,INFOSYS,1768.75,0.0060962831464257405,-0.00607773851590106,0.3123715309074541
2021-09-28,INFOSYS,INFOSYS,1710,-0.033779711894842634,0.03435672514619883,-1.9307805378563876
2021-09-29,INFOSYS,INFOSYS,1659.25,-0.03012767747067091,0.03058610818140726,-1.7253419383857496
2021-09-30,INFOSYS,INFOSYS,1703,0.026025708636653988,-0.025689958896065766,1.4334653612035009
2021-10-01,INFOSYS,INFOSYS,1665.09997558594,-0.022506234653835833,0.022761410707920513,-1.2966114401534927
2021-10-04,INFOSYS,INFOSYS,1672.5,0.00443434599353143,-0.0044245287976442445,0.21888225850654452
2021-10-05,INFOSYS,INFOSYS,1671,-8.972634069905894e-4,8.976660682226212e-4,-0.08103779726239975
2021-10-06,INFOSYS,INFOSYS,1702.09997558594,0.018440518875040723,-0.01827153283122161,1.006774213104966
2021-10-07,INFOSYS,INFOSYS,1687,-0.008910964924465858,0.008950785765228217,-0.5318341001202599
2021-10-08,INFOSYS,INFOSYS,1705.25,0.01075992398886072,-0.010702243072863217,0.5747162220644562
2021-10-11,INFOSYS,INFOSYS,1682,-0.013728166001935271,0.013822829964328182,-0.8028170449068355
2021-10-12,INFOSYS,INFOSYS,1677,-0.0029770787096845552,0.0029815146094215863,-0.19803405012225175
2021-10-13,INFOSYS,INFOSYS,1695.94995117188,0.011236544170972529,-0.011173649999981322,0.6015276294390746
2021-10-14,INFOSYS,INFOSYS,1754,0.033655866937946755,-0.033095808909988596,1.8626861332701956
2021-10-18,INFOSYS,INFOSYS,1740,-0.00801378072355341,0.008045977011494253,-0.481364623577916
2021-10-19,INFOSYS,INFOSYS,1814,0.04164923846650659,-0.040793825799338476,2.312338809325861
2021-10-20,INFOSYS,INFOSYS,1829.40002441406,0.008453705892573993,-0.00841807379935533,0.4449840890267311
2021-10-21,INFOSYS,INFOSYS,1814,-0.008453705892573993,0.008489539368280043,-0.506111819277185
2021-10-22,INFOSYS,INFOSYS,1749.90002441406,-0.035975694295691696,0.03663065014665816,-2.054311560977854
2021-10-25,INFOSYS,INFOSYS,1722.05004882812,-0.01604318745395794,0.016172570364544465,-0.933044394819074
2021-10-26,INFOSYS,INFOSYS,1710.05004882812,-0.006992831536497768,0.007017338473937344,-0.423932971309977
2021-10-27,INFOSYS,INFOSYS,1709.09997558594,-5.557365192210284e-4,5.558909693707519e-4,-0.06182581912760876
2021-10-28,INFOSYS,INFOSYS,1719.34997558594,0.005979396336617704,-0.005961555323550045,0.3057962745668784
2021-10-29,INFOSYS,INFOSYS,1699,-0.011906455534398397,0.01197761953263096,-0.7003400133063791
2021-11-01,INFOSYS,INFOSYS,1677.5,-0.012735252826095333,0.012816691505216096,-0.7469625078054075
2021-11-02,INFOSYS,INFOSYS,1695,0.010378150968713307,-0.01032448377581121,0.5532402704536188
2021-11-03,INFOSYS,INFOSYS,1709,0.008225663301040242,-0.008191925102399064,0.4321559649777707
2021-11-04,INFOSYS,INFOSYS,1715,0.0035046764844492984,-0.003498542274052478,0.16658537963480613
2021-11-08,INFOSYS,INFOSYS,1730,0.008708327891784329,-0.008670520231213872,0.4593073896413126
2021-11-09,INFOSYS,INFOSYS,1734.75,0.002741902287834108,-0.0027381467070183023,0.12367689508495336
2021-11-10,INFOSYS,INFOSYS,1726,-0.0050567181362852764,0.005069524913093859,-0.3150204093901238
2021-11-11,INFOSYS,INFOSYS,1732.94995117188,0.0040185377774628606,-0.004010474259328844,0.19549171843057075
2021-11-12,INFOSYS,INFOSYS,1743,0.005782636099184835,-0.005765948839999999,0.29472788283919554
2021-11-15,INFOSYS,INFOSYS,1782.09997558594,0.02218466395943075,-0.021940393985519384,1.2173943313769091
2021-11-16,INFOSYS,INFOSYS,1790,0.004423189355349244,-0.004413421460368714,0.21825466197903257
2021-11-17,INFOSYS,INFOSYS,1792.55004882812,0.001423594492207414,-0.00142258166224541,0.04951787144264434
2021-11-18,INFOSYS,INFOSYS,1781.59997558594,-0.006127391087296985,0.006146201948941255,-0.3752491821780333
2021-11-22,INFOSYS,INFOSYS,1784,0.0013462109002437828,-0.001345305164831838,0.04516479726295962
2021-11-23,INFOSYS,INFOSYS,1735.09997558594,-0.027792999603022395,0.02818282813792707,-1.5940088523199505
2021-11-24,INFOSYS,INFOSYS,1740,0.0028200786716423565,-0.0028161059850919535,0.1280745663377175
2021-11-25,INFOSYS,INFOSYS,1700,-0.023256862164267922,0.023529411764705882,-1.3388366348139116
2021-11-26,INFOSYS,INFOSYS,1702.55004882812,0.0014989048031406327,-0.001497782006394008,0.05375431694305576
2021-11-29,INFOSYS,INFOSYS,1691,-0.006807085948867808,0.0068303068173388515,-0.4134841888099931
2021-11-30,INFOSYS,INFOSYS,1704.55004882812,0.007981105010471445,-0.007949340553206796,0.41839878011362136
2021-12-01,INFOSYS,INFOSYS,1715,0.006111905690988628,-0.006093265989434404,0.3132503489312124
2021-12-02,INFOSYS,INFOSYS,1715,0,0,-0.03056386512522596
2021-12-03,INFOSYS,INFOSYS,1771.09997558594,0.03218772807785886,-0.03167521673494475,1.7800986337524745
2021-12-06,INFOSYS,INFOSYS,1730,-0.02347940018607453,0.0237572113213526,-1.351355109236396
2021-12-07,INFOSYS,INFOSYS,1701.09997558594,-0.01684632222821225,0.016989021708794894,-0.9782232907563632
2021-12-08,INFOSYS,INFOSYS,1733,0.018578924451993828,-0.018407400123519907,1.0145599688196827
2021-12-09,INFOSYS,INFOSYS,1759,0.014891455021952105,-0.014781125639567936,0.8071280371038219
2021-12-10,INFOSYS,INFOSYS,1760,5.683432946392841e-4,-5.681818181818182e-4,0.00140726025530978
2021-12-13,INFOSYS,INFOSYS,1767.05004882812,0.003997708067543293,-0.003989727870354029,0.19431998072594328
2021-12-14,INFOSYS,INFOSYS,1730.90002441406,-0.020669998562551584,0.02088510249244315,-1.1933172958283065
2021-12-15,INFOSYS,INFOSYS,1745,0.008113037099338527,-0.008080215235495703,0.4258203814498362
2021-12-16,INFOSYS,INFOSYS,1762.65002441406,0.010063816662301939,-0.01001334591075572,0.5355579618621759
2021-12-17,INFOSYS,INFOSYS,1820,0.0320181287720116,-0.03151097559667033,1.770558131167428
2021-12-20,INFOSYS,INFOSYS,1801.69995117188,-0.010105864550324917,0.010157101251080733,-0.5990510200977334
2021-12-21,INFOSYS,INFOSYS,1801,-3.8857034456007966e-4,3.886458477956703e-4,-0.05242218794221124
2021-12-22,INFOSYS,INFOSYS,1825,0.013237920840635908,-0.01315068493150685,0.7141114586898442
2021-12-23,INFOSYS,INFOSYS,1831.25,0.0034188067487859186,-0.0034129692832764505,0.16175493277073472
2021-12-24,INFOSYS,INFOSYS,1872.94995117188,0.022515908110737115,-0.022264316857900496,1.2360278727468412
2021-12-27,INFOSYS,INFOSYS,1860,-0.006938214168868306,0.006962339339720431,-0.42086056995519416
2021-12-28,INFOSYS,INFOSYS,1880.69995117188,0.011067534278048186,-0.01100651444106312,0.5920202832132789
2021-12-29,INFOSYS,INFOSYS,1883.5,0.0014877261468004832,-0.001486620030857445,0.05312548182390209
2021-12-30,INFOSYS,INFOSYS,1884.5,5.307855750951163e-4,-5.306447333510214e-4,-7.054814131501319e-4
2021-12-31,INFOSYS,INFOSYS,1890,0.002914295346498008,-0.00291005291005291,0.13337455518805902
2022-01-03,INFOSYS,INFOSYS,1887.75,-0.0011911853701533914,0.0011918951132300357,-0.09757184635741652
2022-01-04,INFOSYS,INFOSYS,1898.44995117188,0.005652094340003799,-0.0056361513061090225,0.2873844919880307
2022-01-05,INFOSYS,INFOSYS,1900,8.161481309931773e-4,-8.158151726947357e-4,0.01534707368797955
2022-01-06,INFOSYS,INFOSYS,1828,-0.038631413140437054,0.03938730853391685,-2.2037042272794607
2022-01-07,INFOSYS,INFOSYS,1815.44995117188,-0.006889129057250365,0.006912913693940663,-0.4180993756688289
2022-01-10,INFOSYS,INFOSYS,1815,-2.478762578936866e-4,2.4790698175206733e-4,-0.0445076962476026
2022-01-11,INFOSYS,INFOSYS,1855,0.02179922834258452,-0.0215633423180593,1.1957123470048514
2022-01-12,INFOSYS,INFOSYS,1868.90002441406,0.007465339498052614,-0.0074375430640908425,0.3893853228950607
2022-01-13,INFOSYS,INFOSYS,1905,0.01913197302121361,-0.018950118417816273,1.0456707170502082
2022-01-14,INFOSYS,INFOSYS,1882,-0.01214696741547705,0.012221041445270989,-0.7138695747140243
2022-01-17,INFOSYS,INFOSYS,1938.55004882812,0.029605254960006988,-0.02917131227140887,1.6348262735056085
2022-01-18,INFOSYS,INFOSYS,1922.09997558594,-0.0085219704940096,0.008558385854599107,-0.5099519211172736
2022-01-19,INFOSYS,INFOSYS,1916,-0.003178646080516323,0.0031837033329540714,-0.20937285845563436
2022-01-20,INFOSYS,INFOSYS,1844,-0.03830255441426633,0.039045553145336226,-2.185204873691533
2022-01-21,INFOSYS,INFOSYS,1795,-0.026932103194160284,0.027298050139275765,-1.5455806799688363
2022-01-24,INFOSYS,INFOSYS,1765,-0.01685433155498206,0.0169971671388102,-0.9786738409656642
2022-01-25,INFOSYS,INFOSYS,1726.59997558594,-0.021996547705938063,0.022240255390382793,-1.2679399216016465
2022-01-27,INFOSYS,INFOSYS,1702,-0.014350112528139114,0.014453569674465335,-0.8378035232498142
2022-01-28,INFOSYS,INFOSYS,1681,-0.012415175724703964,0.012492563950029744,-0.7289571486562078
2022-01-31,INFOSYS,INFOSYS,1718,0.021771969135584435,-0.021536670547147845,1.1941789295563314
2022-02-01,INFOSYS,INFOSYS,1766.09997558594,0.027612888334411778,-0.02723513745023514,1.5227492880080846
2022-02-02,INFOSYS,INFOSYS,1789,0.012883092630106674,-0.012800460823957518,0.6941512386707693
2022-02-03,INFOSYS,INFOSYS,1779,-0.005605395842883887,0.005621135469364812,-0.3458852826395214
2022-02-04,INFOSYS,INFOSYS,1732,-0.02677459854345443,0.027136258660508082,-1.5367205403609427
2022-02-07,INFOSYS,INFOSYS,1722.19995117188,-0.005674295212493519,0.005690424518623115,-0.3497610922165857
2022-02-08,INFOSYS,INFOSYS,1710,-0.007109144413181667,0.007134474369520469,-0.4304759420794268
2022-02-09,INFOSYS,INFOSYS,1735,0.014514042884254508,-0.01440922190201729,0.7858973990575997
2022-02-10,INFOSYS,INFOSYS,1755.65002441406,0.011831759225196414,-0.01176203920308767,0.6350103771137128
2022-02-11,INFOSYS,INFOSYS,1740,-0.008954059397581204,0.008994266904632182,-0.5342583018592241
2022-02-14,INFOSYS,INFOSYS,1690,-0.029156584291455623,0.029585798816568046,-1.6707148457786412
2022-02-15,INFOSYS,INFOSYS,1699,0.005311313754813085,-0.00529723366686286,0.26821449575661666
2022-02-16,INFOSYS,INFOSYS,1738.25,0.022839017307195064,-0.022580181216740974,1.2542037969268107
2022-02-17,INFOSYS,INFOSYS,1744,0.0033024654897975125,-0.0032970183486238534,0.1552103654060667
2022-02-18,INFOSYS,INFOSYS,1710,-0.019687954972219757,0.019883040935672516,-1.1380742076247392
2022-02-21,INFOSYS,INFOSYS,1701,-0.005277057100843585,0.005291005291005291,-0.32741517981949964
2022-02-22,INFOSYS,INFOSYS,1699.90002441406,-6.468732490807483e-4,6.470825167022117e-4,-0.06695255123582665
2022-02-23,INFOSYS,INFOSYS,1750,0.029046347770778524,-0.028628557477680002,1.6033859591895836
2022-02-24,INFOSYS,INFOSYS,1690.09997558594,-0.03482810359871191,0.0354417047981397,-1.989755919335309
2022-02-25,INFOSYS,INFOSYS,1715,0.014625396281192415,-0.014518964672921282,0.7921613832528135
2022-02-28,INFOSYS,INFOSYS,1682.19995117188,-0.019310649098049915,0.019498305659366073,-1.1168495472413842
2022-03-02,INFOSYS,INFOSYS,1710,0.01639093899471522,-0.016257338495976607,0.8914787993130505
2022-03-03,INFOSYS,INFOSYS,1720.19995117188,0.0059471642355317655,-0.005929514859555322,0.3039831159446088
2022-03-04,INFOSYS,INFOSYS,1695.25,-0.014610312168285233,0.014717564472425898,-0.8524405839797451
2022-03-07,INFOSYS,INFOSYS,1697,0.001031763670274799,-0.0010312315851502651,0.02747613636080379
2022-03-08,INFOSYS,INFOSYS,1718.44995117188,0.012560707077231115,-0.012482150648177108,0.6760160217533006
2022-03-09,INFOSYS,INFOSYS,1791,0.041351429749253654,-0.040508123298782804,2.2955861179006005
2022-03-10,INFOSYS,INFOSYS,1844.75,0.02956964387776484,-0.02913673939558206,1.6328230364021898
2022-03-11,INFOSYS,INFOSYS,1814,-0.016809415263394634,0.01695148842337376,-0.976147156119492
2022-03-14,INFOSYS,INFOSYS,1831.55004882812,0.009628277857900436,-0.009582074396137326,0.5110575131809589
2022-03-15,INFOSYS,INFOSYS,1888.34997558594,0.03054078941861693,-0.030079131248006843,1.6874530745185936
2022-03-16,INFOSYS,INFOSYS,1865,-0.012442365873683414,0.012520094147957106,-0.7304866813705417
2022-03-17,INFOSYS,INFOSYS,1923.30004882812,0.030781432971083156,-0.030312508369998024,1.7009900428623304
2022-03-21,INFOSYS,INFOSYS,1861,-0.03292850840674788,0.03347665170774852,-1.8828976232536976
2022-03-22,INFOSYS,INFOSYS,1850,-0.005928338569880509,0.005945945945945946,-0.36405184238064353
2022-03-23,INFOSYS,INFOSYS,1897,0.02508805186264418,-0.024775962045334738,1.3807191731714563
2022-03-24,INFOSYS,INFOSYS,1856.15002441406,-0.021769227735964236,0.02200790617602977,-1.2551524473231639
2022-03-25,INFOSYS,INFOSYS,1892,0.019130007412773153,-0.018948190055993658,1.045560145298093
2022-03-28,INFOSYS,INFOSYS,1866,-0.013837368204534073,0.013933547695605574,-0.808960017550412
2022-03-29,INFOSYS,INFOSYS,1873.90002441406,0.004224731202805643,-0.004215819580092175,0.20709075710397928
2022-03-30,INFOSYS,INFOSYS,1910,0.019081408430580815,-0.01890051077797906,1.042826297344383
2022-03-31,INFOSYS,INFOSYS,1900,-0.005249355886143725,0.005263157894736842,-0.3258568980262177
2022-04-01,INFOSYS,INFOSYS,1886.84997558594,-0.006945127140598473,0.006969300465966515,-0.4212494466922215
2022-04-04,INFOSYS,INFOSYS,1889.75,0.0015357861583522592,-0.001534607442286016,0.05582901095778073
2022-04-05,INFOSYS,INFOSYS,1883.80004882812,-0.0031535058635565605,0.0031584833940212316,-0.20795864096407465
2022-04-06,INFOSYS,INFOSYS,1855,-0.015406343267193812,0.015525632791439353,-0.8972198754925238
2022-04-07,INFOSYS,INFOSYS,1821.05004882812,-0.01847141143674147,0.018643063211649474,-1.0696397486093916
2022-04-08,INFOSYS,INFOSYS,1823,0.001070211073868954,-0.0010696386022380703,0.02963892559835363
2022-04-11,INFOSYS,INFOSYS,1814,-0.004949144003581374,0.004961411245865491,-0.3089690208775545
2022-04-12,INFOSYS,INFOSYS,1757.5,-0.03164200699026143,0.032147937411095305,-1.8105278100146496
2022-04-13,INFOSYS,INFOSYS,1754.94995117188,-0.0014520060422764658,0.0014530607134506514,-0.11224384211936708
2022-04-18,INFOSYS,INFOSYS,1605.5,-0.08900510411297535,0.09308623554772968,-5.03738521754394
2022-04-19,INFOSYS,INFOSYS,1636.65002441406,0.019216250156741665,-0.019032795007724437,1.0504115750705347
2022-04-20,INFOSYS,INFOSYS,1575,-0.038396212426576426,0.039142872643847616,-2.19047343598953
2022-04-21,INFOSYS,INFOSYS,1595,0.01261846395921129,-0.012539184952978056,0.6792650308166603
2022-04-22,INFOSYS,INFOSYS,1604.34997558594,0.00584493867574043,-0.005827890253512303,0.29823260173953353
2022-04-25,INFOSYS,INFOSYS,1572.80004882812,-0.01986117345643823,0.02005971883160074,-1.1478183005513578
2022-04-26,INFOSYS,INFOSYS,1577.19995117188,0.0027935906064877614,-0.002789692163311836,0.12658452808065954
2022-04-27,INFOSYS,INFOSYS,1572.75,-0.0028254125945954556,0.002829407834608172,-0.18950234678868377
2022-04-28,INFOSYS,INFOSYS,1570,-0.001750060107785778,0.0017515923566878981,-0.12901033516758703
2022-04-29,INFOSYS,INFOSYS,1590,0.012658396871923827,-0.012578616352201259,0.6815113846861748
2022-05-02,INFOSYS,INFOSYS,1550.90002441406,-0.02489859290700469,0.025211151570335568,-1.4311892321124209
2022-05-04,INFOSYS,INFOSYS,1547.25,-0.002356261687801897,0.0023590398539731776,-0.16311111000456985
2022-05-05,INFOSYS,INFOSYS,1560.05004882812,0.008238741691605433,-0.00820489627094666,0.43289166621409103
2022-05-06,INFOSYS,INFOSYS,1550,-0.006462972397783595,0.006483902469754837,-0.3941267026029741
2022-05-09,INFOSYS,INFOSYS,1540,-0.006472514505618143,0.006493506493506494,-0.394663476642237
2022-05-10,INFOSYS,INFOSYS,1558,0.011620531023019076,-0.011553273427471117,0.6231281161643355
2022-05-11,INFOSYS,INFOSYS,1549.94995117188,-0.005180306605249818,0.005193747592968114,-0.32197265546063786
2022-05-12,INFOSYS,INFOSYS,1514,-0.023467485828049917,0.023745013984068693,-1.3506848885479137
2022-05-13,INFOSYS,INFOSYS,1519.30004882812,0.0034945795908898347,-0.0034884806541065267,0.16601739712671432
2022-05-16,INFOSYS,INFOSYS,1510,-0.006140083779313521,0.006158972733854303,-0.3759631866392802
2022-05-17,INFOSYS,INFOSYS,1494.90002441406,-0.010050319521934803,0.010100993604477715,-0.5959264348625657
2022-05-18,INFOSYS,INFOSYS,1522,0.017965928134596076,-0.017805503013101184,0.9800769683053414
2022-05-19,INFOSYS,INFOSYS,1481,-0.027307724153832424,0.027683997299122215,-1.566710558530823
2022-05-20,INFOSYS,INFOSYS,1453,-0.01908715069751654,0.019270474879559532,-1.1042770484484317
2022-05-23,INFOSYS,INFOSYS,1455.09997558594,0.0014442254176811886,-0.001443183026028423,0.05067842688726255
2022-05-24,INFOSYS,INFOSYS,1468.59997558594,0.009234939405510012,-0.009192428315691472,0.4889309690711527
2022-05-25,INFOSYS,INFOSYS,1435,-0.02314470019975179,0.023414617133059236,-1.3325271661102822
2022-05-26,INFOSYS,INFOSYS,1418,-0.011917421101649062,0.011988716502115656,-0.7009568614837469
2022-05-27,INFOSYS,INFOSYS,1443.94995117188,0.018134951906763064,-0.01797150320260031,0.9895850952829042
2022-05-30,INFOSYS,INFOSYS,1487,0.029378287461319097,-0.02895094070485541,1.622058626862659
2022-05-31,INFOSYS,INFOSYS,1510.69995117188,0.01581241976800385,-0.015688059798701574,0.8589352452556556
2022-06-01,INFOSYS,INFOSYS,1513,0.0015213475601969506,-0.0015201908976338386,0.05501679370054081
2022-06-02,INFOSYS,INFOSYS,1484,-0.019353290061030037,0.01954177897574124,-1.1192482375868784
2022-06-03,INFOSYS,INFOSYS,1524.90002441406,0.027187705403910023,-0.026821446494353463,1.498831390306225
2022-06-06,INFOSYS,INFOSYS,1516,-0.0058535629289186986,0.005870728505316622,-0.35984547377361914
2022-06-07,INFOSYS,INFOSYS,1519.84997558594,0.0025363424944044866,-0.0025331286954528125,0.11211350023029304
2022-06-08,INFOSYS,INFOSYS,1520.19995117188,2.3024331568066714e-4,-2.3021681172283597e-4,-0.01761194331476642
2022-06-09,INFOSYS,INFOSYS,1485,-0.02342710077560195,0.023703670822814816,-1.348413100374341
2022-06-10,INFOSYS,INFOSYS,1486.09997558594,7.40450099447898e-4,-7.401760339214745e-4,0.01108881766488272
2022-06-13,INFOSYS,INFOSYS,1443.59997558594,-0.029015245479543594,0.02944028866635978,-1.6627640862299615
2022-06-14,INFOSYS,INFOSYS,1410,-0.023550272484490264,0.023829769919106385,-1.3553419023595907
2022-06-15,INFOSYS,INFOSYS,1440.19995117188,0.021192254538843436,-0.020969276625309233,1.1615681321172595
2022-06-16,INFOSYS,INFOSYS,1438,-0.001528699630065411,0.0015298686869819208,-0.11655810136064194
2022-06-17,INFOSYS,INFOSYS,1391.05004882812,-0.03319436653889252,0.03375144640657081,-1.8978529922294651
2022-06-20,INFOSYS,INFOSYS,1390.05004882812,-7.191399144099719e-4,7.193985575145649e-4,-0.07101778195086507
2022-06-21,INFOSYS,INFOSYS,1424,0.024130060144231358,-0.02384125784542135,1.3268290795752644
2022-06-22,INFOSYS,INFOSYS,1436.05004882812,0.008426509973271656,-0.008391106450609689,0.44345423171329906
2022-06-23,INFOSYS,INFOSYS,1439.80004882812,0.002607926003135752,-0.0026045283183954568,0.11614030120499244
2022-06-24,INFOSYS,INFOSYS,1458,0.012561384620275007,-0.012482819733799727,0.6760541357133012
2022-06-27,INFOSYS,INFOSYS,1468.05004882812,0.006869389231863643,-0.006845848911038497,0.35586121719940284
2022-06-28,INFOSYS,INFOSYS,1469,6.468743734098226e-4,-6.46665195289314e-4,0.00582488423248191
2022-06-29,INFOSYS,INFOSYS,1464.69995117188,-0.0029314871862178293,0.0029357881965378684,-0.1954693813264843
2022-06-30,INFOSYS,INFOSYS,1465.05004882812,2.3899490257317524e-4,-2.3896634556617056e-4,-0.01711963860309391
2022-07-01,INFOSYS,INFOSYS,1454,-0.007571025796767827,0.007599758478762034,-0.4564582449672403
2022-07-04,INFOSYS,INFOSYS,1480.25,0.017892613318420736,-0.017733490964364128,0.9759527757578564
2022-07-05,INFOSYS,INFOSYS,1498.80004882812,0.012453828085789098,-0.01237660009593934,0.6700037371566815
2022-07-06,INFOSYS,INFOSYS,1482.19995117188,-0.011137382923419814,0.011199634464375314,-0.6570772228340384
2022-07-07,INFOSYS,INFOSYS,1503.05004882812,0.013968971911150874,-0.013871858540237,0.7552354160857943
2022-07-08,INFOSYS,INFOSYS,1515,0.007919029458063775,-0.00788775654909571,0.4149068320467301
2022-07-11,INFOSYS,INFOSYS,1495,-0.013289232118682826,0.013377926421404682,-0.7781256121977691
2022-07-12,INFOSYS,INFOSYS,1461.80004882812,-0.022457620375758935,0.022711691108845824,-1.2938767317575015
2022-07-13,INFOSYS,INFOSYS,1450,-0.008105030034407434,0.008137964709048274,-0.48649768872656496
2022-07-14,INFOSYS,INFOSYS,1451,6.894174695677435e-4,-6.891798759476223e-4,0.00821806925666137
2022-07-15,INFOSYS,INFOSYS,1446,-0.0034518501654776657,0.003457814661134163,-0.22474146073735543
2022-07-18,INFOSYS,INFOSYS,1450,0.002762432695909922,-0.002758620689655172,0.12483179610501424
2022-07-19,INFOSYS,INFOSYS,1471.55004882812,0.014752743796118573,-0.01464445524315095,0.7993250876634997
2022-07-20,INFOSYS,INFOSYS,1501.25,0.019981794183454582,-0.019783481213575354,1.093475871409081
2022-07-21,INFOSYS,INFOSYS,1517,0.010436605954338596,-0.01038233355306526,0.5565285500764617
2022-07-22,INFOSYS,INFOSYS,1534,0.011144002578669543,-0.01108213820078227,0.5963218693318401
2022-07-25,INFOSYS,INFOSYS,1480.09997558594,-0.03576906637893007,0.03641647544296603,-2.042688080774606
2022-07-26,INFOSYS,INFOSYS,1496.65002441406,0.011119656912924825,-0.011058062043996798,0.5949523478835961
2022-07-27,INFOSYS,INFOSYS,1451,-0.030976319577008304,0.031461078162687804,-1.7730807670845767
2022-07-28,INFOSYS,INFOSYS,1496.40002441406,0.030809265904999883,-0.03033949724228127,1.702555734282223
2022-07-29,INFOSYS,INFOSYS,1532.80004882812,0.024033920282914067,-0.02374740556792721,1.321420905344615
2022-08-01,INFOSYS,INFOSYS,1564,0.020150482033154837,-0.019948817884833762,1.102965101675004
2022-08-02,INFOSYS,INFOSYS,1546.55004882812,-0.01121996686032567,0.011283146759526144,-0.66172283302443
2022-08-03,INFOSYS,INFOSYS,1549,0.0015828861719375809,-0.001581634068353778,0.05847853714021497
2022-08-04,INFOSYS,INFOSYS,1587.5,0.02455089034997826,-0.02425196850393701,1.3505021226088578
2022-08-05,INFOSYS,INFOSYS,1608.40002441406,0.013079459435369145,-0.012994295011698893,0.7051974985823981
2022-08-08,INFOSYS,INFOSYS,1617,0.005332669374890742,-0.005318475934409401,0.26941581758715283
2022-08-10,INFOSYS,INFOSYS,1621.19995117188,0.0025940050585413488,-0.0025906435346510336,0.1153572036137218
2022-08-11,INFOSYS,INFOSYS,1630,0.0054134291651601885,-0.005398802962036808,0.27395881370367164
2022-08-12,INFOSYS,INFOSYS,1613.30004882812,-0.010298213862721894,0.010351422963143545,-0.6098712832054234
2022-08-16,INFOSYS,INFOSYS,1609,-0.0026689329457028066,0.002672497717911745,-0.1806998668062173
2022-08-17,INFOSYS,INFOSYS,1596.44995117188,-0.007830484422657769,0.007861222845669286,-0.4710536212787281
2022-08-18,INFOSYS,INFOSYS,1594.09997558594,-0.0014730852453874732,0.00147417076841509,-0.11342961461278876
2022-08-19,INFOSYS,INFOSYS,1585.30004882812,-0.00553560367460193,0.005550953438956275,-0.34195925028586616
2022-08-22,INFOSYS,INFOSYS,1586,4.4142854505668794e-4,-4.413311298108463e-4,-0.00573209972274439
2022-08-23,INFOSYS,INFOSYS,1548,-0.024251348045120302,0.02454780361757106,-1.3947796415949247
2022-08-24,INFOSYS,INFOSYS,1535,-0.008433394128375404,0.008469055374592834,-0.5049692176734778
2022-08-25,INFOSYS,INFOSYS,1548,0.008433394128375404,-0.008397932816537468,0.4438414874230224
2022-08-26,INFOSYS,INFOSYS,1535.15002441406,-0.008335663129573234,0.008370501502512506,-0.49947153687782914
2022-08-29,INFOSYS,INFOSYS,1468.55004882812,-0.044352559363197486,0.04535083815433171,-2.5255369733214104
2022-08-30,INFOSYS,INFOSYS,1473.09997558594,0.0030934545907363997,-0.003088674790053014,0.14345283483814483
2022-09-01,INFOSYS,INFOSYS,1460.05004882812,-0.008898292113542539,0.008937999603708289,-0.5311212140340552
2022-09-02,INFOSYS,INFOSYS,1478,0.012219107374050964,-0.012144757220487147,0.6567999475190629
2022-09-05,INFOSYS,INFOSYS,1451,-0.018436848623959,0.018607856650585803,-1.0676954800108216
2022-09-06,INFOSYS,INFOSYS,1461.30004882812,0.007073510010584094,-0.007048551621126718,0.3673436628810804
2022-09-07,INFOSYS,INFOSYS,1440,-0.014683370324725331,0.014791700575083331,-0.856550338597461
2022-09-08,INFOSYS,INFOSYS,1475,0.024014876203873214,-0.023728813559322035,1.3203496150795504
2022-09-09,INFOSYS,INFOSYS,1488,0.008774946619117152,-0.008736559139784945,0.4630549058068649
2022-09-12,INFOSYS,INFOSYS,1525.80004882812,0.025085958264742914,-0.024773920316198746,1.3806014016034382
2022-09-13,INFOSYS,INFOSYS,1551.90002441406,0.01696110775152171,-0.01681807795305267,0.9235526127702391
2022-09-14,INFOSYS,INFOSYS,1497,-0.03601689698967281,0.03667336300204409,-2.0566293440989365
2022-09-15,INFOSYS,INFOSYS,1475,-0.014805115645708966,0.014915254237288136,-0.8633989017077393
2022-09-16,INFOSYS,INFOSYS,1425,-0.03448617607116855,0.03508771929824561,-1.9705214039337249
2022-09-19,INFOSYS,INFOSYS,1392,-0.023430251808385982,0.023706896551724137,-1.3485903560315191
2022-09-20,INFOSYS,INFOSYS,1407.94995117188,0.01139314914914813,-0.011328493004033536,0.6103371595940028
2022-09-21,INFOSYS,INFOSYS,1379.90002441406,-0.02012366059337456,0.020327506530576883,-1.162584040281088
2022-09-22,INFOSYS,INFOSYS,1366.34997558594,-0.009868117459297387,0.009916967885412556,-0.5856769869599956
2022-09-23,INFOSYS,INFOSYS,1367.5,8.413223052947671e-4,-8.40968492914076e-4,0.01676320138847679
2022-09-26,INFOSYS,INFOSYS,1360,-0.005499555566038872,0.0055147058823529415,-0.3399314290562121
2022-09-27,INFOSYS,INFOSYS,1393.44995117188,0.02429795163150672,-0.024005132831465433,1.336273511911519
2022-09-28,INFOSYS,INFOSYS,1379,-0.010424052568302145,0.010478572278375635,-0.6169501122719273
2022-09-29,INFOSYS,INFOSYS,1404.90002441406,0.018607544442096113,-0.018435492892002827,1.0161699346634914
2022-09-30,INFOSYS,INFOSYS,1388.94995117188,-0.011418112403896785,0.01148354786198211,-0.6728691526464928
2022-10-03,INFOSYS,INFOSYS,1412,0.01645910822168606,-0.01632439718705382,0.8953135360349089
2022-10-04,INFOSYS,INFOSYS,1419.69995117188,0.005438408223073843,-0.005423646852649491,0.2753639654842958
2022-10-06,INFOSYS,INFOSYS,1445,0.01766377427027166,-0.017508684310117647,0.9630798484806764
2022-10-07,INFOSYS,INFOSYS,1446.34997558594,9.338030300281019e-4,-9.333671716578167e-4,0.02196553750053606
2022-10-10,INFOSYS,INFOSYS,1426.34997558594,-0.013924408039455827,0.01402180414507601,-0.8138562862345368
2022-10-11,INFOSYS,INFOSYS,1462.65002441406,0.025131159103795042,-0.02481800035703131,1.3831440931532086
2022-10-12,INFOSYS,INFOSYS,1437,-0.017692268561875224,0.017849703837202503,-1.0258104736330258
2022-10-13,INFOSYS,INFOSYS,1431,-0.004184106522574282,0.0041928721174004195,-0.2659332193526746
2022-10-14,INFOSYS,INFOSYS,1485,0.03704127168034965,-0.03636363636363636,2.0531259616346955
2022-10-17,INFOSYS,INFOSYS,1476.90002441406,-0.005469459273924393,0.005484444073425726,-0.33823841650947395
2022-10-18,INFOSYS,INFOSYS,1510,0.022164337846094284,-0.021920513633072847,1.2162509225883782
2022-10-19,INFOSYS,INFOSYS,1504,-0.003981425299184771,0.003989361702127659,-0.2545317532557345
2022-10-20,INFOSYS,INFOSYS,1475,-0.019470235735865593,0.01966101694915254,-1.1258268052732028
2022-10-21,INFOSYS,INFOSYS,1500.30004882812,0.017007130864618247,-0.016863326004609405,0.926141559861004
2022-10-24,INFOSYS,INFOSYS,1518.5,0.012057884847265221,-0.011985479862943696,0.6477306655082505
2022-10-25,INFOSYS,INFOSYS,1528.09997558594,0.006302112148666161,-0.0062822954906853875,0.3239500696174944
2022-10-27,INFOSYS,INFOSYS,1530.80004882812,0.0017653888142028507,-0.0017638314319672222,0.06874489360679546
2022-10-28,INFOSYS,INFOSYS,1526,-0.0031405736042700028,0.0031455103722935764,-0.20723116007881545
2022-10-31,INFOSYS,INFOSYS,1530.25,0.002781187886776948,-0.0027773239666721125,0.1258868354877226
2022-11-01,INFOSYS,INFOSYS,1553.05004882812,0.014789650089543471,-0.014680820392957818,0.8014011845323062
2022-11-02,INFOSYS,INFOSYS,1572,0.012127923168429255,-0.012054676317989824,0.6516705447476207
2022-11-03,INFOSYS,INFOSYS,1538.75,-0.02137829549048842,0.021608448415922014,-1.2331612600367692
2022-11-04,INFOSYS,INFOSYS,1520.44995117188,-0.011964086955951636,0.012035942922037858,-0.7035819648200101
2022-11-07,INFOSYS,INFOSYS,1521.40002441406,6.24668067589873e-4,-6.244730031116573e-4,0.00457570861218501
2022-11-09,INFOSYS,INFOSYS,1529,0.004982947318760367,-0.004970553032007849,0.249742835059956
2022-11-10,INFOSYS,INFOSYS,1485,-0.029199154692261864,0.02962962962962963,-1.6731095667765497
2022-11-11,INFOSYS,INFOSYS,1546.65002441406,0.04067654518038477,-0.03986035847858715,2.25762170559516
2022-11-14,INFOSYS,INFOSYS,1575.15002441406,0.01825920390244118,-0.01809351462290185,0.996574666850076
2022-11-15,INFOSYS,INFOSYS,1577.84997558594,0.001712624060774992,-0.0017111583570404824,0.06577670771729635
2022-11-16,INFOSYS,INFOSYS,1597.15002441406,0.012157660821304539,-0.012084055056255927,0.6533433826918243
2022-11-17,INFOSYS,INFOSYS,1597.19995117188,3.12594162856783e-5,-3.1258927714949916e-5,-0.02880542312932838
2022-11-18,INFOSYS,INFOSYS,1591.69995117188,-0.003449468858893745,0.003455425123278201,-0.2246075046370616
2022-11-21,INFOSYS,INFOSYS,1582.09997558594,-0.006049533735506429,0.0060678691195760835,-0.3708694574951237
2022-11-22,INFOSYS,INFOSYS,1569,-0.008314589290558949,0.008349251488808159,-0.49828606613204857
2022-11-23,INFOSYS,INFOSYS,1588.90002441406,0.012603494526673309,-0.01252440311428565,0.6784229524301266
2022-11-24,INFOSYS,INFOSYS,1589,6.291927701074229e-5,-6.291729763373261e-5,-0.02702445485486651
2022-11-25,INFOSYS,INFOSYS,1631.40002441406,0.026333669294860584,-0.025989961860696034,1.4507891317286274
2022-11-28,INFOSYS,INFOSYS,1628,-0.0020862892690916013,0.002088467084803439,-0.14792429927012313
2022-11-29,INFOSYS,INFOSYS,1621.19995117188,-0.004185681926837326,0.004194454128378551,-0.2660218408736892
2022-11-30,INFOSYS,INFOSYS,1619.94995117188,-7.713312248034399e-4,7.71628777232126e-4,-0.07395370983833532
2022-12-01,INFOSYS,INFOSYS,1656.19995117188,0.022130537706735787,-0.021887453851420855,1.2143495568056013
2022-12-02,INFOSYS,INFOSYS,1656,-1.207361723754019e-4,1.2074346128019458e-4,-0.03735566040350932
2022-12-05,INFOSYS,INFOSYS,1638,-0.010929070532189833,0.01098901098901099,-0.6453589855624083
2022-12-06,INFOSYS,INFOSYS,1625,-0.007968169649177348,0.008,-0.47879885498101954
2022-12-07,INFOSYS,INFOSYS,1608,-0.010516645024925886,0.010572139303482588,-0.6221587336596477
2022-12-08,INFOSYS,INFOSYS,1605.5,-0.001555936209343578,0.0015571473061351605,-0.11809024592752314
2022-12-09,INFOSYS,INFOSYS,1628,0.013917033032917026,-0.01382063882063882,0.752313688313507
2022-12-12,INFOSYS,INFOSYS,1550,-0.04909733664919269,0.05032258064516129,-2.7924458485454857
2022-12-13,INFOSYS,INFOSYS,1547.19995117188,-0.0018081167732857395,0.0018097524020726508,-0.1322762080113406
2022-12-14,INFOSYS,INFOSYS,1582,0.022243055187591843,-0.021997502419797723,1.2206790244388026
2022-12-15,INFOSYS,INFOSYS,1569.30004882812,-0.008060178168338261,0.008092748854091818,-0.48397462802160696
2022-12-16,INFOSYS,INFOSYS,1525,-0.028635281117748157,0.029049212346308195,-1.641389877427545
2022-12-19,INFOSYS,INFOSYS,1507.94995117188,-0.01124332990243726,0.011306773686268444,-0.6630370787552778
2022-12-20,INFOSYS,INFOSYS,1501,-0.004619527505613341,0.004630213971938709,-0.2904270402059447
2022-12-21,INFOSYS,INFOSYS,1515,0.009283886310007539,-0.009240924092409241,0.49168438876561765
2022-12-22,INFOSYS,INFOSYS,1521.5,0.004281251393556396,-0.004272099901413079,0.21027019833613625
2022-12-23,INFOSYS,INFOSYS,1508.69995117188,-0.00844836985536368,0.00848415804492973,-0.5058116501430019
2022-12-26,INFOSYS,INFOSYS,1500.5,-0.005449934601240436,0.00546481251041653,-0.33714009131712347
2022-12-27,INFOSYS,INFOSYS,1509.94995117188,0.006278119459958376,-0.006258453245119712,0.3226004042548328
2022-12-28,INFOSYS,INFOSYS,1505.09997558594,-0.00321718040295238,0.0032223610820616023,-0.21154053715562243
2022-12-29,INFOSYS,INFOSYS,1504,-7.310994276421567e-4,7.313667459707455e-4,-0.07169054276403167
2022-12-30,INFOSYS,INFOSYS,1528,0.015831465216680662,-0.015706806282722512,0.8600066125671363
2023-01-02,INFOSYS,INFOSYS,1514,-0.009204535729072205,0.009247027741083224,-0.5483483954249734
2023-01-03,INFOSYS,INFOSYS,1519.84997558594,0.0038564746993277055,-0.0038490480507358564,0.1863751527219671
2023-01-04,INFOSYS,INFOSYS,1521,7.563835625710169e-4,-7.560975766337929e-4,0.01198512585053236
2023-01-05,INFOSYS,INFOSYS,1505.90002441406,-0.009977270954247608,0.010027209868606878,-0.5918172196428014
2023-01-06,INFOSYS,INFOSYS,1470,-0.024128341532263065,0.024421785315687075,-1.3878601324139723
2023-01-09,INFOSYS,INFOSYS,1448.19995117188,-0.014941028534482648,0.015053203675693712,-0.8710444357517282
2023-01-10,INFOSYS,INFOSYS,1482,0.02307115461773268,-0.02280705049130904,1.2672622619966014
2023-01-11,INFOSYS,INFOSYS,1470,-0.008130126083250033,0.00816326530612245,-0.4879094216205538
2023-01-12,INFOSYS,INFOSYS,1481.94995117188,0.008096354373909875,-0.008063667172046094,0.4248819248666324
2023-01-13,INFOSYS,INFOSYS,1483.5,0.0010454055841844223,-0.0010448593381327926,0.02824353758493932
2023-01-16,INFOSYS,INFOSYS,1510,0.017705490078093966,-0.017549668874172187,0.965426495894007
2023-01-17,INFOSYS,INFOSYS,1527,0.011195375409662311,-0.011132940406024885,0.5992117551391135
2023-01-18,INFOSYS,INFOSYS,1544.75,0.011557058722456048,-0.01149053244861628,0.619557596553023
2023-01-19,INFOSYS,INFOSYS,1539.90002441406,-0.0031445898524058435,0.0031495392616708623,-0.2074570868627616
2023-01-20,INFOSYS,INFOSYS,1538,-0.0012346240230938221,0.0012353864850845246,-0.10001540931065402
2023-01-23,INFOSYS,INFOSYS,1535,-0.0019524900442915438,0.001954397394136808,-0.14039766557487796
2023-01-24,INFOSYS,INFOSYS,1560,0.016155440222285655,-0.016025641025641024,0.8782312412766525
2023-01-25,INFOSYS,INFOSYS,1547,-0.00836824967051708,0.008403361344537815,-0.501304633874074
2023-01-27,INFOSYS,INFOSYS,1546,-6.466214256990455e-4,6.46830530401035e-4,-0.06693838536634605
2023-01-30,INFOSYS,INFOSYS,1528.80004882812,-0.011187804282450031,0.011250621809610995,-0.6599135853047947
2023-01-31,INFOSYS,INFOSYS,1548.90002441406,0.01306187145098825,-0.01297693541811629,0.7042081182921229
2023-02-01,INFOSYS,INFOSYS,1542.19995117188,-0.004335080578385941,0.004344490633065301,-0.2744259921418042
2023-02-02,INFOSYS,INFOSYS,1552,0.006334485005645263,-0.006314464451108246,0.3257711462083177
2023-02-03,INFOSYS,INFOSYS,1597.5,0.028895485508525276,-0.028482003129890455,1.5948994751451846
2023-02-06,INFOSYS,INFOSYS,1598,3.1294007453031014e-4,-3.1289111389236547e-4,-0.0129599865297211
2023-02-07,INFOSYS,INFOSYS,1569,-0.01831437359318766,0.018483110261312937,-1.0608058683945238
2023-02-08,INFOSYS,INFOSYS,1565.5,-0.0022332119665717798,0.002235707441711913,-0.15618917021467385
2023-02-09,INFOSYS,INFOSYS,1596.19995117188,0.019420512085220665,-0.019233148797768763,1.0619019608769338
2023-02-10,INFOSYS,INFOSYS,1612.94995117188,0.01043899638040724,-0.010384699158104924,0.5566630191768247
2023-02-13,INFOSYS,INFOSYS,1597,-0.009937901017075923,0.009987445943569194,-0.5896025349453317
2023-02-14,INFOSYS,INFOSYS,1584.69995117188,-0.007731785078466835,0.007761752512848981,-0.46550146796252695
2023-02-15,INFOSYS,INFOSYS,1584,-4.417907621743211e-4,4.4188836608586e-4,-0.05541600639733861
2023-02-16,INFOSYS,INFOSYS,1600,0.010050335853501124,-0.01,0.5347996233149264
2023-02-17,INFOSYS,INFOSYS,1594,-0.0037570488777118882,0.0037641154328732747,-0.24190986298096423
2023-02-20,INFOSYS,INFOSYS,1584.94995117188,-0.005693750085039362,0.005709990287976333,-0.3508554909282031
2023-02-21,INFOSYS,INFOSYS,1598.69995117188,0.008637938163333914,-0.008600738362393123,0.455347742619816
2023-02-22,INFOSYS,INFOSYS,1563,-0.022583717006978254,0.022840659738886757,-1.3009700699648596
2023-02-23,INFOSYS,INFOSYS,1569.84997558594,0.004373006403390001,-0.004363458733299197,0.2154317106674395
2023-02-24,INFOSYS,INFOSYS,1560,-0.0062942365812839185,0.006314086914064103,-0.3846347740513782
2023-02-27,INFOSYS,INFOSYS,1540,-0.01290340483590846,0.012987012987012988,-0.7564215953664292
2023-02-28,INFOSYS,INFOSYS,1515.59997558594,-0.015971032371740357,0.01609925099439699,-0.928985441010385
2023-03-01,INFOSYS,INFOSYS,1492.40002441406,-0.015425805330006703,0.01554539720742009,-0.8983146786796407
2023-03-02,INFOSYS,INFOSYS,1485,-0.004970806469127176,0.004983181423609427,-0.31018760374565196
2023-03-03,INFOSYS,INFOSYS,1486.75,0.001177757349902997,-0.0011770640659155877,0.03568874708426909
2023-03-06,INFOSYS,INFOSYS,1494.55004882812,0.005232661253786297,-0.005218994729708807,0.2637900413897878
2023-03-08,INFOSYS,INFOSYS,1490.55004882812,-0.002679978736550126,0.002683573089776372,-0.18132122781705107
2023-03-09,INFOSYS,INFOSYS,1495,0.002980994720847008,-0.0029765559678127107,0.1371266080058385
2023-03-10,INFOSYS,INFOSYS,1460,-0.023689771122404224,0.023972602739726026,-1.3631891462440942
2023-03-13,INFOSYS,INFOSYS,1464.19995117188,0.002872549162174387,-0.0028684273404862154,0.1310261989995406
2023-03-14,INFOSYS,INFOSYS,1441,-0.01597166786503479,0.016099896718861903,-0.92902118953766
2023-03-15,INFOSYS,INFOSYS,1438,-0.002084057718529486,0.002086230876216968,-0.1477987674243683
2023-03-16,INFOSYS,INFOSYS,1417.80004882812,-0.014146850420718948,0.014247390658912893,-0.8263693805709655
2023-03-17,INFOSYS,INFOSYS,1430,0.008568035393679452,-0.008531434385930072,0.451415488585801
2023-03-20,INFOSYS,INFOSYS,1419.69995117188,-0.00722889697769169,0.007255088527415884,-0.4372124062740506
2023-03-21,INFOSYS,INFOSYS,1399,-0.014687851610779568,0.014796248157169409,-0.8568024252494605
2023-03-22,INFOSYS,INFOSYS,1403,0.0028551054369794215,-0.002851033499643621,0.13004493374918424
2023-03-23,INFOSYS,INFOSYS,1383.94995117188,-0.013671107026786977,0.01376498392300176,-0.799607295331593
2023-03-24,INFOSYS,INFOSYS,1388,0.00292216799107603,-0.002917902613919307,0.13381741658757382
2023-03-27,INFOSYS,INFOSYS,1386.25,-0.00126160240217299,0.0012623985572587917,-0.10153302929186472
2023-03-28,INFOSYS,INFOSYS,1392.09997558594,0.004211121192367884,-0.004202266854776522,0.2063251505520026
2023-03-29,INFOSYS,INFOSYS,1379,-0.00945478206364303,0.009499619714242206,-0.5624255509295305
2023-03-31,INFOSYS,INFOSYS,1404,0.017966706792454268,-0.017806267806267807,0.9801207702966432
2023-04-03,INFOSYS,INFOSYS,1435,0.021839543607965695,-0.021602787456445994,1.1979802094330585
2023-04-05,INFOSYS,INFOSYS,1400,-0.024692612590372143,0.025,-1.4196021814845687
2023-04-06,INFOSYS,INFOSYS,1416,0.011363758650315248,-0.011299435028248588,0.6086838501733347
2023-04-10,INFOSYS,INFOSYS,1423.94995117188,0.005598670451637311,-0.005583027103822971,0.2843792276532833
2023-04-11,INFOSYS,INFOSYS,1428.90002441406,0.003470268855534364,-0.003464254431803122,0.1646498406243614
2023-04-12,INFOSYS,INFOSYS,1413.05004882812,-0.011154411243068374,0.011216853641585312,-0.658035120195757
2023-04-13,INFOSYS,INFOSYS,1409.75,-0.0023381396304769098,0.0023408752105834353,-0.16209168640556143
2023-04-17,INFOSYS,INFOSYS,1250.30004882812,-0.12002882213321531,0.1275293489121504,-6.782568433306381
2023-04-18,INFOSYS,INFOSYS,1269.94995117188,0.015593929595945966,-0.015472973817296922,0.8466444753087206
2023-04-19,INFOSYS,INFOSYS,1254.34997558594,-0.012360000505689861,0.012436700992203424,-0.7258533663794892
2023-04-20,INFOSYS,INFOSYS,1230.69995117188,-0.019034417141121196,0.019216726539673868,-1.1013106174917136
2023-04-21,INFOSYS,INFOSYS,1228.09997558594,-0.0021148337664103067,0.0021170716046138866,-0.1495300184037926
2023-04-24,INFOSYS,INFOSYS,1228,-8.141002971306932e-5,8.141334359934944e-5,-0.03514343928706923
2023-04-25,INFOSYS,INFOSYS,1225.94995117188,-0.001670815905642442,0.001672212496244537,-0.12455259572333302
2023-04-26,INFOSYS,INFOSYS,1228,0.001670815905642442,-0.0016694208698045585,0.06342486547287675
2023-04-27,INFOSYS,INFOSYS,1230,0.0016273396593753375,-0.0016260162601626016,0.06097918777493669
2023-04-28,INFOSYS,INFOSYS,1255.69995117188,0.020678977743274984,-0.02046663388645955,1.132694673169376
2023-05-02,INFOSYS,INFOSYS,1254.55004882812,-9.161656601470725e-4,9.165854681000033e-4,-0.08210110936858124
2023-05-03,INFOSYS,INFOSYS,1266,0.009085342254530282,-0.009044195238451819,0.4805156515761546
2023-05-04,INFOSYS,INFOSYS,1268.94995117188,0.002327424651639376,-0.0023247182989019474,0.10036120437617062
2023-05-05,INFOSYS,INFOSYS,1279,0.007888774223082429,-0.007857739505957778,0.41320487845609455
2023-05-08,INFOSYS,INFOSYS,1262.44995117188,-0.013024283851252427,0.013109469260747544,-0.7632214260179264
2023-05-09,INFOSYS,INFOSYS,1266,0.0028080849765306226,-0.0028041459937756695,0.12739988268475935
2023-05-10,INFOSYS,INFOSYS,1276.40002441406,0.008181310827247046,-0.008147934985220796,0.4296609966831368
2023-05-11,INFOSYS,INFOSYS,1270.25,-0.004829903057526508,0.0048415858406297965,-0.30226133685496764
2023-05-12,INFOSYS,INFOSYS,1253.34997558594,-0.013393784453130664,0.013483882988196695,-0.7840070149080496
2023-05-15,INFOSYS,INFOSYS,1249.90002441406,-0.0027563793917249058,0.002760181698130059,-0.18561900866321343
2023-05-16,INFOSYS,INFOSYS,1265,0.012008554532634719,-0.011936739593628459,0.6449556777693013
2023-05-17,INFOSYS,INFOSYS,1260.59997558594,-0.003484343449627225,0.0034904208307752994,-0.22656931174104772
2023-05-18,INFOSYS,INFOSYS,1258.59997558594,-0.0015878060169516317,0.0015890672483676968,-0.11988302438471286
2023-05-19,INFOSYS,INFOSYS,1256.05004882812,-0.0020280576677107476,0.0020301155676074015,-0.14464858572442446
2023-05-22,INFOSYS,INFOSYS,1272.94995117188,0.013365088102740508,-0.013276171877929626,0.7212650233037224
2023-05-23,INFOSYS,INFOSYS,1299.19995117188,0.020411649694120904,-0.020204742138669622,1.1176566166675146
2023-05-24,INFOSYS,INFOSYS,1296.30004882812,-0.0022345625508970457,0.0022370610464618676,-0.1562651448961427
2023-05-25,INFOSYS,INFOSYS,1294.5,-0.001389570081703262,0.0013905359815527213,-0.10873161994211464
2023-05-26,INFOSYS,INFOSYS,1306,0.008844510644784087,-0.00880551301684533,0.4669681044098118
2023-05-29,INFOSYS,INFOSYS,1332.69995117188,0.02023789211081084,-0.020034480490827657,1.1078821976953714
2023-05-30,INFOSYS,INFOSYS,1315,-0.013370257335322044,0.013460038913977188,-0.7826835393953012
2023-05-31,INFOSYS,INFOSYS,1319.84997558594,0.0036814096502117977,-0.003674641569612396,0.17652718462274447
2023-06-01,INFOSYS,INFOSYS,1322.55004882812,0.002043652858746192,-0.0020415660220741492,0.08439813477437655
2023-06-02,INFOSYS,INFOSYS,1309,-0.010298241210922932,0.010351450594438502,-0.609872821629116
2023-06-05,INFOSYS,INFOSYS,1304,-0.0038270234233017675,0.003834355828220859,-0.24584615464057769
2023-06-06,INFOSYS,INFOSYS,1288.59997558594,-0.011880124728246066,0.011950973696905004,-0.6988588213704238
2023-06-07,INFOSYS,INFOSYS,1290.5,0.0014734014003163765,-0.0014723164773808592,0.05231966908674405
2023-06-08,INFOSYS,INFOSYS,1286.19995117188,-0.003337643420992187,0.0033432195547839555,-0.21831696663015904
2023-06-09,INFOSYS,INFOSYS,1282.5,-0.002880798692752151,0.002884952180803121,-0.19261799169064564
2023-06-12,INFOSYS,INFOSYS,1273.5,-0.0070422826254130655,0.007067137809187279,-0.4267147529881226
2023-06-13,INFOSYS,INFOSYS,1299.90002441406,0.020518341775952464,-0.020309272958095384,1.123658387001632
2023-06-14,INFOSYS,INFOSYS,1306.34997558594,0.004949612922635183,-0.004937383773430999,0.24786766882142783
2023-06-15,INFOSYS,INFOSYS,1293.94995117188,-0.00953745241585402,0.009583078853111576,-0.5670760222568495
2023-06-16,INFOSYS,INFOSYS,1287,-0.005385589106118083,0.005400117460668223,-0.33352045172323175
2023-06-19,INFOSYS,INFOSYS,1294,0.0054242674647184685,-0.005409582689335394,0.2745685026670057
2023-06-20,INFOSYS,INFOSYS,1294,0,0,-0.03056386512522596
2023-06-21,INFOSYS,INFOSYS,1299.94995117188,0.0045875685491196805,-0.004577061729581385,0.22750151658882967
2023-06-22,INFOSYS,INFOSYS,1289.40002441406,-0.008148751799010867,0.008182043243417952,-0.4889571776150377
2023-06-23,INFOSYS,INFOSYS,1276.44995117188,-0.010094263754013788,0.010145382692279338,-0.598398438257013
2023-06-26,INFOSYS,INFOSYS,1270.25,-0.004869017583098767,0.004880890511222202,-0.3044616538342902
2023-06-27,INFOSYS,INFOSYS,1280,0.0076463464398210945,-0.0076171875,0.3995675414320342
2023-06-28,INFOSYS,INFOSYS,1290,0.007782140442055052,-0.007751937984496124,0.4072063877284157
2023-06-30,INFOSYS,INFOSYS,1308.19995117188,0.014009890846733875,-0.013912209028578974,0.7575372368907647
2023-07-03,INFOSYS,INFOSYS,1330,0.016526833013347897,-0.016391014156481202,0.8991232718512742
2023-07-04,INFOSYS,INFOSYS,1344.30004882812,0.01069452556674566,-0.010637542444922115,0.5710373519645756
2023-07-05,INFOSYS,INFOSYS,1357.84997558594,0.010029080701627002,-0.00997895717601124,0.5336039531416994
2023-07-06,INFOSYS,INFOSYS,1342.55004882812,-0.011331721477148449,0.011396168635333145,-0.6680093871195129
2023-07-07,INFOSYS,INFOSYS,1334,-0.006388879531455061,0.006409331955112442,-0.3899587422495161
2023-07-10,INFOSYS,INFOSYS,1336.55004882812,0.0019097560851015771,-0.0019079336612615944,0.07686601364507507
2023-07-11,INFOSYS,INFOSYS,1333.44995117188,-0.0023221715725405545,0.002324869901202911,-0.16119343215114054
2023-07-12,INFOSYS,INFOSYS,1351,0.013075526972069262,-0.01299041364035529,0.7049762849630773
2023-07-13,INFOSYS,INFOSYS,1334.90002441406,-0.011988658009457254,0.012060810016845204,-0.704964165049649
2023-07-14,INFOSYS,INFOSYS,1380.65002441406,0.03369801948377482,-0.03313656552421099,1.8650573485910824
2023-07-17,INFOSYS,INFOSYS,1425.94995117188,0.03228380356887506,-0.03176824454504271,1.7855031869481648
2023-07-18,INFOSYS,INFOSYS,1434,0.005629518156173852,-0.005613702111659692,0.28611450954846873
2023-07-19,INFOSYS,INFOSYS,1486,0.03562020411813904,-0.034993270524899055,1.973186372949165
2023-07-20,INFOSYS,INFOSYS,1471,-0.010145504676266626,0.010197144799456152,-0.6012809037764066
2023-07-21,INFOSYS,INFOSYS,1320.19995117188,-0.10815923833216434,0.11422515861651246,-6.114866437879334
2023-07-24,INFOSYS,INFOSYS,1341,0.015632401012404706,-0.015510849237971662,0.8488086153466112
2023-07-25,INFOSYS,INFOSYS,1337,-0.002987306179734972,0.0029917726252804786,-0.1986093779749873
2023-07-26,INFOSYS,INFOSYS,1343,0.004477619421294321,-0.004467609828741623,0.22131652701594437
2023-07-27,INFOSYS,INFOSYS,1358.59997558594,0.011548822263950598,-0.011482390597874117,0.6190942694581674
2023-07-28,INFOSYS,INFOSYS,1353.84997558594,-0.0035023723504874482,0.003508512823176159,-0.2275834949914444
2023-07-31,INFOSYS,INFOSYS,1348.75,-0.0037741298643565457,0.0037812608607525494,-0.24287072302939292
2023-08-01,INFOSYS,INFOSYS,1362,0.009775970137113177,-0.009728340675477239,0.5193656755557018
2023-08-02,INFOSYS,INFOSYS,1369.30004882812,0.005345488287913369,-0.00533122658862647,0.2701369223830468
2023-08-03,INFOSYS,INFOSYS,1350,-0.014195103564895284,0.014296332465274073,-0.8290837740318203
2023-08-04,INFOSYS,INFOSYS,1368.90002441406,0.013902923003792367,-0.013806723702959907,0.7515199541135803
2023-08-07,INFOSYS,INFOSYS,1387.90002441406,0.013784315516173429,-0.01368974685912364,0.7448479041509816
2023-08-08,INFOSYS,INFOSYS,1392.84997558594,0.003560159237727234,-0.003553829384817752,0.1697064616960117
2023-08-09,INFOSYS,INFOSYS,1384,-0.006374133012553962,0.006394491030303469,-0.3891292034669891
2023-08-10,INFOSYS,INFOSYS,1391.59997558594,0.0054762895562943115,-0.005461322017298825,0.27749491145549277
2023-08-11,INFOSYS,INFOSYS,1392,2.874151604563835e-4,-2.873738606752866e-4,-0.01439584446259257
2023-08-14,INFOSYS,INFOSYS,1371.84997558594,-0.014581385827948878,0.01468821283132916,-0.8508133849567978
2023-08-16,INFOSYS,INFOSYS,1410.80004882812,0.027996777905714865,-0.027608500066706013,1.5443443023808978
2023-08-17,INFOSYS,INFOSYS,1420,0.006499917623175477,-0.0064788388534366215,0.33507725926877735
2023-08-18,INFOSYS,INFOSYS,1403.69995117188,-0.01154529884032307,0.01161220303136143,-0.6800237958771709
2023-08-21,INFOSYS,INFOSYS,1389.75,-0.009987697921404859,0.010037741444058286,-0.5924037698448874
2023-08-22,INFOSYS,INFOSYS,1404.69995117188,0.010699847242752192,-0.010642807497364765,0.5713367132352006
2023-08-23,INFOSYS,INFOSYS,1416,0.008012273177333995,-0.007980260471836156,0.420152089038125
2023-08-24,INFOSYS,INFOSYS,1421.5,0.0038766568373898025,-0.0038691523039043265,0.18751046244147287
2023-08-25,INFOSYS,INFOSYS,1413,-0.005997548406527109,0.006015569709837226,-0.3679451167200648
2023-08-28,INFOSYS,INFOSYS,1420.09997558594,0.005012170774650215,-0.0049996308062821545,0.2513867477815917
2023-08-29,INFOSYS,INFOSYS,1424,0.002742538512743309,-0.0027387811896488756,0.12371268476795932
2023-08-30,INFOSYS,INFOSYS,1427,0.0021045255049152445,-0.002102312543798178,0.08782241552386673
2023-08-31,INFOSYS,INFOSYS,1435.15002441406,0.005695051882273816,-0.005678865815709737,0.2898009909296353
2023-09-01,INFOSYS,INFOSYS,1430.94995117188,-0.002930865136944405,0.0029351643212540985,-0.19543438906830968
2023-09-04,INFOSYS,INFOSYS,1443,0.008385754551705205,-0.008350692188579346,0.4411616090939539
2023-09-05,INFOSYS,INFOSYS,1465,0.01513096267729619,-0.015017064846416382,0.8206011076068934
2023-09-06,INFOSYS,INFOSYS,1481.90002441406,0.011469822219801529,-0.011404294578335155,0.6146502646807923
2023-09-07,INFOSYS,INFOSYS,1470.59997558594,-0.007654600510274889,0.007683971858912653,-0.4611595895056479
2023-09-08,INFOSYS,INFOSYS,1463.5,-0.004839637028753785,0.004851366987318074,-0.3028089038227934
2023-09-11,INFOSYS,INFOSYS,1469.59997558594,0.004159411156250847,-0.004150772786661144,0.20341629587958815
2023-09-12,INFOSYS,INFOSYS,1482.5,0.00873961358368991,-0.008701534174745363,0.4610673097247207
2023-09-13,INFOSYS,INFOSYS,1505,0.015063046311095007,-0.014950166112956811,0.8167805951108528
2023-09-14,INFOSYS,INFOSYS,1505,0,0,-0.03056386512522596
2023-09-15,INFOSYS,INFOSYS,1518,0.00860078077259896,-0.008563899868247694,0.45325752072542946
2023-09-18,INFOSYS,INFOSYS,1504.90002441406,-0.008667211939857644,0.008704880971106728,-0.518122216288282
2023-09-20,INFOSYS,INFOSYS,1476.19995117188,-0.019255281756666243,0.01944186031126506,-1.1137349574677908
2023-09-21,INFOSYS,INFOSYS,1486.55004882812,0.006986846517880174,-0.006962495251605692,0.3624685646485663
2023-09-22,INFOSYS,INFOSYS,1491.90002441406,0.0035924599762786613,-0.003586014812246679,0.1715234813949669
2023-09-25,INFOSYS,INFOSYS,1489.84997558594,-0.0013750644092489495,0.0013760102437923244,-0.10791562954136533
2023-09-26,INFOSYS,INFOSYS,1479.15002441406,-0.007207812392047153,0.007233851195127151,-0.4360263309959797
2023-09-27,INFOSYS,INFOSYS,1456,-0.015774665195282367,0.015899742042623625,-0.9179391602177908
2023-09-28,INFOSYS,INFOSYS,1467.90002441406,0.008139874838519745,-0.008106835762748978,0.4273300899875898
2023-09-29,INFOSYS,INFOSYS,1432.09997558594,-0.024690943158228507,0.024998288833482103,-1.4195082705950586
2023-10-03,INFOSYS,INFOSYS,1436.05004882812,0.002754441508270311,-0.0027506515148294657,0.12438226627968148
2023-10-04,INFOSYS,INFOSYS,1425,-0.007724509242441613,0.007754420230259648,-0.4650921789500608
2023-10-05,INFOSYS,INFOSYS,1452,0.018770102681989975,-0.01859504132231405,1.0253143548024022
2023-10-06,INFOSYS,INFOSYS,1469.5,0.01198029047423077,-0.011908812521265737,0.6433657342202168
2023-10-09,INFOSYS,INFOSYS,1464.90002441406,-0.0031352094572225653,0.003140129366698542,-0.20692940967651197
2023-10-10,INFOSYS,INFOSYS,1483.90002441406,0.01288677606296229,-0.012804097100478473,0.6943584435323046
2023-10-11,INFOSYS,INFOSYS,1497,0.008789331954917046,-0.008750818694682699,0.4638641268864738
2023-10-12,INFOSYS,INFOSYS,1491.90002441406,-0.0034126136664189843,0.0034184432619357346,-0.2225342823598395
2023-10-13,INFOSYS,INFOSYS,1405,-0.0600131889853639,0.06185055118438434,-3.406497403243031
2023-10-16,INFOSYS,INFOSYS,1432.09997558594,0.019104578669076666,-0.018923242823778497,1.0441296972561076
2023-10-17,INFOSYS,INFOSYS,1440.25,0.005674828175569857,-0.005658756753383092,0.2886633428412487
2023-10-18,INFOSYS,INFOSYS,1442,0.001214329232402278,-0.0012135922330097086,0.03774603227053604
2023-10-19,INFOSYS,INFOSYS,1426.09997558594,-0.011087610221632183,0.011149305579033599,-0.6542773494047132
2023-10-20,INFOSYS,INFOSYS,1430,0.0027310156306903366,-0.002727289800041957,0.12306448585309404
2023-10-23,INFOSYS,INFOSYS,1425.59997558594,-0.003081683662871093,0.003086436931406043,-0.20391841280463313
2023-10-25,INFOSYS,INFOSYS,1399,-0.018835064925600165,0.019013563678298786,-1.0900964187188769
2023-10-26,INFOSYS,INFOSYS,1355.05004882812,-0.031919305629296346,0.032434190316356935,-1.8261267440392388
2023-10-27,INFOSYS,INFOSYS,1363.65002441406,0.006326556103256387,-0.006306585584255962,0.3253251201272472
2023-10-30,INFOSYS,INFOSYS,1380.34997558594,0.012172126356428947,-0.012098345685695469,0.6541571152395421
2023-10-31,INFOSYS,INFOSYS,1379.94995117188,-2.8984126904685326e-4,2.898832770857309e-4,-0.04686836214410209
2023-11-01,INFOSYS,INFOSYS,1373.05004882812,-0.005012652954156316,0.005025237317204117,-0.31254160216913385
2023-11-02,INFOSYS,INFOSYS,1370,-0.0022238384504964515,0.0022263130132262757,-0.1556618800002366
2023-11-03,INFOSYS,INFOSYS,1380.05004882812,0.0073090259381913825,-0.007282379966330984,0.3805921859510342
2023-11-06,INFOSYS,INFOSYS,1393.90002441406,0.00998582549040794,-0.009936132680506967,0.5311707093710478
2023-11-07,INFOSYS,INFOSYS,1400,0.004366645352579468,-0.004357125418528572,0.21507388124476823
2023-11-08,INFOSYS,INFOSYS,1405,0.0035650661644961446,-0.0035587188612099642,0.1699824919974845
2023-11-09,INFOSYS,INFOSYS,1395.90002441406,-0.006497916759299116,0.006519074021622564,-0.3960924345362904
2023-11-10,INFOSYS,INFOSYS,1369.94995117188,-0.018765178845014496,0.018942351302674843,-1.0861651034982065
2023-11-13,INFOSYS,INFOSYS,1379.84997558594,0.007200572734472388,-0.007174710721617434,0.37449134688640656
2023-11-15,INFOSYS,INFOSYS,1399,0.013782915767476922,-0.013688366271665475,0.7447691638165308
2023-11-16,INFOSYS,INFOSYS,1416.09997558594,0.01214890132318125,-0.012075401370489071,0.6528506329480939
2023-11-17,INFOSYS,INFOSYS,1441.05004882812,0.017465451418903655,-0.017313814508017753,0.9519235547288306
2023-11-20,INFOSYS,INFOSYS,1442,6.589904373281996e-4,-6.587733508183095e-4,0.00650645152161438
2023-11-21,INFOSYS,INFOSYS,1442,0,0,-0.03056386512522596
2023-11-22,INFOSYS,INFOSYS,1436.19995117188,-0.004030336166811921,0.0040384688938245655,-0.2572831457611442
2023-11-23,INFOSYS,INFOSYS,1467.90002441406,0.021832121917068292,-0.021595526067814924,1.1975627156182935
2023-11-24,INFOSYS,INFOSYS,1445.55004882812,-0.015342918851516174,0.015461225714086277,-0.8936520495589071
2023-11-28,INFOSYS,INFOSYS,1444,-0.0010728652908635894,0.0010734410167035995,-0.0909159640312315
2023-11-29,INFOSYS,INFOSYS,1451.09997558594,0.004904832219756017,-0.004892823172347654,0.2453486112731589
2023-11-30,INFOSYS,INFOSYS,1453.25,0.0014805549089329517,-0.0014794594282195072,0.05272207679178382
2023-12-01,INFOSYS,INFOSYS,1459.90002441406,0.0045655293475777015,-0.004555123161073326,0.2262617411179339
2023-12-04,INFOSYS,INFOSYS,1460.44995117188,3.7661702803948316e-4,-3.765461167489762e-4,-0.00937795453655558
2023-12-05,INFOSYS,INFOSYS,1465.80004882812,0.0036566278462561996,-0.0036499505239594577,0.17513312900717887
2023-12-06,INFOSYS,INFOSYS,1456.75,-0.006193274780150304,0.0062124927599931335,-0.3789553503066888
2023-12-07,INFOSYS,INFOSYS,1472.84997558594,0.010991355684158322,-0.010931171438241693,0.5877349940235782
2023-12-08,INFOSYS,INFOSYS,1470.40002441406,-0.0016647935022335858,0.0016661800402623659,-0.12421381629847432
2023-12-11,INFOSYS,INFOSYS,1490,0.013241630734396992,-0.013154346030832216,0.7143201520617575
2023-12-12,INFOSYS,INFOSYS,1477.5,-0.008424649659251493,0.008460236886632826,-0.5044773133590182
2023-12-13,INFOSYS,INFOSYS,1476,-0.0010157441198357375,0.0010162601626016261,-0.08770271573912372
2023-12-14,INFOSYS,INFOSYS,1463.40002441406,-0.008573214027380871,0.008610069274110465,-0.5128345335203758
2023-12-15,INFOSYS,INFOSYS,1523.05004882812,0.039952423223573064,-0.03916484849592205,2.2168875329737783
2023-12-18,INFOSYS,INFOSYS,1567.94995117188,0.029054067148839735,-0.028636055832140548,1.6038201988580287
2023-12-19,INFOSYS,INFOSYS,1570.09997558594,0.0013702935266595162,-0.0013693551031727384,0.04651952190899296
2023-12-20,INFOSYS,INFOSYS,1565.05004882812,-0.003221492487341493,0.00322668707087118,-0.21178310567358152
2023-12-21,INFOSYS,INFOSYS,1521.25,-0.028385438243031302,0.02879214384757272,-1.6273354178282289
2023-12-22,INFOSYS,INFOSYS,1534.94995117188,0.008965410088250358,-0.008925340634996323,0.4737690842083855
2023-12-26,INFOSYS,INFOSYS,1535,3.260563131046723e-5,-3.260509975244155e-5,-0.02872969423490918
2023-12-27,INFOSYS,INFOSYS,1544,0.005846070563424455,-0.005829015544041451,0.29829627403650394
2023-12-28,INFOSYS,INFOSYS,1568.94995117188,0.016030123087520387,-0.015902324451614526,0.8711817522342601
2023-12-29,INFOSYS,INFOSYS,1541.05004882812,-0.017942540730198075,0.01810447516936668,-1.0398890823686462
2024-01-01,INFOSYS,INFOSYS,1539,-0.0013311791031647147,0.0013320655153476269,-0.10544694092228564
2024-01-02,INFOSYS,INFOSYS,1546,0.0045380953084874776,-0.004527813712807244,0.22471848880594628
2024-01-03,INFOSYS,INFOSYS,1519.94995117188,-0.016993542709751175,0.017138754343875226,-0.9865049130051876
2024-01-04,INFOSYS,INFOSYS,1504.94995117188,-0.009917764842896304,0.009967108865194982,-0.5884698108410057
2024-01-05,INFOSYS,INFOSYS,1506.75,0.00119537076843379,-0.0011946565973917358,0.03667955812672695
2024-01-08,INFOSYS,INFOSYS,1528.94995117188,0.014626179983657117,-0.014519736996534525,0.7922054690192518
2024-01-09,INFOSYS,INFOSYS,1541.90002441406,0.008434244664247359,-0.008398776209307847,0.4438893327820971
2024-01-10,INFOSYS,INFOSYS,1524.94995117188,-0.011053847411782947,0.011115166913612053,-0.6523780835260307
2024-01-11,INFOSYS,INFOSYS,1524.90002441406,-3.2740468038916504e-5,3.274100401381238e-5,-0.03240562101213335
2024-01-12,INFOSYS,INFOSYS,1562,0.02403820126839573,-0.023751584882163893,1.3216617244496411
2024-01-15,INFOSYS,INFOSYS,1644.94995117188,0.051742907517470904,-0.050427036465629585,2.8801399285118516
2024-01-16,INFOSYS,INFOSYS,1644.80004882812,-9.113296990026498e-5,9.113712263494047e-5,-0.03569038572368172
2024-01-17,INFOSYS,INFOSYS,1620.25,-0.015038367639376382,0.015152012854880418,-0.8765200712635174
2024-01-18,INFOSYS,INFOSYS,1642.65002441406,0.013730347944657773,-0.013636516653661623,0.7418120559028059
2024-01-19,INFOSYS,INFOSYS,1651.59997558594,0.005433693977385801,-0.005418958164312649,0.27509877410891936
2024-01-23,INFOSYS,INFOSYS,1650.09997558594,-9.0862290661331e-4,9.090358294607934e-4,-0.08167680539384271
2024-01-24,INFOSYS,INFOSYS,1659.90002441406,0.005921496957069117,-0.0059039994481471176,0.3025392495602227
2024-01-25,INFOSYS,INFOSYS,1672.94995117188,0.007831131641492739,-0.007800548216447657,0.4099622991547401
2024-01-29,INFOSYS,INFOSYS,1665.15002441406,-0.004673281813273533,0.0046842186250242975,-0.2934508916812368
2024-01-30,INFOSYS,INFOSYS,1662.44995117188,-0.0016228355899539082,0.001624153100234196,-0.12185354973625684
2024-01-31,INFOSYS,INFOSYS,1648.25,-0.008578269525181703,0.008615168312986502,-0.5131189214168627
2024-02-01,INFOSYS,INFOSYS,1659.55004882812,0.0068323916923356265,-0.006809103971344191,0.35377998744587513
2024-02-02,INFOSYS,INFOSYS,1666.05004882812,0.003909073903209936,-0.003901443419765225,0.18933402592077303
2024-02-05,INFOSYS,INFOSYS,1694.75,0.017079652722120642,-0.01693462231708512,0.930221145950834
2024-02-06,INFOSYS,INFOSYS,1686.75,-0.004731636803540162,0.004742848673484511,-0.2967335462458124
2024-02-07,INFOSYS,INFOSYS,1729,0.0247396061757561,-0.02443609022556391,1.361117990490358
2024-02-08,INFOSYS,INFOSYS,1698,-0.01809211881199868,0.018256772673733806,-1.048303327161333
2024-02-09,INFOSYS,INFOSYS,1684.69995117188,-0.007863610462407244,0.007894609849586844,-0.4729170668057783
2024-02-12,INFOSYS,INFOSYS,1670.34997558594,-0.008554306734890993,0.00859099936880365,-0.5117709379356511
2024-02-13,INFOSYS,INFOSYS,1683,0.007544744516811974,-0.007516354375555555,0.39385210878758425
2024-02-14,INFOSYS,INFOSYS,1660.19995117188,-0.013639867580858223,0.013733314961264877,-0.7978499767320221
2024-02-15,INFOSYS,INFOSYS,1677,0.010068435213261395,-0.010017918204007154,0.535817770103367
2024-02-16,INFOSYS,INFOSYS,1689,0.007130154984590575,-0.007104795737122558,0.3705301235699904
2024-02-19,INFOSYS,INFOSYS,1705,0.009428472909817742,-0.0093841642228739,0.4998178467556352
2024-02-20,INFOSYS,INFOSYS,1685,-0.011799546931155369,0.011869436201780416,-0.6943260629513761
2024-02-21,INFOSYS,INFOSYS,1674,-0.006549591737041283,0.006571087216248507,-0.39899931706313285
2024-02-22,INFOSYS,INFOSYS,1665,-0.005390848634876377,0.005405405405405406,-0.3338163170126649
2024-02-23,INFOSYS,INFOSYS,1697,0.0190368628196822,-0.01885680612846199,1.0403204644708306
2024-02-26,INFOSYS,INFOSYS,1674.94995117188,-0.013078701318858243,0.013164601612539326,-0.7662825823579471
2024-02-27,INFOSYS,INFOSYS,1661,-0.008363454302073414,0.008398525690475618,-0.5010348790847158
2024-02-28,INFOSYS,INFOSYS,1670,0.005403795797505495,-0.005389221556886228,0.27341690600809404
2024-02-29,INFOSYS,INFOSYS,1665,-0.002998502996256036,0.003003003003003003,-0.19923923466237817
2024-03-01,INFOSYS,INFOSYS,1669,0.0023995212472902594,-0.002396644697423607,0.104416868128772
2024-03-04,INFOSYS,INFOSYS,1657.84997558594,-0.006703077231951404,0.006725593134637653,-0.40763336632201647
2024-03-05,INFOSYS,INFOSYS,1634,-0.014490571009934783,0.01459606829004896,-0.8457047614180019
2024-03-06,INFOSYS,INFOSYS,1602.80004882812,-0.01927886619369712,0.01946590355714782,-1.115061657369836
2024-03-07,INFOSYS,INFOSYS,1616.59997558594,0.008573032971389338,-0.008536389314751902,0.45169661829218966
2024-03-11,INFOSYS,INFOSYS,1608.15002441406,-0.005240698045825276,0.005254454524514152,-0.32536986685870095
2024-03-12,INFOSYS,INFOSYS,1600,-0.005080835923942928,0.005093765258787499,-0.3163771119682686
2024-03-13,INFOSYS,INFOSYS,1612.90002441406,0.008030186832011843,-0.00799803101171529,0.42115978932265097
2024-03-14,INFOSYS,INFOSYS,1614.40002441406,9.295696621434146e-4,-9.291377461075169e-4,0.02172739703737699
2024-03-15,INFOSYS,INFOSYS,1641.09997558594,0.016403348086910796,-0.016269545773618714,0.8921768503786149
2024-03-18,INFOSYS,INFOSYS,1630,-0.006786719008130326,0.006809800972969326,-0.41233848334983714
2024-03-19,INFOSYS,INFOSYS,1592.34997558594,-0.023369117645646753,0.02364431500066802,-1.3451513641398132
2024-03-20,INFOSYS,INFOSYS,1563,-0.018603845733684565,0.018777975422866282,-1.0770896007536477
2024-03-21,INFOSYS,INFOSYS,1564,6.395906837797227e-4,-6.393861892583121e-4,0.00541515342962046
2024-03-22,INFOSYS,INFOSYS,1521,-0.027878628845964037,0.02827087442472058,-1.5988257707003408
2024-03-26,INFOSYS,INFOSYS,1492,-0.019250511495586764,0.01943699731903485,-1.11346661504779
2024-03-27,INFOSYS,INFOSYS,1496,0.002677377770716305,-0.00267379679144385,0.12004718493206872
2024-03-28,INFOSYS,INFOSYS,1487.15002441406,-0.005933326501612157,0.005950963548164489,-0.36433242947000816
2024-04-01,INFOSYS,INFOSYS,1525,0.02513285700870238,-0.02481965612192787,1.3832396057266314
2024-04-02,INFOSYS,INFOSYS,1484.84997558594,-0.02668066944969194,0.02703978521346327,-1.5314367288654736
2024-04-03,INFOSYS,INFOSYS,1479,-0.003947556881020553,0.003955358746409737,-0.25262654657206823
2024-04-04,INFOSYS,INFOSYS,1490.55004882812,0.007779028393139598,-0.007748850055186486,0.4070313250383328
2024-04-05,INFOSYS,INFOSYS,1480.05004882812,-0.007069308141796071,0.007094354686393026,-0.4282350245931965
2024-04-08,INFOSYS,INFOSYS,1483,0.001991159175788404,-0.0019891781334322334,0.081445197464594
2024-04-09,INFOSYS,INFOSYS,1490,0.004709056801573297,-0.004697986577181208,0.2343356187733533
2024-04-10,INFOSYS,INFOSYS,1500.34997558594,0.00692227799389844,-0.006898374215587912,0.3588363789690431
2024-04-12,INFOSYS,INFOSYS,1504,0.002429827576381882,-0.0024268779348803186,0.10612169592622514
2024-04-15,INFOSYS,INFOSYS,1480,-0.01608613775162482,0.016216216216216217,-0.9354604862285584
2024-04-16,INFOSYS,INFOSYS,1451,-0.019789113873972752,0.019986216402481046,-1.143764718908718
2024-04-18,INFOSYS,INFOSYS,1421.09997558594,-0.02082177146606412,0.02104005694724735,-1.2018550063517464
2024-04-19,INFOSYS,INFOSYS,1385,-0.02573106279668469,0.02606496432197834,-1.47801832197685
2024-04-22,INFOSYS,INFOSYS,1419.90002441406,0.02488632415308345,-0.024579212489599007,1.3693713452725476
2024-04-23,INFOSYS,INFOSYS,1443,0.016137815999348604,-0.01600829908935551,0.8772398224518483
2024-04-24,INFOSYS,INFOSYS,1444.30004882812,9.005291407131466e-4,-9.001237860338195e-4,0.02009377496332121
2024-04-25,INFOSYS,INFOSYS,1420,-0.016967937319277482,0.017112710442338027,-0.9850645280178616
2024-04-26,INFOSYS,INFOSYS,1439.69995117188,0.013777853021520237,-0.013683372813789937,0.7444843681881347
2024-04-29,INFOSYS,INFOSYS,1429.94995117188,-0.006795280155863281,0.006818420457310152,-0.4128200752506015
2024-04-30,INFOSYS,INFOSYS,1434.69995117188,0.00331628960970054,-0.0033107967949118165,0.1559880162991958
2024-05-02,INFOSYS,INFOSYS,1413,-0.015240630386136544,0.015357361055824489,-0.8878979967136045
2024-05-03,INFOSYS,INFOSYS,1422.09997558594,0.006419531526511868,-0.00639897035522456,0.33055528461102845
2024-05-06,INFOSYS,INFOSYS,1420,-0.0014777636157328189,0.0014788560464366206,-0.11369278788550792
2024-05-07,INFOSYS,INFOSYS,1424.94995117188,0.0034798195060075088,-0.0034737719509440722,0.165187095214384
2024-05-08,INFOSYS,INFOSYS,1435.25,0.007202358946432064,-0.007176484116439643,0.37459182701359606
2024-05-09,INFOSYS,INFOSYS,1427.55004882812,-0.00537932765714455,0.005393822218843335,-0.33316822522194245
2024-05-10,INFOSYS,INFOSYS,1435.05004882812,0.005240003427062767,-0.0052262985574089175,0.26420306208452426
2024-05-13,INFOSYS,INFOSYS,1425,-0.007027912114913271,0.007052665844294735,-0.4259063658789683
2024-05-14,INFOSYS,INFOSYS,1426.40002441406,9.819909620372158e-4,-9.815089666975463e-4,0.02467626256870889
2024-05-15,INFOSYS,INFOSYS,1426,-2.804826905471458e-4,2.805220294950904e-4,-0.04634191221602669
2024-05-16,INFOSYS,INFOSYS,1433.94995117188,0.005559518022471011,-0.005544092501543022,0.2821767784757766
2024-05-17,INFOSYS,INFOSYS,1457,0.01594668719849235,-0.015820211961647217,0.8664882170161263
2024-05-21,INFOSYS,INFOSYS,1430,-0.018705082941251838,0.01888111888111888,-1.082784516989727
2024-05-22,INFOSYS,INFOSYS,1428.75,-8.745081449328396e-4,8.748906386701663e-4,-0.07975774110063598
2024-05-23,INFOSYS,INFOSYS,1454.69995117188,0.017999724104629244,-0.01783869666797967,0.9819780995503206
2024-05-24,INFOSYS,INFOSYS,1468.25,0.009271555188979264,-0.009228706847008342,0.4909907238271912
2024-05-27,INFOSYS,INFOSYS,1471.84997558594,0.002448880932571562,-0.002445884869826396,0.10719350806054571
2024-05-28,INFOSYS,INFOSYS,1475.5,0.0024768190477937324,-0.002473754262324635,0.10876511626477972
2024-05-29,INFOSYS,INFOSYS,1465.40002441406,-0.0068686559967918726,0.0068922993160031336,-0.41694770063545183
2024-05-30,INFOSYS,INFOSYS,1442.80004882812,-0.015542555514207024,0.015663969241126858,-0.9048822493934764
2024-05-31,INFOSYS,INFOSYS,1409.80004882812,-0.02313781889743538,0.02340757473191384,-1.3321400708788849
2024-06-03,INFOSYS,INFOSYS,1440,0.02119522859548706,-0.020972188313805557,1.1617354323013258
2024-06-04,INFOSYS,INFOSYS,1409,-0.02176288067136678,0.0220014194464159,-1.2547954046696146
2024-06-05,INFOSYS,INFOSYS,1400.15002441406,-0.00630084174082679,0.006320733801110757,-0.3850063353698829
2024-06-06,INFOSYS,INFOSYS,1444.94995117188,0.031495293921633305,-0.03100448338815228,1.7411470011120225
2024-06-07,INFOSYS,INFOSYS,1481,0.024642850188312693,-0.024341694009534096,1.3556751571974597
2024-06-10,INFOSYS,INFOSYS,1525.30004882812,0.029473608750230085,-0.029043497941375857,1.6274207537812992
2024-06-11,INFOSYS,INFOSYS,1500.05004882812,-0.016692670598943415,0.016832771693001836,-0.969579895909186
2024-06-12,INFOSYS,INFOSYS,1507,0.004622446207410036,-0.004611779145242204,0.22946349625270343
2024-06-13,INFOSYS,INFOSYS,1495,-0.00799471280170927,0.008026755852842809,-0.4802919920789584
2024-06-14,INFOSYS,INFOSYS,1503.69995117188,0.005802498231505027,-0.005785696252167768,0.2958451912137616
2024-06-18,INFOSYS,INFOSYS,1497,-0.004465599636662709,0.004475585285156982,-0.281768105994582
2024-06-19,INFOSYS,INFOSYS,1505,0.005329792763347108,-0.0053156146179402,0.2692539990011347
2024-06-20,INFOSYS,INFOSYS,1516.30004882812,0.007480290826067382,-0.007452383080019879,0.39022638284430833
2024-06-21,INFOSYS,INFOSYS,1545,0.0187507213228022,-0.018576020175974112,1.0242240914519292
2024-06-24,INFOSYS,INFOSYS,1524.55004882812,-0.013324593774907356,0.013413761776859554,-0.7801148182911409
2024-06-25,INFOSYS,INFOSYS,1526,9.506162874641788e-4,-9.501645949410237e-4,0.0229113369260019
2024-06-26,INFOSYS,INFOSYS,1541,0.009781623475713097,-0.00973393900064893,0.5196836939064174
2024-06-27,INFOSYS,INFOSYS,1538.44995117188,-0.0016561720121659462,0.0016575442224672663,-0.12372882994866082
2024-06-28,INFOSYS,INFOSYS,1572.55004882812,0.021923152313814143,-0.021684586561586214,1.2026834661491972
2024-07-01,INFOSYS,INFOSYS,1559.5,-0.008333279573905727,0.008368097998153252,-0.4993374542594346
2024-07-02,INFOSYS,INFOSYS,1596.19995117188,0.02326051680382335,-0.022992076365455374,1.277914489709925
2024-07-03,INFOSYS,INFOSYS,1625,0.017882041912156588,-0.017723106971150766,0.9753581003947196
2024-07-04,INFOSYS,INFOSYS,1628.19995117188,0.001967264387020329,-0.001965330590740327,0.08010103928615138
2024-07-05,INFOSYS,INFOSYS,1651.44995117188,0.014178580147741648,-0.014078537459461998,0.7670265487973655
2024-07-08,INFOSYS,INFOSYS,1643.09997558594,-0.00506897369935011,0.005081842681521766,-0.3157098239518202
2024-07-09,INFOSYS,INFOSYS,1659.90002441406,0.010172687681075487,-0.010121120899465236,0.5416823043578656
2024-07-10,INFOSYS,INFOSYS,1657,-0.0017486358537626145,0.0017501656089680137,-0.12893021633028082
2024-07-11,INFOSYS,INFOSYS,1656,-6.036824813575592e-4,6.038647342995169e-4,-0.06452293261766327
2024-07-12,INFOSYS,INFOSYS,1680,0.014388737452099676,-0.014285714285714285,0.7788485683243862
2024-07-15,INFOSYS,INFOSYS,1726.19995117188,0.027128639101773544,-0.026763962738219203,1.4955087221773105
2024-07-16,INFOSYS,INFOSYS,1718.59997558594,-0.004412440825739772,0.004422189976669157,-0.27877775311250963
2024-07-18,INFOSYS,INFOSYS,1719,2.3273470951057362e-4,-2.3270762888888825e-4,-0.01747179445536177
2024-07-19,INFOSYS,INFOSYS,1844,0.07019439873369038,-0.06778741865509762,3.9180952359745302
2024-07-22,INFOSYS,INFOSYS,1800.15002441406,-0.02406711680874274,0.024359067295078893,-1.3844160461890942
2024-07-23,INFOSYS,INFOSYS,1810,0.00545683695207444,-0.005441975461845304,0.27640064034444656
2024-07-24,INFOSYS,INFOSYS,1837.5,0.015079106827120548,-0.014965986394557823,0.8176840504279945
2024-07-25,INFOSYS,INFOSYS,1820,-0.009569451016150587,0.009615384615384616,-0.5688760457140171
2024-07-26,INFOSYS,INFOSYS,1825.34997558594,0.0029352350050757536,-0.002930931414521016,0.13455247785579355
2024-07-29,INFOSYS,INFOSYS,1893.59997558594,0.036708030230923505,-0.03604245927331156,2.0343800658669933
2024-07-30,INFOSYS,INFOSYS,1871.09997558594,-0.011953286154625431,0.012025012181914044,-0.702974385252059
2024-07-31,INFOSYS,INFOSYS,1877,0.0031482774342936892,-0.003143326805572722,0.1465367948701087
2024-08-01,INFOSYS,INFOSYS,1856.09997558594,-0.011197258534874521,0.011260182473447965,-0.6604454171966861
2024-08-02,INFOSYS,INFOSYS,1843,-0.007082820381810961,0.007107962878969073,-0.4289951312465997
2024-08-05,INFOSYS,INFOSYS,1784.94995117188,-0.03200430240834251,0.0325219476266033,-1.8309080843057344
2024-08-06,INFOSYS,INFOSYS,1760.19995117188,-0.013962965061867116,0.014060902560258742,-0.8160252418806221
2024-08-07,INFOSYS,INFOSYS,1796,0.020134558662531887,-0.01993321204238307,1.102069361224698
2024-08-08,INFOSYS,INFOSYS,1779.94995117188,-0.00897672329048227,0.009017134901772377,-0.5355332182141194
2024-08-09,INFOSYS,INFOSYS,1771.25,-0.004899734566772729,0.004911757895203954,-0.30618958226346243
2024-08-12,INFOSYS,INFOSYS,1773.05004882812,0.001015743000358782,-0.0010152273080558118,0.02657492251453879
2024-08-13,INFOSYS,INFOSYS,1810,0.02062559025462196,-0.020414337664022102,1.1296914564347944
2024-08-14,INFOSYS,INFOSYS,1802,-0.004429686091588003,0.004439511653718091,-0.2797478543908777
2024-08-16,INFOSYS,INFOSYS,1850,0.026288479904087225,-0.025945945945945945,1.4482470841810708
2024-08-19,INFOSYS,INFOSYS,1860,0.005390848634876377,-0.005376344086021506,0.27268858676221014
2024-08-20,INFOSYS,INFOSYS,1880,0.010695289116748441,-0.010638297872340425,0.571080304090667
2024-08-21,INFOSYS,INFOSYS,1875.09997558594,-0.0026097985284598835,0.0026132070171505477,-0.17737336698499584
2024-08-22,INFOSYS,INFOSYS,1884,0.004735197840773253,-0.004724004466061571,0.23580613571221523
2024-08-23,INFOSYS,INFOSYS,1878.19995117188,-0.0030833307630908635,0.0030880891166572165,-0.20401106745215383
2024-08-26,INFOSYS,INFOSYS,1870,-0.0043754145245848974,0.004385000626673798,-0.2766949054256785
2024-08-27,INFOSYS,INFOSYS,1876.15002441406,0.003283386890045925,-0.0032780024699680995,0.15413713324075845
2024-08-28,INFOSYS,INFOSYS,1906.90002441406,0.016257081904912596,-0.016125648752586628,0.8839489105266077
2024-08-29,INFOSYS,INFOSYS,1933,0.013594300564739648,-0.013502315357444387,0.7341589563024282
2024-08-30,INFOSYS,INFOSYS,1938,0.0025833132423809246,-0.0025799793601651187,0.11475575480937564
2024-09-02,INFOSYS,INFOSYS,1943.34997558594,0.0027567619553972023,-0.002752965576530768,0.12451279884116424
2024-09-03,INFOSYS,INFOSYS,1967,0.012096263982949829,-0.012023398278627351,0.6498896144578207
2024-09-04,INFOSYS,INFOSYS,1921.09997558594,-0.02361161346303753,0.023892574565287986,-1.3587925283009517
2024-09-05,INFOSYS,INFOSYS,1926.25,0.0026771817083037774,-0.002673601253243348,0.12003615579522713
2024-09-06,INFOSYS,INFOSYS,1922,-0.002208797104087168,0.0022112382934443287,-0.15481575622879432
2024-09-09,INFOSYS,INFOSYS,1890,-0.01678948147654946,0.016931216931216932,-0.975025816949096
2024-09-10,INFOSYS,INFOSYS,1904.90002441406,0.007852697507416018,-0.007821945626066749,0.41117544798554806
2024-09-11,INFOSYS,INFOSYS,1914.69995117188,0.005131400316346735,-0.005118257172264521,0.2580937902726196
2024-09-12,INFOSYS,INFOSYS,1925,0.005365040844433011,-0.005350674715906493,0.27123681613020983
2024-09-13,INFOSYS,INFOSYS,1950.44995117188,0.013134122409269366,-0.01304824620420997,0.7082724654355457
2024-09-16,INFOSYS,INFOSYS,1945.75,-0.0024125832916563894,0.0024154959125684194,-0.16627938008963478
2024-09-17,INFOSYS,INFOSYS,1947.75,0.0010273533714704186,-0.0010268258246694903,0.02722804296833887
2024-09-18,INFOSYS,INFOSYS,1938.75,-0.004631424720218824,0.0046421663442940036,-0.29109629652239793
2024-09-19,INFOSYS,INFOSYS,1910.59997558594,-0.014626119433057028,0.014733604508409454,-0.8533297931050783
2024-09-20,INFOSYS,INFOSYS,1905,-0.0029353074968900827,0.0029396197301522317,-0.19568428600232995
2024-09-23,INFOSYS,INFOSYS,1909,0.0020975361649462343,-0.0020953378732320588,0.08742924282949802
2024-09-24,INFOSYS,INFOSYS,1888,-0.011061477020302135,0.011122881355932203,-0.6528072733710792
2024-09-25,INFOSYS,INFOSYS,1886.34997558594,-8.743357292502196e-4,8.747180721580928e-4,-0.07974804216789848
2024-09-26,INFOSYS,INFOSYS,1897.80004882812,0.006051614292264418,-0.006033340155750522,0.3098587652067389
2024-09-27,INFOSYS,INFOSYS,1932.09997558594,0.017912135362855075,-0.017752666627625212,0.977050953102749
2024-09-30,INFOSYS,INFOSYS,1880,-0.02733570480731995,0.027712752971244682,-1.568284559648311
2024-10-01,INFOSYS,INFOSYS,1875,-0.0026631174194839957,0.0026666666666666666,-0.18037272488392375
2024-10-03,INFOSYS,INFOSYS,1889.5,0.007703584385032158,-0.007673987827467584,0.40278735864484144
2024-10-04,INFOSYS,INFOSYS,1889.55004882812,2.6487518014484124e-5,-2.6487167223243207e-5,-0.0290738576465638
2024-10-07,INFOSYS,INFOSYS,1923.19995117188,0.01765170864433241,-0.017496829865899184,0.9624011184889468
2024-10-08,INFOSYS,INFOSYS,1937.90002441406,0.007614485178518038,-0.007585568428187974,0.39777524373177225
2024-10-09,INFOSYS,INFOSYS,1952.55004882812,0.007531310457530083,-0.007503021201865038,0.3930964000500696
2024-10-10,INFOSYS,INFOSYS,1957.90002441406,0.0027362471448020287,-0.00273250703265152,0.12335877522919918
2024-10-11,INFOSYS,INFOSYS,1918,-0.020589506289356407,0.020802932436944734,-1.1887893484015677
2024-10-14,INFOSYS,INFOSYS,1932.15002441406,0.007350408702518685,-0.007323460515624871,0.3829200986041209
2024-10-15,INFOSYS,INFOSYS,1960,0.014311088078660106,-0.014209171217316328,0.7744805430879449
2024-10-16,INFOSYS,INFOSYS,1955,-0.002554279805096371,0.0025575447570332483,-0.17425026149163275
2024-10-17,INFOSYS,INFOSYS,1935.19995117188,-0.010179538355211903,0.010231526109810967,-0.6031954069067584
2024-10-18,INFOSYS,INFOSYS,1893.80004882812,-0.021625236731710018,0.02186075682561007,-1.2470524934852631
2024-10-21,INFOSYS,INFOSYS,1891.09997558594,-0.0014267609092959432,0.0014277792168779463,-0.11082372276653872
2024-10-22,INFOSYS,INFOSYS,1858.19995117188,-0.01755040649314399,0.017705319814109072,-1.017830279217212
2024-10-23,INFOSYS,INFOSYS,1845.25,-0.006993481279942593,0.00701799277706544,-0.423969521453819
2024-10-24,INFOSYS,INFOSYS,1861.40002441406,0.00871413621741457,-0.008676278178917387,0.4596341265074479
2024-10-25,INFOSYS,INFOSYS,1863.44995117188,0.0011006762571437179,-0.0011000707352139254,0.03135268945093454
2024-10-28,INFOSYS,INFOSYS,1859.69995117188,-0.002014424004649129,0.002016454319761076,-0.14388164863685687
2024-10-29,INFOSYS,INFOSYS,1846,-0.007394022057273908,0.007421425336879741,-0.4465012193428066
2024-10-30,INFOSYS,INFOSYS,1832,-0.007612869828721891,0.007641921397379912,-0.4588121053974659
2024-10-31,INFOSYS,INFOSYS,1787.90002441406,-0.024366505821141082,0.024665795057748085,-1.4012576342631389
2024-11-01,INFOSYS,INFOSYS,1764.5,-0.013174396297609192,0.01326156101675262,-0.7716657305235236
2024-11-04,INFOSYS,INFOSYS,1724.5,-0.022930210738429047,0.02319512902290519,-1.3204614489188649
2024-11-05,INFOSYS,INFOSYS,1760,0.020376655655301334,-0.020170454545454547,1.1156880902272504
2024-11-06,INFOSYS,INFOSYS,1764,0.002270148534539551,-0.0022675736961451248,0.09713923987271889
2024-11-07,INFOSYS,INFOSYS,1812.94995117188,0.027371368275844965,-0.02700016684974621,1.509163013396976
2024-11-08,INFOSYS,INFOSYS,1818,0.002781669894842409,-0.0027778046359295916,0.12591394998075672
2024-11-11,INFOSYS,INFOSYS,1829,0.0060323736534417804,-0.006014215418261345,0.30877641782621096
2024-11-12,INFOSYS,INFOSYS,1871.09997558594,0.022757110761348898,-0.022500120856853885,1.249596292146809
2024-11-13,INFOSYS,INFOSYS,1861.09997558594,-0.005358782520377581,0.005373166477449255,-0.3320124956659916
2024-11-14,INFOSYS,INFOSYS,1865.59997558594,0.0024150064378973823,-0.002412092655922478,0.10528795955378234
2024-11-18,INFOSYS,INFOSYS,1849.19995117188,-0.008829617360661679,0.00886871341504575,-0.5272580398652611
2024-11-19,INFOSYS,INFOSYS,1825.5,-0.012899164613381586,0.012982717705768284,-0.7561830693077884
2024-11-21,INFOSYS,INFOSYS,1842,0.008998015719560826,-0.008957654723127036,0.4756032550986968
2024-11-22,INFOSYS,INFOSYS,1854.09997558594,0.006547452120948094,-0.006526064260432407,0.33775122657438694
2024-11-25,INFOSYS,INFOSYS,1916,0.03284028959460539,-0.03230690209502088,1.816807303085266
2024-11-26,INFOSYS,INFOSYS,1904.94995117188,-0.005783943665847779,0.005800702964044945,-0.3559291678902927
2024-11-27,INFOSYS,INFOSYS,1930.09997558594,0.013116066514087699,-0.013030425745912438,0.7072567636683993
2024-11-28,INFOSYS,INFOSYS,1914.90002441406,-0.00790638769940255,0.00793772571836017,-0.4753234229998003
2024-11-29,INFOSYS,INFOSYS,1851.09997558594,-0.03388537090295074,0.03446602002570119,-1.936724194494364
2024-12-02,INFOSYS,INFOSYS,1859,0.0042586649447518,-0.0042496096901882725,0.2089996384589712
2024-12-03,INFOSYS,INFOSYS,1887,0.014949557647105927,-0.01483836777954425,0.8103964953248688
2024-12-04,INFOSYS,INFOSYS,1884,-0.0015910902322415765,0.0015923566878980893,-0.12006777198321487
2024-12-05,INFOSYS,INFOSYS,1900,0.008456710018223568,-0.008421052631578947,0.4451530806884677
2024-12-06,INFOSYS,INFOSYS,1932.80004882812,0.017115867848856325,-0.016970223509672956,0.932258362486106
2024-12-09,INFOSYS,INFOSYS,1924.19995117188,-0.00445948245202743,0.004469440741333741,-0.28142399482304403
2024-12-10,INFOSYS,INFOSYS,1939,0.007662104691291027,-0.007632825594698297,0.4004539934026199
2024-12-11,INFOSYS,INFOSYS,1955,0.008217817176814357,-0.008184143222506393,0.431714595432733
2024-12-12,INFOSYS,INFOSYS,1975.19995117188,0.010279440890907487,-0.010226788006903015,0.5476875133372443
2024-12-13,INFOSYS,INFOSYS,1969.75,-0.0027630031845760072,0.0027668237958522668,-0.1859916181648675
2024-12-16,INFOSYS,INFOSYS,1995.44995117188,0.012962933202497418,-0.012879276253852939,0.698642525846038
2024-12-17,INFOSYS,INFOSYS,1968,-0.013851765716096587,0.013948145920670733,-0.8097699235555811
2024-12-18,INFOSYS,INFOSYS,1966.80004882812,-6.099172482398885e-4,6.101032855856242e-4,-0.06487365816610192
2024-12-19,INFOSYS,INFOSYS,1934,-0.01681748435071917,0.016959694326845916,-0.976601068050888
2024-12-20,INFOSYS,INFOSYS,1975.15002441406,0.02105396016567429,-0.020833872822530228,1.153788631970556
2024-12-23,INFOSYS,INFOSYS,1930.05004882812,-0.02309842258091699,0.023367257037362126,-1.3299239022589433
2024-12-24,INFOSYS,INFOSYS,1927.05004882812,-0.0015555731139951234,0.0015567836454607722,-0.11806982065464725
2024-12-26,INFOSYS,INFOSYS,1909.05004882812,-0.009384599800654314,0.009428773232555842,-0.5584775745027909
2024-12-27,INFOSYS,INFOSYS,1909.40002441406,1.833076668322775e-4,-1.8329086700802707e-4,-0.02025222345588064
2024-12-30,INFOSYS,INFOSYS,1915.69995117188,0.0032939962324798344,-0.0032885769788563108,0.15473394263454446
2024-12-31,INFOSYS,INFOSYS,1892.30004882812,-0.012290019369071814,0.012365852000189557,-0.7219167039534605
2025-01-01,INFOSYS,INFOSYS,1874,-0.009717862415220324,0.009765234166552826,-0.5772246608772427
2025-01-02,INFOSYS,INFOSYS,1887,0.006913082570182638,-0.00688924218335983,0.35831910701860353
2025-01-03,INFOSYS,INFOSYS,1952.94995117188,0.0343527585396588,-0.03376940158261932,1.9018885114545117
2025-01-06,INFOSYS,INFOSYS,1952,-4.8653693517142216e-4,4.866553134631159e-4,-0.05793312152946126
2025-01-07,INFOSYS,INFOSYS,1945,-0.0035925109204910655,0.0035989717223650387,-0.23265407742003133
2025-01-08,INFOSYS,INFOSYS,1930,-0.007741974153614883,0.007772020725388601,-0.46607463597937143
2025-01-09,INFOSYS,INFOSYS,1934.05004882812,0.0020962721807711304,-0.0020940765367338885,0.08735813968300936
2025-01-10,INFOSYS,INFOSYS,1937,0.0015241093272928552,-0.0015229484625090357,0.05517215191966926
2025-01-13,INFOSYS,INFOSYS,1956,0.009761187187766751,-0.009713701431492843,0.5185340874442392
2025-01-14,INFOSYS,INFOSYS,1968.84997558594,0.006548031939858312,-0.006526640295239246,0.3377838432397459
2025-01-15,INFOSYS,INFOSYS,1947,-0.011159877162421061,0.011222380886461223,-0.6583425956152755
2025-01-16,INFOSYS,INFOSYS,1965.94995117188,0.009685837824647159,-0.00963908117833018,0.5142954451335452
2025-01-17,INFOSYS,INFOSYS,1851,-0.06024953062334948,0.06210154034137223,-3.419792375158639
2025-01-20,INFOSYS,INFOSYS,1822.94995117188,-0.015269992373800001,0.015387174403821716,-0.8895497022899329
2025-01-21,INFOSYS,INFOSYS,1819.05004882812,-0.0021416275861385614,0.0021439225084941586,-0.15103725633203188
2025-01-22,INFOSYS,INFOSYS,1807.40002441406,-0.006425051637869217,0.006445736558976099,-0.391993538754311
2025-01-23,INFOSYS,INFOSYS,1858,0.027611278398094186,-0.027233571359494082,1.522658723948759
2025-01-24,INFOSYS,INFOSYS,1865.5,0.004028473287428724,-0.004020369874028411,0.19605062259611872
2025-01-27,INFOSYS,INFOSYS,1848.75,-0.009019378636202724,0.009060175794455713,-0.5379327176347387
2025-01-28,INFOSYS,INFOSYS,1830,-0.010193768189543206,0.010245901639344262,-0.6039958805321917
2025-01-29,INFOSYS,INFOSYS,1845,0.008163310639161203,-0.008130081300813009,0.42864842861803687
2025-01-30,INFOSYS,INFOSYS,1873.15002441406,0.015142241220939212,-0.015028173956790037,0.8212355617058491
2025-01-31,INFOSYS,INFOSYS,1871,-0.0011484714214775593,0.001149131167322287,-0.09516905033342794
2025-02-01,INFOSYS,INFOSYS,1880.30004882812,0.004958317255599809,-0.004946045092067178,0.2483573153487579
2025-02-03,INFOSYS,INFOSYS,1836,-0.023842072349252952,0.024128566899847492,-1.371756576642432
2025-02-04,INFOSYS,INFOSYS,1889,0.028458296321073107,-0.028057173107464268,1.570306187146744
2025-02-05,INFOSYS,INFOSYS,1906,0.008959216712637996,-0.008919202518363064,0.4734206870510575
2025-02-06,INFOSYS,INFOSYS,1917,0.0057546588314973945,-0.005738132498695879,0.2931540721837649
2025-02-07,INFOSYS,INFOSYS,1919.30004882812,0.001199097606774835,-0.001198378976504666,0.03688920468542513
2025-02-10,INFOSYS,INFOSYS,1905,-0.007478553091617712,0.0075065873113490805,-0.45125635998242697
2025-02-11,INFOSYS,INFOSYS,1883.09997558594,-0.011562666534030264,0.011629772554824473,-0.6810007841135272
2025-02-12,INFOSYS,INFOSYS,1885,0.0010084788553399449,-0.0010079705114376652,0.02616629115847175
2025-02-13,INFOSYS,INFOSYS,1868.5,-0.0087918509565732,0.008830612791008831,-0.5251335590247592
2025-02-14,INFOSYS,INFOSYS,1854,-0.0077905027997378085,0.007820927723840345,-0.4688045273045113
2025-02-17,INFOSYS,INFOSYS,1838.55004882812,-0.008368223112566575,0.008403334563411913,-0.5013031399045588
2025-02-18,INFOSYS,INFOSYS,1842.30004882812,0.0020375734941211476,-0.0020354990504317474,0.08405615109920275
2025-02-19,INFOSYS,INFOSYS,1847.40002441406,0.0027644408665166154,-0.0027606233184702704,0.12494476211493576
2025-02-20,INFOSYS,INFOSYS,1805.55004882812,-0.022913976836668404,0.023178518708524554,-1.3195482401003789
2025-02-21,INFOSYS,INFOSYS,1821.80004882812,0.008959768575635962,-0.008919749459032497,0.4734517311071412
2025-02-24,INFOSYS,INFOSYS,1800.05004882812,-0.012010580710621,0.012082997366745342,-0.7061973870022954
2025-02-25,INFOSYS,INFOSYS,1745.15002441406,-0.03097394358498029,0.03145862742230019,-1.772947109945043
2025-02-27,INFOSYS,INFOSYS,1755.19995117188,0.0057422568846074995,-0.005725801639357414,0.29245642306444175
2025-02-28,INFOSYS,INFOSYS,1755.05004882812,-8.540835772485877e-5,8.541200512207448e-5,-0.03536835800674837
2025-03-03,INFOSYS,INFOSYS,1692.30004882812,-0.03640879507696937,0.03707971292883491,-2.078674863072304
2025-03-04,INFOSYS,INFOSYS,1695,0.001594161547399331,-0.0015928915468318597,0.05911281301893204
2025-03-05,INFOSYS,INFOSYS,1692.44995117188,-0.0015055864125397278,0.0015067203767853237,-0.11525790906061308
2025-03-06,INFOSYS,INFOSYS,1715,0.013235926198029269,-0.013148716517854226,0.713999253673189
2025-03-07,INFOSYS,INFOSYS,1703.09997558594,-0.006962975090321066,0.006987272963799953,-0.4222534508632503
2025-03-10,INFOSYS,INFOSYS,1686,-0.010091245947918104,0.010142334273985766,-0.5982286770264932
2025-03-11,INFOSYS,INFOSYS,1680,-0.0035650661644961446,0.0035714285714285713,-0.2311102222479365
2025-03-12,INFOSYS,INFOSYS,1636.90002441406,-0.02598956933218144,0.026330243107771927,-1.4925601401631376
2025-03-13,INFOSYS,INFOSYS,1599.25,-0.023269454734876405,0.023542300712246365,-1.3395450071262172
2025-03-17,INFOSYS,INFOSYS,1545.15002441406,-0.0344137605319883,0.035012765576893014,-1.9664477985890572
2025-03-18,INFOSYS,INFOSYS,1590.05004882812,0.02864448417101073,-0.02823812020706624,1.580779848313863
2025-03-19,INFOSYS,INFOSYS,1603,0.008111380640283272,-0.008078572159625702,0.4257272003379477
2025-03-20,INFOSYS,INFOSYS,1592,-0.006885786205224065,0.006909547738693468,-0.4179113295666848
2025-03-21,INFOSYS,INFOSYS,1577.94995117188,-0.00886458212260699,0.008903988886140269,-0.5292249193879168
2025-03-24,INFOSYS,INFOSYS,1597.94995117188,0.012595021886868452,-0.012516036553793632,0.6779463393829261
2025-03-25,INFOSYS,INFOSYS,1605,0.004402229395526369,-0.004392553786990653,0.2170755973014346
2025-03-26,INFOSYS,INFOSYS,1626,0.01299925454363926,-0.012915129151291513,0.7006857172808295
2025-03-27,INFOSYS,INFOSYS,1595.55004882812,-0.018904476139283588,0.019084297101331613,-1.0940010211597284
2025-03-28,INFOSYS,INFOSYS,1590,-0.003484518754194532,0.0034905967472452816,-0.2265791731828435
2025-04-01,INFOSYS,INFOSYS,1539.25,-0.03243873142295772,0.03297060256618483,-1.8553461037672383
2025-04-02,INFOSYS,INFOSYS,1535.19995117188,-0.0026346509035359844,0.002638124646257598,-0.17877139245140322
2025-04-03,INFOSYS,INFOSYS,1534.65002441406,-3.582759861728846e-4,3.583401746792199e-4,-0.05071803353505916
2025-04-04,INFOSYS,INFOSYS,1460.5,-0.04952351507381536,0.050770300865498115,-2.8164197459708404
2025-04-07,INFOSYS,INFOSYS,1352,-0.0771938652248858,0.08025147928994082,-4.372965309800896
2025-04-08,INFOSYS,INFOSYS,1431,0.056788522953540976,-0.05520614954577219,3.163971910432188
2025-04-09,INFOSYS,INFOSYS,1405.05004882812,-0.018300576481328434,0.018469058232853358,-1.0600297367901097
2025-04-11,INFOSYS,INFOSYS,1411.25,0.004402912388749236,-0.004393233779897256,0.21711401785145093
2025-04-15,INFOSYS,INFOSYS,1445.59997558594,0.024048606925616056,-0.02376174333568112,1.3222470758997378
2025-04-16,INFOSYS,INFOSYS,1425,-0.014352629686736229,0.01445612321820351,-0.8379451214596851
2025-04-17,INFOSYS,INFOSYS,1398,-0.019129169908995713,0.019313304721030045,-1.106640763286404
2025-04-21,INFOSYS,INFOSYS,1410,0.008547060578458776,-0.00851063829787234,0.4502355882445831
2025-04-22,INFOSYS,INFOSYS,1440,0.021053409197832273,-0.020833333333333332,1.15375763826986
2025-04-23,INFOSYS,INFOSYS,1446,0.004158010148663571,-0.004149377593360996,0.20333748472857477
2025-04-24,INFOSYS,INFOSYS,1469.90002441406,0.01639326413856601,-0.016259625836517123,0.8916095960801944
2025-04-25,INFOSYS,INFOSYS,1475.5,0.003802527525717636,-0.0037953070728159954,0.18334045192113751
2025-04-28,INFOSYS,INFOSYS,1480.19995117188,0.0031802653928565405,-0.00317521370552609,0.14833621969574903
2025-04-29,INFOSYS,INFOSYS,1482,0.0012153460801815896,-0.0012146078462348163,0.0378032332055619
2025-04-30,INFOSYS,INFOSYS,1496.80004882812,0.009937001725520034,-0.009887792854969041,0.5284242166729046
2025-05-02,INFOSYS,INFOSYS,1499.69995117188,0.0019355269474905512,-0.0019336550231224539,0.0783157069560947
2025-05-05,INFOSYS,INFOSYS,1515,0.010150383414426756,-0.010099042130772276,0.5404276181281773
2025-05-06,INFOSYS,INFOSYS,1506,-0.005958309583630417,0.00597609561752988,-0.36573780761931624
2025-05-07,INFOSYS,INFOSYS,1500,-0.00399202126953746,0.004,-0.2551278104272794
2025-05-08,INFOSYS,INFOSYS,1508,0.005319161477600254,-0.005305039787798408,0.2686559552258229
2025-05-09,INFOSYS,INFOSYS,1500.69995117188,-0.004852636202854477,0.0048644293100825855,-0.3035401488800384
2025-05-12,INFOSYS,INFOSYS,1537,0.02390083117354891,-0.023617468333194534,1.3139342179103553
2025-05-13,INFOSYS,INFOSYS,1609,0.04578040345378742,-0.044748290863890615,2.5447300331193197
2025-05-14,INFOSYS,INFOSYS,1574,-0.021992718015034995,0.022236340533672173,-1.2677244892578663
2025-05-15,INFOSYS,INFOSYS,1589.80004882812,0.009988102875036375,-0.009938387434172363,0.531298819529449
2025-05-16,INFOSYS,INFOSYS,1612.59997558594,0.014239515258973157,-0.014138612863078845,0.7704543434061117
2025-05-19,INFOSYS,INFOSYS,1576.5,-0.022640568126242933,0.022898811028189026,-1.3041681269827945
2025-05-20,INFOSYS,INFOSYS,1570,-0.004131580642761534,0.004140127388535032,-0.2629784708669649
2025-05-21,INFOSYS,INFOSYS,1567.90002441406,-0.0013384594047645137,0.001339355541323359,-0.1058564811376256
2025-05-22,INFOSYS,INFOSYS,1555.5,-0.00794012259989696,0.007971728970787528,-0.47722111888819
2025-05-23,INFOSYS,INFOSYS,1550,-0.0035421064243994493,0.0035483870967741938,-0.22981866354343528
2025-05-26,INFOSYS,INFOSYS,1566.59997558594,0.010652719435739755,-0.010596180163817043,0.5686856235837443
2025-05-27,INFOSYS,INFOSYS,1579.90002441406,0.00845391898268577,-0.008418285095636104,0.44499607602602936
2025-05-28,INFOSYS,INFOSYS,1581,6.959888777542389e-4,-6.957467336748901e-4,0.00858773195354645
2025-05-29,INFOSYS,INFOSYS,1589,0.0050473293272439435,-0.005034612964128383,0.25336452864708675
2025-05-30,INFOSYS,INFOSYS,1571,-0.01139252828109516,0.011457670273711012,-0.6714299640336409
2025-06-02,INFOSYS,INFOSYS,1560,-0.00702653801203823,0.007051282051282051,-0.4258290682039245
2025-06-03,INFOSYS,INFOSYS,1559,-6.412311858063902e-4,6.414368184733803e-4,-0.06663516715815353
2025-06-04,INFOSYS,INFOSYS,1543,-0.010316016694615904,0.010369410239792612,-0.6108727493544854
2025-06-05,INFOSYS,INFOSYS,1547.90002441406,0.0031706159890463326,-0.003165594894227647,0.1477934099151769
2025-06-06,INFOSYS,INFOSYS,1554.69995117188,0.004383380196707698,-0.0043737872074251045,0.2160152696712434
2025-06-09,INFOSYS,INFOSYS,1578,0.014875652856904509,-0.014765556925297844,0.8062391148542102
2025-06-10,INFOSYS,INFOSYS,1584,0.003795070968552139,-0.003787878787878788,0.1829209967672972
2025-06-11,INFOSYS,INFOSYS,1590.09997558594,0.0038435985901905667,-0.0038362214197834987,0.18565083046197356
2025-06-12,INFOSYS,INFOSYS,1617,0.016775688612544748,-0.016635760305541127,0.913122194049569
2025-06-13,INFOSYS,INFOSYS,1576,-0.02568258915928201,0.02601522842639594,-1.4752915250678955
2025-06-16,INFOSYS,INFOSYS,1600,0.01511363781004782,-0.015,0.8196265284955837
2025-06-17,INFOSYS,INFOSYS,1620.69995117188,0.01285449530840399,-0.012772229157477596,0.6925425479967755
2025-06-18,INFOSYS,INFOSYS,1621,1.851181993997031e-4,-1.8510106608266366e-4,-0.02015037521685579
2025-06-19,INFOSYS,INFOSYS,1623.90002441406,0.0017874357695797372,-0.001785839257626955,0.06998510525571225
2025-06-20,INFOSYS,INFOSYS,1619,-0.003022003827620523,0.003026574684410129,-0.2005612314786909
2025-06-23,INFOSYS,INFOSYS,1601,-0.011180240680920939,0.011242973141786383,-0.6594881085636652
2025-06-24,INFOSYS,INFOSYS,1601,0,0,-0.03056386512522596
2025-06-25,INFOSYS,INFOSYS,1590,-0.006894417782437046,0.006918238993710692,-0.4183968833506516
2025-06-26,INFOSYS,INFOSYS,1608.80004882812,0.01175457359481058,-0.01168575848926304,0.6306684389050538
2025-06-27,INFOSYS,INFOSYS,1619,0.006320084868547404,-0.006300155140135888,0.3249610925083615
2025-06-30,INFOSYS,INFOSYS,1615,-0.0024737180208784793,0.002476780185758514,-0.16971840384780487
2025-07-01,INFOSYS,INFOSYS,1609,-0.003722088664373402,0.0037290242386575512,-0.2399432393319816
2025-07-02,INFOSYS,INFOSYS,1618,0.005577950626053152,-0.005562422744128554,0.28321367129352615
2025-07-03,INFOSYS,INFOSYS,1618.5,3.089757478624833e-4,-3.0892801977139327e-4,-0.01318299256524397
2025-07-04,INFOSYS,INFOSYS,1625,0.004008021397538641,-0.004,0.1949001384748015
2025-07-07,INFOSYS,INFOSYS,1640,0.009188426054405952,-0.009146341463414634,0.48631444452684447
2025-07-08,INFOSYS,INFOSYS,1628,-0.00734397425575839,0.007371007371007371,-0.4436858706752944
2025-07-09,INFOSYS,INFOSYS,1637.80004882812,0.006001640086839011,-0.005983666220508502,0.3070475565543235
2025-07-10,INFOSYS,INFOSYS,1638.90002441406,6.71392317070918e-4,-6.711669836805724e-4,0.00720409686368182
2025-07-11,INFOSYS,INFOSYS,1579.09997558594,-0.037170250954541295,0.0378697041052962,-2.1215091879657435
2025-07-14,INFOSYS,INFOSYS,1591.80004882812,0.008010433034677966,-0.00797843501231814,0.42004857513704214
2025-07-15,INFOSYS,INFOSYS,1565.09997558594,-0.016915777949116695,0.017059659867532783,-0.9821303968705044
2025-07-16,INFOSYS,INFOSYS,1579,0.008842031158226682,-0.008803055360392652,0.46682862537251135
2025-07-17,INFOSYS,INFOSYS,1598,0.01196111207057804,-0.011889862327909888,0.6422868877667292
2025-07-18,INFOSYS,INFOSYS,1592.09997558594,-0.0036989631587625027,0.003705812765865168,-0.23864235578791743
2025-07-21,INFOSYS,INFOSYS,1580,-0.007629037146444695,0.007658212396164558,-0.4597215686512062
2025-07-22,INFOSYS,INFOSYS,1565,-0.009539023046759354,0.009584664536741214,-0.5671643752611872
2025-07-23,INFOSYS,INFOSYS,1576.30004882812,0.007194535634655885,-0.007168716918153288,0.37415174074169694
2025-07-24,INFOSYS,INFOSYS,1580,0.0023444874121034687,-0.0023417412480253178,0.10132103914380716
2025-07-25,INFOSYS,INFOSYS,1543.40002441406,-0.02343705617914793,0.02371386225669842,-1.3489731236172655
2025-07-28,INFOSYS,INFOSYS,1513.90002441406,-0.019298672097431968,0.019486095200650838,-1.1161758027069169
2025-07-29,INFOSYS,INFOSYS,1512.90002441406,-6.6076385638425e-4,6.609822089118519e-4,-0.06773394225757257
2025-07-30,INFOSYS,INFOSYS,1519.90002441406,0.004616204377304811,-0.004605566081689212,0.22911237337546492
2025-07-31,INFOSYS,INFOSYS,1509.69995117188,-0.006733636034592649,0.0067563579334174026,-0.4093523965629577
2025-08-01,INFOSYS,INFOSYS,1493.90002441406,-0.010520756839989431,0.010576294597770743,-0.6223900363884429
2025-08-04,INFOSYS,INFOSYS,1461.5,-0.021926860839470486,0.022169021152281903,-1.2640198128113669
2025-08-05,INFOSYS,INFOSYS,1478.69995117188,0.011699984807162167,-0.011631806140420118,0.6275976452654698
2025-08-06,INFOSYS,INFOSYS,1452,-0.01822137397372181,0.0183883961238843,-1.0555743427966695
2025-08-07,INFOSYS,INFOSYS,1430,-0.015267472130788384,0.015384615384615385,-0.8894079305718646
2025-08-08,INFOSYS,INFOSYS,1425,-0.003502630551201591,0.0035087719298245615,-0.22759801960621903
2025-08-11,INFOSYS,INFOSYS,1419.90002441406,-0.003585349928228787,0.00359178498362557,-0.23225124873594905
2025-08-12,INFOSYS,INFOSYS,1428.19995117188,0.005828412151913653,-0.005811459908684123,0.2973029319952553
2025-08-13,INFOSYS,INFOSYS,1425,-0.0022430622236848663,0.0022455797697403523,-0.15674327863498652
2025-08-14,INFOSYS,INFOSYS,1426.19995117188,8.41716654934821e-4,-8.413625108415032e-4,0.01678538481516406
2025-08-18,INFOSYS,INFOSYS,1464.69995117188,0.026636879629973187,-0.02628524700174725,1.4678456814090377
2025-08-19,INFOSYS,INFOSYS,1432.69995117188,-0.022089668169522625,0.022335451309135265,-1.2731782450671492
2025-08-20,INFOSYS,INFOSYS,1440.69995117188,0.005568330857348869,-0.005552856438630902,0.2826725285822273
2025-08-21,INFOSYS,INFOSYS,1508,0.04565519689241615,-0.04462867959424403,2.537686764183406
2025-08-22,INFOSYS,INFOSYS,1498.09997558594,-0.006586647341247698,0.006608387007140749,-0.40108381314024744
2025-08-25,INFOSYS,INFOSYS,1506.69995117188,0.0057241741732614315,-0.005707822303472644,0.29143921280242413
2025-08-26,INFOSYS,INFOSYS,1523,0.010760277495246662,-0.010702592795876558,0.5747361079276492
2025-08-28,INFOSYS,INFOSYS,1529.59997558594,0.004324173440899415,-0.004314837664280012,0.21268470057477296
2025-08-29,INFOSYS,INFOSYS,1501.90002441406,-0.018275257869076356,0.018443272336110823,-1.0586054839936287
2025-09-01,INFOSYS,INFOSYS,1476.69995117188,-0.01692115405295791,0.01706512770057432,-0.9824328198806364
2025-09-02,INFOSYS,INFOSYS,1499.40002441406,0.015255208937487552,-0.015139437690119285,0.8275903565345799
2025-09-03,INFOSYS,INFOSYS,1500,4.00063738786649e-4,-3.9998372396000075e-4,-0.00805900217777114
2025-09-04,INFOSYS,INFOSYS,1484,-0.010723963362975653,0.01078167115902965,-0.633821052265299
2025-09-05,INFOSYS,INFOSYS,1470,-0.009478743954543845,0.009523809523809525,-0.5637734838172057
2025-09-08,INFOSYS,INFOSYS,1451,-0.013009426888594078,0.013094417643004824,-0.7623856744213008
2025-09-09,INFOSYS,INFOSYS,1481,0.02046456138361119,-0.02025658338960162,1.1206330681797465
2025-09-10,INFOSYS,INFOSYS,1510.09997558594,0.0194583223467637,-0.019270231147874035,1.064028908839284
2025-09-11,INFOSYS,INFOSYS,1523.90002441406,0.009096996702028015,-0.009055744213552408,0.4811712514674593
2025-09-12,INFOSYS,INFOSYS,1537,0.008559610222005354,-0.008523081057865974,0.4509415457725483
2025-09-15,INFOSYS,INFOSYS,1525.59997558594,-0.007444705255310602,0.007472485970433744,-0.44935231109387247
2025-09-16,INFOSYS,INFOSYS,1508.40002441406,-0.011338256713681716,0.01140277837012191,-0.6683770150453799
2025-09-17,INFOSYS,INFOSYS,1516.90002441406,0.005619292122728936,-0.005603533432128023,0.2855392625094221
2025-09-18,INFOSYS,INFOSYS,1550,0.02158613622095995,-0.021354822958670968,1.1837252346339688
2025-09-19,INFOSYS,INFOSYS,1544.59997558594,-0.003489969584202335,0.0034960666188095166,-0.2268857997784755
2025-09-22,INFOSYS,INFOSYS,1482.69995117188,-0.04090024423700456,0.04174817997743653,-2.331333222184209
2025-09-23,INFOSYS,INFOSYS,1493,0.006922801447104554,-0.006898894057682517,0.35886582488361785
2025-09-24,INFOSYS,INFOSYS,1487.19995117188,-0.003892393964204821,0.0038999791679321196,-0.24952345633329137
2025-09-25,INFOSYS,INFOSYS,1489,0.0012096291090237798,-0.0012088978026326379,0.03748163532022938
2025-09-26,INFOSYS,INFOSYS,1475,-0.009446763910089473,0.009491525423728813,-0.5619745041853718
2025-09-29,INFOSYS,INFOSYS,1460,-0.010221554071537575,0.010273972602739725,-0.6055589251312091
2025-09-30,INFOSYS,INFOSYS,1443,-0.011712155928511159,0.01178101178101178,-0.68941003996138
2025-10-01,INFOSYS,INFOSYS,1446,0.0020768439448390907,-0.002074688796680498,0.08626523936593843
2025-10-03,INFOSYS,INFOSYS,1439,-0.004852695831342402,0.004864489228630994,-0.3035435031729187
2025-10-06,INFOSYS,INFOSYS,1446.59997558594,0.005267530650955976,-0.0052536815389214,0.2657515563392705
2025-10-07,INFOSYS,INFOSYS,1477.69995117188,0.021270833327939442,-0.021046204651544026,1.165988439952539
2025-10-08,INFOSYS,INFOSYS,1457,-0.014107264671058495,0.014207241710281402,-0.8241425557318257
2025-10-09,INFOSYS,INFOSYS,1502,0.03041802612887512,-0.02996005326231691,1.680547247414676
2025-10-10,INFOSYS,INFOSYS,1510,0.005312097484890366,-0.005298013245033113,0.2682585830763608
2025-10-13,INFOSYS,INFOSYS,1497,-0.008646545389341398,0.008684034736138945,-0.5169596568212016
2025-10-14,INFOSYS,INFOSYS,1499,0.0013351136829689025,-0.00133422281521014,0.04454054335131204
2025-10-15,INFOSYS,INFOSYS,1483.90002441406,-0.010124445637885948,0.01017587124301211,-0.600096265613456
2025-10-16,INFOSYS,INFOSYS,1473.90002441406,-0.006761808057741625,0.006784720696354856,-0.4109371628350569
2025-10-17,INFOSYS,INFOSYS,1454.90002441406,-0.012974778905051387,0.01305931657238921,-0.7604366146954673
2025-10-20,INFOSYS,INFOSYS,1453.69995117188,-8.251896584958729e-4,8.255302211522909e-4,-0.07698341873543142
2025-10-21,INFOSYS,INFOSYS,1478,0.01657782566472399,-0.016441169707794315,0.9019917713409938
2025-10-23,INFOSYS,INFOSYS,1510,0.02141982830082334,-0.02119205298013245,1.1743698830065057
2025-10-24,INFOSYS,INFOSYS,1539.5,0.01934803755558523,-0.019162065605716143,1.0578250371307747
2025-10-27,INFOSYS,INFOSYS,1510,-0.01934803755558523,0.0195364238410596,-1.1189527673812252
2025-10-28,INFOSYS,INFOSYS,1499.69995117188,-0.0068445952799276455,0.006868073056928115,-0.41559420847169504
2025-10-29,INFOSYS,INFOSYS,1500.19995117188,3.3334445875254914e-4,-3.3328890566182553e-4,-0.01181217475389293
2025-10-30,INFOSYS,INFOSYS,1507,0.0045225196387006505,-0.004512308445998672,0.22384230763803636
2025-10-31,INFOSYS,INFOSYS,1490,-0.011344799686990648,0.011409395973154362,-0.6687450781895787
2025-11-03,INFOSYS,INFOSYS,1482.30004882812,-0.005181151478910628,0.005194596855047968,-0.3220201823022223
2025-11-04,INFOSYS,INFOSYS,1479.69995117188,-0.0017556369507687464,0.0017571789836046102,-0.12932405039556708
2025-11-06,INFOSYS,INFOSYS,1478.59997558594,-7.436538984313401e-4,7.439304775479267e-4,-0.07239677183980169
2025-11-07,INFOSYS,INFOSYS,1470,-0.005833276838612456,0.005850323527850341,-0.3587043164083393
2025-11-10,INFOSYS,INFOSYS,1490.09997558594,0.013580814624456927,-0.013489011418872246,0.7334003290929128
2025-11-11,INFOSYS,INFOSYS,1525,0.02315119464427351,-0.022885261910859017,1.2717647691047589
2025-11-12,INFOSYS,INFOSYS,1540,0.009788006366162172,-0.00974025974025974,0.5200427518785579
2025-11-13,INFOSYS,INFOSYS,1557.09997558594,0.011042684760518284,-0.010981938124753515,0.5906224184930016
2025-11-14,INFOSYS,INFOSYS,1520,-0.024114766327870463,0.024407878674960526,-1.3870964838132342
2025-11-17,INFOSYS,INFOSYS,1496,-0.015915455305900217,0.016042780748663103,-0.9258590535662998
2025-11-18,INFOSYS,INFOSYS,1506,0.006662249825416744,-0.006640106241699867,0.3442089640678261
2025-11-19,INFOSYS,INFOSYS,1490.5,-0.010345495241712577,0.01039919490103992,-0.6125310117711713
2025-11-20,INFOSYS,INFOSYS,1555,0.04236391149520813,-0.041479099678456595,2.352541449564971
2025-11-21,INFOSYS,INFOSYS,1531,-0.015554428955650401,0.015676028739386023,-0.9055501683936344
2025-11-24,INFOSYS,INFOSYS,1563.59997558594,0.021069722647109046,-0.020849306788792675,1.154675321890228
2025-11-25,INFOSYS,INFOSYS,1549,-0.009381277887924533,0.009425420003834733,-0.5582907063029594
2025-11-26,INFOSYS,INFOSYS,1532.09997558594,-0.01097023403019115,0.011030627689682401,-0.6476745637844114
2025-11-27,INFOSYS,INFOSYS,1564,0.02060731471857924,-0.020396435047352942,1.1286633991677193
2025-11-28,INFOSYS,INFOSYS,1565,6.391818689968076e-4,-6.389776357827476e-4,0.00539215629251673
2025-12-01,INFOSYS,INFOSYS,1562.5,-0.0015987213636972086,0.0016,-0.1204970474982934
2025-12-02,INFOSYS,INFOSYS,1567,0.0028758607454646423,-0.002871729419272495,0.1312124861354445
2025-12-03,INFOSYS,INFOSYS,1555.09997558594,-0.007623126828079307,0.007652256832925636,-0.4593890943680098
2025-12-04,INFOSYS,INFOSYS,1568,0.008261085382411437,-0.008227056386517856,0.4341485701786267
2025-12-05,INFOSYS,INFOSYS,1610,0.026433257068156024,-0.02608695652173913,1.4563912620192152
2025-12-08,INFOSYS,INFOSYS,1617.09997558594,0.004400227507955101,-0.004390560690823953,0.21696298473237235
2025-12-09,INFOSYS,INFOSYS,1601.19995117188,-0.009881088862750076,0.009930068010820978,-0.5864066698296391
2025-12-10,INFOSYS,INFOSYS,1608,0.004237853115197865,-0.004228886087139302,0.2078289065820276
2025-12-11,INFOSYS,INFOSYS,1598,-0.006238323412691926,0.006257822277847309,-0.38148947975416286
2025-12-12,INFOSYS,INFOSYS,1601.40002441406,0.0021254145577609407,-0.002123157463610032,0.08899749145756089
2025-12-15,INFOSYS,INFOSYS,1585,-0.010293854572600125,0.010347018557766562,-0.60962605921431
2025-12-16,INFOSYS,INFOSYS,1600,0.009419221916491693,-0.009375,0.4992974488371619
2025-12-17,INFOSYS,INFOSYS,1587.19995117188,-0.008032202460949378,0.008064547140811916,-0.48240090513794626
2025-12-18,INFOSYS,INFOSYS,1610.5,0.014573263004330705,-0.014467586978031665,0.7892287199368371
2025-12-19,INFOSYS,INFOSYS,1650,0.02423059812337236,-0.02393939393939394,1.332484661979342
2025-12-22,INFOSYS,INFOSYS,1664,0.008449054486527885,-0.008413461538461538,0.4447224325819279
2025-12-23,INFOSYS,INFOSYS,1679,0.00897403569638655,-0.008933889219773675,0.47425430221275056
2025-12-24,INFOSYS,INFOSYS,1661,-0.010778547464245669,0.010836845273931367,-0.6368915822811454
2025-12-26,INFOSYS,INFOSYS,1663.40002441406,0.001443884498494974,-0.0014428425987942485,0.05065924909435471
2025-12-29,INFOSYS,INFOSYS,1658,-0.0032516584165493967,0.0032569507925572973,-0.21348003552922595
2025-12-30,INFOSYS,INFOSYS,1647,-0.006656605517600056,0.006678809957498482,-0.4050191839779894
