date,ticker,company,adj_close,log_ret,simple_ret,z_ret
2020-01-02,LT,LT,1312,0.002747655180328046,-0.002743883830746952,0.11239529996074504
2020-01-03,LT,LT,1344.94995117188,0.024804110814933722,-0.024499016594015335,1.359020002137933
2020-01-06,LT,LT,1331,-0.010426261923855762,0.010480804787287756,-0.6321908093661172
2020-01-07,LT,LT,1328,-0.002256488358733044,0.002259036144578313,-0.17043749295846153
2020-01-08,LT,LT,1302,-0.019772507267864725,0.019969278033794162,-1.1604379815985384
2020-01-09,LT,LT,1311,0.0068886609951857025,-0.006864988558352402,0.34644379017060034
2020-01-10,LT,LT,1319,0.006083668953614563,-0.006065200909780136,0.30094586517745286
2020-01-13,LT,LT,1329,0.0075529059959311695,-0.007524454477050414,0.38398673179027304
2020-01-14,LT,LT,1329.80004882812,6.018119735022864e-4,-6.016309209982637e-4,-0.00888715778970172
2020-01-15,LT,LT,1325.59997558594,-0.003163422991760534,0.003168431894639622,-0.22169718470234565
2020-01-16,LT,LT,1327.69995117188,0.0015829164303973187,-0.0015816642789558593,0.0465645916501868
2020-01-17,LT,LT,1320.59997558594,-0.005361924852010702,0.005376325698317385,-0.3459558948131
2020-01-20,LT,LT,1313.94995117188,-0.005048329864508538,0.00506109415212429,-0.3282315938476046
2020-01-21,LT,LT,1304.75,-0.0070263788853432985,0.007051121802552214,-0.4400303711462163
2020-01-22,LT,LT,1311,0.0047787532401777355,-0.004767353165522502,0.22719239410396463
2020-01-23,LT,LT,1307,-0.00305577013947822,0.00306044376434583,-0.21561267560721353
2020-01-24,LT,LT,1332,0.018947137476112985,-0.01876876876876877,1.0279855075153306
2020-01-27,LT,LT,1340,0.005988041844622316,-0.005970149253731343,0.2955410477288942
2020-01-28,LT,LT,1350.90002441406,0.008101441103119278,-0.008068712870730594,0.4149897825959292
2020-01-29,LT,LT,1353.09997558594,0.0016271831784653301,-0.0016258600336810632,0.04906653586735865
2020-01-30,LT,LT,1365.94995117188,0.009451883266557104,-0.009407354621533323,0.4913163958874556
2020-01-31,LT,LT,1375.94995117188,0.007294244643833103,-0.007267706206525259,0.36936726453017293
2020-02-03,LT,LT,1290,-0.06450214778121399,0.06662786912548838,-3.6885447503017783
2020-02-04,LT,LT,1296,0.004640379556501983,-0.004629629629629629,0.219371552212684
2020-02-05,LT,LT,1297.90002441406,0.0014649945919256169,-0.001463922011187086,0.03989968232833299
2020-02-06,LT,LT,1322.90002441406,0.019078722419143546,-0.018897875529991785,1.0354226516846043
2020-02-07,LT,LT,1313.05004882812,-0.0074736024276020885,0.007501599497087697,-0.4653073206439779
2020-02-10,LT,LT,1300,-0.009988448046058807,0.010038499098553845,-0.6074456914714087
2020-02-11,LT,LT,1292,-0.006172859107080875,0.006191950464396285,-0.39178967205089593
2020-02-12,LT,LT,1289.09997558594,-0.0022471238323289455,0.002249650507317587,-0.1699082125458768
2020-02-13,LT,LT,1299,0.0076504561603814025,-0.0076212659076674355,0.389500239795396
2020-02-14,LT,LT,1295,-0.0030840425369618174,0.003088803088803089,-0.2172106236037847
2020-02-17,LT,LT,1297,0.0015432101828061207,-0.0015420200462606013,0.04432040564409267
2020-02-18,LT,LT,1281.5,-0.01202263851231855,0.012095200936402654,-0.7224175675598518
2020-02-19,LT,LT,1298,0.012793351459909452,-0.012711864406779662,0.680175243400404
2020-02-20,LT,LT,1279.90002441406,-0.014042649327314471,0.014141710477915018,-0.8365880137256965
2020-02-24,LT,LT,1271.90002441406,-0.006270104284329392,0.006289802536709162,-0.397285942264654
2020-02-25,LT,LT,1262.19995117188,-0.0076556731871839645,0.0076850527788200566,-0.47559790904124966
2020-02-26,LT,LT,1235,-0.021785221403129107,0.02202425196103644,-1.2741960214672
2020-02-27,LT,LT,1212.34997558594,-0.018510365381323446,0.018682744149941546,-1.0891020752552525
2020-02-28,LT,LT,1189.65002441406,-0.018901437961263312,0.019081200946522436,-1.1112053880709716
2020-03-02,LT,LT,1205,0.012820400205264093,-0.012738568950987553,0.6817040309209899
2020-03-03,LT,LT,1166,-0.032900479014317696,0.03344768439108062,-1.9024272721596311
2020-03-04,LT,LT,1185,0.01616368665879353,-0.016033755274261603,0.8706656459905019
2020-03-05,LT,LT,1180.09997558594,-0.004143614625656156,0.004152211266360761,-0.2770973416416898
2020-03-06,LT,LT,1148,-0.027577862064063652,0.02796165120726481,-1.60159445113265
2020-03-09,LT,LT,1135.80004882812,-0.01068400644611156,0.010741284246701255,-0.646758457660023
2020-03-11,LT,LT,1090,-0.0411595952102104,0.04201839342029358,-2.369230209064785
2020-03-12,LT,LT,1070,-0.018519047767237673,0.018691588785046728,-1.089592801278231
2020-03-13,LT,LT,950,-0.11895194286136501,0.12631578947368421,-6.766031935908655
2020-03-16,LT,LT,1014.25,0.06544271749196984,-0.06334730096130145,3.6559026828789913
2020-03-17,LT,LT,972,-0.042548897626117466,0.043467078189300415,-2.447753192954677
2020-03-18,LT,LT,968,-0.0041237171838623965,0.004132231404958678,-0.27597274379775566
2020-03-19,LT,LT,873.900024414062,-0.10226610670617298,0.1076781931079939,-5.822953144277731
2020-03-20,LT,LT,849,-0.028906794259055957,0.029328650664384035,-1.6767053270250898
2020-03-23,LT,LT,809,-0.048260269252856425,0.049443757725587144,-2.7705583195424226
2020-03-24,LT,LT,755,-0.06908116780946649,0.07152317880794702,-3.9473496813183657
2020-03-25,LT,LT,697.200012207031,-0.07964541809450854,0.08290302177419567,-4.544438152081237
2020-03-26,LT,LT,787.75,0.1221084494828677,-0.1149476201751431,6.858634002773191
2020-03-27,LT,LT,867.900024414062,0.09689574814285518,-0.09234937453559014,5.433619176285669
2020-03-30,LT,LT,801,-0.08021558171187948,0.08352062973041453,-4.576663640231858
2020-03-31,LT,LT,820,0.02344339318993871,-0.023170731707317073,1.2821126226338797
2020-04-01,LT,LT,806.849975585938,-0.016166593129426587,0.01629797956492772,-0.9566327232480792
2020-04-03,LT,LT,791.099975585938,-0.019713395962426716,0.019908988100188686,-1.1570970271515535
2020-04-07,LT,LT,805,0.017417926252118576,-0.017267111073369,0.9415549169318284
2020-04-08,LT,LT,804,-0.0012430082395971098,0.0012437810945273632,-0.11315588014585924
2020-04-09,LT,LT,834.349975585938,0.037053680152769,-0.03637559354469222,2.051362234296948
2020-04-13,LT,LT,812.799987792969,-0.026167887526010958,0.02651327278127131,-1.5219030846821588
2020-04-15,LT,LT,890.950012207031,0.09180326106883907,-0.08771538620945912,5.145793231484924
2020-04-16,LT,LT,875.950012207031,-0.016979297256970227,0.01712426484498381,-1.0025665331829636
2020-04-17,LT,LT,930,0.05987556052970788,-0.058118266444052664,3.341248528783415
2020-04-20,LT,LT,940.799987792969,0.011545978021900716,-0.01147957901052355,0.609674045636676
2020-04-21,LT,LT,897,-0.04767470211040603,0.04882941782939686,-2.7374622284634893
2020-04-22,LT,LT,873,-0.027120306219194035,0.027491408934707903,-1.5757335227818423
2020-04-23,LT,LT,860,-0.0150031665920487,0.015116279069767442,-0.8908761808238739
2020-04-24,LT,LT,838,-0.025914288765470417,0.026252983293556086,-1.507569753680618
2020-04-27,LT,LT,861.950012207031,0.02817917802101544,-0.02778584821375754,1.5497778564510498
2020-04-28,LT,LT,863.799987792969,0.0021439678917234417,-0.0021416712341762005,0.07827506329022352
2020-04-29,LT,LT,862,-0.0020859757311288973,0.00208815289207538,-0.16080016694715168
2020-04-30,LT,LT,890.200012207031,0.03219089963074495,-0.031678287823335406,1.7765192395543554
2020-05-04,LT,LT,880,-0.011524262822185882,0.011590922962535253,-0.694249512974085
2020-05-05,LT,LT,861,-0.021827403044521354,0.022067363530778164,-1.276580116038344
2020-05-06,LT,LT,838,-0.027076403945647698,0.027446300715990454,-1.5732521785626707
2020-05-07,LT,LT,833,-0.005984458315239749,0.006002400960384154,-0.3811413120011594
2020-05-08,LT,LT,833,0,0,-0.04290140217523293
2020-05-11,LT,LT,821.200012207031,-0.01426694215719504,0.01436920070331673,-0.8492649817246064
2020-05-12,LT,LT,817,-0.005127605149644943,0.00514077381521545,-0.33271221078629126
2020-05-13,LT,LT,863.700012207031,0.05558640555965244,-0.05406971349658487,3.098826689766408
2020-05-14,LT,LT,858.900024414062,-0.005572971222675527,0.005588529114600397,-0.3578841766428408
2020-05-15,LT,LT,881.950012207031,0.026482849701461753,-0.026135254236561163,1.4539018543775375
2020-05-18,LT,LT,869.900024414062,-0.013757088319581001,0.013852152494288617,-0.8204481854542433
2020-05-19,LT,LT,827.099975585938,-0.05045271339866719,0.051747128631944986,-2.894474649327715
2020-05-20,LT,LT,800,-0.03331384951226646,0.03387496948242244,-1.92579085706335
2020-05-21,LT,LT,835.950012207031,0.04395708961831257,-0.04300497838634837,2.4415410060615503
2020-05-22,LT,LT,815,-0.025380704045376845,0.025705536450344815,-1.4774116945712212
2020-05-26,LT,LT,821.900024414062,0.008430649618009767,-0.008395211350651946,0.4335965557615434
2020-05-27,LT,LT,831.950012207031,0.012153594675437418,-0.012080038037751761,0.6440163689139065
2020-05-28,LT,LT,855,0.027329111402449868,-0.026959050050256114,1.5017323289757951
2020-05-29,LT,LT,893.200012207031,0.04370906469586977,-0.04276759033247394,2.4275227068299876
2020-06-01,LT,LT,944.650024414062,0.0560039807312549,-0.05446462803930367,3.1224279216488102
2020-06-02,LT,LT,935,-0.010267985075197217,0.010320881726269568,-0.6232450461579004
2020-06-03,LT,LT,955.950012207031,0.02215909390925397,-0.02191538463257413,1.2095243865721184
2020-06-04,LT,LT,961.049987792969,0.005320800853434449,-0.005306670465341706,0.2578287735674934
2020-06-05,LT,LT,940,-0.022146548787326026,0.02239360403507338,-1.29461814414067
2020-06-08,LT,LT,979.5,0.041162362120545914,-0.04032669729453803,2.2835837897124267
2020-06-09,LT,LT,964.5,-0.015432405038811936,0.015552099533437015,-0.915136617755512
2020-06-10,LT,LT,957,-0.007806440892829336,0.007836990595611285,-0.48411925758710694
2020-06-11,LT,LT,944,-0.013677225307453966,0.013771186440677966,-0.8159343503504637
2020-06-12,LT,LT,890,-0.05890470341931486,0.060674157303370786,-3.3721787608516034
2020-06-15,LT,LT,921.799987792969,0.03510680431761948,-0.03449770906279408,1.9413253567325752
2020-06-16,LT,LT,920,-0.0019545970007186497,0.0019565084706184535,-0.1533746778576254
2020-06-17,LT,LT,892.700012207031,-0.030123078183488694,0.030581368230829246,-1.745449354178684
2020-06-18,LT,LT,876,-0.018884500923205927,0.01906394087560619,-1.1102481114181115
2020-06-19,LT,LT,902,0.029248429126232267,-0.028824833702882482,1.6102116297950673
2020-06-22,LT,LT,905,0.0033204236373016727,-0.0033149171270718232,0.1447680129170151
2020-06-23,LT,LT,910,0.00550965581096996,-0.005494505494505495,0.26850280293525935
2020-06-24,LT,LT,979,0.07308704301961466,-0.07048008171603677,4.087957823202358
2020-06-25,LT,LT,949.900024414062,-0.03017490093265618,0.030634777174459,-1.7483783614642268
2020-06-26,LT,LT,955,0.00535459888287626,-0.00534028857166278,0.25973902873653926
2020-06-29,LT,LT,950,-0.005249355886143725,0.005263157894736842,-0.3395935283534294
2020-06-30,LT,LT,948.700012207031,-0.0013693453286416357,0.0013702833100473137,-0.12029641707586676
2020-07-01,LT,LT,941,-0.008149499680565775,0.008182797244453796,-0.503508844299285
2020-07-02,LT,LT,936,-0.00532766310778765,0.005341880341880342,-0.344019430614305
2020-07-03,LT,LT,948,0.012739025777429802,-0.012658227848101266,0.6771047710242468
2020-07-06,LT,LT,953.099975585938,0.005365302073133016,-0.005350934546821952,0.26034397005564436
2020-07-07,LT,LT,955,0.001991536152575968,-0.001989554360274393,0.0696596640363712
2020-07-08,LT,LT,944.950012207031,-0.010579311521507151,0.010635470303340347,-0.6408411298097617
2020-07-09,LT,LT,945,5.289853451984072e-5,-5.289713541690727e-5,-0.03991159180253102
2020-07-10,LT,LT,940,-0.005305052229693352,0.005319148936170213,-0.34274147010980494
2020-07-13,LT,LT,940,0,0,-0.04290140217523293
2020-07-14,LT,LT,928,-0.012848142477849045,0.01293103448275862,-0.769074820757029
2020-07-15,LT,LT,918.049987792969,-0.010779890714699647,0.010838203081894563,-0.652177809697006
2020-07-16,LT,LT,913,-0.005515961476532993,0.005531202401937544,-0.35466200173931356
2020-07-17,LT,LT,922.099975585938,0.009917770473538923,-0.009868751574530168,0.5176482104941328
2020-07-20,LT,LT,929,0.0074550877453312125,-0.007427367507063558,0.37845807163105616
2020-07-21,LT,LT,927,-0.0021551732479831998,0.002157497303128371,-0.16471119124181022
2020-07-22,LT,LT,939.200012207031,0.013074896505242073,-0.012989791363356299,0.6960880906003738
2020-07-23,LT,LT,912,-0.029388471996766086,0.029824574788411207,-1.7039296180110877
2020-07-24,LT,LT,914.400024414062,0.0026281491058126605,-0.0026246985454751663,0.10564085006088954
2020-07-27,LT,LT,908,-0.0070237605788499025,0.007048485037513266,-0.439882385195714
2020-07-28,LT,LT,908.799987792969,8.806559335603481e-4,-8.802682699322617e-4,0.00687302482625435
2020-07-29,LT,LT,919.599975585938,0.01181373180560552,-0.011744223662128298,0.6248074145875819
2020-07-30,LT,LT,929,0.010169972473378586,-0.01011843316906571,0.5319025969716465
2020-07-31,LT,LT,913.900024414062,-0.01638755582153184,0.01652256831442712,-0.9691214727915828
2020-08-03,LT,LT,913,-9.853023973382946e-4,9.8578796720925e-4,-0.0985904180345277
2020-08-04,LT,LT,918,0.005461510025522642,-0.0054466230936819175,0.2657816166105295
2020-08-05,LT,LT,923.950012207031,0.00646058021473106,-0.006439755537010365,0.3222487842148926
2020-08-06,LT,LT,926.049987792969,0.002270244851761305,-0.0022676697949565038,0.08541220174562462
2020-08-07,LT,LT,922.549987792969,-0.003786653930928807,0.003793832362811153,-0.25692202303538225
2020-08-10,LT,LT,925,0.002652175756370667,-0.0026486618454389433,0.10699882962901068
2020-08-11,LT,LT,969.599975585938,0.047089852623105166,-0.045998325813679804,2.6186038947023595
2020-08-12,LT,LT,952,-0.018318555344165155,0.018487369312960036,-1.0782610256139016
2020-08-13,LT,LT,957,0.0052383566615894495,-0.00522466039707419,0.25316905090816094
2020-08-14,LT,LT,999.950012207031,0.04390189848678272,-0.042952159290677215,2.4384216187471752
2020-08-17,LT,LT,1002,0.00204799170507286,-0.0020458960009670435,0.07285051607010018
2020-08-18,LT,LT,1005.95001220703,0.003934378125262761,-0.003926648599927712,0.17946854882284402
2020-08-19,LT,LT,1017.25,0.011170527111726614,-0.011108368437424429,0.5884536652260007
2020-08-20,LT,LT,986,-0.031201832279164066,0.03169371196754564,-1.806420233884949
2020-08-21,LT,LT,1010,0.02404925523266943,-0.023762376237623763,1.3163557757991513
2020-08-24,LT,LT,996,-0.013958352250706518,0.014056224899598393,-0.8318235665379137
2020-08-25,LT,LT,993,-0.003016593539425294,0.0030211480362537764,-0.2133984251319118
2020-08-26,LT,LT,987,-0.00606062461169099,0.0060790273556231,-0.3854462097690384
2020-08-27,LT,LT,975.25,-0.01197619104671599,0.012048192771084338,-0.7197923697976731
2020-08-28,LT,LT,988,0.01298884936110234,-0.012904858299595142,0.6912247300852858
2020-08-31,LT,LT,988.099975585938,1.0118474496056962e-4,-1.011796259570493e-4,-0.03718246869647008
2020-09-01,LT,LT,964.950012207031,-0.02370758331728151,0.023990842101715093,-1.3828473790745257
2020-09-02,LT,LT,956.450012207031,-0.008847772814031707,0.008887030050202048,-0.5429750464609838
2020-09-03,LT,LT,960,0.003704758100366412,-0.0036979039510093513,0.16649048925184828
2020-09-04,LT,LT,948,-0.012578782206860595,0.012658227848101266,-0.7538506535942352
2020-09-07,LT,LT,947.150024414062,-8.970009043922644e-4,8.974033300202652e-4,-0.0935996423556184
2020-09-08,LT,LT,936,-0.011842024873037538,0.011912419245792784,-0.712209335194331
2020-09-09,LT,LT,907.549987792969,-0.030866828888138187,0.031348148961157896,-1.7874859359413349
2020-09-10,LT,LT,917.700012207031,0.011121905537279986,-0.011060285800423661,0.5857055874401683
2020-09-11,LT,LT,920,0.0025031169163529654,-0.002499986731488019,0.09857406569035516
2020-09-14,LT,LT,922.400024414062,0.002605325379740009,-0.0026019344650241283,0.10435085944823023
2020-09-15,LT,LT,910,-0.01353439591193073,0.013626400455013236,-0.8078616728719911
2020-09-16,LT,LT,915,0.005479465764625324,-0.00546448087431694,0.26679646996155076
2020-09-17,LT,LT,915,0,0,-0.04290140217523293
2020-09-18,LT,LT,911.200012207031,-0.004161639745895229,0.0041703113938343465,-0.2781161163950314
2020-09-21,LT,LT,901,-0.011257167921288058,0.011320768265295253,-0.6791533838951457
2020-09-22,LT,LT,887.950012207031,-0.014589808760303136,0.014696759517501186,-0.8675133118104144
2020-09-23,LT,LT,866.200012207031,-0.024799605974884287,0.025109674086221924,-1.4445681941890702
2020-09-24,LT,LT,856,-0.011845466731408294,0.01191590211101755,-0.7124038680666065
2020-09-25,LT,LT,860.099975585938,0.0047782570305479055,-0.004766859321376995,0.2271643484745278
2020-09-28,LT,LT,898,0.04312143512991007,-0.04220492696443435,2.3943100481512527
2020-09-29,LT,LT,909.950012207031,0.013219598059272641,-0.013132602941613199,0.7042665819539954
2020-09-30,LT,LT,897.799987792969,-0.013442353610244595,0.013533108241547246,-0.8026594677295585
2020-10-01,LT,LT,909.950012207031,0.013442353610244595,-0.013352408650001405,0.7168566633790946
2020-10-05,LT,LT,907.950012207031,-0.0022003419110596667,0.002202764439793806,-0.16726411144295605
2020-10-06,LT,LT,901.049987792969,-0.0076285880336950385,0.007657759844115817,-0.4740670637431482
2020-10-07,LT,LT,895,-0.00673701814186245,0.006759762897172041,-0.4236757828733201
2020-10-08,LT,LT,890.299987792969,-0.005265247406373241,0.0052791331814821575,-0.34049171263116146
2020-10-09,LT,LT,887.400024414062,-0.003262604411771619,0.0032679324984487552,-0.22730289081535512
2020-10-12,LT,LT,916.950012207031,0.03275709199877941,-0.032226389006576636,1.808520273803432
2020-10-13,LT,LT,907.950012207031,-0.00986363400507706,0.009912439979072128,-0.6003912367918436
2020-10-14,LT,LT,897,-0.012133462391616945,0.012207371468262009,-0.7286813022148463
2020-10-15,LT,LT,913,0.01768001853617207,-0.017524644030668127,0.9563682995062858
2020-10-16,LT,LT,894,-0.021030105421454337,0.021252796420581657,-1.2315170774265023
2020-10-19,LT,LT,899,0.005577259298106263,-0.0055617352614015575,0.2723237331161482
2020-10-20,LT,LT,919,0.022003087884066908,-0.02176278563656148,1.2007069696711776
2020-10-21,LT,LT,924.950012207031,0.006453572839214772,-0.006432793262885254,0.3218527293109971
2020-10-22,LT,LT,922,-0.003194471638307661,0.0031995794002505668,-0.22345204551935588
2020-10-23,LT,LT,940,0.01933465170745574,-0.019148936170212766,1.0498877034638057
2020-10-26,LT,LT,949.849975585938,0.010424176423937226,-0.010370032993749102,0.5462701331436647
2020-10-27,LT,LT,960,0.010629232773895048,-0.010572942097981297,0.5578598606788028
2020-10-28,LT,LT,989.950012207031,0.030721164671782653,-0.03025406519290743,1.6934502308319956
2020-10-29,LT,LT,951.099975585938,-0.04003526531461521,0.04084747935900112,-2.3056833978968987
2020-10-30,LT,LT,941,-0.01067604423367019,0.010733236541910685,-0.6463084356402095
2020-11-02,LT,LT,930,-0.011758553438077968,0.011827956989247311,-0.707491553041565
2020-11-03,LT,LT,944.900024414062,0.015894541478998825,-0.015768889860386697,0.8554536357218071
2020-11-04,LT,LT,934.25,-0.011335059260706437,0.01139954446246941,-0.683555780609004
2020-11-05,LT,LT,952,0.018820966425771246,-0.018644957983193277,1.0208543550464249
2020-11-06,LT,LT,959,0.007326040092073605,-0.0072992700729927005,0.37116433436993856
2020-11-09,LT,LT,971,0.012435393407886686,-0.012358393408856848,0.6599435544387914
2020-11-10,LT,LT,975,0.004111002706522093,-0.0041025641025641026,0.18945132074492035
2020-11-11,LT,LT,1040,0.06453852113757108,-0.0625,3.604797757877176
2020-11-12,LT,LT,1054.90002441406,0.014225285695827594,-0.014124584386407762,0.7611077658310572
2020-11-13,LT,LT,1065.05004882812,0.009575793412894384,-0.009530091496853244,0.4983197626945662
2020-11-14,LT,LT,1060.05004882812,-0.004705669377076838,0.004716758426196456,-0.30886451895718986
2020-11-17,LT,LT,1063,0.0027789764748842316,-0.002775118694148638,0.11416557076692956
2020-11-18,LT,LT,1080.90002441406,0.016698950666998336,-0.01656029605861406,0.9009186179941456
2020-11-19,LT,LT,1125.05004882812,0.0400334724872371,-0.03924272032168503,2.219779263444574
2020-11-20,LT,LT,1140,0.01320073989235837,-0.01311399225603509,0.7032007236355109
2020-11-23,LT,LT,1138.80004882812,-0.0010531431078426579,0.0010536978577712652,-0.10242475601380144
2020-11-24,LT,LT,1135,-0.0033424683651954723,0.0033480606415154167,-0.2318167791210197
2020-11-25,LT,LT,1141.5,0.005710536054346349,-0.0056942619360490585,0.279856498094735
2020-11-26,LT,LT,1130,-0.010125554263463954,0.010176991150442478,-0.6151948965236953
2020-11-27,LT,LT,1129,-8.85347556724092e-4,0.00088573959255978745,-0.09294099840541868
2020-12-01,LT,LT,1140,0.009695977238879827,-0.009649122807017544,0.5051125189178098
2020-12-02,LT,LT,1120.05004882812,-0.01765489164413303,0.017811660463524046,-1.0407509389478808
2020-12-03,LT,LT,1135,0.0132592801710949,-0.013171763147030838,0.7065094038130529
2020-12-04,LT,LT,1130,-0.004415018209117605,0.004424778761061947,-0.2924369962537315
2020-12-07,LT,LT,1154.80004882812,0.021709578365143756,-0.02147562156174729,1.184117893770863
2020-12-08,LT,LT,1174.94995117188,0.017298340852211602,-0.01714958354069699,0.9347959835831136
2020-12-09,LT,LT,1178,0.0025925332877907437,-0.0025891755756536484,0.10362785398984252
2020-12-10,LT,LT,1182,0.0033898337545119617,-0.00338409475465313,0.148691053324195
2020-12-11,LT,LT,1188,0.005063301956546695,-0.005050505050505051,0.24327500795070192
2020-12-14,LT,LT,1198.09997558594,0.008465727345948082,-0.00842999398359935,0.4355791391316385
2020-12-15,LT,LT,1250,0.042406603027807854,-0.041520019531248,2.353907937714632
2020-12-16,LT,LT,1256.25,0.004987541511039417,-0.004975124378109453,0.23899304876458363
2020-12-17,LT,LT,1270,0.010885807645251155,-0.010826771653543307,0.572361400631044
2020-12-18,LT,LT,1283.94995117188,0.010924325199474616,-0.010864871453242922,0.5745384020205108
2020-12-21,LT,LT,1276.25,-0.0060151351732367075,0.006033262426546525,-0.3828751594332754
2020-12-22,LT,LT,1235.25,-0.03265271175301532,0.03319166160696215,-1.8884235358637167
2020-12-23,LT,LT,1268,0.026167477271311412,-0.02582807570977918,1.4360770928508622
2020-12-24,LT,LT,1275,0.005505322595355189,-0.005490196078431373,0.26825789080094736
2020-12-28,LT,LT,1275,0,0,-0.04290140217523293
2020-12-29,LT,LT,1294.94995117188,0.015525868050546343,-0.01540596310600735,0.834616316682027
2020-12-30,LT,LT,1288.19995117188,-0.005226189434428541,0.00523986978408088,-0.3382841669832999
2020-12-31,LT,LT,1293,0.003719242563213321,-0.0037123347471925737,0.1673091470399341
2021-01-01,LT,LT,1283,-0.007764014156220966,0.00779423226812159,-0.4817213103028727
2021-01-04,LT,LT,1305,0.017001955141157765,-0.01685823754789272,0.9180443461081804
2021-01-05,LT,LT,1307,0.0015313938674275107,-0.001530221882172915,0.04365255080457216
2021-01-06,LT,LT,1308,7.648183929225283e-4,-7.645259938837921e-4,3.2591943487278414e-4
2021-01-07,LT,LT,1330,0.016679689198655367,-0.016541353383458645,0.8998299651918283
2021-01-08,LT,LT,1349.80004882812,0.014777527267843205,-0.014668875471822778,0.792320304991873
2021-01-11,LT,LT,1382,0.023575255843972798,-0.02329953051510854,1.2895654629512716
2021-01-12,LT,LT,1354,-0.02046855085539523,0.0206794682422452,-1.1997781704476411
2021-01-13,LT,LT,1354,0,0,-0.04290140217523293
2021-01-14,LT,LT,1358,0.0029498546464212794,-0.0029455081001472753,0.123823557219025
2021-01-15,LT,LT,1376.69995117188,0.013676266482746335,-0.013583171232019116,0.7300773534957713
2021-01-18,LT,LT,1345.19995117188,-0.023146631033311493,0.0234165931782547,-1.351142512910881
2021-01-19,LT,LT,1340.05004882812,-0.003835701448877238,0.003843067166232797,-0.2596941750287715
2021-01-20,LT,LT,1369,0.02137358316924942,-0.021146786831176042,1.165127539293564
2021-01-21,LT,LT,1395,0.0188138689670172,-0.01863799283154122,1.0204532086631144
2021-01-22,LT,LT,1362,-0.023940207546008452,0.024229074889867842,-1.395995235405597
2021-01-25,LT,LT,1370,0.005856532112713531,-0.00583941605839416,0.2881081544711874
2021-01-27,LT,LT,1368.80004882812,-8.762605719789818e-4,8.766446004347564e-4,-0.09242740456966338
2021-01-28,LT,LT,1344.69995117188,-0.01776357573190257,0.01792228640689488,-1.046893733184326
2021-01-29,LT,LT,1362,0.012783304191168021,-0.012701944807723934,0.6796073745818696
2021-02-01,LT,LT,1345.75,-0.01200272926839041,0.012075051086754598,-0.7212923026627012
2021-02-02,LT,LT,1474,0.09102831530821476,-0.08700814111261873,5.101993513885415
2021-02-03,LT,LT,1530,0.037287941637199395,-0.036601307189542485,2.064602627862321
2021-02-04,LT,LT,1525,-0.003273325344968825,0.003278688524590164,-0.227908834960538
2021-02-05,LT,LT,1534.40002441406,0.0061450309988053675,-0.0061261889106457605,0.304414030805641
2021-02-08,LT,LT,1521.15002441406,-0.008672797264464016,0.008710514931033078,-0.5330854773488293
2021-02-09,LT,LT,1557,0.0232942490581447,-0.02302503248936416,1.273683038027881
2021-02-10,LT,LT,1560,0.0019249284095845809,-0.0019230769230769232,0.06589501303599964
2021-02-11,LT,LT,1549.40002441406,-0.006818046288675106,0.006841342080105244,-0.4282554710635428
2021-02-12,LT,LT,1535,-0.00933739393361055,0.009381123396781758,-0.5706482951681295
2021-02-15,LT,LT,1527,-0.005225354802664839,0.005239030779305829,-0.3382369938295213
2021-02-16,LT,LT,1540,0.008477390189042033,-0.008441558441558441,0.4362383197606067
2021-02-17,LT,LT,1544,0.0025940351770472603,-0.0025906735751295338,0.10371274035042465
2021-02-18,LT,LT,1542.19995117188,-0.0011665148472026488,0.0011671954902813897,-0.10883249500674948
2021-02-19,LT,LT,1523.84997558594,-0.011969925553157346,0.012041851809515697,-0.7194382458544893
2021-02-22,LT,LT,1510.90002441406,-0.008534495279945986,0.008571017911593525,-0.5252686878738316
2021-02-23,LT,LT,1462,-0.03290015459469231,0.033447349120424075,-1.9024089360531455
2021-02-24,LT,LT,1486.69995117188,0.016753504466290536,-0.016613944967449855,0.9040019834687428
2021-02-25,LT,LT,1534,0.03131983715118736,-0.030834451648057364,1.7272870318893991
2021-02-26,LT,LT,1482,-0.03448617607116944,0.03508771929824561,-1.9920504262143353
2021-03-01,LT,LT,1456,-0.01769957709940062,0.017857142857142856,-1.0432765483789246
2021-03-02,LT,LT,1479.30004882812,0.015876086149142488,-0.01575072538297958,0.8544105456412346
2021-03-03,LT,LT,1493.5,0.009553322750390336,-0.009507834731757618,0.4970497271359941
2021-03-04,LT,LT,1473,-0.013821221193533795,0.013917175831636116,-0.8240729575489089
2021-03-05,LT,LT,1453.59997558594,-0.013257916176252493,0.013346192033499403,-0.7922351155566455
2021-03-08,LT,LT,1478,0.016646601221768975,-0.01650881218813261,0.8979598419945758
2021-03-09,LT,LT,1525,0.03130458753336551,-0.03081967213114754,1.72642512775615
2021-03-10,LT,LT,1523,-0.0013123361463502903,0.0013131976362442547,-0.11707427404107763
2021-03-12,LT,LT,1526.30004882812,0.002164464017082146,-0.002162123253978631,0.07943349856171136
2021-03-15,LT,LT,1520,-0.004136203071921862,0.004144768965868419,-0.2766784426979744
2021-03-16,LT,LT,1488.30004882812,-0.021075773057227742,0.02129943568626527,-1.2340981994248843
2021-03-17,LT,LT,1476,-0.008298835622676748,0.008333366414715446,-0.5119492699707133
2021-03-18,LT,LT,1455.55004882812,-0.013951856562407272,0.014049637927836622,-0.8314564320523885
2021-03-19,LT,LT,1415,-0.028254338520672384,0.028657278323759715,-1.639828711216023
2021-03-22,LT,LT,1409,-0.004249298178658378,0.0042583392476933995,-0.28307054649234276
2021-03-23,LT,LT,1401.90002441406,-0.005051756109209826,0.005064537743272753,-0.32842524423967956
2021-03-24,LT,LT,1400,-0.0013562401861202389,0.0013571602957571421,-0.11955571808669588
2021-03-25,LT,LT,1361,-0.0282525129518838,0.028655400440852314,-1.639725530578789
2021-03-26,LT,LT,1386.30004882812,0.018418639114764268,-0.01825005261271315,0.9981149279792498
2021-03-30,LT,LT,1408,0.01553189495175733,-0.01541189713911932,0.8349569554524782
2021-03-31,LT,LT,1423.59997558594,0.01101859976852726,-0.010958117345793857,0.5798667742900483
2021-04-01,LT,LT,1432,0.005883211034076297,-0.005865938836634077,0.28961603964319316
2021-04-05,LT,LT,1439,0.004876359366776661,-0.004864489228630994,0.23270906507408431
2021-04-06,LT,LT,1405.90002441406,-0.023270743436074603,0.023543619753285908,-1.358157311194656
2021-04-07,LT,LT,1402,-0.002777895856757695,0.0027817577846362333,-0.1999072988831543
2021-04-08,LT,LT,1410,0.005689915777678856,-0.005673758865248227,0.27869104582593535
2021-04-09,LT,LT,1414,0.0028328630843033054,-0.002828854314002829,0.11721122685654622
2021-04-12,LT,LT,1393.94995117188,-0.01428115881366221,0.014383621744284376,-0.85006850317109
2021-04-13,LT,LT,1347.25,-0.034075930829249756,0.03466316657775469,-1.9688634799070597
2021-04-15,LT,LT,1378.94995117188,0.023256826754629145,-0.022988471151502106,1.2715679399020514
2021-04-16,LT,LT,1360.5,-0.013470025344934022,0.013561154848864389,-0.804223466433017
2021-04-19,LT,LT,1340,-0.015182665278343777,0.015298507462686567,-0.901021396358546
2021-04-20,LT,LT,1320,-0.015037877364540542,0.015151515151515152,-0.8928380239747775
2021-04-22,LT,LT,1310,-0.007604599385219402,0.007633587786259542,-0.4727112320421133
2021-04-23,LT,LT,1330,0.015151805020602538,-0.015037593984962405,0.8134743788736709
2021-04-26,LT,LT,1330.05004882812,3.762998981748922e-5,-3.7629281818450956e-5,-0.04077456567771904
2021-04-27,LT,LT,1339,0.006706494485555048,-0.0066840561403136685,0.33614779000737793
2021-04-28,LT,LT,1384.84997558594,0.03366874618655924,-0.033108261829257385,1.8600467134616012
2021-04-29,LT,LT,1383.94995117188,-6.501188020573423e-4,6.503301750889835e-4,-0.07964593499685524
2021-04-30,LT,LT,1350,-0.024837101643198523,0.02514811197917037,-1.4466874388728057
2021-05-03,LT,LT,1325.5,-0.018314845703395477,0.01848359109769898,-1.0780513577553468
2021-05-04,LT,LT,1350,0.018314845703395477,-0.01814814814814815,0.9922485534048844
2021-05-05,LT,LT,1342.19995117188,-0.005794570087505946,0.005811391083206153,-0.3704088824907917
2021-05-06,LT,LT,1344,0.00134021973812537,-0.0013393220447321412,0.03284744249730232
2021-05-07,LT,LT,1347,0.002229655327268709,-0.0022271714922048997,0.08311809317621943
2021-05-10,LT,LT,1347,0,0,-0.04290140217523293
2021-05-11,LT,LT,1380,0.024203601740886427,-0.02391304347826087,1.3250793972651451
2021-05-12,LT,LT,1380,0,0,-0.04290140217523293
2021-05-14,LT,LT,1394,0.010093813169219423,-0.010043041606886656,0.5275980944060642
2021-05-17,LT,LT,1433,0.0275928365077025,-0.02721563154221912,1.5166379981476084
2021-05-18,LT,LT,1405,-0.019732846060326104,0.0199288256227758,-1.1581963412436584
2021-05-19,LT,LT,1414,0.006385264688671732,-0.006364922206506365,0.3179919717515191
2021-05-20,LT,LT,1410.80004882812,-0.002265613484386364,0.0022681819259490663,-0.17095324250766497
2021-05-21,LT,LT,1415,0.0029725771052069305,-0.0029681633723533584,0.125107824232959
2021-05-24,LT,LT,1420,0.003527340517968547,-0.0035211267605633804,0.15646289712728023
2021-05-25,LT,LT,1460,0.027779564107075494,-0.0273972602739726,1.527191789827144
2021-05-26,LT,LT,1458.90002441406,-7.536918899653244e-4,7.539759870672329e-4,-0.08549985695086106
2021-05-27,LT,LT,1475.94995117188,0.011619073352961529,-0.011551832597225023,0.6138053732998837
2021-05-28,LT,LT,1487.09997558594,0.007526081112031235,-0.007497831078685022,0.3824705968565091
2021-05-31,LT,LT,1472.30004882812,-0.010002061241529248,0.010052249043664729,-0.6082151054710955
2021-06-01,LT,LT,1465.94995117188,-0.004322373891102238,0.0043317288227771545,-0.28720076531677463
2021-06-02,LT,LT,1468.30004882812,0.0016018390789795944,-0.0016005568195108732,0.04763409445439306
2021-06-03,LT,LT,1480.09997558594,0.008004334324513529,-0.007972384941867635,0.4095013346347589
2021-06-04,LT,LT,1518.94995117188,0.025909637967411747,-0.025576863514144746,1.4215040875249836
2021-06-07,LT,LT,1545.44995117188,0.017295823948744626,-0.017147109797962492,0.9346537289032264
2021-06-08,LT,LT,1561,0.010011543051004601,-0.009961594380602177,0.5229482103396541
2021-06-09,LT,LT,1550,-0.007071710602139625,0.0070967741935483875,-0.44259250709802905
2021-06-10,LT,LT,1525,-0.016260520871780315,0.01639344262295082,-0.961941492969601
2021-06-11,LT,LT,1521,-0.0026263967822197642,0.0026298487836949377,-0.1913446135720912
2021-06-14,LT,LT,1503.44995117188,-0.01160557859769007,0.011673184607469259,-0.6988454578575534
2021-06-15,LT,LT,1520,0.010947900178719827,-0.010888190018499999,0.5758708532523134
2021-06-16,LT,LT,1505.84997558594,-0.009352828247487288,0.009396702622088296,-0.5715206382706768
2021-06-17,LT,LT,1481,-0.01663997132503603,0.016779186756205267,-0.9833879264364148
2021-06-18,LT,LT,1487.55004882812,0.004412968856967403,-0.004403246017355903,0.206518363093116
2021-06-21,LT,LT,1460,-0.01869406842238419,0.01886989645761644,-1.0994849197451388
2021-06-22,LT,LT,1470.09997558594,0.006893973360464045,-0.00687026444029049,0.3467440435700143
2021-06-23,LT,LT,1505,0.023462489120129604,-0.023189384992730898,1.2831919192661616
2021-06-24,LT,LT,1490,-0.010016778243470803,0.010067114093959731,-0.6090469063037821
2021-06-25,LT,LT,1510.5,0.013664601887221295,-0.013571665011585568,0.7294180738199008
2021-06-28,LT,LT,1526,0.010209211017675912,-0.010157273918741808,0.5341203485183077
2021-06-29,LT,LT,1513,-0.008555498056046495,0.008592200925313946,-0.5264557589034803
2021-06-30,LT,LT,1516,0.001980852413961287,-0.001978891820580475,0.06905582211863462
2021-07-01,LT,LT,1497.09997558594,-0.012545400054094102,0.012624423700670254,-0.7519639036585558
2021-07-02,LT,LT,1500,0.0019352209420784305,-0.0019333496093733326,0.06647674409323318
2021-07-05,LT,LT,1490,-0.006688988150796327,0.006711409395973154,-0.4209611412146718
2021-07-06,LT,LT,1506,0.010681009420333787,-0.010624169986719787,0.5607862622510176
2021-07-07,LT,LT,1495,-0.007330922535052409,0.007357859531772575,-0.4572430930317259
2021-07-08,LT,LT,1503,0.005336903928188086,-0.0053226879574184965,0.2587389148477347
2021-07-09,LT,LT,1497.90002441406,-0.0033989672794429993,0.0034047503189907355,-0.2350100819486836
2021-07-12,LT,LT,1504.40002441406,0.004330020351086539,-0.004320659328978439,0.20183013674551137
2021-07-13,LT,LT,1515,0.0070212751188512,-0.006996683555075908,0.3539391033414435
2021-07-14,LT,LT,1513.55004882812,-9.575217574644412e-4,9.579803277748498e-4,-0.09702026404055314
2021-07-15,LT,LT,1550,0.02379701372728782,-0.023516097530245163,1.3020991564794815
2021-07-16,LT,LT,1609.34997558594,0.03757542466743491,-0.03687822815813047,2.0808510883079316
2021-07-19,LT,LT,1600,-0.005826726352855083,0.005843734741212501,-0.3722263456126496
2021-07-20,LT,LT,1609.84997558594,0.00613736254296704,-0.006118567403993585,0.30398061182688757
2021-07-22,LT,LT,1610,9.318720766948729e-5,-9.31828658757757e-5,-0.03763448726690075
2021-07-23,LT,LT,1644,0.020898117637615954,-0.02068126520681265,1.1382543604570907
2021-07-26,LT,LT,1611.75,-0.019811751425395485,0.020009306654257795,-1.162656050403645
2021-07-27,LT,LT,1610.15002441406,-9.931876875990397e-4,9.936810618142483e-4,-0.0990360924341762
2021-07-28,LT,LT,1592.44995117188,-0.011053677386231087,0.011114994998213008,-0.6676521557801849
2021-07-29,LT,LT,1594,9.729002332612424e-4,-9.724271192722696e-4,0.01208664683995353
2021-07-30,LT,LT,1598,0.002506266976059379,-0.0025031289111389237,0.09875210618378302
2021-08-02,LT,LT,1606.30004882812,0.005180580635383514,-0.005167184570638168,0.24990356606985564
2021-08-03,LT,LT,1625,0.011574387802234298,-0.011507662259618462,0.6112797584735408
2021-08-04,LT,LT,1640,0.009188426054405952,-0.009146341463414634,0.476425867958779
2021-08-05,LT,LT,1620,-0.012270092591814219,0.012345679012345678,-0.7364036029077322
2021-08-06,LT,LT,1627,0.004311678992608314,-0.0043023970497848806,0.20079348829532753
2021-08-09,LT,LT,1620,-0.004311678992608314,0.004320987654320987,-0.28659629264578595
2021-08-10,LT,LT,1606,-0.00867953371972252,0.008717310087173101,-0.5334662199155052
2021-08-11,LT,LT,1590.19995117188,-0.009886851744971281,0.009935888135624913,-0.601703496955497
2021-08-12,LT,LT,1590,-1.257475474583103e-4,1.2575545401258002e-4,-0.05000861837971408
2021-08-13,LT,LT,1626,0.02238899489347812,-0.02214022140221402,1.2225183258856969
2021-08-16,LT,LT,1674,0.029092960941665247,-0.02867383512544803,1.6014246114955215
2021-08-17,LT,LT,1658,-0.009603915354180259,0.009650180940892641,-0.5857120112994053
2021-08-18,LT,LT,1647,-0.006656605517600056,0.006678809957498482,-0.4191308838454311
2021-08-20,LT,LT,1618.90002441406,-0.01720852984953325,0.017357449602924322,-1.0155226951867922
2021-08-23,LT,LT,1600.09997558594,-0.011680809311112483,0.01174929636583215,-0.7030974767343785
2021-08-24,LT,LT,1590,-0.006332095802717319,0.006352185903106919,-0.400789685541844
2021-08-25,LT,LT,1614.94995117188,0.015569949975827946,-0.015449364950149199,0.8371078147670433
2021-08-26,LT,LT,1593.80004882812,-0.013182833590167142,0.013270110237046976,-0.7879914687954717
2021-08-27,LT,LT,1604,0.006379376826521899,-0.006359071802917707,0.31765919142991933
2021-08-30,LT,LT,1646.69995117188,0.02627274614538866,-0.025930620293935412,1.4420268601647332
2021-08-31,LT,LT,1660.05004882812,0.00807449622069889,-0.0080419850387428,0.4134668653793899
2021-09-01,LT,LT,1672.25,0.00732227320597012,-0.007295530675365527,0.37095143102117334
2021-09-02,LT,LT,1687.90002441406,0.009315142160526868,-0.009271890626041534,0.48358782682792034
2021-09-03,LT,LT,1697,0.005376819075181949,-0.005362389856181498,0.26099490778958734
2021-09-06,LT,LT,1700,0.0017662648100804645,-0.0017647058823529412,0.05692739077819216
2021-09-07,LT,LT,1694.19995117188,-0.0034176268676100463,0.0034234736130809695,-0.2360647166518934
2021-09-08,LT,LT,1682,-0.00722706264380335,0.007253240886967897,-0.4513729610331534
2021-09-09,LT,LT,1655.19995117188,-0.016061743601391676,0.016191426787528353,-0.9507066572551364
2021-09-13,LT,LT,1662.05004882812,0.004129991645479336,-0.004121474958633087,0.19052457026263336
2021-09-14,LT,LT,1676,0.008358192465046876,-0.008323359887756565,0.4295012977459273
2021-09-15,LT,LT,1700,0.01421824900227886,-0.01411764705882353,0.7607100538802286
2021-09-16,LT,LT,1709.59997558594,0.0056311596800622254,-0.005615334419181745,0.27537016762564587
2021-09-17,LT,LT,1724,0.008387761499268898,-0.008352682374744779,0.4311725312882479
2021-09-20,LT,LT,1700.19995117188,-0.01390130975942494,0.013998382255990286,-0.8285995408882995
2021-09-21,LT,LT,1698.59997558594,-9.414944913528345e-4,9.419378364161827e-4,-0.09611440744352848
2021-09-22,LT,LT,1720.90002441406,0.013043055984802265,-0.012958363944304564,0.6942884732925422
2021-09-23,LT,LT,1718.30004882812,-0.001511965588435693,0.00151310918469285,-0.12835727426144003
2021-09-24,LT,LT,1780,0.03527790591690394,-0.034662893916786515,1.9509959712584637
2021-09-27,LT,LT,1772,-0.004504512121104476,0.004514672686230248,-0.29749516712336627
2021-09-28,LT,LT,1745.30004882812,-0.01518236355731517,0.015298201125822267,-0.9010043431703866
2021-09-29,LT,LT,1732,-0.007649678485330824,0.00767901202547344,-0.4752590901695496
2021-09-30,LT,LT,1719.94995117188,-0.006981617894124881,0.007006046204954832,-0.4375004924444564
2021-10-01,LT,LT,1697.5,-0.01313861179540421,0.013225302604936673,-0.7854920653264963
2021-10-04,LT,LT,1696.5,-5.892752085667752e-4,5.894488653109342e-4,-0.07620707211373828
2021-10-05,LT,LT,1714.5,0.010554187678690319,-0.010498687664041995,0.5536183328916694
2021-10-06,LT,LT,1716.69995117188,0.0012823219308950584,-0.001281500107446405,0.02957507462957114
2021-10-07,LT,LT,1710,-0.003910444337164698,0.003918100100514621,-0.2639186221654859
2021-10-08,LT,LT,1740,0.017391742711869718,-0.017241379310344827,0.9400750305617958
2021-10-11,LT,LT,1733.75,-0.0035984205795340785,0.003604902667627974,-0.24628312667275767
2021-10-12,LT,LT,1710.5,-0.01350096721138172,0.013592516807950891,-0.8059722920686768
2021-10-13,LT,LT,1727,0.009600073729019165,-0.009554140127388535,0.4996920793695191
2021-10-14,LT,LT,1775,0.027414623762838097,-0.027042253521126762,1.5065654636628163
2021-10-18,LT,LT,1807.15002441406,0.017950609261897732,-0.01779045678539287,0.971662011626597
2021-10-19,LT,LT,1809.80004882812,0.0014653367254613414,-0.0014642636438074693,0.0399190196200543
2021-10-20,LT,LT,1855,0.02466832714465994,-0.02436655049697035,1.3513455470795577
2021-10-21,LT,LT,1815,-0.02179922834258452,0.02203856749311295,-1.274987689766736
2021-10-22,LT,LT,1816,5.508124622872757e-4,-5.506607929515419e-4,-0.011769635896463791
2021-10-25,LT,LT,1792.25,-0.013164466428256638,0.01325149951178686,-0.7869533619425021
2021-10-26,LT,LT,1785,-0.004053398519242357,0.004061624649859944,-0.27199835254507704
2021-10-27,LT,LT,1801,0.008923650962216811,-0.008883953359244865,0.4614608538190228
2021-10-28,LT,LT,1799.55004882812,-8.054054133932453e-4,8.057298394252613e-4,-0.0884226908281399
2021-10-29,LT,LT,1822,0.012398138057340802,-0.01232159778917673,0.6578378924481011
2021-11-01,LT,LT,1776,-0.02557115426778811,0.0259009009009009,-1.4881758878634566
2021-11-02,LT,LT,1800,0.013423020332140823,-0.013333333333333334,0.7157639519091259
2021-11-03,LT,LT,1818,0.009950330853167877,-0.009900990099009901,0.5194885140420319
2021-11-04,LT,LT,1900,0.04411689041710787,-0.0431578947368421,2.4505729025051832
2021-11-08,LT,LT,1944.55004882812,0.023176726771964695,-0.022910209410638732,1.2670407112898543
2021-11-09,LT,LT,1933.5,-0.0056987808791451044,0.005715049820594775,-0.3649949032312846
2021-11-10,LT,LT,1932.69995117188,-4.138683201304616e-4,4.1395397543984695e-4,-0.06629312384939476
2021-11-11,LT,LT,1947.84997558594,0.0078082239232104556,-0.007777818930589181,0.3984172296149621
2021-11-12,LT,LT,1940,-0.004038214593057532,0.00404637916801031,-0.2711401612848489
2021-11-15,LT,LT,1961.25,0.010894051989867926,-0.010834926704907584,0.5728273686824702
2021-11-16,LT,LT,1950,-0.005752652489449339,0.0057692307692307696,-0.368039711575131
2021-11-17,LT,LT,1949,-5.129520502320517e-4,5.13083632632119e-4,-0.07189330855605727
2021-11-18,LT,LT,1952.90002441406,0.0019990392826150227,-0.0019970425343356457,0.07008373884716569
2021-11-22,LT,LT,1898.25,-0.028383050696832335,0.028789687561733175,-1.6471034874053618
2021-11-23,LT,LT,1850,-0.02574677002097303,0.026081081081081082,-1.4981016411049528
2021-11-24,LT,LT,1894,0.023505355673653305,-0.023231256599788808,1.285614724879364
2021-11-25,LT,LT,1855,-0.020806298704488135,0.021024258760107817,-1.2188675843934675
2021-11-26,LT,LT,1820,-0.019048194970694432,0.019230769230769232,-1.1195000531887545
2021-11-29,LT,LT,1778,-0.023347363996991,0.023622047244094488,-1.3624878838630536
2021-11-30,LT,LT,1767.25,-0.0060644710227864,0.0060828971565992365,-0.3856636078481206
2021-12-01,LT,LT,1764,-0.001840708484326825,0.0018424036281179139,-0.14693773077141978
2021-12-02,LT,LT,1785.94995117188,0.012366501616970282,-0.012290350666029126,0.65604980968868
2021-12-03,LT,LT,1799.94995117188,0.007808400409474281,-0.007777994044159463,0.39842720456923314
2021-12-06,LT,LT,1799,-5.279046426478473e-4,5.280440088271274e-4,-0.07273842489645845
2021-12-07,LT,LT,1790.19995117188,-0.004903636788927024,0.004915679291779341,-0.3200535816936
2021-12-08,LT,LT,1802,0.006569841006676569,-0.006548306785860154,0.3284241736099546
2021-12-09,LT,LT,1835,0.018147322320387183,-0.017983651226158037,0.9827801786619432
2021-12-10,LT,LT,1879.80004882812,0.024120932672698103,-0.02383234794362765,1.3204069646577814
2021-12-13,LT,LT,1893.69995117188,0.00736714732298438,-0.007340076412400135,0.3734877035613086
2021-12-14,LT,LT,1850,-0.02334692241198244,0.023621595228043243,-1.362462925601871
2021-12-15,LT,LT,1866,0.008611463334919023,-0.00857449088960343,0.4438160964585861
2021-12-16,LT,LT,1892,0.013837368204534073,-0.013742071881606765,0.7391827777430482
2021-12-17,LT,LT,1866.5,-0.013569451257184895,0.013661934101259042,-0.8098429911790627
2021-12-20,LT,LT,1821,-0.024679218627030153,0.024986271279516747,-1.4377639349667144
2021-12-21,LT,LT,1817.90002441406,-0.0017037985737777817,0.0017052508632531516,-0.13919962092769195
2021-12-22,LT,LT,1827.55004882812,0.00529429659475511,-0.005280306506652381,0.2563307602815111
2021-12-23,LT,LT,1883,0.02988995090856683,-0.029447663925586832,1.6464702614669895
2021-12-24,LT,LT,1888.75,0.003048984929796994,-0.0030443414956982133,0.12942637310373795
2021-12-27,LT,LT,1859.40002441406,-0.015661366435117507,0.01578464838150621,-0.9280774518228057
2021-12-28,LT,LT,1872.09997558594,0.00680691422138846,-0.006783799656802572,0.3418234853842725
2021-12-29,LT,LT,1895,0.01215805614330634,-0.01208444560108707,0.6442685298297661
2021-12-30,LT,LT,1892.30004882812,-0.001425792302939044,0.0014268092280355072,-0.12348678427214828
2021-12-31,LT,LT,1887.34997558594,-0.0026193303826360648,0.0026227638255820647,-0.1909452226444784
2022-01-03,LT,LT,1895,0.004045122685575109,-0.004036952197393139,0.18572780039092793
2022-01-04,LT,LT,1922.84997558594,0.01458960921291741,-0.014483696564758477,0.7816992290975117
2022-01-05,LT,LT,1940.69995117188,0.009240259828549036,-0.0091976998171002175,0.4793554983728775
2022-01-06,LT,LT,1944.5,0.0019561670378083207,-0.0019542549900334267,0.0676606115642194
2022-01-07,LT,LT,1929.05004882812,-0.0079771955481025,0.008009098147176484,-0.493770262934542
2022-01-10,LT,LT,1910,-0.009924437007023279,0.009973847553989527,-0.6038278054522253
2022-01-11,LT,LT,1949,0.020213178466884862,-0.020010261672652643,1.099541790139011
2022-01-12,LT,LT,1978.5,0.01502256131791846,-0.01491028556987617,0.8061695609538714
2022-01-13,LT,LT,1975.55004882812,-0.0014921165300227912,0.0014932302897767075,-0.12723541103271682
2022-01-14,LT,LT,2014,0.01927592898305086,-0.019091336232313804,1.0465687115081537
2022-01-17,LT,LT,2044.75,0.015152738336576377,-0.015038513265680401,0.813527129631409
2022-01-18,LT,LT,2075.64990234375,0.01499877795976623,-0.014886856549776978,0.8048253322045309
2022-01-19,LT,LT,2019.90002441406,-0.027226293268737933,0.027600315488813428,-1.581723881172236
2022-01-20,LT,LT,2020,4.949408913823561e-5,-4.9492864326733225e-5,-0.04010401010306588
2022-01-21,LT,LT,1982.15002441406,-0.018915384921858625,0.0190954141309908,-1.1119936663821712
2022-01-24,LT,LT,1955,-0.01379193305392512,0.013887480518700767,-0.8224176000915605
2022-01-25,LT,LT,1895,-0.03117135490293954,0.0316622691292876,-1.804697661106782
2022-01-27,LT,LT,1914.55004882812,0.010263795042996904,-0.010211302044616916,0.5372054223596042
2022-01-28,LT,LT,1916.09997558594,8.092239345920405e-4,-8.088966012047667e-4,0.00283570822759869
2022-01-31,LT,LT,1890.19995117188,-0.013609239765410841,0.013702266999849718,-0.8120918265331488
2022-02-01,LT,LT,1928.65002441406,0.020137671211988284,-0.019936262543984076,1.0952741412153806
2022-02-02,LT,LT,1995.09997558594,0.033873873203311256,-0.03330657710642513,1.871640435064196
2022-02-03,LT,LT,1981.5,-0.006840028513514618,0.0068634749361291955,-0.4294979002619944
2022-02-04,LT,LT,1948,-0.01705092842800937,0.017197125256673513,-1.0066151069312483
2022-02-07,LT,LT,1932.5,-0.007988703740902992,0.008020698576972834,-0.4944207027722317
2022-02-08,LT,LT,1890,-0.022237672407888986,0.022486772486772486,-1.2997684256830755
2022-02-09,LT,LT,1884.5,-0.002914295346498008,0.0029185460334306182,-0.20761655988553993
2022-02-10,LT,LT,1892,0.003971936904632933,-0.003964059196617336,0.18159136052580055
2022-02-11,LT,LT,1889,-0.0015868821103142139,0.0015881418740074113,-0.13259153512011068
2022-02-14,LT,LT,1843.25,-0.024517270631749355,0.0248202902482029,-1.4286106795783635
2022-02-15,LT,LT,1810,-0.01820347260988875,0.018370165745856353,-1.0717565816669758
2022-02-16,LT,LT,1876.05004882812,0.03584168343024263,-0.035206975884986835,1.98286051859567
2022-02-17,LT,LT,1869,-0.0037650002345506195,0.0037720967512680564,-0.2556981621737124
2022-02-18,LT,LT,1870,5.349023930696362e-4,-5.347593582887701e-4,-0.01266886855782112
2022-02-21,LT,LT,1874.94995117188,0.00264353549129126,-0.002640044428271905,0.10651048426384103
2022-02-22,LT,LT,1813,-0.033599034585073184,0.03416985723766133,-1.941909437597879
2022-02-23,LT,LT,1849,0.019662020632273958,-0.019469983775013522,1.0683905035131
2022-02-24,LT,LT,1783.25,-0.03620741022897711,0.036870881816907335,-2.0893340992986063
2022-02-25,LT,LT,1782,-7.01213127393352e-4,7.014590347923681e-4,-0.08253377197119527
2022-02-28,LT,LT,1764.90002441406,-0.009642283659122342,0.009688920250095824,-0.5878805771611966
2022-03-02,LT,LT,1800,0.019692619512624354,-0.019499986436633334,1.0701199436704458
2022-03-03,LT,LT,1810,0.005540180375614767,-0.0055248618784530384,0.27022804278978846
2022-03-04,LT,LT,1740,-0.039441732051296086,0.040229885057471264,-2.272137063894979
2022-03-07,LT,LT,1658.25,-0.048122283802909394,0.04929895974672094,-2.7627594205128725
2022-03-08,LT,LT,1627.90002441406,-0.018471973793928953,0.01864363605305802,-1.086932193475756
2022-03-09,LT,LT,1676.5,0.029417431294546326,-0.028988950543358188,1.619763585069867
2022-03-10,LT,LT,1740,0.03717682630229202,-0.03649425287356322,2.058322420217832
2022-03-11,LT,LT,1720,-0.011560822401076365,0.011627906976744186,-0.6963158501454445
2022-03-14,LT,LT,1735,0.008683122573461155,-0.008645533141210375,0.4478662565743347
2022-03-15,LT,LT,1748,0.007464863834520941,-0.007437070938215103,0.37901061345718823
2022-03-16,LT,LT,1761,0.007409552280725151,-0.0073821692220329355,0.37588441991004706
2022-03-17,LT,LT,1781.15002441406,0.011377407300857456,-0.011312929364660732,0.6001464756409698
2022-03-21,LT,LT,1805,0.01330135496991769,-0.013213282873096954,0.7088874596721673
2022-03-22,LT,LT,1756.30004882812,-0.027351240537594634,0.02772871936339963,-1.588785865854029
2022-03-23,LT,LT,1780,0.013404013056744546,-0.013314579310044945,0.714689666021011
2022-03-24,LT,LT,1755,-0.014144507386165017,0.014245014245014245,-0.842345002717108
2022-03-25,LT,LT,1775.59997558594,0.0116695233101618,-0.0116016985070875,0.6166567907674427
2022-03-28,LT,LT,1752,-0.013380387713790576,0.013470305699737443,-0.7991571725969405
2022-03-29,LT,LT,1748.69995117188,-0.0018853656992492418,0.0018871441186399595,-0.14946174406595036
2022-03-30,LT,LT,1766.90002441406,0.010353985642971075,-0.01030056765561227,0.5423029698392915
2022-03-31,LT,LT,1779.94995117188,0.0073586341316040915,-0.007331625672524229,0.3730065403660824
2022-04-01,LT,LT,1759,-0.011839780834105085,0.011910148477475839,-0.7120825027416536
2022-04-04,LT,LT,1784,0.014112568402397052,-0.014013452914798207,0.7547370159389925
2022-04-05,LT,LT,1840,0.03090753746307584,-0.030434782608695653,1.7039839688581722
2022-04-06,LT,LT,1833,-0.0038116027633261496,0.0038188761593016913,-0.25833212406304484
2022-04-07,LT,LT,1849.90002441406,0.009177627915141429,-0.009135642029851282,0.4758155601482859
2022-04-08,LT,LT,1835.40002441406,-0.007869142068168244,0.007900185140636595,-0.4876631104765856
2022-04-11,LT,LT,1820.25,-0.008288600411857416,0.008323045962950144,-0.5113707787185041
2022-04-12,LT,LT,1780,-0.022360489988689558,0.022612359550561796,-1.3067100409917305
2022-04-13,LT,LT,1754.19995117188,-0.014600479603829264,0.01470758724561842,-0.868116424901325
2022-04-18,LT,LT,1746.30004882812,-0.004513592775602149,0.004523794378326536,-0.29800840317528415
2022-04-19,LT,LT,1748.30004882812,0.0011446232258167655,-0.0011439683945216347,0.02179238233976504
2022-04-20,LT,LT,1709.94995117188,-0.022179813384674674,0.02242761411230634,-1.2964982498770663
2022-04-21,LT,LT,1702.94995117188,-0.004102089141857945,0.004110514225731044,-0.274750332914126
2022-04-22,LT,LT,1701,-0.0011456992101219754,0.0011463557741798955,-0.10765600102212596
2022-04-25,LT,LT,1675,-0.015403148136694966,0.015522388059701492,-0.9134830258324896
2022-04-26,LT,LT,1680,0.0029806281381379307,-0.002976190476190476,0.12556286636196692
2022-04-27,LT,LT,1675,-0.0029806281381379307,0.0029850746268656717,-0.2113656707124367
2022-04-28,LT,LT,1690,0.008915363657952646,-0.008875739644970414,0.4609924577003787
2022-04-29,LT,LT,1731,0.023970747259089542,-0.02368573079145003,1.3119185270950355
2022-05-02,LT,LT,1668.59997558594,-0.036714339339698476,0.03739663509952277,-2.117985590823225
2022-05-04,LT,LT,1679.5,0.006511193215836819,-0.006490041330193509,0.32510941687838435
2022-05-05,LT,LT,1650.69995117188,-0.017296719279102923,0.017447173732375774,-1.0205071370751255
2022-05-06,LT,LT,1616,-0.02124545069220396,0.02147274206180693,-1.243688331886431
2022-05-09,LT,LT,1607.55004882812,-0.005242648879678846,0.0052564156108482534,-0.3392144502243198
2022-05-10,LT,LT,1611,0.002143792975612513,-0.0021414966926629436,0.07826517708057935
2022-05-11,LT,LT,1600.5,-0.0065390237670559515,0.006560449859418931,-0.41248519619820434
2022-05-12,LT,LT,1550,-0.03206114949662542,0.03258064516129032,-1.8549886026219944
2022-05-13,LT,LT,1530,-0.01298719552681149,0.013071895424836602,-0.7769340601842979
2022-05-16,LT,LT,1550,0.01298719552681149,-0.012903225806451613,0.6911312558338276
2022-05-17,LT,LT,1545,-0.003231020581447197,0.003236245954692557,-0.22551778156098623
2022-05-18,LT,LT,1623,0.04925237818274564,-0.04805914972273567,2.7408292343669816
2022-05-19,LT,LT,1550,-0.04602135760129844,0.04709677419354839,-2.6440156593316906
2022-05-20,LT,LT,1569.40002441406,0.012438465336381377,-0.012361427368591417,0.6601171789779829
2022-05-23,LT,LT,1629,0.03727293335237114,-0.03658684811905463,2.063754363802368
2022-05-24,LT,LT,1644.80004882812,0.009652496345156969,-0.00960606052959273,0.5026549909684377
2022-05-25,LT,LT,1633,-0.007200011976737031,0.007225994383417022,-0.4498440648979925
2022-05-26,LT,LT,1575,-0.03616354171073155,0.036825396825396824,-2.086854662919575
2022-05-27,LT,LT,1575.19995117188,1.2694506713728515e-4,-1.269370099530839e-4,-0.035726502493504
2022-05-30,LT,LT,1620,0.02804393189955867,-0.027654351128469135,1.5421337835014506
2022-05-31,LT,LT,1660.5,0.024692612590372143,-0.024390243902439025,1.352718153677315
2022-06-01,LT,LT,1653.55004882812,-0.004194240435664298,0.004203048572255476,-0.27995869826072595
2022-06-02,LT,LT,1632,-0.013118264857085116,0.013204686781936273,-0.7843420620647517
2022-06-03,LT,LT,1657.94995117188,0.015775613450121462,-0.015651830233800446,0.8487318567997505
2022-06-06,LT,LT,1652.15002441406,-0.003504385206611005,0.003510532743463757,-0.2409682737015597
2022-06-07,LT,LT,1630,-0.013497469966754494,0.013588972033165643,-0.8057746287806928
2022-06-08,LT,LT,1595,-0.02170627858186336,0.0219435736677116,-1.2697341952934496
2022-06-09,LT,LT,1556.19995117188,-0.02462681541262235,0.024932560111508826,-1.4348021199481655
2022-06-10,LT,LT,1570,0.008828698536031077,-0.008789840017910826,0.456094169253962
2022-06-13,LT,LT,1560.15002441406,-0.006293633226568396,0.0063134797498973355,-0.39861579149777365
2022-06-14,LT,LT,1532.05004882812,-0.018175246401008316,0.018341421422514197,-1.070161244237346
2022-06-15,LT,LT,1547.94995117188,0.010324703627913046,-0.010271586837625427,0.5406479585398684
2022-06-16,LT,LT,1568.40002441406,0.013124563641706999,-0.013038812116711079,0.6988952632590233
2022-06-17,LT,LT,1522,-0.03003074756276547,0.0304862184060841,-1.7402308533249216
2022-06-20,LT,LT,1490,-0.021249139482126367,0.021476510067114093,-1.2438968212609316
2022-06-21,LT,LT,1480,-0.006734032181344496,0.006756756756756757,-0.42350701722014994
2022-06-22,LT,LT,1490,0.006734032181344496,-0.006711409395973154,0.337704212869687
2022-06-23,LT,LT,1481.5,-0.005721031925885356,0.005737428282146473,-0.36625252616828785
2022-06-24,LT,LT,1501.75,0.013576006716650824,-0.013484268353587481,0.7244106995637117
2022-06-27,LT,LT,1524,0.014707362516321432,-0.0145997375328084,0.7883546128644201
2022-06-28,LT,LT,1530,0.003929278139889192,-0.00392156862745098,0.17918029907626293
2022-06-29,LT,LT,1531.25,8.166599065555502e-4,-8.163265306122449e-4,0.00325598728280481
2022-06-30,LT,LT,1549.05004882812,0.011557476013817514,-0.011490944944991291,0.6103239089232766
2022-07-01,LT,LT,1560.94995117188,0.00765270766503523,-0.007623500250489247,0.3896274942085124
2022-07-04,LT,LT,1572.09997558594,0.007117710695993651,-0.007092439785773964,0.3593896151837039
2022-07-05,LT,LT,1584,0.007541003706488247,-0.0075126416755429285,0.38331401772061463
2022-07-06,LT,LT,1565.55004882812,-0.011716062251085901,0.011784964131737958,-0.705089963039657
2022-07-07,LT,LT,1565.90002441406,2.235230191836024e-4,-2.2349803977489402e-4,-0.03026794366150576
2022-07-08,LT,LT,1621,0.03458248859320712,-0.03399134829484269,1.9116911786660156
2022-07-11,LT,LT,1684.94995117188,0.03869261804103896,-0.037953620597100175,2.143994545249288
2022-07-12,LT,LT,1655,-0.01793485196555178,0.018096647233764352,-1.056574217995646
2022-07-13,LT,LT,1664,0.005423333569990696,-0.005408653846153846,0.26362389402376424
2022-07-14,LT,LT,1651.84997558594,-0.0073284852340185225,0.007355404300411829,-0.45710533745910725
2022-07-15,LT,LT,1653.90002441406,0.0012402928781209965,-0.0012395240328062058,0.0271996043243754
2022-07-18,LT,LT,1696.05004882812,0.02516589681342296,-0.024851875357795847,1.3794680455629955
2022-07-19,LT,LT,1719.94995117188,0.013993145389576078,-0.01389569639946553,0.7479872606629322
2022-07-20,LT,LT,1740.34997558594,0.011791036149525702,-0.011721794294387099,0.6235246624551196
2022-07-21,LT,LT,1726.90002441406,-0.007758320649650763,0.007788494401373115,-0.4813995149042806
2022-07-22,LT,LT,1765.5,0.022106028640310527,-0.021863480932279807,1.2065251524163916
2022-07-25,LT,LT,1765,-2.83246001044013e-4,2.8328611898016995e-4,-0.05891038691620506
2022-07-26,LT,LT,1780.75,0.008883933491065754,-0.008844587954513547,0.4592160334605476
2022-07-27,LT,LT,1754,-0.015135729926334385,0.01525085518814139,-0.8983686233931489
2022-07-28,LT,LT,1805,0.028661697834852617,-0.028254847645429362,1.5770497413443143
2022-07-29,LT,LT,1814.94995117188,0.005497300439857966,-0.005482217934139452,0.26780448081642166
2022-08-01,LT,LT,1808,-0.003836630254717477,0.0038439995419690277,-0.2597466708750153
2022-08-02,LT,LT,1809,5.52944443173331e-4,-5.52791597567717e-4,-0.01164913693321982
2022-08-03,LT,LT,1793.05004882812,-0.008856098722891836,0.008895429986633323,-0.5434456245006103
2022-08-04,LT,LT,1793.80004882812,4.1819423199207506e-4,-4.181068009725894e-4,-0.01926518117281436
2022-08-05,LT,LT,1782.94995117188,-0.006067033445387615,0.006085475169456411,-0.3858084352566979
2022-08-08,LT,LT,1796.40002441406,0.00751540734512357,-0.007487237285340757,0.38186731853686
2022-08-10,LT,LT,1830,0.01853129103133533,-0.018360642396688526,1.004481982789552
2022-08-11,LT,LT,1870.05004882812,0.02164922773422262,-0.021416565216111537,1.1807068929943212
2022-08-12,LT,LT,1865,-0.0027041414917734485,0.0027078009802252,-0.19573872280702265
2022-08-16,LT,LT,1860,-0.0026845653706688566,0.002688172043010753,-0.1946322859186217
2022-08-17,LT,LT,1861.44995117188,7.79239954466604e-4,-7.789364258583381e-4,0.00114102205891227
2022-08-18,LT,LT,1857,-0.0023934453090070917,0.002396311885772753,-0.17817826147429203
2022-08-19,LT,LT,1894.09997558594,0.019781496420458566,-0.019587126373550118,1.0751432416380091
2022-08-22,LT,LT,1937.09997558594,0.02244821792395868,-0.022198131506864133,1.2258655950007893
2022-08-23,LT,LT,1870,-0.03525356584849071,0.03588233988552941,-2.035423081751389
2022-08-24,LT,LT,1876,0.003203419717537237,-0.0031982942430703624,0.1381549841037345
2022-08-25,LT,LT,1900,0.012712035588362092,-0.01263157894736842,0.6755792930886386
2022-08-26,LT,LT,1890.19995117188,-0.005171268425827158,0.005184662512579262,-0.33518004694128634
2022-08-29,LT,LT,1870,-0.01074418688007217,0.010802112926139038,-0.6501598389520111
2022-08-30,LT,LT,1893.90002441406,0.01269977708394876,-0.012619475213035204,0.6748864458485422
2022-09-01,LT,LT,1905,0.005843800628220208,-0.00582675883776378,0.2873885745292766
2022-09-02,LT,LT,1900.5,-0.0023649991314984575,0.0023677979479084454,-0.17657049147928433
2022-09-05,LT,LT,1947.94995117188,0.024660503026222358,-0.02435891699544656,1.3509033300942228
2022-09-06,LT,LT,1973.80004882812,0.013183131020510608,-0.013096614153793165,0.7022054751247977
2022-09-07,LT,LT,1941.09997558594,-0.016705833376426504,0.016846156124601032,-0.9871104311560548
2022-09-08,LT,LT,1967.90002441406,0.013712186619582845,-0.013618602823128519,0.732107549581102
2022-09-09,LT,LT,1977.34997558594,0.004790555348557213,-0.004779098939771517,0.22785944596799124
2022-09-12,LT,LT,1949.75,-0.014056392857142441,0.014155648460541096,-0.8373647941868232
2022-09-13,LT,LT,1968.90002441406,0.009773864337026872,-0.009726255359135872,0.509514675916222
2022-09-14,LT,LT,1964.65002441406,-0.0021608987306729333,0.002163235154957192,-0.16503479392171186
2022-09-15,LT,LT,1959.09997558594,-0.0028289531848502136,0.002832958448922472,-0.20279304478368623
2022-09-16,LT,LT,1947,-0.006195445259911558,0.00621467672621469,-0.3930662350903978
2022-09-19,LT,LT,1921.09997558594,-0.01339180044617816,0.013481872231121355,-0.7998022170387432
2022-09-20,LT,LT,1931,0.005140077502493234,-0.005126889908886587,0.2476143403296333
2022-09-21,LT,LT,1921.09997558594,-0.005140077502493234,0.005153310363788052,-0.3334171446801016
2022-09-22,LT,LT,1882,-0.020562884780696677,0.020775757484558982,-1.2051098975157877
2022-09-23,LT,LT,1890,0.0042417879083638255,-0.004232804232804233,0.1968432637658208
2022-09-26,LT,LT,1849,-0.02193187666656371,0.022174148188209845,-1.2824849359296644
2022-09-27,LT,LT,1856,0.0037786819590213128,-0.003771551724137931,0.1706686450628327
2022-09-28,LT,LT,1829.69995117188,-0.014271642062033685,0.014373968153234868,-0.8495306190313108
2022-09-29,LT,LT,1844.65002441406,0.008137578532878997,-0.008104558070265269,0.4170322600165173
2022-09-30,LT,LT,1823.94995117188,-0.011285118609676736,0.011349035771995985,-0.6807331489836562
2022-10-03,LT,LT,1852,0.015261683998810227,-0.015145814702008637,0.8196847079833456
2022-10-04,LT,LT,1835.30004882812,-0.009058153736718921,0.009099302962773467,-0.5548657173572038
2022-10-06,LT,LT,1882,0.02512705867591869,-0.02481400168537726,1.377272924896217
2022-10-07,LT,LT,1905,0.01214696741547705,-0.012073490813648294,0.6436417980348995
2022-10-10,LT,LT,1905,0,0,-0.04290140217523293
2022-10-11,LT,LT,1923.80004882812,0.009820413538792039,-0.009772350738618612,0.5121456237778836
2022-10-12,LT,LT,1880,-0.023030645275598616,0.023297898312829787,-1.3445870303319978
2022-10-13,LT,LT,1901,0.011108286664433642,-0.011046817464492372,0.5849358525568034
2022-10-14,LT,LT,1900,-5.261773338967046e-4,5.263157894736842e-4,-0.07264079788907025
2022-10-17,LT,LT,1902.90002441406,0.0015251649833514236,-0.0015240025103015976,0.04330049601911655
2022-10-18,LT,LT,1893.09997558594,-0.0051633670183584,0.005176720170358013,-0.33473346160161016
2022-10-19,LT,LT,1920,0.014109501902302313,-0.014010429382322916,0.7545636982115249
2022-10-20,LT,LT,1898.65002441406,-0.011182065867899382,0.011244818850977441,-0.6749086368473736
2022-10-21,LT,LT,1913.69995117188,0.007895395247056847,-0.007864308481903852,0.403344128452609
2022-10-24,LT,LT,1906,-0.004031710186837678,0.004039848463735573,-0.27077253406489304
2022-10-25,LT,LT,1915,0.004710817400598977,-0.004699738903394256,0.2233526794560461
2022-10-27,LT,LT,1952.09997558594,0.019188081047739836,-0.019005161646397806,1.0416035707797553
2022-10-28,LT,LT,1972,0.01014255250009466,-0.0100912902708215,0.530352827752357
2022-10-31,LT,LT,1986,0.0070743094425376185,-0.007049345417925478,0.356936588479799
2022-11-01,LT,LT,2032,0.022897964093254508,-0.022637795275590553,1.2512851226729624
2022-11-02,LT,LT,2036.5,0.0022121183900942754,-0.00220967345936656,0.08212691039308012
2022-11-03,LT,LT,2006,-0.015089958566585793,0.015204386839481556,-0.8957816389447018
2022-11-04,LT,LT,2010,0.001992032531240362,-0.001990049751243781,0.06968771921963618
2022-11-07,LT,LT,2021.40002441406,0.0056556306652382204,-0.0056396676938620825,0.27675326086207536
2022-11-09,LT,LT,2025.05004882812,0.0018040629875342162,-0.0018024366440583719,0.05906373319380469
2022-11-10,LT,LT,1995,-0.014950365381929842,0.01506268111685213,-0.8878918711990941
2022-11-11,LT,LT,2003.59997558594,0.004301499974400436,-0.004292261774172259,0.20021817303383693
2022-11-14,LT,LT,2013.05004882812,0.00470545883817497,-0.004694405510524329,0.2230498150068692
2022-11-15,LT,LT,2003,-0.005004952470721413,0.005017498166809784,-0.3257799156855618
2022-11-16,LT,LT,1986,-0.00852349106069994,0.008559919436052367,-0.5246467324804709
2022-11-17,LT,LT,2002,0.008024115270047538,-0.007992007992007992,0.41061934814264966
2022-11-18,LT,LT,2039,0.018312810699288917,-0.018146150073565473,0.9921335355421292
2022-11-21,LT,LT,2019,-0.009857152261616875,0.009905894006934125,-0.6000248904647689
2022-11-22,LT,LT,2021.55004882812,0.0012622287242427532,-0.0012614324486293303,0.02843941221064783
2022-11-23,LT,LT,2038.94995117188,0.008570377464606871,-0.008533756472913651,0.441493934562335
2022-11-24,LT,LT,2030.5,-0.004152877375335429,0.004161512520009851,-0.2776208696622379
2022-11-25,LT,LT,2061,0.014909233764107022,-0.014798641436196022,0.7997643193158179
2022-11-28,LT,LT,2064.35009765625,0.0016241522844717693,-0.0016228340629108975,0.04889523058671585
2022-11-29,LT,LT,2070,0.0027331530844838525,-0.0027294214221014494,0.11157564556057888
2022-11-30,LT,LT,2053,-0.008246469240480891,0.008280565026790063,-0.5089895366985049
2022-12-01,LT,LT,2085.25,0.015586614102787166,-0.015465771490228989,0.8380496665609977
2022-12-02,LT,LT,2096.10009765625,0.005189769694291968,-0.005176326105982254,0.2504229291087361
2022-12-05,LT,LT,2095.94995117188,-7.163391786146889e-5,7.163648363170524e-5,-0.04695013117317889
2022-12-06,LT,LT,2081,-0.007158340504517469,0.007184022667890438,-0.44748880494570814
2022-12-07,LT,LT,2096.30004882812,0.007325361868727676,-0.007298596799953841,0.3711260013761639
2022-12-08,LT,LT,2120,0.01124217940369654,-0.011179222250886793,0.592503432723446
2022-12-09,LT,LT,2168,0.02238899489347901,-0.02214022140221402,1.2225183258856969
2022-12-12,LT,LT,2148.89990234375,-0.008849045715785486,0.008888314265088855,-0.5430469905119879
2022-12-13,LT,LT,2170,0.009771129690753888,-0.00972354730702765,0.5093601144738653
2022-12-14,LT,LT,2176.94995117188,0.0031976246203742065,-0.0031925176635956903,0.1378274468332821
2022-12-15,LT,LT,2196.69995117188,0.009031419837318033,-0.008990759065417154,0.4675519204914078
2022-12-16,LT,LT,2161,-0.016385134485312314,0.01652010697449329,-0.9689846195457656
2022-12-19,LT,LT,2171,0.004616813371406181,-0.004606172270842929,0.2180395980236763
2022-12-20,LT,LT,2179.89990234375,0.004091068494576966,-0.004082711474128305,0.188324644662354
2022-12-21,LT,LT,2153.10009765625,-0.012370249912619258,0.012447077921120731,-0.7420644666606272
2022-12-22,LT,LT,2144,-0.004235466269556731,0.004244448533698694,-0.2822887708594224
2022-12-23,LT,LT,2094.5,-0.023358381803602946,0.023633325375984723,-1.3631106072105277
2022-12-26,LT,LT,2052.75,-0.02013450379819126,0.020338570210692974,-1.1808979242241238
2022-12-27,LT,LT,2101.55004882812,0.023494833336717313,-0.023220978655888874,1.285020005339398
2022-12-28,LT,LT,2129,0.012977194967863426,-0.012893354237613903,0.6905660270397751
2022-12-29,LT,LT,2109.64990234375,-0.009130375249954525,0.009172184273206986,-0.5589476570813803
2022-12-30,LT,LT,2115,0.002532801836853338,-0.0025295970005910166,0.10025184909276788
2023-01-02,LT,LT,2092.89990234375,-0.010504195145180972,0.010559557880193427,-0.6365955732336173
2023-01-03,LT,LT,2088,-0.0023439473326680726,0.002346696524784483,-0.1753806496986442
2023-01-04,LT,LT,2090.94995117188,0.0014118147842596684,-0.0014108186426110736,0.03689397447609253
2023-01-05,LT,LT,2080,-0.005250591091424894,0.005264399601865386,-0.3396633418103815
2023-01-06,LT,LT,2090.19995117188,0.004891838104537527,-0.004879892551026687,0.2335839190021684
2023-01-09,LT,LT,2108,0.00847989886135192,-0.008444045933643262,0.4363801092177099
2023-01-10,LT,LT,2131.89990234375,0.011273924402098068,-0.01121061186666181,0.5942976511524525
2023-01-11,LT,LT,2106.10009765625,-0.012175612747627795,0.012250037268509234,-0.7310636285450255
2023-01-12,LT,LT,2118.10009765625,0.005681564189817578,-0.00566545462760632,0.27821901641640545
2023-01-13,LT,LT,2161.89990234375,0.020467912983384018,-0.02025986709191112,1.1139393137495428
2023-01-16,LT,LT,2147,-0.006915900610144021,0.006939870677107592,-0.4337861699382506
2023-01-17,LT,LT,2139.89990234375,-0.0033124655625744737,0.0033179578392772188,-0.2301210291101039
2023-01-18,LT,LT,2221,0.03719849157822086,-0.03651512726530842,2.0595469355524907
2023-01-19,LT,LT,2259.85009765625,0.01734093770138756,-0.017191448979975467,0.937203545582085
2023-01-20,LT,LT,2282.44995117188,0.009950923435479986,-0.009901576813996093,0.5195220066285072
2023-01-23,LT,LT,2255,-0.012099433094515888,0.012172927348949003,-0.7267579758624234
2023-01-24,LT,LT,2244.69995117188,-0.004578112731906003,0.00458860830051816,-0.3016550530560668
2023-01-25,LT,LT,2201,-0.01966005767841139,0.019854589355692866,-1.1540823622604135
2023-01-27,LT,LT,2174.69995117188,-0.012021101004327406,0.012093644833140176,-0.7223306680383367
2023-01-30,LT,LT,2129.39990234375,-0.021050497502552723,0.02127362210276705,-1.2326696321455024
2023-01-31,LT,LT,2119.94995117188,-0.004447723569987794,0.004457629373111469,-0.294285494100821
2023-02-01,LT,LT,2133,0.006136959021756816,-0.006118166351673698,0.3039578049209457
2023-02-02,LT,LT,2135.60009765625,0.0012182438824606123,-0.001217502124626947,0.02595340125789062
2023-02-03,LT,LT,2176.94995117188,0.0191771088010686,-0.018994397869997355,1.0409834224674137
2023-02-06,LT,LT,2164.25,-0.005850911058996822,0.005868061070523277,-0.37359325843811986
2023-02-07,LT,LT,2162.25,-9.245349092621424e-4,9.249624234015493e-4,-0.095155856608192
2023-02-08,LT,LT,2160.55004882812,-7.865046915460638e-4,7.868140674649281e-4,-0.08735442731687083
2023-02-09,LT,LT,2150,-0.00489499937336646,0.0049069994549395335,-0.3195653973824217
2023-02-10,LT,LT,2140.19995117188,-0.004568582343553729,0.004579034226570241,-0.30111639817258373
2023-02-13,LT,LT,2173,0.015209441478274854,-0.015094362093014265,0.8167319753375619
2023-02-14,LT,LT,2215,0.019143702222806702,-0.018961625282167043,1.0390952920095102
2023-02-15,LT,LT,2186,-0.013179013742751877,0.013266239707227814,-0.7877755720881617
2023-02-16,LT,LT,2186.80004882812,3.6592061293116984e-4,-3.6585367214928244e-4,-0.02221967149859202
2023-02-17,LT,LT,2169.80004882812,-0.0078042904575532646,0.00783482330972454,-0.4839977155868918
2023-02-20,LT,LT,2233.69995117188,0.02902436158790067,-0.028607200492723205,1.597547395211437
2023-02-21,LT,LT,2239,0.002369956118991823,-0.0023671499902277794,0.09104785467529442
2023-02-22,LT,LT,2229,-0.004476283212885512,0.004486316733961417,-0.29589967712788656
2023-02-23,LT,LT,2204,-0.011279163113064428,0.011343012704174229,-0.6803965459811421
2023-02-24,LT,LT,2160,-0.020165669594594426,0.020370370370370372,-1.1826594063181946
2023-02-27,LT,LT,2134.05004882812,-0.012086616032430442,0.01215995434883545,-0.7260335590988992
2023-02-28,LT,LT,2115,-0.008966793165401832,0.00900711528516312,-0.5497020434244957
2023-03-01,LT,LT,2100,-0.007117467768863683,0.007142857142857143,-0.4451786893607189
2023-03-02,LT,LT,2129.94995117188,0.014161137613491803,-0.014061340340603683,0.7574821341628449
2023-03-03,LT,LT,2140,0.004707346690890901,-0.004696284499121494,0.22315651591430655
2023-03-06,LT,LT,2158.25,0.00849187909973459,-0.008455924939186841,0.43705722893967774
2023-03-08,LT,LT,2152,-0.002900065833956411,0.002904275092936803,-0.2068123118174336
2023-03-09,LT,LT,2174.94995117188,0.010608011020895702,-0.010551944498545537,0.5566604131360674
2023-03-10,LT,LT,2171.5,-0.0015874803276947347,0.0015887410416210003,-0.1326253461990986
2023-03-13,LT,LT,2164.05004882812,-0.0034366843516808743,0.0034425965221619123,-0.23714184032022464
2023-03-14,LT,LT,2144.35009765625,-0.009144966945879851,0.009186909914291429,-0.5597723756530194
2023-03-15,LT,LT,2164.19995117188,0.009214233898491742,-0.00917191293017155,0.47788452008672194
2023-03-16,LT,LT,2184.89990234375,0.009519260620189485,-0.00947409588405633,0.4951245450659379
2023-03-17,LT,LT,2186.69995117188,8.235195306873777e-4,-8.231805315426716e-4,0.00364369131973617
2023-03-20,LT,LT,2191.10009765625,0.0020102096564578176,-0.002008190538203478,0.07071508525187378
2023-03-21,LT,LT,2182.69995117188,-0.0038411252086234526,0.003848511784617947,-0.26000072441237526
2023-03-22,LT,LT,2219.5,0.016719325099571414,-0.01658033288043253,0.90207017522349775
2023-03-23,LT,LT,2214,-0.002481111005507408,0.0024841915085817524,-0.1831331021160409
2023-03-24,LT,LT,2206,-0.0036199134551351264,0.003626473254759746,-0.247497897989096
2023-03-27,LT,LT,2175.05004882812,-0.014129245599953322,0.014229535172560884,-0.8414824108299556
2023-03-28,LT,LT,2167.75,-0.0033619119562242616,0.0033675695205258897,-0.23291572544657835
2023-03-29,LT,LT,2137.64990234375,-0.01398271415386887,0.014080929540074744,-0.8332004944893732
2023-03-31,LT,LT,2156.5,0.008779487984496903,-0.008741060819035475,0.4533128026478625
2023-04-03,LT,LT,2180,0.010838339695236954,-0.010779816513761468,0.5696785253754021
2023-04-05,LT,LT,2170,-0.004597709248629123,0.004608294930875576,-0.30276264269918846
2023-04-06,LT,LT,2257.75,0.03964157459640294,-0.03886612778208393,2.197629304287991
2023-04-10,LT,LT,2284.89990234375,0.011953474823753751,-0.01188231585808237,0.6327056508802871
2023-04-11,LT,LT,2320,0.015244968705693474,-0.015129352438038793,0.8187399642924943
2023-04-12,LT,LT,2304,-0.006920442844573493,0.006944444444444444,-0.4340428957575347
2023-04-13,LT,LT,2294.80004882812,-0.004001027810343061,0.004009042607689554,-0.26903837472877296
2023-04-17,LT,LT,2258.75,-0.015834152099000853,0.01596017657028002,-0.9378432492087324
2023-04-18,LT,LT,2220,-0.017304367040113178,0.017454954954954954,-1.0209393863879377
2023-04-19,LT,LT,2208.10009765625,-0.005374734413451598,0.005389204210615699,-0.346679887642223
2023-04-20,LT,LT,2225,0.007624454147467041,-0.00759546172752809,0.38803061329949967
2023-04-21,LT,LT,2240.14990234375,0.006785868698829134,-0.006762896682895846,0.34063399833670926
2023-04-24,LT,LT,2220,-0.009035588432844577,0.009076532587274774,-0.553590332694918
2023-04-25,LT,LT,2231.05004882812,0.004965152675461937,-0.004952846680388968,0.23772763804103733
2023-04-26,LT,LT,2247.85009765625,0.007501898711160138,-0.007473829703166946,0.38110381432433055
2023-04-27,LT,LT,2275.75,0.012335421132450897,-0.01225965169449632,0.6542931493983986
2023-04-28,LT,LT,2312.30004882812,0.015933052891212718,-0.01580679326052156,0.8576302899665683
2023-05-02,LT,LT,2373.19995117188,0.02599651353307486,-0.025661513398265404,1.426414270192811
2023-05-03,LT,LT,2384.10009765625,0.004582500766030506,-0.004572017129266369,0.21610025916680187
2023-05-04,LT,LT,2361.80004882812,-0.00939767473442199,0.009441971533193446,-0.5740553491664756
2023-05-05,LT,LT,2357,-0.0020344369051628064,0.0020365077760373346,-0.157887206921573
2023-05-08,LT,LT,2377.44995117188,0.008638840230031697,-0.008601632670248188,0.4453634309117024
2023-05-09,LT,LT,2367.64990234375,-0.004130603386483855,0.0041391460867710545,-0.2763619500435216
2023-05-10,LT,LT,2387,0.008139486559151088,-0.008106450631022204,0.4171401011276528
2023-05-11,LT,LT,2300,-0.03712822442158892,0.03782608695652174,-2.1413782598673654
2023-05-12,LT,LT,2222.64990234375,-0.034208989179935756,0.03480084631173156,-1.9763839006648043
2023-05-15,LT,LT,2220.89990234375,-7.876585916202217e-4,7.879688761088233e-4,-0.08741964542618373
2023-05-16,LT,LT,2254.60009765625,0.015060141778969083,-0.014947304999912288,0.8082935980993073
2023-05-17,LT,LT,2224.35009765625,-0.01350783493219243,0.013599477902275265,-0.8063604537276339
2023-05-18,LT,LT,2230,0.002536803461702597,-0.002533588494955157,0.10047801980974808
2023-05-19,LT,LT,2192,-0.017187216386258974,0.017335766423357664,-1.0143180642049423
2023-05-22,LT,LT,2190,-9.12825257358918e-4,9.132420091324201e-4,-0.09449403035845244
2023-05-23,LT,LT,2225.60009765625,0.01612504223724809,-0.015995729733180725,0.8684814740954966
2023-05-24,LT,LT,2200,-0.011569225701387964,0.011636408025568182,-0.6967908023282197
2023-05-25,LT,LT,2190,-0.004555816535860124,0.0045662100456621,-0.30039487829298034
2023-05-26,LT,LT,2209,0.008638380609570007,-0.008601177003168854,0.44533745329182534
2023-05-29,LT,LT,2225,0.007216991180223786,-0.0071910112359550565,0.3650009203786247
2023-05-30,LT,LT,2230,0.0022446698538240994,-0.002242152466367713,0.08396671001678942
2023-05-31,LT,LT,2201.10009765625,-0.013044305699086323,0.013129753787446042,-0.7801619111447129
2023-06-01,LT,LT,2217,0.007197650861233029,-0.007171809807735679,0.3639078109597445
2023-06-02,LT,LT,2221,0.0018026142781160104,-0.0018009905447996398,0.05898185254276043
2023-06-05,LT,LT,2245,0.010747976281927585,-0.010690423162583519,0.5645712105342946
2023-06-06,LT,LT,2269,0.010633684603486238,-0.010577346848832084,0.5581114768419342
2023-06-07,LT,LT,2278,0.003958659227285999,-0.003950834064969272,0.18084090991653556
2023-06-08,LT,LT,2316.94995117188,0.01695377948926602,-0.016810872911682737,0.915321471740398
2023-06-09,LT,LT,2345,0.012033757383986377,-0.011961641291309168,0.6372431987255802
2023-06-12,LT,LT,2365,0.008492620045653432,-0.008456659619450317,0.4370991069957263
2023-06-13,LT,LT,2345.85009765625,-0.008130170746333043,0.008163310333802982,-0.5024163783437485
2023-06-14,LT,LT,2352.89990234375,0.0030007172023971407,-0.002996219550384447,0.1266982946539852
2023-06-15,LT,LT,2355,8.921590684209946e-4,-8.917612128450106e-4,0.00752317879054424
2023-06-16,LT,LT,2363.75,0.003708613522149129,-0.0037017451084082496,0.16670839661247577
2023-06-19,LT,LT,2379,0.0064308903302903175,-0.00641025641025641,0.3205707202520213
2023-06-20,LT,LT,2364.94995117188,-0.005923371896036755,0.005940949752935751,-0.3776887246767072
2023-06-21,LT,LT,2382,0.007183611508324361,-0.007157871044550797,0.3631143106608778
2023-06-22,LT,LT,2394.60009765625,0.005275772149360591,-0.0052618797053347365,0.25528376381002604
2023-06-23,LT,LT,2418.94995117188,0.010117298447910095,-0.010066290748939851,0.5289254757877025
2023-06-26,LT,LT,2398.10009765625,-0.008656743654346322,0.0086943216156854,-0.5321781317959567
2023-06-27,LT,LT,2387.44995117188,-0.004450967582953602,0.004460887851970414,-0.29446884480616176
2023-06-28,LT,LT,2400,0.005242907060821089,-0.0052291870117166656,0.253426238199792
2023-06-30,LT,LT,2420,0.008298802814694639,-0.008264462809917356,0.4261446113222959
2023-07-03,LT,LT,2478.19995117188,0.023764930328601608,-0.023484768105317196,1.300285811761084
2023-07-04,LT,LT,2458.19995117188,-0.00810311556181631,0.00813603465839528,-0.5008872268835743
2023-07-05,LT,LT,2461,0.0011384164735384061,-0.001137768723331978,0.02144157843733195
2023-07-06,LT,LT,2468.10009765625,0.002880892019318182,-0.002876746232048033,0.11992580882741058
2023-07-07,LT,LT,2482.75,0.005918153373094093,-0.005900675599134025,0.29159097086941754
2023-07-10,LT,LT,2450,-0.013278792244695303,0.013367346938775511,-0.7934150251049629
2023-07-11,LT,LT,2447.19995117188,-0.001143530654727165,0.0011441847352028388,-0.1075334348778499
2023-07-12,LT,LT,2480.30004882812,0.013435046387287208,-0.013345198969729072,0.716443661181698
2023-07-13,LT,LT,2466,-0.005782135547042877,0.005798884358523925,-0.3697060857424108
2023-07-14,LT,LT,2450.25,-0.006407344574999918,0.006427915518824609,-0.40504272510041794
2023-07-17,LT,LT,2475,0.010050335853501124,-0.01,0.5251407686844903
2023-07-18,LT,LT,2469,-0.0024271856576110196,0.002430133657351154,-0.18008525653853705
2023-07-19,LT,LT,2474.60009765625,0.0022655958981436797,-0.0022630313728484773,0.08514944418768199
2023-07-20,LT,LT,2494,0.007809040996658467,-0.007778629648656776,0.3984634103776838
2023-07-21,LT,LT,2522,0.011164390284882586,-0.011102299762093577,0.5881068134895938
2023-07-24,LT,LT,2637.64990234375,0.04483609465625804,-0.04384581222890361,2.491222124904629
2023-07-25,LT,LT,2616,-0.008241898604032905,0.008275956553421254,-0.5087312056050785
2023-07-26,LT,LT,2591,-0.009602532014979737,0.0096487842531841,-0.5856338253547534
2023-07-27,LT,LT,2668.94995117188,0.029641216763964806,-0.029206224394599013,1.632411877197422
2023-07-28,LT,LT,2660.14990234375,-0.0033026428736038227,0.003308102607442023,-0.22956585347742337
2023-07-31,LT,LT,2655,-0.0019378207764315647,0.0019396995645009417,-0.15242649035401348
2023-08-01,LT,LT,2681.35009765625,0.009875780762656383,-0.009827175376793371,0.5152749637816894
2023-08-02,LT,LT,2638,-0.01629938116143581,0.01643294073398408,-0.9641378656697672
2023-08-03,LT,LT,2615,-0.008756956778237068,0.008795411089866157,-0.5378421495236153
2023-08-04,LT,LT,2605,-0.0038314223115554213,0.003838771593090211,-0.25945231938446883
2023-08-07,LT,LT,2628,0.008790425417033454,-0.008751902587519025,0.4539309832751165
2023-08-08,LT,LT,2639.05004882812,0.0041959217921681,-0.0041871312114852895,0.19425092370948133
2023-08-09,LT,LT,2635,-0.001535840421206025,0.0015370204281290314,-0.12970667313062784
2023-08-10,LT,LT,2640.10009765625,0.001933650224996697,-0.0019317819278055458,0.06638796760317862
2023-08-11,LT,LT,2642.05004882812,7.38317240658759e-4,-7.380447515499934e-4,-0.00117191827736621
2023-08-14,LT,LT,2637,-0.0019132420878316125,0.0019150735032688654,-0.15103730975023175
2023-08-16,LT,LT,2669,0.012061963051237079,-0.011989509179467965,0.638837375148067
2023-08-17,LT,LT,2691.05004882812,0.008227599747764991,-0.008193845684037799,0.42212023389845943
2023-08-18,LT,LT,2650,-0.015371830172020928,0.015490584463441509,-0.9117129432303324
2023-08-21,LT,LT,2641.85009765625,-0.003080173714994139,0.0030849223243136644,-0.21699195886850217
2023-08-22,LT,LT,2668,0.009849661770240381,-0.009801312722544978,0.5137987256371367
2023-08-23,LT,LT,2689.55004882812,0.008044783475867234,-0.008012510805482017,0.4117875093536177
2023-08-24,LT,LT,2747.5,0.021317495766394856,-0.02109188395700819,1.16195749497467
2023-08-25,LT,LT,2677.44995117188,-0.0258265765033574,0.02616297227048451,-1.5026122811635103
2023-08-28,LT,LT,2653.55004882812,-0.008966446245444182,0.009006765240518019,-0.549682435605535
2023-08-29,LT,LT,2710,0.02105025034477226,-0.02083024028482657,1.1468528585064202
2023-08-30,LT,LT,2722.94995117188,0.004767198598736755,-0.004755853542701625,0.22653932900216475
2023-08-31,LT,LT,2720,-0.001083953182440922,0.0010845408720147067,-0.10416613281099994
2023-09-01,LT,LT,2710,-0.003683245416295833,0.0036900369003690036,-0.25107740271686707
2023-09-04,LT,LT,2733,0.00845127205432128,-0.008415660446395901,0.4347621300927274
2023-09-05,LT,LT,2720.5,-0.004584220002088024,0.004594743613306377,-0.30200023425828093
2023-09-06,LT,LT,2740,0.007142233456135294,-0.007116788321167883,0.3607756347266582
2023-09-07,LT,LT,2733,-0.00255801345404727,0.002561287961946579,-0.18747960699408295
2023-09-08,LT,LT,2888,0.0551643140846485,-0.053670360110803325,3.07497019767924
2023-09-11,LT,LT,2905,0.005869169273294617,-0.00585197934595525,0.28882240325202746
2023-09-12,LT,LT,2951.60009765625,0.015914038984067957,-0.015788079724368253,0.8565556292539007
2023-09-13,LT,LT,2943.5,-0.002748079801762948,0.0027518592343298794,-0.1982221037959399
2023-09-14,LT,LT,2924.89990234375,-0.006339090808865855,0.006359225367454649,-0.4011850413324616
2023-09-15,LT,LT,2933,0.0027655313180003915,-0.0027617107590351174,0.1134056542611214
2023-09-18,LT,LT,2910,-0.007872708811913043,0.007903780068728522,-0.48786470183525393
2023-09-20,LT,LT,2926.94995117188,0.0058078273613269005,-0.0057909945351452465,0.2853553755479554
2023-09-21,LT,LT,2885.05004882812,-0.014418660787783644,0.014523111084599503,-0.8578400762822062
2023-09-22,LT,LT,2908.69995117188,0.0081639814283605,-0.008130746636218612,0.4185245442829262
2023-09-25,LT,LT,2917.94995117188,0.0031750690107870128,-0.0031700338096220947,0.13655261008929676
2023-09-26,LT,LT,2915,-0.0010114783936359117,0.0010119901104219562,-0.10006987802258362
2023-09-27,LT,LT,2922,0.00239849352605237,-0.0023956194387405884,0.09266078093896932
2023-09-28,LT,LT,2989,0.02267056997329231,-0.022415523586483774,1.2384328706262158
2023-09-29,LT,LT,3040,0.01691863211632949,-0.016776315789473684,0.9133349520545212
2023-10-03,LT,LT,3040.5,1.6446015989757257e-4,-1.64446637066272e-4,-0.03360615994555856
2023-10-04,LT,LT,3064.10009765625,0.0077319447145605125,-0.007702130121108598,0.39410595008121585
2023-10-05,LT,LT,3032.55004882812,-0.010350054444939971,0.010403801526811408,-0.6278835839768211
2023-10-06,LT,LT,3114.94995117188,0.026809219223167702,-0.026453042146876295,1.4723481684424615
2023-10-09,LT,LT,3075,-0.012908183812333718,0.012991854039635773,-0.7724683401855739
2023-10-10,LT,LT,3073.85009765625,-3.740219191872285e-4,3.740918741049792e-4,-0.06404101641502252
2023-10-11,LT,LT,3090,0.005240211570360032,-0.005226505612864077,0.2532738898329111
2023-10-12,LT,LT,3094,0.001293661241220434,-0.001292824822236587,0.03021596927696833
2023-10-13,LT,LT,3067.75,-0.008520358276355111,0.008556759840273816,-0.5244696683856247
2023-10-16,LT,LT,3098.94995117188,0.010118934807739066,-0.010067910635369125,0.5290179623874424
2023-10-17,LT,LT,3109.89990234375,0.003527211249352291,-0.0035209979471100207,0.15645559090125868
2023-10-18,LT,LT,3068.64990234375,-0.013352846283764208,0.013442393662598784,-0.7976005386765136
2023-10-19,LT,LT,3025.60009765625,-0.014128242449135797,0.0142285177478835,-0.8414257130263625
2023-10-20,LT,LT,3039.94995117188,0.004731600653592238,-0.004720424265569975,0.22452734310114011
2023-10-23,LT,LT,3003,-0.012229262851111145,0.012304346044582085,-0.7340959173852749
2023-10-25,LT,LT,2959,-0.014760415583119801,0.01486988847583643,-0.877155961708818
2023-10-26,LT,LT,2906,-0.01807380826998184,0.0182381280110117,-1.06442798944901
2023-10-27,LT,LT,2864.64990234375,-0.014331420583005183,0.014434607741217832,-0.8529092843136064
2023-10-30,LT,LT,2899.19995117188,0.011988675459508435,-0.011917097616590603,0.6346951809657448
2023-10-31,LT,LT,2929.94995117188,0.010550521347187036,-0.010495059817557993,0.5534111128607779
2023-11-01,LT,LT,2947.44995117188,0.005955031819086187,-0.0059373357613899955,0.29367533032011456
2023-11-02,LT,LT,2935,-0.004232919910807986,0.004241891370316866,-0.28214485137527845
2023-11-03,LT,LT,2934,-3.40773559269536e-4,3.4083162917518747e-4,-0.0621618284137993
2023-11-06,LT,LT,2933,-3.4088972547596796e-4,3.4094783498124785e-4,-0.06216839409527896
2023-11-07,LT,LT,2970,0.012536162819294816,-0.012457912457912458,0.6656390133813179
2023-11-08,LT,LT,2974.69995117188,0.001581224347652288,-0.001579974871088582,0.04646895560681077
2023-11-09,LT,LT,3003,0.009468611838931551,-0.009423925683689643,0.4922618901182351
2023-11-10,LT,LT,3021.05004882812,0.005992680240000325,-0.0059747599465032695,0.29580320853805175
2023-11-13,LT,LT,3050,0.009537121378127011,-0.009491787269468853,0.4961340301079847
2023-11-15,LT,LT,3062.35009765625,0.004041036349466509,-0.004032882349311422,0.18549684181714696
2023-11-16,LT,LT,3057.94995117188,-0.0014378861191062242,0.001438920373004717,-0.1241703233786045
2023-11-17,LT,LT,3050,-0.002603150230360285,0.002606541367829509,-0.19003072496424803
2023-11-20,LT,LT,3095.10009765625,0.014678656724871786,-0.014571450432379177,0.7867321695620901
2023-11-21,LT,LT,3088.5,-0.0021347111903740057,0.0021369913084830824,-0.16355468146999125
2023-11-22,LT,LT,3074.85009765625,-0.004429384813269266,0.00443920903791518,-0.29324899270132065
2023-11-23,LT,LT,3080,0.0016734456449345458,-0.0016720462155032467,0.05168127753026547
2023-11-24,LT,LT,3050,-0.00978800636616306,0.009836065573770493,-0.5961167837972144
2023-11-28,LT,LT,3054,0.0013106161771201386,-0.0013097576948264572,0.03117425751090117
2023-11-29,LT,LT,3050,-0.0013106161771201386,0.0013114754098360656,-0.11697706186136954
2023-11-30,LT,LT,3076.30004882812,0.008586001399539356,-0.008549246955978397,0.44237699499390376
2023-12-01,LT,LT,3129.94995117188,0.017289422364427764,-0.01714081796217637,0.9342919131484996
2023-12-04,LT,LT,3285,0.048349637553286584,-0.04719940603595738,2.6898065865315663
2023-12-05,LT,LT,3319.05004882812,0.010311960177814328,-0.010258974202616284,0.5399277023052217
2023-12-06,LT,LT,3330,0.0032936918779640223,-0.00328827362518919,0.14325714135747852
2023-12-07,LT,LT,3392.30004882812,0.018535867816453333,-0.018365135138809944,1.0047406614040368
2023-12-08,LT,LT,3377,-0.0045204304053747535,0.0045306629636126736,-0.29839486409720506
2023-12-11,LT,LT,3377.94995117188,2.8126075988943455e-4,-2.8122120979040695e-4,-0.02700462270891596
2023-12-12,LT,LT,3375,-8.736778388271915e-4,8.740596064829636e-4,-0.09228142921449056
2023-12-13,LT,LT,3352.94995117188,-0.006554783533408326,0.006576313141928453,-0.4133759337836283
2023-12-14,LT,LT,3425.94995117188,0.0215382504728705,-0.02130795868019894,1.1744344892286147
2023-12-15,LT,LT,3435.14990234375,0.0026817731506785236,-0.002678180409417654,0.10867166607532616
2023-12-18,LT,LT,3496,0.017558893378655682,-0.017405634341032608,0.9495223394882228
2023-12-19,LT,LT,3488.94995117188,-0.0020186404402124936,0.002020679266480164,-0.15699439514159924
2023-12-20,LT,LT,3505,0.004589703133476064,-0.004579186541546361,0.21650733495997176
2023-12-21,LT,LT,3390.05004882812,-0.03334583553706416,0.03390803956172156,-1.927598698236835
2023-12-22,LT,LT,3424,0.009964773330006338,-0.009915289477768692,0.5203047987926575
2023-12-26,LT,LT,3477.94995117188,0.01563356743171518,-0.015511997564456556,0.8407034555767152
2023-12-27,LT,LT,3510,0.009173011766565153,-0.009131068042199429,0.4755546567221504
2023-12-28,LT,LT,3545,0.009922122506315745,-0.009873060648801129,0.5178941861692484
2023-12-29,LT,LT,3531,-0.003957043037841501,0.003964882469555367,-0.2665523676917461
2024-01-01,LT,LT,3538,0.001980478791343998,-0.001978518937252685,0.06903470507285292
2024-01-02,LT,LT,3525.05004882812,-0.0036669613250435162,0.0036736928532929993,-0.2501570304347334
2024-01-03,LT,LT,3433,-0.026460119936995596,0.026813297066157878,-1.5384199787989832
2024-01-04,LT,LT,3441.05004882812,0.0023421570838024763,-0.0023394163740401023,0.08947666098304671
2024-01-05,LT,LT,3464.94995117188,0.006921516871953415,-0.006897618343860009,0.3483007951341446
2024-01-08,LT,LT,3540,0.02142853871437289,-0.02120057876500565,1.1682336113301428
2024-01-09,LT,LT,3527.44995117188,-0.003551510688073023,0.003557824774792525,-0.2436317927304353
2024-01-10,LT,LT,3549.94995117188,0.006358288668890211,-0.00633811752545201,0.31646729466000567
2024-01-11,LT,LT,3545.5,-0.0012543113645850923,0.0012550983420899738,-0.11379472960821456
2024-01-12,LT,LT,3505.05004882812,-0.011474394111084862,0.011540477484880438,-0.6914309473733583
2024-01-15,LT,LT,3576.10009765625,0.020068048783294046,-0.01986802575092786,1.091339101022368
2024-01-16,LT,LT,3548,-0.007888783986791381,0.007919982428480835,-0.48877326622233175
2024-01-17,LT,LT,3555,0.001970998807871993,-0.001969057665260197,0.06849889905898018
2024-01-18,LT,LT,3570.80004882812,0.0044346107421446845,-0.004424792374836369,0.2077415563890641
2024-01-19,LT,LT,3603,0.008977157768606858,-0.00893698339491535,0.4644850435476382
2024-01-23,LT,LT,3637.60009765625,0.009557318609047627,-0.009511792590544316,0.4972755719495
2024-01-24,LT,LT,3570,-0.018758554583456544,0.018935601584383753,-1.1031296595289386
2024-01-25,LT,LT,3599.89990234375,0.008340444379438594,-0.008305759369665633,0.4284981809124169
2024-01-29,LT,LT,3604,0.0011382995751052505,-0.0011376519578940067,0.02143497137051037
2024-01-30,LT,LT,3715.94995117188,0.03059001264652217,-0.030126872708975783,1.686037555054039
2024-01-31,LT,LT,3520,-0.05417336278260798,0.05566759976473864,-3.1047647116568635
2024-02-01,LT,LT,3480,-0.011428695823623158,0.011494252873563218,-0.6888480929501815
2024-02-02,LT,LT,3402.69995117188,-0.02246307401161296,0.022717268621201256,-1.312508061269508
2024-02-05,LT,LT,3375.5,-0.008025758274980532,0.008058051006333878,-0.4965150146723257
2024-02-06,LT,LT,3346,-0.008777858935156146,0.008816497310221159,-0.5390235335853182
2024-02-07,LT,LT,3445,0.029158301900988448,-0.028737300435413643,1.6051176642374378
2024-02-08,LT,LT,3413,-0.009332234541052031,0.00937591561675945,-0.5703566877440571
2024-02-09,LT,LT,3336.25,-0.022744248187972715,0.023004870738104158,-1.3283999470589265
2024-02-12,LT,LT,3330,-0.0018751177442446476,0.0018768768768768769,-0.1488825325159758
2024-02-13,LT,LT,3312,-0.005420067469339429,0.005434782608695652,-0.3492420992790934
2024-02-14,LT,LT,3290.05004882812,-0.006649459451676165,0.006671616190063229,-0.4187269901985957
2024-02-15,LT,LT,3309,0.0057432518681395095,-0.005726790925318828,0.2817055867380131
2024-02-16,LT,LT,3304.94995117188,-0.0012246991175448585,0.0012254493677533356,-0.11212105368936272
2024-02-19,LT,LT,3400.55004882812,0.028515867782456183,-0.028113127665680207,1.5688074675787893
2024-02-20,LT,LT,3339.85009765625,-0.018011272564200098,0.018174453762001587,-1.0608934888526411
2024-02-21,LT,LT,3356.89990234375,0.005091974921185738,-0.005079032793201852,0.2448955958908487
2024-02-22,LT,LT,3310,-0.014069710572401917,0.01416915478663142,-0.8381175077275914
2024-02-23,LT,LT,3363.75,0.01610823367000691,-0.015979189892233372,0.8675314585772339
2024-02-26,LT,LT,3400,0.010719008563137677,-0.010661764705882353,0.5629339631719875
2024-02-27,LT,LT,3475,0.021819047394640023,-0.02158273381294964,1.1903050526940566
2024-02-28,LT,LT,3505,0.0085960414697972,-0.008559201141226819,0.4429444569562399
2024-02-29,LT,LT,3485,-0.0057224762740659685,0.005738880918220947,-0.3663341603234423
2024-03-01,LT,LT,3501.64990234375,0.004766213878134806,-0.004754873504802912,0.22648367286915672
2024-03-04,LT,LT,3670,0.046957403975858014,-0.045871961214237054,2.61111793421245
2024-03-05,LT,LT,3631.19995117188,-0.01062850335318899,0.010685186536092081,-0.6436214383749348
2024-03-06,LT,LT,3618,-0.003641771740186428,0.003648411048059702,-0.248733322145464
2024-03-07,LT,LT,3660.75,0.011746657480125933,-0.011677934849416103,0.6210163924755526
2024-03-11,LT,LT,3700,0.01066477519694864,-0.010608108108108107,0.5598687084868249
2024-03-12,LT,LT,3639.05004882812,-0.01661014765825719,0.01674886312473434,-0.9817023011332074
2024-03-13,LT,LT,3634.89990234375,-0.0011410985675066598,0.001141749868185922,-0.10739597398851172
2024-03-14,LT,LT,3527.05004882812,-0.03011973207324381,0.03057791979772548,-1.745260232963784
2024-03-15,LT,LT,3598,0.019916294177170002,-0.0197192749227015,1.0827619731376696
2024-03-18,LT,LT,3537.14990234375,-0.01705684499193083,0.017203143586289667,-1.0069495094689276
2024-03-19,LT,LT,3541,0.0010878825933566816,-0.001087291063611974,0.01858541766623525
2024-03-20,LT,LT,3502.75,-0.010860798860562682,0.010919991435300836,-0.6567507154671443
2024-03-21,LT,LT,3525.14990234375,0.006374586578433039,-0.006354312004961004,0.3173884479480677
2024-03-22,LT,LT,3546.19995117188,0.005953633023974447,-0.005935945270422156,0.2935962708117273
2024-03-26,LT,LT,3605,0.016445176865300226,-0.01631069315620527,0.8865753937153834
2024-03-27,LT,LT,3683,0.021405866726016853,-0.021178387184360575,1.1669521968906724
2024-03-28,LT,LT,3706.55004882812,0.0063739005493808065,-0.006353630334916344,0.31734967377788237
2024-04-01,LT,LT,3780.85009765625,0.019847339894274896,-0.01965167803774834,1.0788646963584505
2024-04-02,LT,LT,3849.80004882812,0.018072333675100083,-0.017910008389359956,0.9785418414083872
2024-04-03,LT,LT,3799.69995117188,-0.013099108184793096,0.013185277337698318,-0.7832593323059179
2024-04-04,LT,LT,3804.89990234375,0.0013675806965469661,-0.0013666459842128624,0.03439387621306668
2024-04-05,LT,LT,3770.10009765625,-0.009188131883540507,0.00923047234452314,-0.5622120458541737
2024-04-08,LT,LT,3745,-0.006679935240715196,0.0067022957693591454,-0.4204494732694572
2024-04-09,LT,LT,3820,0.019828805649300563,-0.01963350785340314,1.0778171460173926
2024-04-10,LT,LT,3800,-0.005249355886142837,0.005263157894736842,-0.3395935283534294
2024-04-12,LT,LT,3749.94995117188,-0.013258573193249745,0.013346857819390118,-0.7922722499735179
2024-04-15,LT,LT,3626.05004882812,-0.03359857853607373,0.03416938560564061,-1.9418836618360296
2024-04-16,LT,LT,3580.05004882812,-0.01276713456854317,0.012848982380862933,-0.7644962763849752
2024-04-18,LT,LT,3561.94995117188,-0.005068646431611867,0.005081513750715411,-0.32937988053680833
2024-04-19,LT,LT,3525,-0.010427697738629504,0.010482255651597164,-0.6322719612154452
2024-04-22,LT,LT,3568.75,0.012334958157950382,-0.012259194395796848,0.6542669822091961
2024-04-23,LT,LT,3632.75,0.01777454279648616,-0.01761750739797674,0.9617107842559957
2024-04-24,LT,LT,3616.55004882812,-0.004469390983830479,0.0044793936080407114,-0.29551013026973444
2024-04-25,LT,LT,3616.10009765625,-1.2442221408193177e-4,1.2442995484600398e-4,-0.04993371090800782
2024-04-26,LT,LT,3652,0.009878838711966154,-0.009830203270468237,0.515447798221157
2024-04-29,LT,LT,3606.10009765625,-0.012648079696747416,0.012728404952924684,-0.7577673283366637
2024-04-30,LT,LT,3639,0.009082035594047966,-0.00904091847863424,0.4704127089020216
2024-05-02,LT,LT,3590.05004882812,-0.013542775049263156,0.013634893805410445,-0.8083352593699865
2024-05-03,LT,LT,3610,0.005541628764030193,-0.005526302263678671,0.27030990529780075
2024-05-06,LT,LT,3522.80004882812,-0.024451630535024194,0.024753023152956858,-1.4249007196741714
2024-05-07,LT,LT,3479.39990234375,-0.012396304748433451,0.012473457407162462,-0.7435370786920532
2024-05-08,LT,LT,3429,-0.014591163580549349,0.014698134250145815,-0.8675898858717087
2024-05-09,LT,LT,3312.75,-0.03449001331817492,0.0350916911931175,-1.9922673063416136
2024-05-10,LT,LT,3281.60009765625,-0.009447522067899783,0.009492290777903608,-0.576872706509801
2024-05-13,LT,LT,3267.05004882812,-0.0044436860864998096,0.004453573900206719,-0.29405729666364144
2024-05-14,LT,LT,3300,0.010035016464225777,-0.009984833688448486,0.5242749210882479
2024-05-15,LT,LT,3390,0.026907452919925134,-0.02654867256637168,1.4779003095023482
2024-05-16,LT,LT,3428.94995117188,0.011424156231505833,-0.011359148347606662,0.602788712123218
2024-05-17,LT,LT,3475.94995117188,0.013613731278580232,-0.013521483525432938,0.7265428812505274
2024-05-21,LT,LT,3458,-0.0051774216413473795,0.005190847649473685,-0.3355278249610832
2024-05-22,LT,LT,3450.05004882812,-0.0023016494163528023,0.002304300244740034,-0.17298998330137377
2024-05-23,LT,LT,3460.89990234375,0.003139904790614878,-0.00313498044490752,0.1345651382023087
2024-05-24,LT,LT,3586,0.035508732547580024,-0.03488569371339933,1.964042227850632
2024-05-27,LT,LT,3644.89990234375,0.016291528266515698,-0.016159539060558586,0.8778912178952261
2024-05-28,LT,LT,3652,0.0019460592832665213,-0.0019441669376369112,0.0670893241051153
2024-05-29,LT,LT,3611,-0.011290220437402354,0.011354195513708113,-0.681021502859417
2024-05-30,LT,LT,3626.05004882812,0.004159172707696612,-0.004150535327824261,0.19217387573572825
2024-05-31,LT,LT,3636.39990234375,0.0028502394073477433,-0.00284618133142047,0.11819333177399304
2024-06-03,LT,LT,3855.39990234375,0.05848058324125738,-0.0568034459581915,3.262404802684784
2024-06-04,LT,LT,3852,-8.822437157434138e-4,8.826330072040498e-4,-0.09276557018141168
2024-06-05,LT,LT,3441.5,-0.11268507107959636,0.11927938398953944,-6.4118300959597105
2024-06-06,LT,LT,3438,-0.0010175158956240438,0.0010180337405468296,-0.1004111159459762
2024-06-07,LT,LT,3465.05004882812,0.007837169683133638,-0.007806539139966629,0.4000532358682457
2024-06-10,LT,LT,3521.05004882812,0.016032177807003833,-0.01590434649420504,0.8632328024769768
2024-06-11,LT,LT,3570,0.013806341340751871,-0.013711470916492998,0.7374291480818237
2024-06-12,LT,LT,3615,0.012526259819180652,-0.012448132780082987,0.6650792985852375
2024-06-13,LT,LT,3665.5,0.013872896070775909,-0.013777110898922385,0.7411908028041173
2024-06-14,LT,LT,3718,0.014221137617747459,-0.014120494889725659,0.7608733176184393
2024-06-18,LT,LT,3708,-0.0026932415956437694,0.002696871628910464,-0.1951226637270144
2024-06-19,LT,LT,3690,-0.004866189651172803,0.004878048780487805,-0.31793707994358666
2024-06-20,LT,LT,3584.94995117188,-0.028881944719813646,0.029303072639488403,-1.6753008380187668
2024-06-21,LT,LT,3604.05004882812,0.00531371333927666,-0.005299620537303725,0.25742818925008054
2024-06-24,LT,LT,3520.35009765625,-0.02349778244623124,0.02377603046571847,-1.370989492534623
2024-06-25,LT,LT,3556.5,0.010216470965765723,-0.010164460099465767,0.5345306787534453
2024-06-26,LT,LT,3601,0.012434669475306137,-0.012357678422660372,0.6599026379718153
2024-06-27,LT,LT,3597.44995117188,-9.863370975722319e-4,9.868236879747442e-4,-0.09864889900233392
2024-06-28,LT,LT,3540,-0.016098520423483365,0.016228799766067798,-0.952785272951438
2024-07-01,LT,LT,3535.19995117188,-0.0013568661232721269,0.0013577870826030178,-0.1195910958794584
2024-07-02,LT,LT,3535.05004882812,-4.240368976660136e-5,4.240458881471778e-5,-0.04529804685835799
2024-07-03,LT,LT,3650.35009765625,0.03209562282809486,-0.0315860248314702,1.7711342213221963
2024-07-04,LT,LT,3616.10009765625,-0.009426956139982678,0.009471529845702806,-0.5757103260172147
2024-07-05,LT,LT,3573.30004882812,-0.01190657178321608,0.0119777371738392,-0.7158575085006473
2024-07-08,LT,LT,3640.10009765625,0.018521628389121858,-0.018351157120965033,1.0039358529546618
2024-07-09,LT,LT,3650,0.0027159869677380044,-0.0027123020119863015,0.11060542144434676
2024-07-10,LT,LT,3685.05004882812,0.009556939726206082,-0.009511417311487054,0.49725415759730907
2024-07-11,LT,LT,3660,-0.00682095990733167,0.00684427563609836,-0.42842014797498307
2024-07-12,LT,LT,3630,-0.008230499136514524,0.008264462809917356,-0.508086910889997
2024-07-15,LT,LT,3670,0.010959013789719307,-0.010899182561307902,0.5764989914369871
2024-07-16,LT,LT,3646.10009765625,-0.006533532084766591,0.00655492216440056,-0.4121748078514545
2024-07-18,LT,LT,3640,-0.0016744483330644044,0.0016758510044642856,-0.13754075353325926
2024-07-19,LT,LT,3651,0.0030174210248521405,-0.0030128731854286495,0.12764239002616837
2024-07-22,LT,LT,3617.89990234375,-0.009107382654779173,0.009148981052462805,-0.5576481220341818
2024-07-23,LT,LT,3669.60009765625,0.01418897089433635,-0.014088781866318508,0.7590552634098686
2024-07-24,LT,LT,3549,-0.03341681724869794,0.0339814307287264,-1.9316105647212711
2024-07-25,LT,LT,3539,-0.0028216723010334732,0.0028256569652444193,-0.20238153126715425
2024-07-26,LT,LT,3629,0.02511292686760669,-0.024800220446403967,1.3764741990438076
2024-07-29,LT,LT,3701,0.019645925173085388,-0.019454201567144017,1.0674807926624907
2024-07-30,LT,LT,3774.85009765625,0.019757619278404803,-0.019563716636616237,1.0737937122486938
2024-07-31,LT,LT,3777.05004882812,5.826219074478445e-4,-5.824522162613551e-4,-0.00997177495467664
2024-08-01,LT,LT,3810,0.008685894548738915,-0.008648281147475066,0.448022927841561
2024-08-02,LT,LT,3730.35009765625,-0.021127099925994486,0.02135185713367585,-1.236999179688937
2024-08-05,LT,LT,3597,-0.03640192449912938,0.03707258761641646,-2.100327991432169
2024-08-06,LT,LT,3548,-0.01371610026615322,0.013810597519729425,-0.818131552140937
2024-08-07,LT,LT,3630,0.022848583829427227,-0.022589531680440773,1.248494163975508
2024-08-08,LT,LT,3621,-0.0024824174932565057,0.0024855012427506215,-0.1832069444380436
2024-08-09,LT,LT,3600,-0.00581638532143991,0.005833333333333334,-0.37164187340995175
2024-08-12,LT,LT,3579,-0.005850413678174959,0.00586756077116513,-0.3735651466132318
2024-08-13,LT,LT,3580,2.7936862871946744e-4,-2.7932960893854746e-4,-0.02711156543330896
2024-08-14,LT,LT,3558.94995117188,-0.005897256593188516,0.005914679643412435,-0.37621269506544697
2024-08-16,LT,LT,3578,0.0053384412671082515,-0.005324217112386807,0.25882580481337597
2024-08-19,LT,LT,3599.85009765625,0.006088219968656716,-0.006069724311708401,0.3012030872744731
2024-08-20,LT,LT,3562,-0.010570020187714135,0.01062608019546603,-0.6403159862230282
2024-08-21,LT,LT,3590,0.007830017632716846,-0.007799442896935933,0.39964900397952896
2024-08-22,LT,LT,3607.05004882812,0.004738074797121072,-0.00472686782753661,0.22489325988226871
2024-08-23,LT,LT,3606.5,-1.525043357180067e-4,1.525159650963532e-4,-0.05152090456700304
2024-08-26,LT,LT,3611,0.0012469693337298082,-0.0012461921905289393,0.02757695572769888
2024-08-27,LT,LT,3642.64990234375,0.008726669642777907,-0.008688702782934437,0.45032752474988097
2024-08-28,LT,LT,3705,0.016971846809951785,-0.016828636344466935,0.9163426316512052
2024-08-29,LT,LT,3690.5,-0.0039213085200806574,0.003929006909632841,-0.26453266274460624
2024-08-30,LT,LT,3718.35009765625,0.007518097536635793,-0.007489907331158642,0.3820193674085125
2024-09-02,LT,LT,3706,-0.0033269199014362982,0.0033324602418375606,-0.23093798429900217
2024-09-03,LT,LT,3693.94995117188,-0.003256794859041179,0.0032621039774231924,-0.22697453652028415
2024-09-04,LT,LT,3650,-0.011969165409727367,0.012041082512843837,-0.7193952827604881
2024-09-05,LT,LT,3668,0.004919386799818071,-0.004907306434023991,0.23514096355265732
2024-09-06,LT,LT,3615.10009765625,-0.014527009635372679,0.01463303944973645,-0.8639639228373684
2024-09-09,LT,LT,3584,-0.008640049646162495,0.008677482604980469,-0.53123459112352
2024-09-10,LT,LT,3585,2.7897893890127534e-4,-2.789400278940028e-4,-0.0271335905929515
2024-09-11,LT,LT,3595,0.00278551712142594,-0.0027816411682892906,0.11453524627971552
2024-09-12,LT,LT,3558,-0.01034540192936717,0.010399100618324901,-0.6276206250981544
2024-09-13,LT,LT,3622,0.017827770217579086,-0.0176697956929873,0.9647191832058236
2024-09-16,LT,LT,3619.14990234375,-7.871948079696267e-4,7.875047271195608e-4,-0.08739343250403907
2024-09-17,LT,LT,3668,0.01340738974096567,-0.013317911029511995,0.7148805152686161
2024-09-18,LT,LT,3689,0.005708864220320464,-0.0056925996204933585,0.27976200650322236
2024-09-19,LT,LT,3750,0.016400421367780638,-0.016266666666666665,0.8840458255159466
2024-09-20,LT,LT,3700,-0.013423020332140823,0.013513513513513514,-0.8015667562595855
2024-09-23,LT,LT,3800,0.026668247082161756,-0.02631578947368421,1.4643804624697792
2024-09-24,LT,LT,3787.69995117188,-0.0032421049017070658,0.0032473662081692807,-0.22614426424124873
2024-09-25,LT,LT,3787.55004882812,-3.9576870408453146e-5,3.957765358279152e-5,-0.0451382758190764
2024-09-26,LT,LT,3801,0.003544805046887589,-0.0035385296426940285,0.15744998741601027
2024-09-27,LT,LT,3738,-0.016713480973741923,0.016853932584269662,-0.987542671216864
2024-09-30,LT,LT,3699,-0.010488196183054299,0.010543390105433901,-0.6356913163698988
2024-10-01,LT,LT,3667,-0.008688623761127445,0.00872647941096264,-0.5339799865127904
2024-10-03,LT,LT,3582.5,-0.023313008368999633,0.02358688066992324,-1.3605461133799268
2024-10-04,LT,LT,3515,-0.019021355457560674,0.019203413940256046,-1.1179830914148348
2024-10-07,LT,LT,3505,-0.0028490047760758586,0.0028530670470756064,-0.2039263551102569
2024-10-08,LT,LT,3492.94995117188,-0.003443883086330146,0.0034498200651507252,-0.23754871078878365
2024-10-09,LT,LT,3542.05004882812,0.013959031964519752,-0.01386205643042358,0.7460591794220113
2024-10-10,LT,LT,3515,-0.007666144102113748,0.007695604218526315,-0.4761897222239068
2024-10-11,LT,LT,3469.39990234375,-0.01305788506533645,0.013143511540841658,-0.7809294131263121
2024-10-14,LT,LT,3510,0.0116343972804831,-0.011566979389245014,0.6146714773964358
2024-10-15,LT,LT,3570,0.016949558313772428,-0.01680672268907563,0.9150828920824372
2024-10-16,LT,LT,3550,-0.005617992304223662,0.005633802816901409,-0.36042875557729614
2024-10-17,LT,LT,3549.89990234375,-2.8196920416334592e-5,2.8197317953644985e-5,-0.04449508422910266
2024-10-18,LT,LT,3569.94995117188,0.005632169846784052,-0.005616338912972247,0.27542726196617595
2024-10-21,LT,LT,3580,0.0028112239989166454,-0.0028072762089720663,0.11598819180404088
2024-10-22,LT,LT,3585,0.0013956736389761915,-0.001394700139470014,0.03598168146009656
2024-10-23,LT,LT,3501.05004882812,-0.023695536600511602,0.02397850644836681,-1.3821665020127156
2024-10-24,LT,LT,3444,-0.016429350885587723,0.016565054828141697,-0.9714837181198878
2024-10-25,LT,LT,3425,-0.00553211485129701,0.005547445255474452,-0.3555749859620407
2024-10-28,LT,LT,3316,-0.03234223444114015,0.03287092882991556,-1.8708754450524816
2024-10-29,LT,LT,3316,0,0,-0.04290140217523293
2024-10-30,LT,LT,3379.94995117188,0.019101664766651538,-0.0189203840576715,1.0367193467476004
2024-10-31,LT,LT,3530,0.043436968905506745,-0.04250709598530312,2.4121439288773865
2024-11-01,LT,LT,3624.94995117188,0.02654261069284658,-0.026193451620258764,1.4572795288924756
2024-11-04,LT,LT,3624.94995117188,0,0,-0.04290140217523293
2024-11-05,LT,LT,3556,-0.019204163986394462,0.019389750048335208,-1.1283153783237738
2024-11-06,LT,LT,3594,0.01062947070970921,-0.010573177518085699,0.5578733087444445
2024-11-07,LT,LT,3647.35009765625,0.014735114924821602,-0.014627084383956514,0.789923171229126
2024-11-08,LT,LT,3640.39990234375,-0.0019073643908189553,0.0019091845673397992,-0.15070510395928605
2024-11-11,LT,LT,3646,0.0015371373611010597,-0.0015359565705567746,0.04397717146017328
2024-11-12,LT,LT,3650,0.0010964913379289953,-0.001095890410958904,0.01907198150118831
2024-11-13,LT,LT,3585,-0.017968693542815828,0.01813110181311018,-1.0584869344754757
2024-11-14,LT,LT,3558,-0.007559884807941231,0.007588532883642495,-0.4701839766432006
2024-11-18,LT,LT,3521.10009765625,-0.01042512071700763,0.010479651620330727,-0.6321263086742767
2024-11-19,LT,LT,3559.89990234375,0.010958958622833137,-0.010899127995693128,0.5764958734199561
2024-11-21,LT,LT,3530,-0.008434556204262478,0.008470227292847025,-0.5196201592741551
2024-11-22,LT,LT,3500,-0.008534902449838455,0.008571428571428572,-0.525291701002166
2024-11-25,LT,LT,3660,0.044700178917906896,-0.04371584699453552,2.4835402053954803
2024-11-26,LT,LT,3754.89990234375,0.025598480282068792,-0.02527361709016929,1.403917542195664
2024-11-27,LT,LT,3704,-0.013648310911410277,0.013741874282869871,-0.8143001167749067
2024-11-28,LT,LT,3700,-0.0010804971337545766,0.001081081081081081,-0.10397079790608069
2024-11-29,LT,LT,3635.10009765625,-0.017696171861924626,0.01785367681775656,-1.043084085309416
2024-12-02,LT,LT,3706.85009765625,0.01954583791940756,-0.01935605651962181,1.0618238890840477
2024-12-03,LT,LT,3721,0.003809963656824067,-0.0038027149539774253,0.1724366778715991
2024-12-04,LT,LT,3775,0.0144079333365017,-0.014304635761589404,0.7714309593863716
2024-12-05,LT,LT,3810,0.009228806437622694,-0.009186351706036745,0.4787081559217015
2024-12-06,LT,LT,3832,0.005757670970004014,-0.005741127348643006,0.2825205503416939
2024-12-09,LT,LT,3867.5,0.009221443356469905,-0.009179056237879768,0.47829199663484095
2024-12-10,LT,LT,3955,0.022372297754532866,-0.022123893805309734,1.2215746082635084
2024-12-11,LT,LT,3923.14990234375,-0.008085723571642944,0.008118501318856632,-0.49990423646433946
2024-12-12,LT,LT,3930,0.0017445482331961415,-0.001743027393447837,0.05569997592782999
2024-12-13,LT,LT,3859,-0.018231343325687988,0.018398548846851517,-1.07333182672714
2024-12-16,LT,LT,3882,0.005942402191337237,-0.00592478104070067,0.2929615072928659
2024-12-17,LT,LT,3863.05004882812,-0.004893445198344892,0.004905437654795228,-0.31947755584496207
2024-12-18,LT,LT,3807.19995117188,-0.014563041548916189,0.014669599278348641,-0.8660004365109273
2024-12-19,LT,LT,3702.14990234375,-0.027980292408789964,0.028375417419382484,-1.6243397016368202
2024-12-20,LT,LT,3716.35009765625,0.0038283245011108136,-0.0038210058092900028,0.173474427654308
2024-12-23,LT,LT,3670,-0.01255036802539955,0.012629454402247957,-0.7522446920070304
2024-12-24,LT,LT,3647.94995117188,-0.006026309473760705,0.006044504207366267,-0.3835067277728192
2024-12-26,LT,LT,3658,0.0027511973759555275,-0.002747416300743575,0.11259550386661084
2024-12-27,LT,LT,3632.39990234375,-0.007022990019912356,0.007047709047600164,-0.4398388334200478
2024-12-30,LT,LT,3607.89990234375,-0.006767701386076297,0.006790654026760666,-0.4254099912527332
2024-12-31,LT,LT,3562.55004882812,-0.012649264272742045,0.012729604607392834,-0.7578342802404949
2025-01-01,LT,LT,3600,0.010457251172120152,-0.010402764214411112,0.5481395086583298
2025-01-02,LT,LT,3676.60009765625,0.02105459316613434,-0.02083449263494304,1.147098313554927
2025-01-03,LT,LT,3708,0.008504209075409719,-0.008468150578141856,0.43775411571552086
2025-01-06,LT,LT,3684.75,-0.006289966968877181,0.00630979035212701,-0.3984085756387831
2025-01-07,LT,LT,3607.10009765625,-0.02129852825403411,0.021526960783318384,-1.2466882608326708
2025-01-08,LT,LT,3662,0.015105293771622286,-0.014991781087861825,0.8108455760928782
2025-01-09,LT,LT,3599.89990234375,-0.01710340608133265,0.01725050677542982,-1.009581129216439
2025-01-10,LT,LT,3499.94995117188,-0.02815737144303654,0.02855753726946981,-1.6343481591146063
2025-01-13,LT,LT,3505.55004882812,0.0015987720645469494,-0.0015974947093144677,0.04746074765672156
2025-01-14,LT,LT,3465.85009765625,-0.011389499812247905,0.01145460711030657,-0.6866327453524419
2025-01-15,LT,LT,3471.30004882812,0.0015712366542501854,-0.0015700029081928118,0.04590445396977632
2025-01-16,LT,LT,3535,0.018184121714037715,-0.018019788167434228,0.9848600700963992
2025-01-17,LT,LT,3524,-0.0031165912746029534,0.0031214528944381384,-0.21905026914978143
2025-01-20,LT,LT,3574.89990234375,0.014340468335642953,-0.014238133579734464,0.7676178564111308
2025-01-21,LT,LT,3612.75,0.010532078786726018,-0.01047681064459207,0.5523687445028325
2025-01-22,LT,LT,3563,-0.013866368572603704,0.013962952568060624,-0.8266246747839475
2025-01-23,LT,LT,3492,-0.020128248646342328,0.020332187857961054,-1.1805443847915444
2025-01-24,LT,LT,3514.5,0.006422629656466228,-0.006402048655569782,0.32010382927846
2025-01-27,LT,LT,3447.19995117188,-0.01933497447890531,0.019523105645566415,-1.1357087507663426
2025-01-28,LT,LT,3464.94995117188,0.005135895276392688,-0.005122729115898709,0.24737796208044616
2025-01-29,LT,LT,3431,-0.009846424554996958,0.009895060090900612,-0.5994185634876575
2025-01-30,LT,LT,3455,0.006970693343319567,-0.006946454413892909,0.3510802355386648
2025-01-31,LT,LT,3501.05004882812,0.013240480231440088,-0.013153210661336871,0.7054468364830943
2025-02-01,LT,LT,3578,0.021741047635455146,-0.021506414525399666,1.1858965281253182
2025-02-03,LT,LT,3420,-0.04516343401201439,0.046198830409356725,-2.595526058069298
2025-02-04,LT,LT,3316,-0.030881313801465637,0.031363088057901084,-1.7883046191904253
2025-02-05,LT,LT,3444.64990234375,0.038063037164484115,-0.03734774389008771,2.1084108102315624
2025-02-06,LT,LT,3404,-0.011871063726404785,0.011941804448810224,-0.7138506030630452
2025-02-07,LT,LT,3367,-0.010929070532190721,0.01098901098901099,-0.6606094112485327
2025-02-10,LT,LT,3347.80004882812,-0.005718711907418239,0.005735094955447189,-0.3661213993735955
2025-02-11,LT,LT,3360.94995117188,0.003920229307878387,-0.0039125552402751364,0.17866886162239745
2025-02-12,LT,LT,3259,-0.03080325772397252,0.0312825870426143,-1.7838929115267204
2025-02-13,LT,LT,3289.64990234375,0.009360746598153113,-0.009317071194084548,0.486165376884699
2025-02-14,LT,LT,3275.05004882812,-0.004447995398209059,0.004457902413080413,-0.2943008577559043
2025-02-17,LT,LT,3213.55004882812,-0.0189568907938078,0.019137713452580925,-1.1143395666533729
2025-02-18,LT,LT,3227,0.004176652808263626,-0.004167942724474745,0.19316184612973367
2025-02-19,LT,LT,3220.14990234375,-0.002125001074185562,0.0021272604891046324,-0.16300586841943124
2025-02-20,LT,LT,3260.05004882812,0.012314635666394125,-0.012239120837642593,0.6531183606715957
2025-02-21,LT,LT,3275.80004882812,0.004819581309817522,-0.00480798576385466,0.22949998517838385
2025-02-24,LT,LT,3289.69995117188,0.004234231394725896,-0.004225279675980322,0.19641617172898784
2025-02-25,LT,LT,3233,-0.017385861623280263,0.017537875401138263,-1.0255454374304558
2025-02-27,LT,LT,3238,0.001545356512147933,-0.0015441630636195182,0.04444171557804324
2025-02-28,LT,LT,3199.80004882812,-0.011867532143227777,0.011938230698468229,-0.7136509989698531
2025-03-03,LT,LT,3165.94995117188,-0.010635169999483551,0.010691924439206735,-0.6439982353585838
2025-03-04,LT,LT,3171.05004882812,0.0016096256138204978,-0.0016083308612945943,0.04807418722535438
2025-03-05,LT,LT,3213,0.013142301407167878,-0.013056318447519453,0.6998977968007801
2025-03-06,LT,LT,3250.10009765625,0.0114807150124836,-0.011415063087750452,0.6059853986017292
2025-03-07,LT,LT,3259.89990234375,0.0030106949584798315,-0.00300616736129054,0.12726223463647823
2025-03-10,LT,LT,3246,-0.004273021012284772,0.004282163383780037,-0.28441135441243826
2025-03-11,LT,LT,3170.30004882812,-0.023597233055319577,0.02387785067847505,-1.37661041313898
2025-03-12,LT,LT,3205,0.010885854335553447,-0.010826817838340094,0.5723640395539161
2025-03-13,LT,LT,3202.25,-8.584026435247694e-4,8.587711765165118e-4,-0.09141807944923386
2025-03-17,LT,LT,3190,-0.003832770932355345,0.0038401253918495296,-0.2595285430547693
2025-03-18,LT,LT,3173.44995117188,-0.005201608017959103,0.005215159867893444,-0.33689483220108274
2025-03-19,LT,LT,3275,0.03149856030842102,-0.031007648497135876,1.7373884147384593
2025-03-20,LT,LT,3335.25,0.018229769989563493,-0.018064612847612623,0.9874400978590322
2025-03-21,LT,LT,3357,0.006500078921119368,-0.006478999106344951,0.3244812400501767
2025-03-24,LT,LT,3449,0.027036615956806287,-0.026674398376340967,1.4852005682135463
2025-03-25,LT,LT,3505,0.016106186531848365,-0.015977175463623396,0.8674157549012562
2025-03-26,LT,LT,3473,-0.009171746724614849,0.009213936078318457,-0.561285961255573
2025-03-27,LT,LT,3460,-0.003750184692304259,0.0037572254335260114,-0.25486079187056626
2025-03-28,LT,LT,3509.89990234375,0.014318930150714948,-0.014216901829715753,0.7664005242243679
2025-04-01,LT,LT,3480,-0.00855522543396603,0.008591925960847702,-0.5264403503797814
2025-04-02,LT,LT,3433,-0.013597779310828173,0.013690649577628895,-0.8114440848461919
2025-04-03,LT,LT,3400,-0.00965908285343886,0.009705882352941177,-0.5888300629244152
2025-04-04,LT,LT,3400,0,0,-0.04290140217523293
2025-04-07,LT,LT,3049.05004882812,-0.10894534891696495,0.11510140717656145,-6.20046204551451
2025-04-08,LT,LT,3124.94995117188,0.02458818472996427,-0.024288357743232646,1.3468159202207528
2025-04-09,LT,LT,3158.80004882812,0.0107739566639804,-0.010716125469479466,0.5660396144599367
2025-04-11,LT,LT,3114,-0.014284150687288388,0.01438665665642903,-0.8502376030314565
2025-04-15,LT,LT,3180,0.020973123380278125,-0.020754716981132074,1.142493664049519
2025-04-16,LT,LT,3270,0.02790878811707742,-0.027522935779816515,1.5344954947219993
2025-04-17,LT,LT,3214.10009765625,-0.017242573817378926,0.017392085076787963,-1.0174468507256704
2025-04-21,LT,LT,3249.5,0.010953727260483603,-0.010893953637098015,0.5762001982834928
2025-04-22,LT,LT,3280,0.009342284043786009,-0.009298780487804878,0.4851218784767672
2025-04-23,LT,LT,3275.39990234375,-0.0014034531774846926,0.0014044384787818879,-0.12222418315076124
2025-04-24,LT,LT,3307,0.009601464781088254,-0.009555517888191714,0.4997707012432536
2025-04-25,LT,LT,3310,9.067553893142843e-4,-9.063444108761329e-4,0.00834815876419258
2025-04-28,LT,LT,3260,-0.01522099401035426,0.015337423312883436,-0.903187725569365
2025-04-29,LT,LT,3335,0.02274548398897025,-0.022488755622188907,1.2426669898351286
2025-04-30,LT,LT,3324,-0.0033038023743845457,0.003309265944645006,-0.22963138813719508
2025-05-02,LT,LT,3325,3.0079711461539205e-4,-3.007518796992481e-4,-0.02590043340510361
2025-05-05,LT,LT,3350,0.007490671729156517,-0.007462686567164179,0.38046926844229056
2025-05-06,LT,LT,3346,-0.0011947432723413698,0.001195457262402869,-0.11042795769876916
2025-05-07,LT,LT,3332,-0.004192878260036892,0.004201680672268907,-0.2798817084753014
2025-05-08,LT,LT,3310.10009765625,-0.006594294389111965,0.006616084619089449,-0.4156090762948611
2025-05-09,LT,LT,3331,0.00629412929605877,-0.006274362757054938,0.3128410248561486
2025-05-12,LT,LT,3513,0.05319781407214741,-0.05180757187588955,2.9638241671007868
2025-05-13,LT,LT,3587.19995117188,0.0209015670002497,-0.020684643226436285,1.13844931746815
2025-05-14,LT,LT,3587,-5.5741733794079096e-5,5.5743287393365546e-5,-0.04605190937552841
2025-05-15,LT,LT,3594,0.0019495898112218413,-0.0019476905954368391,0.06728886855752418
2025-05-16,LT,LT,3642,0.0132671929440491,-0.013179571663920923,0.7069566315268632
2025-05-19,LT,LT,3604.69995117188,-0.01029444533009638,0.010347615428017478,-0.6247405723624774
2025-05-20,LT,LT,3630,0.00699411230143987,-0.006969710420969696,0.3524038685000756
2025-05-21,LT,LT,3565.69995117188,-0.017872273942966643,0.01803293875217615,-1.0530373256653305
2025-05-22,LT,LT,3585,0.005398099717790927,-0.005383556158471408,0.2621976837565863
2025-05-23,LT,LT,3570,-0.004192878260036892,0.004201680672268907,-0.2798817084753014
2025-05-26,LT,LT,3615.80004882812,0.012747548978328638,-0.012666643124517846,0.6775864999546458
2025-05-27,LT,LT,3648.69995117188,0.009057781617030969,-0.009016883488375989,0.4690418809061024
2025-05-28,LT,LT,3660,0.0030922210263675254,-0.0030874450350054637,0.13187006518665095
2025-05-29,LT,LT,3663.89990234375,0.0010649797961068685,-0.0010644129063829724,0.01729095797271738
2025-05-30,LT,LT,3655.30004882812,-0.002349944674429949,0.0023527079585127612,-0.17571961777722075
2025-06-02,LT,LT,3675.10009765625,0.005402187216398957,-0.005387621643491354,0.2624287080343811
2025-06-03,LT,LT,3655,-0.005484276549609035,0.005499342724008208,-0.3528711785334242
2025-06-04,LT,LT,3645,-0.0027397277411207455,0.0027434842249657062,-0.19775004766486531
2025-06-05,LT,LT,3629.89990234375,-0.004151292675976137,0.004159921227166673,-0.2775313028978573
2025-06-06,LT,LT,3645,0.004151292675976137,-0.004142687971536351,0.19172849854738397
2025-06-09,LT,LT,3664,0.005199081351262791,-0.005185589519650655,0.2509492213557722
2025-06-10,LT,LT,3704,0.010857869972049627,-0.01079913606911447,0.5707823711572322
2025-06-11,LT,LT,3689.89990234375,-0.003813985835545708,0.003821268335028249,-0.25846681463817367
2025-06-12,LT,LT,3684.80004882812,-0.0013830676128776531,0.0013840244919807556,-0.12107199674210142
2025-06-13,LT,LT,3501.19995117188,-0.051110510405473875,0.05243919233884016,-2.9316531521338365
2025-06-16,LT,LT,3575.5,0.020999273576277844,-0.020780324102396868,1.1439716658118542
2025-06-17,LT,LT,3622,0.012921332954908493,-0.012838210933186085,0.6874087216949116
2025-06-18,LT,LT,3622,0,0,-0.04290140217523293
2025-06-19,LT,LT,3607,-0.004149957539819837,0.004158580537843083,-0.2774558413757438
2025-06-20,LT,LT,3614,0.0019387902486336372,-0.001936912008854455,0.06667848030128241
2025-06-23,LT,LT,3645,0.00854117329058468,-0.00850480109739369,0.43984332281646543
2025-06-24,LT,LT,3637.10009765625,-0.00216967779538102,0.002172033249467262,-0.1655309842031306
2025-06-25,LT,LT,3640,7.969939834087114e-4,-7.966764680631868e-4,0.00214447480812184
2025-06-26,LT,LT,3620.10009765625,-0.005482004907001681,0.00549705859145545,-0.3527427859288367
2025-06-27,LT,LT,3665,0.012326658596968798,-0.012250996546725785,0.6537978933442119
2025-06-30,LT,LT,3682,0.004627747472270016,-0.004617055947854427,0.21865759034577123
2025-07-01,LT,LT,3669.80004882812,-0.003318904836779879,0.003324418499524469,-0.230484975086837
2025-07-02,LT,LT,3666.60009765625,-8.723491933118055e-4,8.72729800535231e-4,-0.09220633454163128
2025-07-03,LT,LT,3605,-0.016943058043882075,0.01708740572988904,-1.0005183029971003
2025-07-04,LT,LT,3590,-0.00416956823672443,0.004178272980501393,-0.27856423247873774
2025-07-07,LT,LT,3599.89990234375,0.002753837670798731,-0.0027500493381231437,0.1127447325926108
2025-07-08,LT,LT,3580,-0.005543239758377894,0.005558631939594972,-0.3562037625981353
2025-07-09,LT,LT,3605,0.006958970324303593,-0.006934812760055479,0.35041765378333545
2025-07-10,LT,LT,3575,-0.008356594590940958,0.008391608391608392,-0.5152137906989636
2025-07-11,LT,LT,3575,0,0,-0.04290140217523293
2025-07-14,LT,LT,3540.60009765625,-0.009668944255093237,0.00971583951729581,-0.5893874265872103
2025-07-15,LT,LT,3519,-0.006119373551429774,0.006138135168016482,-0.38876668340802417
2025-07-16,LT,LT,3504,-0.004271685265303304,0.004280821917808219,-0.284335858366752
2025-07-17,LT,LT,3515,0.003134352188483902,-0.0031294452347083927,0.13425130668321433
2025-07-18,LT,LT,3489,-0.007424363057991101,0.007451991974777874,-0.4625243252482714
2025-07-21,LT,LT,3467.60009765625,-0.006152422029799709,0.006171387051873193,-0.3906345741602049
2025-07-22,LT,LT,3502,0.009871493688821786,-0.009822930423686465,0.5150326595678917
2025-07-23,LT,LT,3476.19995117188,-0.0073945047628232174,0.007421911624911682,-0.46083674275831565
2025-07-24,LT,LT,3484.89990234375,0.0024995922726827047,-0.0024964708931866004,0.09837485381627124
2025-07-25,LT,LT,3470,-0.004284727414750833,0.0042939199837896255,-0.2850729970050644
2025-07-28,LT,LT,3430.10009765625,-0.011565150216574338,0.011632285125152228,-0.6965604570666915
2025-07-29,LT,LT,3418,-0.003533859048793886,0.0035401104904183734,-0.24263412701648293
2025-07-30,LT,LT,3622,0.05797077476782242,-0.05632247377139702,3.233590570385193
2025-07-31,LT,LT,3625,8.279288454158262e-4,-8.275862068965517e-4,0.00389290455471276
2025-08-01,LT,LT,3636,0.0030298880085943836,-0.003025302530253025,0.12834702045972624
2025-08-04,LT,LT,3595.19995117188,-0.011284567447781058,0.011348478355097035,-0.6807019974674507
2025-08-05,LT,LT,3630,0.009633039409308708,-0.009586790310776859,0.5015552903972507
2025-08-06,LT,LT,3650,0.005494519317640112,-0.005479452054794521,0.26764729256674086
2025-08-07,LT,LT,3610.30004882812,-0.010936282684685494,0.01099630242222287,-0.6610170400899739
2025-08-08,LT,LT,3641.60009765625,0.008632287416958206,-0.008595136200780215,0.4449930677499085
2025-08-11,LT,LT,3610,-0.008715399981882754,0.008753489655470913,-0.5354933710191978
2025-08-12,LT,LT,3680,0.019204979836048963,-0.019021739130434784,1.0425586855676392
2025-08-13,LT,LT,3696,0.004338401598598551,-0.004329004329004329,0.2023038425102363
2025-08-14,LT,LT,3700,0.0010816658707408777,-0.001081081081081081,0.01823405024315636
2025-08-18,LT,LT,3699,-2.703067998623965e-4,2.703433360367667e-4,-0.05817906688512998
2025-08-19,LT,LT,3648.89990234375,-0.013636787303155984,0.013730192385948943,-0.8136488056601232
2025-08-20,LT,LT,3613.5,-0.009748893806261094,0.009796569072575066,-0.5939061528533344
2025-08-21,LT,LT,3599,-0.0040208026440051725,0.0040288969158099475,-0.27015604279536526
2025-08-22,LT,LT,3610,0.0030517432478962547,-0.0030470914127423824,0.1295822724710557
2025-08-25,LT,LT,3616,0.0016606701851404893,-0.00165929203539823,0.05095921211663647
2025-08-26,LT,LT,3599,-0.004712413433036744,0.004723534315087524,-0.30924569111338784
2025-08-28,LT,LT,3540,-0.01652930195121094,0.016666666666666666,-0.977132924387528
2025-08-29,LT,LT,3575.60009765625,0.010006294397726379,-0.009956397998642327,0.5226515579247001
2025-09-01,LT,LT,3601,0.007078563123329218,-0.007053569104068315,0.35717700532815205
2025-09-02,LT,LT,3598.39990234375,-7.223095826223158e-4,7.225705110086501e-4,-0.08372613771902385
2025-09-03,LT,LT,3594,-0.0012234867227487456,0.0012242354879660544,-0.11205252947473464
2025-09-04,LT,LT,3622.89990234375,0.00800899478010031,-0.007977008231735546,0.4097647422807796
2025-09-05,LT,LT,3592.80004882812,-0.008342926759528524,0.0083778259592954,-0.5144412886911095
2025-09-08,LT,LT,3570,-0.0063662605903918035,0.0063865682991932765,-0.4027206697835484
2025-09-09,LT,LT,3547.19995117188,-0.0064070496768948715,0.006427618725182831,-0.40502605754199855
2025-09-10,LT,LT,3559,0.0033210604134037425,-0.0033155517921101426,0.14480400332406088
2025-09-11,LT,LT,3548,-0.00309554208072349,0.0031003382187147687,-0.21786057460016664
2025-09-12,LT,LT,3556.39990234375,0.002364705358214536,-0.0023619116450358324,0.09075108314503452
2025-09-15,LT,LT,3581,0.006893321210748482,-0.0068696167708042445,0.34670718425050556
2025-09-16,LT,LT,3603.89990234375,0.006374474299624566,-0.0063542004396008175,0.3173821019812217
2025-09-17,LT,LT,3672,0.01871990744232299,-0.018545778228826252,1.0151425295731185
2025-09-18,LT,LT,3691,0.005160951289617799,-0.005147656461663506,0.24879412093848116
2025-09-19,LT,LT,3679,-0.0032564479252243927,0.0032617559119325905,-0.22695492791800767
2025-09-22,LT,LT,3693.60009765625,0.003960642527319536,-0.003952809527353651,0.1809530054795613
2025-09-23,LT,LT,3646.89990234375,-0.012724153774316349,0.012805450262697703,-0.7620670139191493
2025-09-24,LT,LT,3657.60009765625,0.0029297564422581246,-0.0029254688940315173,0.1226876123421728
2025-09-25,LT,LT,3684,0.007191897075161435,-0.007166097270290445,0.363582608580683
2025-09-26,LT,LT,3664,-0.0054436715811760905,0.0054585152838427945,-0.35057619707689797
2025-09-29,LT,LT,3738,0.019995262221486954,-0.019796682718031033,1.0872252249111518
2025-09-30,LT,LT,3695,-0.011570154633204766,0.011637347767253045,-0.6968433052947453
2025-10-01,LT,LT,3658.89990234375,-0.009818025298171662,0.009866380228966,-0.59781344543648
2025-10-03,LT,LT,3690,0.008463928950440902,-0.00842821074695122,0.43547749432063976
2025-10-06,LT,LT,3720,0.00809721023262,-0.008064516129032258,0.4147506549788732
2025-10-07,LT,LT,3748,0.007498696091120749,-0.007470651013874066,0.3809228031356221
2025-10-08,LT,LT,3730,-0.004814130720451004,0.00482573726541555,-0.31499472374269943
2025-10-09,LT,LT,3735.5,0.0014734447779947146,-0.0014723597911926113,0.04037728448104233
2025-10-10,LT,LT,3765,0.007866182818137446,-0.007835325365205844,0.401693050142285
2025-10-13,LT,LT,3780,0.003976148379639,-0.003968253968253968,0.18182939191498135
2025-10-14,LT,LT,3775,-0.0013236269305085813,0.0013245033112582781,-0.11771242600309324
2025-10-15,LT,LT,3747,-0.007444862889437687,0.007472644782492661,-0.4636829699868007
2025-10-16,LT,LT,3830.30004882812,0.021987622043031507,-0.021747656258314707,1.1998328446623927
2025-10-17,LT,LT,3860,0.0077240416221577846,-0.007694287868362695,0.3936592695094962
2025-10-20,LT,LT,3862,5.180005295830625e-4,-5.178663904712584e-4,-0.01362415715377758
2025-10-21,LT,LT,3892,0.007737980317436666,-0.007708119218910586,0.3944470806672329
2025-10-23,LT,LT,3890,-5.140066934039567e-4,5.141388174807198e-4,-0.07195291669310454
2025-10-24,LT,LT,3929.30004882812,0.010052147764415764,-0.01000179379017922,0.5252431773824385
2025-10-27,LT,LT,3912,-0.004412553222199023,0.004422302870173824,-0.2922976758827087
2025-10-28,LT,LT,3922.10009765625,0.002578497370812727,-0.0025751759018811295,0.10283454788885228
2025-10-29,LT,LT,3988,0.016662602556207773,-0.016524549233638414,0.8988642329406438
2025-10-30,LT,LT,3980,-0.0020080328032463512,0.0020100502512562816,-0.15639485446774756
2025-10-31,LT,LT,4001.10009765625,0.00528752842532576,-0.00527357405244871,0.25594822523875066
2025-11-03,LT,LT,4030,0.007197028236920033,-0.007171191648573201,0.36387262040774426
2025-11-04,LT,LT,3985,-0.011229063716413634,0.011292346298619825,-0.6775649420977605
2025-11-06,LT,LT,3945,-0.010088357944340487,0.010139416983523447,-0.613092570972516
2025-11-07,LT,LT,3877.10009765625,-0.01736147761469553,0.017513064051350193,-1.0241672600866567
2025-11-10,LT,LT,3895,0.004606202639569901,-0.004595610357830552,0.2174398824286252
2025-11-11,LT,LT,3929,0.008691261253611415,-0.008653601425299058,0.44832625249962765
2025-11-12,LT,LT,3970,0.010381154122775627,-0.010327455919395465,0.5438385247175358
2025-11-13,LT,LT,3954.60009765625,-0.003886611700163911,0.0038941743699639746,-0.2625716081893676
2025-11-14,LT,LT,4002,0.011914753162606928,-0.011844053559157922,0.6305171134245955
2025-11-17,LT,LT,4004.39990234375,5.994960144128925e-4,-5.993163525814073e-4,-0.0090180551495368
2025-11-18,LT,LT,4020,0.003888170454974471,-0.0038806213075248757,0.1768569042247601
2025-11-19,LT,LT,4007,-0.003239070976920999,0.0032443224357374596,-0.2259727876611778
2025-11-20,LT,LT,4035,0.006963470067903543,-0.006939281288723668,0.3506719780328667
2025-11-21,LT,LT,4026,-0.002232974504311258,0.0022354694485842027,-0.16910849648463175
2025-11-24,LT,LT,4025,-2.484163470732881e-4,2.484472049689441e-4,-0.05694182461736288
2025-11-25,LT,LT,4013,-0.0029858195857475067,0.00299028158484924,-0.21165908987900317
2025-11-26,LT,LT,3999,-0.0034947614200984134,0.003500875218804701,-0.24042433998012736
2025-11-27,LT,LT,4071,0.017844339656161168,-0.017686072218128224,0.965655683239203
2025-11-28,LT,LT,4085,0.0034330587911242105,-0.003427172582619339,0.1511341203013515
2025-12-01,LT,LT,4087,4.894762701734834e-4,-4.893564962074871e-4,-0.0152363403159163
2025-12-02,LT,LT,4066.5,-0.005028525957447627,0.005041190212713636,-0.3271122825606597
2025-12-03,LT,LT,4032,-0.008520147855625382,0.00855654761904762,-0.5244577754648934
2025-12-04,LT,LT,3990,-0.010471299867294448,0.010526315789473684,-0.6347363413299555
2025-12-05,LT,LT,3999,0.002253098962908595,-0.002250562640660165,0.08444312090424892
2025-12-08,LT,LT,4047,0.011931536029047507,-0.011860637509266123,0.6314656763408176
2025-12-09,LT,LT,3990,-0.014184634991956102,0.014285714285714285,-0.8446130037707672
2025-12-10,LT,LT,4000,0.002503130218117988,-0.0025,0.09857481750246182
2025-12-11,LT,LT,3993.19995117188,-0.001701458867575667,0.0017029071700064493,-0.1390673813876623
2025-12-12,LT,LT,4061,0.016836346451846396,-0.01669540724652056,0.9086841893172596
2025-12-15,LT,LT,4072.80004882812,0.0029014868906607205,-0.002897281645710858,0.12108982519437424
2025-12-16,LT,LT,4083.69995117188,0.0026726926579261345,-0.002669124194746999,0.10815843916529908
2025-12-17,LT,LT,4079,-0.0011515679173275117,0.0011522312262515328,-0.10798769871156248
2025-12-18,LT,LT,4067,-0.0029462334103325105,0.0029505778214900416,-0.2094216903188844
2025-12-19,LT,LT,4040.10009765625,-0.006636158611378562,0.006658226700708534,-0.41797523042579937
2025-12-22,LT,LT,4081,0.010072588109959923,-0.010022029488789512,0.5263984599944173
2025-12-23,LT,LT,4089,0.00195838495883649,-0.0019564685742235266,0.0677859678402707
2025-12-24,LT,LT,4065,-0.005886698382731481,0.005904059040590406,-0.3756159479640816
2025-12-26,LT,LT,4052,-0.003203156613338365,0.0032082922013820336,-0.22394291787837897
2025-12-29,LT,LT,4053,2.467612597349955e-4,-2.467308166790032e-4,-0.02895452480646717
2025-12-30,LT,LT,4039,-0.0034602110648958018,0.0034662045060658577,-0.23847156356953256
