date,ticker,company,adj_close,log_ret,simple_ret,z_ret
2020-01-01,HDFCBANK,HDFCBANK,638.049987792969,NA,NA,NA
2020-01-02,HDFCBANK,HDFCBANK,639.5,0.0022699899706904,0.00227256834851866,0.11444621032855594
2020-01-03,HDFCBANK,HDFCBANK,641.099975585938,0.00249879189279424,0.00250191647527436,0.1277111665346944
2020-01-06,HDFCBANK,HDFCBANK,630,-0.01746559352611319,-0.01731395415479941,-1.0297384555190892
2020-01-07,HDFCBANK,HDFCBANK,629.450012207031,-8.733777801400607e-4,-8.729964967761545e-4,-0.06779279872849704
2020-01-08,HDFCBANK,HDFCBANK,623.474975585938,-0.00953781267822252,-0.00949247200765456,-0.5701196516551814
2020-01-09,HDFCBANK,HDFCBANK,632.5,0.0143715916744594,0.01447535950513552,0.8160452840975592
2020-01-10,HDFCBANK,HDFCBANK,642.049987792969,0.01498594266302129,0.01509879492959522,0.8516627250855442
2020-01-13,HDFCBANK,HDFCBANK,641.349975585938,-0.00109087158551251,-0.00109027680140186,-0.08040215872357011
2020-01-14,HDFCBANK,HDFCBANK,644.5,0.00489953070005815,0.00491155302716614,0.26689572778273735
2020-01-15,HDFCBANK,HDFCBANK,643.200012207031,-0.00201908553589264,-0.00201704855386963,-0.13421603095201548
2020-01-16,HDFCBANK,HDFCBANK,641.025024414062,-0.00338724103718396,-0.00338151080797694,-0.21353583141933744
2020-01-17,HDFCBANK,HDFCBANK,640.875,-2.340657023008404e-4,-2.3403831106153333e-4,-0.03072822061387959
2020-01-20,HDFCBANK,HDFCBANK,652.424987792969,0.01786174124760519,0.01802221617783339,1.0183892190389752
2020-01-21,HDFCBANK,HDFCBANK,625,-0.0429445216150684,-0.04203546508195915,-2.5068976601779727
2020-01-22,HDFCBANK,HDFCBANK,624.025024414062,-0.00156117894342327,-0.00155996093750072,-0.1076685664912434
2020-01-23,HDFCBANK,HDFCBANK,620,-0.00647099275384097,-0.00645010096805236,-0.39231855796257625
2020-01-24,HDFCBANK,HDFCBANK,623,0.00482704074831594,0.00483870967741935,0.26269307062669706
2020-01-27,HDFCBANK,HDFCBANK,617.5,-0.00886745028532087,-0.00882825040128411,-0.531254909163872
2020-01-28,HDFCBANK,HDFCBANK,609.400024414062,-0.01320416188806617,-0.01311736936994,-0.7826788874246813
2020-01-29,HDFCBANK,HDFCBANK,612.650024414062,0.00531894363132266,0.00533311432523304,0.29121149451386974
2020-01-30,HDFCBANK,HDFCBANK,619.474975585938,0.01107845547352525,0.01114004880421458,0.6251233412896917
2020-01-31,HDFCBANK,HDFCBANK,615.724975585938,-0.00607191008664458,-0.00605351329398417,-0.36918145293167376
2020-02-03,HDFCBANK,HDFCBANK,598.5,-0.02837387063424158,-0.02797511270278792,-1.662153676480701
2020-02-04,HDFCBANK,HDFCBANK,599,8.350731174215657e-4,8.35421888053467e-4,0.03125587240201492
2020-02-05,HDFCBANK,HDFCBANK,617.450012207031,0.03033651521845405,0.03080135593828217,1.7416232237326976
2020-02-06,HDFCBANK,HDFCBANK,622.325012207031,0.00786437059927081,0.00789537598772516,0.43878445607505384
2020-02-07,HDFCBANK,HDFCBANK,623,0.00108403485427912,0.00108462263243314,0.04568960838663134
2020-02-10,HDFCBANK,HDFCBANK,621.474975585938,-0.00245087319127119,-0.00244787225371114,-0.15924923122534212
2020-02-11,HDFCBANK,HDFCBANK,621.650024414062,2.8162707576653075e-4,2.81666736394416e-4,-8.305604282243849e-4
2020-02-12,HDFCBANK,HDFCBANK,622.599975585938,0.00152694612248115,0.00152811249830045,0.07136770812409128
2020-02-13,HDFCBANK,HDFCBANK,629.950012207031,0.01173625173998654,0.01180539175925254,0.6632595535510998
2020-02-14,HDFCBANK,HDFCBANK,621.599975585938,-0.01334371075714088,-0.01325507811618052,-0.7907693336056888
2020-02-17,HDFCBANK,HDFCBANK,612.5,-0.01474781735839328,-0.01463960093846538,-0.8721734249835115
2020-02-18,HDFCBANK,HDFCBANK,608.450012207031,-0.00663418257356846,-0.00661222496811261,-0.401779605282757
2020-02-19,HDFCBANK,HDFCBANK,611.25,0.00459128094376821,0.00460183702324629,0.24902472617514132
2020-02-20,HDFCBANK,HDFCBANK,615,0.00611622701743605,0.00613496932515337,0.3374345729890401
2020-02-24,HDFCBANK,HDFCBANK,604.474975585938,-0.01726199548871386,-0.01711386083587324,-1.0179347126793232
2020-02-25,HDFCBANK,HDFCBANK,602,-0.004102827008983,-0.0040944219130641,-0.25502244346507436
2020-02-26,HDFCBANK,HDFCBANK,598.75,-0.00541329658369604,-0.00539867109634551,-0.33099786079638316
2020-02-27,HDFCBANK,HDFCBANK,597.5,-0.00208986491945924,-0.00208768267223382,-0.1383195166862056
2020-02-28,HDFCBANK,HDFCBANK,587.75,-0.01645259638548682,-0.01631799163179916,-0.971009216779331
2020-03-02,HDFCBANK,HDFCBANK,600.099975585938,0.02079457989196454,0.02101229363834616,1.1884226515354028
2020-03-03,HDFCBANK,HDFCBANK,587.5,-0.02122002129382948,-0.02099646075411906,-1.2474041091112078
2020-03-04,HDFCBANK,HDFCBANK,589.174987792969,0.00284698653699019,0.00285104305186208,0.14789800178503298
2020-03-05,HDFCBANK,HDFCBANK,576.5,-0.02174789284619056,-0.02151311249727196,-1.2780078425071093
2020-03-06,HDFCBANK,HDFCBANK,562.5,-0.02458420563053853,-0.02428447528187337,-1.4424451187560834
2020-03-09,HDFCBANK,HDFCBANK,555,-0.01342302033214066,-0.01333333333333333,-0.795367363331252
2020-03-11,HDFCBANK,HDFCBANK,552.5,-0.00451468035452658,-0.0045045045045045,-0.278899937769985
2020-03-12,HDFCBANK,HDFCBANK,537.5,-0.02752467339009003,-0.02714932126696832,-1.6129208546998983
2020-03-13,HDFCBANK,HDFCBANK,490.024993896484,-0.0924723622459988,-0.08832559275072749,-5.378309888330979
2020-03-16,HDFCBANK,HDFCBANK,517.5,0.05455312738370509,0.05606858108409062,3.145598753655461
2020-03-17,HDFCBANK,HDFCBANK,504,-0.02643325706815548,-0.02608695652173913,-1.5496452074500666
2020-03-18,HDFCBANK,HDFCBANK,492.5,-0.02308180745922507,-0.02281746031746031,-1.3553425028190975
2020-03-19,HDFCBANK,HDFCBANK,423.5,-0.15094094652003442,-0.1401015228426396,-8.768068167887668
2020-03-20,HDFCBANK,HDFCBANK,437.5,0.03252319170555993,0.03305785123966942,1.8683973678121653
2020-03-23,HDFCBANK,HDFCBANK,397.299987792969,-0.09638507370208742,-0.09188574218749948,-5.605152152744802
2020-03-24,HDFCBANK,HDFCBANK,397.625,8.177179737264133e-4,8.180523962169988e-4,0.03024969544794656
2020-03-25,HDFCBANK,HDFCBANK,385.225006103516,-0.0316817550573624,-0.0311851465488437,-1.8539306580908024
2020-03-26,HDFCBANK,HDFCBANK,435.049987792969,0.12163334394117212,0.1293399465248219,7.0346226165285275
2020-03-27,HDFCBANK,HDFCBANK,472.475006103516,0.08252390944616084,0.08602463937628431,4.767224986941728
2020-03-30,HDFCBANK,HDFCBANK,440,-0.07121012148697202,-0.0687338074691743,-4.145616168280624
2020-03-31,HDFCBANK,HDFCBANK,426.899993896484,-0.03022494744568739,-0.02977274114435459,-1.76947118768099
2020-04-01,HDFCBANK,HDFCBANK,431.924987792969,0.01170215433230307,0.0117708924064859,0.6612827317853331
2020-04-03,HDFCBANK,HDFCBANK,421.5,-0.02443215635701234,-0.02413610716582551,-1.43362995262481
2020-04-07,HDFCBANK,HDFCBANK,437,0.03611341765367999,0.03677342823250296,2.076543302662919
2020-04-08,HDFCBANK,HDFCBANK,439.975006103516,0.00678472589309989,0.00680779428722202,0.37619127672647146
2020-04-09,HDFCBANK,HDFCBANK,456.5,0.03687077904633306,0.03755893781974521,2.120451874817323
2020-04-13,HDFCBANK,HDFCBANK,467,0.02274055763387419,0.02300109529025191,1.30124211252243
2020-04-15,HDFCBANK,HDFCBANK,465.25,-0.0037543621465372,-0.00374732334047109,-0.23481994211710208
2020-04-16,HDFCBANK,HDFCBANK,432.5,-0.07299256915042607,-0.07039226222461042,-4.24895485520267
2020-04-17,HDFCBANK,HDFCBANK,457.5,0.05619455834364207,0.05780346820809248,3.2407618956376405
2020-04-20,HDFCBANK,HDFCBANK,475.5,0.03858999726986895,0.03934426229508197,2.220124789425304
2020-04-21,HDFCBANK,HDFCBANK,462.5,-0.02772032503296516,-0.02733964248159831,-1.6242638995945116
2020-04-22,HDFCBANK,HDFCBANK,459.575012207031,-0.0063443810219803,-0.00632429793074373,-0.3849781516282589
2020-04-23,HDFCBANK,HDFCBANK,467.5,0.01709717279824214,0.01724416598480968,0.974062812581634
2020-04-24,HDFCBANK,HDFCBANK,466.5,-0.00214132844134322,-0.00213903743315508,-0.1413031514289892
2020-04-27,HDFCBANK,HDFCBANK,472.575012207031,0.0129384700397162,0.01302253420585428,0.7329590252578723
2020-04-28,HDFCBANK,HDFCBANK,471.899993896484,-0.00142940452869118,-0.00142838341662323,-0.10002884989953824
2020-04-29,HDFCBANK,HDFCBANK,467.5,-0.00936773706968175,-0.00932399651068688,-0.5602593957697358
2020-04-30,HDFCBANK,HDFCBANK,500.700012207031,0.0686077949870872,0.07101606889204497,3.9604282294589
2020-05-04,HDFCBANK,HDFCBANK,478.75,-0.04482860322097313,-0.04383864923485375,-2.6161286481054864
2020-05-05,HDFCBANK,HDFCBANK,469,-0.02057577204857635,-0.020365535248041772,-1.2100532951602574
2020-05-06,HDFCBANK,HDFCBANK,459.5,-0.02046382665053763,-0.02025586353944563,-1.2035631800912576
2020-05-07,HDFCBANK,HDFCBANK,470.25,0.02312552638539793,0.02339499455930359,1.3235609531280454
2020-05-08,HDFCBANK,HDFCBANK,471,0.00159362583527802,0.00159489633173843,0.07523351249302045
2020-05-11,HDFCBANK,HDFCBANK,468.5,-0.00532199233794086,-0.00530785562632696,-0.3257044313957894
2020-05-12,HDFCBANK,HDFCBANK,450.5,-0.03917802463008427,-0.0384204909284952,-2.28853228502308
2020-05-13,HDFCBANK,HDFCBANK,475.5,0.05400880493705237,0.05549389567147614,3.1140412678158564
2020-05-14,HDFCBANK,HDFCBANK,449,-0.05734399424319069,-0.05573080967402734,-3.3417174556027613
2020-05-15,HDFCBANK,HDFCBANK,445.25,-0.00838696557248322,-0.00835189309576837,-0.5033984619150695
2020-05-18,HDFCBANK,HDFCBANK,444,-0.00281135973754625,-0.00280741156653565,-0.18014869835075592
2020-05-19,HDFCBANK,HDFCBANK,430.424987792969,-0.03105149813010281,-0.03057435181763744,-1.817391058852125
2020-05-20,HDFCBANK,HDFCBANK,418.225006103516,-0.02875348449092014,-0.02834403679026425,-1.6841620632013294
2020-05-21,HDFCBANK,HDFCBANK,430.725006103516,0.02945026977759957,0.02988821762825461,1.6902425060677084
2020-05-22,HDFCBANK,HDFCBANK,425,-0.0133806806643844,-0.01329155731009528,-0.7929126906020855
2020-05-26,HDFCBANK,HDFCBANK,428.5,0.00820156911341771,0.00823529411764706,0.4583337827669138
2020-05-27,HDFCBANK,HDFCBANK,429.950012207031,0.0033782132108163,0.00338392580403972,0.17869625076406798
2020-05-28,HDFCBANK,HDFCBANK,460,0.06755753823448989,0.06989181751319315,3.8995388378825417
2020-05-29,HDFCBANK,HDFCBANK,472,0.02575249610241476,0.02608695652173913,1.4758614142896624
2020-06-01,HDFCBANK,HDFCBANK,487.5,0.03231130485234657,0.03283898305084746,1.8561130749063737
2020-06-02,HDFCBANK,HDFCBANK,493.350006103516,0.01192858323684763,0.01200001252003286,0.6744101105895389
2020-06-03,HDFCBANK,HDFCBANK,510,0.03319185204362186,0.03374884704671602,1.9071634324484033
2020-06-04,HDFCBANK,HDFCBANK,514.025024414062,0.00786122418215781,0.00789220473345499,0.4386020402770291
2020-06-05,HDFCBANK,HDFCBANK,501.549987792969,-0.02456867090964767,-0.02426931769579386,-1.441544482125075
2020-06-08,HDFCBANK,HDFCBANK,530,0.05517372755528608,0.05672418083833089,3.18157849552934
2020-06-09,HDFCBANK,HDFCBANK,510,-0.03846628082779605,-0.03773584905660377,-2.2472684255216784
2020-06-10,HDFCBANK,HDFCBANK,495,-0.02985296314968116,-0.02941176470588235,-1.7479051302347837
2020-06-11,HDFCBANK,HDFCBANK,492.5,-0.00506330195654676,-0.00505050505050505,-0.3107066702380636
2020-06-12,HDFCBANK,HDFCBANK,464,-0.05960990838588827,-0.05786802030456853,-3.473085459828316
2020-06-15,HDFCBANK,HDFCBANK,484,0.04220035449037647,0.04310344827586207,2.4294378492902977
2020-06-16,HDFCBANK,HDFCBANK,487.5,0.00720538372127016,0.00723140495867768,0.4005792172522305
2020-06-17,HDFCBANK,HDFCBANK,494.5,0.01425686062486484,0.01435897435897435,0.8093936688735165
2020-06-18,HDFCBANK,HDFCBANK,490,-0.00914175995809451,-0.00910010111223458,-0.5471582099875907
2020-06-19,HDFCBANK,HDFCBANK,508.975006103516,0.03799352031784796,0.03872450225207351,2.1855436085778015
2020-06-22,HDFCBANK,HDFCBANK,519.724975585938,0.02090086713569448,0.02112081998823256,1.1945847310336204
2020-06-23,HDFCBANK,HDFCBANK,519.5,-4.329680189327672e-4,-4.32874301806099e-4,-0.04225972566052202
2020-06-24,HDFCBANK,HDFCBANK,524.25,0.00910185924274726,0.00914340712223291,0.5105287513605562
2020-06-25,HDFCBANK,HDFCBANK,510.950012207031,-0.02569690783295919,-0.02536955229941626,-1.5069548302561673
2020-06-26,HDFCBANK,HDFCBANK,520.5,0.01851812610595337,0.01869064989688156,1.0564436038985971
2020-06-29,HDFCBANK,HDFCBANK,518.5,-0.00384986038544154,-0.00384245917387127,-0.2403565212908319
2020-06-30,HDFCBANK,HDFCBANK,537,0.03505806683928261,0.03567984570877531,2.015358579185203
2020-07-01,HDFCBANK,HDFCBANK,532.924987792969,-0.00761741609532708,-0.00758847710806521,-0.4587832767843269
2020-07-02,HDFCBANK,HDFCBANK,545.150024414062,0.02268035252297038,0.0229395072498313,1.2977516778609488
2020-07-03,HDFCBANK,HDFCBANK,546.5,0.00247327668008519,0.00247633775195907,0.12623190370305465
2020-07-06,HDFCBANK,HDFCBANK,553.974975585938,0.01358520768798168,0.01367790592120394,0.7704541061654915
2020-07-07,HDFCBANK,HDFCBANK,554.700012207031,0.0013079337631597,0.00130878948155771,0.05867030887023584
2020-07-08,HDFCBANK,HDFCBANK,553.5,-0.00216569691904295,-0.00216335348949504,-0.14271593147263972
2020-07-09,HDFCBANK,HDFCBANK,559,0.0098877210064076,0.00993676603432701,0.5560896530487064
2020-07-10,HDFCBANK,HDFCBANK,558.950012207031,-8.942759954641048e-5,-8.942360101784861e-5,-0.02234272244526865
2020-07-13,HDFCBANK,HDFCBANK,554.950012207031,-0.00718200396093227,-0.0071562750024924,-0.4335399447298562
2020-07-14,HDFCBANK,HDFCBANK,531.299987792969,-0.04355123111350151,-0.04261649498845151,-2.5420720802727073
2020-07-15,HDFCBANK,HDFCBANK,535.099975585938,0.00712678921090624,0.00715224521038331,0.3960226439138865
2020-07-16,HDFCBANK,HDFCBANK,526.825012207031,-0.01558515143780778,-0.01546433144543838,-0.9207184712454018
2020-07-17,HDFCBANK,HDFCBANK,529.525024414062,0.00511197613143261,0.00512506457451563,0.27921240465967956
2020-07-20,HDFCBANK,HDFCBANK,567.5,0.06926032496990775,0.0717151670555298,3.998259125133711
2020-07-21,HDFCBANK,HDFCBANK,576.025024414062,0.0149103555599219,0.01502206945209171,0.8472805083491515
2020-07-22,HDFCBANK,HDFCBANK,569.25,-0.0118313999716306,-0.01176168417501247,-0.7030920267220527
2020-07-23,HDFCBANK,HDFCBANK,562.5,-0.01192857086527384,-0.01185770750988142,-0.7087255792588357
2020-07-24,HDFCBANK,HDFCBANK,561.450012207031,-0.0018683893180543,-0.00186664496527818,-0.12547930919865108
2020-07-27,HDFCBANK,HDFCBANK,549.924987792969,-0.02074086166636302,-0.020527249378369,-1.2196244846410624
2020-07-28,HDFCBANK,HDFCBANK,539.5,-0.01913909839596854,-0.01895710874097193,-1.126761105526877
2020-07-29,HDFCBANK,HDFCBANK,540.5,0.00185185238107372,0.00185356811862835,0.09020438244789653
2020-07-30,HDFCBANK,HDFCBANK,537,-0.00649654257039831,-0.0064754856614246,-0.3937998269772403
2020-07-31,HDFCBANK,HDFCBANK,528.849975585938,-0.01529330289923997,-0.01517695421613043,-0.903798342046616
2020-08-03,HDFCBANK,HDFCBANK,512.974975585938,-0.03047772816289807,-0.03001796489148238,-1.7841263318018248
2020-08-04,HDFCBANK,HDFCBANK,504,-0.01765079537535801,-0.01749593257582677,-1.0404756661025445
2020-08-05,HDFCBANK,HDFCBANK,523.974975585938,0.03886765859390918,0.03963288806733721,2.2362224046449017
2020-08-06,HDFCBANK,HDFCBANK,518.5,-0.01050389899569586,-0.010448925695002,-0.626129201639718
2020-08-07,HDFCBANK,HDFCBANK,517.424987792969,-0.00207546416118503,-0.00207331187469821,-0.13748462235452313
2020-08-10,HDFCBANK,HDFCBANK,522,0.00880302437424174,0.00884188493977714,0.49320358465241254
2020-08-11,HDFCBANK,HDFCBANK,524.25,0.0043010818993907,0.0043103448275862,0.23220022758992503
2020-08-12,HDFCBANK,HDFCBANK,532.5,0.01561422780155079,0.01573676680972818,0.8880880084526082
2020-08-13,HDFCBANK,HDFCBANK,533.974975585938,0.00276607807992945,0.00276990720363935,0.14320727572054748
2020-08-14,HDFCBANK,HDFCBANK,532.950012207031,-0.00192134162371823,-0.00191949702845573,-0.12854925725322766
2020-08-17,HDFCBANK,HDFCBANK,523.5,-0.01789060372919986,-0.01773151701019203,-1.054378728114998
2020-08-18,HDFCBANK,HDFCBANK,514,-0.01831376485542643,-0.01814708691499522,-1.078911799148326
2020-08-19,HDFCBANK,HDFCBANK,532.5,0.03535963212841516,0.03599221789883268,2.032842043995517
2020-08-20,HDFCBANK,HDFCBANK,527.474975585938,-0.0094814730061653,-0.0094366655663137,-0.5668533185945347
2020-08-21,HDFCBANK,HDFCBANK,532.700012207031,0.00985701226093353,0.00990575261942789,0.5543092914148819
2020-08-24,HDFCBANK,HDFCBANK,543,0.01915088309558708,0.01933543750129658,1.0931281460538402
2020-08-25,HDFCBANK,HDFCBANK,559.5,0.02993420781804446,0.03038674033149171,1.718299162471462
2020-08-26,HDFCBANK,HDFCBANK,560.5,0.00178571476023475,0.00178731009830205,0.08637000625061535
2020-08-27,HDFCBANK,HDFCBANK,562.900024414062,0.00427279332970014,0.00428193472624807,0.2305601773900444
2020-08-28,HDFCBANK,HDFCBANK,555.974975585938,-0.01237875054318046,-0.01230244897454492,-0.7348250702832795
2020-08-31,HDFCBANK,HDFCBANK,564.75,0.0156598700493785,0.01578312837698155,0.8907341506397766
2020-09-01,HDFCBANK,HDFCBANK,564,-0.00132890385005375,-0.00132802124833997,-0.09420225067976584
2020-09-02,HDFCBANK,HDFCBANK,562.049987792969,-0.00346345930901654,-0.00345746845218266,-0.21795464061757383
2020-09-03,HDFCBANK,HDFCBANK,568.625,0.01163037370112585,0.01169826945971383,0.6571211979998668
2020-09-04,HDFCBANK,HDFCBANK,555,-0.02425305214373367,-0.02396131017806111,-1.4232462568777169
2020-09-07,HDFCBANK,HDFCBANK,558.150024414062,0.00565967345534668,0.00567571966497665,0.31096555143893606
2020-09-08,HDFCBANK,HDFCBANK,557,-0.00206254727449727,-0.00206042168549454,-0.13673575654667802
2020-09-09,HDFCBANK,HDFCBANK,550.5,-0.01173828376454937,-0.01166965888689407,-0.6976935475586936
2020-09-10,HDFCBANK,HDFCBANK,551.5,0.00181488253082253,0.00181653042688465,0.08806102875567107
2020-09-11,HDFCBANK,HDFCBANK,548.224975585938,-0.00595609660338204,-0.0059383942231406,-0.36246708283621343
2020-09-14,HDFCBANK,HDFCBANK,544,-0.00773649523423242,-0.00770664558181126,-0.4656869756174467
2020-09-15,HDFCBANK,HDFCBANK,534,-0.01855340789574783,-0.01838235294117647,-1.0928052769903804
2020-09-16,HDFCBANK,HDFCBANK,535.099975585938,0.0020577607318302,0.00205987937441564,0.10214206736831942
2020-09-17,HDFCBANK,HDFCBANK,542,0.01281240174762114,0.0128948322348669,0.7256501252353247
2020-09-18,HDFCBANK,HDFCBANK,546,0.00735297430525873,0.007380073800738,0.409135887646626
2020-09-21,HDFCBANK,HDFCBANK,527.5,-0.03447011039468347,-0.03388278388278388,-2.0155875668117393
2020-09-22,HDFCBANK,HDFCBANK,527.025024414062,-9.008332795556578e-4,-9.004276510672128e-4,-0.06938455107924983
2020-09-23,HDFCBANK,HDFCBANK,523,-0.00766656800574304,-0.00763725483156516,-0.46163289418754005
2020-09-24,HDFCBANK,HDFCBANK,519,-0.0076775808990343,-0.00764818355640535,-0.4622713746070582
2020-09-25,HDFCBANK,HDFCBANK,525,0.01149437942573521,0.01156069364161849,0.6492368319475414
2020-09-28,HDFCBANK,HDFCBANK,524.474975585938,-0.0010005468831095,-0.00100004650297532,-0.07516551905423767
2020-09-29,HDFCBANK,HDFCBANK,529,0.00859071614978506,0.00862772224548318,0.48089486244533786
2020-09-30,HDFCBANK,HDFCBANK,530,0.00188857468786815,0.00189035916824196,0.09233338462994715
2020-10-01,HDFCBANK,HDFCBANK,545.049987792969,0.02800050463203241,0.02839620338296033,1.6061913277021445
2020-10-05,HDFCBANK,HDFCBANK,556,0.01989078307238255,0.02008992285527811,1.1360243800490255
2020-10-06,HDFCBANK,HDFCBANK,567.525024414062,0.02051655001659015,0.02072846117637058,1.172303669286794
2020-10-07,HDFCBANK,HDFCBANK,572.450012207031,0.00864057242683592,0.00867800992221224,0.48378531601146074
2020-10-08,HDFCBANK,HDFCBANK,590,0.03019712020575679,0.03065767738445236,1.7335416974859734
2020-10-09,HDFCBANK,HDFCBANK,600.5,0.01764010462027309,0.01779661016949152,1.0055396759573303
2020-10-12,HDFCBANK,HDFCBANK,615.775024414062,0.02511903519733318,0.02543717637645636,1.4391360621294031
2020-10-13,HDFCBANK,HDFCBANK,606.700012207031,-0.01484722164874532,-0.01473754512155849,-0.8779364603028722
2020-10-14,HDFCBANK,HDFCBANK,597.775024414062,-0.014819985258404,-0.01471070976330128,-0.8763574109584924
2020-10-15,HDFCBANK,HDFCBANK,607.099975585938,0.01547901211193052,0.01559943254741398,0.8802487814710201
2020-10-16,HDFCBANK,HDFCBANK,590,-0.0285709450223874,-0.02816665503805043,-1.6735792060569754
2020-10-19,HDFCBANK,HDFCBANK,617.5,0.04555653160236722,0.04661016949152542,2.6240146343157114
2020-10-20,HDFCBANK,HDFCBANK,603.75,-0.02251886353534986,-0.02226720647773279,-1.3227054234272242
2020-10-21,HDFCBANK,HDFCBANK,615.299987792969,0.01894972894050864,0.01913041456392377,1.0814660890515948
2020-10-22,HDFCBANK,HDFCBANK,619.974975585938,0.00756918135911577,0.00759790002554327,0.42167064729593606
2020-10-23,HDFCBANK,HDFCBANK,621.75,0.00285896741710704,0.00286305816195963,0.14859260193786264
2020-10-26,HDFCBANK,HDFCBANK,614.900024414062,-0.01107839001997297,-0.01101725064083306,-0.6594357324930586
2020-10-27,HDFCBANK,HDFCBANK,613,-0.00309475672732967,-0.00308997290392463,-0.196578842922366
2020-10-28,HDFCBANK,HDFCBANK,614,0.00162999221093097,0.00163132137030995,0.07734187931081901
2020-10-29,HDFCBANK,HDFCBANK,600.299987792969,-0.02256541822422947,-0.0223127234642199,-1.3254044650414731
2020-10-30,HDFCBANK,HDFCBANK,591.275024414062,-0.01514824642205069,-0.0150340888929344,-0.8953885883188517
2020-11-02,HDFCBANK,HDFCBANK,597.174987792969,0.00992891882386481,0.0099783740819319,0.5584781261844796
2020-11-03,HDFCBANK,HDFCBANK,613.224975585938,0.02652169376185069,0.02687652383480811,1.5204562025347137
2020-11-04,HDFCBANK,HDFCBANK,626,0.02061849501352079,0.02083252464049671,1.1782140038997444
2020-11-05,HDFCBANK,HDFCBANK,633,0.01112005104407764,0.011182108626198081,0.6275348744476009
2020-11-06,HDFCBANK,HDFCBANK,633.125,1.9745285877164636e-4,1.9747235387045813e-4,-0.00571062127673578
2020-11-09,HDFCBANK,HDFCBANK,657.599975585938,0.03792893161301479,0.03865741454837189,2.181799031901412
2020-11-10,HDFCBANK,HDFCBANK,678.5,0.03128767265896105,0.03178227674877816,1.7967672613240493
2020-11-11,HDFCBANK,HDFCBANK,699.950012207031,0.03112444208577178,0.03161387208110688,1.7873038512925736
2020-11-12,HDFCBANK,HDFCBANK,688.700012207031,-0.0162031410852993,-0.01607257633231168,-0.9565468661052194
2020-11-13,HDFCBANK,HDFCBANK,684.400024414062,-0.0062632025851462,-0.00624362961631014,-0.38027177329198625
2020-11-14,HDFCBANK,HDFCBANK,683.900024414062,-7.308338879080993e-4,-7.305668938689283e-4,-0.05952871392307617
2020-11-17,HDFCBANK,HDFCBANK,692.900024414062,0.01307398006560415,0.01315981821715949,0.7408153165965459
2020-11-18,HDFCBANK,HDFCBANK,701.5,0.01233517567456959,0.012411567734047,0.6979825999748372
2020-11-19,HDFCBANK,HDFCBANK,694.849975585938,-0.00952493974565539,-0.00947972118896941,-0.5693733341191332
2020-11-20,HDFCBANK,HDFCBANK,686.325012207031,-0.0123446655412293,-0.01226878272783731,-0.7328489677487776
2020-11-23,HDFCBANK,HDFCBANK,707.5,0.0303863352617617,0.0308527117857414,1.7445115766214636
2020-11-24,HDFCBANK,HDFCBANK,704,-0.00495927335935023,-0.00494699646643109,-0.30467553739918984
2020-11-25,HDFCBANK,HDFCBANK,725.650024414062,0.03028948240273327,0.03075287558815631,1.738896462370508
2020-11-26,HDFCBANK,HDFCBANK,707.5,-0.02533020904338304,-0.02501209095764529,-1.4856952038516136
2020-11-27,HDFCBANK,HDFCBANK,715.900024414062,0.01180289698736092,0.01187282602694282,0.6671233597623393
2020-12-01,HDFCBANK,HDFCBANK,720.424987792969,0.00630077219351554,0.00632066381421127,0.34813371247283126
2020-12-02,HDFCBANK,HDFCBANK,715.5,-0.00685969970176368,-0.0068362256673755,-0.41485412319649184
2020-12-03,HDFCBANK,HDFCBANK,714.5,-0.00139860162658348,-0.00139762403913347,-0.0982430294670724
2020-12-04,HDFCBANK,HDFCBANK,690.5,-0.03416702452057527,-0.03358992302309307,-1.9980159449924095
2020-12-07,HDFCBANK,HDFCBANK,687.5,-0.0043541433086205,-0.00434467776973207,-0.26959268692250105
2020-12-08,HDFCBANK,HDFCBANK,687.5,0,0,-0.01715809296009843
2020-12-09,HDFCBANK,HDFCBANK,688.5,0.00145348862798309,0.00145454545454545,0.06710895698000316
2020-12-10,HDFCBANK,HDFCBANK,699,0.01513542406510081,0.01525054466230936,0.8603290170204391
2020-12-11,HDFCBANK,HDFCBANK,695.025024414062,-0.00570289096606287,-0.00568666035184256,-0.34778730366608146
2020-12-14,HDFCBANK,HDFCBANK,691.5,-0.00508470016293448,-0.0050717949573597,-0.3119472466633537
2020-12-15,HDFCBANK,HDFCBANK,690.400024414062,-0.00159197597339652,-0.00159070945182639,-0.10945404648248586
2020-12-16,HDFCBANK,HDFCBANK,702,0.01666222889439479,0.01680181804133448,0.94884662653035
2020-12-17,HDFCBANK,HDFCBANK,709.299987792969,0.01034514697226079,0.01039884300992731,0.5826092528352812
2020-12-18,HDFCBANK,HDFCBANK,717.5,0.01149439663570418,0.01156071105054699,0.6492378297078862
2020-12-21,HDFCBANK,HDFCBANK,708.75,-0.01227009259181436,-0.01219512195121951,-0.7285255473025857
2020-12-22,HDFCBANK,HDFCBANK,692.400024414062,-0.02333899647985334,-0.02306874862213468,-1.3702532215052157
2020-12-23,HDFCBANK,HDFCBANK,683.75,-0.0125715048259176,-0.01249281356017001,-0.7460001386373526
2020-12-24,HDFCBANK,HDFCBANK,694.700012207031,0.01588776153430246,0.016014643081581022,0.903946323594758
2020-12-28,HDFCBANK,HDFCBANK,702.5,0.01116528593740739,0.01122785037557256,0.6301573999643936
2020-12-29,HDFCBANK,HDFCBANK,710.525024414062,0.01135876655920772,0.01142352229759721,0.6413745783487294
2020-12-30,HDFCBANK,HDFCBANK,719.950012207031,0.01317761434255799,0.01326482174324731,0.7468235884353791
2020-12-31,HDFCBANK,HDFCBANK,717.5,-0.00340883447589039,-0.00340303099588876,-0.2147877265789012
2021-01-01,HDFCBANK,HDFCBANK,720,0.00347826437632479,0.00348432055749128,0.184496789136472
2021-01-04,HDFCBANK,HDFCBANK,719,-0.0013898542890543,-0.00138888888888888,-0.09773589627440488
2021-01-05,HDFCBANK,HDFCBANK,709.599975585938,-0.0131599611310637,-0.0130737474465397,-0.7801163167061986
2021-01-06,HDFCBANK,HDFCBANK,717.5,0.01107155104379333,0.01113306748289944,0.6247230520037447
2021-01-07,HDFCBANK,HDFCBANK,716.25,-0.00174367960482683,-0.00174216027874564,-0.11824917376433608
2021-01-08,HDFCBANK,HDFCBANK,716,-3.4910106830365726e-4,-3.4904013961605586e-4,-0.03739747880084488
2021-01-11,HDFCBANK,HDFCBANK,725,0.01249148789402905,0.01256983240223463,0.7070449134665613
2021-01-12,HDFCBANK,HDFCBANK,726.224975585938,0.00168819569326325,0.00168962149784545,0.08071626811438906
2021-01-13,HDFCBANK,HDFCBANK,746.450012207031,0.02746880130510857,0.027849547042602,1.5753654444165064
2021-01-14,HDFCBANK,HDFCBANK,735.575012207031,-0.01467612896707189,-0.01456895950452978,-0.8680172388701137
2021-01-15,HDFCBANK,HDFCBANK,734.549987792969,-0.0013944726879188,-0.00139350086266055,-0.09800365127452385
2021-01-18,HDFCBANK,HDFCBANK,734.950012207031,5.444360992759652e-4,5.445843315088191e-4,0.01440598197218603
2021-01-19,HDFCBANK,HDFCBANK,745.900024414062,0.0147890893947975,0.01489898908110565,0.8402500150959898
2021-01-20,HDFCBANK,HDFCBANK,750.5,0.00614807538138729,0.0061670135881165,0.33928100482477713
2021-01-21,HDFCBANK,HDFCBANK,746,-0.0060140508697558,-0.00599600266489007,-0.3658270231651149
2021-01-22,HDFCBANK,HDFCBANK,733.950012207031,-0.01628467716855329,-0.01615279865009246,-0.9612739792502452
2021-01-25,HDFCBANK,HDFCBANK,732.549987792969,-0.00190934175163695,-0.00190752011823269,-0.12785355602758308
2021-01-27,HDFCBANK,HDFCBANK,734,0.001977447330945,0.00197940376929037,0.09748584011414188
2021-01-28,HDFCBANK,HDFCBANK,694.950012207031,-0.0546691105184116,-0.05320161824655174,-3.1866391453357577
2021-01-29,HDFCBANK,HDFCBANK,695.674987792969,0.00104266161131474,0.00104320537190231,0.04329096483074683
2021-02-01,HDFCBANK,HDFCBANK,705.125,0.01349251235272142,0.01358394706270986,0.7650800273490446
2021-02-02,HDFCBANK,HDFCBANK,750.5,0.06236455901337644,0.06435029250132955,3.598472127803978
2021-02-03,HDFCBANK,HDFCBANK,789.5,0.05066018262218004,0.0519653564290473,2.919902477593986
2021-02-04,HDFCBANK,HDFCBANK,783,-0.00826713770489366,-0.00823305889803673,-0.49645135499728305
2021-02-05,HDFCBANK,HDFCBANK,774,-0.01156082240107597,-0.01149425287356321,-0.6874050972121621
2021-02-08,HDFCBANK,HDFCBANK,810,0.04546237407675741,0.04651162790697674,2.61855578396075
2021-02-09,HDFCBANK,HDFCBANK,805,-0.0061919702479211,-0.00617283950617283,-0.3761420272432489
2021-02-10,HDFCBANK,HDFCBANK,804.174987792969,-0.00102538541249444,-0.00102485988451058,-0.07660555068284683
2021-02-11,HDFCBANK,HDFCBANK,791,-0.01651892423841506,-0.01638323498362873,-0.9748546218189832
2021-02-12,HDFCBANK,HDFCBANK,786.950012207031,-0.00513323825821858,-0.00512008570539693,-0.314761277692257
2021-02-15,HDFCBANK,HDFCBANK,800.049987792969,0.01650948094761315,0.01664651551271799,0.9399909543139412
2021-02-16,HDFCBANK,HDFCBANK,810.599975585938,0.01310047361865209,0.01318666077612518,0.7423512994138862
2021-02-17,HDFCBANK,HDFCBANK,810,-7.404364092159136e-4,-7.401623538222605e-4,-0.06008542701117188
2021-02-18,HDFCBANK,HDFCBANK,802.974975585938,-0.00871069785919508,-0.00867286964699018,-0.522167074373652
2021-02-19,HDFCBANK,HDFCBANK,772.5,-0.03869154103538883,-0.03795258446715614,-2.2603280482784647
2021-02-22,HDFCBANK,HDFCBANK,772.525024414062,3.23935388343989e-5,3.239406351073819e-5,-0.01528005421790151
2021-02-23,HDFCBANK,HDFCBANK,776.875,0.00561505995424054,0.00563085395096072,0.30837905158380413
2021-02-24,HDFCBANK,HDFCBANK,763.25,-0.01769383064998829,-0.01753821399839099,-1.0429706671411751
2021-02-25,HDFCBANK,HDFCBANK,804.875,0.05310135424336032,0.05453652145430724,3.0614311603466033
2021-02-26,HDFCBANK,HDFCBANK,793.525024414062,-0.01420190963545544,-0.01410153823381016,-0.8405240316096373
2021-03-01,HDFCBANK,HDFCBANK,782,-0.01463033567758112,-0.0145238323423664,-0.865362339933756
2021-03-02,HDFCBANK,HDFCBANK,787.849975585938,0.00745294487453204,0.00748078719429406,0.4149317533942545
2021-03-03,HDFCBANK,HDFCBANK,792,0.00525370639458281,0.00526753131010202,0.28742931873314875
2021-03-04,HDFCBANK,HDFCBANK,774.275024414062,-0.02263425263865234,-0.02238001967921459,-1.329395189788882
2021-03-05,HDFCBANK,HDFCBANK,765.5,-0.01139792407803506,-0.01133321382890092,-0.677960949622308
2021-03-08,HDFCBANK,HDFCBANK,771,0.00715915846559107,0.00718484650555192,0.3978992747650237
2021-03-09,HDFCBANK,HDFCBANK,772.5,0.00194363520857103,0.00194552529182879,0.095525557969642
2021-03-10,HDFCBANK,HDFCBANK,786,0.01732478365730592,0.0174757281553398,0.987258716050278
2021-03-12,HDFCBANK,HDFCBANK,800,0.01765493523872074,0.01781170483460559,1.006399491742133
2021-03-15,HDFCBANK,HDFCBANK,774.200012207031,-0.032781473757096,-0.03224998474121122,-1.9176876416725088
2021-03-16,HDFCBANK,HDFCBANK,765.450012207031,-0.01136634178521882,-0.01130198897188874,-0.6761299434522345
2021-03-17,HDFCBANK,HDFCBANK,762.125,-0.00435332789763229,-0.00434386590111087,-0.2695454128832397
2021-03-18,HDFCBANK,HDFCBANK,755.875,-0.00823456563460317,-0.00820075446941118,-0.49456296576534936
2021-03-19,HDFCBANK,HDFCBANK,742.5,-0.01785314791652226,-0.01769472465685464,-1.0522072004011347
2021-03-22,HDFCBANK,HDFCBANK,747.450012207031,0.00664455905023714,0.00666668310711248,0.3680650030700678
2021-03-23,HDFCBANK,HDFCBANK,735,-0.01679693051425513,-0.01665664861021178,-0.9909722358675946
2021-03-24,HDFCBANK,HDFCBANK,745.450012207031,0.0141175800369566,0.0142177036830354,0.8013187764863385
2021-03-25,HDFCBANK,HDFCBANK,745.099975585938,-4.696744562670311e-4,-4.695641764854563e-4,-0.04438780779919121
2021-03-26,HDFCBANK,HDFCBANK,747,0.00254678033929098,0.00255002613920083,0.13049333127931964
2021-03-30,HDFCBANK,HDFCBANK,753.325012207031,0.00843157266152068,0.00846721848330792,0.4716684041057052
2021-03-31,HDFCBANK,HDFCBANK,774,0.02707511579538899,0.02744497721162485,1.552541243477096
2021-04-01,HDFCBANK,HDFCBANK,749.700012207031,-0.03189873079815648,-0.03139533306585139,-1.8665099829188592
2021-04-05,HDFCBANK,HDFCBANK,740,-0.01302295659335514,-0.01293852480871021,-0.7721733799684496
2021-04-06,HDFCBANK,HDFCBANK,730,-0.01360565205577859,-0.01351351351351351,-0.8059555690317673
2021-04-07,HDFCBANK,HDFCBANK,719.650024414062,-0.01427951750884686,-0.01417804874786021,-0.845023403958972
2021-04-08,HDFCBANK,HDFCBANK,726.5,0.00947346637674765,0.00951848169742673,0.5320729425678595
2021-04-09,HDFCBANK,HDFCBANK,713,-0.01875706259604164,-0.01858224363386097,-1.1046123049022591
2021-04-12,HDFCBANK,HDFCBANK,696.5,-0.02341362719443556,-0.02314165497896213,-1.3745799909285803
2021-04-13,HDFCBANK,HDFCBANK,684,-0.01810987559730991,-0.01794687724335965,-1.067091172577758
2021-04-15,HDFCBANK,HDFCBANK,702.5,0.02668748358535046,0.02704678362573099,1.5300679869459908
2021-04-16,HDFCBANK,HDFCBANK,717.474975585938,0.02109266858550834,0.02131669122553445,1.2057045582127814
2021-04-19,HDFCBANK,HDFCBANK,695,-0.03182622422861696,-0.03132510031807505,-1.8623063623340528
2021-04-20,HDFCBANK,HDFCBANK,712.5,0.02486806657801352,0.02517985611510791,1.4245859756887858
2021-04-22,HDFCBANK,HDFCBANK,690,-0.03208831455150051,-0.03157894736842105,-1.8775012375481033
2021-04-23,HDFCBANK,HDFCBANK,704.5,0.02079673374742975,0.02101449275362318,1.188547522857102
2021-04-26,HDFCBANK,HDFCBANK,706.5,0.00283487078584712,0.0028388928317956,0.14719558238733108
2021-04-27,HDFCBANK,HDFCBANK,703.625,-0.00407765834039145,-0.004069355980184,-0.2535632717782118
2021-04-28,HDFCBANK,HDFCBANK,718.125,0.0203981048188295,0.0206075679516788,1.1654367236480716
2021-04-29,HDFCBANK,HDFCBANK,743.099975585938,0.03418694370606021,0.03477803388816425,1.9648545881955448
2021-04-30,HDFCBANK,HDFCBANK,722.5,-0.02811317232249317,-0.02772167442166146,-1.6470395041146697
2021-05-03,HDFCBANK,HDFCBANK,696.5,-0.03664962676672683,-0.03598615916955017,-2.141946598064086
2021-05-04,HDFCBANK,HDFCBANK,704.974975585938,0.01209451333964074,0.01216794771850388,0.6840300277938691
2021-05-05,HDFCBANK,HDFCBANK,700.5,-0.00636794078243937,-0.0063477084164847,-0.3863440457074827
2021-05-06,HDFCBANK,HDFCBANK,703.799987792969,0.00469984176596284,0.00471090334470946,0.2553186180221709
2021-05-07,HDFCBANK,HDFCBANK,706.474975585938,0.00379357369371884,0.00380077840205342,0.20277707388303645
2021-05-10,HDFCBANK,HDFCBANK,713.5,0.00989465568014779,0.00994376964058155,0.5564916957528128
2021-05-11,HDFCBANK,HDFCBANK,698,-0.02196333415451866,-0.0217238962859145,-1.290498207507926
2021-05-12,HDFCBANK,HDFCBANK,699.875,0.00268264490668492,0.0026862464183381,0.13837017741712682
2021-05-14,HDFCBANK,HDFCBANK,697.174987792969,-0.0038653098919537,-0.00385784919740099,-0.24125221755686732
2021-05-17,HDFCBANK,HDFCBANK,697.575012207031,5.736145187747045e-4,5.737790670436893e-4,0.01609762185552338
2021-05-18,HDFCBANK,HDFCBANK,729.474975585938,0.04471501156376189,0.04572979653898418,2.575226904055206
2021-05-19,HDFCBANK,HDFCBANK,735.099975585938,0.00768144730850887,0.00771102531033613,0.4281793465605519
2021-05-20,HDFCBANK,HDFCBANK,729.174987792969,-0.00809276983924631,-0.00806011153550406,-0.48634225241500617
2021-05-21,HDFCBANK,HDFCBANK,721.5,-0.01058136311497721,-0.01052557742853914,-0.6306202397409967
2021-05-24,HDFCBANK,HDFCBANK,751.625,0.04090515114580711,0.04175329175329175,2.3543475026455756
2021-05-25,HDFCBANK,HDFCBANK,755.25,0.00481129090704857,0.00482288375187094,0.261779962236941
2021-05-26,HDFCBANK,HDFCBANK,740,-0.02039863406856597,-0.02019198940748096,-1.1997835932028806
2021-05-27,HDFCBANK,HDFCBANK,736.549987792969,-0.00467308051052326,-0.00466217865815003,-0.28808330088608614
2021-05-28,HDFCBANK,HDFCBANK,745.450012207031,0.01201097356210116,0.01208339496512717,0.6791867490296717
2021-05-31,HDFCBANK,HDFCBANK,750,0.00608512728056269,0.00610367927890693,0.33563154334726886
2021-06-01,HDFCBANK,HDFCBANK,760.150024414062,0.01344260781391515,0.01353336588541606,0.7621867757728958
2021-06-02,HDFCBANK,HDFCBANK,755,-0.0067980650952466,-0.00677501052247124,-0.41128081249737736
2021-06-03,HDFCBANK,HDFCBANK,754,-0.00132538124106868,-0.00132450331125827,-0.0939980248870424
2021-06-04,HDFCBANK,HDFCBANK,758,0.00529101763441568,0.0053050397877984,0.2895924647322242
2021-06-07,HDFCBANK,HDFCBANK,755,-0.00396563639334695,-0.00395778364116095,-0.2470687187254745
2021-06-08,HDFCBANK,HDFCBANK,748.275024414062,-0.00894715915421955,-0.0089072524317059,-0.5358760882407767
2021-06-09,HDFCBANK,HDFCBANK,741.950012207031,-0.0084887181900369,-0.00845279075295053,-0.509297643195098
2021-06-10,HDFCBANK,HDFCBANK,741.049987792969,-0.0012137889744589,-0.00121305263057385,-0.08752838286694359
2021-06-11,HDFCBANK,HDFCBANK,745.5,0.0059870512744838,0.00600500948699056,0.3299455162652105
2021-06-14,HDFCBANK,HDFCBANK,739.125,-0.00858808006379911,-0.00855130784708249,-0.5150582193821169
2021-06-15,HDFCBANK,HDFCBANK,743,0.00522899057676514,0.00524268560798241,0.285996401396023
2021-06-16,HDFCBANK,HDFCBANK,744,0.00134499011533261,0.00134589502018842,0.06081867757366742
2021-06-17,HDFCBANK,HDFCBANK,733,-0.01489533294644036,-0.01478494623655914,-0.8807257474341905
2021-06-18,HDFCBANK,HDFCBANK,734.75,0.00238460341237513,0.00238744884038199,0.12109100714933096
2021-06-21,HDFCBANK,HDFCBANK,730.674987792969,-0.00556155756129167,-0.00554612073090305,-0.3395933977429335
2021-06-22,HDFCBANK,HDFCBANK,748.5,0.02410245612194788,0.02439526808064436,1.3801991581424584
2021-06-23,HDFCBANK,HDFCBANK,745,-0.00468698548012357,-0.00467601870407481,-0.28888945151235595
2021-06-24,HDFCBANK,HDFCBANK,745,0,0,-0.01715809296009843
2021-06-25,HDFCBANK,HDFCBANK,755.549987792969,0.01406172632372624,0.01416105744022681,0.798080617238644
2021-06-28,HDFCBANK,HDFCBANK,760,0.00587248857709103,0.00588976544097355,0.32330366138130606
2021-06-29,HDFCBANK,HDFCBANK,753.5,-0.00858941521382661,-0.00855263157894736,-0.5151356256664721
2021-06-30,HDFCBANK,HDFCBANK,749,-0.00599003454933067,-0.0059721300597213,-0.36443465969306593
2021-07-01,HDFCBANK,HDFCBANK,751,0.00266666824691529,0.00267022696929238,0.13744391906135894
2021-07-02,HDFCBANK,HDFCBANK,742.5,-0.01138278108728006,-0.01131824234354194,-0.6770830238280316
2021-07-05,HDFCBANK,HDFCBANK,744.974975585938,0.00332775732102126,0.00333330045244169,0.17577103421728904
2021-07-06,HDFCBANK,HDFCBANK,748.5,0.00472057586180709,0.00473173533284059,0.25652069216044254
2021-07-07,HDFCBANK,HDFCBANK,767,0.0244155975075732,0.02471609886439545,1.39835375548349
2021-07-08,HDFCBANK,HDFCBANK,762.5,-0.00588429288568953,-0.00586701434159061,-0.35830421059339745
2021-07-09,HDFCBANK,HDFCBANK,756.275024414062,-0.00819740954968501,-0.00816390240778748,-0.4924088149841892
2021-07-12,HDFCBANK,HDFCBANK,751,-0.006999447167747,-0.00697500809067305,-0.42295608317629585
2021-07-13,HDFCBANK,HDFCBANK,748.049987792969,-0.00393584742236302,-0.00392811212653931,-0.24534168168009343
2021-07-14,HDFCBANK,HDFCBANK,748.75,9.353450878873036e-4,9.357826595202868e-4,0.03706921210082883
2021-07-15,HDFCBANK,HDFCBANK,752.5,0.00499584719337167,0.00500834724540901,0.2724797458451063
2021-07-16,HDFCBANK,HDFCBANK,763.974975585938,0.01513403753838282,0.01524913699127967,0.8602486321354537
2021-07-19,HDFCBANK,HDFCBANK,743.5,-0.02716626826120378,-0.02680058410320897,-1.5921420592465385
2021-07-20,HDFCBANK,HDFCBANK,721,-0.03072962861526069,-0.03026227303295225,-1.7987304419341692
2021-07-22,HDFCBANK,HDFCBANK,728.049987792969,0.00973057310521599,0.00977806906098332,0.546978890306743
2021-07-23,HDFCBANK,HDFCBANK,725.75,-0.00316410748542592,-0.00315910697277974,-0.2005995030660851
2021-07-26,HDFCBANK,HDFCBANK,715,-0.01492306021073161,-0.0148122631760248,-0.8823332555493215
2021-07-27,HDFCBANK,HDFCBANK,718.049987792969,0.00425664481236786,0.0042657171929636,0.22962395546831785
2021-07-28,HDFCBANK,HDFCBANK,717.525024414062,-7.313632486535822e-4,-7.310958677410236e-4,-0.05955940399351575
2021-07-29,HDFCBANK,HDFCBANK,714.125,-0.00474980721309522,-0.00473854471743133,-0.2925315867225859
2021-07-30,HDFCBANK,HDFCBANK,709.5,-0.00649752044452921,-0.00647645720287064,-0.393856519934197
2021-08-02,HDFCBANK,HDFCBANK,717.5,0.0112124510336788,0.01127554615926709,0.6328918303867682
2021-08-03,HDFCBANK,HDFCBANK,705,-0.01757514482150748,-0.01742160278745644,-1.0360897707631609
2021-08-04,HDFCBANK,HDFCBANK,720.5,0.02174761262730821,0.02198581560283688,1.243675410695408
2021-08-05,HDFCBANK,HDFCBANK,733.549987792969,0.01795032950504131,0.01811240498677165,1.0235251870608475
2021-08-06,HDFCBANK,HDFCBANK,741.775024414062,0.01115025064956509,0.01121264638806651,0.6292857183240432
2021-08-09,HDFCBANK,HDFCBANK,746,0.00567960460957737,0.00569576414260552,0.3121210744589211
2021-08-10,HDFCBANK,HDFCBANK,744.5,-0.00201274807969712,-0.00201072386058981,-0.13384861236514817
2021-08-11,HDFCBANK,HDFCBANK,757.450012207031,0.01724469259622501,0.01739424070789929,0.9826153791063724
2021-08-12,HDFCBANK,HDFCBANK,748.5,-0.01188634086060564,-0.01181597737513105,-0.7062772643261733
2021-08-13,HDFCBANK,HDFCBANK,750.599975585938,0.002801650315175,0.00280557860512752,0.14526960167632577
2021-08-16,HDFCBANK,HDFCBANK,763.075012207031,0.01648348447521527,0.01662008663316932,0.9384837901052614
2021-08-17,HDFCBANK,HDFCBANK,758.599975585938,-0.00588174157832563,-0.00586447799954814,-0.3581562967116459
2021-08-18,HDFCBANK,HDFCBANK,778.349975585938,0.0257016660436787,0.02603480178699613,1.4729145050290695
2021-08-20,HDFCBANK,HDFCBANK,743.025024414062,-0.04644653873056418,-0.04538440583271486,-2.7099296244335642
2021-08-23,HDFCBANK,HDFCBANK,764.924987792969,0.02904804946136159,0.02947405896076905,1.666923493574036
2021-08-24,HDFCBANK,HDFCBANK,765,9.805998031225676e-5,9.80647883493186e-5,-0.01147299498340177
2021-08-25,HDFCBANK,HDFCBANK,776.049987792969,0.014341101540961,0.01444442848754114,0.814277596650458
2021-08-26,HDFCBANK,HDFCBANK,775,-0.00135390601414985,-0.00135298989689448,-0.09565176914859644
2021-08-27,HDFCBANK,HDFCBANK,776,0.00128949082987169,0.00129032258064516,0.05760106653114766
2021-08-30,HDFCBANK,HDFCBANK,777.799987792969,0.00231688584412227,0.00231957189815589,0.11716503236292738
2021-08-31,HDFCBANK,HDFCBANK,781.75,0.00506559031060954,0.00507844210468465,0.2765231532926193
2021-09-01,HDFCBANK,HDFCBANK,787.5,0.00732837436183743,0.00735529261272785,0.40770968821107706
2021-09-02,HDFCBANK,HDFCBANK,787.049987792969,-5.716074088123711e-4,-5.714440724203461e-4,-0.05029744413022968
2021-09-03,HDFCBANK,HDFCBANK,793.049987792969,0.00759449266608189,0.00762340396805683,0.42313808854528584
2021-09-06,HDFCBANK,HDFCBANK,789.974975585938,-0.00388498747119669,-0.00387745067065529,-0.24239303938432877
2021-09-07,HDFCBANK,HDFCBANK,781.25,-0.01110606743524957,-0.01104462274829211,-0.6610403505756662
2021-09-08,HDFCBANK,HDFCBANK,785.974975585938,0.00602975319484196,0.00604796875000058,0.3324211908498495
2021-09-09,HDFCBANK,HDFCBANK,787,0.00130329417194991,0.00130414382887686,0.05840132522863731
2021-09-13,HDFCBANK,HDFCBANK,781,-0.00765309857771727,-0.00762388818297331,-0.4608519943977098
2021-09-14,HDFCBANK,HDFCBANK,780,-0.00128123015604857,-0.00128040973111395,-0.09143833393750822
2021-09-15,HDFCBANK,HDFCBANK,767.5,-0.01615544022228525,-0.01602564102564102,-0.953781374220107
2021-09-16,HDFCBANK,HDFCBANK,768.875,0.00178992806718019,0.0017915309446254,0.08661427575499869
2021-09-17,HDFCBANK,HDFCBANK,784.5,0.02011816464455497,0.02032189887823118,1.1492069904450215
2021-09-20,HDFCBANK,HDFCBANK,782,-0.00319183162777617,-0.00318674314850223,-0.20220683018443825
2021-09-21,HDFCBANK,HDFCBANK,781,-0.00127959070562508,-0.00127877237851662,-0.09134328561855276
2021-09-22,HDFCBANK,HDFCBANK,774.5,-0.00835748998276266,-0.00832266325224071,-0.5016895933741145
2021-09-23,HDFCBANK,HDFCBANK,771,-0.00452928629359379,-0.00451904454486765,-0.2797467276059034
2021-09-24,HDFCBANK,HDFCBANK,789.5,0.0237114601323672,0.02399481193255512,1.3575308840699645
2021-09-27,HDFCBANK,HDFCBANK,807.849975585938,0.02297653380610868,0.02324252765793281,1.314923001046443
2021-09-28,HDFCBANK,HDFCBANK,816,0.0100379874623016,0.01008853705559722,0.5648014590438536
2021-09-29,HDFCBANK,HDFCBANK,798.5,-0.02167938730903992,-0.02144607843137255,-1.2740361846563997
2021-09-30,HDFCBANK,HDFCBANK,793,-0.00691174602021911,-0.00688791484032561,-0.417871545990207
2021-10-01,HDFCBANK,HDFCBANK,791.5,-0.00189334231378119,-0.00189155107187894,-0.12692597709586828
2021-10-04,HDFCBANK,HDFCBANK,794.5,0.00378310665570389,0.00379027163613392,0.20217023981626103
2021-10-05,HDFCBANK,HDFCBANK,796,0.00188619986761229,0.00188797986154814,0.09219570271538208
2021-10-06,HDFCBANK,HDFCBANK,798,0.0025094116054257,0.00251256281407035,0.1283268520223108
2021-10-07,HDFCBANK,HDFCBANK,813.299987792969,0.01899143271366086,0.01917291703379571,1.083883895333152
2021-10-08,HDFCBANK,HDFCBANK,806,-0.00901628765684125,-0.00897576282126692,-0.5398838629633009
2021-10-11,HDFCBANK,HDFCBANK,799.950012207031,-0.00753450153216496,-0.00750618832874562,-0.45397624527391206
2021-10-12,HDFCBANK,HDFCBANK,812.5,0.01556667322942917,0.01568846503088868,0.8853309978873356
2021-10-13,HDFCBANK,HDFCBANK,818.5,0.00735748260729698,0.00738461538461538,0.4093972597039563
2021-10-14,HDFCBANK,HDFCBANK,819,6.106870418797265e-4,6.108735491753207e-4,0.01824692808038969
2021-10-18,HDFCBANK,HDFCBANK,852.5,0.0400891253046025,0.0409035409035409,2.307037816839075
2021-10-19,HDFCBANK,HDFCBANK,837.724975585938,-0.01748335396707554,-0.01733140693731618,-1.030768129874099
2021-10-20,HDFCBANK,HDFCBANK,844.549987792969,0.00811407148186979,0.008147079776698,0.4532610445663268
2021-10-21,HDFCBANK,HDFCBANK,835.900024414062,-0.01029490876043891,-0.01024209757140789,-0.6140128422459548
2021-10-22,HDFCBANK,HDFCBANK,840.049987792969,0.00495238143206926,0.0049646647418343,0.2699597870316431
2021-10-25,HDFCBANK,HDFCBANK,845,0.00587522801307727,0.00589252101536957,0.3234624821554186
2021-10-26,HDFCBANK,HDFCBANK,825,-0.02395324102249287,-0.02366863905325443,-1.4058644912141949
2021-10-27,HDFCBANK,HDFCBANK,826.375,0.00166527931906124,0.00166666666666666,0.07938767481675436
2021-10-28,HDFCBANK,HDFCBANK,825,-0.0016652793190612,-0.0016638935108153,-0.11370386073694892
2021-10-29,HDFCBANK,HDFCBANK,795,-0.0370412716803491,-0.03636363636363636,-2.164652493975215
2021-11-01,HDFCBANK,HDFCBANK,792.5,-0.00314960890289622,-0.00314465408805031,-0.199758937302742
2021-11-02,HDFCBANK,HDFCBANK,803,0.01316220819532595,0.01324921135646687,0.7459304059548337
2021-11-03,HDFCBANK,HDFCBANK,802.549987792969,-5.605707978410158e-4,-5.604137073860804e-4,-0.04965758866112759
2021-11-04,HDFCBANK,HDFCBANK,797.5,-0.00631230848992111,-0.00629242772385625,-0.3831187234850282
2021-11-08,HDFCBANK,HDFCBANK,796.049987792969,-0.00181985205148898,-0.00181819712480379,-0.12266532621531578
2021-11-09,HDFCBANK,HDFCBANK,797.299987792969,0.00156902159047744,0.00157025314888276,0.07380706368190988
2021-11-10,HDFCBANK,HDFCBANK,784,-0.01682198384758024,-0.01668128433036238,-0.9924247209093268
2021-11-11,HDFCBANK,HDFCBANK,775.025024414062,-0.011513701951826,-0.01144767294124739,-0.684673255233008
2021-11-12,HDFCBANK,HDFCBANK,775,-3.228904523481925e-5,-3.228852394922903e-5,-0.01903007361060845
2021-11-15,HDFCBANK,HDFCBANK,781.049987792969,0.00777612329466991,0.0078064358618954504,0.4336682550393416
2021-11-16,HDFCBANK,HDFCBANK,777.5,-0.00455550859462775,-0.00454514800390722,-0.2812669843923903
2021-11-17,HDFCBANK,HDFCBANK,768.450012207031,-0.01170812911480447,-0.01163985568227521,-0.6959453100238003
2021-11-18,HDFCBANK,HDFCBANK,763.025024414062,-0.0070846867947526,-0.00705964956313568,-0.4278979119374354
2021-11-22,HDFCBANK,HDFCBANK,773,0.01298822044358989,0.01307293373975235,0.7358433407503033
2021-11-23,HDFCBANK,HDFCBANK,751,-0.02887339682328726,-0.02846054333764553,-1.691114067025422
2021-11-24,HDFCBANK,HDFCBANK,762,0.01454090392251143,0.01464713715046604,0.8258612836089343
2021-11-25,HDFCBANK,HDFCBANK,757.400024414062,-0.00605500798491216,-0.00603671336737264,-0.3682015414116539
2021-11-26,HDFCBANK,HDFCBANK,750,-0.00981834117137795,-0.00977029862097883,-0.58638349306903
2021-11-29,HDFCBANK,HDFCBANK,747.400024414062,-0.0034726568136506,-0.00346663411458393,-0.21848787257233537
2021-11-30,HDFCBANK,HDFCBANK,747.5,1.3375554813602864e-4,1.3376449380816176e-4,-0.00940351873258308
2021-12-01,HDFCBANK,HDFCBANK,747.5,0,0,-0.01715809296009843
2021-12-02,HDFCBANK,HDFCBANK,752.25,0.00633441024531304,0.00635451505016722,0.35008390275030227
2021-12-03,HDFCBANK,HDFCBANK,762.900024414062,0.01405827758768272,0.01415755987246533,0.7978806742829064
2021-12-06,HDFCBANK,HDFCBANK,756.5,-0.00842445986942678,-0.00838907354732033,-0.5055722207819665
2021-12-07,HDFCBANK,HDFCBANK,756.974975585938,6.276623124838866e-4,6.278593336919428e-4,0.0192310816184414
2021-12-08,HDFCBANK,HDFCBANK,768,0.01445953760677768,0.01456458240977927,0.821144012858153
2021-12-09,HDFCBANK,HDFCBANK,772.599975585938,0.00597168548463512,0.00598955154419004,0.3290546735330285
2021-12-10,HDFCBANK,HDFCBANK,762.450012207031,-0.01322447006101523,-0.01313741094957869,-0.7838562683763751
2021-12-13,HDFCBANK,HDFCBANK,763,7.210827131651026e-4,7.213427558050023e-4,0.0246471966248258
2021-12-14,HDFCBANK,HDFCBANK,751.25,-0.01551954543503961,-0.01539973787680209,-0.9169149159886212
2021-12-15,HDFCBANK,HDFCBANK,751.5,3.327233436117565e-4,3.3277870216306157e-4,0.00213178249718343
2021-12-16,HDFCBANK,HDFCBANK,756.400024414062,0.00649915986792799,0.00652032523494616,0.3596353807661789
2021-12-17,HDFCBANK,HDFCBANK,748.5,-0.0104991652012741,-0.01044424135255908,-0.6258547564990647
2021-12-20,HDFCBANK,HDFCBANK,726,-0.03052118903488699,-0.03006012024048096,-1.7866460071538173
2021-12-21,HDFCBANK,HDFCBANK,719.75,-0.00864608533251079,-0.00860881542699724,-0.5184211166082886
2021-12-22,HDFCBANK,HDFCBANK,726.150024414062,0.00885270918276539,0.00889201030088509,0.4960840972071867
2021-12-23,HDFCBANK,HDFCBANK,726.625,6.538873464639946e-4,6.541011773995566e-4,0.02075149684944954
2021-12-24,HDFCBANK,HDFCBANK,722.75,-0.00534714512505914,-0.00533287459143299,-0.32716268234280216
2021-12-27,HDFCBANK,HDFCBANK,714.450012207031,-0.01155034789556281,-0.01148389871043788,-0.6867978302118006
2021-12-28,HDFCBANK,HDFCBANK,730.349975585938,0.02201080486803293,0.02225482973929811,1.2589341703898496
2021-12-29,HDFCBANK,HDFCBANK,728.025024414062,-0.00318841606787843,-0.00318333846730215,-0.2020088106396444
2021-12-30,HDFCBANK,HDFCBANK,729.25,0.00168118694678379,0.00168260093383995,0.08030993098987947
2021-12-31,HDFCBANK,HDFCBANK,730.75,0.00205479524352462,0.00205690778196777,0.10197014104820085
2022-01-03,HDFCBANK,HDFCBANK,742.5,0.01595146668549927,0.01607937050975025,0.907639675612787
2022-01-04,HDFCBANK,HDFCBANK,760,0.02329556260352208,0.02356902356902357,1.33341892532572
2022-01-05,HDFCBANK,HDFCBANK,768.400024414062,0.01099202938661945,0.01105266370271321,0.6201127266614065
2022-01-06,HDFCBANK,HDFCBANK,771.5,0.00402620913621929,0.00403432520489808,0.21626428119488533
2022-01-07,HDFCBANK,HDFCBANK,772,6.47878221560671e-4,6.480881399870382e-4,0.02040311350569588
2022-01-10,HDFCBANK,HDFCBANK,779,0.00902649584597212,0.00906735751295336,0.5061595041594145
2022-01-11,HDFCBANK,HDFCBANK,780.775024414062,0.00227600154192072,0.00227859359956616,0.1147947354998794
2022-01-12,HDFCBANK,HDFCBANK,784,0.00412197293773891,0.00413047995273434,0.2218162565524812
2022-01-13,HDFCBANK,HDFCBANK,777.5,-0.00832537629701865,-0.00829081632653061,-0.4998277793163694
2022-01-14,HDFCBANK,HDFCBANK,765,-0.01620781022685331,-0.01607717041800643,-0.9568175629493048
2022-01-17,HDFCBANK,HDFCBANK,765,0,0,-0.01715809296009843
2022-01-18,HDFCBANK,HDFCBANK,766.5,0.00195886448533297,0.00196078431372549,0.09640848625731004
2022-01-19,HDFCBANK,HDFCBANK,767,6.521030553874259e-4,6.523157208088715e-4,0.02064805128932463
2022-01-20,HDFCBANK,HDFCBANK,764.224975585938,-0.00362458488648908,-0.00361802400790357,-0.2272960120064557
2022-01-21,HDFCBANK,HDFCBANK,750,-0.01878900995041101,-0.01861359683387937,-1.1064644757787754
2022-01-24,HDFCBANK,HDFCBANK,754.974975585938,0.0066113972500762,0.0066333007812506,0.3661424238241995
2022-01-25,HDFCBANK,HDFCBANK,729.325012207031,-0.03456513819429092,-0.03397458751397678,-2.021096871928444
2022-01-27,HDFCBANK,HDFCBANK,725,-0.00594781073146649,-0.00593015752187489,-0.36198670344482226
2022-01-28,HDFCBANK,HDFCBANK,738.75,0.01878791386563327,0.01896551724137931,1.072084743554241
2022-01-31,HDFCBANK,HDFCBANK,736.375,-0.0032200688784565,-0.00321489001692047,-0.20384390512774375
2022-02-01,HDFCBANK,HDFCBANK,754.25,0.02398437819731907,0.02427431675437107,1.3733535054280466
2022-02-02,HDFCBANK,HDFCBANK,755.974975585938,0.00228439651570814,0.0022870077374053,0.11528144015086228
2022-02-03,HDFCBANK,HDFCBANK,764.375,0.01105023188655827,0.01111151120782984,0.6234870585100077
2022-02-04,HDFCBANK,HDFCBANK,764.200012207031,-2.2895545502965909e-4,-2.2892924672965152e-4,-0.03043195034817792
2022-02-07,HDFCBANK,HDFCBANK,756.049987792969,-0.010722055573527711,-0.0106647792251724,-0.6387769863454208
2022-02-08,HDFCBANK,HDFCBANK,738.200012207031,-0.02389268828077032,-0.02360951772255812,-1.4023539024056506
2022-02-09,HDFCBANK,HDFCBANK,737,-0.00162691494277252,-0.00162559223406579,-0.1114796583934291
2022-02-10,HDFCBANK,HDFCBANK,757,0.02677536124811226,0.02713704206241519,1.535162757729883
2022-02-11,HDFCBANK,HDFCBANK,750.125,-0.00912339412777182,-0.00908190224570673,-0.5460934377484431
2022-02-14,HDFCBANK,HDFCBANK,745,-0.00685564093011745,-0.00683219463422762,-0.41461881298736936
2022-02-15,HDFCBANK,HDFCBANK,738,-0.00944039377908707,-0.00939597315436241,-0.5644717208213859
2022-02-16,HDFCBANK,HDFCBANK,767.174987792969,0.03877109649904398,0.03953250378451081,2.230624147655704
2022-02-17,HDFCBANK,HDFCBANK,756.549987792969,-0.01394631233706467,-0.01384951304338832,-0.8257055941665198
2022-02-18,HDFCBANK,HDFCBANK,749.150024414062,-0.00982934568428215,-0.00978119555654786,-0.5870214876295734
2022-02-21,HDFCBANK,HDFCBANK,752,0.0037970608716703,0.00380427884009885,0.20297924553607055
2022-02-22,HDFCBANK,HDFCBANK,744.900024414062,-0.00948630999265738,-0.00944145689619408,-0.5671337463697791
2022-02-23,HDFCBANK,HDFCBANK,762.549987792969,0.02341805013683881,0.02369440569261678,1.3405202282794029
2022-02-24,HDFCBANK,HDFCBANK,724.950012207031,-0.0505653602963733,-0.04930821085547808,-2.948721270889047
2022-02-25,HDFCBANK,HDFCBANK,719.974975585938,-0.00688624852219709,-0.00686259264407364,-0.4163933101803056
2022-02-28,HDFCBANK,HDFCBANK,713,-0.00973503486115504,-0.00968780280212031,-0.5815537497406492
2022-03-02,HDFCBANK,HDFCBANK,693.25,-0.02809073591840856,-0.02769985974754558,-1.6457387374302428
2022-03-03,HDFCBANK,HDFCBANK,690.5,-0.00397471164654055,-0.00396682293544897,-0.24759486306493575
2022-03-04,HDFCBANK,HDFCBANK,680,-0.01532317467919444,-0.01520637219406227,-0.9055301800016994
2022-03-07,HDFCBANK,HDFCBANK,659.25,-0.03098997293675631,-0.03051470588235294,-1.8138240914603685
2022-03-08,HDFCBANK,HDFCBANK,651.099975585938,-0.01243962248722,-0.01236257021473196,-0.7383541650760255
2022-03-09,HDFCBANK,HDFCBANK,665,0.02112383790967804,0.02134852547268664,1.2075116222281717
2022-03-10,HDFCBANK,HDFCBANK,713.5,0.07039539626103704,0.07293233082706767,4.064065700660822
2022-03-11,HDFCBANK,HDFCBANK,694,-0.02771047641008664,-0.02733006306937631,-1.6236929185906237
2022-03-14,HDFCBANK,HDFCBANK,707.5,0.01926566901058814,0.01945244956772334,1.099782942139336
2022-03-15,HDFCBANK,HDFCBANK,721.75,0.01994118902565188,0.02014134275618374,1.1389467014897643
2022-03-16,HDFCBANK,HDFCBANK,723.5,0.00242172752849412,0.00242466227918254,0.12324330451633644
2022-03-17,HDFCBANK,HDFCBANK,736,0.01712957265733774,0.01727712508638562,0.9759412177455254
2022-03-21,HDFCBANK,HDFCBANK,743.5,0.01013864717133361,0.01019021739130434,0.5706372781652779
2022-03-22,HDFCBANK,HDFCBANK,740.650024414062,-0.00384055390912743,-0.00383318841417344,-0.23981697162444332
2022-03-23,HDFCBANK,HDFCBANK,753.5,0.01720080607546784,0.01734959179418611,0.9800710264605088
2022-03-24,HDFCBANK,HDFCBANK,733,-0.02758331617989869,-0.0272063702720637,-1.61632071267078
2022-03-25,HDFCBANK,HDFCBANK,725.5,-0.010284629562409,-0.0102319236016371,-0.6134168983375855
2022-03-28,HDFCBANK,HDFCBANK,715.450012207031,-0.01394933990946634,-0.01385249868086695,-0.8258811198568188
2022-03-29,HDFCBANK,HDFCBANK,720.5,0.00703368302480057,0.00705847747125015,0.3906247457238017
2022-03-30,HDFCBANK,HDFCBANK,736,0.02128470328929936,0.02151283830673143,1.216837908459247
2022-03-31,HDFCBANK,HDFCBANK,735.5,-6.795786873839907e-4,-6.793478260869565e-4,-0.05655715676115442
2022-04-01,HDFCBANK,HDFCBANK,738.200012207031,0.00366426709061693,0.00367098872471926,0.1952804304477908
2022-04-04,HDFCBANK,HDFCBANK,790,0.06781813832895811,0.07017066775452921,3.914647316031023
2022-04-05,HDFCBANK,HDFCBANK,833.349975585938,0.05342074723082895,0.05487338681764298,3.0799481988066044
2022-04-06,HDFCBANK,HDFCBANK,793.849975585938,-0.04855919692237505,-0.04739905340757596,-2.8324125045388784
2022-04-07,HDFCBANK,HDFCBANK,770.650024414062,-0.0296601494969615,-0.02922460399995868,-1.736726619863219
2022-04-08,HDFCBANK,HDFCBANK,756.049987792969,-0.01912685085968019,-0.01894509330898123,-1.126051045790471
2022-04-11,HDFCBANK,HDFCBANK,753,-0.00404226761298583,-0.00403410864653589,-0.2515114688701665
2022-04-12,HDFCBANK,HDFCBANK,742,-0.01471598463251311,-0.0146082337317397,-0.8703278997762067
2022-04-13,HDFCBANK,HDFCBANK,745,0.00403497521217908,0.00404312668463611,0.21677250076156124
2022-04-18,HDFCBANK,HDFCBANK,709.424987792969,-0.04892945281915235,-0.04775169423762553,-2.853878356795077
2022-04-19,HDFCBANK,HDFCBANK,690.450012207031,-0.02711118894922816,-0.02674697947272673,-1.5889487964692737
2022-04-20,HDFCBANK,HDFCBANK,677.224975585938,-0.01934004636786447,-0.0191542275143411,-1.1384112089106329
2022-04-21,HDFCBANK,HDFCBANK,682.5,0.00775899681580026,0.00778917583406913,0.432675335093205
2022-04-22,HDFCBANK,HDFCBANK,680,-0.0036697288889624,-0.00366300366300366,-0.22991326806039108
2022-04-25,HDFCBANK,HDFCBANK,675,-0.00738010729762253,-0.00735294117647058,-0.44502512833899366
2022-04-26,HDFCBANK,HDFCBANK,686,0.01616493685335536,0.01629629629629629,0.9200157623252176
2022-04-27,HDFCBANK,HDFCBANK,680,-0.0087848295557328,-0.00874635568513119,-0.5264649128665179
2022-04-28,HDFCBANK,HDFCBANK,686,0.00878482955573281,0.0088235294117647,0.4921487269463215
2022-04-29,HDFCBANK,HDFCBANK,690.174987792969,0.00606754321003817,0.00608598803639792,0.3346120941954053
2022-05-02,HDFCBANK,HDFCBANK,681.025024414062,-0.01334611889170822,-0.01325745432787494,-0.7909089469414531
2022-05-04,HDFCBANK,HDFCBANK,700,0.02748128299918946,0.02786237642627534,1.576089079619563
2022-05-05,HDFCBANK,HDFCBANK,687.5,-0.01801850550267836,-0.01785714285714285,-1.0617939255411353
2022-05-06,HDFCBANK,HDFCBANK,665,-0.03327478888487221,-0.03272727272727273,-1.9462879414672236
2022-05-09,HDFCBANK,HDFCBANK,650,-0.0228146777661714,-0.0225563909774436,-1.3398554664903208
2022-05-10,HDFCBANK,HDFCBANK,657.525024414062,0.01151046038331709,0.01157696063701853,0.650169137044085
2022-05-11,HDFCBANK,HDFCBANK,676.5,0.02844962433784284,0.0288581801169424,1.6322293660809706
2022-05-12,HDFCBANK,HDFCBANK,660.549987792969,-0.02385964476658126,-0.02357725381674948,-1.4004381808741857
2022-05-13,HDFCBANK,HDFCBANK,655.025024414062,-0.00839936272650159,-0.00836418663387906,-0.5041171958471202
2022-05-16,HDFCBANK,HDFCBANK,649.5,-0.00847060400710557,-0.00843482952274126,-0.5082474603946886
2022-05-17,HDFCBANK,HDFCBANK,656.299987792969,0.01041514676924956,0.01046957319933637,0.5866675414762009
2022-05-18,HDFCBANK,HDFCBANK,662.025024414062,0.00868537357235671,0.00872320086481403,0.4863826946866641
2022-05-19,HDFCBANK,HDFCBANK,643.099975585938,-0.02900316127453215,-0.02858660644267045,-1.6986372545364774
2022-05-20,HDFCBANK,HDFCBANK,651.5,0.01297720138717132,0.01306177069344258,0.7352045030190411
2022-05-23,HDFCBANK,HDFCBANK,657,0.00840662191971076,0.00844205679201842,0.47022186688094775
2022-05-24,HDFCBANK,HDFCBANK,650,-0.01071165559492777,-0.0106544901065449,-0.6381740400965238
2022-05-25,HDFCBANK,HDFCBANK,665,0.02281467776617126,0.02307692307692307,1.305539280570116
2022-05-26,HDFCBANK,HDFCBANK,671.075012207031,0.00909388173233094,0.00913535670230229,0.5100662494491497
2022-05-27,HDFCBANK,HDFCBANK,685.900024414062,0.02185095771129029,0.02209143827047669,1.2496669163634408
2022-05-30,HDFCBANK,HDFCBANK,705.125,0.02764321196066475,0.02802883058994073,1.5854770277745631
2022-05-31,HDFCBANK,HDFCBANK,697.950012207031,-0.01022760761153709,-0.01017548348586275,-0.6101110096713129
2022-06-01,HDFCBANK,HDFCBANK,690,-0.01145588685729794,-0.01139051804282056,-0.6813213834920866
2022-06-02,HDFCBANK,HDFCBANK,693.625,0.00523987105476017,0.00525362318840579,0.28662720494338306
2022-06-03,HDFCBANK,HDFCBANK,699.150024414062,0.00793387776042757,0.00796543436880453,0.44281418379884
2022-06-06,HDFCBANK,HDFCBANK,688.150024414062,-0.01585847350313175,-0.01573338999625837,-0.9365645148159982
2022-06-07,HDFCBANK,HDFCBANK,681,-0.01044456675384888,-0.01039021166954119,-0.622689372190405
2022-06-08,HDFCBANK,HDFCBANK,686.650024414062,0.00826243038210021,0.0082966584641146,0.4618622586481482
2022-06-09,HDFCBANK,HDFCBANK,681.125,-0.00807889362835015,-0.00804634707291637,-0.4855377690953199
2022-06-10,HDFCBANK,HDFCBANK,680.049987792969,-0.00157953597469657,-0.00157828916429586,-0.108732828599166
2022-06-13,HDFCBANK,HDFCBANK,661.799987792969,-0.02720292988625078,-0.02683626252127209,-1.5942675433605815
2022-06-14,HDFCBANK,HDFCBANK,655.625,-0.00937439789175351,-0.00933059520530045,-0.5606455617261505
2022-06-15,HDFCBANK,HDFCBANK,650.825012207031,-0.00734817152787304,-0.00732123972235497,-0.44317362908915753
2022-06-16,HDFCBANK,HDFCBANK,655,0.00639442801256335,0.00641491601377005,0.35356347602855565
2022-06-17,HDFCBANK,HDFCBANK,637.5,-0.02708095860267069,-0.02671755725190839,-1.587196170357159
2022-06-20,HDFCBANK,HDFCBANK,652.349975585938,0.02302691325438482,0.02329407935049091,1.3178437858411145
2022-06-21,HDFCBANK,HDFCBANK,668.450012207031,0.02438042740386186,0.02468006012667063,1.3963147433930034
2022-06-22,HDFCBANK,HDFCBANK,666.125,-0.00348427707388158,-0.00347821402434341,-0.21916156552758032
2022-06-23,HDFCBANK,HDFCBANK,665.25,-0.00131443075914782,-0.00131356727340964,-0.09336316281166872
2022-06-24,HDFCBANK,HDFCBANK,669.275024414062,0.00603216357175647,0.00605039370772197,0.3325609341873059
2022-06-27,HDFCBANK,HDFCBANK,685,0.02322376483267008,0.02349553623296324,1.3292563978552654
2022-06-28,HDFCBANK,HDFCBANK,672,-0.01916049773907574,-0.01897810218978102,-1.1280017478542972
2022-06-29,HDFCBANK,HDFCBANK,665.625,-0.00953189162535956,-0.00948660714285714,-0.5697763743513928
2022-06-30,HDFCBANK,HDFCBANK,668,0.0035617246388556802,0.00356807511737089,0.1893354579607777
2022-07-01,HDFCBANK,HDFCBANK,671.974975585938,0.00593292758172385,0.00595056225439813,0.3268076562001651
2022-07-04,HDFCBANK,HDFCBANK,676.849975585938,0.00722854544330299,0.00725473444267649,0.4019220347670448
2022-07-05,HDFCBANK,HDFCBANK,682,0.00758001128178952,0.00760881229197615,0.4222985198621376
2022-07-06,HDFCBANK,HDFCBANK,674,-0.01179954693115505,-0.01173020527859237,-0.7012453237614512
2022-07-07,HDFCBANK,HDFCBANK,690,0.02346148667899796,0.02373887240356083,1.3430384930919936
2022-07-08,HDFCBANK,HDFCBANK,705,0.02150620522096368,0.0217391304347826,1.229679642462551
2022-07-11,HDFCBANK,HDFCBANK,697,-0.01141239205174478,-0.01134751773049645,-0.6787997408172698
2022-07-12,HDFCBANK,HDFCBANK,702.625,0.00803791056171515,0.0080703012912482,0.4488455603729204
2022-07-13,HDFCBANK,HDFCBANK,695,-0.01091147575744688,-0.01085216153709304,-0.6497587579194641
2022-07-14,HDFCBANK,HDFCBANK,681,-0.02034953941527972,-0.02014388489208633,-1.1969372953229962
2022-07-15,HDFCBANK,HDFCBANK,676.5,-0.00662985853866968,-0.0066079295154185,-0.4015289162455381
2022-07-18,HDFCBANK,HDFCBANK,674,-0.00370233669853566,-0.00369549150036954,-0.2318037293029812
2022-07-19,HDFCBANK,HDFCBANK,668.5,-0.00819371437030919,-0.00816023738872403,-0.49219458429878543
2022-07-20,HDFCBANK,HDFCBANK,679.950012207031,0.01698288746580613,0.01712791654006136,0.9674370381308424
2022-07-21,HDFCBANK,HDFCBANK,680.275024414062,4.778800631749121e-4,4.779942660432853e-4,0.01054734784876318
2022-07-22,HDFCBANK,HDFCBANK,683,0.00399769549981121,0.00400569694335764,0.21461118258997383
2022-07-25,HDFCBANK,HDFCBANK,697.5,0.02100765412473053,0.0212298682284041,1.200775783625852
2022-07-26,HDFCBANK,HDFCBANK,698,7.165890668517189e-4,7.168458781362007e-4,0.02438667424369888
2022-07-27,HDFCBANK,HDFCBANK,694.450012207031,-0.00509891982216062,-0.00508594239680369,-0.3127716416473055
2022-07-28,HDFCBANK,HDFCBANK,707.525024414062,0.01865281614822439,0.01882786662423309,1.0642523560965669
2022-07-29,HDFCBANK,HDFCBANK,719,0.01608835863261047,0.01621847311399476,0.915576084829572
2022-08-01,HDFCBANK,HDFCBANK,719.5,6.951686063759254e-4,6.954102920723226e-4,0.02314480762162673
2022-08-02,HDFCBANK,HDFCBANK,721,0.00208261095752656,0.00208478109798471,0.10358277709900658
2022-08-03,HDFCBANK,HDFCBANK,712.474975585938,-0.01189434774358334,-0.01182388961728439,-0.7067414691329788
2022-08-04,HDFCBANK,HDFCBANK,720,0.01050642246873528,0.01056180872580609,0.5919593158862653
2022-08-05,HDFCBANK,HDFCBANK,716.5,-0.00487296474187443,-0.00486111111111111,-0.2996717331457046
2022-08-08,HDFCBANK,HDFCBANK,714,-0.00349528492864218,-0.00348918353105373,-0.2197997538346549
2022-08-10,HDFCBANK,HDFCBANK,730.674987792969,0.02308578539815067,0.02335432464001257,1.3212569407728327
2022-08-11,HDFCBANK,HDFCBANK,743.25,0.01706371414047192,0.01721013092977811,0.9721230228020852
2022-08-12,HDFCBANK,HDFCBANK,742.5,-0.00100959120135232,-0.00100908173562058,-0.07568986991764946
2022-08-16,HDFCBANK,HDFCBANK,747.400024414062,0.00657767903985085,0.00659935948021824,0.3641875863041474
2022-08-17,HDFCBANK,HDFCBANK,750,0.00347265681365062,0.00347869347204832,0.18417168665213948
2022-08-18,HDFCBANK,HDFCBANK,750,0,0,-0.01715809296009843
2022-08-19,HDFCBANK,HDFCBANK,755,0.00664454271866851,0.00666666666666666,0.3680640562356149
2022-08-22,HDFCBANK,HDFCBANK,742.400024414062,-0.01682953489171377,-0.01668870938534828,-0.992862498130868
2022-08-23,HDFCBANK,HDFCBANK,726.650024414062,-0.02144324968702835,-0.02121497775061451,-1.2603459359652918
2022-08-24,HDFCBANK,HDFCBANK,730.950012207031,0.00590010998756918,0.0059175499188021,0.32490503254539105
2022-08-25,HDFCBANK,HDFCBANK,739.950012207031,0.0122375581871075,0.01231274348409324,0.6923231558397916
2022-08-26,HDFCBANK,HDFCBANK,736.025024414062,-0.00531851413150481,-0.00530439587569167,-0.32550277987282167
2022-08-29,HDFCBANK,HDFCBANK,718.5,-0.02409841319437485,-0.0238103649098255,-1.4142809524250866
2022-08-30,HDFCBANK,HDFCBANK,723.224975585938,0.00655463778826233,0.006576166438327,0.3628517531500988
2022-09-01,HDFCBANK,HDFCBANK,732.375,0.01257233455761085,0.0126516986040878,0.7117320570096048
2022-09-02,HDFCBANK,HDFCBANK,736.075012207031,0.00503935443011275,0.00505207333269298,0.27500210922699536
2022-09-05,HDFCBANK,HDFCBANK,743.049987792969,0.00943128848123619,0.00947590323033021,0.5296276487010855
2022-09-06,HDFCBANK,HDFCBANK,749.450012207031,0.00857629968828895,0.00861318150757475,0.4800590577080573
2022-09-07,HDFCBANK,HDFCBANK,735.650024414062,-0.01858512513357328,-0.01841348664780168,-1.0946441066945436
2022-09-08,HDFCBANK,HDFCBANK,745.049987792969,0.01269681850627478,0.0127777653326307,0.7189491035807644
2022-09-09,HDFCBANK,HDFCBANK,748.099975585938,0.00408531240630903,0.00409366867047918,0.21969083584167784
2022-09-12,HDFCBANK,HDFCBANK,750,0.00253658028675485,0.00253980012841716,0.12990197588794883
2022-09-13,HDFCBANK,HDFCBANK,749.450012207031,-7.335860657655925e-4,-7.333170572919698e-4,-0.0596882734163508
2022-09-14,HDFCBANK,HDFCBANK,747.025024414062,-0.00324093600792596,-0.00323568984384656,-0.20505369198624143
2022-09-15,HDFCBANK,HDFCBANK,765,0.02377714936987124,0.02406207958031505,1.3613392649204987
2022-09-16,HDFCBANK,HDFCBANK,751.549987792969,-0.01773810948977441,-0.01758171530330852,-1.045537764765272
2022-09-19,HDFCBANK,HDFCBANK,744.5,-0.00942487221269777,-0.00938059730886597,-0.5635718468320785
2022-09-20,HDFCBANK,HDFCBANK,757,0.01665040131338508,0.0167897918065816,0.9481609140036554
2022-09-21,HDFCBANK,HDFCBANK,754,-0.00397088542949273,-0.00396301188903566,-0.24737303537613003
2022-09-22,HDFCBANK,HDFCBANK,751,-0.00398671624382134,-0.0039787798408488,-0.24829083823742437
2022-09-23,HDFCBANK,HDFCBANK,736.174987792969,-0.01993780614104544,-0.01974036245942879,-1.1730667622387114
2022-09-26,HDFCBANK,HDFCBANK,712.674987792969,-0.03244236673185334,-0.03192175826355132,-1.898027667675454
2022-09-27,HDFCBANK,HDFCBANK,716.200012207031,0.0049339957172613,0.00494618791797146,0.268893861975142
2022-09-28,HDFCBANK,HDFCBANK,703,-0.0186025827978323,-0.01843062270601485,-1.0956562273521326
2022-09-29,HDFCBANK,HDFCBANK,698.150024414062,-0.00692287745281049,-0.0068989695390298,-0.41851689881101634
2022-09-30,HDFCBANK,HDFCBANK,689.400024414062,-0.01261232486159705,-0.01253312281603604,-0.7483667096024998
2022-10-03,HDFCBANK,HDFCBANK,704.974975585938,0.02234061706324374,0.02259203745331085,1.2780552699221168
2022-10-04,HDFCBANK,HDFCBANK,714.75,0.01377052464292012,0.01386577503114569,0.7811979900844284
2022-10-06,HDFCBANK,HDFCBANK,729.974975585938,0.02107742233317935,0.02130112009225317,1.204820645754389
2022-10-07,HDFCBANK,HDFCBANK,715.125,-0.02055290094690758,-0.02034312967238109,-1.2087273265703404
2022-10-10,HDFCBANK,HDFCBANK,704,-0.01567899643065045,-0.01555672085299772,-0.9261592022881172
2022-10-11,HDFCBANK,HDFCBANK,700.549987792969,-0.00491263276572681,-0.00490058552135088,-0.3019715153955538
2022-10-12,HDFCBANK,HDFCBANK,701.599975585938,0.00149768286796316,0.00149880495505664,0.06967114986941891
2022-10-13,HDFCBANK,HDFCBANK,701.025024414062,-8.198216972866449e-4,-8.194857352948761e-4,-0.06468784625654864
2022-10-14,HDFCBANK,HDFCBANK,708.5,0.01060647456774309,0.01066292261419022,0.5977599083789652
2022-10-17,HDFCBANK,HDFCBANK,717.5,0.01262288850304093,0.01270289343683839,0.7146629584024402
2022-10-18,HDFCBANK,HDFCBANK,729.025024414062,0.01593511082833159,0.01606275179660215,0.9066914330147872
2022-10-19,HDFCBANK,HDFCBANK,732,0.00407245549920379,0.00408075921444401,0.21894544739332336
2022-10-20,HDFCBANK,HDFCBANK,722,-0.01375537506848534,-0.01366120218579235,-0.814635868516772
2022-10-21,HDFCBANK,HDFCBANK,726,0.0055248759319698,0.00554016620498615,0.3031505679464517
2022-10-24,HDFCBANK,HDFCBANK,727.150024414062,0.00158280237392361,0.00158405566675212,0.0746060145264609
2022-10-25,HDFCBANK,HDFCBANK,730.549987792969,0.00466484121000247,0.00467573851991083,0.25328943558464745
2022-10-27,HDFCBANK,HDFCBANK,732.25,0.00232432729912066,0.00232703064189604,0.1175964560754375
2022-10-28,HDFCBANK,HDFCBANK,725,-0.00995033085316809,-0.0099009900990099,-0.5940356899234503
2022-10-31,HDFCBANK,HDFCBANK,736,0.01505846387420153,0.01517241379310344,0.855867194530016
2022-11-01,HDFCBANK,HDFCBANK,751.75,0.0211737031397621,0.02139945652173913,1.210402594852842
2022-11-02,HDFCBANK,HDFCBANK,758.5,0.00893897691994859,0.00897904888593282,0.5010855313962682
2022-11-03,HDFCBANK,HDFCBANK,748.849975585938,-0.01280413495225549,-0.01272251076343051,-0.7594870377408487
2022-11-04,HDFCBANK,HDFCBANK,751.599975585938,0.00366557122019211,0.00367229764259291,0.1953560382990833
2022-11-07,HDFCBANK,HDFCBANK,755,0.00451351419250117,0.00452371543973431,0.24451614276655131
2022-11-09,HDFCBANK,HDFCBANK,757.525024414062,0.00333882311895336,0.00334440319743317,0.1764125818214595
2022-11-10,HDFCBANK,HDFCBANK,748.549987792969,-0.01191858677970185,-0.01184784176342579,-0.70814674470774
2022-11-11,HDFCBANK,HDFCBANK,772.5,0.03149402318362427,0.03199520753135731,1.8087305815951484
2022-11-14,HDFCBANK,HDFCBANK,806,0.0424517337347278,0.04336569579288026,2.444011742012839
2022-11-15,HDFCBANK,HDFCBANK,811.575012207031,0.00689307666035571,0.00691688859433129,0.3824729904871523
2022-11-16,HDFCBANK,HDFCBANK,809.325012207031,-0.00277623716609918,-0.0027723869835288,-0.1781124419775206
2022-11-17,HDFCBANK,HDFCBANK,809.049987792969,-3.398772431723211e-4,-3.39819491445165e-4,-0.0368627208962993
2022-11-18,HDFCBANK,HDFCBANK,810.5,0.00179063641801841,0.00179224056474749,0.08665534290496482
2022-11-21,HDFCBANK,HDFCBANK,803.825012207031,-0.00826974219387085,-0.00823564194073902,-0.49660235212136367
2022-11-22,HDFCBANK,HDFCBANK,800,-0.0047698713139326,-0.00475851354330071,-0.29369481741783593
2022-11-23,HDFCBANK,HDFCBANK,802.5,0.00312012733624367,0.003125,0.16373353632465404
2022-11-24,HDFCBANK,HDFCBANK,802.974975585938,5.916948031184813e-4,5.918698890192582e-4,0.01714583936090726
2022-11-25,HDFCBANK,HDFCBANK,814.849975585938,0.01468046745328918,0.01478875476951782,0.8339525798127335
2022-11-28,HDFCBANK,HDFCBANK,801.450012207031,-0.01658141495750638,-0.01644469998206892,-0.9784775662611208
2022-11-29,HDFCBANK,HDFCBANK,798.625,-0.00353110338056489,-0.00352487636658899,-0.22187635437960493
2022-11-30,HDFCBANK,HDFCBANK,798.549987792969,-9.393110668456516e-5,-9.392669529631885e-5,-0.02260381651481296
2022-12-01,HDFCBANK,HDFCBANK,811,0.01547048629959017,0.01559077377415075,0.8797544913607068
2022-12-02,HDFCBANK,HDFCBANK,805,-0.00742577669684953,-0.00739827373612823,-0.4476728446480897
2022-12-05,HDFCBANK,HDFCBANK,804.974975585938,-3.1086711835377494e-05,-3.108622864850342e-5,-0.01896036746591298
2022-12-06,HDFCBANK,HDFCBANK,800.5,-0.00557465826995864,-0.00555914869612019,-0.34035292076240325
2022-12-07,HDFCBANK,HDFCBANK,807.075012207031,0.00818008344282289,0.00821363173895193,0.4570881355412303
2022-12-08,HDFCBANK,HDFCBANK,805,-0.002574338461029,-0.00257102769339455,-0.16640721915331577
2022-12-09,HDFCBANK,HDFCBANK,813,0.00988883212924719,0.00993788819875776,0.5561540711955089
2022-12-12,HDFCBANK,HDFCBANK,812.5,-6.151953439180327e-4,-6.150061500615006e-4,-0.05282448605792023
2022-12-13,HDFCBANK,HDFCBANK,825,0.01526747213078838,0.01538461538461538,0.867984598723358
2022-12-14,HDFCBANK,HDFCBANK,826.5,0.00181653092639778,0.00181818181818181,0.08815659567624166
2022-12-15,HDFCBANK,HDFCBANK,828.525024414062,0.00244712363226756,0.00245012028319666,0.12471566192165748
2022-12-16,HDFCBANK,HDFCBANK,810.025024414062,-0.0225818993657341,-0.02232883673378883,-1.3263599710891318
2022-12-19,HDFCBANK,HDFCBANK,822,0.01467525352856746,0.01478346375113552,0.8336502987721737
2022-12-20,HDFCBANK,HDFCBANK,810.099975585938,-0.01458272835683152,-0.01447691534557426,-0.8626022712287895
2022-12-21,HDFCBANK,HDFCBANK,820.5,0.01275624383079723,0.01283795176828613,0.7223943295652209
2022-12-22,HDFCBANK,HDFCBANK,811.099975585938,-0.01152258955378784,-0.01145645876180627,-0.6851885203571703
2022-12-23,HDFCBANK,HDFCBANK,793.5,-0.02193778100989391,-0.02169889793576155,-1.2890167455461568
2022-12-26,HDFCBANK,HDFCBANK,799.75,0.00784563886316351,0.00787649653434152,0.4376984701845355
2022-12-27,HDFCBANK,HDFCBANK,816.5,0.02072773358089251,0.02094404501406689,1.1845471885114955
2022-12-28,HDFCBANK,HDFCBANK,811.549987792969,-0.00608092810106567,-0.00606247667731907,-0.36970427881207824
2022-12-29,HDFCBANK,HDFCBANK,810.049987792969,-0.00185002522250548,-0.00184831498066963,-0.12441463753426764
2022-12-30,HDFCBANK,HDFCBANK,822.5,0.01525252355257821,0.01536943694172732,0.8671179441363749
2023-01-02,HDFCBANK,HDFCBANK,813.5,-0.01100255598043443,-0.01094224924012158,-0.6550391994387748
2023-01-03,HDFCBANK,HDFCBANK,811.099975585938,-0.00295460568273478,-0.00295024513099206,-0.18845348518191857
2023-01-04,HDFCBANK,HDFCBANK,817.5,0.00785958179505069,0.00789054938565208,0.4385068217017258
2023-01-05,HDFCBANK,HDFCBANK,807.5,-0.01230784767459681,-0.01223241590214067,-0.7307144254162978
2023-01-06,HDFCBANK,HDFCBANK,801,-0.00808210802845234,-0.00804953560371517,-0.48572412625610106
2023-01-09,HDFCBANK,HDFCBANK,798,-0.00375234961855046,-0.00374531835205992,-0.2347032643577449
2023-01-10,HDFCBANK,HDFCBANK,800,0.00250313021811847,0.0025062656641604,0.12796268406962022
2023-01-11,HDFCBANK,HDFCBANK,783.974975585938,-0.0202346267224255,-0.02003128051757755,-1.1902751492001638
2023-01-12,HDFCBANK,HDFCBANK,793.900024414062,0.0125804385376275,0.01265990514646997,0.7122018910871676
2023-01-13,HDFCBANK,HDFCBANK,799.375,0.00687263284997793,0.00689630358681341,0.3812877458578491
2023-01-16,HDFCBANK,HDFCBANK,807.5,0.01011288276370443,0.01016419077404222,0.5691435680786856
2023-01-17,HDFCBANK,HDFCBANK,794.900024414062,-0.01572670380436978,-0.01560368493614607,-0.928925071636057
2023-01-18,HDFCBANK,HDFCBANK,802.5,0.00951550371172917,0.00956092005600334,0.534510087336685
2023-01-19,HDFCBANK,HDFCBANK,818.5,0.01974154180701875,0.01993769470404984,1.1273720102131597
2023-01-20,HDFCBANK,HDFCBANK,822.049987792969,0.00432780879619681,0.00433718728524004,0.23374973867968837
2023-01-23,HDFCBANK,HDFCBANK,833.125,0.01338248532558666,0.01347243156923473,0.7587011312147203
2023-01-24,HDFCBANK,HDFCBANK,837.525024414062,0.00526745221724058,0.00528134963428302,0.28822624270081504
2023-01-25,HDFCBANK,HDFCBANK,845.700012207031,0.00971355807219597,0.00976088779996544,0.545992431513997
2023-01-27,HDFCBANK,HDFCBANK,816,-0.03575034625830266,-0.03511885039415174,-2.089810162969514
2023-01-30,HDFCBANK,HDFCBANK,797.5,-0.0229325203051074,-0.02267156862745098,-1.346687472549679
2023-01-31,HDFCBANK,HDFCBANK,809.849975585938,0.01536718052700564,0.01548586280368395,0.8737652647992576
2023-02-01,HDFCBANK,HDFCBANK,812,0.00265132497567273,0.00265484284605487,0.1365543818615837
2023-02-02,HDFCBANK,HDFCBANK,804.049987792969,-0.00983889904357468,-0.0097906554273781,-0.5875753505144293
2023-02-03,HDFCBANK,HDFCBANK,805.5,0.00180176149892577,0.00180338564647099,0.08730032748231892
2023-02-06,HDFCBANK,HDFCBANK,830,0.02996249817361456,0.03041589075108628,1.719939316208995
2023-02-07,HDFCBANK,HDFCBANK,829.700012207031,-3.614964078200549e-4,-3.614310758662378e-4,-0.03811610753583691
2023-02-08,HDFCBANK,HDFCBANK,827.125,-0.00310837205060004,-0.00310354606381335,-0.19736820109406863
2023-02-09,HDFCBANK,HDFCBANK,830,0.00346986845842001,0.00347589542088559,0.1840100297496052
2023-02-10,HDFCBANK,HDFCBANK,824.400024414062,-0.00676982215999994,-0.00674695853727464,-0.40964340798724547
2023-02-13,HDFCBANK,HDFCBANK,827.5,0.00375322862057433,0.00376028080317106,0.20043803921289716
2023-02-14,HDFCBANK,HDFCBANK,832.5,0.00602411460338087,0.00604229607250755,0.3320942894492495
2023-02-15,HDFCBANK,HDFCBANK,839,0.00777748461260735,0.0078078078078078,0.43374717842712046
2023-02-16,HDFCBANK,HDFCBANK,836.599975585938,-0.00286467664158764,-0.00286057737075333,-0.1832397842588321
2023-02-17,HDFCBANK,HDFCBANK,830.5,-0.00731810077226891,-0.00729138867314172,-0.4414302553774927
2023-02-20,HDFCBANK,HDFCBANK,830,-6.022282627059187e-4,-6.020469596628537e-4,-0.05207271018637809
2023-02-21,HDFCBANK,HDFCBANK,820,-0.01212136053234485,-0.01204819277108433,-0.7199026990451468
2023-02-22,HDFCBANK,HDFCBANK,819.5,-6.099420744144223e-4,-6.097560975609756e-4,-0.05251992397529572
2023-02-23,HDFCBANK,HDFCBANK,806.5,-0.01599050061862087,-0.01586333129957291,-0.9442188819160744
2023-02-24,HDFCBANK,HDFCBANK,808.950012207031,0.00303322797605173,0.00303783286674646,0.15869548333677608
2023-02-27,HDFCBANK,HDFCBANK,792.950012207031,-0.01997694220225314,-0.01977872520991469,-1.1753357035711418
2023-02-28,HDFCBANK,HDFCBANK,796,0.0038390025053209,0.00384638091432762,0.2054108419513161
2023-03-01,HDFCBANK,HDFCBANK,806,0.01248455666224527,0.01256281407035176,0.7066430703123563
2023-03-02,HDFCBANK,HDFCBANK,797,-0.0112290637164133,-0.01116625310173697,-0.6681711485521548
2023-03-03,HDFCBANK,HDFCBANK,798,0.00125391865959368,0.00125470514429109,0.05553874434190945
2023-03-06,HDFCBANK,HDFCBANK,810,0.01492565021667579,0.0150375939849624,0.8481672270889363
2023-03-08,HDFCBANK,HDFCBANK,810,0,0,-0.01715809296009843
2023-03-09,HDFCBANK,HDFCBANK,814.974975585938,0.00612316030044603,0.00614194516782463,0.3378365350645615
2023-03-10,HDFCBANK,HDFCBANK,805.224975585938,-0.0120356968160466,-0.01196355752272037,-0.7149362834018568
2023-03-13,HDFCBANK,HDFCBANK,793.950012207031,-0.01410120880371504,-0.01400225243970168,-0.8346858283695793
2023-03-14,HDFCBANK,HDFCBANK,785.125,-0.01117756157262396,-0.0111153247324717,-0.6651852746765946
2023-03-15,HDFCBANK,HDFCBANK,789,0.00492338007132946,0.00493551982168444,0.2682784122573645
2023-03-16,HDFCBANK,HDFCBANK,769.5,-0.02502536756694037,-0.0247148288973384,-1.4680217997226428
2023-03-17,HDFCBANK,HDFCBANK,778.75,0.01194911682272895,0.0120207927225471,0.6756005600183118
2023-03-20,HDFCBANK,HDFCBANK,783.974975585938,0.00668703084383897,0.00670943895465547,0.37052733589028175
2023-03-21,HDFCBANK,HDFCBANK,785.974975585938,0.00254785329995138,0.00255110183651616,0.13055553694630123
2023-03-22,HDFCBANK,HDFCBANK,792,0.00763643756897256,0.00766566952029285,0.42556987449707934
2023-03-23,HDFCBANK,HDFCBANK,783.875,-0.01031182295124091,-0.01025883838383838,-0.6149934546384895
2023-03-24,HDFCBANK,HDFCBANK,780,-0.00495564917954748,-0.0049433902088981,-0.30446542296516504
2023-03-27,HDFCBANK,HDFCBANK,781.099975585938,0.00140923167661312,0.00141022511017686,0.06454312835259593
2023-03-28,HDFCBANK,HDFCBANK,782.849975585938,0.00223792421115055,0.0022404302326181,0.11258717482701146
2023-03-29,HDFCBANK,HDFCBANK,792,0.01162031624302462,0.01168809439792541,0.6565381096235491
2023-03-31,HDFCBANK,HDFCBANK,797.799987792969,0.00729653235601409,0.00732321691031436,0.40586362499238415
2023-04-03,HDFCBANK,HDFCBANK,803.775024414062,0.00746148547097911,0.00748939171786952,0.41542690062380094
2023-04-05,HDFCBANK,HDFCBANK,809.299987792969,0.00685025177679329,0.00687376841913511,0.37999018702219434
2023-04-06,HDFCBANK,HDFCBANK,824.275024414062,0.01833458029607441,0.01850369065484763,1.045802403389977
2023-04-10,HDFCBANK,HDFCBANK,831.625,0.00887737634776496,0.0089168971135122,0.4975141938621457
2023-04-11,HDFCBANK,HDFCBANK,829.5,-0.00255850843155236,-0.00255523823838869,-0.16548946179437962
2023-04-12,HDFCBANK,HDFCBANK,834,0.00541029272824747,0.0054249547920434,0.2965075241933233
2023-04-13,HDFCBANK,HDFCBANK,844.150024414062,0.01209683048592922,0.01217029306242451,0.6841643660186415
2023-04-17,HDFCBANK,HDFCBANK,860,0.01860215640287757,0.01877625437130049,1.0613153208773665
2023-04-18,HDFCBANK,HDFCBANK,835,-0.02950066439669799,-0.02906976744186046,-1.7274803563219234
2023-04-19,HDFCBANK,HDFCBANK,832.5,-0.00299850299625655,-0.0029940119760479,-0.19099846354608263
2023-04-20,HDFCBANK,HDFCBANK,835.849975585938,0.00401592008537613,0.00402399469782336,0.21566776606257235
2023-04-21,HDFCBANK,HDFCBANK,834.5,-0.00161639883808532,-0.00161509316907212,-0.1108699796509949
2023-04-24,HDFCBANK,HDFCBANK,843.5,0.01072715888413323,0.01078490113840623,0.6047566685327389
2023-04-25,HDFCBANK,HDFCBANK,843.849975585938,4.1482276471432866e-4,4.149088155755243e-4,0.00689155555966956
2023-04-26,HDFCBANK,HDFCBANK,830,-0.01654902396009365,-0.01641284112892347,-0.9765996748596756
2023-04-27,HDFCBANK,HDFCBANK,835.25,0.00630538044622225,0.00632530120481927,0.3484008792421452
2023-04-28,HDFCBANK,HDFCBANK,842.349975585938,0.0084644946120713,0.00850041973772876,0.4735770778976868
2023-05-02,HDFCBANK,HDFCBANK,844.349975585938,0.00237149581458446,0.00237431003498136,0.12033108472795326
2023-05-03,HDFCBANK,HDFCBANK,842.474975585938,-0.00222311244675458,-0.00222064316245031,-0.14604463803963014
2023-05-04,HDFCBANK,HDFCBANK,843.549987792969,0.00127520336419408,0.001276016781725,0.05677274041934088
2023-05-05,HDFCBANK,HDFCBANK,819.5,-0.02892476439707686,-0.02851044768063173,-1.6940921391083368
2023-05-08,HDFCBANK,HDFCBANK,817.5,-0.00244349541247587,-0.0024405125076266,-0.15882149918656116
2023-05-09,HDFCBANK,HDFCBANK,824.950012207031,0.0090718904633429,0.00911316477924284,0.5087912897925112
2023-05-10,HDFCBANK,HDFCBANK,822.25,-0.00327830816558506,-0.00327294038072384,-0.20722036974016245
2023-05-11,HDFCBANK,HDFCBANK,832.575012207031,0.01247883747943342,0.01255702305506965,0.706311496570158
2023-05-12,HDFCBANK,HDFCBANK,823.5,-0.01095977293090481,-0.01089993342818988,-0.6525588213319949
2023-05-15,HDFCBANK,HDFCBANK,836,0.01506506346700652,0.01517911353976927,0.8562498106755956
2023-05-16,HDFCBANK,HDFCBANK,835.900024414062,-1.1959517267441708e-4,-1.1958802145688368e-4,-0.02409170922260377
2023-05-17,HDFCBANK,HDFCBANK,825,-0.01312563157734619,-0.01303986612717543,-0.7781260361069282
2023-05-18,HDFCBANK,HDFCBANK,824,-0.00121285642520929,-0.00121212121212121,-0.08747431765262013
2023-05-19,HDFCBANK,HDFCBANK,824,0,0,-0.01715809296009843
2023-05-22,HDFCBANK,HDFCBANK,822.5,-0.00182204726994476,-0.00182038834951456,-0.1227925955861809
2023-05-23,HDFCBANK,HDFCBANK,824.5,0.0024286593601267,0.00243161094224924,0.12364518244720787
2023-05-24,HDFCBANK,HDFCBANK,813.775024414062,-0.01309319698158131,-0.01300785395504906,-0.7762456170596196
2023-05-25,HDFCBANK,HDFCBANK,807.849975585938,-0.00730757751626697,-0.00728094209132342,-0.4408201620324359
2023-05-26,HDFCBANK,HDFCBANK,809.5,0.00204040561588439,0.00204248865993376,0.1011358920230394
2023-05-29,HDFCBANK,HDFCBANK,814.25,0.00585067103865297,0.00586781964175417,0.3220387738784147
2023-05-30,HDFCBANK,HDFCBANK,816.799987792969,0.00312680774916785,0.00313170131159837,0.1641208380748459
2023-05-31,HDFCBANK,HDFCBANK,814.950012207031,-0.00226747526099797,-0.00226490648088361,-0.1486166041433611
2023-06-01,HDFCBANK,HDFCBANK,809.950012207031,-0.00615424420702701,-0.00613534563483115,-0.37395483285392905
2023-06-02,HDFCBANK,HDFCBANK,806.224975585938,-0.00460970284213848,-0.00459909446873483,-0.2844089349199218
2023-06-05,HDFCBANK,HDFCBANK,807.25,0.00127058004303732,0.00127138757183389,0.0565047000457837
2023-06-06,HDFCBANK,HDFCBANK,803.825012207031,-0.00425181065652466,-0.00424278450661997,-0.263659877722178
2023-06-07,HDFCBANK,HDFCBANK,801.724975585938,-0.00261597313650853,-0.00261255446048771,-0.16882101944753705
2023-06-08,HDFCBANK,HDFCBANK,801.625,-1.247083763243503e-4,-1.247006005580504e-4,-0.02438815088649262
2023-06-09,HDFCBANK,HDFCBANK,807.950012207031,0.00785927305787629,0.0078902382124198,0.4384889224417019
2023-06-12,HDFCBANK,HDFCBANK,806.275024414062,-0.00207528486564574,-0.00207313295087837,-0.1374742275665127
2023-06-13,HDFCBANK,HDFCBANK,795.049987792969,-0.01401991525664216,-0.01392209392725584,-0.8299727764343163
2023-06-14,HDFCBANK,HDFCBANK,805.224975585938,0.01271672074626852,0.01279792207935803,0.7201029502770394
2023-06-15,HDFCBANK,HDFCBANK,802,-0.00401310328436936,-0.00400506154642215,-0.2498206459158764
2023-06-16,HDFCBANK,HDFCBANK,793.575012207031,-0.01056053902585142,-0.01050497231043513,-0.6294129481774191
2023-06-19,HDFCBANK,HDFCBANK,805.5,0.0149151337763661,0.01502691945882229,0.8475575288885466
2023-06-20,HDFCBANK,HDFCBANK,802.075012207031,-0.00426106769409288,-0.0042520022259081,-0.2641965611416696
2023-06-21,HDFCBANK,HDFCBANK,808,0.00735992359815921,0.00738707440425737,0.40953877790707893
2023-06-22,HDFCBANK,HDFCBANK,820,0.01474228173720343,0.01485148514851485,0.8375363074383441
2023-06-23,HDFCBANK,HDFCBANK,818.775024414062,-0.00149498960606501,-0.00149387266577799,-0.10383119199151282
2023-06-26,HDFCBANK,HDFCBANK,822.5,0.0045391319872933,0.00454944945176319,0.246001352868332
2023-06-27,HDFCBANK,HDFCBANK,821.474975585938,-0.00124700748139449,-0.00124623029065294,-0.08945424972890963
2023-06-28,HDFCBANK,HDFCBANK,835,0.01633024969272301,0.01646431701028382,0.9295998932379338
2023-06-30,HDFCBANK,HDFCBANK,852,0.02015480197846034,0.02035928143712575,1.1513310662626357
2023-07-03,HDFCBANK,HDFCBANK,856.25,0.0049758627471192,0.00498826291079812,0.27132113318178025
2023-07-04,HDFCBANK,HDFCBANK,861.724975585938,0.00637377633413201,0.00639413207116841,0.35236618009915066
2023-07-05,HDFCBANK,HDFCBANK,858.125,-0.00418638938833156,-0.00417763867583171,-0.2598670325854242
2023-07-06,HDFCBANK,HDFCBANK,836.5,-0.02552325609535679,-0.02520029133284778,-1.4968872457130171
2023-07-07,HDFCBANK,HDFCBANK,832.5,-0.00479329857227973,-0.00478182904961147,-0.29505302959169827
2023-07-10,HDFCBANK,HDFCBANK,830.5,-0.00240529280124934,-0.0024024024024024,-0.156606675289015
2023-07-11,HDFCBANK,HDFCBANK,831.5,0.00120336957963272,0.0012040939193257,0.05260812502815083
2023-07-12,HDFCBANK,HDFCBANK,827.674987792969,-0.0046107481266265,-0.00460013494531692,-0.2844695360408785
2023-07-13,HDFCBANK,HDFCBANK,828.349975585938,8.151904050663696e-4,8.155227630701532e-4,0.03010315783464683
2023-07-14,HDFCBANK,HDFCBANK,826.799987792969,-0.00187292786799767,-0.00187117503308017,-0.12574243490006376
2023-07-17,HDFCBANK,HDFCBANK,825,-0.00217942670874359,-0.00217705348275802,-0.14351192591807008
2023-07-18,HDFCBANK,HDFCBANK,849,0.02867579997666629,0.02909090909090909,1.645342061622605
2023-07-19,HDFCBANK,HDFCBANK,840.549987792969,-0.01000276135495069,-0.00995290012606716,-0.5970753860222286
2023-07-20,HDFCBANK,HDFCBANK,840.575012207031,2.9771033163940723e-5,2.977147632558038e-5,-0.01543209587274909
2023-07-21,HDFCBANK,HDFCBANK,840,-6.843041522013845e-4,-6.840700695126051e-4,-0.0568311189869959
2023-07-24,HDFCBANK,HDFCBANK,839.25,-8.932559772149909e-4,-8.928571428571428e-4,-0.06894525151924004
2023-07-25,HDFCBANK,HDFCBANK,842.325012207031,0.0036573041491328,0.00366400024668575,0.19487674890087195
2023-07-26,HDFCBANK,HDFCBANK,849.799987792969,0.00883507330684109,0.00887421776346434,0.49506164459996344
2023-07-27,HDFCBANK,HDFCBANK,849.950012207031,1.7652527071808865e-4,1.765408522206224e-4,-0.00692391326518574
2023-07-28,HDFCBANK,HDFCBANK,830.75,-0.02284863135213273,-0.02258957812963038,-1.3418239500881728
2023-07-31,HDFCBANK,HDFCBANK,825.025024414062,-0.00691518873694188,-0.00689133383802341,-0.4180711399714893
2023-08-01,HDFCBANK,HDFCBANK,827.224975585938,0.00266297772364494,0.0026665265983154,0.13722995831702223
2023-08-02,HDFCBANK,HDFCBANK,821,-0.0075535867689785,-0.00752513012742234,-0.4550827256224489
2023-08-03,HDFCBANK,HDFCBANK,820,-0.00121876919412945,-0.00121802679658952,-0.087817114688859
2023-08-04,HDFCBANK,HDFCBANK,817.575012207031,-0.00296168364498875,-0.00295730218654753,-0.18886383514080163
2023-08-07,HDFCBANK,HDFCBANK,831.549987792969,0.01694875782298658,0.01709320291995315,0.9654583475098476
2023-08-08,HDFCBANK,HDFCBANK,825.849975585938,-0.00687828503154209,-0.00685468377211996,-0.4159316210746584
2023-08-09,HDFCBANK,HDFCBANK,826.5,7.867878563242569e-4,7.870974550805732e-4,0.02845649961716979
2023-08-10,HDFCBANK,HDFCBANK,823.525024414062,-0.00360598023130086,-0.00359948649236292,-0.2262173937237386
2023-08-11,HDFCBANK,HDFCBANK,819.200012207031,-0.0052656678433739,-0.00525182851621086,-0.3224389782610706
2023-08-14,HDFCBANK,HDFCBANK,805.5,-0.01686506656937512,-0.01672364746445915,-0.994922472731494
2023-08-16,HDFCBANK,HDFCBANK,791.549987792969,-0.01747016951892287,-0.01731845090879084,-1.0300037519976404
2023-08-17,HDFCBANK,HDFCBANK,798.799987792969,0.00911755316184258,0.00915924466149603,0.5114386176221148
2023-08-18,HDFCBANK,HDFCBANK,793.775024414062,-0.00631050972914143,-0.00629064028004127,-0.3830144390334452
2023-08-21,HDFCBANK,HDFCBANK,800.25,0.00812410231916525,0.00815719238674404,0.4538425895822587
2023-08-22,HDFCBANK,HDFCBANK,798.174987792969,-0.00259632249057265,-0.00259295496036366,-0.16768175909795177
2023-08-23,HDFCBANK,HDFCBANK,790,-0.0102949108983327,-0.01024209968740515,-0.6140129661918866
2023-08-24,HDFCBANK,HDFCBANK,796.650024414062,0.00838252072135739,0.00841775242286334,0.4688245825498843
2023-08-25,HDFCBANK,HDFCBANK,787.275024414062,-0.01183781958161031,-0.0117680282592037,-0.7034642082337218
2023-08-28,HDFCBANK,HDFCBANK,780.75,-0.0083226504376265,-0.00828811306305362,-0.4996697456550762
2023-08-29,HDFCBANK,HDFCBANK,794.849975585938,0.01789839072838504,0.01805952684718277,1.0205139990803849
2023-08-30,HDFCBANK,HDFCBANK,801.974975585938,0.00892401797683375,0.00896395573862561,0.5002182758964723
2023-08-31,HDFCBANK,HDFCBANK,789.5,-0.01567757117270995,-0.01555531776639726,-0.926076571932614
2023-09-01,HDFCBANK,HDFCBANK,785.5,-0.00507937600002089,-0.00506649778340722,-0.3116385744842311
2023-09-04,HDFCBANK,HDFCBANK,795,0.01202165695865608,0.0120942075111394,0.679806126638613
2023-09-05,HDFCBANK,HDFCBANK,794.200012207031,-0.00100678058695805,-0.00100627395342009,-0.07552692252407225
2023-09-06,HDFCBANK,HDFCBANK,788.400024414062,-0.00732972782221604,-0.00730293087864753,-0.44210434197142096
2023-09-07,HDFCBANK,HDFCBANK,797.75,0.01178965891319505,0.01185943086808862,0.6663558728791471
2023-09-08,HDFCBANK,HDFCBANK,804.150024414062,0.00799058414338778,0.00802259406338081,0.4461017771881751
2023-09-11,HDFCBANK,HDFCBANK,814.450012207031,0.01272720448994008,0.01280854004882234,0.7207107528662876
2023-09-12,HDFCBANK,HDFCBANK,820,0.00679128646661801,0.00681439954544218,0.3765716307007951
2023-09-13,HDFCBANK,HDFCBANK,815.650024414062,-0.00531896894395545,-0.00530484827553409,-0.3255291479521818
2023-09-14,HDFCBANK,HDFCBANK,822.125,0.00790708030717176,0.00793842382410198,0.44126058214809455
2023-09-15,HDFCBANK,HDFCBANK,825,0.00349093471316585,0.00349703512239622,0.18523136103940116
2023-09-18,HDFCBANK,HDFCBANK,826.875,0.00227014853453907,0.00227272727272727,0.114455403181873
2023-09-20,HDFCBANK,HDFCBANK,799.5,-0.03366700259521119,-0.03310657596371882,-1.9690268137776243
2023-09-21,HDFCBANK,HDFCBANK,776.5,-0.02918988968526712,-0.02876797998749218,-1.7094629686216805
2023-09-22,HDFCBANK,HDFCBANK,779.5,0.00385604590908951,0.00386349001931745,0.20639894555864335
2023-09-25,HDFCBANK,HDFCBANK,762.5,-0.02205018001626447,-0.02180885182809493,-1.2955331588848626
2023-09-26,HDFCBANK,HDFCBANK,762.5,0,0,-0.01715809296009843
2023-09-27,HDFCBANK,HDFCBANK,761.5,-0.00131233614635023,-0.00131147540983606,-0.09324172612628918
2023-09-28,HDFCBANK,HDFCBANK,767,0.0071966290320397,0.0072225869993434,0.4000716578393872
2023-09-29,HDFCBANK,HDFCBANK,761.849975585938,-0.0067371474976527,-0.00671450379929862,-0.4077490709069396
2023-10-03,HDFCBANK,HDFCBANK,763.5,0.00216347078908357,0.00216581278065017,0.10827068406489564
2023-10-04,HDFCBANK,HDFCBANK,747.5,-0.02117881939384559,-0.02095612311722331,-1.2450153992880095
2023-10-05,HDFCBANK,HDFCBANK,767.525024414062,0.02643677876473113,0.02678933031981544,1.515533194425
2023-10-06,HDFCBANK,HDFCBANK,772,0.00581346599520362,0.0058303969819801,0.3198817846911514
2023-10-09,HDFCBANK,HDFCBANK,764,-0.01041676085825571,-0.01036269430051813,-0.6210773053689189
2023-10-10,HDFCBANK,HDFCBANK,760.275024414062,-0.00488754711780167,-0.00487562249468318,-0.300517156891614
2023-10-11,HDFCBANK,HDFCBANK,765.049987792969,0.00626093316324314,0.00628057377340122,0.34582401600263046
2023-10-12,HDFCBANK,HDFCBANK,768.049987792969,0.0039136440896556,0.00392131239509519,0.20973824155640888
2023-10-13,HDFCBANK,HDFCBANK,770,0.00253569554611194,0.00253891314110229,0.12985068241202846
2023-10-16,HDFCBANK,HDFCBANK,765.75,-0.00553476913484486,-0.00551948051948052,-0.3380403194279401
2023-10-17,HDFCBANK,HDFCBANK,777.875,0.01571009717649731,0.0158341495266079,0.8936461045056571
2023-10-18,HDFCBANK,HDFCBANK,770.599975585938,-0.00939644237921215,-0.00935243376385929,-0.561923606761948
2023-10-19,HDFCBANK,HDFCBANK,752.700012207031,-0.0235026422520258,-0.02322860621075988,-1.379740702996749
2023-10-20,HDFCBANK,HDFCBANK,752.5,-2.6576163511312024e-4,-2.6572632361803264e-4,-0.03256581514456177
2023-10-23,HDFCBANK,HDFCBANK,761.75,0.01221742124278763,0.01229235880398671,0.6911557019911857
2023-10-25,HDFCBANK,HDFCBANK,760.5,-0.00164230616647091,-0.00164095831965868,-0.11237197567136412
2023-10-26,HDFCBANK,HDFCBANK,745.625,-0.01975331884716699,-0.0195595003287311,-1.16237097851721
2023-10-27,HDFCBANK,HDFCBANK,734.75,-0.01469248755315387,-0.01458507963118189,-0.8689656396788852
2023-10-30,HDFCBANK,HDFCBANK,731.625,-0.00426221768764177,-0.00425314732902347,-0.26426323284583675
2023-10-31,HDFCBANK,HDFCBANK,752,0.02746823633845495,0.02784896634204681,1.575332690067901
2023-11-01,HDFCBANK,HDFCBANK,731.125,-0.02815188018665002,-0.0277593085106383,-1.6492836204147097
2023-11-02,HDFCBANK,HDFCBANK,742.5,0.01543842691366489,0.01555821507950076,0.8778958253740572
2023-11-03,HDFCBANK,HDFCBANK,744,0.00201816415623719,0.00202020202020202,0.0998464273827606
2023-11-06,HDFCBANK,HDFCBANK,749,0.00669794868412771,0.00672043010752688,0.3711603055435267
2023-11-07,HDFCBANK,HDFCBANK,747,-0.0026737983844022,-0.00267022696929238,-0.17217347983714215
2023-11-08,HDFCBANK,HDFCBANK,741.974975585938,-0.00674966815957911,-0.00672694031333607,-0.4084749652989036
2023-11-09,HDFCBANK,HDFCBANK,743,0.00138052774452094,0.00138148111161374,0.06287899721835653
2023-11-10,HDFCBANK,HDFCBANK,740.049987792969,-0.00397830972943491,-0.00397040673893811,-0.24780346451190283
2023-11-13,HDFCBANK,HDFCBANK,746.049987792969,0.00807487073589048,0.00810756043371291,0.45098835308767976
2023-11-15,HDFCBANK,HDFCBANK,752.049987792969,0.0080101891453327,0.00804235654201902,0.4472383912945138
2023-11-16,HDFCBANK,HDFCBANK,754.849975585938,0.00371622680126534,0.00372314053376433,0.19829283209152287
2023-11-17,HDFCBANK,HDFCBANK,745,-0.01313480329125327,-0.0130489182016494,-0.7786577728257195
2023-11-20,HDFCBANK,HDFCBANK,756.5,0.01531831484885114,0.01543624161073825,0.8709322419175334
2023-11-21,HDFCBANK,HDFCBANK,759.5,0.00395778880741697,0.00396563119629874,0.21229756335953212
2023-11-22,HDFCBANK,HDFCBANK,760,6.581112445493242e-4,6.583278472679394e-4,0.02099638038279529
2023-11-23,HDFCBANK,HDFCBANK,754.25,-0.00759455524120632,-0.00756578947368421,-0.4574579023033853
2023-11-24,HDFCBANK,HDFCBANK,760.599975585938,0.00838368535656321,0.00841892686236387,0.468892103114656
2023-11-28,HDFCBANK,HDFCBANK,767.599975585938,0.00916116893210185,0.00920326087915985,0.5139672733128812
2023-11-29,HDFCBANK,HDFCBANK,766.950012207031,-8.471062173855367e-4,-8.467475242046362e-4,-0.06626968595828435
2023-11-30,HDFCBANK,HDFCBANK,784.575012207031,0.02272055934626568,0.02298063722468824,1.3000826973965194
2023-12-01,HDFCBANK,HDFCBANK,778.950012207031,-0.00719531082714264,-0.00716948655320632,-0.4343114198813693
2023-12-04,HDFCBANK,HDFCBANK,794,0.01913658661756268,0.01932086469878501,1.092299297444738
2023-12-05,HDFCBANK,HDFCBANK,818.25,0.0300844521341542,0.03054156171284634,1.727009684896673
2023-12-06,HDFCBANK,HDFCBANK,819.224975585938,0.00119082821501384,0.00119153753246312,0.05188103038268191
2023-12-07,HDFCBANK,HDFCBANK,812.5,-0.00824282739241114,-0.00820894844072352,-0.49504194712398825
2023-12-08,HDFCBANK,HDFCBANK,815.224975585938,0.00334820460765563,0.00335381610576979,0.17695648038507164
2023-12-11,HDFCBANK,HDFCBANK,825.025024414062,0.01194959968621361,0.01202128139055156,0.6756285543765703
2023-12-12,HDFCBANK,HDFCBANK,827.099975585938,0.00251185868243201,0.00251501604251283,0.12846872307401877
2023-12-13,HDFCBANK,HDFCBANK,816.224975585938,-0.01323555484090532,-0.01314835004353117,-0.7844989164732301
2023-12-14,HDFCBANK,HDFCBANK,823,0.00826617833778133,0.00830043752238591,0.4620795490778585
2023-12-15,HDFCBANK,HDFCBANK,825,0.00242718565761113,0.00243013365735115,0.12355974348257816
2023-12-18,HDFCBANK,HDFCBANK,830.349975585938,0.00646388291594669,0.006484818892046,0.35759017407029436
2023-12-19,HDFCBANK,HDFCBANK,825,-0.00646388291594662,-0.00644303696421829,-0.3919063599904875
2023-12-20,HDFCBANK,HDFCBANK,829,0.00483676880061402,0.00484848484848484,0.2632570614643547
2023-12-21,HDFCBANK,HDFCBANK,828.5,-6.033182686774004e-4,-6.031363088057901e-4,-0.05213590406754475
2023-12-22,HDFCBANK,HDFCBANK,841.799987792969,0.01592560496874649,0.0160530932926602,0.9061403239596768
2023-12-26,HDFCBANK,HDFCBANK,836.625,-0.0061665004145579,-0.0061475265716465,-0.3746653953118651
2023-12-27,HDFCBANK,HDFCBANK,840.75,0.00491840919957269,0.00493052442850739,0.26799022238748277
2023-12-28,HDFCBANK,HDFCBANK,854.650024414062,0.01639770634804995,0.01653288660608034,0.93351074140956
2023-12-29,HDFCBANK,HDFCBANK,848.5,-0.00722197229414791,-0.00719595651831687,-0.4358571376313091
2024-01-01,HDFCBANK,HDFCBANK,853,0.00528946281739814,0.00530347672362993,0.28950232309592766
2024-01-02,HDFCBANK,HDFCBANK,849.400024414062,-0.00422930086979387,-0.00422036997179127,-0.26235485662599206
2024-01-03,HDFCBANK,HDFCBANK,851,0.00188188195148877,0.00188365380262575,0.0919453684185648
2024-01-04,HDFCBANK,HDFCBANK,839,-0.01420142210616796,-0.01410105757931845,-0.8404957667481001
2024-01-05,HDFCBANK,HDFCBANK,843.575012207031,0.00543812127082868,0.00545293469252803,0.2981209039902499
2024-01-08,HDFCBANK,HDFCBANK,839.25,-0.00514019187789048,-0.00512700369788759,-0.3151644188003984
2024-01-09,HDFCBANK,HDFCBANK,833.575012207031,-0.00678494106964372,-0.00676197532674289,-0.4105199376617565
2024-01-10,HDFCBANK,HDFCBANK,821.5,-0.01459175731317784,-0.0144858135503131,-0.8631257314751882
2024-01-11,HDFCBANK,HDFCBANK,830,0.01029376331332072,0.01034692635423006,0.5796302482041849
2024-01-12,HDFCBANK,HDFCBANK,826,-0.00483092726966558,-0.00481927710843373,-0.2972345804210253
2024-01-15,HDFCBANK,HDFCBANK,823.849975585938,-0.00260632865164867,-0.0026029351259831,-0.16826187349229146
2024-01-16,HDFCBANK,HDFCBANK,836.5,0.01523807555754934,0.01535476699512566,0.8662803112198233
2024-01-17,HDFCBANK,HDFCBANK,785,-0.06354280264447021,-0.06156604901374776,-3.701097836751376
2024-01-18,HDFCBANK,HDFCBANK,747,-0.04961853264959112,-0.04840764331210191,-2.893828256207001
2024-01-19,HDFCBANK,HDFCBANK,752.974975585938,0.00796680916124772,0.00799862862910034,0.4447234054770032
2024-01-23,HDFCBANK,HDFCBANK,732.5,-0.02756865340284267,-0.02719210631137518,-1.6154706276115285
2024-01-24,HDFCBANK,HDFCBANK,690.125,-0.05959060028701368,-0.05784982935153583,-3.471966058891295
2024-01-25,HDFCBANK,HDFCBANK,726.25,0.05102156756191234,0.05234558956710741,2.940854029727063
2024-01-29,HDFCBANK,HDFCBANK,724.025024414062,-0.00306835226990914,-0.00306364968803849,-0.19504802548818767
2024-01-30,HDFCBANK,HDFCBANK,727.275024414062,0.00447875053173751,0.0044887951250444,0.24250069449865697
2024-01-31,HDFCBANK,HDFCBANK,719.75,-0.01040077693566423,-0.01034687588801041,-0.6201506259458234
2024-02-01,HDFCBANK,HDFCBANK,732.525024414062,0.01759357383800472,0.01774925239883577,1.0028420203460846
2024-02-02,HDFCBANK,HDFCBANK,737.5,0.00676858488368493,0.00679154352428762,0.3752554900816585
2024-02-05,HDFCBANK,HDFCBANK,723,-0.01985686605521022,-0.01966101694915254,-1.168374202473248
2024-02-06,HDFCBANK,HDFCBANK,722.775024414062,-3.1121797507192807e-4,-3.1116955178140353e-4,-0.03520117918914901
2024-02-07,HDFCBANK,HDFCBANK,726.5,0.00514047882664483,0.00515371375616874,0.2808648689408819
2024-02-08,HDFCBANK,HDFCBANK,714.924987792969,-0.01606085799766319,-0.01593257014044187,-0.9482979016340624
2024-02-09,HDFCBANK,HDFCBANK,696.075012207031,-0.02672019432616045,-0.026366368371218,-1.5662806016213524
2024-02-12,HDFCBANK,HDFCBANK,699.825012207031,0.00537289054465763,0.00538735040654591,0.29433910566444393
2024-02-13,HDFCBANK,HDFCBANK,695.974975585938,-0.00551661616104006,-0.00550142757680416,-0.3369878876987059
2024-02-14,HDFCBANK,HDFCBANK,688,-0.01152486713678794,-0.01145871024920667,-0.685320564871807
2024-02-15,HDFCBANK,HDFCBANK,692.5,0.00651940012814997,0.0065406976744186,0.3608088244286123
2024-02-16,HDFCBANK,HDFCBANK,711.950012207031,0.0276994633114204,0.0280866602267596,1.588738240344146
2024-02-19,HDFCBANK,HDFCBANK,714.5,0.00357529599700803,0.00358169499156839,0.1901222672231012
2024-02-20,HDFCBANK,HDFCBANK,707.5,-0.00984536785252941,-0.00979706088173548,-0.5879503843721053
2024-02-21,HDFCBANK,HDFCBANK,732,0.03404288444391893,0.03462897526501767,1.956502648728334
2024-02-22,HDFCBANK,HDFCBANK,708.875,-0.03210130762711943,-0.03159153005464481,-1.8782545204641
2024-02-23,HDFCBANK,HDFCBANK,711.275024414062,0.00337996219787269,0.00338568071107324,0.17879764954819838
2024-02-26,HDFCBANK,HDFCBANK,706.775024414062,-0.00634676485395239,-0.00632666668382885,-0.38511635600356214
2024-02-27,HDFCBANK,HDFCBANK,706.775024414062,0,0,-0.01715809296009843
2024-02-28,HDFCBANK,HDFCBANK,710.075012207031,0.00465821177239365,0.0046690781068626,0.2529050891650728
2024-02-29,HDFCBANK,HDFCBANK,701.049987792969,-0.01279142169586267,-0.01270995917179337,-0.7587499775459977
2024-03-01,HDFCBANK,HDFCBANK,700,-0.00149885871123876,-0.0014977359835274,-0.10405550615030448
2024-03-04,HDFCBANK,HDFCBANK,715.474975585938,0.02186628861881268,0.02210710797991136,1.2505557367676354
2024-03-05,HDFCBANK,HDFCBANK,711,-0.00627419385897648,-0.00625455220467099,-0.3809090003076843
2024-03-06,HDFCBANK,HDFCBANK,716.775024414062,0.00808958807809588,0.00812239720683831,0.45184160160076137
2024-03-07,HDFCBANK,HDFCBANK,722.75,0.00830136301511858,0.00833591487206503,0.46411940608480234
2024-03-11,HDFCBANK,HDFCBANK,715,-0.01078083820244782,-0.01072293324109304,-0.6421849515894935
2024-03-12,HDFCBANK,HDFCBANK,717,0.00279329790561265,0.00279720279720279,0.1447853647169435
2024-03-13,HDFCBANK,HDFCBANK,732.75,0.02172873899138144,0.02196652719665271,1.2425811980606665
2024-03-14,HDFCBANK,HDFCBANK,731.049987792969,-0.00232273942549773,-0.00232004395364179,-0.15182058387883451
2024-03-15,HDFCBANK,HDFCBANK,725,-0.00831018531082934,-0.00827575117159062,-0.4989470709522246
2024-03-18,HDFCBANK,HDFCBANK,723.5,-0.00207110878313618,-0.00206896551724137,-0.13723211617560674
2024-03-19,HDFCBANK,HDFCBANK,717.75,-0.00797922707036517,-0.00794747753973738,-0.47975952862106697
2024-03-20,HDFCBANK,HDFCBANK,724.525024414062,0.00939498241711679,0.00943925379876286,0.5275227784878777
2024-03-21,HDFCBANK,HDFCBANK,721.299987792969,-0.00446117883231653,-0.00445124255535717,-0.27579814849062756
2024-03-22,HDFCBANK,HDFCBANK,720.5,-0.00110970714639685,-0.00110909164911644,-0.08149416393030669
2024-03-26,HDFCBANK,HDFCBANK,713.599975585938,-0.00962286838630864,-0.00957671674401394,-0.5750508175845144
2024-03-27,HDFCBANK,HDFCBANK,711.775024414062,-0.00256066251906817,-0.00255738681938356,-0.16561434656937885
2024-03-28,HDFCBANK,HDFCBANK,720.349975585938,0.01197528658133725,0.01204727740894655,0.6771177706198327
2024-04-01,HDFCBANK,HDFCBANK,729,0.01193656089312098,0.01200808594048476,0.6748726209571113
2024-04-02,HDFCBANK,HDFCBANK,732.575012207031,0.004892009382841,0.00490399479702472,0.26645967400058135
2024-04-03,HDFCBANK,HDFCBANK,736.049987792969,0.00473229322800949,0.00474350821149207,0.25720001490431216
2024-04-04,HDFCBANK,HDFCBANK,752,0.0214382893303312,0.02166974046811251,1.2257421697933668
2024-04-05,HDFCBANK,HDFCBANK,769.5,0.02300462932909398,0.02327127659574468,1.316551859224564
2024-04-08,HDFCBANK,HDFCBANK,777.474975585938,0.01031050451492431,0.01036384091739825,0.5806008314233633
2024-04-09,HDFCBANK,HDFCBANK,777.424987792969,-6.429711770986777e-5,-6.4295050694467e-5,-0.02088576466302766
2024-04-10,HDFCBANK,HDFCBANK,774.950012207031,-0.0031886337810647,-0.00318355548740999,-0.20202143271840492
2024-04-12,HDFCBANK,HDFCBANK,760.5,-0.01882241519573614,-0.01864637973987236,-1.108401168933355
2024-04-15,HDFCBANK,HDFCBANK,748.775024414062,-0.01553754124011439,-0.01541745639176588,-0.917958235747547
2024-04-16,HDFCBANK,HDFCBANK,743.5,-0.00706980455902339,-0.00704487228081612,-0.4270351036035626
2024-04-18,HDFCBANK,HDFCBANK,754.900024414062,0.01521655658615845,0.01533291784002965,0.8650327333565051
2024-04-19,HDFCBANK,HDFCBANK,743.275024414062,-0.01551919226937984,-0.01539939014973948,-0.916894440955163
2024-04-22,HDFCBANK,HDFCBANK,778.700012207031,0.0465597480421187,0.04766067287259541,2.682176829878656
2024-04-23,HDFCBANK,HDFCBANK,763.150024414062,-0.02017124190680568,-0.01996916341236006,-1.1866003688679012
2024-04-24,HDFCBANK,HDFCBANK,757.5,-0.00743109896877718,-0.00740355661837273,-0.4479814071959401
2024-04-25,HDFCBANK,HDFCBANK,753.125,-0.00579232070450443,-0.00577557755775577,-0.3529720571552385
2024-04-26,HDFCBANK,HDFCBANK,759.900024414062,0.00895566112471219,0.00899588303941848,0.5020528101826016
2024-04-29,HDFCBANK,HDFCBANK,757.5,-0.00316334042020771,-0.00315834233050938,-0.2005550319076561
2024-04-30,HDFCBANK,HDFCBANK,764.599975585938,0.00932925194828531,0.00937290506394449,0.5237120072214425
2024-05-02,HDFCBANK,HDFCBANK,761,-0.00471943147012375,-0.00470831245211481,-0.2907705311486621
2024-05-03,HDFCBANK,HDFCBANK,766.625,0.00736440608446207,0.0073915900131406,0.4097986532785586
2024-05-06,HDFCBANK,HDFCBANK,761,-0.00736440608446193,-0.00733735529104842,-0.4441148391987474
2024-05-07,HDFCBANK,HDFCBANK,760.974975585938,-3.288413339998699e-5,-3.288359272279271e-5,-0.019064574275538
2024-05-08,HDFCBANK,HDFCBANK,747.974975585938,-0.01723095141245631,-0.017083347569991,-1.0161349100018373
2024-05-09,HDFCBANK,HDFCBANK,737.474975585938,-0.01413736608643555,-0.01403790279450814,-0.8367820728740413
2024-05-10,HDFCBANK,HDFCBANK,719.5,-0.02467562990197139,-0.0243736752852617,-1.4477455067317782
2024-05-13,HDFCBANK,HDFCBANK,716,-0.00487635936677692,-0.00486448922863099,-0.29986853896907256
2024-05-14,HDFCBANK,HDFCBANK,726.125,0.01404200935205091,0.01414106145251396,0.7969375116065496
2024-05-15,HDFCBANK,HDFCBANK,729.849975585938,0.00511682381309575,0.00512993711267062,0.27949345249516827
2024-05-16,HDFCBANK,HDFCBANK,723.025024414062,-0.00939516665167419,-0.00935116996667254,-0.5618496455392169
2024-05-17,HDFCBANK,HDFCBANK,723.099975585938,1.0365794373658852e-4,1.0366331640685573e-4,-0.01114844902249143
2024-05-21,HDFCBANK,HDFCBANK,725.049987792969,0.00269310973992616,0.0026967394176039,0.13897688366055846
2024-05-22,HDFCBANK,HDFCBANK,728.924987792969,0.00533022815324139,0.00534445909280736,0.29186572279867967
2024-05-23,HDFCBANK,HDFCBANK,729.325012207031,5.486362751188346e-4,5.487868035272529e-4,0.01464949019144153
2024-05-24,HDFCBANK,HDFCBANK,743.75,0.0195854912736982,0.01977854530083524,1.118324868163793
2024-05-27,HDFCBANK,HDFCBANK,761.674987792969,0.02381498263298024,0.02410082392331963,1.3635326755949435
2024-05-28,HDFCBANK,HDFCBANK,765.049987792969,0.00442123571914213,0.00443102380160783,0.23916623181903104
2024-05-29,HDFCBANK,HDFCBANK,759,-0.00793939781633199,-0.00790796404091463,-0.4774503989353752
2024-05-30,HDFCBANK,HDFCBANK,749.599975585938,-0.01246207904087116,-0.01238474889863247,-0.7396560999460841
2024-05-31,HDFCBANK,HDFCBANK,759.5,0.01312062368106879,0.01320707675627059,0.7435195137936025
2024-06-03,HDFCBANK,HDFCBANK,799.5,0.05132621023818137,0.05266622778143515,2.9585159082728003
2024-06-04,HDFCBANK,HDFCBANK,778.5,-0.02661754099995586,-0.02626641651031895,-1.5603292011086407
2024-06-05,HDFCBANK,HDFCBANK,747.025024414062,-0.04127030681738848,-0.04043028334738337,-2.4098338515932993
2024-06-06,HDFCBANK,HDFCBANK,782.450012207031,0.04633135375355268,0.04742142048153606,2.6689355065204308
2024-06-07,HDFCBANK,HDFCBANK,780.525024414062,-0.00246323673915863,-0.00246020546097152,-0.15996601681775047
2024-06-10,HDFCBANK,HDFCBANK,787,0.00826144694634448,0.008295666869616,0.4618052432519863
2024-06-11,HDFCBANK,HDFCBANK,778,-0.01150172423901164,-0.01143583227445997,-0.6839788387068214
2024-06-12,HDFCBANK,HDFCBANK,787.5,0.01213684652139645,0.01221079691516709,0.6864843244924831
2024-06-13,HDFCBANK,HDFCBANK,790.875,0.00427655676726017,0.00428571428571428,0.23077836539283397
2024-06-14,HDFCBANK,HDFCBANK,792,0.00142146434737744,0.00142247510668563,0.0652523262495399
2024-06-18,HDFCBANK,HDFCBANK,798.450012207031,0.0081109717608602,0.00814395480685735,0.4530813360085253
2024-06-19,HDFCBANK,HDFCBANK,806.700012207031,0.01027950349970023,0.01033251909809082,0.5788035252403029
2024-06-20,HDFCBANK,HDFCBANK,834.900024414062,0.03436011936686778,0.03495724777526567,1.9748945718436663
2024-06-21,HDFCBANK,HDFCBANK,836.424987792969,0.00182485607641708,0.00182652213955456,0.0886392522439845
2024-06-24,HDFCBANK,HDFCBANK,823.5,-0.01557329290057609,-0.01545265622333147,-0.9200309640094446
2024-06-25,HDFCBANK,HDFCBANK,835.549987792969,0.01452662642212085,0.01463265062898479,0.8250335352418195
2024-06-26,HDFCBANK,HDFCBANK,853.974975585938,0.02181171472684613,0.02205132913907035,1.247391776079376
2024-06-27,HDFCBANK,HDFCBANK,848.049987792969,-0.00696230884304906,-0.00693812812126451,-0.420802962056693
2024-06-28,HDFCBANK,HDFCBANK,848.799987792969,8.839909946441003e-4,8.843818298398401e-4,0.0340919215622998
2024-07-01,HDFCBANK,HDFCBANK,840,-0.01042168108089766,-0.01036756352441817,-0.621362558819894
2024-07-02,HDFCBANK,HDFCBANK,857.5,0.02061928720273561,0.02083333333333333,1.17825993163997
2024-07-03,HDFCBANK,HDFCBANK,895.5,0.04336104246067139,0.04431486880466472,2.4967295702399404
2024-07-04,HDFCBANK,HDFCBANK,879.875,-0.01760236957247075,-0.01744835287548855,-1.0376681453062155
2024-07-05,HDFCBANK,HDFCBANK,842.5,-0.04340618970177885,-0.04247762466259412,-2.5336631999762194
2024-07-08,HDFCBANK,HDFCBANK,822.650024414062,-0.02384279571652021,-0.02356080188241893,-1.3994613450630191
2024-07-09,HDFCBANK,HDFCBANK,812.5,-0.01241495230610399,-0.0123382047199129,-0.7369238935595439
2024-07-10,HDFCBANK,HDFCBANK,814.974975585938,0.0030414937630379,0.00304612379807748,0.15917469828992248
2024-07-11,HDFCBANK,HDFCBANK,811.974975585938,-0.00368788652406318,-0.00368109462237549,-0.230965970031617
2024-07-12,HDFCBANK,HDFCBANK,811,-0.00120146732745437,-0.00120074585455591,-0.08681402650839709
2024-07-15,HDFCBANK,HDFCBANK,811.75,9.243568675425224e-4,9.247842170160296e-4,0.036432162113151
2024-07-16,HDFCBANK,HDFCBANK,810.375,-0.00169530748779559,-0.0016938712657838,-0.11544476544417144
2024-07-18,HDFCBANK,HDFCBANK,804,-0.00789783431619342,-0.00786672836649699,-0.47504072508280254
2024-07-19,HDFCBANK,HDFCBANK,808,0.00496278934212909,0.00497512437810945,0.2705631931126396
2024-07-22,HDFCBANK,HDFCBANK,808.5,6.186204960661022e-4,6.188118811881188e-4,0.01870687580013793
2024-07-23,HDFCBANK,HDFCBANK,823.775024414062,0.01871678498949866,0.01889304194689183,1.067960995736733
2024-07-24,HDFCBANK,HDFCBANK,804.075012207031,-0.024204900414789,-0.02391431109609486,-1.4204546257155848
2024-07-25,HDFCBANK,HDFCBANK,796.5,-0.00946543424176805,-0.00942077802696426,-0.5659234596782554
2024-07-26,HDFCBANK,HDFCBANK,802.5,0.00750472565406779,0.00753295668549905,0.4179337813778726
2024-07-29,HDFCBANK,HDFCBANK,807.5,0.00621120009264067,0.00623052959501557,0.3429407054190807
2024-07-30,HDFCBANK,HDFCBANK,801,-0.00808210802845234,-0.00804953560371517,-0.48572412625610106
2024-07-31,HDFCBANK,HDFCBANK,807,0.00746272120158959,0.00749063670411985,0.41549854299585753
2024-08-01,HDFCBANK,HDFCBANK,811.450012207031,0.0054991175354211,0.00551426543622183,0.3016572063565792
2024-08-02,HDFCBANK,HDFCBANK,815.5,0.00497863625569872,0.00499105025823288,0.2714819293390257
2024-08-05,HDFCBANK,HDFCBANK,820.049987792969,0.00556387706233371,0.00557938417286202,0.3054116865660422
2024-08-06,HDFCBANK,HDFCBANK,815,-0.00617718588253956,-0.00615814629369143,-0.3752848930132631
2024-08-07,HDFCBANK,HDFCBANK,808.5,-0.00800743422370112,-0.00797546012269938,-0.4813948586491574
2024-08-08,HDFCBANK,HDFCBANK,812,0.00431966114451638,0.00432900432900432,0.23327737270596724
2024-08-09,HDFCBANK,HDFCBANK,826,0.01709443335930004,0.01724137931034482,0.9739039916361532
2024-08-12,HDFCBANK,HDFCBANK,826,0,0,-0.01715809296009843
2024-08-13,HDFCBANK,HDFCBANK,814,-0.0146344075184378,-0.01452784503631961,-0.8655984078397667
2024-08-14,HDFCBANK,HDFCBANK,803.25,-0.01329436800657244,-0.0132063882063882,-0.7879086521072018
2024-08-16,HDFCBANK,HDFCBANK,814.25,0.01360144616037505,0.0136943666355431,0.7713955432966662
2024-08-19,HDFCBANK,HDFCBANK,818.825012207031,0.0056029565592355,0.00561868247716429,0.3076773485421026
2024-08-20,HDFCBANK,HDFCBANK,813.724975585938,-0.00624795963377632,-0.00622848172083387,-0.37938805220907473
2024-08-21,HDFCBANK,HDFCBANK,814.049987792969,3.993331002897743e-4,3.9941284436672414e-4,0.00599353110974279
2024-08-22,HDFCBANK,HDFCBANK,816,0.00239258078201512,0.00239544528747902,0.12155350089912809
2024-08-23,HDFCBANK,HDFCBANK,817,0.00122473989589586,0.00122549019607843,0.05384708450338301
2024-08-26,HDFCBANK,HDFCBANK,816.099975585938,-0.00110222830033367,-0.00110162106984338,-0.08106057244388792
2024-08-27,HDFCBANK,HDFCBANK,821.700012207031,0.00683851323329742,0.00686194925697968,0.3793096365094856
2024-08-28,HDFCBANK,HDFCBANK,818.875,-0.00344393274092613,-0.00343800920659989,-0.21682257377043507
2024-08-29,HDFCBANK,HDFCBANK,821,0.00259166240038785,0.00259502366050984,0.13309540109331783
2024-08-30,HDFCBANK,HDFCBANK,828,0.00849004493283146,0.00852618757612667,0.475058376143872
2024-09-02,HDFCBANK,HDFCBANK,823.400024414062,-0.00557101539914967,-0.00555552606997337,-0.3401417227038324
2024-09-03,HDFCBANK,HDFCBANK,817,-0.00780304412610706,-0.00777267940769901,-0.4695451955491989
2024-09-04,HDFCBANK,HDFCBANK,819.5,0.00305530332388153,0.00305997552019583,0.15997531752481478
2024-09-05,HDFCBANK,HDFCBANK,823,0.00426180249318536,0.00427089688834655,0.22992297572802636
2024-09-06,HDFCBANK,HDFCBANK,819.150024414062,-0.0046889536066569,-0.00467797762568402,-0.2890035550654762
2024-09-09,HDFCBANK,HDFCBANK,819,-1.8316321734341767e-4,-1.8314644398546e-4,-0.02777711239094529
2024-09-10,HDFCBANK,HDFCBANK,827,0.00972061117062185,0.00976800976800976,0.5464013399745405
2024-09-11,HDFCBANK,HDFCBANK,825.200012207031,-0.00217889903377957,-0.00217652695643165,-0.14348133358202497
2024-09-12,HDFCBANK,HDFCBANK,827,0.00217889903377947,0.00218127455930936,0.1091651476618219
2024-09-13,HDFCBANK,HDFCBANK,837,0.01201937546578394,0.0120918984280532,0.6796738554463287
2024-09-16,HDFCBANK,HDFCBANK,833.5,-0.00419036829862657,-0.0041816009557945,-0.2600977127751976
2024-09-17,HDFCBANK,HDFCBANK,839,0.00657700427635755,0.00659868026394721,0.3641484664046908
2024-09-18,HDFCBANK,HDFCBANK,835.924987792969,-0.00367182492863132,-0.00366509202268298,-0.2300347874696643
2024-09-19,HDFCBANK,HDFCBANK,849.599975585938,0.01622674021315036,0.01635910876294539,0.9235988566171478
2024-09-20,HDFCBANK,HDFCBANK,858.25,0.01012981058607621,0.0101812907987626,0.5701249707712952
2024-09-23,HDFCBANK,HDFCBANK,874.5,0.01875686212085524,0.01893387707544422,1.0702844962887583
2024-09-24,HDFCBANK,HDFCBANK,882.5,0.00910649434879501,0.00914808461978273,0.5107974749716552
2024-09-25,HDFCBANK,HDFCBANK,880.075012207031,-0.00275164382366612,-0.00274786152177787,-0.176686625239019
2024-09-26,HDFCBANK,HDFCBANK,886.525024414062,0.00730220846152026,0.00732893459939947,0.4061927012967631
2024-09-27,HDFCBANK,HDFCBANK,888.5,0.00222529414940005,0.00222777195403287,0.1118549379014616
2024-09-30,HDFCBANK,HDFCBANK,874.400024414062,-0.01599668281144668,-0.01586941540341919,-0.9445772989972692
2024-10-01,HDFCBANK,HDFCBANK,862,-0.01428269411956628,-0.01418118031546412,-0.845207570253073
2024-10-03,HDFCBANK,HDFCBANK,857.825012207031,-0.00485514045270333,-0.00484337330970879,-0.2986383571448117
2024-10-04,HDFCBANK,HDFCBANK,837.25,-0.02427741853667579,-0.02398509243055897,-1.4246589160560437
2024-10-07,HDFCBANK,HDFCBANK,826.099975585938,-0.01340690965925276,-0.01331743734137001,-0.7944333354684425
2024-10-08,HDFCBANK,HDFCBANK,815,-0.01352768877419849,-0.01343660079164745,-0.8014355916367455
2024-10-09,HDFCBANK,HDFCBANK,824.75,0.01189219686782813,0.01196319018404908,0.672300584641916
2024-10-10,HDFCBANK,HDFCBANK,819.5,-0.00638591192480639,-0.00636556532282509,-0.38738593562816503
2024-10-11,HDFCBANK,HDFCBANK,832.224975585938,0.01540840943341101,0.01552773103836236,0.8761555403391891
2024-10-14,HDFCBANK,HDFCBANK,828.025024414062,-0.00505943096643576,-0.00504665360339478,-0.31048224679867686
2024-10-15,HDFCBANK,HDFCBANK,847,0.02265731800119482,0.0229159445988547,1.2964162348726531
2024-10-16,HDFCBANK,HDFCBANK,840.049987792969,-0.00823929530795782,-0.00820544534478279,-0.49483717198416893
2024-10-17,HDFCBANK,HDFCBANK,847.474975585938,0.00879991214234187,0.00883874519476675,0.49302315076673736
2024-10-18,HDFCBANK,HDFCBANK,831.549987792969,-0.01896989705014182,-0.01879110091947972,-1.1169515356518804
2024-10-21,HDFCBANK,HDFCBANK,857.5,0.03072976460379832,0.03120679765254449,1.7644221400473736
2024-10-22,HDFCBANK,HDFCBANK,865.025024414062,0.00873725743177439,0.00877553867529101,0.489390698800671
2024-10-23,HDFCBANK,HDFCBANK,852.525024414062,-0.01455587359362977,-0.01445044900113388,-0.861045346992656
2024-10-24,HDFCBANK,HDFCBANK,869.049987792969,0.01919808408484096,0.01938355227785189,1.0958646573977222
2024-10-25,HDFCBANK,HDFCBANK,877.5,0.00967630837694022,0.00972327521514682,0.5438328536061013
2024-10-28,HDFCBANK,HDFCBANK,871,-0.00743497848751809,-0.0074074074074074,-0.4482063250887872
2024-10-29,HDFCBANK,HDFCBANK,863.075012207031,-0.00914036926017722,-0.00909872306885072,-0.5470775832743218
2024-10-30,HDFCBANK,HDFCBANK,871,0.0091403692601771,0.00918227000073078,0.5127613973541184
2024-10-31,HDFCBANK,HDFCBANK,864,-0.00806920804844713,-0.00803673938002296,-0.484976240625352
2024-11-01,HDFCBANK,HDFCBANK,866.5,0.00288934035160523,0.00289351851851851,0.15035349468852535
2024-11-04,HDFCBANK,HDFCBANK,872.5,0.00690054492092149,0.00692440854010386,0.38290596827173623
2024-11-05,HDFCBANK,HDFCBANK,851.5,-0.02436315397383927,-0.02406876790830945,-1.4296294897681454
2024-11-06,HDFCBANK,HDFCBANK,885.75,0.0394352436428384,0.04022313564298297,2.269128556604097
2024-11-07,HDFCBANK,HDFCBANK,872.150024414062,-0.01547328828847563,-0.01535419202476766,-0.9142331246043964
2024-11-08,HDFCBANK,HDFCBANK,876,0.00440463547928563,0.00441435014408729,0.23820382095865436
2024-11-11,HDFCBANK,HDFCBANK,877.275024414062,0.00145444909791724,0.00145550732198863,0.06716464091611991
2024-11-12,HDFCBANK,HDFCBANK,886,0.00989641057077226,0.00994554198298922,0.5565934368005548
2024-11-13,HDFCBANK,HDFCBANK,858.375,-0.03167588366424054,-0.03117945823927765,-1.853590259846267
2024-11-14,HDFCBANK,HDFCBANK,836.549987792969,-0.0257547900292798,-0.02542596441768577,-1.5103105922718365
2024-11-18,HDFCBANK,HDFCBANK,850,0.01595007257280149,0.0160779539815852,0.9075588509251598
2024-11-19,HDFCBANK,HDFCBANK,857,0.00820156911341771,0.00823529411764706,0.4583337827669138
2024-11-21,HDFCBANK,HDFCBANK,874.700012207031,0.02044306578370668,0.02065345648428357,1.168043367965556
2024-11-22,HDFCBANK,HDFCBANK,871.775024414062,-0.00334959328526814,-0.00334398965605212,-0.2113531758899127
2024-11-25,HDFCBANK,HDFCBANK,892.525024414062,0.02352316072367597,0.02380201246754746,1.3466140902468893
2024-11-26,HDFCBANK,HDFCBANK,905,0.01388039188003198,0.01397717178196511,0.7875676222771016
2024-11-27,HDFCBANK,HDFCBANK,894.950012207031,-0.01116707926751441,-0.01110495888725853,-0.6645775554890154
2024-11-28,HDFCBANK,HDFCBANK,909.5,0.0161271335257653,0.01625787764065988,0.917824087184041
2024-11-29,HDFCBANK,HDFCBANK,900.650024414062,-0.00977824598145163,-0.00973059437706207,-0.5840589455584198
2024-12-02,HDFCBANK,HDFCBANK,901.75,0.001220567806923,0.00122131300296535,0.05360520464064258
2024-12-03,HDFCBANK,HDFCBANK,911.349975585938,0.01058967009839579,0.01064593910278675,0.5967856571667831
2024-12-04,HDFCBANK,HDFCBANK,919,0.00835913247364278,0.00839416757447498,0.4674686320455354
2024-12-05,HDFCBANK,HDFCBANK,930,0.01189846379161451,0.01196953210010881,0.6726639140615693
2024-12-06,HDFCBANK,HDFCBANK,928.5,-0.00161420535454111,-0.00161290322580645,-0.11074281086287734
2024-12-09,HDFCBANK,HDFCBANK,926.825012207031,-0.00180560089150304,-0.00180397177487235,-0.12183910495212946
2024-12-10,HDFCBANK,HDFCBANK,938.849975585938,0.01289091613334238,0.01297436217250127,0.7302020532898075
2024-12-11,HDFCBANK,HDFCBANK,930.849975585938,-0.00855757504440217,-0.00852106322419317,-0.5132896689143278
2024-12-12,HDFCBANK,HDFCBANK,925.5,-0.00576398897664543,-0.00574740906295918,-0.3513295048294616
2024-12-13,HDFCBANK,HDFCBANK,931.25,0.0061936376802171,0.00621285791464073,0.3419225119112175
2024-12-16,HDFCBANK,HDFCBANK,932.549987792969,0.00139498659973895,0.00139596004614118,0.06371725976219483
2024-12-17,HDFCBANK,HDFCBANK,928.174987792969,-0.00470247685126681,-0.00469143751784732,-0.2897875749105274
2024-12-18,HDFCBANK,HDFCBANK,914.924987792969,-0.01437819808144152,-0.01427532542274823,-0.8507444812201616
2024-12-19,HDFCBANK,HDFCBANK,899.799987792969,-0.01666957852011049,-0.01653140989895284,-0.9835889122942624
2024-12-20,HDFCBANK,HDFCBANK,891.099975585938,-0.00971587561968362,-0.00966882898984076,-0.5804429789187768
2024-12-23,HDFCBANK,HDFCBANK,891,-1.121997501963131e-4,-1.1219345603978538e-4,-0.0236629542786072
2024-12-24,HDFCBANK,HDFCBANK,901.025024414062,0.01118860379630103,0.01125143031881262,0.6315092696261557
2024-12-26,HDFCBANK,HDFCBANK,899.275024414062,-0.00194412098397895,-0.00194223240485249,-0.12986990706894547
2024-12-27,HDFCBANK,HDFCBANK,897.400024414062,-0.00208718953591986,-0.00208501287047495,-0.13816440939882724
2024-12-30,HDFCBANK,HDFCBANK,896.099975585938,-0.00144973410183428,-0.00144868374499201,-0.10120747154289272
2024-12-31,HDFCBANK,HDFCBANK,885.150024414062,-0.01229483689225402,-0.01221956418949348,-0.7299601159402332
2025-01-01,HDFCBANK,HDFCBANK,886.724975585938,0.00177772313131829,0.0017793042178567,0.08590668580899563
2025-01-02,HDFCBANK,HDFCBANK,888.549987792969,0.00205603400890639,0.00205814909614457,0.10204195936330886
2025-01-03,HDFCBANK,HDFCBANK,895.5,0.0077913146074189,0.00782174588094234,0.4345489823360192
2025-01-06,HDFCBANK,HDFCBANK,870.049987792969,-0.028831554269443,-0.02841989079512118,-1.6886882148333011
2025-01-07,HDFCBANK,HDFCBANK,857.5,-0.01452948819122848,-0.01442444453657677,-0.8595156342869401
2025-01-08,HDFCBANK,HDFCBANK,854.125,-0.00394362593915261,-0.00393586005830903,-0.2457926467926848
2025-01-09,HDFCBANK,HDFCBANK,842.075012207031,-0.01420845469486174,-0.01410799097669425,-0.8409034861421553
2025-01-10,HDFCBANK,HDFCBANK,835.5,-0.00783875037063215,-0.00780810748652698,-0.4716152907894648
2025-01-13,HDFCBANK,HDFCBANK,820,-0.01872600777714963,-0.01855176540993417,-1.102811879412804
2025-01-14,HDFCBANK,HDFCBANK,819.950012207031,-6.096258131328587e-5,-6.096072313289923e-5,-0.02069244251406268
2025-01-15,HDFCBANK,HDFCBANK,828.25,0.01007166350301979,0.01012255341106488,0.5667538517563597
2025-01-16,HDFCBANK,HDFCBANK,826.424987792969,-0.00220588690894282,-0.00220345572838034,-0.1450459750799871
2025-01-17,HDFCBANK,HDFCBANK,821.75,-0.00567294172673361,-0.00565688097773264,-0.34605097494796233
2025-01-20,HDFCBANK,HDFCBANK,813,-0.01070510299651821,-0.01064800730149072,-0.6377941484848625
2025-01-21,HDFCBANK,HDFCBANK,829.125,0.01963981829790944,0.01983394833948339,1.1214745165161562
2025-01-22,HDFCBANK,HDFCBANK,821.200012207031,-0.00960422783607189,-0.00955825453697449,-0.5739701182605088
2025-01-23,HDFCBANK,HDFCBANK,843.5,0.02679320197637495,0.02715536709873669,1.536197086798949
2025-01-24,HDFCBANK,HDFCBANK,830,-0.01613420119537944,-0.01600474214582098,-0.952550026339914
2025-01-27,HDFCBANK,HDFCBANK,820.549987792969,-0.01145086854165184,-0.01138555687594099,-0.6810304430285534
2025-01-28,HDFCBANK,HDFCBANK,823.5,0.00358871736870333,0.00359516452491293,0.1909003809125645
2025-01-29,HDFCBANK,HDFCBANK,837.5,0.01685771408152655,0.01700060716454159,0.9601800210333674
2025-01-30,HDFCBANK,HDFCBANK,840.5,0.0035756891494487,0.0035820895522388,0.19014506051897853
2025-01-31,HDFCBANK,HDFCBANK,843.625,0.00371113021490022,0.0037180249851279,0.1979973538266881
2025-02-01,HDFCBANK,HDFCBANK,848.75,0.00605659580933529,0.00607497407023262,0.3339774107558635
2025-02-03,HDFCBANK,HDFCBANK,835,-0.01633295402205045,-0.01620029455081001,-0.9640728645984172
2025-02-04,HDFCBANK,HDFCBANK,844.349975585938,0.01113534681266624,0.0111975755520215,0.6284216576468038
2025-02-05,HDFCBANK,HDFCBANK,866.5,0.02589503749213895,0.02623322680703697,1.4841253540103927
2025-02-06,HDFCBANK,HDFCBANK,867.75,0.00144154558623494,0.00144258511252163,0.0664165505338484
2025-02-07,HDFCBANK,HDFCBANK,875,0.0083202316157187,0.0083549409392106,0.46521332679285526
2025-02-10,HDFCBANK,HDFCBANK,858.650024414062,-0.01886246949466621,-0.01868568638392909,-1.1107233457590104
2025-02-11,HDFCBANK,HDFCBANK,851.5,-0.00836191676020529,-0.00832705317738875,-0.5019462389843035
2025-02-12,HDFCBANK,HDFCBANK,846.5,-0.00588929852955295,-0.00587199060481503,-0.358594416401204
2025-02-13,HDFCBANK,HDFCBANK,849.5,0.00353773953879674,0.00354400472533963,0.187944904511942
2025-02-14,HDFCBANK,HDFCBANK,850.950012207031,0.00170544567387927,0.00170690077343263,0.081716348163211
2025-02-17,HDFCBANK,HDFCBANK,842.599975585938,-0.00986106621562624,-0.00981260532500181,-0.588860508277852
2025-02-18,HDFCBANK,HDFCBANK,856.525024414062,0.0163912138296608,0.01652628676904567,0.9331343329803488
2025-02-19,HDFCBANK,HDFCBANK,858.5,0.00230314593762968,0.00230580021557339,0.11636845138919796
2025-02-20,HDFCBANK,HDFCBANK,855.5,-0.00350058700528206,-0.0034944670937682,-0.22010714554615343
2025-02-21,HDFCBANK,HDFCBANK,840.450012207031,-0.01774861612844618,-0.01759203716302627,-1.0461468947086447
2025-02-24,HDFCBANK,HDFCBANK,840.549987792969,1.1894775259475686e-4,1.1895482715910462e-4,-0.01026201134295228
2025-02-25,HDFCBANK,HDFCBANK,835.549987792969,-0.00596624891658091,-0.00594848619667284,-0.36305567050512727
2025-02-27,HDFCBANK,HDFCBANK,841.275024414062,0.0068284511798916,0.00685181820924352,0.3787262817170746
2025-02-28,HDFCBANK,HDFCBANK,842.5,0.00145503500680955,0.00145609408384747,0.06719860940609455
2025-03-03,HDFCBANK,HDFCBANK,869.900024414062,0.03200462835234411,0.03252228417099352,1.8383332839650284
2025-03-04,HDFCBANK,HDFCBANK,849,-0.02431910426751353,-0.02402577747729075,-1.427075676321425
2025-03-05,HDFCBANK,HDFCBANK,850.974975585938,0.00232353593770039,0.00232623743926732,0.11755057632719672
2025-03-06,HDFCBANK,HDFCBANK,843.5,-0.00882282026302462,-0.00878401339685819,-0.528667451480846
2025-03-07,HDFCBANK,HDFCBANK,841,-0.00296824201307492,-0.00296384113811499,-0.1892440612536192
2025-03-10,HDFCBANK,HDFCBANK,844.5,0.00415307627490663,0.00416171224732461,0.2236194949239105
2025-03-11,HDFCBANK,HDFCBANK,841.200012207031,-0.00391527790786098,-0.00390762320067374,-0.2441491492636602
2025-03-12,HDFCBANK,HDFCBANK,845.775024414062,0.00542393731237328,0.00543867349101398,0.29729857878419164
2025-03-13,HDFCBANK,HDFCBANK,858.025024414062,0.01437986939403146,0.0144837570824305,0.8165251908509659
2025-03-17,HDFCBANK,HDFCBANK,852.5,-0.00646005588872672,-0.00643923458740033,-0.391684485331372
2025-03-18,HDFCBANK,HDFCBANK,855.200012207031,0.00316216482705379,0.00316716974431791,0.1661706901277549
2025-03-19,HDFCBANK,HDFCBANK,867.5,0.01428013783628844,0.01438258608208641,0.8107431819689307
2025-03-20,HDFCBANK,HDFCBANK,877,0.01089148055116875,0.01095100864553314,0.6142833355157045
2025-03-21,HDFCBANK,HDFCBANK,877.775024414062,8.833319983172169e-4,8.837222509259353e-4,0.03405371577567118
2025-03-24,HDFCBANK,HDFCBANK,889.5,0.01326918273538948,0.01335760902261338,0.7521323319529483
2025-03-25,HDFCBANK,HDFCBANK,902.450012207031,0.01445379343091301,0.01455875458912987,0.8208109901257189
2025-03-26,HDFCBANK,HDFCBANK,912.5,0.01107478491984383,0.01113633736719747,0.6249105382966547
2025-03-27,HDFCBANK,HDFCBANK,900,-0.01379332213233587,-0.0136986301369863,-0.8168358768711614
2025-03-28,HDFCBANK,HDFCBANK,914.5,0.01598270450660971,0.01611111111111111,0.9094507107876446
2025-04-01,HDFCBANK,HDFCBANK,901,-0.01487221022258247,-0.01476216511755057,-0.879385190866653
2025-04-02,HDFCBANK,HDFCBANK,885.349975585938,-0.0175222381317176,-0.01736961644180027,-1.033022467321732
2025-04-03,HDFCBANK,HDFCBANK,890.549987792969,0.00585621620087935,0.00587339735745694,0.3223602586518489
2025-04-04,HDFCBANK,HDFCBANK,906.5,0.01775179451740614,0.01791029411673969,1.0120149781773249
2025-04-07,HDFCBANK,HDFCBANK,881.400024414062,-0.02807945008783404,-0.02768888647097402,-1.6450844332751713
2025-04-08,HDFCBANK,HDFCBANK,882.5,0.00124720870038006,0.00124798678859714,0.05514972962430916
2025-04-09,HDFCBANK,HDFCBANK,882.5,0,0,-0.01715809296009843
2025-04-11,HDFCBANK,HDFCBANK,887.375,0.00550887755209804,0.00552407932011331,0.30222305035212077
2025-04-15,HDFCBANK,HDFCBANK,932.5,0.04960148515842073,0.05085223270883223,2.8585237297094155
2025-04-16,HDFCBANK,HDFCBANK,941.900024414062,0.01002998623081546,0.01008045513572337,0.5643375818863413
2025-04-17,HDFCBANK,HDFCBANK,941,-9.55998163406386e-4,-9.555413427470005e-4,-0.07258277494759872
2025-04-21,HDFCBANK,HDFCBANK,962,0.02207131108032682,0.02231668437832093,1.2624420616212593
2025-04-22,HDFCBANK,HDFCBANK,967.5,0.00570097423823045,0.00571725571725571,0.3133599940694647
2025-04-23,HDFCBANK,HDFCBANK,989.450012207031,0.02243382062816402,0.02268735111837832,1.2834588137191063
2025-04-24,HDFCBANK,HDFCBANK,955,-0.03543790505137071,-0.03481733466270629,-2.071696158992466
2025-04-25,HDFCBANK,HDFCBANK,962.400024414062,0.00771884954763352,0.00774871666393931,0.4303477683091018
2025-04-28,HDFCBANK,HDFCBANK,955.599975585938,-0.00709080012512102,-0.0070657197169796,-0.4282523366680717
2025-04-29,HDFCBANK,HDFCBANK,959.400024414062,0.00396872461193975,0.00397661042822237,0.2129315745021823
2025-04-30,HDFCBANK,HDFCBANK,956.5,-0.00302732563487481,-0.00302274790521627,-0.19266947677665763
2025-05-02,HDFCBANK,HDFCBANK,964.900024414062,0.00874370544819836,0.00878204329750344,0.48976452719640273
2025-05-05,HDFCBANK,HDFCBANK,969.5,0.00475598035420055,0.00476730797963374,0.2585732931035708
2025-05-06,HDFCBANK,HDFCBANK,965,-0.00465237334372058,-0.00464156781846312,-0.2868827879783927
2025-05-07,HDFCBANK,HDFCBANK,967,0.00207039411430849,0.00207253886010362,0.10287449681545438
2025-05-08,HDFCBANK,HDFCBANK,977.400024414062,0.01069751436133764,0.01075493734649642,0.6030380059751009
2025-05-09,HDFCBANK,HDFCBANK,955.049987792969,-0.02313232746505035,-0.02286682633806113,-1.3582714365389024
2025-05-12,HDFCBANK,HDFCBANK,958.799987792969,0.00391880747907571,0.00392649604516083,0.210037592776465
2025-05-13,HDFCBANK,HDFCBANK,975,0.01675498116918966,0.01689613309687384,0.9542240064573216
2025-05-14,HDFCBANK,HDFCBANK,961.049987792969,-0.01441104694647177,-0.01430770482772412,-0.8526489178264671
2025-05-15,HDFCBANK,HDFCBANK,956.75,-0.00448429974556372,-0.00447426028571501,-0.2771386000867063
2025-05-16,HDFCBANK,HDFCBANK,966.900024414062,0.01055297843352146,0.0106088575009794,0.5946584314721168
2025-05-19,HDFCBANK,HDFCBANK,968.5,0.00165338010771759,0.00165474769421743,0.07869780946986495
2025-05-20,HDFCBANK,HDFCBANK,964.049987792969,-0.0046053350238842,-0.00459474672899434,-0.2841557075111371
2025-05-21,HDFCBANK,HDFCBANK,963.5,-5.706599687452462e-4,-5.704971733136809e-4,-0.05024251561003723
2025-05-22,HDFCBANK,HDFCBANK,957.599975585938,-0.00614235910571023,-0.00612353338252417,-0.373265785546009
2025-05-23,HDFCBANK,HDFCBANK,960.049987792969,0.00255522497521948,0.00255849234491876,0.13098291512869614
2025-05-26,HDFCBANK,HDFCBANK,967.5,0.00773007118000651,0.00776002531301275,0.4309983505272076
2025-05-27,HDFCBANK,HDFCBANK,965.799987792969,-0.0017586641037903,-0.00175711856023878,-0.1191179108828602
2025-05-28,HDFCBANK,HDFCBANK,960.099975585938,-0.00591934052523456,-0.00590185574557378,-0.36033612273564936
2025-05-29,HDFCBANK,HDFCBANK,964,0.00405387433563363,0.00406210239895267,0.21786819105408095
2025-05-30,HDFCBANK,HDFCBANK,965.950012207031,0.00202079106534942,0.00202283423965873,0.09999872433031592
2025-06-02,HDFCBANK,HDFCBANK,965.049987792969,-9.321848567959244e-4,-9.31750507467403e-4,-0.07120218134765618
2025-06-03,HDFCBANK,HDFCBANK,969,0.00408471107166696,0.00409306487435386,0.21965597303275103
2025-06-04,HDFCBANK,HDFCBANK,960.5,-0.00881062968215492,-0.0087719298245614,-0.5279606937758534
2025-06-05,HDFCBANK,HDFCBANK,974,0.01395732143392369,0.01405517959396147,0.7920276685649478
2025-06-06,HDFCBANK,HDFCBANK,972,-0.00205549918209599,-0.00205338809034907,-0.13632713831401616
2025-06-09,HDFCBANK,HDFCBANK,997.5,0.02589634430357945,0.02623456790123456,1.484201117344759
2025-06-10,HDFCBANK,HDFCBANK,991.400024414062,-0.00613403855170104,-0.0061152637453012,-0.3727833954352622
2025-06-11,HDFCBANK,HDFCBANK,983.799987792969,-0.00769549825911947,-0.00766596372194447,-0.46331014646121926
2025-06-12,HDFCBANK,HDFCBANK,975,-0.00898514095535091,-0.00894489520447203,-0.5380781105140382
2025-06-13,HDFCBANK,HDFCBANK,960,-0.01550418653596519,-0.01538461538461538,-0.9160244727540396
2025-06-16,HDFCBANK,HDFCBANK,962,0.00208116620382467,0.00208333333333333,0.10349901646269676
2025-06-17,HDFCBANK,HDFCBANK,968.5,0.00673403218134411,0.00675675675675675,0.3732522722802512
2025-06-18,HDFCBANK,HDFCBANK,958.5,-0.01037892036135141,-0.01032524522457408,-0.6188834753099818
2025-06-19,HDFCBANK,HDFCBANK,966.950012207031,0.00877723794687124,0.00881587084718938,0.49170859795545974
2025-06-20,HDFCBANK,HDFCBANK,965.799987792969,-0.00119003963242375,-0.00118933181606477,-0.0861514976593188
2025-06-23,HDFCBANK,HDFCBANK,974.200012207031,0.00865987310260871,0.00869747827731666,0.48490428658880874
2025-06-24,HDFCBANK,HDFCBANK,982.5,0.00848370984066104,0.00851979849000978,0.4746910946130624
2025-06-25,HDFCBANK,HDFCBANK,983,5.087764037502004e-4,5.089058524173028e-4,0.01233858544367781
2025-06-26,HDFCBANK,HDFCBANK,990.700012207031,0.00780265615344001,0.00783317620247306,0.4352065166342301
2025-06-27,HDFCBANK,HDFCBANK,1006.5,0.01582246877923958,0.0159483068520112,0.9001609290992776
2025-06-30,HDFCBANK,HDFCBANK,1005.75,-7.454342499486196e-4,-7.451564828614009e-4,-0.06037518042685565
2025-07-01,HDFCBANK,HDFCBANK,1002.5,-0.00323665164917334,-0.00323141933880188,-0.2048053032021685
2025-07-02,HDFCBANK,HDFCBANK,1009.95001220703,0.00740395656544196,0.00743143362297256,0.4120916208957269
2025-07-03,HDFCBANK,HDFCBANK,997.450012207031,-0.01245408131350793,-0.01237685018952858,-0.7391924259426214
2025-07-04,HDFCBANK,HDFCBANK,993.549987792969,-0.00391765886711057,-0.00390999485320829,-0.24428718709080793
2025-07-07,HDFCBANK,HDFCBANK,994.5,9.557227284791434e-4,9.561795769746228e-4,0.03825062048913993
2025-07-08,HDFCBANK,HDFCBANK,988.5,-0.00605145568335526,-0.00603318250377073,-0.3679955941706959
2025-07-09,HDFCBANK,HDFCBANK,1003.5,0.01506052562572121,0.01517450682852807,0.8559867260591439
2025-07-10,HDFCBANK,HDFCBANK,1008,0.0044742803949211,0.00448430493273542,0.2422415350975479
2025-07-11,HDFCBANK,HDFCBANK,999,-0.00896866998276037,-0.00892857142857142,-0.5371231940164974
2025-07-14,HDFCBANK,HDFCBANK,991.5,-0.00753583068870284,-0.0075075075075075,-0.4540533040813906
2025-07-15,HDFCBANK,HDFCBANK,986.5,-0.00505562249718068,-0.00504286434694906,-0.31026144805093675
2025-07-16,HDFCBANK,HDFCBANK,1009,0.022551694890939,0.02280790674100355,1.2902926589908754
2025-07-17,HDFCBANK,HDFCBANK,1002,-0.00696173870879888,-0.00693756194251734,-0.42076990811295534
2025-07-18,HDFCBANK,HDFCBANK,993.450012207031,-0.00856953575819781,-0.00853292194907083,-0.5139830999101623
2025-07-21,HDFCBANK,HDFCBANK,989.099975585938,-0.00438833182392551,-0.00437871716507316,-0.27157479071823787
2025-07-22,HDFCBANK,HDFCBANK,1006.54998779297,0.01748849475455632,0.01764231385881366,0.9967499848102488
2025-07-23,HDFCBANK,HDFCBANK,1005.5,-0.00104369960453626,-0.00104315513953984,-0.07766732915547415
2025-07-24,HDFCBANK,HDFCBANK,1018.84997558594,0.01318958607186915,0.01327695234802586,0.747517658063659
2025-07-25,HDFCBANK,HDFCBANK,1007.5,-0.01120250146373783,-0.01113998710105738,-0.6666311828244341
2025-07-28,HDFCBANK,HDFCBANK,1001.5,-0.00597313871496509,-0.00595533498759305,-0.363455111528152
2025-07-29,HDFCBANK,HDFCBANK,999.950012207031,-0.00154886516613619,-0.00154766629352868,-0.10695466638523304
2025-07-30,HDFCBANK,HDFCBANK,1014,0.0139528942113918,0.01405069015595956,0.7917709971503883
2025-07-31,HDFCBANK,HDFCBANK,1007.29998779297,-0.0066294333210576,-0.00660750710752465,-0.40150426394825595
2025-08-01,HDFCBANK,HDFCBANK,1007,-2.978581115086388e-4,-2.9781375618526953e-4,-0.03442663147793449
2025-08-04,HDFCBANK,HDFCBANK,1005.04998779297,-0.00193833436485147,-0.00193645700797418,-0.12953442365778417
2025-08-05,HDFCBANK,HDFCBANK,993.25,-0.01181016365900248,-0.01174069741434659,-0.7018608362040638
2025-08-06,HDFCBANK,HDFCBANK,985.549987792969,-0.00778254610777871,-0.00775234050544276,-0.46835680817492303
2025-08-07,HDFCBANK,HDFCBANK,990.049987792969,0.00455558598716235,0.00456597844425654,0.2469552853601215
2025-08-08,HDFCBANK,HDFCBANK,993.549987792969,0.00352894099145579,0.00353517503474975,0.1874348023935589
2025-08-11,HDFCBANK,HDFCBANK,987.950012207031,-0.00565227402980148,-0.00563632998313201,-0.34485275033443835
2025-08-12,HDFCBANK,HDFCBANK,995.950012207031,0.00806496624220708,0.00809757568819539,0.4504141329336432
2025-08-13,HDFCBANK,HDFCBANK,997,0.00105370218388502,0.00105425752306804,0.04393104997639912
2025-08-14,HDFCBANK,HDFCBANK,989,-0.00805643833912618,-0.00802407221664995,-0.4842359075313379
2025-08-18,HDFCBANK,HDFCBANK,1005,0.01604848887046408,0.01617795753286147,0.9132646066568452
2025-08-19,HDFCBANK,HDFCBANK,999.150024414062,-0.00583787853104666,-0.00582087122978901,-0.35561330495758525
2025-08-20,HDFCBANK,HDFCBANK,993.5,-0.00567087997025797,-0.00565483088225456,-0.34593144313150925
2025-08-21,HDFCBANK,HDFCBANK,998.75,0.00527043508861289,0.00528434826371414,0.2883991768167458
2025-08-22,HDFCBANK,HDFCBANK,994.950012207031,-0.00381200017182043,-0.00380474372262225,-0.2381615481410382
2025-08-25,HDFCBANK,HDFCBANK,980.099975585938,-0.01503791454329655,-0.01492540975817692,-0.8889920181923543
2025-08-26,HDFCBANK,HDFCBANK,979.5,-6.123449807720022e-4,-6.121575358465532e-4,-0.0526592342018343
2025-08-28,HDFCBANK,HDFCBANK,967,-0.01284374193130114,-0.01276161306789178,-0.7617832808740665
2025-08-29,HDFCBANK,HDFCBANK,954,-0.01353482400500781,-0.01344364012409514,-0.8018492617813671
2025-09-01,HDFCBANK,HDFCBANK,949.599975585938,-0.00462285386266648,-0.00461218492040046,-0.2851713748057667
2025-09-02,HDFCBANK,HDFCBANK,951,0.00147324495977018,0.00147433071825657,0.06825434454292181
2025-09-03,HDFCBANK,HDFCBANK,945,-0.00632913505164751,-0.00630914826498422,-0.38409425551879867
2025-09-04,HDFCBANK,HDFCBANK,960.200012207031,0.0159566813161059,0.01608466900214923,0.9079419975775332
2025-09-05,HDFCBANK,HDFCBANK,967.5,0.00757381609408813,0.00760256998559067,0.42193934939367256
2025-09-08,HDFCBANK,HDFCBANK,969,0.00154918698682931,0.00155038759689922,0.07265713825147986
2025-09-09,HDFCBANK,HDFCBANK,974,0.00514669175176878,0.00515995872033023,0.28122506774919326
2025-09-10,HDFCBANK,HDFCBANK,973.900024414062,-1.0264960703594278e-4,-1.0264433874533342e-4,-0.02310927785132978
2025-09-11,HDFCBANK,HDFCBANK,960.299987792969,-0.01406293110325702,-0.01396450999092581,-0.8324666511197623
2025-09-12,HDFCBANK,HDFCBANK,969.900024414062,0.00994727563898584,0.00999691423838978,0.5595423757608192
2025-09-15,HDFCBANK,HDFCBANK,969.599975585938,-3.0940843569763466e-4,-3.0936057384404813e-4,-0.0350962698407809
2025-09-16,HDFCBANK,HDFCBANK,961.200012207031,-0.00870107357343385,-0.00866332878549296,-0.5216090994756958
2025-09-17,HDFCBANK,HDFCBANK,965.150024414062,0.0041010384074017,0.00410945917277021,0.22060256208013693
2025-09-18,HDFCBANK,HDFCBANK,973.299987792969,0.00840879192105004,0.00844424511500658,0.470347674271323
2025-09-19,HDFCBANK,HDFCBANK,974.900024414062,0.00164257978730946,0.00164392956042388,0.0780716531163307
2025-09-22,HDFCBANK,HDFCBANK,964,-0.01124363206731201,-0.01118065867380936,-0.6690157591869348
2025-09-23,HDFCBANK,HDFCBANK,967,0.0031072008427487,0.00311203319502074,0.16298411355524223
2025-09-24,HDFCBANK,HDFCBANK,952.200012207031,-0.01542338587305763,-0.01530505459459046,-0.9113399961332124
2025-09-25,HDFCBANK,HDFCBANK,952.5,3.149974206192984e-4,3.15047037516476e-4,0.0011041093463363
2025-09-26,HDFCBANK,HDFCBANK,945.099975585938,-0.00779939083209867,-0.00776905450295227,-0.4693333931981351
2025-09-29,HDFCBANK,HDFCBANK,946.049987792969,0.00100469270585626,0.00100519757863927,0.04108969019340678
2025-09-30,HDFCBANK,HDFCBANK,958.049987792969,0.01260454705955572,0.01268431917429087,0.7135996000077576
2025-10-01,HDFCBANK,HDFCBANK,952.700012207031,-0.00559988440834544,-0.00558423428224505,-0.34181542430203216
2025-10-03,HDFCBANK,HDFCBANK,952,-7.350367344584341e-4,-7.347666611333087e-4,-0.05977237697852029
2025-10-06,HDFCBANK,HDFCBANK,971.900024414062,0.02068790883799141,0.02090338698956097,1.1822383203619349
2025-10-07,HDFCBANK,HDFCBANK,974,0.00215836001317839,0.00216069094884937,0.10797438315125692
2025-10-08,HDFCBANK,HDFCBANK,976,0.00205128277055736,0.00205338809034907,0.10176650289840944
2025-10-09,HDFCBANK,HDFCBANK,974.5,-0.00153806746547702,-0.00153688524590163,-0.10632866191353146
2025-10-10,HDFCBANK,HDFCBANK,979,0.00460712358289483,0.00461775269368907,0.24994321458761584
2025-10-13,HDFCBANK,HDFCBANK,974.299987792969,-0.00481239062824197,-0.00480082962924517,-0.2961599052852916
2025-10-14,HDFCBANK,HDFCBANK,970,-0.00442318040483992,-0.00441341254936225,-0.27359516229302705
2025-10-15,HDFCBANK,HDFCBANK,975,0.00514139950041865,0.00515463917525773,0.2809182456659441
2025-10-16,HDFCBANK,HDFCBANK,982.650024414062,0.00781555769327246,0.00784617888621748,0.43595449269708625
2025-10-17,HDFCBANK,HDFCBANK,993.950012207031,0.01143388717074358,0.01149950390497061,0.645729749900782
2025-10-20,HDFCBANK,HDFCBANK,997,0.00306385409997492,0.00306855249812471,0.16047105492668806
2025-10-21,HDFCBANK,HDFCBANK,1006,0.00898658069784618,0.00902708124373119,0.5038453947018383
2025-10-23,HDFCBANK,HDFCBANK,1016,0.0098912774787427,0.0099403578528827,0.5562958420935342
2025-10-24,HDFCBANK,HDFCBANK,1011,-0.00493340911795577,-0.00492125984251968,-0.30317603937816023
2025-10-27,HDFCBANK,HDFCBANK,996.5,-0.01444607936762196,-0.01434223541048466,-0.8546799476713186
2025-10-28,HDFCBANK,HDFCBANK,997.650024414062,0.00115339821726039,0.00115406363679081,0.04971099930763682
2025-10-29,HDFCBANK,HDFCBANK,1004.90002441406,0.00724079947981729,0.00726707745459737,0.40263247135873065
2025-10-30,HDFCBANK,HDFCBANK,1000,-0.00488805836779004,-0.00487613125187962,-0.30054679697786724
2025-10-31,HDFCBANK,HDFCBANK,994,-0.00601807232556302,-0.006,-0.3660601699615976
2025-11-03,HDFCBANK,HDFCBANK,985,-0.00909556548448515,-0.0090543259557344,-0.5444800521130446
2025-11-04,HDFCBANK,HDFCBANK,987,0.00202839826139261,0.00203045685279187,0.10043975699925788
2025-11-06,HDFCBANK,HDFCBANK,981,-0.00609757986811844,-0.0060790273556231,-0.37066967699876624
2025-11-07,HDFCBANK,HDFCBANK,980,-0.00101988790074552,-0.00101936799184505,-0.07628682848015901
2025-11-10,HDFCBANK,HDFCBANK,982.299987792969,0.00234417658921747,0.00234692631935609,0.11874723296330658
2025-11-11,HDFCBANK,HDFCBANK,983.5,0.00122088957527863,0.0012216351643526,0.05362385939278279
2025-11-12,HDFCBANK,HDFCBANK,998.799987792969,0.01543690835480722,0.01555667289574883,0.8778077858306907
2025-11-13,HDFCBANK,HDFCBANK,984,-0.01492864913166764,-0.01481776929700635,-0.8826572772654605
2025-11-14,HDFCBANK,HDFCBANK,976.049987792969,-0.00811209494971398,-0.00807928069820226,-0.4874626396113867
2025-11-17,HDFCBANK,HDFCBANK,991.25,0.01545297084651833,0.01557298539739863,0.8787390203550781
2025-11-18,HDFCBANK,HDFCBANK,997.650024414062,0.00643576492105197,0.00645651895491757,0.3559600130670422
2025-11-19,HDFCBANK,HDFCBANK,990,-0.00769759474147419,-0.00766804413056075,-0.46343169153551966
2025-11-20,HDFCBANK,HDFCBANK,995.299987792969,0.00533924385870711,0.00535352302320098,0.2923884148157331
2025-11-21,HDFCBANK,HDFCBANK,1003.09997558594,0.00780627256348613,0.00783682094708664,0.43541618061101894
2025-11-24,HDFCBANK,HDFCBANK,1000,-0.00309518056869179,-0.00309039543553893,-0.19660341543056511
2025-11-25,HDFCBANK,HDFCBANK,1004,0.00399202126953745,0.004,0.21428221500354416
2025-11-26,HDFCBANK,HDFCBANK,981.299987792969,-0.02286908947887922,-0.02260957391138548,-1.3430100247192622
2025-11-27,HDFCBANK,HDFCBANK,1002.09997558594,0.02097484192858963,0.02119635998340532,1.1988734729248134
2025-11-28,HDFCBANK,HDFCBANK,1007,0.0048778400171774,0.00488975604574273,0.26563819482213685
2025-12-01,HDFCBANK,HDFCBANK,1017.5,0.01037302459818765,0.01042701092353525,0.5842254782745201
2025-12-02,HDFCBANK,HDFCBANK,988,-0.02942121956888224,-0.02899262899262899,-1.7228744852169515
2025-12-03,HDFCBANK,HDFCBANK,986,-0.00202634314523236,-0.0020242914979757,-0.13463679608006773
2025-12-04,HDFCBANK,HDFCBANK,1000,0.01409892437950167,0.01419878296146044,0.8002372013104796
2025-12-05,HDFCBANK,HDFCBANK,992,-0.00803217169726426,-0.008,-0.48282903149372214
2025-12-08,HDFCBANK,HDFCBANK,1000,0.00803217169726425,0.00806451612903225,0.4485128455735245
2025-12-09,HDFCBANK,HDFCBANK,994.900024414062,-0.00511302484761134,-0.00509997558593795,-0.3135893906555733
2025-12-10,HDFCBANK,HDFCBANK,997.5,0.00260989462949271,0.00261330336932013,0.134152427705649
2025-12-11,HDFCBANK,HDFCBANK,990,-0.00754720563538296,-0.0075187969924812,-0.45471277480686134
2025-12-12,HDFCBANK,HDFCBANK,1003,0.01304584483329989,0.013131313131313129,0.7391841562420617
2025-12-15,HDFCBANK,HDFCBANK,992,-0.01102768067706274,-0.01096709870388833,-0.6564958218194024
2025-12-16,HDFCBANK,HDFCBANK,990.099975585938,-0.00191718381458213,-0.0019153471915948,-0.12830820527430783
2025-12-17,HDFCBANK,HDFCBANK,996,0.00594133411430755,0.00595901884612251,0.32729503098068646
2025-12-18,HDFCBANK,HDFCBANK,973.299987792969,-0.02305491069405014,-0.02279117691468978,-1.353783143488321
2025-12-19,HDFCBANK,HDFCBANK,987,0.0139776925429335,0.01407583723297565,0.7932086982800871
2025-12-22,HDFCBANK,HDFCBANK,988,0.00101265831438618,0.00101317122593718,0.04155150208437828
2025-12-23,HDFCBANK,HDFCBANK,990.5,0.00252716839073784,0.00253036437246963,0.12935631443836682
2025-12-24,HDFCBANK,HDFCBANK,993,0.00252079790656689,0.00252397778899545,0.12898698103083903
2025-12-26,HDFCBANK,HDFCBANK,996,0.00301659353942572,0.00302114803625377,0.1577310898940597
2025-12-29,HDFCBANK,HDFCBANK,993.099975585938,-0.00291591825897521,-0.00291167109845586,-0.1862105539286308
2025-12-30,HDFCBANK,HDFCBANK,990.200012207031,-0.00292438407045658,-0.00292011222454811,-0.1867013654459348
2020-01-01,INFOSYS,INFOSYS,735,NA,NA,NA
2020-01-02,INFOSYS,INFOSYS,738.900024414062,0.00529212762285564,0.00530615566539053,0.26713521456132616
2020-01-03,INFOSYS,INFOSYS,733.900024414062,-0.00678981401847855,-0.00676681531302551,-0.4125125875661273
2020-01-06,INFOSYS,INFOSYS,746.099975585938,0.01648679393801613,0.01662345110509598,0.8968709459953734
2020-01-07,INFOSYS,INFOSYS,738,-0.01091578215475732,-0.01085642119151225,-0.6446114718941356
2020-01-08,INFOSYS,INFOSYS,724.950012207031,-0.0178411208028244,-0.01768291028857585,-1.0341838875598786
2020-01-09,INFOSYS,INFOSYS,721.700012207031,-0.00449314680514735,-0.00448306772229126,-0.2833177221962627
2020-01-10,INFOSYS,INFOSYS,740.450012207031,0.02564856897697425,0.02598032379500815,1.4122500509159988
2020-01-13,INFOSYS,INFOSYS,760,0.02606030731090199,0.02640284620253712,1.4354116471240326
2020-01-14,INFOSYS,INFOSYS,769.950012207031,0.01300716024836148,0.01309212132504081,0.7011304384190379
2020-01-15,INFOSYS,INFOSYS,773.849975585938,0.00505243128119984,0.00506521633492522,0.2536515298506653
2020-01-16,INFOSYS,INFOSYS,770.700012207031,-0.00407881618710269,-0.00407050911453717,-0.26001030172795253
2020-01-17,INFOSYS,INFOSYS,770.700012207031,0,0,-0.03056386512522596
2020-01-20,INFOSYS,INFOSYS,771.599975585938,0.00116704076791114,0.00116772202498055,0.03508590512282463
2020-01-21,INFOSYS,INFOSYS,768.450012207031,-0.00409073445216187,-0.00408237879545668,-0.26068074219961745
2020-01-22,INFOSYS,INFOSYS,768.450012207031,0,0,-0.03056386512522596
2020-01-23,INFOSYS,INFOSYS,777.099975585938,0.01119349585972545,0.01125637743704858,0.5991060244526426
2020-01-24,INFOSYS,INFOSYS,775.75,-0.00173870746982056,-0.00173719679365588,-0.12837171302637154
2020-01-27,INFOSYS,INFOSYS,779.049987792969,0.00424490966574985,0.00425393205667931,0.20822586008634852
2020-01-28,INFOSYS,INFOSYS,781,0.00249993684544642,0.00250306429315962,0.11006556621156348
2020-01-29,INFOSYS,INFOSYS,786.599975585938,0.00714467912056788,0.00717026323423553,0.3713471526028519
2020-01-30,INFOSYS,INFOSYS,789.700012207031,0.0039333130010895,0.00394105862866808,0.19069755258632431
2020-01-31,INFOSYS,INFOSYS,780.549987792969,-0.01165435819767994,-0.01158670922201181,-0.6861587330197004
2020-02-03,INFOSYS,INFOSYS,782,0.00185595678164784,0.0018576801354273,0.07383963101276743
2020-02-04,INFOSYS,INFOSYS,770.099975585938,-0.01533439570256399,-0.01521742252437601,-0.893172595210881
2020-02-05,INFOSYS,INFOSYS,781,0.01405480499693899,0.01415403812442489,0.7600638012772978
2020-02-06,INFOSYS,INFOSYS,784.349975585938,0.0042801683360733,0.00428934133922913,0.21020927289388008
2020-02-07,INFOSYS,INFOSYS,775.950012207031,-0.01076721732640198,-0.01070945832902188,-0.6362542258435744
2020-02-10,INFOSYS,INFOSYS,774,-0.00251622725963027,-0.00251306421335649,-0.17210968428480708
2020-02-11,INFOSYS,INFOSYS,779,0.00643917228102123,0.00645994832041343,0.3316601397767563
2020-02-12,INFOSYS,INFOSYS,775.799987792969,-0.00411630659964707,-0.00410784622211941,-0.26211925716268686
2020-02-13,INFOSYS,INFOSYS,785,0.01178897851130719,0.01185874239725581,0.6326038253332522
2020-02-14,INFOSYS,INFOSYS,794.5,0.01202926819436234,0.01210191082802547,0.6461208873925172
2020-02-17,INFOSYS,INFOSYS,790.299987792969,-0.00530038121191359,-0.00528635897675396,-0.32872723555489114
2020-02-18,INFOSYS,INFOSYS,785,-0.00672888698244867,-0.00670629871546624,-0.4090852472133
2020-02-19,INFOSYS,INFOSYS,800,0.01892800988551886,0.01910828025477707,1.03419713929219
2020-02-20,INFOSYS,INFOSYS,803.25,0.00405427032804062,0.0040625,0.19750178851577893
2020-02-24,INFOSYS,INFOSYS,800.099975585938,-0.0039293086536534,-0.0039215990215525,-0.25160002550524013
2020-02-25,INFOSYS,INFOSYS,799,-0.00137574357603984,-0.0013747976746686,-0.1079538348423109
2020-02-26,INFOSYS,INFOSYS,793.950012207031,-0.00634044341910589,-0.00632038522273964,-0.3872340562446833
2020-02-27,INFOSYS,INFOSYS,778,-0.02029397816877725,-0.02008944135247634,-1.1721649478224652
2020-02-28,INFOSYS,INFOSYS,750,-0.0366533176480355,-0.03598971722365039,-2.0924300386002854
2020-03-02,INFOSYS,INFOSYS,737,-0.0174853143410195,-0.01733333333333333,-1.0141686377823815
2020-03-03,INFOSYS,INFOSYS,755,0.0241298570596882,0.02442333785617367,1.3268176554211428
2020-03-04,INFOSYS,INFOSYS,753.900024414062,-0.00145798364768144,-0.00145692130587808,-0.11258010151345592
2020-03-05,INFOSYS,INFOSYS,763.75,0.01298074488446181,0.01306536048144241,0.6996444898397639
2020-03-06,INFOSYS,INFOSYS,741,-0.03023988518971823,-0.02978723404255319,-1.7316539809279154
2020-03-09,INFOSYS,INFOSYS,724.5,-0.02251886353534986,-0.02226720647773279,-1.2973218550701668
2020-03-11,INFOSYS,INFOSYS,690.650024414062,-0.0478485432653704,-0.04672184345885156,-2.7221972325678268
2020-03-12,INFOSYS,INFOSYS,668,-0.03334504495872099,-0.03279522712429934,-1.906329134550348
2020-03-13,INFOSYS,INFOSYS,592,-0.12078153865264003,-0.11377245508982035,-6.82491114139413
2020-03-16,INFOSYS,INFOSYS,622,0.04943345785517374,0.05067567567567568,2.750226009565711
2020-03-17,INFOSYS,INFOSYS,588.099975585938,-0.05604313278672364,-0.05450164696794541,-3.183169063326427
2020-03-18,INFOSYS,INFOSYS,568,-0.03477554123130445,-0.03417782081339465,-1.9867991183058316
2020-03-19,INFOSYS,INFOSYS,509.25,-0.10918236361423612,-0.1034330985915493,-6.172420502441474
2020-03-20,INFOSYS,INFOSYS,549.5,0.0760697187367608,0.07903780068728522,4.248600749527207
2020-03-23,INFOSYS,INFOSYS,540,-0.01743963428535596,-0.01728844404003639,-1.0115989887678087
2020-03-24,INFOSYS,INFOSYS,522,-0.03390155167568134,-0.03333333333333333,-1.937634414635238
2020-03-25,INFOSYS,INFOSYS,597,0.13424952550996347,0.14367816091954022,7.521400683134613
2020-03-26,INFOSYS,INFOSYS,615,0.02970515441391569,0.03015075376884422,1.64044593682619
2020-03-27,INFOSYS,INFOSYS,665.049987792969,0.07823993963772968,0.08138209397230728,4.3706826060086525
2020-03-30,INFOSYS,INFOSYS,625.099975585938,-0.06195060956273191,-0.06007069083575041,-3.5154834980524687
2020-03-31,INFOSYS,INFOSYS,650,0.03906076500816712,0.03983366723174479,2.166728910763907
2020-04-01,INFOSYS,INFOSYS,634.349975585938,-0.02437154878981399,-0.02407696063701853,-1.4015413173561506
2020-04-03,INFOSYS,INFOSYS,603.5,-0.04985477356228266,-0.04863242180697236,-2.8350540938518676
2020-04-07,INFOSYS,INFOSYS,615,0.01887622726893161,0.01905550952775476,1.0312842017365635
2020-04-08,INFOSYS,INFOSYS,630,0.02409755157906052,0.02439024390243902,1.3250003689652838
2020-04-09,INFOSYS,INFOSYS,646.799987792969,0.02631728944441241,0.02666664729042694,1.4498677128302966
2020-04-13,INFOSYS,INFOSYS,629,-0.02790585212955033,-0.02752008059509501,-1.600357167342185
2020-04-15,INFOSYS,INFOSYS,651.400024414062,0.03499267362106261,0.0356121214849953,1.9378857784117232
2020-04-16,INFOSYS,INFOSYS,619.950012207031,-0.04948508100530454,-0.04828064327341787,-2.814257706874342
2020-04-17,INFOSYS,INFOSYS,644,0.03805987678815505,0.03879343063056112,2.110425751958768
2020-04-20,INFOSYS,INFOSYS,640,-0.00623054975063608,-0.0062111801242236,-0.38105218643762295
2020-04-21,INFOSYS,INFOSYS,627.799987792969,-0.01924655139000446,-0.01906251907348597,-1.1132438464618273
2020-04-22,INFOSYS,INFOSYS,633.200012207031,0.00856472232146184,0.0086015044903805,0.45122911769294577
2020-04-23,INFOSYS,INFOSYS,647.049987792969,0.02163720511683517,0.0218729869218789,1.1865980231202446
2020-04-24,INFOSYS,INFOSYS,668.549987792969,0.03268761739969927,0.03322772645948827,1.8082190045489748
2020-04-27,INFOSYS,INFOSYS,661.049987792969,-0.01128170831172751,-0.01121830848394621,-0.6651959868428658
2020-04-28,INFOSYS,INFOSYS,673,0.01791586815474599,0.01807732006308362,0.9772609345676248
2020-04-29,INFOSYS,INFOSYS,666,-0.01045565910433863,-0.01040118870728083,-0.6187280808624012
2020-04-30,INFOSYS,INFOSYS,700,0.04979066450301561,0.05105105105105105,2.770320024279411
2020-05-04,INFOSYS,INFOSYS,689.799987792969,-0.01467865223714304,-0.01457144601004431,-0.8562849311033117
2020-05-05,INFOSYS,INFOSYS,681.75,-0.01173866108056377,-0.01167003179968892,-0.6909010394109999
2020-05-06,INFOSYS,INFOSYS,676.900024414062,-0.00713943414367902,-0.00711400892693502,-0.43217983615298455
2020-05-07,INFOSYS,INFOSYS,665.549987792969,-0.01690983943025904,-0.01676767057427407,-0.9817963362195472
2020-05-08,INFOSYS,INFOSYS,672.25,0.01001654699721424,0.01006688051974719,0.5328988922409179
2020-05-11,INFOSYS,INFOSYS,682.5,0.01513223191014068,0.01524730383042023,0.8206725060077763
2020-05-12,INFOSYS,INFOSYS,678.5,-0.00587804778419094,-0.00586080586080586,-0.36122282507732506
2020-05-13,INFOSYS,INFOSYS,694.799987792969,0.0237395375228965,0.02402356343842148,1.3048609349549287
2020-05-14,INFOSYS,INFOSYS,659,-0.05290048229531319,-0.05152560221926252,-3.006384936838459
2020-05-15,INFOSYS,INFOSYS,664.799987792969,0.00876269067677096,0.00880119543697872,0.46236546990940736
2020-05-18,INFOSYS,INFOSYS,659.849975585938,-0.00747372571585249,-0.00744586687413199,-0.4509848046789159
2020-05-19,INFOSYS,INFOSYS,664,0.00626965001300805,0.00628934540821476,0.32212397081591254
2020-05-20,INFOSYS,INFOSYS,668.5,0.00675424706556399,0.00677710843373494,0.34938410262786457
2020-05-21,INFOSYS,INFOSYS,666.5,-0.00299625692323452,-0.00299177262528047,-0.19911288588184625
2020-05-22,INFOSYS,INFOSYS,675,0.01267255125376636,0.01275318829707426,0.6823076138681706
2020-05-26,INFOSYS,INFOSYS,693,0.02631730831737335,0.02666666666666667,1.4498687744946226
2020-05-27,INFOSYS,INFOSYS,686.049987792969,-0.01007950561592812,-0.01002887764362341,-0.5975682458582203
2020-05-28,INFOSYS,INFOSYS,707,0.03008017232259773,0.03053715119859919,1.6615418918440652
2020-05-29,INFOSYS,INFOSYS,692.5,-0.02072242783507917,-0.02050919377652051,-1.1962666098457382
2020-06-01,INFOSYS,INFOSYS,698.75,0.00898478640781525,0.00902527075812274,0.4748590640639869
2020-06-02,INFOSYS,INFOSYS,700.5,0.00250134130775272,0.00250447227191413,0.11014457170157356
2020-06-03,INFOSYS,INFOSYS,710.700012207031,0.01445605123185483,0.01456104526342758,0.7826351834084195
2020-06-04,INFOSYS,INFOSYS,702,-0.01231701298310548,-0.01224146905529622,-0.7234351809494696
2020-06-05,INFOSYS,INFOSYS,707,0.00709726187076168,0.00712250712250712,0.3686797808698632
2020-06-08,INFOSYS,INFOSYS,707.650024414062,9.189897834682348e-4,9.194121839632888e-4,0.02113224507406127
2020-06-09,INFOSYS,INFOSYS,720,0.01730155633005996,0.01745209518810346,0.9427039325671864
2020-06-10,INFOSYS,INFOSYS,715,-0.00696866931609331,-0.00694444444444444,-0.42257376924795664
2020-06-11,INFOSYS,INFOSYS,712,-0.00420463128203192,-0.00419580419580419,-0.26708780261990867
2020-06-12,INFOSYS,INFOSYS,675.799987792969,-0.05218075519486871,-0.05084271377391997,-2.965897988923137
2020-06-15,INFOSYS,INFOSYS,693,0.02513284297279619,0.02545133548049166,1.3832388161621048
2020-06-16,INFOSYS,INFOSYS,702,0.01290340483590778,0.01298701298701298,0.6952938651159739
2020-06-17,INFOSYS,INFOSYS,699.900024414062,-0.00299590144810309,-0.00299141821358683,-0.19909288927046023
2020-06-18,INFOSYS,INFOSYS,708.200012207031,0.01178905433679529,0.01185881912194175,0.6326080907591135
2020-06-19,INFOSYS,INFOSYS,709,0.00112896961762407,0.00112960714371622,0.03294428133542386
2020-06-22,INFOSYS,INFOSYS,707.099975585938,-0.00268346244896172,-0.00267986518203391,-0.18151719776580535
2020-06-23,INFOSYS,INFOSYS,695.700012207031,-0.01625351360716943,-0.01612213798969567,-0.9448759126333026
2020-06-24,INFOSYS,INFOSYS,716.900024414062,0.03001784443787512,0.03047292199949276,1.6580357492785316
2020-06-25,INFOSYS,INFOSYS,704.849975585938,-0.01695141533418242,-0.01680854849736245,-0.9841351135917468
2020-06-26,INFOSYS,INFOSYS,710.200012207031,0.00756165811745804,0.00759031965156218,0.3948035528390651
2020-06-29,INFOSYS,INFOSYS,735.400024414062,0.03486796436836778,0.03548297912403435,1.9308704846770617
2020-06-30,INFOSYS,INFOSYS,732.799987792969,-0.0035418053636609,-0.00353554056945357,-0.22980172791542688
2020-07-01,INFOSYS,INFOSYS,737.25,0.00605425099353156,0.00607261501249948,0.3100070880735922
2020-07-02,INFOSYS,INFOSYS,737.349975585938,1.3559689101646515e-4,1.3560608469034214e-4,-0.02293610696428856
2020-07-03,INFOSYS,INFOSYS,755,0.02365510466262276,0.02393710584995461,1.3001113169203524
2020-07-06,INFOSYS,INFOSYS,765.200012207031,0.01341950426980569,0.01350994994308744,0.724326106484192
2020-07-07,INFOSYS,INFOSYS,769.400024414062,0.0054737685306637,0.00548877697337866,0.2773530957126338
2020-07-08,INFOSYS,INFOSYS,784.900024414062,0.01994533018795183,0.02014556733580045,1.091424655210886
2020-07-09,INFOSYS,INFOSYS,780,-0.00626243255380851,-0.00624286439246829,-0.3828456959367644
2020-07-10,INFOSYS,INFOSYS,773.5,-0.00836824967051658,-0.00833333333333333,-0.501304633874074
2020-07-13,INFOSYS,INFOSYS,788,0.01857241984475825,0.01874595992243051,1.014194063889595
2020-07-14,INFOSYS,INFOSYS,792.950012207031,0.00626209348118292,0.00628174137948099,0.32169889176826294
2020-07-15,INFOSYS,INFOSYS,799,0.00760076242721247,0.00762972154591428,0.3970032951459958
2020-07-16,INFOSYS,INFOSYS,900.099975585938,0.11914489537304268,0.1265331359023003,6.6717169998940555
2020-07-17,INFOSYS,INFOSYS,911,0.01203705612064098,0.01210979303378656,0.6465589831171564
2020-07-20,INFOSYS,INFOSYS,908.5,-0.00274800942373242,-0.00274423710208562,-0.1851481712334143
2020-07-21,INFOSYS,INFOSYS,945,0.0393900396575169,0.04017611447440836,2.1852516613589965
2020-07-22,INFOSYS,INFOSYS,938.950012207031,-0.00642268483880216,-0.00640210348462325,-0.3918603987482079
2020-07-23,INFOSYS,INFOSYS,915.650024414062,-0.02512802040488923,-0.02481493954955241,-1.444095261566472
2020-07-24,INFOSYS,INFOSYS,903.25,-0.01363485222230164,-0.01354231866263205,-0.7975678467962216
2020-07-27,INFOSYS,INFOSYS,921.549987792969,0.02005765172368694,0.02026015808798115,1.0977431003052387
2020-07-28,INFOSYS,INFOSYS,946,0.0261855473004417,0.02653140093418768,1.4424567965011756
2020-07-29,INFOSYS,INFOSYS,953.25,0.00763462968579473,0.00766384778012685,0.3989084365994829
2020-07-30,INFOSYS,INFOSYS,962,0.00913725192803345,0.00917912404930501,0.4834357364890554
2020-07-31,INFOSYS,INFOSYS,969.25,0.00750812588533203,0.00753638253638253,0.3917921938218238
2020-08-03,INFOSYS,INFOSYS,960,-0.00958929208915653,-0.00954346143925715,-0.5699921694349056
2020-08-04,INFOSYS,INFOSYS,960.450012207031,4.686528807384192e-4,4.687627156573152e-4,-0.00420064389720219
2020-08-05,INFOSYS,INFOSYS,952,-0.00883690255125518,-0.00879797188779624,-0.527667855102108
2020-08-06,INFOSYS,INFOSYS,953.5,0.00157439024910843,0.00157563025210084,0.05800061434856173
2020-08-07,INFOSYS,INFOSYS,969.450012207031,0.01658948792824799,0.01672785758472052,0.902647810908708
2020-08-10,INFOSYS,INFOSYS,948.900024414062,-0.02142546826020532,-0.02119757340162931,-1.2358148789839565
2020-08-11,INFOSYS,INFOSYS,949.900024414062,0.00105329688933809,0.00105385180131857,0.02868744870145371
2020-08-12,INFOSYS,INFOSYS,948,-0.00200223934283276,-0.0020002361987874,-0.14319622249681258
2020-08-13,INFOSYS,INFOSYS,954.799987792969,0.00714737942474424,0.00717298290397571,0.37149905333644423
2020-08-14,INFOSYS,INFOSYS,955.849975585938,0.00109908975353159,0.00109969397401861,0.03126344355610124
2020-08-17,INFOSYS,INFOSYS,954.099975585938,-0.00183250926407544,-0.00183083124412619,-0.133648363517948
2020-08-18,INFOSYS,INFOSYS,963.900024414062,0.01021911794911784,0.01027151145466241,0.5442941552146385
2020-08-19,INFOSYS,INFOSYS,970.900024414062,0.00723592140356369,0.0072621639409701,0.3764798224120686
2020-08-20,INFOSYS,INFOSYS,958.900024414062,-0.01243668190178061,-0.01235966597821644,-0.7301669397987484
2020-08-21,INFOSYS,INFOSYS,963.049987792969,0.00431849923472156,0.0043278373899748,0.21236550835612825
2020-08-24,INFOSYS,INFOSYS,947,-0.01680622566876656,-0.01666578889612043,-0.9759677312354276
2020-08-25,INFOSYS,INFOSYS,947.5,5.278437705031224e-4,5.279831045406547e-4,-8.709673163354703e-4
2020-08-26,INFOSYS,INFOSYS,941.25,-0.00661815784247811,-0.00659630606860158,-0.4028563794661667
2020-08-27,INFOSYS,INFOSYS,960,0.01972450534777857,0.0199203187250996,1.07900255272651
2020-08-28,INFOSYS,INFOSYS,951.450012207031,-0.00894613488394236,-0.00890623728434268,-0.5338125226593582
2020-08-31,INFOSYS,INFOSYS,935.25,-0.01717327634968405,-0.01702665615553744,-0.9966155042474656
2020-09-01,INFOSYS,INFOSYS,926.25,-0.00966969661795893,-0.00962309542902967,-0.5745151809593688
2020-09-02,INFOSYS,INFOSYS,915,-0.01222011133477533,-0.01214574898785425,-0.7179841537664878
2020-09-03,INFOSYS,INFOSYS,926.5,0.01248998044989314,0.01256830601092896,0.6720374230934887
2020-09-04,INFOSYS,INFOSYS,915,-0.01248998044989317,-0.0124123043712898,-0.7331651533439422
2020-09-07,INFOSYS,INFOSYS,918.900024414062,0.00425326380010866,0.00426232176400223,0.20869580682373529
2020-09-08,INFOSYS,INFOSYS,929.950012207031,0.01195350531205127,0.01202523397473519,0.6418589833067204
2020-09-09,INFOSYS,INFOSYS,935,0.0054156949010057,0.00543038628601546,0.27408626858084295
2020-09-10,INFOSYS,INFOSYS,935.299987792969,3.207911003576606e-4,3.208425593251095e-4,-0.01251834125394404
2020-09-11,INFOSYS,INFOSYS,934.900024414062,-4.277225776857808e-4,-4.276311174243969e-4,-0.05462462609181577
2020-09-14,INFOSYS,INFOSYS,957,0.02336379364159545,0.0236388651286953,1.283724141658773
2020-09-15,INFOSYS,INFOSYS,979.5,0.02323884593164113,0.02351097178683385,1.27669543394173
2020-09-16,INFOSYS,INFOSYS,986,0.00661411721803997,0.00663603879530372,0.3415013511869597
2020-09-17,INFOSYS,INFOSYS,995,0.00908638255595744,0.00912778904665314,0.4805741718537168
2020-09-18,INFOSYS,INFOSYS,1011,0.01595248186187863,0.01608040201005025,0.8668141853374144
2020-09-21,INFOSYS,INFOSYS,1001,-0.0099404397052508,-0.00989119683481701,-0.5897453442627232
2020-09-22,INFOSYS,INFOSYS,1009,0.00796024103838832,0.00799200799200799,0.41722511505295856
2020-09-23,INFOSYS,INFOSYS,1020.15002441406,0.0109899578679816,0.01105056929044598,0.5876563623995765
2020-09-24,INFOSYS,INFOSYS,1003,-0.01695419025965507,-0.01681127677658038,-0.9842912120115656
2020-09-25,INFOSYS,INFOSYS,975.799987792969,-0.02749315308996622,-0.02711865623831607,-1.577141528372878
2020-09-28,INFOSYS,INFOSYS,1014.79998779297,0.03918918082415661,0.03996720689473453,2.173952710521147
2020-09-29,INFOSYS,INFOSYS,1018,0.00314838141434213,0.00315334277249009,0.14654264407988407
2020-09-30,INFOSYS,INFOSYS,1009,-0.00888017675685909,-0.00884086444007858,-0.5301021673675219
2020-10-01,INFOSYS,INFOSYS,1020.59997558594,0.01143092435498016,0.01149650702273538,0.6124621355606638
2020-10-05,INFOSYS,INFOSYS,1018.04998779297,-0.00250164488131189,-0.00249851837543501,-0.17128937893421875
2020-10-06,INFOSYS,INFOSYS,1055,0.03565174608288956,0.03629488988761142,1.9749607091985888
2020-10-07,INFOSYS,INFOSYS,1044.90002441406,-0.00961955650512923,-0.00957343657435071,-0.5716946394855925
2020-10-08,INFOSYS,INFOSYS,1090,0.04225648581815172,0.04316200070071809,2.3464984121566608
2020-10-09,INFOSYS,INFOSYS,1095.09997558594,0.00466796476461461,0.00467887668434862,0.23202406046322868
2020-10-12,INFOSYS,INFOSYS,1123,0.0251580147506393,0.02547714823857239,1.3846548090541897
2020-10-13,INFOSYS,INFOSYS,1135.55004882812,0.01111348230269152,0.01117546645424755,0.5946050063387605
2020-10-14,INFOSYS,INFOSYS,1162,0.02302550037072191,0.02329263355602527,1.2646940648011662
2020-10-15,INFOSYS,INFOSYS,1180,0.015371780047854,0.01549053356282272,0.8341478537733695
2020-10-16,INFOSYS,INFOSYS,1113.84997558594,-0.05769197786745234,-0.05605934272377966,-3.275921864857272
2020-10-19,INFOSYS,INFOSYS,1135,0.01881019032324501,0.01898821643635988,1.0275694126465749
2020-10-20,INFOSYS,INFOSYS,1118.90002441406,-0.0142865692821299,-0.01418500051624669,-0.8342290127305022
2020-10-21,INFOSYS,INFOSYS,1141.15002441406,0.01969046561077303,0.0198856014965696,1.0770877088108877
2020-10-22,INFOSYS,INFOSYS,1142,7.44563971809281e-4,7.448412283708563e-4,0.01132023612322066
2020-10-23,INFOSYS,INFOSYS,1133,-0.00791212918794917,-0.00788091068301226,-0.4756464000665469
2020-10-26,INFOSYS,INFOSYS,1122.25,-0.00953338336596484,-0.00948808473080317,-0.5668471252056745
2020-10-27,INFOSYS,INFOSYS,1105.69995117188,-0.01485702427405543,-0.01474720323289819,-0.866318927827295
2020-10-28,INFOSYS,INFOSYS,1095.5,-0.00926769435246492,-0.00922488163363808,-0.551901269693771
2020-10-29,INFOSYS,INFOSYS,1070,-0.02355223157956935,-0.02327704244637152,-1.355452107714308
2020-10-30,INFOSYS,INFOSYS,1072,0.00186741417479546,0.00186915887850467,0.07448414596756997
2020-11-02,INFOSYS,INFOSYS,1065,-0.00655126348722181,-0.00652985074626865,-0.3990933583496653
2020-11-03,INFOSYS,INFOSYS,1072,0.00655126348722172,0.00657276995305164,0.33796562809920844
2020-11-04,INFOSYS,INFOSYS,1068,-0.0037383221106071,-0.00373134328358208,-0.24085642252562817
2020-11-05,INFOSYS,INFOSYS,1109.90002441406,0.03848220263442366,0.03923223259743445,2.134182929548179
2020-11-06,INFOSYS,INFOSYS,1108,-0.00171335484733479,-0.00171188789284247,-0.12694554704559316
2020-11-09,INFOSYS,INFOSYS,1129.30004882812,0.01904142665990443,0.0192238707835018,1.0405771950583778
2020-11-10,INFOSYS,INFOSYS,1113.84997558594,-0.01377555437487552,-0.01368110561777856,-0.8054827922238905
2020-11-11,INFOSYS,INFOSYS,1096,-0.01615527208429721,-0.01602547558215821,-0.9393495132283156
2020-11-12,INFOSYS,INFOSYS,1128.09997558594,0.02886759146116204,0.02928829889228102,1.5933303458987422
2020-11-13,INFOSYS,INFOSYS,1120,-0.00720609467998257,-0.0071801930336297,-0.435929704206671
2020-11-14,INFOSYS,INFOSYS,1137,0.015064529461395859,0.01517857142857142,0.8168640270518244
2020-11-17,INFOSYS,INFOSYS,1144.75,0.00679305778666886,0.00681618293755496,0.3515673296356551
2020-11-18,INFOSYS,INFOSYS,1128.5,-0.01429695527961449,-0.01419523913518235,-0.8348132582576573
2020-11-19,INFOSYS,INFOSYS,1100,-0.02557913747112846,-0.02525476295968099,-1.469472037226665
2020-11-20,INFOSYS,INFOSYS,1106,0.00543972329581812,0.00545454545454545,0.27543794252595105
2020-11-23,INFOSYS,INFOSYS,1105,-9.045681304269384e-4,-9.041591320072332e-4,-0.0814487112840523
2020-11-24,INFOSYS,INFOSYS,1145,0.03555930203648692,0.03619909502262444,1.9697604363597951
2020-11-25,INFOSYS,INFOSYS,1137,-0.00701142223780397,-0.00698689956331877,-0.4249787576296063
2020-11-26,INFOSYS,INFOSYS,1119.94995117188,-0.01510921691354365,-0.0149956454073175,-0.8805055691991169
2020-11-27,INFOSYS,INFOSYS,1118,-0.00174262312194785,-0.00174110563587206,-0.12859198096353
2020-12-01,INFOSYS,INFOSYS,1105.05004882812,-0.01165074773176869,-0.01158314058307692,-0.6859556327818344
2020-12-02,INFOSYS,INFOSYS,1134,0.02586057830442147,0.02619786425291846,1.4241762526563766
2020-12-03,INFOSYS,INFOSYS,1147,0.01139863284167339,0.01146384479717813,0.6106456348112121
2020-12-04,INFOSYS,INFOSYS,1125,-0.0193668024908502,-0.01918047079337402,-1.1200083549174558
2020-12-07,INFOSYS,INFOSYS,1147.30004882812,0.01962836272573218,0.01982226562499555,1.07359422319601
2020-12-08,INFOSYS,INFOSYS,1145,-0.00200676137591268,-0.00200474917652912,-0.14345060129909035
2020-12-09,INFOSYS,INFOSYS,1168.05004882812,0.01993109650587152,0.02013104701145851,1.0906239651372829
2020-12-10,INFOSYS,INFOSYS,1157.40002441406,-0.00915960226059066,-0.00911778089024947,-0.5458207443237127
2020-12-11,INFOSYS,INFOSYS,1159.69995117188,0.0019851776249398,0.00198714939459618,0.0811087161267014
2020-12-14,INFOSYS,INFOSYS,1169.40002441406,0.0083295087604334,0.00836429563731381,0.4379976037087503
2020-12-15,INFOSYS,INFOSYS,1156,-0.0115250473866715,-0.0114588884336429,-0.6788845869343946
2020-12-16,INFOSYS,INFOSYS,1160,0.0034542348680876,0.00346020761245674,0.16374787762446863
2020-12-17,INFOSYS,INFOSYS,1165.90002441406,0.00507333677893291,0.00508622794315517,0.2548275308617988
2020-12-18,INFOSYS,INFOSYS,1182.84997558594,0.01443341813904252,0.01453808286898222,0.781361999656844
2020-12-21,INFOSYS,INFOSYS,1188,0.00434446090420456,0.00435391175580729,0.2138259351755489
2020-12-22,INFOSYS,INFOSYS,1182,-0.00506330195654676,-0.00505050505050505,-0.31539077030589246
2020-12-23,INFOSYS,INFOSYS,1238,0.0462892552784979,0.04737732656514382,2.5733545733248357
2020-12-24,INFOSYS,INFOSYS,1249.90002441406,0.00956639338444513,0.0096122975880937,0.5075763139152977
2020-12-28,INFOSYS,INFOSYS,1238.44995117188,-0.00920300935835701,-0.00916079127812456,-0.5482625321976665
2020-12-29,INFOSYS,INFOSYS,1235,-0.00278958820855197,-0.00278570092284754,-0.18748711066522397
2020-12-30,INFOSYS,INFOSYS,1253,0.01446970583399069,0.0145748987854251,0.7834032983858015
2020-12-31,INFOSYS,INFOSYS,1243,-0.00801286338535714,-0.00798084596967278,-0.48131302037475776
2021-01-01,INFOSYS,INFOSYS,1257.90002441406,0.01191587074270105,0.01198714755757039,0.6397419185912794
2021-01-04,INFOSYS,INFOSYS,1269,0.00878550546097535,0.00882421128110754,0.4636488743820358
2021-01-05,INFOSYS,INFOSYS,1282,0.01019216976622759,0.01024428684003152,0.5427782338655379
2021-01-06,INFOSYS,INFOSYS,1300,0.01394290596901266,0.01404056162246489,0.7537691235965069
2021-01-07,INFOSYS,INFOSYS,1296,-0.00308166653740811,-0.00307692307692307,-0.20391744944264328
2021-01-08,INFOSYS,INFOSYS,1278.25,-0.0137906429521114,-0.01369598765432098,-0.806331572880181
2021-01-11,INFOSYS,INFOSYS,1342.09997558594,0.04874357825271189,0.04995108592680618,2.7114180787326676
2021-01-12,INFOSYS,INFOSYS,1378,0.02639763936078335,0.02674914318390223,1.4543876522310806
2021-01-13,INFOSYS,INFOSYS,1373.84997558594,-0.00301617282704041,-0.00301162874750362,-0.2002332190742153
2021-01-14,INFOSYS,INFOSYS,1360,-0.01013230001646577,-0.01008114119595413,-0.6005380994922829
2021-01-15,INFOSYS,INFOSYS,1360,0,0,-0.03056386512522596
2021-01-18,INFOSYS,INFOSYS,1338,-0.01630873804192399,-0.01617647058823529,-0.9479824634526062
2021-01-19,INFOSYS,INFOSYS,1320,-0.01354422510775726,-0.01345291479820627,-0.7924697821769954
2021-01-20,INFOSYS,INFOSYS,1320.55004882812,4.1661686080915776e-4,4.16703657666665e-4,-0.00712783620008418
2021-01-21,INFOSYS,INFOSYS,1350,0.02205623899124944,0.02230127604630693,1.2101700167796314
2021-01-22,INFOSYS,INFOSYS,1327,-0.01718383710026766,-0.01703703703703703,-0.9972095801945308
2021-01-25,INFOSYS,INFOSYS,1345,0.01347325770373186,0.0135644310474755,0.7273499088091211
2021-01-27,INFOSYS,INFOSYS,1319.59997558594,-0.01906537118261966,-0.01888477651602974,-1.1030518811806178
2021-01-28,INFOSYS,INFOSYS,1291.80004882812,-0.02129200945643442,-0.02106693488341119,-1.2283073950587624
2021-01-29,INFOSYS,INFOSYS,1286.25,-0.00430562424862592,-0.00429636833746432,-0.27276897952123685
2021-02-01,INFOSYS,INFOSYS,1250.55004882812,-0.02814751457821198,-0.02775506407920699,-1.6139514518508706
2021-02-02,INFOSYS,INFOSYS,1280,0.02327658434361534,0.02354959819439238,1.278818340136402
2021-02-03,INFOSYS,INFOSYS,1277.65002441406,-0.00183760579030785,-0.00183591842651562,-0.13393505939475048
2021-02-04,INFOSYS,INFOSYS,1285,0.0057362462059651,0.00575272996946934,0.2921183031951638
2021-02-05,INFOSYS,INFOSYS,1286.40002441406,0.00108892007397306,0.0010895131626926,0.03069136660311798
2021-02-08,INFOSYS,INFOSYS,1285.5,-6.998906973490302e-4,-6.996458309847665e-4,-0.06993495201703372
2021-02-09,INFOSYS,INFOSYS,1306.90002441406,0.01651019157793966,0.01664723797281991,0.8981871379636076
2021-02-10,INFOSYS,INFOSYS,1295.80004882812,-0.00852963658619394,-0.00849336244439707,-0.5103831632850252
2021-02-11,INFOSYS,INFOSYS,1289,-0.00526157875850236,-0.00524776089819547,-0.32654447363127176
2021-02-12,INFOSYS,INFOSYS,1305,0.01233631681760632,0.01241272304111714,0.6633933530382777
2021-02-15,INFOSYS,INFOSYS,1320,0.01142869582362285,0.01149425287356321,0.6123367735547932
2021-02-16,INFOSYS,INFOSYS,1314,-0.00455581653586069,-0.00454545454545454,-0.2868430946904914
2021-02-17,INFOSYS,INFOSYS,1290.40002441406,-0.01812365331379555,-0.01796040759964992,-1.050077243595812
2021-02-18,INFOSYS,INFOSYS,1276,-0.01122208182602504,-0.01115934914880268,-0.661841806599384
2021-02-19,INFOSYS,INFOSYS,1296.09997558594,0.01562955168803817,0.01575233196390282,0.8486483317513953
2021-02-22,INFOSYS,INFOSYS,1295,-8.490414591352757e-4,-8.486811254222305e-4,-0.07832515869431601
2021-02-23,INFOSYS,INFOSYS,1271.15002441406,-0.01858867339219585,-0.01841696956443243,-1.076236108090625
2021-02-24,INFOSYS,INFOSYS,1260.05004882812,-0.00877058029262947,-0.00873223095051787,-0.5239370162481215
2021-02-25,INFOSYS,INFOSYS,1288.44995117188,0.02228846618209261,0.02253870976805458,1.2232335379036552
2021-02-26,INFOSYS,INFOSYS,1269,-0.01521071891651784,-0.01509562024833773,-0.8862153810224853
2021-03-01,INFOSYS,INFOSYS,1263.30004882812,-0.00450180522714992,-0.00449168729068558,-0.2838047860853815
2021-03-02,INFOSYS,INFOSYS,1282.25,0.01488896378214006,0.01500035655777787,0.8069878969083877
2021-03-03,INFOSYS,INFOSYS,1319.19995117188,0.02840910796257826,0.02881649535728602,1.5675391848937827
2021-03-04,INFOSYS,INFOSYS,1335,0.01190583660239392,0.01197699318748791,0.6391774661540444
2021-03-05,INFOSYS,INFOSYS,1328.5,-0.00488080563448165,-0.0048689138576779,-0.30512476937078137
2021-03-08,INFOSYS,INFOSYS,1324.80004882812,-0.00278894471189894,-0.00278505921857734,-0.18745091192342472
2021-03-09,INFOSYS,INFOSYS,1329.5,0.00354139019510532,0.0035476683262787,0.16865064310784447
2021-03-10,INFOSYS,INFOSYS,1356.90002441406,0.02039977246135962,0.02060926996168484,1.1169884843936675
2021-03-12,INFOSYS,INFOSYS,1373,0.01179542262353704,0.01186526294956206,0.6329663272260516
2021-03-15,INFOSYS,INFOSYS,1370,-0.0021873869458004,-0.0021849963583394,-0.15361136644980242
2021-03-16,INFOSYS,INFOSYS,1386.05004882812,0.01164727054131674,0.01171536410811678,0.6246322994637297
2021-03-17,INFOSYS,INFOSYS,1392.25,0.00446313310629047,0.00447310771867289,0.22050162553357716
2021-03-18,INFOSYS,INFOSYS,1393.75,0.00107681273865081,0.00107739270964266,0.03001029032534217
2021-03-19,INFOSYS,INFOSYS,1330,-0.04681901399262944,-0.04573991031390134,-2.6642829230788263
2021-03-22,INFOSYS,INFOSYS,1350.09997558594,0.01499970346425146,0.01511276359845112,0.8132173576846111
2021-03-23,INFOSYS,INFOSYS,1372.44995117188,0.01641878259021498,0.01655431152514477,0.8930450904810052
2021-03-24,INFOSYS,INFOSYS,1357.84997558594,-0.01069487978609342,-0.01063789289618442,-0.6321850081845668
2021-03-25,INFOSYS,INFOSYS,1346.75,-0.00820826592352931,-0.00817467009280619,-0.49230503718309027
2021-03-26,INFOSYS,INFOSYS,1344.69995117188,-0.00152337904235366,-0.00152221928948951,-0.11625880131003262
2021-03-30,INFOSYS,INFOSYS,1346.90002441406,0.00163477021259127,0.00163610717785977,0.06139718012349092
2021-03-31,INFOSYS,INFOSYS,1382,0.02572605159673443,0.02605982251816313,1.4166086957254491
2021-04-01,INFOSYS,INFOSYS,1380,-0.00144822617636487,-0.00144717800289435,-0.112031212590508
2021-04-05,INFOSYS,INFOSYS,1391,0.00793941377219252,0.00797101449275362,0.4160535148156365
2021-04-06,INFOSYS,INFOSYS,1423,0.02274440616640956,0.02300503235082674,1.2488816181081563
2021-04-07,INFOSYS,INFOSYS,1410.25,-0.00900032546976692,-0.0089599437807449,-0.5368609161746573
2021-04-08,INFOSYS,INFOSYS,1430,0.01390745063386741,0.0140046091118596,0.7517746477646815
2021-04-09,INFOSYS,INFOSYS,1455,0.01733145635163994,0.01748251748251748,0.944385904269555
2021-04-12,INFOSYS,INFOSYS,1474,0.01297389314368898,0.01305841924398625,0.6992590575396218
2021-04-13,INFOSYS,INFOSYS,1433,-0.0282096449211101,-0.02781546811397557,-1.6174464820579084
2021-04-15,INFOSYS,INFOSYS,1332.30004882812,-0.07286334021251294,-0.07027212224136777,-4.129359447921196
2021-04-16,INFOSYS,INFOSYS,1365,0.02424762000340115,0.02454398406773504,1.3334421970918908
2021-04-19,INFOSYS,INFOSYS,1340,-0.0184848146741031,-0.01831501831501831,-1.0703937235154486
2021-04-20,INFOSYS,INFOSYS,1379,0.0286889848483447,0.02910447761194029,1.5832831535309655
2021-04-22,INFOSYS,INFOSYS,1355.55004882812,-0.01715128675633603,-0.0170050407337781,-0.9953785193958312
2021-04-23,INFOSYS,INFOSYS,1343,-0.00930139451372814,-0.00925827035229689,-0.5537970113894208
2021-04-26,INFOSYS,INFOSYS,1332.25,-0.00803667534634595,-0.00800446760982874,-0.48265251922608626
2021-04-27,INFOSYS,INFOSYS,1346,0.01026798902778154,0.01032088571964721,0.5470433094637992
2021-04-28,INFOSYS,INFOSYS,1358,0.00887579791396829,0.00891530460624071,0.4687281132202207
2021-04-29,INFOSYS,INFOSYS,1368,0.0073367900638543,0.00736377025036818,0.3821540066868474
2021-04-30,INFOSYS,INFOSYS,1346.30004882812,-0.01598969392892728,-0.01586253740634503,-0.9300352131995444
2021-05-03,INFOSYS,INFOSYS,1340.80004882812,-0.00409363810859657,-0.00408527059386757,-0.2608440821471656
2021-05-04,INFOSYS,INFOSYS,1354,0.00979668732724848,0.00984483195940883,0.5205310836630748
2021-05-05,INFOSYS,INFOSYS,1341.09997558594,-0.00957301995982982,-0.00952734447124076,-0.5690768101937221
2021-05-06,INFOSYS,INFOSYS,1345,0.00290385852354888,0.0029080788047558,0.1327874505662086
2021-05-07,INFOSYS,INFOSYS,1365.30004882812,0.01498020741842213,0.01509297310640892,0.8121206428442787
2021-05-10,INFOSYS,INFOSYS,1349.84997558594,-0.01138076339279311,-0.01131624748379763,-0.6707681514944045
2021-05-11,INFOSYS,INFOSYS,1336.90002441406,-0.00963993781079691,-0.00959362255517226,-0.5728411530189912
2021-05-12,INFOSYS,INFOSYS,1330,-0.00517457703497216,-0.00516121197400991,-0.3216503488346158
2021-05-14,INFOSYS,INFOSYS,1326.84997558594,-0.00237124859815748,-0.00236843940906766,-0.16395417157414624
2021-05-17,INFOSYS,INFOSYS,1320.30004882812,-0.00494867314989226,-0.00493644864026736,-0.30894253385384013
2021-05-18,INFOSYS,INFOSYS,1338,0.01331694122042424,0.01340600660250693,0.7185566074118646
2021-05-19,INFOSYS,INFOSYS,1342,0.00298507684345327,0.00298953662182361,0.13735624043907615
2021-05-20,INFOSYS,INFOSYS,1348.40002441406,0.00475768393422614,0.00476901968260804,0.23707105028037595
2021-05-21,INFOSYS,INFOSYS,1347.5,-6.676986827011218e-4,-6.674758215397539e-4,-0.06812404838490116
2021-05-24,INFOSYS,INFOSYS,1356.65002441406,0.00676741989347493,0.00679037062267903,0.3501251162665043
2021-05-25,INFOSYS,INFOSYS,1358,9.94585442014284e-4,9.950802061298445e-4,0.02538474228903094
2021-05-26,INFOSYS,INFOSYS,1367.90002441406,0.00726370582459679,0.00729015052581737,0.37804278482730863
2021-05-27,INFOSYS,INFOSYS,1404.19995117188,0.02619097586699989,0.02653697354334727,1.4427621707067055
2021-05-28,INFOSYS,INFOSYS,1409.75,0.00394467287705356,0.00395246333934721,0.19133658188812128
2021-05-31,INFOSYS,INFOSYS,1401.5,-0.00586929208244852,-0.00585210143642489,-0.3607302888921677
2021-06-01,INFOSYS,INFOSYS,1400,-0.00107085500149297,-0.00107028184088476,-0.090802878834079
2021-06-02,INFOSYS,INFOSYS,1380.75,-0.01384540682205309,-0.01375,-0.8094122154579045
2021-06-03,INFOSYS,INFOSYS,1388.09997558594,0.00530905821165318,0.00532317623461162,0.26808761425059496
2021-06-04,INFOSYS,INFOSYS,1393.94995117188,0.00420552064990497,0.00421437626167425,0.20601010215259477
2021-06-07,INFOSYS,INFOSYS,1391,-0.0021184957194123398,-0.00211625329116013,-0.1497360149549465
2021-06-08,INFOSYS,INFOSYS,1396,0.00358809139887484,0.00359453630481667,0.17127773496451038
2021-06-09,INFOSYS,INFOSYS,1413.40002441406,0.01238716220772028,0.01246420086967048,0.6662535686116625
2021-06-10,INFOSYS,INFOSYS,1424,0.00747164644188298,0.00749962884027424,0.3897401086273246
2021-06-11,INFOSYS,INFOSYS,1430.09997558594,0.00427454183539308,0.00428369072046348,0.20989276426186537
2021-06-14,INFOSYS,INFOSYS,1471,0.0281980867941235,0.02859941620326401,1.5556685702525084
2021-06-15,INFOSYS,INFOSYS,1464,-0.00477002608018063,-0.00475866757307953,-0.29889306565655677
2021-06-16,INFOSYS,INFOSYS,1472.69995117188,0.00592500205534886,0.00594258959827869,0.3027364225323306
2021-06-17,INFOSYS,INFOSYS,1475.09997558594,0.00162834995861447,0.00162967644030286,0.06103602033361891
2021-06-18,INFOSYS,INFOSYS,1509,0.0227214122326287,0.02298150971129547,1.2475881358997207
2021-06-21,INFOSYS,INFOSYS,1493,-0.01065966122865853,-0.01060304837640821,-0.630203851855121
2021-06-22,INFOSYS,INFOSYS,1509.69995117188,0.0111234046915703,0.01118549978022773,0.5951631724012619
2021-06-23,INFOSYS,INFOSYS,1525,0.01008348681075133,0.01013449647146347,0.5366644705308891
2021-06-24,INFOSYS,INFOSYS,1517,-0.00525970969297972,-0.00524590163934426,-0.326439332726589
2021-06-25,INFOSYS,INFOSYS,1572,0.03561399364061961,0.03625576796308504,1.9728370137549749
2021-06-28,INFOSYS,INFOSYS,1572.90002441406,5.723707791308752e-4,5.72534614541984e-4,0.00163381912011187
2021-06-29,INFOSYS,INFOSYS,1561,-0.00759442325285071,-0.00756565848391605,-0.4577744265938568
2021-06-30,INFOSYS,INFOSYS,1572.05004882812,0.0070538896438329,0.00707882692384368,0.3662399545918855
2021-07-01,INFOSYS,INFOSYS,1576.84997558594,0.00304863948568,0.00305329131308388,0.14093184205752937
2021-07-02,INFOSYS,INFOSYS,1558.94995117188,-0.01141668426356359,-0.0113517612272585,-0.6727888151918797
2021-07-05,INFOSYS,INFOSYS,1569.15002441406,0.00652160063527819,0.00654291257683576,0.33629699794631274
2021-07-06,INFOSYS,INFOSYS,1573.69995117188,0.0028954165625675,0.00289961232962348,0.1323125633008196
2021-07-07,INFOSYS,INFOSYS,1566.05004882812,-0.00487294687882025,-0.00486109333489105,-0.3046826892671617
2021-07-08,INFOSYS,INFOSYS,1568,0.00124436520994617,0.00124513975357247,0.03943565193008
2021-07-09,INFOSYS,INFOSYS,1556,-0.00768249617201628,-0.00765306122448979,-0.4627288095659646
2021-07-12,INFOSYS,INFOSYS,1570.55004882812,0.00930748181798731,0.00935093112347043,0.49301171144391887
2021-07-13,INFOSYS,INFOSYS,1556.40002441406,-0.00905042975968823,-0.00900959789509297,-0.539679442495433
2021-07-14,INFOSYS,INFOSYS,1554,-0.00154322586904312,-0.00154203570830933,-0.11737524869399855
2021-07-15,INFOSYS,INFOSYS,1557.90002441406,0.00250652426192424,0.00250966822011582,0.11043612942596688
2021-07-16,INFOSYS,INFOSYS,1573.75,0.01012253016903986,0.0101739362844553,0.5388607841232087
2021-07-19,INFOSYS,INFOSYS,1544.69995117188,-0.01863162124845107,-0.01845912554606513,-1.0786520621629476
2021-07-20,INFOSYS,INFOSYS,1538.30004882812,-0.00415174280679004,-0.00414313623749696,-0.26411265698329695
2021-07-22,INFOSYS,INFOSYS,1561.40002441406,0.01490492801888082,0.0150165603931025,0.8078859362083278
2021-07-23,INFOSYS,INFOSYS,1588.55004882812,0.01723881086499032,0.01738825668601387,0.9391742997735508
2021-07-26,INFOSYS,INFOSYS,1594.09997558594,0.00348761713715158,0.00349370595022436,0.16562573686869322
2021-07-27,INFOSYS,INFOSYS,1605,0.00681445823977798,0.00683772949061962,0.3527711734673769
2021-07-28,INFOSYS,INFOSYS,1605.09997558594,6.228814475105809e-5,6.229008469782001e-5,-0.02705995806000541
2021-07-29,INFOSYS,INFOSYS,1600.09997558594,-0.00311993269187233,-0.00311507075948634,-0.2060700428377728
2021-07-30,INFOSYS,INFOSYS,1610,0.00616806696151369,0.00618712865765447,0.316409599754448
2021-08-02,INFOSYS,INFOSYS,1627.44995117188,0.01078016366324117,0.01083847898874534,0.5758547683856553
2021-08-03,INFOSYS,INFOSYS,1647,0.01194110853589034,0.01201268820220405,0.6411616250574125
2021-08-04,INFOSYS,INFOSYS,1669.09997558594,0.01332909317965099,0.01341832154580449,0.7192401939267791
2021-08-05,INFOSYS,INFOSYS,1649.5,-0.01181233268865508,-0.01174284097575365,-0.6950453026432563
2021-08-06,INFOSYS,INFOSYS,1657,0.00453652675792685,0.00454683237344649,0.2246302528275642
2021-08-09,INFOSYS,INFOSYS,1661,0.00241109218673199,0.0024140012070006,0.10506777042520996
2021-08-10,INFOSYS,INFOSYS,1668,0.00420547330539715,0.00421432871763997,0.2060074388728308
2021-08-11,INFOSYS,INFOSYS,1674.80004882812,0.00406848038089333,0.00407676788256594,0.198301149369867
2021-08-12,INFOSYS,INFOSYS,1679.15002441406,0.00259394321920686,0.00259731040071543,0.115353724953671
2021-08-13,INFOSYS,INFOSYS,1697,0.01057425871543415,0.01063036377119951,0.5642719574949421
2021-08-16,INFOSYS,INFOSYS,1707.69995117188,0.00628542106605207,0.00630521577600471,0.3230111429159606
2021-08-17,INFOSYS,INFOSYS,1703.90002441406,-0.00222765175074425,-0.00222517237598582,-0.15587639031728728
2021-08-18,INFOSYS,INFOSYS,1729,0.01462345113375621,0.01473089689905452,0.7920519624975019
2021-08-20,INFOSYS,INFOSYS,1716.09997558594,-0.00748894650151185,-0.00746097421287449,-0.4518410224812472
2021-08-23,INFOSYS,INFOSYS,1735.75,0.01138533645160418,0.01145039606876677,0.6098976704065628
2021-08-24,INFOSYS,INFOSYS,1750,0.0081761912841769,0.00820970761918479,0.4293730060357265
2021-08-25,INFOSYS,INFOSYS,1718,-0.01845496437335901,-0.01828571428571428,-1.0687145487688865
2021-08-26,INFOSYS,INFOSYS,1734,0.00927005479628651,0.00931315483119906,0.49090632194657985
2021-08-27,INFOSYS,INFOSYS,1725,-0.00520382787502699,-0.00519031141868512,-0.3232958020029738
2021-08-30,INFOSYS,INFOSYS,1703.05004882812,-0.01280626060975872,-0.0127246093750029,-0.7509569224064354
2021-08-31,INFOSYS,INFOSYS,1700.15002441406,-0.0017042930498362,-0.00170284156713745,-0.1264357919966059
2021-09-01,INFOSYS,INFOSYS,1709.5,0.00548443327349098,0.00549950030978141,0.27795302155551427
2021-09-02,INFOSYS,INFOSYS,1677.34997558594,-0.01898577756469746,-0.01880668289795846,-1.0985744859828852
2021-09-03,INFOSYS,INFOSYS,1696.05004882812,0.01108689432402124,0.01114858169992079,0.5931093476273788
2021-09-06,INFOSYS,INFOSYS,1705.15002441406,0.0053510508666551,0.00536539331031392,0.2704498352018957
2021-09-07,INFOSYS,INFOSYS,1730,0.0144683107864897,0.01457348340623528,0.7833248225086573
2021-09-08,INFOSYS,INFOSYS,1700.84997558594,-0.01699329675990102,-0.01684972509483237,-0.9864910775406392
2021-09-09,INFOSYS,INFOSYS,1685.90002441406,-0.0088285514288467,-0.00878969420376407,-0.5271980777965466
2021-09-13,INFOSYS,INFOSYS,1683,-0.00172164511227092,-0.00172016393146913,-0.12741190092398114
2021-09-14,INFOSYS,INFOSYS,1695.94995117188,0.0076651118033755,0.00769456397616161,0.4006231530608738
2021-09-15,INFOSYS,INFOSYS,1693.25,-0.00159326789916841,-0.00159199932168656,-0.12019027270241545
2021-09-16,INFOSYS,INFOSYS,1715.19995117188,0.01287990431358236,0.01296320754282002,0.693971885684069
2021-09-17,INFOSYS,INFOSYS,1697,-0.010667677174369,-0.0106109792968716,-0.6306547744010017
2021-09-20,INFOSYS,INFOSYS,1685,-0.00709642244776417,-0.00707130229817324,-0.42976029089593015
2021-09-21,INFOSYS,INFOSYS,1700,0.00886268725784532,0.00890207715133531,0.4679905969432062
2021-09-22,INFOSYS,INFOSYS,1717,0.00995033085316809,0.01,0.5291740226709181
2021-09-23,INFOSYS,INFOSYS,1732,0.00869822822490486,0.0087361677344205,0.4587392511251141
2021-09-24,INFOSYS,INFOSYS,1758,0.01489998912274179,0.01501154734411085,0.8076081075276842
2021-09-27,INFOSYS,INFOSYS,1768.75,0.00609628314642541,0.00611490329920364,0.3123715309074541
2021-09-28,INFOSYS,INFOSYS,1710,-0.03377971189484227,-0.03321554770318021,-1.9307805378563876
2021-09-29,INFOSYS,INFOSYS,1659.25,-0.03012767747067117,-0.02967836257309941,-1.7253419383857496
2021-09-30,INFOSYS,INFOSYS,1703,0.02602570863665394,0.02636733463914419,1.4334653612035009
2021-10-01,INFOSYS,INFOSYS,1665.09997558594,-0.02250623465383575,-0.02225485872816206,-1.2966114401534927
2021-10-04,INFOSYS,INFOSYS,1672.5,0.00443434599353109,0.00444419225425546,0.21888225850654452
2021-10-05,INFOSYS,INFOSYS,1671,-8.972634069897823e-4,-8.968609865470852e-4,-0.08103779726239975
2021-10-06,INFOSYS,INFOSYS,1702.09997558594,0.01844051887504028,0.01861159520403351,1.006774213104966
2021-10-07,INFOSYS,INFOSYS,1687,-0.0089109649244656,-0.00887137994390835,-0.5318341001202599
2021-10-08,INFOSYS,INFOSYS,1705.25,0.01075992398886037,0.01081802015411973,0.5747162220644562
2021-10-11,INFOSYS,INFOSYS,1682,-0.01372816600193532,-0.01363436446268875,-0.8028170449068355
2021-10-12,INFOSYS,INFOSYS,1677,-0.0029770787096845,-0.00297265160523186,-0.19803405012225175
2021-10-13,INFOSYS,INFOSYS,1695.94995117188,0.01123654417097262,0.01129991125335718,0.6015276294390746
2021-10-14,INFOSYS,INFOSYS,1754,0.03365586693794677,0.03422863321409228,1.8626861332701956
2021-10-18,INFOSYS,INFOSYS,1740,-0.00801378072355365,-0.00798175598631699,-0.481364623577916
2021-10-19,INFOSYS,INFOSYS,1814,0.04164923846650725,0.04252873563218391,2.312338809325861
2021-10-20,INFOSYS,INFOSYS,1829.40002441406,0.00845370589257399,0.00848953936828004,0.4449840890267311
2021-10-21,INFOSYS,INFOSYS,1814,-0.00845370589257402,-0.00841807379935533,-0.506111819277185
2021-10-22,INFOSYS,INFOSYS,1749.90002441406,-0.03597569429569167,-0.03533625997019846,-2.054311560977854
2021-10-25,INFOSYS,INFOSYS,1722.05004882812,-0.01604318745395823,-0.01591518098027648,-0.933044394819074
2021-10-26,INFOSYS,INFOSYS,1710.05004882812,-0.00699283153649733,-0.00696843858177419,-0.423932971309977
2021-10-27,INFOSYS,INFOSYS,1709.09997558594,-5.557365192215136e-4,-5.555821262840069e-4,-0.06182581912760876
2021-10-28,INFOSYS,INFOSYS,1719.34997558594,0.00597939633661749,0.00599730861062468,0.3057962745668784
2021-10-29,INFOSYS,INFOSYS,1699,-0.01190645553439865,-0.01183585417448527,-0.7003400133063791
2021-11-01,INFOSYS,INFOSYS,1677.5,-0.01273525282609511,-0.01265450264861683,-0.7469625078054075
2021-11-02,INFOSYS,INFOSYS,1695,0.01037815096871368,0.01043219076005961,0.5532402704536188
2021-11-03,INFOSYS,INFOSYS,1709,0.00822566330104028,0.00825958702064896,0.4321559649777707
2021-11-04,INFOSYS,INFOSYS,1715,0.00350467648444942,0.00351082504388531,0.16658537963480613
2021-11-08,INFOSYS,INFOSYS,1730,0.00870832789178441,0.00874635568513119,0.4593073896413126
2021-11-09,INFOSYS,INFOSYS,1734.75,0.00274190228783369,0.00274566473988439,0.12367689508495336
2021-11-10,INFOSYS,INFOSYS,1726,-0.00505671813628494,-0.00504395446029687,-0.3150204093901238
2021-11-11,INFOSYS,INFOSYS,1732.94995117188,0.00401853777746301,0.00402662292692931,0.19549171843057075
2021-11-12,INFOSYS,INFOSYS,1743,0.00578263609918467,0.00579938781343558,0.29472788283919554
2021-11-15,INFOSYS,INFOSYS,1782.09997558594,0.02218466395943109,0.02243257348590935,1.2173943313769091
2021-11-16,INFOSYS,INFOSYS,1790,0.00442318935534883,0.00443298609633981,0.21825466197903257
2021-11-17,INFOSYS,INFOSYS,1792.55004882812,0.00142359449220769,0.00142460828386592,0.04951787144264434
2021-11-18,INFOSYS,INFOSYS,1781.59997558594,-0.00612739108729706,-0.00610865690993599,-0.3752491821780333
2021-11-22,INFOSYS,INFOSYS,1784,0.00134621090024326,0.00134711744889346,0.04516479726295962
2021-11-23,INFOSYS,INFOSYS,1735.09997558594,-0.02779299960302209,-0.0274103275863565,-1.5940088523199505
2021-11-24,INFOSYS,INFOSYS,1740,0.00282007867164212,0.00282405883407684,0.1280745663377175
2021-11-25,INFOSYS,INFOSYS,1700,-0.02325686216426723,-0.02298850574712643,-1.3388366348139116
2021-11-26,INFOSYS,INFOSYS,1702.55004882812,0.00149890480313998,0.00150002872242352,0.05375431694305576
2021-11-29,INFOSYS,INFOSYS,1691,-0.00680708594886704,-0.00678397021930133,-0.4134841888099931
2021-11-30,INFOSYS,INFOSYS,1704.55004882812,0.00798110501047065,0.00801303892851567,0.41839878011362136
2021-12-01,INFOSYS,INFOSYS,1715,0.00611190569098918,0.00613062149689553,0.3132503489312124
2021-12-02,INFOSYS,INFOSYS,1715,0,0,-0.03056386512522596
2021-12-03,INFOSYS,INFOSYS,1771.09997558594,0.03218772807785861,0.03271135602678717,1.7800986337524745
2021-12-06,INFOSYS,INFOSYS,1730,-0.02347940018607434,-0.023205903761781,-1.351355109236396
2021-12-07,INFOSYS,INFOSYS,1701.09997558594,-0.01684632222821279,-0.01670521642431214,-0.9782232907563632
2021-12-08,INFOSYS,INFOSYS,1733,0.01857892445199417,0.01875258648632459,1.0145599688196827
2021-12-09,INFOSYS,INFOSYS,1759,0.01489145502195212,0.01500288517022504,0.8071280371038219
2021-12-10,INFOSYS,INFOSYS,1760,5.683432946392053e-4,5.685048322910744e-4,0.00140726025530978
2021-12-13,INFOSYS,INFOSYS,1767.05004882812,0.00399770806754275,0.00400570956143181,0.19431998072594328
2021-12-14,INFOSYS,INFOSYS,1730.90002441406,-0.02066999856255149,-0.02045783843985298,-1.1933172958283065
2021-12-15,INFOSYS,INFOSYS,1745,0.0081130370993389,0.00814603696750948,0.4258203814498362
2021-12-16,INFOSYS,INFOSYS,1762.65002441406,0.010063816662302121,0.01011462717138108,0.5355579618621759
2021-12-17,INFOSYS,INFOSYS,1820,0.0320181287720112,0.03253622374924045,1.770558131167428
2021-12-20,INFOSYS,INFOSYS,1801.69995117188,-0.01010586455032472,-0.01005497188358241,-0.5990510200977334
2021-12-21,INFOSYS,INFOSYS,1801,-3.885703445602185e-4,-3.884948608810989e-4,-0.05242218794221124
2021-12-22,INFOSYS,INFOSYS,1825,0.01323792084063578,0.01332593003886729,0.7141114586898442
2021-12-23,INFOSYS,INFOSYS,1831.25,0.00341880674878546,0.00342465753424657,0.16175493277073472
2021-12-24,INFOSYS,INFOSYS,1872.94995117188,0.0225159081107374,0.02277130439420068,1.2360278727468412
2021-12-27,INFOSYS,INFOSYS,1860,-0.00693821416886803,-0.0069142003307549,-0.42086056995519416
2021-12-28,INFOSYS,INFOSYS,1880.69995117188,0.01106753427804799,0.01112900600638709,0.5920202832132789
2021-12-29,INFOSYS,INFOSYS,1883.5,0.00148772614680083,0.00148883336035355,0.05312548182390209
2021-12-30,INFOSYS,INFOSYS,1884.5,5.307855750943978e-4,5.309264666843643e-4,-7.054814131501319e-4
2021-12-31,INFOSYS,INFOSYS,1890,0.00291429534649799,0.00291854603343061,0.13337455518805902
2022-01-03,INFOSYS,INFOSYS,1887.75,-0.00119118537015311,-0.00119047619047619,-0.09757184635741652
2022-01-04,INFOSYS,INFOSYS,1898.44995117188,0.00565209434000357,0.00566809756158389,0.2873844919880307
2022-01-05,INFOSYS,INFOSYS,1900,8.161481309932838e-4,8.164812705034334e-4,0.01534707368797955
2022-01-06,INFOSYS,INFOSYS,1828,-0.03863141314043656,-0.03789473684210526,-2.2037042272794607
2022-01-07,INFOSYS,INFOSYS,1815.44995117188,-0.00688912905725018,-0.00686545340706783,-0.4180993756688289
2022-01-10,INFOSYS,INFOSYS,1815,-2.478762578939103e-4,-2.4784553911252525e-4,-0.0445076962476026
2022-01-11,INFOSYS,INFOSYS,1855,0.02179922834258436,0.02203856749311295,1.1957123470048514
2022-01-12,INFOSYS,INFOSYS,1868.90002441406,0.0074653394980527,0.00749327461674393,0.3893853228950607
2022-01-13,INFOSYS,INFOSYS,1905,0.0191319730212132,0.01931616197461291,1.0456707170502082
2022-01-14,INFOSYS,INFOSYS,1882,-0.01214696741547638,-0.01207349081364829,-0.7138695747140243
2022-01-17,INFOSYS,INFOSYS,1938.55004882812,0.02960525496000636,0.03004784741132837,1.6348262735056085
2022-01-18,INFOSYS,INFOSYS,1922.09997558594,-0.0085219704940095,-0.00848576143397705,-0.5099519211172736
2022-01-19,INFOSYS,INFOSYS,1916,-0.00317864608051595,-0.00317359953354167,-0.20937285845563436
2022-01-20,INFOSYS,INFOSYS,1844,-0.03830255441426675,-0.03757828810020876,-2.185204873691533
2022-01-21,INFOSYS,INFOSYS,1795,-0.02693210319415986,-0.02657266811279826,-1.5455806799688363
2022-01-24,INFOSYS,INFOSYS,1765,-0.01685433155498207,-0.01671309192200557,-0.9786738409656642
2022-01-25,INFOSYS,INFOSYS,1726.59997558594,-0.02199654770593788,-0.02175638777000566,-1.2679399216016465
2022-01-27,INFOSYS,INFOSYS,1702,-0.01435011252813979,-0.01424764041108696,-0.8378035232498142
2022-01-28,INFOSYS,INFOSYS,1681,-0.01241517572470385,-0.01233842538190364,-0.7289571486562078
2022-01-31,INFOSYS,INFOSYS,1718,0.02177196913558504,0.02201070791195716,1.1941789295563314
2022-02-01,INFOSYS,INFOSYS,1766.09997558594,0.02761288833441134,0.02799765750054714,1.5227492880080846
2022-02-02,INFOSYS,INFOSYS,1789,0.01288309263010708,0.01296643719530229,0.6941512386707693
2022-02-03,INFOSYS,INFOSYS,1779,-0.00560539584288402,-0.00558971492453884,-0.3458852826395214
2022-02-04,INFOSYS,INFOSYS,1732,-0.02677459854345466,-0.02641933670601461,-1.5367205403609427
2022-02-07,INFOSYS,INFOSYS,1722.19995117188,-0.00567429521249345,-0.0056582268060739,-0.3497610922165857
2022-02-08,INFOSYS,INFOSYS,1710,-0.0071091444131814,-0.00708393422237556,-0.4304759420794268
2022-02-09,INFOSYS,INFOSYS,1735,0.01451404288425401,0.01461988304093567,0.7858973990575997
2022-02-10,INFOSYS,INFOSYS,1755.65002441406,0.01183175922519659,0.0119020313625706,0.6350103771137128
2022-02-11,INFOSYS,INFOSYS,1740,-0.00895405939758139,-0.00891409118926371,-0.5342583018592241
2022-02-14,INFOSYS,INFOSYS,1690,-0.02915658429145557,-0.02873563218390804,-1.6707148457786412
2022-02-15,INFOSYS,INFOSYS,1699,0.00531131375481291,0.00532544378698224,0.26821449575661666
2022-02-16,INFOSYS,INFOSYS,1738.25,0.02283901730719519,0.02310182460270747,1.2542037969268107
2022-02-17,INFOSYS,INFOSYS,1744,0.0033024654897978,0.0033079246368474,0.1552103654060667
2022-02-18,INFOSYS,INFOSYS,1710,-0.01968795497221938,-0.0194954128440367,-1.1380742076247392
2022-02-21,INFOSYS,INFOSYS,1701,-0.00527705710084378,-0.00526315789473684,-0.32741517981949964
2022-02-22,INFOSYS,INFOSYS,1699.90002441406,-6.468732490812344e-4,-6.466640716872434e-4,-0.06695255123582665
2022-02-23,INFOSYS,INFOSYS,1750,0.02904634777077928,0.02947230711594877,1.6033859591895836
2022-02-24,INFOSYS,INFOSYS,1690.09997558594,-0.03482810359871204,-0.03422858537946285,-1.989755919335309
2022-02-25,INFOSYS,INFOSYS,1715,0.01462539628119271,0.0147328707021769,0.7921613832528135
2022-02-28,INFOSYS,INFOSYS,1682.19995117188,-0.01931064909805024,-0.01912539290269387,-1.1168495472413842
2022-03-02,INFOSYS,INFOSYS,1710,0.01639093899471548,0.0165260073921376,0.8914787993130505
2022-03-03,INFOSYS,INFOSYS,1720.19995117188,0.00594716423553194,0.00596488372624561,0.3039831159446088
2022-03-04,INFOSYS,INFOSYS,1695.25,-0.01461031216828595,-0.01450409945360301,-0.8524405839797451
2022-03-07,INFOSYS,INFOSYS,1697,0.00103176367027471,0.001032296121516,0.02747613636080379
2022-03-08,INFOSYS,INFOSYS,1718.44995117188,0.01256070707723111,0.01263992408478491,0.6760160217533006
2022-03-09,INFOSYS,INFOSYS,1791,0.04135142974925443,0.04221830771309063,2.2955861179006005
2022-03-10,INFOSYS,INFOSYS,1844.75,0.0295696438777642,0.03001116694584031,1.6328230364021898
2022-03-11,INFOSYS,INFOSYS,1814,-0.01680941526339408,-0.01666892532863531,-0.976147156119492
2022-03-14,INFOSYS,INFOSYS,1831.55004882812,0.00962827785790023,0.00967477884681367,0.5110575131809589
2022-03-15,INFOSYS,INFOSYS,1888.34997558594,0.03054078941861667,0.03101194356887068,1.6874530745185936
2022-03-16,INFOSYS,INFOSYS,1865,-0.01244236587368285,-0.01236527968217051,-0.7304866813705417
2022-03-17,INFOSYS,INFOSYS,1923.30004882812,0.0307814329710826,0.03126007980060053,1.7009900428623304
2022-03-21,INFOSYS,INFOSYS,1861,-0.03292850840674771,-0.03239226706518301,-1.8828976232536976
2022-03-22,INFOSYS,INFOSYS,1850,-0.00592833856988027,-0.00591080064481461,-0.36405184238064353
2022-03-23,INFOSYS,INFOSYS,1897,0.02508805186264366,0.0254054054054054,1.3807191731714563
2022-03-24,INFOSYS,INFOSYS,1856.15002441406,-0.02176922773596362,-0.02153398818447021,-1.2551524473231639
2022-03-25,INFOSYS,INFOSYS,1892,0.01913000741277299,0.0193141584001309,1.045560145298093
2022-03-28,INFOSYS,INFOSYS,1866,-0.01383736820453449,-0.01374207188160676,-0.808960017550412
2022-03-29,INFOSYS,INFOSYS,1873.90002441406,0.00422473120280631,0.00423366796037513,0.20709075710397928
2022-03-30,INFOSYS,INFOSYS,1910,0.01908140843058013,0.01926462197321754,1.042826297344383
2022-03-31,INFOSYS,INFOSYS,1900,-0.00524935588614367,-0.00523560209424083,-0.3258568980262177
2022-04-01,INFOSYS,INFOSYS,1886.84997558594,-0.00694512714059799,-0.00692106548108421,-0.4212494466922215
2022-04-04,INFOSYS,INFOSYS,1889.75,0.00153578615835229,0.0015369660818738,0.05582901095778073
2022-04-05,INFOSYS,INFOSYS,1883.80004882812,-0.00315350586355696,-0.00314853878654848,-0.20795864096407465
2022-04-06,INFOSYS,INFOSYS,1855,-0.01540634326719359,-0.01528827268373627,-0.8972198754925238
2022-04-07,INFOSYS,INFOSYS,1821.05004882812,-0.01847141143674179,-0.01830186047001617,-1.0696397486093916
2022-04-08,INFOSYS,INFOSYS,1823,0.00107021107386931,0.00107078395409002,0.02963892559835363
2022-04-11,INFOSYS,INFOSYS,1814,-0.00494914400358114,-0.00493691716950082,-0.3089690208775545
2022-04-12,INFOSYS,INFOSYS,1757.5,-0.0316420069902619,-0.03114663726571113,-1.8105278100146496
2022-04-13,INFOSYS,INFOSYS,1754.94995117188,-0.00145200604227609,-0.00145095239153342,-0.11224384211936708
2022-04-18,INFOSYS,INFOSYS,1605.5,-0.08900510411297535,-0.08515909588879372,-5.03738521754394
2022-04-19,INFOSYS,INFOSYS,1636.65002441406,0.01921625015674155,0.0194020706409592,1.0504115750705347
2022-04-20,INFOSYS,INFOSYS,1575,-0.03839621242657677,-0.03766842238378448,-2.19047343598953
2022-04-21,INFOSYS,INFOSYS,1595,0.01261846395921146,0.01269841269841269,0.6792650308166603
2022-04-22,INFOSYS,INFOSYS,1604.34997558594,0.00584493867574067,0.00586205365889655,0.29823260173953353
2022-04-25,INFOSYS,INFOSYS,1572.80004882812,-0.01986117345643816,-0.01966523965339754,-1.1478183005513578
2022-04-26,INFOSYS,INFOSYS,1577.19995117188,0.00279359060648723,0.00279749631686388,0.12658452808065954
2022-04-27,INFOSYS,INFOSYS,1572.75,-0.00282541259459565,-0.00282142487296783,-0.18950234678868377
2022-04-28,INFOSYS,INFOSYS,1570,-0.00175006010778522,-0.00174852964552535,-0.12901033516758703
2022-04-29,INFOSYS,INFOSYS,1590,0.01265839687192346,0.01273885350318471,0.6815113846861748
2022-05-02,INFOSYS,INFOSYS,1550.90002441406,-0.02489859290700416,-0.02459117961379874,-1.4311892321124209
2022-05-04,INFOSYS,INFOSYS,1547.25,-0.00235626168780216,-0.00235348788226307,-0.16311111000456985
2022-05-05,INFOSYS,INFOSYS,1560.05004882812,0.008238741691605,0.00827277351954758,0.43289166621409103
2022-05-06,INFOSYS,INFOSYS,1550,-0.0064629723977836,-0.00644213231214562,-0.3941267026029741
2022-05-09,INFOSYS,INFOSYS,1540,-0.00647251450561747,-0.0064516129032258,-0.394663476642237
2022-05-10,INFOSYS,INFOSYS,1558,0.01162053102301879,0.01168831168831168,0.6231281161643355
2022-05-11,INFOSYS,INFOSYS,1549.94995117188,-0.00518030660524962,-0.00516691195643132,-0.32197265546063786
2022-05-12,INFOSYS,INFOSYS,1514,-0.02346748582804991,-0.02319426581787309,-1.3506848885479137
2022-05-13,INFOSYS,INFOSYS,1519.30004882812,0.00349457959088987,0.00350069275305151,0.16601739712671432
2022-05-16,INFOSYS,INFOSYS,1510,-0.00614008377931406,-0.00612127198659237,-0.3759631866392802
2022-05-17,INFOSYS,INFOSYS,1494.90002441406,-0.01005031952193428,-0.00999998383174834,-0.5959264348625657
2022-05-18,INFOSYS,INFOSYS,1522,0.01796592813459529,0.01812828626888416,0.9800769683053414
2022-05-19,INFOSYS,INFOSYS,1481,-0.02730772415383233,-0.02693823915900131,-1.566710558530823
2022-05-20,INFOSYS,INFOSYS,1453,-0.01908715069751585,-0.01890614449696151,-1.1042770484484317
2022-05-23,INFOSYS,INFOSYS,1455.09997558594,0.00144422541768044,0.00144526881344803,0.05067842688726255
2022-05-24,INFOSYS,INFOSYS,1468.59997558594,0.00923493940551022,0.00927771302763153,0.4889309690711527
2022-05-25,INFOSYS,INFOSYS,1435,-0.023144700199752,-0.02287891607279533,-1.3325271661102822
2022-05-26,INFOSYS,INFOSYS,1418,-0.01191742110164862,-0.01184668989547038,-0.7009568614837469
2022-05-27,INFOSYS,INFOSYS,1443.94995117188,0.01813495190676335,0.01830038869667137,0.9895850952829042
2022-05-30,INFOSYS,INFOSYS,1487,0.0293782874613189,0.02981408655693465,1.622058626862659
2022-05-31,INFOSYS,INFOSYS,1510.69995117188,0.01581241976800382,0.01593809762735709,0.8589352452556556
2022-06-01,INFOSYS,INFOSYS,1513,0.00152134756019698,0.00152250539647916,0.05501679370054081
2022-06-02,INFOSYS,INFOSYS,1484,-0.01935329006103015,-0.01916721744877726,-1.1192482375868784
2022-06-03,INFOSYS,INFOSYS,1524.90002441406,0.02718770540391011,0.02756066335179245,1.498831390306225
2022-06-06,INFOSYS,INFOSYS,1516,-0.00585356292891899,-0.00583646420851741,-0.35984547377361914
2022-06-07,INFOSYS,INFOSYS,1519.84997558594,0.00253634249440481,0.00253956173215039,0.11211350023029304
2022-06-08,INFOSYS,INFOSYS,1520.19995117188,2.3024331568095095e-4,2.3026982370748583e-4,-0.01761194331476642
2022-06-09,INFOSYS,INFOSYS,1485,-0.02342710077560266,-0.02315481667049478,-1.348413100374341
2022-06-10,INFOSYS,INFOSYS,1486.09997558594,7.404500994483105e-4,7.407243002962971e-4,0.01108881766488272
2022-06-13,INFOSYS,INFOSYS,1443.59997558594,-0.02901524547954338,-0.02859834513034231,-1.6627640862299615
2022-06-14,INFOSYS,INFOSYS,1410,-0.02355027248449086,-0.02327512895135799,-1.3553419023595907
2022-06-15,INFOSYS,INFOSYS,1440.19995117188,0.02119225453884402,0.02141840508643971,1.1615681321172595
2022-06-16,INFOSYS,INFOSYS,1438,-0.00152869963006599,-0.00152753176396785,-0.11655810136064194
2022-06-17,INFOSYS,INFOSYS,1391.05004882812,-0.03319436653889239,-0.03264947925721836,-1.8978529922294651
2022-06-20,INFOSYS,INFOSYS,1390.05004882812,-7.191399144098203e-4,-7.188813952757794e-4,-0.07101778195086507
2022-06-21,INFOSYS,INFOSYS,1424,0.02413006014423135,0.02442354590074038,1.3268290795752644
2022-06-22,INFOSYS,INFOSYS,1436.05004882812,0.00842650997327197,0.0084621129410955,0.44345423171329906
2022-06-23,INFOSYS,INFOSYS,1439.80004882812,0.0026079260031358,0.00261132960028807,0.11614030120499244
2022-06-24,INFOSYS,INFOSYS,1458,0.01256138462027474,0.01264061019215361,0.6760541357133012
2022-06-27,INFOSYS,INFOSYS,1468.05004882812,0.00686938923186336,0.00689303760502057,0.35586121719940284
2022-06-28,INFOSYS,INFOSYS,1469,6.468743734104176e-4,6.470836417588805e-4,0.00582488423248191
2022-06-29,INFOSYS,INFOSYS,1464.69995117188,-0.00293148718621776,-0.00292719457326072,-0.1954693813264843
2022-06-30,INFOSYS,INFOSYS,1465.05004882812,2.3899490257281244e-4,2.3902346412989824e-4,-0.01711963860309391
2022-07-01,INFOSYS,INFOSYS,1454,-0.00757102579676772,-0.00754243777334353,-0.4564582449672403
2022-07-04,INFOSYS,INFOSYS,1480.25,0.01789261331842085,0.01805364511691884,0.9759527757578564
2022-07-05,INFOSYS,INFOSYS,1498.80004882812,0.01245382808578868,0.01253169993455159,0.6700037371566815
2022-07-06,INFOSYS,INFOSYS,1482.19995117188,-0.01113738292341996,-0.01107559188380015,-0.6570772228340384
2022-07-07,INFOSYS,INFOSYS,1503.05004882812,0.01396897191115099,0.01406699388955934,0.7552354160857943
2022-07-08,INFOSYS,INFOSYS,1515,0.0079190294580644,0.00795046790437683,0.4149068320467301
2022-07-11,INFOSYS,INFOSYS,1495,-0.01328923211868276,-0.0132013201320132,-0.7781256121977691
2022-07-12,INFOSYS,INFOSYS,1461.80004882812,-0.02245762037575966,-0.02220732519858194,-1.2938767317575015
2022-07-13,INFOSYS,INFOSYS,1450,-0.00810503003440703,-0.00807227283757428,-0.48649768872656496
2022-07-14,INFOSYS,INFOSYS,1451,6.894174695677843e-4,6.89655172413793e-4,0.00821806925666137
2022-07-15,INFOSYS,INFOSYS,1446,-0.00345185016547789,-0.00344589937973811,-0.22474146073735543
2022-07-18,INFOSYS,INFOSYS,1450,0.00276243269591007,0.00276625172890733,0.12483179610501424
2022-07-19,INFOSYS,INFOSYS,1471.55004882812,0.01475274379611846,0.01486210264008275,0.7993250876634997
2022-07-20,INFOSYS,INFOSYS,1501.25,0.01998179418345477,0.02018276659739285,1.093475871409081
2022-07-21,INFOSYS,INFOSYS,1517,0.01043660595433891,0.01049125728559533,0.5565285500764617
2022-07-22,INFOSYS,INFOSYS,1534,0.0111440025786692,0.01120632827949901,0.5963218693318401
2022-07-25,INFOSYS,INFOSYS,1480.09997558594,-0.03576906637893058,-0.03513691291659713,-2.042688080774606
2022-07-26,INFOSYS,INFOSYS,1496.65002441406,0.0111196569129252,0.01118171008790685,0.5949523478835961
2022-07-27,INFOSYS,INFOSYS,1451,-0.03097631957700836,-0.03050146906049864,-1.7730807670845767
2022-07-28,INFOSYS,INFOSYS,1496.40002441406,0.03080926590499965,0.03128878319370089,1.702555734282223
2022-07-29,INFOSYS,INFOSYS,1532.80004882812,0.02403392028291445,0.0243250626972644,1.321420905344615
2022-08-01,INFOSYS,INFOSYS,1564,0.02015048203315455,0.02035487355035868,1.102965101675004
2022-08-02,INFOSYS,INFOSYS,1546.55004882812,-0.01121996686032523,-0.01115725778253197,-0.66172283302443
2022-08-03,INFOSYS,INFOSYS,1549,0.0015828861719375,0.00158413959751022,0.05847853714021497
2022-08-04,INFOSYS,INFOSYS,1587.5,0.02455089034997817,0.02485474499677211,1.3505021226088578
2022-08-05,INFOSYS,INFOSYS,1608.40002441406,0.01307945943536937,0.01316536970964409,0.7051974985823981
2022-08-08,INFOSYS,INFOSYS,1617,0.00533266937489079,0.00534691336446166,0.26941581758715283
2022-08-10,INFOSYS,INFOSYS,1621.19995117188,0.00259400505854128,0.0025973724006679,0.1153572036137218
2022-08-11,INFOSYS,INFOSYS,1630,0.00541342916515977,0.00542810824892938,0.27395881370367164
2022-08-12,INFOSYS,INFOSYS,1613.30004882812,-0.0102982138627212,-0.01024536881710429,-0.6098712832054234
2022-08-16,INFOSYS,INFOSYS,1609,-0.00266893294570358,-0.00266537451061474,-0.1806998668062173
2022-08-17,INFOSYS,INFOSYS,1596.44995117188,-0.00783048442265707,-0.00779990604606587,-0.4710536212787281
2022-08-18,INFOSYS,INFOSYS,1594.09997558594,-0.00147308524538773,-0.0014720007878825,-0.11342961461278876
2022-08-19,INFOSYS,INFOSYS,1585.30004882812,-0.00553560367460161,-0.00552031045266494,-0.34195925028586616
2022-08-22,INFOSYS,INFOSYS,1586,4.41428545056668e-4,4.415259889744012e-4,-0.00573209972274439
2022-08-23,INFOSYS,INFOSYS,1548,-0.02425134804512087,-0.02395964691046658,-1.3947796415949247
2022-08-24,INFOSYS,INFOSYS,1535,-0.00843339412837487,-0.00839793281653746,-0.5049692176734778
2022-08-25,INFOSYS,INFOSYS,1548,0.00843339412837481,0.00846905537459283,0.4438414874230224
2022-08-26,INFOSYS,INFOSYS,1535.15002441406,-0.00833566312957256,-0.00830101782037467,-0.49947153687782914
2022-08-29,INFOSYS,INFOSYS,1468.55004882812,-0.04435255936319737,-0.04338336613801641,-2.5255369733214104
2022-08-30,INFOSYS,INFOSYS,1473.09997558594,0.0030934545907363,0.00309824425898918,0.14345283483814483
2022-09-01,INFOSYS,INFOSYS,1460.05004882812,-0.00889829211354282,-0.00885881947871818,-0.5311212140340552
2022-09-02,INFOSYS,INFOSYS,1478,0.01221910737405122,0.01229406566321967,0.6567999475190629
2022-09-05,INFOSYS,INFOSYS,1451,-0.01843684862395924,-0.0182679296346414,-1.0676954800108216
2022-09-06,INFOSYS,INFOSYS,1461.30004882812,0.00707351001058369,0.00709858637361819,0.3673436628810804
2022-09-07,INFOSYS,INFOSYS,1440,-0.01468337032472524,-0.01457609533730012,-0.856550338597461
2022-09-08,INFOSYS,INFOSYS,1475,0.02401487620387392,0.02430555555555555,1.3203496150795504
2022-09-09,INFOSYS,INFOSYS,1488,0.00877494661911705,0.00881355932203389,0.4630549058068649
2022-09-12,INFOSYS,INFOSYS,1525.80004882812,0.02508595826474289,0.02540325862104838,1.3806014016034382
2022-09-13,INFOSYS,INFOSYS,1551.90002441406,0.01696110775152126,0.01710576402588655,0.9235526127702391
2022-09-14,INFOSYS,INFOSYS,1497,-0.03601689698967306,-0.03537600589624851,-2.0566293440989365
2022-09-15,INFOSYS,INFOSYS,1475,-0.01480511564570821,-0.01469605878423513,-0.8633989017077393
2022-09-16,INFOSYS,INFOSYS,1425,-0.03448617607116932,-0.03389830508474576,-1.9705214039337249
2022-09-19,INFOSYS,INFOSYS,1392,-0.02343025180838599,-0.0231578947368421,-1.3485903560315191
2022-09-20,INFOSYS,INFOSYS,1407.94995117188,0.01139314914914844,0.01145829825566092,0.6103371595940028
2022-09-21,INFOSYS,INFOSYS,1379.90002441406,-0.02012366059337482,-0.01992253114854912,-1.162584040281088
2022-09-22,INFOSYS,INFOSYS,1366.34997558594,-0.00986811745929666,-0.009819587352985,-0.5856769869599956
2022-09-23,INFOSYS,INFOSYS,1367.5,8.413223052943374e-4,8.41676316177213e-4,0.01676320138847679
2022-09-26,INFOSYS,INFOSYS,1360,-0.00549955556603854,-0.00548446069469835,-0.3399314290562121
2022-09-27,INFOSYS,INFOSYS,1393.44995117188,0.02429795163150605,0.02459555233226471,1.336273511911519
2022-09-28,INFOSYS,INFOSYS,1379,-0.01042405256830189,-0.01036991042249326,-0.6169501122719273
2022-09-29,INFOSYS,INFOSYS,1404.90002441406,0.01860754444209573,0.01878174359250181,1.0161699346634914
2022-09-30,INFOSYS,INFOSYS,1388.94995117188,-0.01141811240389629,-0.01135317315467502,-0.6728691526464928
2022-10-03,INFOSYS,INFOSYS,1412,0.01645910822168619,0.01659530554623101,0.8953135360349089
2022-10-04,INFOSYS,INFOSYS,1419.69995117188,0.00543840822307415,0.00545322320954674,0.2753639654842958
2022-10-06,INFOSYS,INFOSYS,1445,0.01766377427027093,0.01782070134413703,0.9630798484806764
2022-10-07,INFOSYS,INFOSYS,1446.34997558594,9.338030300281732e-4,9.3423915982007e-4,0.02196553750053606
2022-10-10,INFOSYS,INFOSYS,1426.34997558594,-0.01392440803945592,-0.01382791187305664,-0.8138562862345368
2022-10-11,INFOSYS,INFOSYS,1462.65002441406,0.02513115910379523,0.02544960875622972,1.3831440931532086
2022-10-12,INFOSYS,INFOSYS,1437,-0.01769226856187505,-0.01753667930531464,-1.0258104736330258
2022-10-13,INFOSYS,INFOSYS,1431,-0.00418410652257398,-0.00417536534446764,-0.2659332193526746
2022-10-14,INFOSYS,INFOSYS,1485,0.03704127168034907,0.03773584905660377,2.0531259616346955
2022-10-17,INFOSYS,INFOSYS,1476.90002441406,-0.00546945927392414,-0.00545452901410101,-0.33823841650947395
2022-10-18,INFOSYS,INFOSYS,1510,0.02216433784609419,0.02241179161674939,1.2162509225883782
2022-10-19,INFOSYS,INFOSYS,1504,-0.00398142529918492,-0.00397350993377483,-0.2545317532557345
2022-10-20,INFOSYS,INFOSYS,1475,-0.01947023573586488,-0.01928191489361702,-1.1258268052732028
2022-10-21,INFOSYS,INFOSYS,1500.30004882812,0.0170071308646178,0.01715257547669152,0.926141559861004
2022-10-24,INFOSYS,INFOSYS,1518.5,0.01205788484726537,0.01213087421152584,0.6477306655082505
2022-10-25,INFOSYS,INFOSYS,1528.09997558594,0.00630211214866561,0.00632201223967072,0.3239500696174944
2022-10-27,INFOSYS,INFOSYS,1530.80004882812,0.00176538881420323,0.00176694803044196,0.06874489360679546
2022-10-28,INFOSYS,INFOSYS,1526,-0.00314057360427006,-0.00313564716162283,-0.20723116007881545
2022-10-31,INFOSYS,INFOSYS,1530.25,0.00278118788677701,0.00278505897771952,0.1258868354877226
2022-11-01,INFOSYS,INFOSYS,1553.05004882812,0.01478965008954302,0.01489955812979578,0.8014011845323062
2022-11-02,INFOSYS,INFOSYS,1572,0.01212792316842961,0.01220176464124836,0.6516705447476207
2022-11-03,INFOSYS,INFOSYS,1538.75,-0.02137829549048856,-0.02115139949109415,-1.2331612600367692
2022-11-04,INFOSYS,INFOSYS,1520.44995117188,-0.01196408695595128,-0.01189280183793338,-0.7035819648200101
2022-11-07,INFOSYS,INFOSYS,1521.40002441406,6.246680675900181e-4,6.248632133190125e-4,0.00457570861218501
2022-11-09,INFOSYS,INFOSYS,1529,0.0049829473187603,0.00499538284736586,0.249742835059956
2022-11-10,INFOSYS,INFOSYS,1485,-0.02919915469226235,-0.02877697841726619,-1.6731095667765497
2022-11-11,INFOSYS,INFOSYS,1546.65002441406,0.04067654518038494,0.04151516795559596,2.25762170559516
2022-11-14,INFOSYS,INFOSYS,1575.15002441406,0.01825920390244134,0.01842692241303721,0.996574666850076
2022-11-15,INFOSYS,INFOSYS,1577.84997558594,0.00171262406077461,0.00171409143893094,0.06577670771729635
2022-11-16,INFOSYS,INFOSYS,1597.15002441406,0.01215766082130513,0.01223186559352885,0.6533433826918243
2022-11-17,INFOSYS,INFOSYS,1597.19995117188,3.125941628532149e-5,3.12599048660565e-5,-0.02880542312932838
2022-11-18,INFOSYS,INFOSYS,1591.69995117188,-0.00344946885889354,-0.00344352627607119,-0.2246075046370616
2022-11-21,INFOSYS,INFOSYS,1582.09997558594,-0.00604953373550634,-0.00603127214954808,-0.3708694574951237
2022-11-22,INFOSYS,INFOSYS,1569,-0.00831458929055889,-0.00828011869546256,-0.49828606613204857
2022-11-23,INFOSYS,INFOSYS,1588.90002441406,0.01260349452667349,0.01268325329130656,0.6784229524301266
2022-11-24,INFOSYS,INFOSYS,1589,6.29192770098924e-5,6.292125646915336e-5,-0.02702445485486651
2022-11-25,INFOSYS,INFOSYS,1631.40002441406,0.02633366929486143,0.0266834640742983,1.4507891317286274
2022-11-28,INFOSYS,INFOSYS,1628,-0.00208628926909174,-0.00208411448031034,-0.14792429927012313
2022-11-29,INFOSYS,INFOSYS,1621.19995117188,-0.00418568192683735,-0.00417693416960687,-0.2660218408736892
2022-11-30,INFOSYS,INFOSYS,1619.94995117188,-7.71331224804037e-4,-7.71033825344271e-4,-0.07395370983833532
2022-12-01,INFOSYS,INFOSYS,1656.19995117188,0.02213053770673608,0.02237723453973165,1.2143495568056013
2022-12-02,INFOSYS,INFOSYS,1656,-1.2073617237523335e-4,-1.2072888405685706e-4,-0.03735566040350932
2022-12-05,INFOSYS,INFOSYS,1638,-0.01092907053219031,-0.0108695652173913,-0.6453589855624083
2022-12-06,INFOSYS,INFOSYS,1625,-0.00796816964917684,-0.0079365079365079309,-0.47879885498101954
2022-12-07,INFOSYS,INFOSYS,1608,-0.01051664502492612,-0.01046153846153846,-0.6221587336596477
2022-12-08,INFOSYS,INFOSYS,1605.5,-0.00155593620934308,-0.0015547263681592,-0.11809024592752314
2022-12-09,INFOSYS,INFOSYS,1628,0.01391703303291709,0.01401432575521644,0.752313688313507
2022-12-12,INFOSYS,INFOSYS,1550,-0.04909733664919334,-0.04791154791154791,-2.7924458485454857
2022-12-13,INFOSYS,INFOSYS,1547.19995117188,-0.0018081167732857,-0.00180648311491612,-0.1322762080113406
2022-12-14,INFOSYS,INFOSYS,1582,0.0222430551875926,0.02249227632263157,1.2206790244388026
2022-12-15,INFOSYS,INFOSYS,1569.30004882812,-0.00806017816833842,-0.00802778203026548,-0.48397462802160696
2022-12-16,INFOSYS,INFOSYS,1525,-0.02863528111774874,-0.02822917698957647,-1.641389877427545
2022-12-19,INFOSYS,INFOSYS,1507.94995117188,-0.01124332990243729,-0.0111803598872918,-0.6630370787552778
2022-12-20,INFOSYS,INFOSYS,1501,-0.00461952750561279,-0.00460887389961381,-0.2904270402059447
2022-12-21,INFOSYS,INFOSYS,1515,0.00928388631000765,0.00932711525649566,0.49168438876561765
2022-12-22,INFOSYS,INFOSYS,1521.5,0.00428125139355618,0.00429042904290429,0.21027019833613625
2022-12-23,INFOSYS,INFOSYS,1508.69995117188,-0.0084483698553642,-0.0084127826671837,-0.5058116501430019
2022-12-26,INFOSYS,INFOSYS,1500.5,-0.00544993460123978,-0.00543511064974232,-0.33714009131712347
2022-12-27,INFOSYS,INFOSYS,1509.94995117188,0.00627811945995836,0.00629786815853382,0.3226004042548328
2022-12-28,INFOSYS,INFOSYS,1505.09997558594,-0.00321718040295242,-0.0032120108233891502,-0.21154053715562243
2022-12-29,INFOSYS,INFOSYS,1504,-7.310994276427213e-4,-7.308322395738378e-4,-0.07169054276403167
2022-12-30,INFOSYS,INFOSYS,1528,0.01583146521668066,0.01595744680851063,0.8600066125671363
2023-01-02,INFOSYS,INFOSYS,1514,-0.00920453572907168,-0.00916230366492146,-0.5483483954249734
2023-01-03,INFOSYS,INFOSYS,1519.84997558594,0.00385647469932761,0.00386392046627476,0.1863751527219671
2023-01-04,INFOSYS,INFOSYS,1521,7.563835625710799e-4,7.56669692754797e-4,0.01198512585053236
2023-01-05,INFOSYS,INFOSYS,1505.90002441406,-0.00997727095424751,-0.00992766310712689,-0.5918172196428014
2023-01-06,INFOSYS,INFOSYS,1470,-0.02412834153226341,-0.0238395802058829,-1.3878601324139723
2023-01-09,INFOSYS,INFOSYS,1448.19995117188,-0.0149410285344826,-0.01482996518919727,-0.8710444357517282
2023-01-10,INFOSYS,INFOSYS,1482,0.02307115461773273,0.02333935227712794,1.2672622619966014
2023-01-11,INFOSYS,INFOSYS,1470,-0.00813012608325017,-0.00809716599190283,-0.4879094216205538
2023-01-12,INFOSYS,INFOSYS,1481.94995117188,0.00809635437391008,0.00812921848427211,0.4248819248666324
2023-01-13,INFOSYS,INFOSYS,1483.5,0.00104540558418434,0.00104595221106776,0.02824353758493932
2023-01-16,INFOSYS,INFOSYS,1510,0.0177054900780936,0.01786316144253454,0.965426495894007
2023-01-17,INFOSYS,INFOSYS,1527,0.01119537540966241,0.01125827814569536,0.5992117551391135
2023-01-18,INFOSYS,INFOSYS,1544.75,0.01155705872245652,0.0116240995415848,0.619557596553023
2023-01-19,INFOSYS,INFOSYS,1539.90002441406,-0.00314458985240668,-0.00313965080818255,-0.2074570868627616
2023-01-20,INFOSYS,INFOSYS,1538,-0.00123462402309296,-0.0012338621884125,-0.10001540931065402
2023-01-23,INFOSYS,INFOSYS,1535,-0.00195249004429177,-0.00195058517555266,-0.14039766557487796
2023-01-24,INFOSYS,INFOSYS,1560,0.0161554402222852,0.01628664495114006,0.8782312412766525
2023-01-25,INFOSYS,INFOSYS,1547,-0.00836824967051658,-0.00833333333333333,-0.501304633874074
2023-01-27,INFOSYS,INFOSYS,1546,-6.46621425698848e-4,-6.464124111182935e-4,-0.06693838536634605
2023-01-30,INFOSYS,INFOSYS,1528.80004882812,-0.01118780428245044,-0.01112545353937904,-0.6599135853047947
2023-01-31,INFOSYS,INFOSYS,1548.90002441406,0.01306187145098868,0.0131475503296506,0.7042081182921229
2023-02-01,INFOSYS,INFOSYS,1542.19995117188,-0.00433508057838669,-0.00432569768001301,-0.2744259921418042
2023-02-02,INFOSYS,INFOSYS,1552,0.00633448500564514,0.00635459028556782,0.3257711462083177
2023-02-03,INFOSYS,INFOSYS,1597.5,0.02889548550852581,0.02931701030927835,1.5948994751451846
2023-02-06,INFOSYS,INFOSYS,1598,3.129400745301561e-4,3.1298904538341156e-4,-0.0129599865297211
2023-02-07,INFOSYS,INFOSYS,1569,-0.0183143735931874,-0.01814768460575719,-1.0608058683945238
2023-02-08,INFOSYS,INFOSYS,1565.5,-0.00223321196657218,-0.00223072020395156,-0.15618917021467385
2023-02-09,INFOSYS,INFOSYS,1596.19995117188,0.01942051208522093,0.01961031694147556,1.0619019608769338
2023-02-10,INFOSYS,INFOSYS,1612.94995117188,0.01043899638040674,0.01049367279312511,0.5566630191768247
2023-02-13,INFOSYS,INFOSYS,1597,-0.00993790101707559,-0.00988868325411563,-0.5896025349453317
2023-02-14,INFOSYS,INFOSYS,1584.69995117188,-0.00773178507846718,-0.00770197171453976,-0.46550146796252695
2023-02-15,INFOSYS,INFOSYS,1584,-4.417907621741271e-4,-4.4169318700514303e-4,-0.05541600639733861
2023-02-16,INFOSYS,INFOSYS,1600,0.0100503358535015,0.0101010101010101,0.5347996233149264
2023-02-17,INFOSYS,INFOSYS,1594,-0.00375704887771228,-0.00375,-0.24190986298096423
2023-02-20,INFOSYS,INFOSYS,1584.94995117188,-0.00569375008503879,-0.00567757141036386,-0.3508554909282031
2023-02-21,INFOSYS,INFOSYS,1598.69995117188,0.00863793816333351,0.00867535280204496,0.455347742619816
2023-02-22,INFOSYS,INFOSYS,1563,-0.02258371700697848,-0.02233061378760361,-1.3009700699648596
2023-02-23,INFOSYS,INFOSYS,1569.84997558594,0.00437300640339013,0.00438258194877799,0.2154317106674395
2023-02-24,INFOSYS,INFOSYS,1560,-0.00629423658128405,-0.00627446936912779,-0.3846347740513782
2023-02-27,INFOSYS,INFOSYS,1540,-0.01290340483590784,-0.01282051282051282,-0.7564215953664292
2023-02-28,INFOSYS,INFOSYS,1515.59997558594,-0.01597103237174072,-0.01584417169744155,-0.928985441010385
2023-03-01,INFOSYS,INFOSYS,1492.40002441406,-0.01542580533000626,-0.01530743701873626,-0.8983146786796407
2023-03-02,INFOSYS,INFOSYS,1485,-0.00497080646912785,-0.00495847245577831,-0.31018760374565196
2023-03-03,INFOSYS,INFOSYS,1486.75,0.00117775734990305,0.00117845117845117,0.03568874708426909
2023-03-06,INFOSYS,INFOSYS,1494.55004882812,0.00523266125378599,0.00524637553598116,0.2637900413897878
2023-03-08,INFOSYS,INFOSYS,1490.55004882812,-0.00267997873654936,-0.00267639079944924,-0.18132122781705107
2023-03-09,INFOSYS,INFOSYS,1495,0.00298099472084705,0.002985442303919,0.1371266080058385
2023-03-10,INFOSYS,INFOSYS,1460,-0.02368977112240466,-0.02341137123745819,-1.3631891462440942
2023-03-13,INFOSYS,INFOSYS,1464.19995117188,0.00287254916217438,0.00287667888484931,0.1310261989995406
2023-03-14,INFOSYS,INFOSYS,1441,-0.01597166786503438,-0.01584479712167167,-0.92902118953766
2023-03-15,INFOSYS,INFOSYS,1438,-0.00208405771853012,-0.00208188757807078,-0.1477987674243683
2023-03-16,INFOSYS,INFOSYS,1417.80004882812,-0.0141468504207187,-0.01404725394428372,-0.8263693805709655
2023-03-17,INFOSYS,INFOSYS,1430,0.00856803539367964,0.00860484606553924,0.451415488585801
2023-03-20,INFOSYS,INFOSYS,1419.69995117188,-0.00722889697769145,-0.00720283134833566,-0.4372124062740506
2023-03-21,INFOSYS,INFOSYS,1399,-0.01468785161078028,-0.01458051129380781,-0.8568024252494605
2023-03-22,INFOSYS,INFOSYS,1403,0.00285510543697971,0.00285918513223731,0.13004493374918424
2023-03-23,INFOSYS,INFOSYS,1383.94995117188,-0.01367110702678674,-0.0135780818447042,-0.799607295331593
2023-03-24,INFOSYS,INFOSYS,1388,0.00292216799107565,0.00292644168576367,0.13381741658757382
2023-03-27,INFOSYS,INFOSYS,1386.25,-0.001261602402173,-0.00126080691642651,-0.10153302929186472
2023-03-28,INFOSYS,INFOSYS,1392.09997558594,0.00421112119236818,0.00422000042267989,0.2063251505520026
2023-03-29,INFOSYS,INFOSYS,1379,-0.00945478206364329,-0.00941022614444495,-0.5624255509295305
2023-03-31,INFOSYS,INFOSYS,1404,0.01796670679245459,0.01812907904278462,0.9801207702966432
2023-04-03,INFOSYS,INFOSYS,1435,0.02183954360796505,0.02207977207977208,1.1979802094330585
2023-04-05,INFOSYS,INFOSYS,1400,-0.02469261259037152,-0.02439024390243902,-1.4196021814845687
2023-04-06,INFOSYS,INFOSYS,1416,0.011363758650315,0.01142857142857142,0.6086838501733347
2023-04-10,INFOSYS,INFOSYS,1423.94995117188,0.00559867045163736,0.00561437229652542,0.2843792276532833
2023-04-11,INFOSYS,INFOSYS,1428.90002441406,0.00347026885553409,0.0034762972098185,0.1646498406243614
2023-04-12,INFOSYS,INFOSYS,1413.05004882812,-0.01115441124306794,-0.01109243146135398,-0.658035120195757
2023-04-13,INFOSYS,INFOSYS,1409.75,-0.00233813963047708,-0.00233540831116124,-0.16209168640556143
2023-04-17,INFOSYS,INFOSYS,1250.30004882812,-0.12002882213321504,-0.113105125853435,-6.782568433306381
2023-04-18,INFOSYS,INFOSYS,1269.94995117188,0.01559392959594543,0.01571614938524352,0.8466444753087206
2023-04-19,INFOSYS,INFOSYS,1254.34997558594,-0.01236000050568992,-0.01228392943481332,-0.7258533663794892
2023-04-20,INFOSYS,INFOSYS,1230.69995117188,-0.01903441714112101,-0.01885440656465309,-1.1013106174917136
2023-04-21,INFOSYS,INFOSYS,1228.09997558594,-0.00211483376641026,-0.00211259908108738,-0.1495300184037926
2023-04-24,INFOSYS,INFOSYS,1228,-8.141002971297224e-5,-8.140671600640792e-5,-0.03514343928706923
2023-04-25,INFOSYS,INFOSYS,1225.94995117188,-0.00167081590564234,-0.00166942086980455,-0.12455259572333302
2023-04-26,INFOSYS,INFOSYS,1228,0.00167081590564226,0.00167221249624453,0.06342486547287675
2023-04-27,INFOSYS,INFOSYS,1230,0.0016273396593754,0.001628664495114,0.06097918777493669
2023-04-28,INFOSYS,INFOSYS,1255.69995117188,0.02067897774327459,0.02089426924543089,1.132694673169376
2023-05-02,INFOSYS,INFOSYS,1254.55004882812,-9.161656601467784e-4,-9.157461085244608e-4,-0.08210110936858124
2023-05-03,INFOSYS,INFOSYS,1266,0.00908534225453054,0.00912673925012034,0.4805156515761546
2023-05-04,INFOSYS,INFOSYS,1268.94995117188,0.0023274246516387,0.00233013520685624,0.10036120437617062
2023-05-05,INFOSYS,INFOSYS,1279,0.00788877422308247,0.00791997258744424,0.41320487845609455
2023-05-08,INFOSYS,INFOSYS,1262.44995117188,-0.01302428385125252,-0.01293983489297888,-0.7632214260179264
2023-05-09,INFOSYS,INFOSYS,1266,0.00280808497653138,0.00281203134019264,0.12739988268475935
2023-05-10,INFOSYS,INFOSYS,1276.40002441406,0.00818131082724666,0.00821486920541864,0.4296609966831368
2023-05-11,INFOSYS,INFOSYS,1270.25,-0.00482990305752684,-0.00481825783173516,-0.30226133685496764
2023-05-12,INFOSYS,INFOSYS,1253.34997558594,-0.01339378445313064,-0.01330448684436921,-0.7840070149080496
2023-05-15,INFOSYS,INFOSYS,1249.90002441406,-0.00275637939172405,-0.0027525840659686,-0.18561900866321343
2023-05-16,INFOSYS,INFOSYS,1265,0.01200855453263409,0.01208094670853271,0.6449556777693013
2023-05-17,INFOSYS,INFOSYS,1260.59997558594,-0.00348434344962674,-0.00347828016921739,-0.22656931174104772
2023-05-18,INFOSYS,INFOSYS,1258.59997558594,-0.00158780601695197,-0.00158654611989055,-0.11988302438471286
2023-05-19,INFOSYS,INFOSYS,1256.05004882812,-0.00202805766771088,-0.00202600254829409,-0.14464858572442446
2023-05-22,INFOSYS,INFOSYS,1272.94995117188,0.01336508810274102,0.0134548001168643,0.7212650233037224
2023-05-23,INFOSYS,INFOSYS,1299.19995117188,0.02041164969412053,0.02062139204753038,1.1176566166675146
2023-05-24,INFOSYS,INFOSYS,1296.30004882812,-0.00223456255089667,-0.00223206777459026,-0.1562651448961427
2023-05-25,INFOSYS,INFOSYS,1294.5,-0.00138957008170338,-0.00138860507623005,-0.10873161994211464
2023-05-26,INFOSYS,INFOSYS,1306,0.00884451064478411,0.00888373889532638,0.4669681044098118
2023-05-29,INFOSYS,INFOSYS,1332.69995117188,0.02023789211081088,0.02044406674722818,1.1078821976953714
2023-05-30,INFOSYS,INFOSYS,1315,-0.0133702573353224,-0.01328127246970778,-0.7826835393953012
2023-05-31,INFOSYS,INFOSYS,1319.84997558594,0.00368140965021234,0.00368819436193156,0.17652718462274447
2023-06-01,INFOSYS,INFOSYS,1322.55004882812,0.00204365285874579,0.00204574254053481,0.08439813477437655
2023-06-02,INFOSYS,INFOSYS,1309,-0.01029824121092304,-0.01024539588511328,-0.609872821629116
2023-06-05,INFOSYS,INFOSYS,1304,-0.00382702342330171,-0.00381970970206264,-0.24584615464057769
2023-06-06,INFOSYS,INFOSYS,1288.59997558594,-0.0118801247282461,-0.01180983467335889,-0.6988588213704238
2023-06-07,INFOSYS,INFOSYS,1290.5,0.00147340140031639,0.00147448738946005,0.05231966908674405
2023-06-08,INFOSYS,INFOSYS,1286.19995117188,-0.0033376434209916,-0.00333207968083688,-0.21831696663015904
2023-06-09,INFOSYS,INFOSYS,1282.5,-0.00288079869275236,-0.0028766531739555,-0.19261799169064564
2023-06-12,INFOSYS,INFOSYS,1273.5,-0.00704228262541292,-0.00701754385964912,-0.4267147529881226
2023-06-13,INFOSYS,INFOSYS,1299.90002441406,0.0205183417759525,0.02073029007778563,1.123658387001632
2023-06-14,INFOSYS,INFOSYS,1306.34997558594,0.00494961292263516,0.00496188249153035,0.24786766882142783
2023-06-15,INFOSYS,INFOSYS,1293.94995117188,-0.00953745241585437,-0.00949211516500254,-0.5670760222568495
2023-06-16,INFOSYS,INFOSYS,1287,-0.00538558910611838,-0.00537111282054279,-0.33352045172323175
2023-06-19,INFOSYS,INFOSYS,1294,0.00542426746471921,0.00543900543900543,0.2745685026670057
2023-06-20,INFOSYS,INFOSYS,1294,0,0,-0.03056386512522596
2023-06-21,INFOSYS,INFOSYS,1299.94995117188,0.00458756854911914,0.0045981075516847,0.22750151658882967
2023-06-22,INFOSYS,INFOSYS,1289.40002441406,-0.00814875179901073,-0.00811564072009806,-0.4889571776150377
2023-06-23,INFOSYS,INFOSYS,1276.44995117188,-0.01009426375401361,-0.01004348766633913,-0.598398438257013
2023-06-26,INFOSYS,INFOSYS,1270.25,-0.00486901758309935,-0.00485718313216116,-0.3044616538342902
2023-06-27,INFOSYS,INFOSYS,1280,0.00764634643982157,0.0076756543987404,0.3995675414320342
2023-06-28,INFOSYS,INFOSYS,1290,0.00778214044205494,0.0078125,0.4072063877284157
2023-06-30,INFOSYS,INFOSYS,1308.19995117188,0.01400989084673411,0.01410848928052713,0.7575372368907647
2023-07-03,INFOSYS,INFOSYS,1330,0.01652683301334762,0.01666415658293795,0.8991232718512742
2023-07-04,INFOSYS,INFOSYS,1344.30004882812,0.01069452556674575,0.0107519164121203,0.5710373519645756
2023-07-05,INFOSYS,INFOSYS,1357.84997558594,0.01002908070162726,0.01007954047880308,0.5336039531416994
2023-07-06,INFOSYS,INFOSYS,1342.55004882812,-0.01133172147714901,-0.01126775934964227,-0.6680093871195129
2023-07-07,INFOSYS,INFOSYS,1334,-0.00638887953145453,-0.00636851403460387,-0.3899587422495161
2023-07-10,INFOSYS,INFOSYS,1336.55004882812,0.00190975608510094,0.00191158083067466,0.07686601364507507
2023-07-11,INFOSYS,INFOSYS,1333.44995117188,-0.00232217157254028,-0.00231947741796735,-0.16119343215114054
2023-07-12,INFOSYS,INFOSYS,1351,0.01307552697206921,0.01316138548184462,0.7049762849630773
2023-07-13,INFOSYS,INFOSYS,1334.90002441406,-0.01198865800945702,-0.01191708037449297,-0.704964165049649
2023-07-14,INFOSYS,INFOSYS,1380.65002441406,0.03369801948377464,0.03427222950279102,1.8650573485910824
2023-07-17,INFOSYS,INFOSYS,1425.94995117188,0.03228380356887531,0.03281057904376964,1.7855031869481648
2023-07-18,INFOSYS,INFOSYS,1434,0.00562951815617384,0.00564539367002626,0.28611450954846873
2023-07-19,INFOSYS,INFOSYS,1486,0.03562020411813879,0.03626220362622036,1.973186372949165
2023-07-20,INFOSYS,INFOSYS,1471,-0.01014550467626695,-0.01009421265141318,-0.6012809037764066
2023-07-21,INFOSYS,INFOSYS,1320.19995117188,-0.10815923833216395,-0.10251532891102652,-6.114866437879334
2023-07-24,INFOSYS,INFOSYS,1341,0.01563240101240499,0.01575522617589613,0.8488086153466112
2023-07-25,INFOSYS,INFOSYS,1337,-0.00298730617973535,-0.00298284862043251,-0.1986093779749873
2023-07-26,INFOSYS,INFOSYS,1343,0.00447761942129448,0.00448765893792071,0.22131652701594437
2023-07-27,INFOSYS,INFOSYS,1358.59997558594,0.01154882226395055,0.01161576737597915,0.6190942694581674
2023-07-28,INFOSYS,INFOSYS,1353.84997558594,-0.00350237235048768,-0.00349624619855554,-0.2275834949914444
2023-07-31,INFOSYS,INFOSYS,1348.75,-0.00377412986435605,-0.00376701678761175,-0.24287072302939292
2023-08-01,INFOSYS,INFOSYS,1362,0.00977597013711332,0.0098239110287303,0.5193656755557018
2023-08-02,INFOSYS,INFOSYS,1369.30004882812,0.0053454882879131,0.00535980090170337,0.2701369223830468
2023-08-03,INFOSYS,INFOSYS,1350,-0.01419510356489574,-0.01409482811647998,-0.8290837740318203
2023-08-04,INFOSYS,INFOSYS,1368.90002441406,0.01390292300379284,0.01400001808448888,0.7515199541135803
2023-08-07,INFOSYS,INFOSYS,1387.90002441406,0.01378431551617374,0.01387975722195834,0.7448479041509816
2023-08-08,INFOSYS,INFOSYS,1392.84997558594,0.00356015923772731,0.00356650413200313,0.1697064616960117
2023-08-09,INFOSYS,INFOSYS,1384,-0.00637413301255409,-0.00635386132107804,-0.3891292034669891
2023-08-10,INFOSYS,INFOSYS,1391.59997558594,0.00547628955629445,0.00549131183955202,0.27749491145549277
2023-08-11,INFOSYS,INFOSYS,1392,2.874151604556946e-4,2.87456468150315e-4,-0.01439584446259257
2023-08-14,INFOSYS,INFOSYS,1371.84997558594,-0.01458138582794828,-0.01447559225147988,-0.8508133849567978
2023-08-16,INFOSYS,INFOSYS,1410.80004882812,0.02799677790571489,0.02839237083890588,1.5443443023808978
2023-08-17,INFOSYS,INFOSYS,1420,0.00649991762317467,0.00652108793129255,0.33507725926877735
2023-08-18,INFOSYS,INFOSYS,1403.69995117188,-0.01154529884032268,-0.01147890762543661,-0.6800237958771709
2023-08-21,INFOSYS,INFOSYS,1389.75,-0.00998769792140481,-0.00993798650504609,-0.5924037698448874
2023-08-22,INFOSYS,INFOSYS,1404.69995117188,0.01069984724275212,0.01075729532065479,0.5713367132352006
2023-08-23,INFOSYS,INFOSYS,1416,0.00801227317733409,0.00804445733673789,0.420152089038125
2023-08-24,INFOSYS,INFOSYS,1421.5,0.00387665683738937,0.00388418079096045,0.18751046244147287
2023-08-25,INFOSYS,INFOSYS,1413,-0.00599754840652706,-0.00597959901512486,-0.3679451167200648
2023-08-28,INFOSYS,INFOSYS,1420.09997558594,0.00501217077465037,0.00502475271474876,0.2513867477815917
2023-08-29,INFOSYS,INFOSYS,1424,0.00274253851274325,0.00274630271185719,0.12371268476795932
2023-08-30,INFOSYS,INFOSYS,1427,0.00210452550491544,0.0021067415730337,0.08782241552386673
2023-08-31,INFOSYS,INFOSYS,1435.15002441406,0.00569505188227388,0.00571129951931324,0.2898009909296353
2023-09-01,INFOSYS,INFOSYS,1430.94995117188,-0.00293086513694482,-0.00292657434465417,-0.19543438906830968
2023-09-04,INFOSYS,INFOSYS,1443,0.00838575455170535,0.00842101348006726,0.4411616090939539
2023-09-05,INFOSYS,INFOSYS,1465,0.01513096267729677,0.01524601524601524,0.8206011076068934
2023-09-06,INFOSYS,INFOSYS,1481.90002441406,0.01146982221980123,0.01153585284236177,0.6146502646807923
2023-09-07,INFOSYS,INFOSYS,1470.59997558594,-0.00765460051027528,-0.0076253786638461,-0.4611595895056479
2023-09-08,INFOSYS,INFOSYS,1463.5,-0.00483963702875324,-0.0048279448550317804,-0.3028089038227934
2023-09-11,INFOSYS,INFOSYS,1469.59997558594,0.00415941115625062,0.00416807351277075,0.20341629587958815
2023-09-12,INFOSYS,INFOSYS,1482.5,0.00873961358368923,0.00877791550650827,0.4610673097247207
2023-09-13,INFOSYS,INFOSYS,1505,0.01506304631109554,0.01517706576728499,0.8167805951108528
2023-09-14,INFOSYS,INFOSYS,1505,0,0,-0.03056386512522596
2023-09-15,INFOSYS,INFOSYS,1518,0.00860078077259912,0.00863787375415282,0.45325752072542946
2023-09-18,INFOSYS,INFOSYS,1504.90002441406,-0.00866721193985779,-0.00862975993803689,-0.518122216288282
2023-09-20,INFOSYS,INFOSYS,1476.19995117188,-0.01925528175666627,-0.01907108297998367,-1.1137349574677908
2023-09-21,INFOSYS,INFOSYS,1486.55004882812,0.00698684651787962,0.0070113114744541,0.3624685646485663
2023-09-22,INFOSYS,INFOSYS,1491.90002441406,0.00359245997627927,0.00359892059480775,0.1715234813949669
2023-09-25,INFOSYS,INFOSYS,1489.84997558594,-0.00137506440924938,-0.00137411944136481,-0.10791562954136533
2023-09-26,INFOSYS,INFOSYS,1479.15002441406,-0.0072078123920472,-0.00718189841072544,-0.4360263309959797
2023-09-27,INFOSYS,INFOSYS,1456,-0.01577466519528234,-0.01565089682044286,-0.9179391602177908
2023-09-28,INFOSYS,INFOSYS,1467.90002441406,0.00813987483852009,0.00817309369097527,0.4273300899875898
2023-09-29,INFOSYS,INFOSYS,1432.09997558594,-0.02469094315822888,-0.02438861518679398,-1.4195082705950586
2023-10-03,INFOSYS,INFOSYS,1436.05004882812,0.00275444150827038,0.00275823846764876,0.12438226627968148
2023-10-04,INFOSYS,INFOSYS,1425,-0.00772450924244215,-0.00769475189053287,-0.4650921789500608
2023-10-05,INFOSYS,INFOSYS,1452,0.01877010268199046,0.01894736842105263,1.0253143548024022
2023-10-06,INFOSYS,INFOSYS,1469.5,0.01198029047423072,0.01205234159779614,0.6433657342202168
2023-10-09,INFOSYS,INFOSYS,1464.90002441406,-0.00313520945722292,-0.00313029982030622,-0.20692940967651197
2023-10-10,INFOSYS,INFOSYS,1483.90002441406,0.01288677606296308,0.0129701683960308,0.6943584435323046
2023-10-11,INFOSYS,INFOSYS,1497,0.00878933195491622,0.0088280715482249,0.4638641268864738
2023-10-12,INFOSYS,INFOSYS,1491.90002441406,-0.0034126136664181,-0.00340679731859719,-0.2225342823598395
2023-10-13,INFOSYS,INFOSYS,1405,-0.06001318898536409,-0.05824788725249184,-3.406497403243031
2023-10-16,INFOSYS,INFOSYS,1432.09997558594,0.01910457866907643,0.01928823885120284,1.0441296972561076
2023-10-17,INFOSYS,INFOSYS,1440.25,0.00567482817556986,0.00569096051462848,0.2886633428412487
2023-10-18,INFOSYS,INFOSYS,1442,0.00121432923240198,0.00121506682867557,0.03774603227053604
2023-10-19,INFOSYS,INFOSYS,1426.09997558594,-0.01108761022163185,-0.01102636921918169,-0.6542773494047132
2023-10-20,INFOSYS,INFOSYS,1430,0.00273101563069042,0.00273474825105273,0.12306448585309404
2023-10-23,INFOSYS,INFOSYS,1425.59997558594,-0.00308168366287118,-0.0030769401496923,-0.20391841280463313
2023-10-25,INFOSYS,INFOSYS,1399,-0.01883506492560053,-0.0186587935195545,-1.0900964187188769
2023-10-26,INFOSYS,INFOSYS,1355.05004882812,-0.03191930562929548,-0.03141526173829878,-1.8261267440392388
2023-10-27,INFOSYS,INFOSYS,1363.65002441406,0.00632655610325609,0.00634661102988592,0.3253251201272472
2023-10-30,INFOSYS,INFOSYS,1380.34997558594,0.01217212635642848,0.01224650817503979,0.6541571152395421
2023-10-31,INFOSYS,INFOSYS,1379.94995117188,-2.898412690466223e-4,-2.897992691239002e-4,-0.04686836214410209
2023-11-01,INFOSYS,INFOSYS,1373.05004882812,-0.00501265295415624,-0.00500011057495271,-0.31254160216913385
2023-11-02,INFOSYS,INFOSYS,1370,-0.00222383845049674,-0.00222136755373423,-0.1556618800002366
2023-11-03,INFOSYS,INFOSYS,1380.05004882812,0.00730902593819208,0.00733580206432116,0.3805921859510342
2023-11-06,INFOSYS,INFOSYS,1393.90002441406,0.00998582549040738,0.01003585021985312,0.5311707093710478
2023-11-07,INFOSYS,INFOSYS,1400,0.00436664535258009,0.00437619304046155,0.21507388124476823
2023-11-08,INFOSYS,INFOSYS,1405,0.00356506616449614,0.00357142857142857,0.1699824919974845
2023-11-09,INFOSYS,INFOSYS,1395.90002441406,-0.00649791675929921,-0.00647685095084697,-0.3960924345362904
2023-11-10,INFOSYS,INFOSYS,1369.94995117188,-0.01876517884501416,-0.01859020903239309,-1.0861651034982065
2023-11-13,INFOSYS,INFOSYS,1379.84997558594,0.00720057273447204,0.00722655919334231,0.37449134688640656
2023-11-15,INFOSYS,INFOSYS,1399,0.01378291576747643,0.01387833804608224,0.7447691638165308
2023-11-16,INFOSYS,INFOSYS,1416.09997558594,0.0121489013231814,0.01222299898923516,0.6528506329480939
2023-11-17,INFOSYS,INFOSYS,1441.05004882812,0.01746545141890371,0.01761886425558082,0.9519235547288306
2023-11-20,INFOSYS,INFOSYS,1442,6.589904373278826e-4,6.592076192305149e-4,0.00650645152161438
2023-11-21,INFOSYS,INFOSYS,1442,0,0,-0.03056386512522596
2023-11-22,INFOSYS,INFOSYS,1436.19995117188,-0.00403033616681181,-0.00402222526221913,-0.2572831457611442
2023-11-23,INFOSYS,INFOSYS,1467.90002441406,0.02183212191706894,0.0220721865477812,1.1975627156182935
2023-11-24,INFOSYS,INFOSYS,1445.55004882812,-0.01534291885151615,-0.01522581593720009,-0.8936520495589071
2023-11-28,INFOSYS,INFOSYS,1444,-0.00107286529086376,-0.00107228997666085,-0.0909159640312315
2023-11-29,INFOSYS,INFOSYS,1451.09997558594,0.00490483221975629,0.00491688059968144,0.2453486112731589
2023-11-30,INFOSYS,INFOSYS,1453.25,0.00148055490893231,0.00148165147145829,0.05272207679178382
2023-12-01,INFOSYS,INFOSYS,1459.90002441406,0.00456552934757852,0.00457596725550318,0.2262617411179339
2023-12-04,INFOSYS,INFOSYS,1460.44995117188,3.766170280395296e-4,3.7668795713646205e-4,-0.00937795453655558
2023-12-05,INFOSYS,INFOSYS,1465.80004882812,0.00365662784625547,0.00366332146606395,0.17513312900717887
2023-12-06,INFOSYS,INFOSYS,1456.75,-0.00619327478014977,-0.0061741359848878,-0.3789553503066888
2023-12-07,INFOSYS,INFOSYS,1472.84997558594,0.01099135568415842,0.01105198255427492,0.5877349940235782
2023-12-08,INFOSYS,INFOSYS,1470.40002441406,-0.00166479350223338,-0.00166340850221716,-0.12421381629847432
2023-12-11,INFOSYS,INFOSYS,1490,0.01324163073439619,0.01332968937738585,0.7143201520617575
2023-12-12,INFOSYS,INFOSYS,1477.5,-0.00842464965925157,-0.00838926174496644,-0.5044773133590182
2023-12-13,INFOSYS,INFOSYS,1476,-0.00101574411983541,-0.00101522842639593,-0.08770271573912372
2023-12-14,INFOSYS,INFOSYS,1463.40002441406,-0.00857321402738054,-0.0085365688251626,-0.5128345335203758
2023-12-15,INFOSYS,INFOSYS,1523.05004882812,0.03995242322357285,0.04076125694882617,2.2168875329737783
2023-12-18,INFOSYS,INFOSYS,1567.94995117188,0.02905406714883963,0.0294802540325627,1.6038201988580287
2023-12-19,INFOSYS,INFOSYS,1570.09997558594,0.0013702935266598,0.00137123280781575,0.04651952190899296
2023-12-20,INFOSYS,INFOSYS,1565.05004882812,-0.00322149248734206,-0.00321630904804991,-0.21178310567358152
2023-12-21,INFOSYS,INFOSYS,1521.25,-0.02838543824303054,-0.0279863566413845,-1.6273354178282289
2023-12-22,INFOSYS,INFOSYS,1534.94995117188,0.00896541008825035,0.00900571975144125,0.4737690842083855
2023-12-26,INFOSYS,INFOSYS,1535,3.2605631310326366e-5,3.260616287963479e-5,-0.02872969423490918
2023-12-27,INFOSYS,INFOSYS,1544,0.00584607056342391,0.00586319218241042,0.29829627403650394
2023-12-28,INFOSYS,INFOSYS,1568.94995117188,0.01603012308752099,0.01615929480044041,0.8711817522342601
2023-12-29,INFOSYS,INFOSYS,1541.05004882812,-0.01794254073019885,-0.01778253176458625,-1.0398890823686462
2024-01-01,INFOSYS,INFOSYS,1539,-0.0013311791031644,-0.00133029347728124,-0.10544694092228564
2024-01-02,INFOSYS,INFOSYS,1546,0.0045380953084881,0.00454840805717998,0.22471848880594628
2024-01-03,INFOSYS,INFOSYS,1519.94995117188,-0.01699354270975141,-0.01684996690046571,-0.9865049130051876
2024-01-04,INFOSYS,INFOSYS,1504.94995117188,-0.00991776484289632,-0.00986874599945545,-0.5884698108410057
2024-01-05,INFOSYS,INFOSYS,1506.75,0.00119537076843408,0.00119608550883591,0.03667955812672695
2024-01-08,INFOSYS,INFOSYS,1528.94995117188,0.01462617998365692,0.01473366595113987,0.7922054690192518
2024-01-09,INFOSYS,INFOSYS,1541.90002441406,0.00843424466424698,0.00846991311406516,0.4438893327820971
2024-01-10,INFOSYS,INFOSYS,1524.94995117188,-0.01105384741178271,-0.01099297812685438,-0.6523780835260307
2024-01-11,INFOSYS,INFOSYS,1524.90002441406,-3.274046803880617e-5,-3.273993207556488e-5,-0.03240562101213335
2024-01-12,INFOSYS,INFOSYS,1562,0.02403820126839536,0.02432944782737189,1.3216617244496411
2024-01-15,INFOSYS,INFOSYS,1644.94995117188,0.05174290751747097,0.05310496233795134,2.8801399285118516
2024-01-16,INFOSYS,INFOSYS,1644.80004882812,-9.113296989964348e-5,-9.112881741673198e-5,-0.03569038572368172
2024-01-17,INFOSYS,INFOSYS,1620.25,-0.01503836763937718,-0.01492585609151173,-0.8765200712635174
2024-01-18,INFOSYS,INFOSYS,1642.65002441406,0.01373034794465862,0.01382504207008794,0.7418120559028059
2024-01-19,INFOSYS,INFOSYS,1651.59997558594,0.00543369397738534,0.00544848326719654,0.27509877410891936
2024-01-23,INFOSYS,INFOSYS,1650.09997558594,-9.086229066133596e-4,-9.082102338175703e-4,-0.08167680539384271
2024-01-24,INFOSYS,INFOSYS,1659.90002441406,0.00592149695706884,0.00593906367681755,0.3025392495602227
2024-01-25,INFOSYS,INFOSYS,1672.94995117188,0.00783113164149282,0.00786187515264757,0.4099622991547401
2024-01-29,INFOSYS,INFOSYS,1665.15002441406,-0.00467328181327359,-0.00466237902237078,-0.2934508916812368
2024-01-30,INFOSYS,INFOSYS,1662.44995117188,-0.00162283558995375,-0.00162151950430419,-0.12185354973625684
2024-01-31,INFOSYS,INFOSYS,1648.25,-0.00857826952518116,-0.00854158115368844,-0.5131189214168627
2024-02-01,INFOSYS,INFOSYS,1659.55004882812,0.00683239169233535,0.00685578572917943,0.35377998744587513
2024-02-02,INFOSYS,INFOSYS,1666.05004882812,0.00390907390320965,0.0039167242980047,0.18933402592077303
2024-02-05,INFOSYS,INFOSYS,1694.75,0.01707965272212081,0.01722634394570992,0.930221145950834
2024-02-06,INFOSYS,INFOSYS,1686.75,-0.00473163680354018,-0.00472046024487387,-0.2967335462458124
2024-02-07,INFOSYS,INFOSYS,1729,0.02473960617575575,0.02504816955684007,1.361117990490358
2024-02-08,INFOSYS,INFOSYS,1698,-0.01809211881199787,-0.01792943898207056,-1.048303327161333
2024-02-09,INFOSYS,INFOSYS,1684.69995117188,-0.00786361046240759,-0.00783277316143698,-0.4729170668057783
2024-02-12,INFOSYS,INFOSYS,1670.34997558594,-0.0085543067348911,-0.00851782275885871,-0.5117709379356511
2024-02-13,INFOSYS,INFOSYS,1683,0.00754474451681223,0.00757327781540063,0.39385210878758425
2024-02-14,INFOSYS,INFOSYS,1660.19995117188,-0.01363986758085785,-0.01354726608919786,-0.7978499767320221
2024-02-15,INFOSYS,INFOSYS,1677,0.0100684352132607,0.01011929244803398,0.535817770103367
2024-02-16,INFOSYS,INFOSYS,1689,0.00713015498459126,0.0071556350626118,0.3705301235699904
2024-02-19,INFOSYS,INFOSYS,1705,0.00942847290981719,0.00947306098283007,0.4998178467556352
2024-02-20,INFOSYS,INFOSYS,1685,-0.01179954693115505,-0.01173020527859237,-0.6943260629513761
2024-02-21,INFOSYS,INFOSYS,1674,-0.00654959173704149,-0.00652818991097922,-0.39899931706313285
2024-02-22,INFOSYS,INFOSYS,1665,-0.00539084863487642,-0.0053763440860215,-0.3338163170126649
2024-02-23,INFOSYS,INFOSYS,1697,0.01903686281968221,0.01921921921921922,1.0403204644708306
2024-02-26,INFOSYS,INFOSYS,1674.94995117188,-0.0130787013188576,-0.0129935467460931,-0.7662825823579471
2024-02-27,INFOSYS,INFOSYS,1661,-0.00836345430207384,-0.00832857791489226,-0.5010348790847158
2024-02-28,INFOSYS,INFOSYS,1670,0.00540379579750602,0.00541842263696568,0.27341690600809404
2024-02-29,INFOSYS,INFOSYS,1665,-0.00299850299625655,-0.0029940119760479,-0.19923923466237817
2024-03-01,INFOSYS,INFOSYS,1669,0.00239952124729077,0.0024024024024024,0.104416868128772
2024-03-04,INFOSYS,INFOSYS,1657.84997558594,-0.0067030772319518,-0.00668066172202516,-0.40763336632201647
2024-03-05,INFOSYS,INFOSYS,1634,-0.01449057100993508,-0.01438608796764654,-0.8457047614180019
2024-03-06,INFOSYS,INFOSYS,1602.80004882812,-0.0192788661936966,-0.01909421736345165,-1.115061657369836
2024-03-07,INFOSYS,INFOSYS,1616.59997558594,0.00857303297138916,0.00860988665923098,0.45169661829218966
2024-03-11,INFOSYS,INFOSYS,1608.15002441406,-0.00524069804582545,-0.00522698954564644,-0.32536986685870095
2024-03-12,INFOSYS,INFOSYS,1600,-0.00508083592394273,-0.00506795030956736,-0.3163771119682686
2024-03-13,INFOSYS,INFOSYS,1612.90002441406,0.00803018683201154,0.0080625152587875,0.42115978932265097
2024-03-14,INFOSYS,INFOSYS,1614.40002441406,9.295696621436278e-4,9.30001845926517e-4,0.02172739703737699
2024-03-15,INFOSYS,INFOSYS,1641.09997558594,0.01640334808691061,0.01653862163534756,0.8921768503786149
2024-03-18,INFOSYS,INFOSYS,1630,-0.00678671900813033,-0.00676374124128352,-0.41233848334983714
2024-03-19,INFOSYS,INFOSYS,1592.34997558594,-0.02336911764564677,-0.02309817448715337,-1.3451513641398132
2024-03-20,INFOSYS,INFOSYS,1563,-0.01860384573368458,-0.01843186236439011,-1.0770896007536477
2024-03-21,INFOSYS,INFOSYS,1564,6.395906837797982e-4,6.397952655150352e-4,0.00541515342962046
2024-03-22,INFOSYS,INFOSYS,1521,-0.02787862884596348,-0.02749360613810741,-1.5988257707003408
2024-03-26,INFOSYS,INFOSYS,1492,-0.01925051149558664,-0.0190664036817883,-1.11346661504779
2024-03-27,INFOSYS,INFOSYS,1496,0.00267737777071639,0.00268096514745308,0.12004718493206872
2024-03-28,INFOSYS,INFOSYS,1487.15002441406,-0.00593332650161257,-0.00591575908151069,-0.36433242947000816
2024-04-01,INFOSYS,INFOSYS,1525,0.025132857008702,0.02545134987363024,1.3832396057266314
2024-04-02,INFOSYS,INFOSYS,1484.84997558594,-0.02668066944969133,-0.02632788486167869,-1.5314367288654736
2024-04-03,INFOSYS,INFOSYS,1479,-0.00394755688102086,-0.00393977552084447,-0.25262654657206823
2024-04-04,INFOSYS,INFOSYS,1490.55004882812,0.00777902839314,0.00780936364308316,0.4070313250383328
2024-04-05,INFOSYS,INFOSYS,1480.05004882812,-0.00706930814179653,-0.00704437936066297,-0.4282350245931965
2024-04-08,INFOSYS,INFOSYS,1483,0.00199115917578877,0.00199314284960547,0.081445197464594
2024-04-09,INFOSYS,INFOSYS,1490,0.00470905680157264,0.00472016183412002,0.2343356187733533
2024-04-10,INFOSYS,INFOSYS,1500.34997558594,0.00692227799389834,0.00694629233955704,0.3588363789690431
2024-04-12,INFOSYS,INFOSYS,1504,0.00242982757638192,0.00243278199983609,0.10612169592622514
2024-04-15,INFOSYS,INFOSYS,1480,-0.01608613775162438,-0.01595744680851063,-0.9354604862285584
2024-04-16,INFOSYS,INFOSYS,1451,-0.01978911387397286,-0.01959459459459459,-1.143764718908718
2024-04-18,INFOSYS,INFOSYS,1421.09997558594,-0.02082177146606404,-0.02060649511651275,-1.2018550063517464
2024-04-19,INFOSYS,INFOSYS,1385,-0.02573106279668494,-0.02540284019852682,-1.47801832197685
2024-04-22,INFOSYS,INFOSYS,1419.90002441406,0.02488632415308387,0.02519857358415884,1.3693713452725476
2024-04-23,INFOSYS,INFOSYS,1443,0.0161378159993481,0.01626873384657663,0.8772398224518483
2024-04-24,INFOSYS,INFOSYS,1444.30004882812,9.005291407133297e-4,9.009347388218972e-4,0.02009377496332121
2024-04-25,INFOSYS,INFOSYS,1420,-0.01696793731927791,-0.01682479263767708,-0.9850645280178616
2024-04-26,INFOSYS,INFOSYS,1439.69995117188,0.01377785302152005,0.01387320505061972,0.7444843681881347
2024-04-29,INFOSYS,INFOSYS,1429.94995117188,-0.00679528015586268,-0.00677224444722925,-0.4128200752506015
2024-04-30,INFOSYS,INFOSYS,1434.69995117188,0.00331628960970036,0.00332179458176648,0.1559880162991958
2024-05-02,INFOSYS,INFOSYS,1413,-0.01524063038613675,-0.01512507974517962,-0.8878979967136045
2024-05-03,INFOSYS,INFOSYS,1422.09997558594,0.00641953152651181,0.00644018088176928,0.33055528461102845
2024-05-06,INFOSYS,INFOSYS,1420,-0.00147776361573278,-0.00147667226073522,-0.11369278788550792
2024-05-07,INFOSYS,INFOSYS,1424.94995117188,0.00347981950600758,0.00348588110695774,0.165187095214384
2024-05-08,INFOSYS,INFOSYS,1435.25,0.00720235894643215,0.00722835831507571,0.37459182701359606
2024-05-09,INFOSYS,INFOSYS,1427.55004882812,-0.00537932765714468,-0.00536488498302038,-0.33316822522194245
2024-05-10,INFOSYS,INFOSYS,1435.05004882812,0.00524000342706287,0.00525375625615142,0.26420306208452426
2024-05-13,INFOSYS,INFOSYS,1425,-0.00702791211491346,-0.00700327409230569,-0.4259063658789683
2024-05-14,INFOSYS,INFOSYS,1426.40002441406,9.81990962037735e-4,9.824732730245606e-4,0.02467626256870889
2024-05-15,INFOSYS,INFOSYS,1426,-2.8048269054731483e-4,-2.8044335895487793e-4,-0.04634191221602669
2024-05-16,INFOSYS,INFOSYS,1433.94995117188,0.00555951802247133,0.00557500082179523,0.2821767784757766
2024-05-17,INFOSYS,INFOSYS,1457,0.01594668719849209,0.01607451418320604,0.8664882170161263
2024-05-21,INFOSYS,INFOSYS,1430,-0.01870508294125183,-0.0185312285518188,-1.082784516989727
2024-05-22,INFOSYS,INFOSYS,1428.75,-8.74508144932509e-4,-8.741258741258741e-4,-0.07975774110063598
2024-05-23,INFOSYS,INFOSYS,1454.69995117188,0.01799972410462927,0.01816269548338057,0.9819780995503206
2024-05-24,INFOSYS,INFOSYS,1468.25,0.00927155518897927,0.00931466919841739,0.4909907238271912
2024-05-27,INFOSYS,INFOSYS,1471.84997558594,0.00244888093257141,0.00245188189064532,0.10719350806054571
2024-05-28,INFOSYS,INFOSYS,1475.5,0.00247681904779397,0.00247988889805629,0.10876511626477972
2024-05-29,INFOSYS,INFOSYS,1465.40002441406,-0.00686865599679227,-0.00684512069531684,-0.41694770063545183
2024-05-30,INFOSYS,INFOSYS,1442.80004882812,-0.01554255551420683,-0.01542239334612854,-0.9048822493934764
2024-05-31,INFOSYS,INFOSYS,1409.80004882812,-0.02313781889743521,-0.02287219218408224,-1.3321400708788849
2024-06-03,INFOSYS,INFOSYS,1440,0.02119522859548651,0.02142144284714939,1.1617354323013258
2024-06-04,INFOSYS,INFOSYS,1409,-0.02176288067136612,-0.02152777777777777,-1.2547954046696146
2024-06-05,INFOSYS,INFOSYS,1400.15002441406,-0.00630084174082742,-0.00628103306312278,-0.3850063353698829
2024-06-06,INFOSYS,INFOSYS,1444.94995117188,0.03149529392163312,0.03199651892772565,1.7411470011120225
2024-06-07,INFOSYS,INFOSYS,1481,0.02464285018831275,0.02494899480697083,1.3556751571974597
2024-06-10,INFOSYS,INFOSYS,1525.30004882812,0.02947360875023008,0.02991225444167454,1.6274207537812992
2024-06-11,INFOSYS,INFOSYS,1500.05004882812,-0.01669267059894287,-0.01655411997095223,-0.969579895909186
2024-06-12,INFOSYS,INFOSYS,1507,0.00462244620740951,0.00463314619222838,0.22946349625270343
2024-06-13,INFOSYS,INFOSYS,1495,-0.00799471280170869,-0.0079628400796284,-0.4802919920789584
2024-06-14,INFOSYS,INFOSYS,1503.69995117188,0.00580249823150471,0.0058193653323612,0.2958451912137616
2024-06-18,INFOSYS,INFOSYS,1497,-0.00446559963666308,-0.00445564367190311,-0.281768105994582
2024-06-19,INFOSYS,INFOSYS,1505,0.00532979276334782,0.0053440213760855,0.2692539990011347
2024-06-20,INFOSYS,INFOSYS,1516.30004882812,0.0074802908260668,0.00750833809177408,0.39022638284430833
2024-06-21,INFOSYS,INFOSYS,1545,0.01875072132280286,0.0189276200274879,1.0242240914519292
2024-06-24,INFOSYS,INFOSYS,1524.55004882812,-0.01332459377490746,-0.01323621435073139,-0.7801148182911409
2024-06-25,INFOSYS,INFOSYS,1526,9.506162874640336e-4,9.510682663350672e-4,0.0229113369260019
2024-06-26,INFOSYS,INFOSYS,1541,0.00978162347571339,0.00982961992136304,0.5196836939064174
2024-06-27,INFOSYS,INFOSYS,1538.44995117188,-0.0016561720121661,-0.00165480131610642,-0.12372882994866082
2024-06-28,INFOSYS,INFOSYS,1572.55004882812,0.02192315231381347,0.02216523041927038,1.2026834661491972
2024-07-01,INFOSYS,INFOSYS,1559.5,-0.00833327957390522,-0.00829865404782825,-0.4993374542594346
2024-07-02,INFOSYS,INFOSYS,1596.19995117188,0.0232605168038234,0.02353315240261622,1.277914489709925
2024-07-03,INFOSYS,INFOSYS,1625,0.0178820419121565,0.01804288291512345,0.9753581003947196
2024-07-04,INFOSYS,INFOSYS,1628.19995117188,0.00196726438702049,0.00196920072115692,0.08010103928615138
2024-07-05,INFOSYS,INFOSYS,1651.44995117188,0.01417858014774133,0.0142795729623171,0.7670265487973655
2024-07-08,INFOSYS,INFOSYS,1643.09997558594,-0.00506897369935014,-0.00505614813213976,-0.3157098239518202
2024-07-09,INFOSYS,INFOSYS,1659.90002441406,0.01017268768107515,0.01022460536652919,0.5416823043578656
2024-07-10,INFOSYS,INFOSYS,1657,-0.00174863585376177,-0.00174710788083981,-0.12893021633028082
2024-07-11,INFOSYS,INFOSYS,1656,-6.036824813579186e-4,-6.035003017501509e-4,-0.06452293261766327
2024-07-12,INFOSYS,INFOSYS,1680,0.01438873745209967,0.0144927536231884,0.7788485683243862
2024-07-15,INFOSYS,INFOSYS,1726.19995117188,0.02712863910177332,0.02749997093564285,1.4955087221773105
2024-07-16,INFOSYS,INFOSYS,1718.59997558594,-0.0044124408257391,-0.00440272031103959,-0.27877775311250963
2024-07-18,INFOSYS,INFOSYS,1719,2.327347095104112e-4,2.3276179433414368e-4,-0.01747179445536177
2024-07-19,INFOSYS,INFOSYS,1844,0.07019439873368985,0.07271669575334497,3.9180952359745302
2024-07-22,INFOSYS,INFOSYS,1800.15002441406,-0.02406711680874271,-0.02377981322447939,-1.3844160461890942
2024-07-23,INFOSYS,INFOSYS,1810,0.00545683695207492,0.00547175260525639,0.27640064034444656
2024-07-24,INFOSYS,INFOSYS,1837.5,0.0150791068271203,0.01519337016574585,0.8176840504279945
2024-07-25,INFOSYS,INFOSYS,1820,-0.00956945101615067,-0.00952380952380952,-0.5688760457140171
2024-07-26,INFOSYS,INFOSYS,1825.34997558594,0.0029352350050756,0.00293954702524175,0.13455247785579355
2024-07-29,INFOSYS,INFOSYS,1893.59997558594,0.03670803023092342,0.03739009007195546,2.0343800658669933
2024-07-30,INFOSYS,INFOSYS,1871.09997558594,-0.01195328615462525,-0.01188212943076205,-0.702974385252059
2024-07-31,INFOSYS,INFOSYS,1877,0.00314827743429404,0.00315323846456274,0.1465367948701087
2024-08-01,INFOSYS,INFOSYS,1856.09997558594,-0.01119725853487459,-0.01113480256476292,-0.6604454171966861
2024-08-02,INFOSYS,INFOSYS,1843,-0.00708282038181093,-0.00705779632468588,-0.4289951312465997
2024-08-05,INFOSYS,INFOSYS,1784.94995117188,-0.03200430240834242,-0.031497584822637,-1.8309080843057344
2024-08-06,INFOSYS,INFOSYS,1760.19995117188,-0.01396296506186756,-0.01386593499932633,-0.8160252418806221
2024-08-07,INFOSYS,INFOSYS,1796,0.02013455866253155,0.02033862619089698,1.102069361224698
2024-08-08,INFOSYS,INFOSYS,1779.94995117188,-0.00897672329048182,-0.00893655279962138,-0.5355332182141194
2024-08-09,INFOSYS,INFOSYS,1771.25,-0.00489973456677282,-0.00488775044834948,-0.30618958226346243
2024-08-12,INFOSYS,INFOSYS,1773.05004882812,0.00101574300035883,0.00101625904198729,0.02657492251453879
2024-08-13,INFOSYS,INFOSYS,1810,0.02062559025462251,0.02083976771907917,1.1296914564347944
2024-08-14,INFOSYS,INFOSYS,1802,-0.00442968609158817,-0.00441988950276243,-0.2797478543908777
2024-08-16,INFOSYS,INFOSYS,1850,0.02628847990408736,0.02663706992230854,1.4482470841810708
2024-08-19,INFOSYS,INFOSYS,1860,0.00539084863487637,0.0054054054054054,0.27268858676221014
2024-08-20,INFOSYS,INFOSYS,1880,0.01069528911674795,0.01075268817204301,0.571080304090667
2024-08-21,INFOSYS,INFOSYS,1875.09997558594,-0.00260979852845968,-0.00260639596492553,-0.17737336698499584
2024-08-22,INFOSYS,INFOSYS,1884,0.0047351978407731,0.00474642660654874,0.23580613571221523
2024-08-23,INFOSYS,INFOSYS,1878.19995117188,-0.0030833307630908,-0.00307858218053078,-0.20401106745215383
2024-08-26,INFOSYS,INFOSYS,1870,-0.00437541452458531,-0.00436585634386996,-0.2766949054256785
2024-08-27,INFOSYS,INFOSYS,1876.15002441406,0.00328338689004618,0.00328878310912299,0.15413713324075845
2024-08-28,INFOSYS,INFOSYS,1906.90002441406,0.01625708190491284,0.01638994728558742,0.8839489105266077
2024-08-29,INFOSYS,INFOSYS,1933,0.01359430056473972,0.01368712321138064,0.7341589563024282
2024-08-30,INFOSYS,INFOSYS,1938,0.0025833132423806,0.00258665287118468,0.11475575480937564
2024-09-02,INFOSYS,INFOSYS,1943.34997558594,0.00275676195539783,0.00276056531782249,0.12451279884116424
2024-09-03,INFOSYS,INFOSYS,1967,0.01209626398294958,0.01216971966510009,0.6498896144578207
2024-09-04,INFOSYS,INFOSYS,1921.09997558594,-0.02361161346303754,-0.02333504037318759,-1.3587925283009517
2024-09-05,INFOSYS,INFOSYS,1926.25,0.00267718170830398,0.00268076855942347,0.12003615579522713
2024-09-06,INFOSYS,INFOSYS,1922,-0.00220879710408775,-0.00220635950681375,-0.15481575622879432
2024-09-09,INFOSYS,INFOSYS,1890,-0.01678948147654969,-0.01664932362122789,-0.975025816949096
2024-09-10,INFOSYS,INFOSYS,1904.90002441406,0.0078526975074166,0.00788361080108994,0.41117544798554806
2024-09-11,INFOSYS,INFOSYS,1914.69995117188,0.00513140031634666,0.00514458849924915,0.2580937902726196
2024-09-12,INFOSYS,INFOSYS,1925,0.00536504084443325,0.0053794584482106,0.27123681613020983
2024-09-13,INFOSYS,INFOSYS,1950.44995117188,0.0131341224092692,0.01322075385552207,0.7082724654355457
2024-09-16,INFOSYS,INFOSYS,1945.75,-0.00241258329165627,-0.00240967535160599,-0.16627938008963478
2024-09-17,INFOSYS,INFOSYS,1947.75,0.00102735337146997,0.00102788127971219,0.02722804296833887
2024-09-18,INFOSYS,INFOSYS,1938.75,-0.0046314247202189,-0.0046207162110127,-0.29109629652239793
2024-09-19,INFOSYS,INFOSYS,1910.59997558594,-0.01462611943305689,-0.01451967732511154,-0.8533297931050783
2024-09-20,INFOSYS,INFOSYS,1905,-0.00293530749689027,-0.00293100369386459,-0.19568428600232995
2024-09-23,INFOSYS,INFOSYS,1909,0.00209753616494633,0.00209973753280839,0.08742924282949802
2024-09-24,INFOSYS,INFOSYS,1888,-0.01106147702030156,-0.0110005238344683,-0.6528072733710792
2024-09-25,INFOSYS,INFOSYS,1886.34997558594,-8.743357292505177e-4,-8.739536091419486e-4,-0.07974804216789848
2024-09-26,INFOSYS,INFOSYS,1897.80004882812,0.00605161429226395,0.00606996230305745,0.3098587652067389
2024-09-27,INFOSYS,INFOSYS,1932.09997558594,0.01791213536285518,0.01807351979941195,0.977050953102749
2024-09-30,INFOSYS,INFOSYS,1880,-0.02733570480731986,-0.02696546568204363,-1.568284559648311
2024-10-01,INFOSYS,INFOSYS,1875,-0.00266311741948366,-0.0026595744680851,-0.18037272488392375
2024-10-03,INFOSYS,INFOSYS,1889.5,0.0077035843850325,0.00773333333333333,0.40278735864484144
2024-10-04,INFOSYS,INFOSYS,1889.55004882812,2.6487518014472733e-5,2.6487868811853812e-5,-0.0290738576465638
2024-10-07,INFOSYS,INFOSYS,1923.19995117188,0.01765170864433257,0.01780842077436865,0.9624011184889468
2024-10-08,INFOSYS,INFOSYS,1937.90002441406,0.00761448517851729,0.00764354909286612,0.39777524373177225
2024-10-09,INFOSYS,INFOSYS,1952.55004882812,0.00753131045753047,0.0075597421071758,0.3930964000500696
2024-10-10,INFOSYS,INFOSYS,1957.90002441406,0.00273624714480205,0.00273999408576028,0.12335877522919918
2024-10-11,INFOSYS,INFOSYS,1918,-0.02058950628935699,-0.02037898969126417,-1.1887893484015677
2024-10-14,INFOSYS,INFOSYS,1932.15002441406,0.00735040870251895,0.00737748926697601,0.3829200986041209
2024-10-15,INFOSYS,INFOSYS,1960,0.01431108807866042,0.01441398195483589,0.7744805430879449
2024-10-16,INFOSYS,INFOSYS,1955,-0.00255427980509674,-0.00255102040816326,-0.17425026149163275
2024-10-17,INFOSYS,INFOSYS,1935.19995117188,-0.01017953835521163,-0.01012790221387212,-0.6031954069067584
2024-10-18,INFOSYS,INFOSYS,1893.80004882812,-0.02162523673171011,-0.02139308773684593,-1.2470524934852631
2024-10-21,INFOSYS,INFOSYS,1891.09997558594,-0.00142676090929561,-0.00142574356984033,-0.11082372276653872
2024-10-22,INFOSYS,INFOSYS,1858.19995117188,-0.01755040649314393,-0.01739729513975919,-1.017830279217212
2024-10-23,INFOSYS,INFOSYS,1845.25,-0.00699348127994313,-0.00696908379731313,-0.423969521453819
2024-10-24,INFOSYS,INFOSYS,1861.40002441406,0.00871413621741478,0.00875221482945942,0.4596341265074479
2024-10-25,INFOSYS,INFOSYS,1863.44995117188,0.00110067625714379,0.00110128222355927,0.03135268945093454
2024-10-28,INFOSYS,INFOSYS,1859.69995117188,-0.00201442400464957,-0.00201239641431835,-0.14388164863685687
2024-10-29,INFOSYS,INFOSYS,1846,-0.00739402205727337,-0.0073667535256142,-0.4465012193428066
2024-10-30,INFOSYS,INFOSYS,1832,-0.00761286982872194,-0.0075839653304442,-0.4588121053974659
2024-10-31,INFOSYS,INFOSYS,1787.90002441406,-0.02436650582114157,-0.02407203907529476,-1.4012576342631389
2024-11-01,INFOSYS,INFOSYS,1764.5,-0.01317439629760918,-0.01308799378853903,-0.7716657305235236
2024-11-04,INFOSYS,INFOSYS,1724.5,-0.02293021073842919,-0.02266931141966562,-1.3204614489188649
2024-11-05,INFOSYS,INFOSYS,1760,0.02037665565530183,0.02058567700782835,1.1156880902272504
2024-11-06,INFOSYS,INFOSYS,1764,0.00227014853453907,0.00227272727272727,0.09713923987271889
2024-11-07,INFOSYS,INFOSYS,1812.94995117188,0.02737136827584464,0.02774940542623583,1.509163013396976
2024-11-08,INFOSYS,INFOSYS,1818,0.00278166989484273,0.00278554232832278,0.12591394998075672
2024-11-11,INFOSYS,INFOSYS,1829,0.00603237365344153,0.00605060506050605,0.30877641782621096
2024-11-12,INFOSYS,INFOSYS,1871.09997558594,0.0227571107613491,0.02301802929794423,1.249596292146809
2024-11-13,INFOSYS,INFOSYS,1861.09997558594,-0.00535878252037759,-0.00534444985862846,-0.3320124956659916
2024-11-14,INFOSYS,INFOSYS,1865.59997558594,0.00241500643789729,0.00241792491485216,0.10528795955378234
2024-11-18,INFOSYS,INFOSYS,1849.19995117188,-0.00882961736066114,-0.00879075076580077,-0.5272580398652611
2024-11-19,INFOSYS,INFOSYS,1825.5,-0.01289916461338168,-0.0128163269509394,-0.7561830693077884
2024-11-21,INFOSYS,INFOSYS,1842,0.00899801571956058,0.00903861955628594,0.4756032550986968
2024-11-22,INFOSYS,INFOSYS,1854.09997558594,0.00654745212094849,0.00656893354285559,0.33775122657438694
2024-11-25,INFOSYS,INFOSYS,1916,0.03284028959460526,0.03338548364658605,1.816807303085266
2024-11-26,INFOSYS,INFOSYS,1904.94995117188,-0.00578394366584795,-0.00576724886645093,-0.3559291678902927
2024-11-27,INFOSYS,INFOSYS,1930.09997558594,0.01311606651408753,0.01320245941295638,0.7072567636683993
2024-11-28,INFOSYS,INFOSYS,1914.90002441406,-0.00790638769940215,-0.00787521442627115,-0.4753234229998003
2024-11-29,INFOSYS,INFOSYS,1851.09997558594,-0.03388537090295113,-0.0333176917931484,-1.936724194494364
2024-12-02,INFOSYS,INFOSYS,1859,0.00425866494475184,0.00426774594471017,0.2089996384589712
2024-12-03,INFOSYS,INFOSYS,1887,0.01494955764710623,0.01506186121570737,0.8103964953248688
2024-12-04,INFOSYS,INFOSYS,1884,-0.00159109023224185,-0.00158982511923688,-0.12006777198321487
2024-12-05,INFOSYS,INFOSYS,1900,0.00845671001822345,0.00849256900212314,0.4451530806884677
2024-12-06,INFOSYS,INFOSYS,1932.80004882812,0.01711586784885685,0.01726318359374737,0.932258362486106
2024-12-09,INFOSYS,INFOSYS,1924.19995117188,-0.00445948245202768,-0.00444955372463609,-0.28142399482304403
2024-12-10,INFOSYS,INFOSYS,1939,0.00766210469129084,0.00769153373021678,0.4004539934026199
2024-12-11,INFOSYS,INFOSYS,1955,0.0082178171768143,0.00825167612171222,0.431714595432733
2024-12-12,INFOSYS,INFOSYS,1975.19995117188,0.01027944089090789,0.01033245584239386,0.5476875133372443
2024-12-13,INFOSYS,INFOSYS,1969.75,-0.00276300318457661,-0.00275918960439755,-0.1859916181648675
2024-12-16,INFOSYS,INFOSYS,1995.44995117188,0.01296293320249797,0.0130473162441325,0.698642525846038
2024-12-17,INFOSYS,INFOSYS,1968,-0.01385176571609679,-0.01375627143931087,-0.8097699235555811
2024-12-18,INFOSYS,INFOSYS,1966.80004882812,-6.099172482402606e-4,-6.097312865243914e-4,-0.06487365816610192
2024-12-19,INFOSYS,INFOSYS,1934,-0.01681748435071881,-0.01667685988093364,-0.976601068050888
2024-12-20,INFOSYS,INFOSYS,1975.15002441406,0.02105396016567455,0.02127715843539814,1.153788631970556
2024-12-23,INFOSYS,INFOSYS,1930.05004882812,-0.02309842258091704,-0.02283369618939157,-1.3299239022589433
2024-12-24,INFOSYS,INFOSYS,1927.05004882812,-0.00155557311399557,-0.00155436383725983,-0.11806982065464725
2024-12-26,INFOSYS,INFOSYS,1909.05004882812,-0.00938459980065366,-0.00934070187276463,-0.5584775745027909
2024-12-27,INFOSYS,INFOSYS,1909.40002441406,1.8330766683185263e-4,1.833244687088405e-4,-0.02025222345588064
2024-12-30,INFOSYS,INFOSYS,1915.69995117188,0.00329399623247936,0.00329942739984685,0.15473394263454446
2024-12-31,INFOSYS,INFOSYS,1892.30004882812,-0.01229001936907176,-0.01221480552288249,-0.7219167039534605
2025-01-01,INFOSYS,INFOSYS,1874,-0.00971786241521988,-0.00967079657343612,-0.5772246608772427
2025-01-02,INFOSYS,INFOSYS,1887,0.00691308257018279,0.00693703308431163,0.35831910701860353
2025-01-03,INFOSYS,INFOSYS,1952.94995117188,0.03435275853965844,0.0349496296618336,1.9018885114545117
2025-01-06,INFOSYS,INFOSYS,1952,-4.8653693517083154e-4,-4.864185952691609e-4,-0.05793312152946126
2025-01-07,INFOSYS,INFOSYS,1945,-0.00359251092049113,-0.00358606557377049,-0.23265407742003133
2025-01-08,INFOSYS,INFOSYS,1930,-0.00774197415361539,-0.00771208226221079,-0.46607463597937143
2025-01-09,INFOSYS,INFOSYS,1934.05004882812,0.00209627218077143,0.00209847089539896,0.08735813968300936
2025-01-10,INFOSYS,INFOSYS,1937,0.00152410932729332,0.00152527137220023,0.05517215191966926
2025-01-13,INFOSYS,INFOSYS,1956,0.00976118718776681,0.00980898296334538,0.5185340874442392
2025-01-14,INFOSYS,INFOSYS,1968.84997558594,0.00654803193985788,0.00656951717072597,0.3377838432397459
2025-01-15,INFOSYS,INFOSYS,1947,-0.01115987716242078,-0.01109783673559857,-0.6583425956152755
2025-01-16,INFOSYS,INFOSYS,1965.94995117188,0.00968583782464668,0.00973289736614278,0.5142954451335452
2025-01-17,INFOSYS,INFOSYS,1851,-0.06024953062334887,-0.05847043618956813,-3.419792375158639
2025-01-20,INFOSYS,INFOSYS,1822.94995117188,-0.01526999237380065,-0.01515399720589951,-0.8895497022899329
2025-01-21,INFOSYS,INFOSYS,1819.05004882812,-0.00214162758613805,-0.00213933593802339,-0.15103725633203188
2025-01-22,INFOSYS,INFOSYS,1807.40002441406,-0.00642505163786901,-0.00640445512841455,-0.391993538754311
2025-01-23,INFOSYS,INFOSYS,1858,0.02761127839809411,0.02799600249111647,1.522658723948759
2025-01-24,INFOSYS,INFOSYS,1865.5,0.00402847328742878,0.00403659849300322,0.19605062259611872
2025-01-27,INFOSYS,INFOSYS,1848.75,-0.00901937863620293,-0.00897882605199678,-0.5379327176347387
2025-01-28,INFOSYS,INFOSYS,1830,-0.01019376818954294,-0.0101419878296146,-0.6039958805321917
2025-01-29,INFOSYS,INFOSYS,1845,0.00816331063916083,0.00819672131147541,0.42864842861803687
2025-01-30,INFOSYS,INFOSYS,1873.15002441406,0.01514224122093907,0.01525746580707859,0.8212355617058491
2025-01-31,INFOSYS,INFOSYS,1871,-0.00114847142147707,-0.00114781218057136,-0.09516905033342794
2025-02-01,INFOSYS,INFOSYS,1880.30004882812,0.00495831725559933,0.00497063005244254,0.2483573153487579
2025-02-03,INFOSYS,INFOSYS,1836,-0.02384207234925318,-0.02356009555800926,-1.371756576642432
2025-02-04,INFOSYS,INFOSYS,1889,0.02845829632107375,0.02886710239651416,1.570306187146744
2025-02-05,INFOSYS,INFOSYS,1906,0.00895921671263776,0.00899947061937533,0.4734206870510575
2025-02-06,INFOSYS,INFOSYS,1917,0.00575465883149705,0.00577124868835257,0.2931540721837649
2025-02-07,INFOSYS,INFOSYS,1919.30004882812,0.0011990976067753,0.00119981681174752,0.03688920468542513
2025-02-10,INFOSYS,INFOSYS,1905,-0.0074785530916185,-0.00745065829433562,-0.45125635998242697
2025-02-11,INFOSYS,INFOSYS,1883.09997558594,-0.01156266653402959,-0.01149607580790551,-0.6810007841135272
2025-02-12,INFOSYS,INFOSYS,1885,0.00100847885533935,0.00100898754112552,0.02616629115847175
2025-02-13,INFOSYS,INFOSYS,1868.5,-0.00879185095657254,-0.00875331564986737,-0.5251335590247592
2025-02-14,INFOSYS,INFOSYS,1854,-0.00779050279973811,-0.00776023548300776,-0.4688045273045113
2025-02-17,INFOSYS,INFOSYS,1838.55004882812,-0.00836822311256635,-0.00833330699669903,-0.5013031399045588
2025-02-18,INFOSYS,INFOSYS,1842.30004882812,0.00203757349412075,0.00203965075761207,0.08405615109920275
2025-02-19,INFOSYS,INFOSYS,1847.40002441406,0.00276444086651705,0.00276826545664159,0.12494476211493576
2025-02-20,INFOSYS,INFOSYS,1805.55004882812,-0.02291397683666895,-0.0226534454004966,-1.3195482401003789
2025-02-21,INFOSYS,INFOSYS,1821.80004882812,0.00895976857563613,0.00900002744900201,0.4734517311071412
2025-02-24,INFOSYS,INFOSYS,1800.05004882812,-0.01201058071062084,-0.01193874158362811,-0.7061973870022954
2025-02-25,INFOSYS,INFOSYS,1745.15002441406,-0.03097394358498022,-0.03049916553698124,-1.772947109945043
2025-02-27,INFOSYS,INFOSYS,1755.19995117188,0.00574225688460719,0.00575877524409072,0.29245642306444175
2025-02-28,INFOSYS,INFOSYS,1755.05004882812,-8.540835772448161e-5,-8.540471053450085e-5,-0.03536835800674837
2025-03-03,INFOSYS,INFOSYS,1692.30004882812,-0.03640879507696976,-0.03575396612871488,-2.078674863072304
2025-03-04,INFOSYS,INFOSYS,1695,0.00159416154739987,0.00159543289840927,0.05911281301893204
2025-03-05,INFOSYS,INFOSYS,1692.44995117188,-0.00150558641254025,-0.0015044535859115,-0.11525790906061308
2025-03-06,INFOSYS,INFOSYS,1715,0.01323592619802994,0.01332390881780934,0.713999253673189
2025-03-07,INFOSYS,INFOSYS,1703.09997558594,-0.00696297509032144,-0.00693878974580758,-0.4222534508632503
2025-03-10,INFOSYS,INFOSYS,1686,-0.01009124594791803,-0.01004050016503398,-0.5982286770264932
2025-03-11,INFOSYS,INFOSYS,1680,-0.00356506616449614,-0.00355871886120996,-0.2311102222479365
2025-03-12,INFOSYS,INFOSYS,1636.90002441406,-0.02598956933218121,-0.02565474737258333,-1.4925601401631376
2025-03-13,INFOSYS,INFOSYS,1599.25,-0.02326945473487634,-0.02300080875589032,-1.3395450071262172
2025-03-17,INFOSYS,INFOSYS,1545.15002441406,-0.03441376053198853,-0.0338283417764202,-1.9664477985890572
2025-03-18,INFOSYS,INFOSYS,1590.05004882812,0.02864448417101035,0.02905868278459669,1.580779848313863
2025-03-19,INFOSYS,INFOSYS,1603,0.0081113806402841,0.00814436701626104,0.4257272003379477
2025-03-20,INFOSYS,INFOSYS,1592,-0.00688578620522466,-0.00686213349968808,-0.4179113295666848
2025-03-21,INFOSYS,INFOSYS,1577.94995117188,-0.00886458212260678,-0.00882540755535175,-0.5292249193879168
2025-03-24,INFOSYS,INFOSYS,1597.94995117188,0.01259502188686836,0.01267467322721281,0.6779463393829261
2025-03-25,INFOSYS,INFOSYS,1605,0.00440222939552625,0.00441193344193899,0.2170755973014346
2025-03-26,INFOSYS,INFOSYS,1626,0.01299925454363959,0.01308411214953271,0.7006857172808295
2025-03-27,INFOSYS,INFOSYS,1595.55004882812,-0.01890447613928401,-0.0187269072397786,-1.0940010211597284
2025-03-28,INFOSYS,INFOSYS,1590,-0.00348451875419464,-0.00347845486401152,-0.2265791731828435
2025-04-01,INFOSYS,INFOSYS,1539.25,-0.03243873142295771,-0.03191823899371069,-1.8553461037672383
2025-04-02,INFOSYS,INFOSYS,1535.19995117188,-0.00263465090353594,-0.00263118325685885,-0.17877139245140322
2025-04-03,INFOSYS,INFOSYS,1534.65002441406,-3.582759861725593e-4,-3.582118129955789e-4,-0.05071803353505916
2025-04-04,INFOSYS,INFOSYS,1460.5,-0.04952351507381532,-0.04831722101745705,-2.8164197459708404
2025-04-07,INFOSYS,INFOSYS,1352,-0.0771938652248862,-0.07428962684012325,-4.372965309800896
2025-04-08,INFOSYS,INFOSYS,1431,0.05678852295354155,0.05843195266272189,3.163971910432188
2025-04-09,INFOSYS,INFOSYS,1405.05004882812,-0.01830057648132862,-0.01813413778607966,-1.0600297367901097
2025-04-11,INFOSYS,INFOSYS,1411.25,0.00440291238874961,0.00441261944871719,0.21711401785145093
2025-04-15,INFOSYS,INFOSYS,1445.59997558594,0.02404860692561606,0.02434010670394331,1.3222470758997378
2025-04-16,INFOSYS,INFOSYS,1425,-0.01435262968673697,-0.01425012170299068,-0.8379451214596851
2025-04-17,INFOSYS,INFOSYS,1398,-0.0191291699089953,-0.01894736842105263,-1.106640763286404
2025-04-21,INFOSYS,INFOSYS,1410,0.00854706057845834,0.00858369098712446,0.4502355882445831
2025-04-22,INFOSYS,INFOSYS,1440,0.02105340919783226,0.02127659574468085,1.15375763826986
2025-04-23,INFOSYS,INFOSYS,1446,0.00415801014866367,0.00416666666666666,0.20333748472857477
2025-04-24,INFOSYS,INFOSYS,1469.90002441406,0.01639326413856581,0.01652837096408022,0.8916095960801944
2025-04-25,INFOSYS,INFOSYS,1475.5,0.00380252752571833,0.00380976630582225,0.18334045192113751
2025-04-28,INFOSYS,INFOSYS,1480.19995117188,0.00318026539285625,0.00318532780201965,0.14833621969574903
2025-04-29,INFOSYS,INFOSYS,1482,0.00121534608018203,0.00121608491251124,0.0378032332055619
2025-04-30,INFOSYS,INFOSYS,1496.80004882812,0.00993700172551997,0.00998653767079621,0.5284242166729046
2025-05-02,INFOSYS,INFOSYS,1499.69995117188,0.00193552694748988,0.00193740128885645,0.0783157069560947
2025-05-05,INFOSYS,INFOSYS,1515,0.0101503834144273,0.01020207329883847,0.5404276181281773
2025-05-06,INFOSYS,INFOSYS,1506,-0.00595830958363063,-0.00594059405940594,-0.36573780761931624
2025-05-07,INFOSYS,INFOSYS,1500,-0.00399202126953745,-0.00398406374501992,-0.2551278104272794
2025-05-08,INFOSYS,INFOSYS,1508,0.00531916147760002,0.00533333333333333,0.2686559552258229
2025-05-09,INFOSYS,INFOSYS,1500.69995117188,-0.00485263620285414,-0.00484088118575596,-0.3035401488800384
2025-05-12,INFOSYS,INFOSYS,1537,0.02390083117354854,0.0241887452583534,1.3139342179103553
2025-05-13,INFOSYS,INFOSYS,1609,0.04578040345378734,0.0468445022771633,2.5447300331193197
2025-05-14,INFOSYS,INFOSYS,1574,-0.02199271801503466,-0.02175264139216905,-1.2677244892578663
2025-05-15,INFOSYS,INFOSYS,1589.80004882812,0.00998810287503604,0.01003815046259212,0.531298819529449
2025-05-16,INFOSYS,INFOSYS,1612.59997558594,0.01423951525897352,0.01434138008400891,0.7704543434061117
2025-05-19,INFOSYS,INFOSYS,1576.5,-0.0226405681262426,-0.02238619380657192,-1.3041681269827945
2025-05-20,INFOSYS,INFOSYS,1570,-0.00413158064276179,-0.00412305740564541,-0.2629784708669649
2025-05-21,INFOSYS,INFOSYS,1567.90002441406,-0.00133845940476477,-0.0013375640674777,-0.1058564811376256
2025-05-22,INFOSYS,INFOSYS,1555.5,-0.00794012259989731,-0.00790868309265701,-0.47722111888819
2025-05-23,INFOSYS,INFOSYS,1550,-0.00354210642439944,-0.00353584056573449,-0.22981866354343528
2025-05-26,INFOSYS,INFOSYS,1566.59997558594,0.01065271943574005,0.01070966166834838,0.5686856235837443
2025-05-27,INFOSYS,INFOSYS,1579.90002441406,0.00845391898268555,0.0084897542674514,0.44499607602602936
2025-05-28,INFOSYS,INFOSYS,1581,6.95988877754147e-4,6.96231134212401e-4,0.00858773195354645
2025-05-29,INFOSYS,INFOSYS,1589,0.00504732932724402,0.00506008855154965,0.25336452864708675
2025-05-30,INFOSYS,INFOSYS,1571,-0.01139252828109486,-0.01132787916928886,-0.6714299640336409
2025-06-02,INFOSYS,INFOSYS,1560,-0.00702653801203846,-0.00700190961171228,-0.4258290682039245
2025-06-03,INFOSYS,INFOSYS,1559,-6.412311858062087e-4,-6.41025641025641e-4,-0.06663516715815353
2025-06-04,INFOSYS,INFOSYS,1543,-0.01031601669461569,-0.01026298909557408,-0.6108727493544854
2025-06-05,INFOSYS,INFOSYS,1547.90002441406,0.00317061598904638,0.00317564770839922,0.1477934099151769
2025-06-06,INFOSYS,INFOSYS,1554.69995117188,0.00438338019670803,0.0043930012601389,0.2160152696712434
2025-06-09,INFOSYS,INFOSYS,1578,0.01487565285690447,0.01498684605383644,0.8062391148542102
2025-06-10,INFOSYS,INFOSYS,1584,0.00379507096855153,0.00380228136882129,0.1829209967672972
2025-06-11,INFOSYS,INFOSYS,1590.09997558594,0.00384359859019084,0.00385099468809343,0.18565083046197356
2025-06-12,INFOSYS,INFOSYS,1617,0.01677568861254465,0.01691719063397101,0.913122194049569
2025-06-13,INFOSYS,INFOSYS,1576,-0.02568258915928241,-0.02535559678416821,-1.4752915250678955
2025-06-16,INFOSYS,INFOSYS,1600,0.0151136378100481,0.01522842639593908,0.8196265284955837
2025-06-17,INFOSYS,INFOSYS,1620.69995117188,0.01285449530840411,0.012937469482425,0.6925425479967755
2025-06-18,INFOSYS,INFOSYS,1621,1.8511819939933693e-4,1.8513533483051036e-4,-0.02015037521685579
2025-06-19,INFOSYS,INFOSYS,1623.90002441406,0.00178743576957955,0.00178903418510795,0.06998510525571225
2025-06-20,INFOSYS,INFOSYS,1619,-0.00302200382762057,-0.00301744217032574,-0.2005612314786909
2025-06-23,INFOSYS,INFOSYS,1601,-0.01118024068092038,-0.01111797405806053,-0.6594881085636652
2025-06-24,INFOSYS,INFOSYS,1601,0,0,-0.03056386512522596
2025-06-25,INFOSYS,INFOSYS,1590,-0.00689441778243752,-0.00687070580886945,-0.4183968833506516
2025-06-26,INFOSYS,INFOSYS,1608.80004882812,0.01175457359481114,0.01182393008057861,0.6306684389050538
2025-06-27,INFOSYS,INFOSYS,1619,0.00632008486854681,0.00634009874583845,0.3249610925083615
2025-06-30,INFOSYS,INFOSYS,1615,-0.00247371802087825,-0.00247066090179122,-0.16971840384780487
2025-07-01,INFOSYS,INFOSYS,1609,-0.0037220886643737,-0.00371517027863777,-0.2399432393319816
2025-07-02,INFOSYS,INFOSYS,1618,0.00557795062605389,0.00559353635798632,0.28321367129352615
2025-07-03,INFOSYS,INFOSYS,1618.5,3.0897574786211015e-4,3.0902348578491963e-4,-0.01318299256524397
2025-07-04,INFOSYS,INFOSYS,1625,0.00400802139753886,0.00401606425702811,0.1949001384748015
2025-07-07,INFOSYS,INFOSYS,1640,0.00918842605440617,0.00923076923076923,0.48631444452684447
2025-07-08,INFOSYS,INFOSYS,1628,-0.0073439742557585,-0.0073170731707317,-0.4436858706752944
2025-07-09,INFOSYS,INFOSYS,1637.80004882812,0.00600164008683906,0.00601968601235872,0.3070475565543235
2025-07-10,INFOSYS,INFOSYS,1638.90002441406,6.713923170703361e-4,6.716177513409262e-4,0.00720409686368182
2025-07-11,INFOSYS,INFOSYS,1579.09997558594,-0.03717025095454124,-0.03648791746738775,-2.1215091879657435
2025-07-14,INFOSYS,INFOSYS,1591.80004882812,0.0080104330346778,0.00804260239283932,0.42004857513704214
2025-07-15,INFOSYS,INFOSYS,1565.09997558594,-0.01691577794911675,-0.01677350950066658,-0.9821303968705044
2025-07-16,INFOSYS,INFOSYS,1579,0.00884203115822714,0.00888123738475948,0.46682862537251135
2025-07-17,INFOSYS,INFOSYS,1598,0.01196111207057783,0.01203293223559214,0.6422868877667292
2025-07-18,INFOSYS,INFOSYS,1592.09997558594,-0.00369896315876277,-0.00369213042181476,-0.23864235578791743
2025-07-21,INFOSYS,INFOSYS,1580,-0.00762903714644478,-0.00760000990609076,-0.4597215686512062
2025-07-22,INFOSYS,INFOSYS,1565,-0.00953902304675894,-0.00949367088607595,-0.5671643752611872
2025-07-23,INFOSYS,INFOSYS,1576.30004882812,0.00719453563465567,0.00722047848442172,0.37415174074169694
2025-07-24,INFOSYS,INFOSYS,1580,0.00234448741210317,0.00234723787176856,0.10132103914380716
2025-07-25,INFOSYS,INFOSYS,1543.40002441406,-0.02343705617914789,-0.0231645415100886,-1.3489731236172655
2025-07-28,INFOSYS,INFOSYS,1513.90002441406,-0.0192986720974315,-0.01911364489656494,-1.1161758027069169
2025-07-29,INFOSYS,INFOSYS,1512.90002441406,-6.607638563843777e-4,-6.605456000220623e-4,-0.06773394225757257
2025-07-30,INFOSYS,INFOSYS,1519.90002441406,0.00461620437730508,0.00462687546238296,0.22911237337546492
2025-07-31,INFOSYS,INFOSYS,1509.69995117188,-0.006733636034593,-0.00671101590784712,-0.4093523965629577
2025-08-01,INFOSYS,INFOSYS,1493.90002441406,-0.01052075683998981,-0.01046560725232558,-0.6223900363884429
2025-08-04,INFOSYS,INFOSYS,1461.5,-0.0219268608394703,-0.02168821466266994,-1.2640198128113669
2025-08-05,INFOSYS,INFOSYS,1478.69995117188,0.01169998480716274,0.01176869734647964,0.6275976452654698
2025-08-06,INFOSYS,INFOSYS,1452,-0.0182213739737219,-0.01805636846793705,-1.0555743427966695
2025-08-07,INFOSYS,INFOSYS,1430,-0.01526747213078842,-0.01515151515151515,-0.8894079305718646
2025-08-08,INFOSYS,INFOSYS,1425,-0.00350263055120211,-0.00349650349650349,-0.22759801960621903
2025-08-11,INFOSYS,INFOSYS,1419.90002441406,-0.00358534992822823,-0.00357893023574736,-0.23225124873594905
2025-08-12,INFOSYS,INFOSYS,1428.19995117188,0.00582841215191329,0.0058454303930624,0.2973029319952553
2025-08-13,INFOSYS,INFOSYS,1425,-0.0022430622236851,-0.0022405484394915,-0.15674327863498652
2025-08-14,INFOSYS,INFOSYS,1426.19995117188,8.417166549351387e-4,8.420709978105279e-4,0.01678538481516406
2025-08-18,INFOSYS,INFOSYS,1464.69995117188,0.02663687962997348,0.0269948123111106,1.4678456814090377
2025-08-19,INFOSYS,INFOSYS,1432.69995117188,-0.02208966816952288,-0.02184747802742628,-1.2731782450671492
2025-08-20,INFOSYS,INFOSYS,1440.69995117188,0.00556833085734856,0.00558386282728381,0.2826725285822273
2025-08-21,INFOSYS,INFOSYS,1508,0.04565519689241607,0.04671343868192502,2.537686764183406
2025-08-22,INFOSYS,INFOSYS,1498.09997558594,-0.00658664734124775,-0.00656500292709549,-0.40108381314024744
2025-08-25,INFOSYS,INFOSYS,1506.69995117188,0.00572417417326141,0.00574058856290706,0.29143921280242413
2025-08-26,INFOSYS,INFOSYS,1523,0.01076027749524682,0.01081837748480854,0.5747361079276492
2025-08-28,INFOSYS,INFOSYS,1529.59997558594,0.00432417344090006,0.0043335361693631,0.21268470057477296
2025-08-29,INFOSYS,INFOSYS,1501.90002441406,-0.01827525786907721,-0.01810927799032492,-1.0586054839936287
2025-09-01,INFOSYS,INFOSYS,1476.69995117188,-0.01692115405295755,-0.0167787954141697,-0.9824328198806364
2025-09-02,INFOSYS,INFOSYS,1499.40002441406,0.01525520893748732,0.01537216360315151,0.8275903565345799
2025-09-03,INFOSYS,INFOSYS,1500,4.000637387868489e-4,4.001437749572275e-4,-0.00805900217777114
2025-09-04,INFOSYS,INFOSYS,1484,-0.01072396336297572,-0.01066666666666666,-0.633821052265299
2025-09-05,INFOSYS,INFOSYS,1470,-0.00947874395454377,-0.00943396226415094,-0.5637734838172057
2025-09-08,INFOSYS,INFOSYS,1451,-0.0130094268885941,-0.01292517006802721,-0.7623856744213008
2025-09-09,INFOSYS,INFOSYS,1481,0.020464561383611,0.02067539627842867,1.1206330681797465
2025-09-10,INFOSYS,INFOSYS,1510.09997558594,0.0194583223467635,0.01964886940306549,1.064028908839284
2025-09-11,INFOSYS,INFOSYS,1523.90002441406,0.00909699670202822,0.00913850013325467,0.4811712514674593
2025-09-12,INFOSYS,INFOSYS,1537,0.00855961022200525,0.0085963484323566,0.4509415457725483
2025-09-15,INFOSYS,INFOSYS,1525.59997558594,-0.00744470525531012,-0.0074170620781132,-0.44935231109387247
2025-09-16,INFOSYS,INFOSYS,1508.40002441406,-0.01133825671368203,-0.01127422092758882,-0.6683770150453799
2025-09-17,INFOSYS,INFOSYS,1516.90002441406,0.00561929212272923,0.00563510995917799,0.2855392625094221
2025-09-18,INFOSYS,INFOSYS,1550,0.02158613622095934,0.02182080232922778,1.1837252346339688
2025-09-19,INFOSYS,INFOSYS,1544.59997558594,-0.00348996958420175,-0.00348388671874838,-0.2268857997784755
2025-09-22,INFOSYS,INFOSYS,1482.69995117188,-0.04090024423700522,-0.04007511678910806,-2.331333222184209
2025-09-23,INFOSYS,INFOSYS,1493,0.00692280144710507,0.00694681942896076,0.35886582488361785
2025-09-24,INFOSYS,INFOSYS,1487.19995117188,-0.00389239396420521,-0.0038848284180308,-0.24952345633329137
2025-09-25,INFOSYS,INFOSYS,1489,0.00120962910902373,0.00121036100539244,0.03748163532022938
2025-09-26,INFOSYS,INFOSYS,1475,-0.00944676391008878,-0.00940228341168569,-0.5619745041853718
2025-09-29,INFOSYS,INFOSYS,1460,-0.01022155407153802,-0.01016949152542372,-0.6055589251312091
2025-09-30,INFOSYS,INFOSYS,1443,-0.01171215592851123,-0.01164383561643835,-0.68941003996138
2025-10-01,INFOSYS,INFOSYS,1446,0.00207684394483906,0.00207900207900207,0.08626523936593843
2025-10-03,INFOSYS,INFOSYS,1439,-0.00485269583134216,-0.00484094052558782,-0.3035435031729187
2025-10-06,INFOSYS,INFOSYS,1446.59997558594,0.00526753065095622,0.00528142848223766,0.2657515563392705
2025-10-07,INFOSYS,INFOSYS,1477.69995117188,0.02127083332793951,0.0214986700613921,1.165988439952539
2025-10-08,INFOSYS,INFOSYS,1457,-0.01410726467105874,-0.01400822349318212,-0.8241425557318257
2025-10-09,INFOSYS,INFOSYS,1502,0.03041802612887527,0.03088538091969801,1.680547247414676
2025-10-10,INFOSYS,INFOSYS,1510,0.00531209748488988,0.00532623169107856,0.2682585830763608
2025-10-13,INFOSYS,INFOSYS,1497,-0.00864654538934165,-0.0086092715231788,-0.5169596568212016
2025-10-14,INFOSYS,INFOSYS,1499,0.00133511368296942,0.00133600534402137,0.04454054335131204
2025-10-15,INFOSYS,INFOSYS,1483.90002441406,-0.01012444563788551,-0.01007336596793862,-0.600096265613456
2025-10-16,INFOSYS,INFOSYS,1473.90002441406,-0.00676180805774194,-0.00673899847393603,-0.4109371628350569
2025-10-17,INFOSYS,INFOSYS,1454.90002441406,-0.01297477890505133,-0.01289096932307422,-0.7604366146954673
2025-10-20,INFOSYS,INFOSYS,1453.69995117188,-8.251896584962593e-4,-8.248492831411621e-4,-0.07698341873543142
2025-10-21,INFOSYS,INFOSYS,1478,0.01657782566472456,0.01671600030565513,0.9019917713409938
2025-10-23,INFOSYS,INFOSYS,1510,0.02141982830082283,0.02165087956698241,1.1743698830065057
2025-10-24,INFOSYS,INFOSYS,1539.5,0.01934803755558502,0.0195364238410596,1.0578250371307747
2025-10-27,INFOSYS,INFOSYS,1510,-0.019348037555585,-0.01916206560571614,-1.1189527673812252
2025-10-28,INFOSYS,INFOSYS,1499.69995117188,-0.00684459527992785,-0.00682122438948344,-0.41559420847169504
2025-10-29,INFOSYS,INFOSYS,1500.19995117188,3.33344458752959e-4,3.334000241910358e-4,-0.01181217475389293
2025-10-30,INFOSYS,INFOSYS,1507,0.00452251963870032,0.00453276166474218,0.22384230763803636
2025-10-31,INFOSYS,INFOSYS,1490,-0.01134479968699059,-0.0112806901128069,-0.6687450781895787
2025-11-03,INFOSYS,INFOSYS,1482.30004882812,-0.0051811514789101,-0.00516775246434899,-0.3220201823022223
2025-11-04,INFOSYS,INFOSYS,1479.69995117188,-0.00175563695076858,-0.00175409672171001,-0.12932405039556708
2025-11-06,INFOSYS,INFOSYS,1478.59997558594,-7.436538984320883e-4,-7.433774564017874e-4,-0.07239677183980169
2025-11-07,INFOSYS,INFOSYS,1470,-0.00583327683861202,-0.00581629631268727,-0.3587043164083393
2025-11-10,INFOSYS,INFOSYS,1490.09997558594,0.01358081462445682,0.01367345277955102,0.7334003290929128
2025-11-11,INFOSYS,INFOSYS,1525,0.02315119464427319,0.02342126366409511,1.2717647691047589
2025-11-12,INFOSYS,INFOSYS,1540,0.00978800636616294,0.00983606557377049,0.5200427518785579
2025-11-13,INFOSYS,INFOSYS,1557.09997558594,0.01104268476051846,0.01110388025061039,0.5906224184930016
2025-11-14,INFOSYS,INFOSYS,1520,-0.02411476632787118,-0.02382632853871775,-1.3870964838132342
2025-11-17,INFOSYS,INFOSYS,1496,-0.01591545530589956,-0.01578947368421052,-0.9258590535662998
2025-11-18,INFOSYS,INFOSYS,1506,0.00666224982541625,0.00668449197860962,0.3442089640678261
2025-11-19,INFOSYS,INFOSYS,1490.5,-0.01034549524171274,-0.01029216467463479,-0.6125310117711713
2025-11-20,INFOSYS,INFOSYS,1555,0.04236391149520837,0.0432740691043274,2.352541449564971
2025-11-21,INFOSYS,INFOSYS,1531,-0.01555442895565075,-0.01543408360128617,-0.9055501683936344
2025-11-24,INFOSYS,INFOSYS,1563.59997558594,0.02106972264710965,0.02129325642451992,1.154675321890228
2025-11-25,INFOSYS,INFOSYS,1549,-0.00938127788792487,-0.0093374109835662,-0.5582907063029594
2025-11-26,INFOSYS,INFOSYS,1532.09997558594,-0.01097023403019121,-0.01091028044806972,-0.6476745637844114
2025-11-27,INFOSYS,INFOSYS,1564,0.02060731471857888,0.02082111149558636,1.1286633991677193
2025-11-28,INFOSYS,INFOSYS,1565,6.391818689972956e-4,6.393861892583121e-4,0.00539215629251673
2025-12-01,INFOSYS,INFOSYS,1562.5,-0.00159872136369699,-0.00159744408945686,-0.1204970474982934
2025-12-02,INFOSYS,INFOSYS,1567,0.00287586074546425,0.00288,0.1312124861354445
2025-12-03,INFOSYS,INFOSYS,1555.09997558594,-0.00762312682807952,-0.00759414448887045,-0.4593890943680098
2025-12-04,INFOSYS,INFOSYS,1568,0.00826108538241184,0.00829530230633528,0.4341485701786267
2025-12-05,INFOSYS,INFOSYS,1610,0.02643325706815543,0.02678571428571428,1.4563912620192152
2025-12-08,INFOSYS,INFOSYS,1617.09997558594,0.00440022750795561,0.00440992272418633,0.21696298473237235
2025-12-09,INFOSYS,INFOSYS,1601.19995117188,-0.00988108886275021,-0.00983243129930713,-0.5864066698296391
2025-12-10,INFOSYS,INFOSYS,1608,0.00423785311519747,0.00424684551304364,0.2078289065820276
2025-12-11,INFOSYS,INFOSYS,1598,-0.0062383234126917,-0.00621890547263681,-0.38148947975416286
2025-12-12,INFOSYS,INFOSYS,1601.40002441406,0.00212541455776103,0.00212767485235294,0.08899749145756089
2025-12-15,INFOSYS,INFOSYS,1585,-0.01029385457260003,-0.01024105418011383,-0.60962605921431
2025-12-16,INFOSYS,INFOSYS,1600,0.00941922191649155,0.00946372239747634,0.4992974488371619
2025-12-17,INFOSYS,INFOSYS,1587.19995117188,-0.00803220246094923,-0.00800003051757499,-0.48240090513794626
2025-12-18,INFOSYS,INFOSYS,1610.5,0.01457326300433019,0.01467997073142349,0.7892287199368371
2025-12-19,INFOSYS,INFOSYS,1650,0.0242305981233728,0.02452654455138156,1.332484661979342
2025-12-22,INFOSYS,INFOSYS,1664,0.00844905448652766,0.00848484848484848,0.4447224325819279
2025-12-23,INFOSYS,INFOSYS,1679,0.00897403569638696,0.00901442307692307,0.47425430221275056
2025-12-24,INFOSYS,INFOSYS,1661,-0.01077854746424596,-0.01072066706372841,-0.6368915822811454
2025-12-26,INFOSYS,INFOSYS,1663.40002441406,0.00144388449849554,0.00144492740160144,0.05065924909435471
2025-12-29,INFOSYS,INFOSYS,1658,-0.00325165841655003,-0.00324637750078318,-0.21348003552922595
2025-12-30,INFOSYS,INFOSYS,1647,-0.00665660551759993,-0.00663449939686369,-0.4050191839779894
2020-01-01,LT,LT,1308.40002441406,NA,NA,NA
2020-01-02,LT,LT,1312,0.00274765518032849,0.00275143344448665,0.11239529996074504
2020-01-03,LT,LT,1344.94995117188,0.0248041108149332,0.0251142920517378,1.359020002137933
2020-01-06,LT,LT,1331,-0.01042626192385592,-0.01037209686481281,-0.6321908093661172
2020-01-07,LT,LT,1328,-0.0022564883587325,-0.00225394440270473,-0.17043749295846153
2020-01-08,LT,LT,1302,-0.01977250726786463,-0.01957831325301205,-1.1604379815985384
2020-01-09,LT,LT,1311,0.00688866099518531,0.00691244239631336,0.34644379017060034
2020-01-10,LT,LT,1319,0.00608366895361473,0.0061022120518688,0.30094586517745286
2020-01-13,LT,LT,1329,0.00755290599593067,0.00758150113722517,0.38398673179027304
2020-01-14,LT,LT,1329.80004882812,6.018119735023808e-4,6.019930986606454e-4,-0.00888715778970172
2020-01-15,LT,LT,1325.59997558594,-0.00316342299176033,-0.0031584246412694,-0.22169718470234565
2020-01-16,LT,LT,1327.69995117188,0.00158291643039792,0.00158416990390466,0.0465645916501868
2020-01-17,LT,LT,1320.59997558594,-0.00536192485201106,-0.00534757539131735,-0.3459558948131
2020-01-20,LT,LT,1313.94995117188,-0.00504832986450834,-0.00503560846357689,-0.3282315938476046
2020-01-21,LT,LT,1304.75,-0.007026378885343,-0.00700175159919507,-0.4400303711462163
2020-01-22,LT,LT,1311,0.00477875324017712,0.00479018969151178,0.22719239410396463
2020-01-23,LT,LT,1307,-0.00305577013947788,-0.0030511060259344,-0.21561267560721353
2020-01-24,LT,LT,1332,0.01894713747611239,0.01912777352716143,1.0279855075153306
2020-01-27,LT,LT,1340,0.00598804184462269,0.006006006006006,0.2955410477288942
2020-01-28,LT,LT,1350.90002441406,0.00810144110311897,0.00813434657765671,0.4149897825959292
2020-01-29,LT,LT,1353.09997558594,0.00162718317846566,0.00162850775936154,0.04906653586735865
2020-01-30,LT,LT,1365.94995117188,0.00945188326655759,0.0094966933839279,0.4913163958874556
2020-01-31,LT,LT,1375.94995117188,0.00729424464383264,0.00732091244735633,0.36936726453017293
2020-02-03,LT,LT,1290,-0.06450214778121402,-0.06246589935824153,-3.6885447503017783
2020-02-04,LT,LT,1296,0.0046403795565023,0.00465116279069767,0.219371552212684
2020-02-05,LT,LT,1297.90002441406,0.00146499459192529,0.0014660682207253,0.03989968232833299
2020-02-06,LT,LT,1322.90002441406,0.01907872241914397,0.01926188422046321,1.0354226516846043
2020-02-07,LT,LT,1313.05004882812,-0.00747360242760221,-0.00744574450386208,-0.4653073206439779
2020-02-10,LT,LT,1300,-0.00998844804605894,-0.00993872917469291,-0.6074456914714087
2020-02-11,LT,LT,1292,-0.00617285910708096,-0.00615384615384615,-0.39178967205089593
2020-02-12,LT,LT,1289.09997558594,-0.00224712383232928,-0.00224460093967492,-0.1699082125458768
2020-02-13,LT,LT,1299,0.00765045616038164,0.00767979567260491,0.389500239795396
2020-02-14,LT,LT,1295,-0.00308404253696144,-0.00307929176289453,-0.2172106236037847
2020-02-17,LT,LT,1297,0.00154321018280571,0.00154440154440154,0.04432040564409267
2020-02-18,LT,LT,1281.5,-0.01202263851231811,-0.01195065535851966,-0.7224175675598518
2020-02-19,LT,LT,1298,0.01279335145990954,0.01287553648068669,0.680175243400404
2020-02-20,LT,LT,1279.90002441406,-0.01404264932731482,-0.01394451123724191,-0.8365880137256965
2020-02-24,LT,LT,1271.90002441406,-0.00627010428432944,-0.00625048820017204,-0.397285942264654
2020-02-25,LT,LT,1262.19995117188,-0.00765567318718367,-0.00762644316061605,-0.47559790904124966
2020-02-26,LT,LT,1235,-0.02178522140312977,-0.02154963731905267,-1.2741960214672
2020-02-27,LT,LT,1212.34997558594,-0.01851036538132324,-0.01834010074012955,-1.0891020752552525
2020-02-28,LT,LT,1189.65002441406,-0.01890143796126351,-0.0187239259529072,-1.1112053880709716
2020-03-02,LT,LT,1205,0.01282040020526461,0.01290293386368007,0.6817040309209899
2020-03-03,LT,LT,1166,-0.03290047901431767,-0.03236514522821577,-1.9024272721596311
2020-03-04,LT,LT,1185,0.01616368665879388,0.01629502572898799,0.8706656459905019
2020-03-05,LT,LT,1180.09997558594,-0.00414361462565682,-0.00413504169962869,-0.2770973416416898
2020-03-06,LT,LT,1148,-0.02757786206406291,-0.02720106452845388,-1.60159445113265
2020-03-09,LT,LT,1135.80004882812,-0.01068400644611182,-0.01062713516714286,-0.646758457660023
2020-03-11,LT,LT,1090,-0.04115959521021051,-0.04032404196088469,-2.369230209064785
2020-03-12,LT,LT,1070,-0.01851904776723752,-0.01834862385321101,-1.089592801278231
2020-03-13,LT,LT,950,-0.11895194286136536,-0.11214953271028036,-6.766031935908655
2020-03-16,LT,LT,1014.25,0.06544271749197016,0.06763157894736842,3.6559026828789913
2020-03-17,LT,LT,972,-0.04254889762611758,-0.04165639635198422,-2.447753192954677
2020-03-18,LT,LT,968,-0.00412371718386204,-0.00411522633744856,-0.27597274379775566
2020-03-19,LT,LT,873.900024414062,-0.10226610670617296,-0.09721071858051442,-5.822953144277731
2020-03-20,LT,LT,849,-0.02890679425905678,-0.02849298972243097,-1.6767053270250898
2020-03-23,LT,LT,809,-0.04826026925285563,-0.04711425206124853,-2.7705583195424226
2020-03-24,LT,LT,755,-0.06908116780946703,-0.06674907292954264,-3.9473496813183657
2020-03-25,LT,LT,697.200012207031,-0.07964541809450862,-0.07655627522247546,-4.544438152081237
2020-03-26,LT,LT,787.75,0.122108449482868,0.1298766296723479,6.858634002773191
2020-03-27,LT,LT,867.900024414062,0.09689574814285512,0.1017455086182952,5.433619176285669
2020-03-30,LT,LT,801,-0.08021558171187981,-0.07708263916598883,-4.576663640231858
2020-03-31,LT,LT,820,0.02344339318993963,0.02372034956304619,1.2821126226338797
2020-04-01,LT,LT,806.849975585938,-0.01616659312942721,-0.01603661513910005,-0.9566327232480792
2020-04-03,LT,LT,791.099975585938,-0.01971339596242646,-0.01952035753432635,-1.1570970271515535
2020-04-07,LT,LT,805,0.01741792625211826,0.01757050289853292,0.9415549169318284
2020-04-08,LT,LT,804,-0.00124300823959702,-0.00124223602484472,-0.11315588014585924
2020-04-09,LT,LT,834.349975585938,0.03705368015276911,0.03774872585315666,2.051362234296948
2020-04-13,LT,LT,812.799987792969,-0.02616788752601108,-0.02582847536830703,-1.5219030846821588
2020-04-15,LT,LT,890.950012207031,0.09180326106883956,0.09614914565422938,5.145793231484924
2020-04-16,LT,LT,875.950012207031,-0.01697929725697076,-0.01683596138333565,-1.0025665331829636
2020-04-17,LT,LT,930,0.05987556052970844,0.06170442038899618,3.341248528783415
2020-04-20,LT,LT,940.799987792969,0.01154597802190017,0.01161289009996664,0.609674045636676
2020-04-21,LT,LT,897,-0.04767470211040574,-0.04655611007789206,-2.7374622284634893
2020-04-22,LT,LT,873,-0.02712030621919389,-0.02675585284280936,-1.5757335227818423
2020-04-23,LT,LT,860,-0.01500316659204873,-0.01489117983963344,-0.8908761808238739
2020-04-24,LT,LT,838,-0.02591428876547035,-0.02558139534883721,-1.507569753680618
2020-04-27,LT,LT,861.950012207031,0.02817917802101494,0.02857996683416589,1.5497778564510498
2020-04-28,LT,LT,863.799987792969,0.00214396789172332,0.00214626783425766,0.07827506329022352
2020-04-29,LT,LT,862,-0.00208597573112819,-0.00208380159574671,-0.16080016694715168
2020-04-30,LT,LT,890.200012207031,0.03219089963074455,0.03271463133066243,1.7765192395543554
2020-05-04,LT,LT,880,-0.01152426282218536,-0.01145811285908951,-0.694249512974085
2020-05-05,LT,LT,861,-0.02182740304452137,-0.02159090909090909,-1.276580116038344
2020-05-06,LT,LT,838,-0.02707640394564776,-0.02671312427409988,-1.5732521785626707
2020-05-07,LT,LT,833,-0.0059844583152403,-0.00596658711217183,-0.3811413120011594
2020-05-08,LT,LT,833,0,0,-0.04290140217523293
2020-05-11,LT,LT,821.200012207031,-0.01426694215719452,-0.01416565161220765,-0.8492649817246064
2020-05-12,LT,LT,817,-0.00512760514964524,-0.00511448142303749,-0.33271221078629126
2020-05-13,LT,LT,863.700012207031,0.05558640555965242,0.05716035765854471,3.098826689766408
2020-05-14,LT,LT,858.900024414062,-0.00557297122267518,-0.00555747102596822,-0.3578841766428408
2020-05-15,LT,LT,881.950012207031,0.02648284970146178,0.02683663655580121,1.4539018543775375
2020-05-18,LT,LT,869.900024414062,-0.01375708831958112,-0.01366289203037091,-0.8204481854542433
2020-05-19,LT,LT,827.099975585938,-0.0504527133986671,-0.0492011123427119,-2.894474649327715
2020-05-20,LT,LT,800,-0.03331384951226642,-0.03276505426897113,-1.92579085706335
2020-05-21,LT,LT,835.950012207031,0.04395708961831273,0.04493751525878878,2.4415410060615503
2020-05-22,LT,LT,815,-0.02538070404537738,-0.0250613217310924,-1.4774116945712212
2020-05-26,LT,LT,821.900024414062,0.00843064961801024,0.008466287624616,0.4335965557615434
2020-05-27,LT,LT,831.950012207031,0.01215359467543719,0.01222774971947917,0.6440163689139065
2020-05-28,LT,LT,855,0.02732911140245012,0.02770597686731325,1.5017323289757951
2020-05-29,LT,LT,893.200012207031,0.04370906469586929,0.04467837685032868,2.4275227068299876
2020-06-01,LT,LT,944.650024414062,0.05600398073125546,0.05760189375714612,3.1224279216488102
2020-06-02,LT,LT,935,-0.01026798507519801,-0.01021544928244475,-0.6232450461579004
2020-06-03,LT,LT,955.950012207031,0.02215909390925452,0.02240643016794762,1.2095243865721184
2020-06-04,LT,LT,961.049987792969,0.00532080085343402,0.00533498145385602,0.2578287735674934
2020-06-05,LT,LT,940,-0.02214654878732581,-0.02190311436485196,-1.29461814414067
2020-06-08,LT,LT,979.5,0.041162362120545803,0.04202127659574468,2.2835837897124267
2020-06-09,LT,LT,964.5,-0.01543240503881164,-0.01531393568147013,-0.915136617755512
2020-06-10,LT,LT,957,-0.00780644089282952,-0.0077760497667185,-0.48411925758710694
2020-06-11,LT,LT,944,-0.0136772253074536,-0.01358411703239289,-0.8159343503504637
2020-06-12,LT,LT,890,-0.05890470341931512,-0.05720338983050847,-3.3721787608516034
2020-06-15,LT,LT,921.799987792969,0.03510680431761976,0.03573032336288649,1.9413253567325752
2020-06-16,LT,LT,920,-0.00195459700071931,-0.00195268801996691,-0.1533746778576254
2020-06-17,LT,LT,892.700012207031,-0.03012307818348827,-0.02967389977496628,-1.745449354178684
2020-06-18,LT,LT,876,-0.01888450092320629,-0.01870730590194954,-1.1102481114181115
2020-06-19,LT,LT,902,0.02924842912623219,0.02968036529680365,1.6102116297950673
2020-06-22,LT,LT,905,0.00332042363730254,0.00332594235033259,0.1447680129170151
2020-06-23,LT,LT,910,0.0055096558109697,0.00552486187845303,0.26850280293525935
2020-06-24,LT,LT,979,0.07308704301961462,0.07582417582417582,4.087957823202358
2020-06-25,LT,LT,949.900024414062,-0.03017490093265583,-0.02972418343813887,-1.7483783614642268
2020-06-26,LT,LT,955,0.00535459888287564,0.00536896036936501,0.25973902873653926
2020-06-29,LT,LT,950,-0.00524935588614367,-0.00523560209424083,-0.3395935283534294
2020-06-30,LT,LT,948.700012207031,-0.00136934532864147,-0.00136840820312523,-0.12029641707586676
2020-07-01,LT,LT,941,-0.00814949968056538,-0.00811638253183734,-0.503508844299285
2020-07-02,LT,LT,936,-0.00532766310778753,-0.0053134962805526,-0.344019430614305
2020-07-03,LT,LT,948,0.01273902577742971,0.01282051282051282,0.6771047710242468
2020-07-06,LT,LT,953.099975585938,0.00536530207313256,0.00537972108221303,0.26034397005564436
2020-07-07,LT,LT,955,0.00199153615257591,0.00199352057783231,0.0696596640363712
2020-07-08,LT,LT,944.950012207031,-0.01057931152150719,-0.01052354742719264,-0.6408411298097617
2020-07-09,LT,LT,945,5.289853451982011e-5,5.289993367186226e-5,-0.03991159180253102
2020-07-10,LT,LT,940,-0.00530505222969322,-0.00529100529100529,-0.34274147010980494
2020-07-13,LT,LT,940,0,0,-0.04290140217523293
2020-07-14,LT,LT,928,-0.01284814247784902,-0.01276595744680851,-0.769074820757029
2020-07-15,LT,LT,918.049987792969,-0.01077989071469984,-0.01072199591274894,-0.652177809697006
2020-07-16,LT,LT,913,-0.00551596147653228,-0.00550077649378261,-0.35466200173931356
2020-07-17,LT,LT,922.099975585938,0.00991777047353855,0.00996711455195832,0.5176482104941328
2020-07-20,LT,LT,929,0.00745508774533159,0.00748294609776722,0.37845807163105616
2020-07-21,LT,LT,927,-0.00215517324798337,-0.00215285252960172,-0.16471119124181022
2020-07-22,LT,LT,939.200012207031,0.01307489650524147,0.01316074671740131,0.6960880906003738
2020-07-23,LT,LT,912,-0.02938847199676527,-0.02896083033805927,-1.7039296180110877
2020-07-24,LT,LT,914.400024414062,0.00262814910581213,0.00263160571717329,0.10564085006088954
2020-07-27,LT,LT,908,-0.0070237605788502,-0.0069991516220301,-0.439882385195714
2020-07-28,LT,LT,908.799987792969,8.80655933561096e-4,8.810438248557019e-4,0.00687302482625435
2020-07-29,LT,LT,919.599975585938,0.01181373180560493,0.01188378954449248,0.6248074145875819
2020-07-30,LT,LT,929,0.01016997247337916,0.01022186240062987,0.5319025969716465
2020-07-31,LT,LT,913.900024414062,-0.01638755582153247,-0.01625401031855538,-0.9691214727915828
2020-08-03,LT,LT,913,-9.85302397337502e-4,-9.8481714631651e-4,-0.0985904180345277
2020-08-04,LT,LT,918,0.00546151002552194,0.00547645125958379,0.2657816166105295
2020-08-05,LT,LT,923.950012207031,0.00646058021473146,0.00648149477890089,0.3222487842148926
2020-08-06,LT,LT,926.049987792969,0.00227024485176162,0.0022728238088571,0.08541220174562462
2020-08-07,LT,LT,922.549987792969,-0.00378665393092899,-0.00377949359768521,-0.25692202303538225
2020-08-10,LT,LT,925,0.00265217575637076,0.00265569588580476,0.10699882962901068
2020-08-11,LT,LT,969.599975585938,0.04708985262310507,0.04821618982263562,2.6186038947023595
2020-08-12,LT,LT,952,-0.01831855534416499,-0.01815179045905207,-1.0782610256139016
2020-08-13,LT,LT,957,0.00523835666158893,0.00525210084033613,0.25316905090816094
2020-08-14,LT,LT,999.950012207031,0.04390189848678253,0.04487984556638561,2.4384216187471752
2020-08-17,LT,LT,1002,0.00204799170507348,0.00205009027245708,0.07285051607010018
2020-08-18,LT,LT,1005.95001220703,0.0039343781252629,0.00394212795112774,0.17946854882284402
2020-08-19,LT,LT,1017.25,0.01117052711172643,0.01123315041090173,0.5884536652260007
2020-08-20,LT,LT,986,-0.0312018322791639,-0.03072007864340132,-1.806420233884949
2020-08-21,LT,LT,1010,0.02404925523266966,0.02434077079107505,1.3163557757991513
2020-08-24,LT,LT,996,-0.01395835225070691,-0.01386138613861386,-0.8318235665379137
2020-08-25,LT,LT,993,-0.00301659353942567,-0.00301204819277108,-0.2133984251319118
2020-08-26,LT,LT,987,-0.00606062461169095,-0.00604229607250755,-0.3854462097690384
2020-08-27,LT,LT,975.25,-0.01197619104671565,-0.0119047619047619,-0.7197923697976731
2020-08-28,LT,LT,988,0.01298884936110194,0.01307357087926172,0.6912247300852858
2020-08-31,LT,LT,988.099975585938,1.011847449607648e-4,1.011898643096708e-4,-0.03718246869647008
2020-09-01,LT,LT,964.950012207031,-0.023707583317281,-0.0234287662695054,-1.3828473790745257
2020-09-02,LT,LT,956.450012207031,-0.00884777281403175,-0.00880874645574522,-0.5429750464609838
2020-09-03,LT,LT,960,0.00370475810036607,0.00371162919929008,0.16649048925184828
2020-09-04,LT,LT,948,-0.01257878220686007,-0.0125,-0.7538506535942352
2020-09-07,LT,LT,947.150024414062,-8.970009043926899e-4,-8.965987193438341e-4,-0.0935996423556184
2020-09-08,LT,LT,936,-0.01184202487303709,-0.01177218405390404,-0.712209335194331
2020-09-09,LT,LT,907.549987792969,-0.03086682888813824,-0.03039531218699895,-1.7874859359413349
2020-09-10,LT,LT,917.700012207031,0.01112190553728001,0.0111839838582836,0.5857055874401683
2020-09-11,LT,LT,920,0.00250311691635223,0.00250625232905642,0.09857406569035516
2020-09-14,LT,LT,922.400024414062,0.00260532537974005,0.00260872218919787,0.10435085944823023
2020-09-15,LT,LT,910,-0.01353439591193029,-0.01344321778605647,-0.8078616728719911
2020-09-16,LT,LT,915,0.00547946576462557,0.00549450549450549,0.26679646996155076
2020-09-17,LT,LT,915,0,0,-0.04290140217523293
2020-09-18,LT,LT,911.200012207031,-0.00416163974589508,-0.00415299212346336,-0.2781161163950314
2020-09-21,LT,LT,901,-0.01125716792128826,-0.01119404309743743,-0.6791533838951457
2020-09-22,LT,LT,887.950012207031,-0.01458980876030315,-0.01448389322194115,-0.8675133118104144
2020-09-23,LT,LT,866.200012207031,-0.02479960597488442,-0.02449462210821936,-1.4445681941890702
2020-09-24,LT,LT,856,-0.01184546673140819,-0.01177558538823145,-0.7124038680666065
2020-09-25,LT,LT,860.099975585938,0.00477825703054776,0.0047896911050677,0.2271643484745278
2020-09-28,LT,LT,898,0.04312143512990978,0.04406467328201338,2.3943100481512527
2020-09-29,LT,LT,909.950012207031,0.01321959805927301,0.01330736325950002,0.7042665819539954
2020-09-30,LT,LT,897.799987792969,-0.01344235361024496,-0.0133524086500014,-0.8026594677295585
2020-10-01,LT,LT,909.950012207031,0.01344235361024499,0.01353310824154724,0.7168566633790946
2020-10-05,LT,LT,907.950012207031,-0.00220034191105969,-0.00219792293331489,-0.16726411144295605
2020-10-06,LT,LT,901.049987792969,-0.00762858803369517,-0.00759956420650248,-0.4740670637431482
2020-10-07,LT,LT,895,-0.00673701814186233,-0.00671437531205989,-0.4236757828733201
2020-10-08,LT,LT,890.299987792969,-0.00526524740637338,-0.0052514102871855,-0.34049171263116146
2020-10-09,LT,LT,887.400024414062,-0.00326260441177093,-0.00325728790145877,-0.22730289081535512
2020-10-12,LT,LT,916.950012207031,0.03275709199877923,0.03329951203515058,1.808520273803432
2020-10-13,LT,LT,907.950012207031,-0.00986363400507739,-0.00981514791448408,-0.6003912367918436
2020-10-14,LT,LT,897,-0.01213346239161678,-0.01206014875247801,-0.7286813022148463
2020-10-15,LT,LT,913,0.01768001853617241,0.01783723522853957,0.9563682995062858
2020-10-16,LT,LT,894,-0.0210301054214543,-0.0208105147864184,-1.2315170774265023
2020-10-19,LT,LT,899,0.00557725929810621,0.00559284116331096,0.2723237331161482
2020-10-20,LT,LT,919,0.02200308788406686,0.02224694104560623,1.2007069696711776
2020-10-21,LT,LT,924.950012207031,0.00645357283921469,0.00647444200982701,0.3218527293109971
2020-10-22,LT,LT,922,-0.00319447163830784,-0.0031893747425247,-0.22345204551935588
2020-10-23,LT,LT,940,0.01933465170745585,0.01952277657266811,1.0498877034638057
2020-10-26,LT,LT,949.849975585938,0.01042417642393722,0.01047869743184888,0.5462701331436647
2020-10-27,LT,LT,960,0.01062923277389522,0.01068592375106474,0.5578598606788028
2020-10-28,LT,LT,989.950012207031,0.03072116467178262,0.03119792938232398,1.6934502308319956
2020-10-29,LT,LT,951.099975585938,-0.04003526531461546,-0.0392444427920955,-2.3056833978968987
2020-10-30,LT,LT,941,-0.01067604423366947,-0.01061925753884677,-0.6463084356402095
2020-11-02,LT,LT,930,-0.01175855343807797,-0.01168969181721572,-0.707491553041565
2020-11-03,LT,LT,944.900024414062,0.01589454147899868,0.0160215316280237,0.8554536357218071
2020-11-04,LT,LT,934.25,-0.01133505926070706,-0.01127105951835083,-0.683555780609004
2020-11-05,LT,LT,952,0.01882096642577196,0.018999197217019,1.0208543550464249
2020-11-06,LT,LT,959,0.00732604009207288,0.00735294117647058,0.37116433436993856
2020-11-09,LT,LT,971,0.01243539340788667,0.01251303441084463,0.6599435544387914
2020-11-10,LT,LT,975,0.00411100270652228,0.00411946446961894,0.18945132074492035
2020-11-11,LT,LT,1040,0.06453852113757116,0.06666666666666667,3.604797757877176
2020-11-12,LT,LT,1054.90002441406,0.01422528569582734,0.01432694655198076,0.7611077658310572
2020-11-13,LT,LT,1065.05004882812,0.00957579341289443,0.00962178801701875,0.4983197626945662
2020-11-14,LT,LT,1060.05004882812,-0.00470566937707659,-0.0046946150610495,-0.30886451895718986
2020-11-17,LT,LT,1063,0.00277897647488463,0.00278284140936662,0.11416557076692956
2020-11-18,LT,LT,1080.90002441406,0.01669895066699774,0.0168391574920602,0.9009186179941456
2020-11-19,LT,LT,1125.05004882812,0.04003347248723751,0.04084561330081667,2.219779263444574
2020-11-20,LT,LT,1140,0.01320073989235768,0.01328825432028756,0.7032007236355109
2020-11-23,LT,LT,1138.80004882812,-0.00105314310784181,-0.00105258874726316,-0.10242475601380144
2020-11-24,LT,LT,1135,-0.00334246836519618,-0.00333688853634176,-0.2318167791210197
2020-11-25,LT,LT,1141.5,0.00571053605434723,0.00572687224669603,0.279856498094735
2020-11-26,LT,LT,1130,-0.01012555426346399,-0.01007446342531756,-0.6151948965236953
2020-11-27,LT,LT,1129,-8.853475567242145e-4,-8.849557522123894e-4,-0.09294099840541868
2020-12-01,LT,LT,1140,0.0096959772388791,0.0097431355181576609,0.5051125189178098
2020-12-02,LT,LT,1120.05004882812,-0.01765489164413214,-0.01749995716831579,-1.0407509389478808
2020-12-03,LT,LT,1135,0.01325928017109402,0.01334757423342087,0.7065094038130529
2020-12-04,LT,LT,1130,-0.00441501820911683,-0.00440528634361233,-0.2924369962537315
2020-12-07,LT,LT,1154.80004882812,0.0217095783651432,0.02194694586559292,1.184117893770863
2020-12-08,LT,LT,1174.94995117188,0.01729834085221176,0.0174488235986896,0.9347959835831136
2020-12-09,LT,LT,1178,0.00259253328779077,0.00259589680826652,0.10362785398984252
2020-12-10,LT,LT,1182,0.00338983375451152,0.00339558573853989,0.148691053324195
2020-12-11,LT,LT,1188,0.00506330195654663,0.00507614213197969,0.24327500795070192
2020-12-14,LT,LT,1198.09997558594,0.00846572734594876,0.00850166295112794,0.4355791391316385
2020-12-15,LT,LT,1250,0.04240660302780768,0.04331860902399058,2.353907937714632
2020-12-16,LT,LT,1256.25,0.00498754151103896,0.005,0.23899304876458363
2020-12-17,LT,LT,1270,0.010885807645251,0.01094527363184079,0.572361400631044
2020-12-18,LT,LT,1283.94995117188,0.01092432519947513,0.01098421352116535,0.5745384020205108
2020-12-21,LT,LT,1276.25,-0.00601513517323682,-0.00599708046630022,-0.3828751594332754
2020-12-22,LT,LT,1235.25,-0.03265271175301593,-0.03212536728697356,-1.8884235358637167
2020-12-23,LT,LT,1268,0.02616747727131187,0.02651285164946367,1.4360770928508622
2020-12-24,LT,LT,1275,0.00550532259535525,0.00552050473186119,0.26825789080094736
2020-12-28,LT,LT,1275,0,0,-0.04290140217523293
2020-12-29,LT,LT,1294.94995117188,0.01552586805054636,0.01564702052696471,0.834616316682027
2020-12-30,LT,LT,1288.19995117188,-0.0052261894344285,-0.00521255666590937,-0.3382841669832999
2020-12-31,LT,LT,1293,0.00371924256321307,0.00372616752838204,0.1673091470399341
2021-01-01,LT,LT,1283,-0.00776401415622109,-0.00773395204949729,-0.4817213103028727
2021-01-04,LT,LT,1305,0.01700195514115729,0.0171473109898675,0.9180443461081804
2021-01-05,LT,LT,1307,0.00153139386742826,0.00153256704980842,0.04365255080457216
2021-01-06,LT,LT,1308,7.648183929220497e-4,7.651109410864575e-4,3.2591943487278414e-4
2021-01-07,LT,LT,1330,0.01667968919865537,0.01681957186544342,0.8998299651918283
2021-01-08,LT,LT,1349.80004882812,0.01477752726784301,0.01488725475798496,0.792320304991873
2021-01-11,LT,LT,1382,0.02357525584397276,0.02385534894582024,1.2895654629512716
2021-01-12,LT,LT,1354,-0.02046855085539485,-0.02026049204052098,-1.1997781704476411
2021-01-13,LT,LT,1354,0,0,-0.04290140217523293
2021-01-14,LT,LT,1358,0.00294985464642111,0.00295420974889217,0.123823557219025
2021-01-15,LT,LT,1376.69995117188,0.01367626648274629,0.01377021441228277,0.7300773534957713
2021-01-18,LT,LT,1345.19995117188,-0.02314663103331117,-0.02288080272915419,-1.351142512910881
2021-01-19,LT,LT,1340.05004882812,-0.00383570144887708,-0.00382835454258947,-0.2596941750287715
2021-01-20,LT,LT,1369,0.02137358316924949,0.02160363428007548,1.165127539293564
2021-01-21,LT,LT,1395,0.01881386896701712,0.01899196493791088,1.0204532086631144
2021-01-22,LT,LT,1362,-0.02394020754600835,-0.02365591397849462,-1.395995235405597
2021-01-25,LT,LT,1370,0.00585653211271296,0.00587371512481644,0.2881081544711874
2021-01-27,LT,LT,1368.80004882812,-8.762605719783168e-4,-8.75876767795622e-4,-0.09242740456966338
2021-01-28,LT,LT,1344.69995117188,-0.01776357573190293,-0.01760673348665714,-1.046893733184326
2021-01-29,LT,LT,1362,0.01278330419116827,0.01286535989909372,0.6796073745818696
2021-02-01,LT,LT,1345.75,-0.01200272926839102,-0.0119309838472834,-0.7212923026627012
2021-02-02,LT,LT,1474,0.09102831530821524,0.09530001857700168,5.101993513885415
2021-02-03,LT,LT,1530,0.03728794163719928,0.03799185888738127,2.064602627862321
2021-02-04,LT,LT,1525,-0.00327332534496913,-0.00326797385620915,-0.227908834960538
2021-02-05,LT,LT,1534.40002441406,0.00614503099880604,0.00616395043544918,0.304414030805641
2021-02-08,LT,LT,1521.15002441406,-0.00867279726446448,-0.0086352970471698,-0.5330854773488293
2021-02-09,LT,LT,1557,0.02329424905814468,0.02356767906554729,1.273683038027881
2021-02-10,LT,LT,1560,0.00192492840958441,0.00192678227360308,0.06589501303599964
2021-02-11,LT,LT,1549.40002441406,-0.00681804628867472,-0.00679485614483333,-0.4282554710635428
2021-02-12,LT,LT,1535,-0.00933739393361052,-0.00929393583784516,-0.5706482951681295
2021-02-15,LT,LT,1527,-0.00522535480266511,-0.00521172638436482,-0.3382369938295213
2021-02-16,LT,LT,1540,0.0084773901890423,0.00851342501637197,0.4362383197606067
2021-02-17,LT,LT,1544,0.00259403517704652,0.00259740259740259,0.10371274035042465
2021-02-18,LT,LT,1542.19995117188,-0.00116651484720271,-0.00116583473323834,-0.10883249500674948
2021-02-19,LT,LT,1523.84997558594,-0.01196992555315664,-0.01189857098101728,-0.7194382458544893
2021-02-22,LT,LT,1510.90002441406,-0.00853449527994643,-0.00849817985979924,-0.5252686878738316
2021-02-23,LT,LT,1462,-0.03290015459469202,-0.03236483130842747,-1.9024089360531455
2021-02-24,LT,LT,1486.69995117188,0.0167535044662903,0.01689463144451436,0.9040019834687428
2021-02-25,LT,LT,1534,0.03131983715118733,0.03181546403552115,1.7272870318893991
2021-02-26,LT,LT,1482,-0.03448617607116932,-0.03389830508474576,-1.9920504262143353
2021-03-01,LT,LT,1456,-0.01769957709940097,-0.0175438596491228,-1.0432765483789246
2021-03-02,LT,LT,1479.30004882812,0.0158760861491429,0.01600278078854395,0.8544105456412346
2021-03-03,LT,LT,1493.5,0.00955332275039023,0.00959910140145604,0.4970497271359941
2021-03-04,LT,LT,1473,-0.01382122119353422,-0.01372614663542015,-0.8240729575489089
2021-03-05,LT,LT,1453.59997558594,-0.01325791617625236,-0.01317041711748811,-0.7922351155566455
2021-03-08,LT,LT,1478,0.01664660122176914,0.01678592791956016,0.8979598419945758
2021-03-09,LT,LT,1525,0.03130458753336482,0.03179972936400541,1.72642512775615
2021-03-10,LT,LT,1523,-0.00131233614635023,-0.00131147540983606,-0.11707427404107763
2021-03-12,LT,LT,1526.30004882812,0.00216446401708207,0.0021668081602889,0.07943349856171136
2021-03-15,LT,LT,1520,-0.00413620307192192,-0.00412766076562542,-0.2766784426979744
2021-03-16,LT,LT,1488.30004882812,-0.02107577305722743,-0.02085523103413158,-1.2340981994248843
2021-03-17,LT,LT,1476,-0.00829883562267683,-0.00826449534675819,-0.5119492699707133
2021-03-18,LT,LT,1455.55004882812,-0.01395185656240731,-0.01385498046875339,-0.8314564320523885
2021-03-19,LT,LT,1415,-0.02825433852067254,-0.02785891756918101,-1.639828711216023
2021-03-22,LT,LT,1409,-0.00424929817865776,-0.00424028268551236,-0.28307054649234276
2021-03-23,LT,LT,1401.90002441406,-0.00505175610921051,-0.0050390174492122,-0.32842524423967956
2021-03-24,LT,LT,1400,-0.00135624018611966,-0.00135532090803275,-0.11955571808669588
2021-03-25,LT,LT,1361,-0.02825251295188385,-0.02785714285714285,-1.639725530578789
2021-03-26,LT,LT,1386.30004882812,0.01841863911476366,0.01858930847033063,0.9981149279792498
2021-03-30,LT,LT,1408,0.01553189495175789,0.01565314174966927,0.8349569554524782
2021-03-31,LT,LT,1423.59997558594,0.01101859976852743,0.0110795281150142,0.5798667742900483
2021-04-01,LT,LT,1432,0.00588321103407586,0.0059005511085392,0.28961603964319316
2021-04-05,LT,LT,1439,0.00487635936677693,0.00488826815642458,0.23270906507408431
2021-04-06,LT,LT,1405.90002441406,-0.02327074343607486,-0.02300206781510771,-1.358157311194656
2021-04-07,LT,LT,1402,-0.00277789585675752,-0.00277404107428294,-0.1999072988831543
2021-04-08,LT,LT,1410,0.00568991577767845,0.00570613409415121,0.27869104582593535
2021-04-09,LT,LT,1414,0.0028328630843041,0.00283687943262411,0.11721122685654622
2021-04-12,LT,LT,1393.94995117188,-0.01428115881366288,-0.01417966678084865,-0.85006850317109
2021-04-13,LT,LT,1347.25,-0.03407593082924911,-0.03350188515206002,-1.9688634799070597
2021-04-15,LT,LT,1378.94995117188,0.02325682675462885,0.02352937552190016,1.2715679399020514
2021-04-16,LT,LT,1360.5,-0.01347002534493397,-0.01337971052263397,-0.804223466433017
2021-04-19,LT,LT,1340,-0.01518266527834397,-0.01506798970966556,-0.901021396358546
2021-04-20,LT,LT,1320,-0.01503787736454055,-0.01492537313432835,-0.8928380239747775
2021-04-22,LT,LT,1310,-0.0076045993852193,-0.00757575757575757,-0.4727112320421133
2021-04-23,LT,LT,1330,0.01515180502060224,0.01526717557251908,0.8134743788736709
2021-04-26,LT,LT,1330.05004882812,3.762998981774194e-5,3.76306978345848e-5,-0.04077456567771904
2021-04-27,LT,LT,1339,0.00670649448555544,0.00672903337717676,0.33614779000737793
2021-04-28,LT,LT,1384.84997558594,0.033668746186559,0.03424195338755788,1.8600467134616012
2021-04-29,LT,LT,1383.94995117188,-6.501188020572337e-4,-6.499075206173088e-4,-0.07964593499685524
2021-04-30,LT,LT,1350,-0.02483710164319906,-0.02453119864857279,-1.4466874388728057
2021-05-03,LT,LT,1325.5,-0.01831484570339489,-0.01814814814814815,-1.0780513577553468
2021-05-04,LT,LT,1350,0.01831484570339495,0.01848359109769898,0.9922485534048844
2021-05-05,LT,LT,1342.19995117188,-0.00579457008750542,-0.00577781394675555,-0.3704088824907917
2021-05-06,LT,LT,1344,0.00134021973812521,0.00134111823394745,0.03284744249730232
2021-05-07,LT,LT,1347,0.00222965532726906,0.00223214285714285,0.08311809317621943
2021-05-10,LT,LT,1347,0,0,-0.04290140217523293
2021-05-11,LT,LT,1380,0.0242036017408864,0.02449888641425389,1.3250793972651451
2021-05-12,LT,LT,1380,0,0,-0.04290140217523293
2021-05-14,LT,LT,1394,0.0100938131692189,0.01014492753623188,0.5275980944060642
2021-05-17,LT,LT,1433,0.02759283650770274,0.02797704447632711,1.5166379981476084
2021-05-18,LT,LT,1405,-0.01973284606032574,-0.0195394277739009,-1.1581963412436584
2021-05-19,LT,LT,1414,0.00638526468867197,0.00640569395017793,0.3179919717515191
2021-05-20,LT,LT,1410.80004882812,-0.00226561348438636,-0.00226304891929278,-0.17095324250766497
2021-05-21,LT,LT,1415,0.0029725771052063,0.00297699959350631,0.125107824232959
2021-05-24,LT,LT,1420,0.00352734051796844,0.00353356890459363,0.15646289712728023
2021-05-25,LT,LT,1460,0.02777956410707567,0.02816901408450704,1.527191789827144
2021-05-26,LT,LT,1458.90002441406,-7.536918899653022e-4,-7.534079355753432e-4,-0.08549985695086106
2021-05-27,LT,LT,1475.94995117188,0.01161907335296205,0.01168683698162784,0.6138053732998837
2021-05-28,LT,LT,1487.09997558594,0.00752608111203078,0.0075544732429491,0.3824705968565091
2021-05-31,LT,LT,1472.30004882812,-0.01000206124152915,-0.00995220698056202,-0.6082151054710955
2021-06-01,LT,LT,1465.94995117188,-0.00432237389110209,-0.00431304587763504,-0.28720076531677463
2021-06-02,LT,LT,1468.30004882812,0.00160183907897921,0.00160312270849446,0.04763409445439306
2021-06-03,LT,LT,1480.09997558594,0.00800433432451353,0.00803645465192061,0.4095013346347589
2021-06-04,LT,LT,1518.94995117188,0.02590963796741252,0.02624821040927328,1.4215040875249836
2021-06-07,LT,LT,1545.44995117188,0.01729582394874413,0.01744626278143995,0.9346537289032264
2021-06-08,LT,LT,1561,0.01001154305100473,0.01006182621205477,0.5229482103396541
2021-06-09,LT,LT,1550,-0.00707171060213979,-0.00704676489429852,-0.44259250709802905
2021-06-10,LT,LT,1525,-0.01626052087178029,-0.01612903225806451,-0.961941492969601
2021-06-11,LT,LT,1521,-0.00262639678221913,-0.00262295081967213,-0.1913446135720912
2021-06-14,LT,LT,1503.44995117188,-0.01160557859769042,-0.01153849364110453,-0.6988454578575534
2021-06-15,LT,LT,1520,0.01094790017871964,0.01100804773396007,0.5758708532523134
2021-06-16,LT,LT,1505.84997558594,-0.00935282824748693,-0.00930922658819736,-0.5715206382706768
2021-06-17,LT,LT,1481,-0.0166399713250363,-0.01650229172150475,-0.9833879264364148
2021-06-18,LT,LT,1487.55004882812,0.00441296885696793,0.0044227203430925,0.206518363093116
2021-06-21,LT,LT,1460,-0.01869406842238462,-0.01852041808598218,-1.0994849197451388
2021-06-22,LT,LT,1470.09997558594,0.00689397336046393,0.00691779149721917,0.3467440435700143
2021-06-23,LT,LT,1505,0.02346248912013011,0.02373989864202932,1.2831919192661616
2021-06-24,LT,LT,1490,-0.01001677824347123,-0.00996677740863787,-0.6090469063037821
2021-06-25,LT,LT,1510.5,0.01366460188722188,0.01375838926174496,0.7294180738199008
2021-06-28,LT,LT,1526,0.01020921101767568,0.01026150281363786,0.5341203485183077
2021-06-29,LT,LT,1513,-0.00855549805604644,-0.00851900393184797,-0.5264557589034803
2021-06-30,LT,LT,1516,0.00198085241396106,0.00198281559814937,0.06905582211863462
2021-07-01,LT,LT,1497.09997558594,-0.0125454000540941,-0.0124670345739182,-0.7519639036585558
2021-07-02,LT,LT,1500,0.00193522094207854,0.00193709469063679,0.06647674409323318
2021-07-05,LT,LT,1490,-0.00668898815079665,-0.00666666666666666,-0.4209611412146718
2021-07-06,LT,LT,1506,0.01068100942033409,0.01073825503355704,0.5607862622510176
2021-07-07,LT,LT,1495,-0.00733092253505207,-0.00730411686586985,-0.4572430930317259
2021-07-08,LT,LT,1503,0.00533690392818764,0.00535117056856187,0.2587389148477347
2021-07-09,LT,LT,1497.90002441406,-0.00339896727944296,-0.00339319732930139,-0.2350100819486836
2021-07-12,LT,LT,1504.40002441406,0.00433002035108614,0.00433940843451326,0.20183013674551137
2021-07-13,LT,LT,1515,0.00702127511885176,0.00704598206189774,0.3539391033414435
2021-07-14,LT,LT,1513.55004882812,-9.575217574648012e-4,-9.570634797887804e-4,-0.09702026404055314
2021-07-15,LT,LT,1550,0.02379701372728751,0.02408242211752542,1.3020991564794815
2021-07-16,LT,LT,1609.34997558594,0.03757542466743552,0.03829030682963871,2.0808510883079316
2021-07-19,LT,LT,1600,-0.00582672635285519,-0.00580978390516693,-0.3722263456126496
2021-07-20,LT,LT,1609.84997558594,0.00613736254296734,0.0061562347412125,0.30398061182688757
2021-07-22,LT,LT,1610,9.318720766882012e-5,9.31915497314551e-5,-0.03763448726690075
2021-07-23,LT,LT,1644,0.02089811763761652,0.02111801242236025,1.1382543604570907
2021-07-26,LT,LT,1611.75,-0.01981175142539567,-0.01961678832116788,-1.162656050403645
2021-07-27,LT,LT,1610.15002441406,-9.93187687598603e-4,-9.926946399503652e-4,-0.0990360924341762
2021-07-28,LT,LT,1592.44995117188,-0.01105367738623143,-0.01099280997037597,-0.6676521557801849
2021-07-29,LT,LT,1594,9.729002332608542e-4,9.733736542108094e-4,0.01208664683995353
2021-07-30,LT,LT,1598,0.00250626697605953,0.00250941028858218,0.09875210618378302
2021-08-02,LT,LT,1606.30004882812,0.00518058063538331,0.00519402304638297,0.24990356606985564
2021-08-03,LT,LT,1625,0.01157438780223452,0.01164163020820586,0.6112797584735408
2021-08-04,LT,LT,1640,0.00918842605440617,0.00923076923076923,0.476425867958779
2021-08-05,LT,LT,1620,-0.01227009259181436,-0.01219512195121951,-0.7364036029077322
2021-08-06,LT,LT,1627,0.00431167899260814,0.00432098765432098,0.20079348829532753
2021-08-09,LT,LT,1620,-0.00431167899260801,-0.00430239704978488,-0.28659629264578595
2021-08-10,LT,LT,1606,-0.00867953371972277,-0.00864197530864197,-0.5334662199155052
2021-08-11,LT,LT,1590.19995117188,-0.00988685174497146,-0.00983813750194271,-0.601703496955497
2021-08-12,LT,LT,1590,-1.2574754745827354e-4,-1.257396415668674e-4,-0.05000861837971408
2021-08-13,LT,LT,1626,0.02238899489347868,0.02264150943396226,1.2225183258856969
2021-08-16,LT,LT,1674,0.02909296094166477,0.02952029520295203,1.6014246114955215
2021-08-17,LT,LT,1658,-0.0096039153541804,-0.009557945041816,-0.5857120112994053
2021-08-18,LT,LT,1647,-0.00665660551759993,-0.00663449939686369,-0.4191308838454311
2021-08-20,LT,LT,1618.90002441406,-0.01720852984953299,-0.01706130879534912,-1.0155226951867922
2021-08-23,LT,LT,1600.09997558594,-0.01168080931111236,-0.01161285350831002,-0.7030974767343785
2021-08-24,LT,LT,1590,-0.00633209580271779,-0.0063120903318816,-0.400789685541844
2021-08-25,LT,LT,1614.94995117188,0.01556994997582819,0.01569179318986163,0.8371078147670433
2021-08-26,LT,LT,1593.80004882812,-0.01318283359016747,-0.01309632061873663,-0.7879914687954717
2021-08-27,LT,LT,1604,0.00637937682652178,0.0063997683896294,0.31765919142991933
2021-08-30,LT,LT,1646.69995117188,0.02627274614538875,0.02662091718945137,1.4420268601647332
2021-08-31,LT,LT,1660.05004882812,0.00807449622069918,0.0081071828821877,0.4134668653793899
2021-09-01,LT,LT,1672.25,0.00732227320596971,0.00734914659982228,0.37095143102117334
2021-09-02,LT,LT,1687.90002441406,0.00931514216052711,0.00935866312696068,0.48358782682792034
2021-09-03,LT,LT,1697,0.0053768190751818,0.00539130010919869,0.26099490778958734
2021-09-06,LT,LT,1700,0.00176626481008106,0.00176782557454331,0.05692739077819216
2021-09-07,LT,LT,1694.19995117188,-0.00341762686761047,-0.00341179342830588,-0.2360647166518934
2021-09-08,LT,LT,1682,-0.0072270626438036,-0.00720101022517518,-0.4513729610331534
2021-09-09,LT,LT,1655.19995117188,-0.01606174360139138,-0.01593344163384066,-0.9507066572551364
2021-09-13,LT,LT,1662.05004882812,0.00412999164547958,0.00413853181386945,0.19052457026263336
2021-09-14,LT,LT,1676,0.00835819246504677,0.0083932196757347,0.4295012977459273
2021-09-15,LT,LT,1700,0.01421824900227917,0.01431980906921241,0.7607100538802286
2021-09-16,LT,LT,1709.59997558594,0.00563115968006167,0.00564704446231764,0.27537016762564587
2021-09-17,LT,LT,1724,0.00838776149926924,0.00842303733019451,0.4311725312882479
2021-09-20,LT,LT,1700.19995117188,-0.01390130975942517,-0.01380513273092807,-0.8285995408882995
2021-09-21,LT,LT,1698.59997558594,-9.414944913528e-4,-9.410514244734578e-4,-0.09611440744352848
2021-09-22,LT,LT,1720.90002441406,0.01304305598480245,0.01312848766551258,0.6942884732925422
2021-09-23,LT,LT,1718.30004882812,-0.00151196558843575,-0.00151082314431673,-0.12835727426144003
2021-09-24,LT,LT,1780,0.03527790591690389,0.03590755363940037,1.9509959712584637
2021-09-27,LT,LT,1772,-0.00450451212110454,-0.00449438202247191,-0.29749516712336627
2021-09-28,LT,LT,1745.30004882812,-0.01518236355731485,-0.01506769253492099,-0.9010043431703866
2021-09-29,LT,LT,1732,-0.00764967848533092,-0.007620494159185,-0.4752590901695496
2021-09-30,LT,LT,1719.94995117188,-0.006981617894125,-0.00695730301854503,-0.4375004924444564
2021-10-01,LT,LT,1697.5,-0.01313861179540426,-0.01305267700178358,-0.7854920653264963
2021-10-04,LT,LT,1696.5,-5.892752085663537e-4,-5.89101620029455e-4,-0.07620707211373828
2021-10-05,LT,LT,1714.5,0.01055418767869017,0.01061007957559681,0.5536183328916694
2021-10-06,LT,LT,1716.69995117188,0.00128232193089529,0.00128314445720618,0.02957507462957114
2021-10-07,LT,LT,1710,-0.00391044433716491,-0.00390280850611452,-0.2639186221654859
2021-10-08,LT,LT,1740,0.01739174271186924,0.0175438596491228,0.9400750305617958
2021-10-11,LT,LT,1733.75,-0.00359842057953337,-0.0035919540229885,-0.24628312667275767
2021-10-12,LT,LT,1710.5,-0.013500967211382,-0.01341023792357606,-0.8059722920686768
2021-10-13,LT,LT,1727,0.00960007372901913,0.00964630225080386,0.4996920793695191
2021-10-14,LT,LT,1775,0.02741462376283748,0.02779386218876664,1.5065654636628163
2021-10-18,LT,LT,1807.15002441406,0.01795060926189839,0.01811268981073802,0.971662011626597
2021-10-19,LT,LT,1809.80004882812,0.0014653367254609,0.00146641085591066,0.0399190196200543
2021-10-20,LT,LT,1855,0.02466832714466002,0.02497510772040692,1.3513455470795577
2021-10-21,LT,LT,1815,-0.0217992283425844,-0.0215633423180593,-1.274987689766736
2021-10-22,LT,LT,1816,5.508124622874325e-4,5.509641873278236e-4,-0.011769635896463791
2021-10-25,LT,LT,1792.25,-0.01316446642825698,-0.01307819383259911,-0.7869533619425021
2021-10-26,LT,LT,1785,-0.00405339851924215,-0.00404519458780862,-0.27199835254507704
2021-10-27,LT,LT,1801,0.00892365096221659,0.00896358543417366,0.4614608538190228
2021-10-28,LT,LT,1799.55004882812,-8.054054133929466e-4,-8.050811615102733e-4,-0.0884226908281399
2021-10-29,LT,LT,1822,0.0123981380573405,0.01247531358547075,0.6578378924481011
2021-11-01,LT,LT,1776,-0.02557115426778823,-0.0252469813391877,-1.4881758878634566
2021-11-02,LT,LT,1800,0.01342302033214077,0.01351351351351351,0.7157639519091259
2021-11-03,LT,LT,1818,0.00995033085316809,0.01,0.5194885140420319
2021-11-04,LT,LT,1900,0.0441168904171076,0.0451045104510451,2.4505729025051832
2021-11-08,LT,LT,1944.55004882812,0.02317672677196507,0.02344739412006315,1.2670407112898543
2021-11-09,LT,LT,1933.5,-0.00569878087914509,-0.00568257362919472,-0.3649949032312846
2021-11-10,LT,LT,1932.69995117188,-4.1386832013043086e-4,-4.1378268845099447e-4,-0.06629312384939476
2021-11-11,LT,LT,1947.84997558594,0.00780822392321034,0.00783878760118655,0.3984172296149621
2021-11-12,LT,LT,1940,-0.00403821459305797,-0.00403007196875037,-0.2711401612848489
2021-11-15,LT,LT,1961.25,0.01089405198986849,0.01095360824742268,0.5728273686824702
2021-11-16,LT,LT,1950,-0.00575265248944981,-0.00573613766730401,-0.368039711575131
2021-11-17,LT,LT,1949,-5.129520502316954e-4,-5.128205128205128e-4,-0.07189330855605727
2021-11-18,LT,LT,1952.90002441406,0.00199903928261473,0.00200103869371985,0.07008373884716569
2021-11-22,LT,LT,1898.25,-0.02838305069683237,-0.02798403591113527,-1.6471034874053618
2021-11-23,LT,LT,1850,-0.0257467700209726,-0.02541814829448176,-1.4981016411049528
2021-11-24,LT,LT,1894,0.02350535567365303,0.02378378378378378,1.285614724879364
2021-11-25,LT,LT,1855,-0.02080629870448799,-0.02059134107708553,-1.2188675843934675
2021-11-26,LT,LT,1820,-0.01904819497069447,-0.01886792452830188,-1.1195000531887545
2021-11-29,LT,LT,1778,-0.02334736399699117,-0.02307692307692307,-1.3624878838630536
2021-11-30,LT,LT,1767.25,-0.00606447102278641,-0.00604611923509561,-0.3856636078481206
2021-12-01,LT,LT,1764,-0.00184070848432682,-0.00183901541943697,-0.14693773077141978
2021-12-02,LT,LT,1785.94995117188,0.01236650161697051,0.01244328297725623,0.65604980968868
2021-12-03,LT,LT,1799.94995117188,0.00780840040947437,0.00783896547090453,0.39842720456923314
2021-12-06,LT,LT,1799,-5.279046426483091e-4,-5.277653255089257e-4,-0.07273842489645845
2021-12-07,LT,LT,1790.19995117188,-0.00490363678892671,-0.00489163358983879,-0.3200535816936
2021-12-08,LT,LT,1802,0.00656984100667687,0.00659146975196574,0.3284241736099546
2021-12-09,LT,LT,1835,0.01814732232038741,0.01831298557158712,0.9827801786619432
2021-12-10,LT,LT,1879.80004882812,0.0241209326726977,0.02441419554665939,1.3204069646577814
2021-12-13,LT,LT,1893.69995117188,0.00736714732298428,0.00739435151755916,0.3734877035613086
2021-12-14,LT,LT,1850,-0.02334692241198205,-0.02307649168224201,-1.362462925601871
2021-12-15,LT,LT,1866,0.00861146333491854,0.00864864864864864,0.4438160964585861
2021-12-16,LT,LT,1892,0.01383736820453438,0.01393354769560557,0.7391827777430482
2021-12-17,LT,LT,1866.5,-0.01356945125718506,-0.01347780126849894,-0.8098429911790627
2021-12-20,LT,LT,1821,-0.02467921862703054,-0.02437717653361907,-1.4377639349667144
2021-12-21,LT,LT,1817.90002441406,-0.00170379857377732,-0.00170234793297089,-0.13919962092769195
2021-12-22,LT,LT,1827.55004882812,0.00529429659475487,0.0053083361485571,0.2563307602815111
2021-12-23,LT,LT,1883,0.02988995090856693,0.03034113960787896,1.6464702614669895
2021-12-24,LT,LT,1888.75,0.00304898492979686,0.00305363781200212,0.12942637310373795
2021-12-27,LT,LT,1859.40002441406,-0.01566136643511764,-0.01553936496939245,-0.9280774518228057
2021-12-28,LT,LT,1872.09997558594,0.00680691422138882,0.00683013391692411,0.3418234853842725
2021-12-29,LT,LT,1895,0.01215805614330617,0.01223226575113469,0.6442685298297661
2021-12-30,LT,LT,1892.30004882812,-0.00142579230293934,-0.001424776344,-0.12348678427214828
2021-12-31,LT,LT,1887.34997558594,-0.00261933038263602,-0.00261590293000601,-0.1909452226444784
2022-01-03,LT,LT,1895,0.00404512268557536,0.00405331523724687,0.18572780039092793
2022-01-04,LT,LT,1922.84997558594,0.01458960921291708,0.01469655703743535,0.7816992290975117
2022-01-05,LT,LT,1940.69995117188,0.00924025982854966,0.00928308282631393,0.4793554983728775
2022-01-06,LT,LT,1944.5,0.00195616703780844,0.00195808158073346,0.0676606115642194
2022-01-07,LT,LT,1929.05004882812,-0.00797719554810249,-0.00794546216090511,-0.493770262934542
2022-01-10,LT,LT,1910,-0.00992443700702384,-0.00987535229565076,-0.6038278054522253
2022-01-11,LT,LT,1949,0.02021317846688534,0.02041884816753926,1.099541790139011
2022-01-12,LT,LT,1978.5,0.01502256131791808,0.01513596716264751,0.8061695609538714
2022-01-13,LT,LT,1975.55004882812,-0.00149211653002289,-0.00149100387762446,-0.12723541103271682
2022-01-14,LT,LT,2014,0.01927592898305162,0.01946290917544113,1.0465687115081537
2022-01-17,LT,LT,2044.75,0.01515273833657594,0.01526812313803376,0.813527129631409
2022-01-18,LT,LT,2075.64990234375,0.01499877795976642,0.01511182410747035,0.8048253322045309
2022-01-19,LT,LT,2019.90002441406,-0.02722629326873843,-0.02685899865229643,-1.581723881172236
2022-01-20,LT,LT,2020,4.949408913892806e-5,4.949531399159342e-5,-0.04010401010306588
2022-01-21,LT,LT,1982.15002441406,-0.01891538492185905,-0.01873761167620792,-1.1119936663821712
2022-01-24,LT,LT,1955,-0.0137919330539252,-0.01369726008609553,-0.8224176000915605
2022-01-25,LT,LT,1895,-0.031171354902939392,-0.03069053708439897,-1.804697661106782
2022-01-27,LT,LT,1914.55004882812,0.01026379504299717,0.01031664845811081,0.5372054223596042
2022-01-28,LT,LT,1916.09997558594,8.092239345917343e-4,8.095514446168177e-4,0.00283570822759869
2022-01-31,LT,LT,1890.19995117188,-0.01360923976541076,-0.01351705273423419,-0.8120918265331488
2022-02-01,LT,LT,1928.65002441406,0.0201376712119884,0.02034180205027613,1.0952741412153806
2022-02-02,LT,LT,1995.09997558594,0.03387387320331151,0.03445412611449195,1.871640435064196
2022-02-03,LT,LT,1981.5,-0.00684002851351506,-0.00681668876365247,-0.4294979002619944
2022-02-04,LT,LT,1948,-0.01705092842800925,-0.01690638405248549,-1.0066151069312483
2022-02-07,LT,LT,1932.5,-0.00798870374090336,-0.00795687885010267,-0.4944207027722317
2022-02-08,LT,LT,1890,-0.02223767240788892,-0.02199223803363519,-1.2997684256830755
2022-02-09,LT,LT,1884.5,-0.00291429534649789,-0.00291005291005291,-0.20761655988553993
2022-02-10,LT,LT,1892,0.00397193690463339,0.00397983550013266,0.18159136052580055
2022-02-11,LT,LT,1889,-0.00158688211031399,-0.00158562367864693,-0.13259153512011068
2022-02-14,LT,LT,1843.25,-0.02451727063174954,-0.02421916357861302,-1.4286106795783635
2022-02-15,LT,LT,1810,-0.01820347260988852,-0.0180387901803879,-1.0717565816669758
2022-02-16,LT,LT,1876.05004882812,0.03584168343024243,0.0364917396840442,1.98286051859567
2022-02-17,LT,LT,1869,-0.00376500023455092,-0.00375792150775712,-0.2556981621737124
2022-02-18,LT,LT,1870,5.349023930695065e-4,5.350454788657035e-4,-0.01266886855782112
2022-02-21,LT,LT,1874.94995117188,0.00264353549129145,0.00264703271223529,0.10651048426384103
2022-02-22,LT,LT,1813,-0.03359903458507281,-0.03304085590826575,-1.941909437597879
2022-02-23,LT,LT,1849,0.01966202063227378,0.01985659128516271,1.0683905035131
2022-02-24,LT,LT,1783.25,-0.03620741022897732,-0.03555976203353164,-2.0893340992986063
2022-02-25,LT,LT,1782,-7.01213127392886e-4,-7.009673349221927e-4,-0.08253377197119527
2022-02-28,LT,LT,1764.90002441406,-0.00964228365912236,-0.00959594589558922,-0.5878805771611966
2022-03-02,LT,LT,1800,0.01969261951262372,0.01988779823242002,1.0701199436704458
2022-03-03,LT,LT,1810,0.00554018037561535,0.00555555555555555,0.27022804278978846
2022-03-04,LT,LT,1740,-0.03944173205129673,-0.03867403314917127,-2.272137063894979
2022-03-07,LT,LT,1658.25,-0.04812228380290937,-0.04698275862068965,-2.7627594205128725
2022-03-08,LT,LT,1627.90002441406,-0.01847197379392873,-0.01830241253486507,-1.086932193475756
2022-03-09,LT,LT,1676.5,0.02941743129454668,0.02985439821676573,1.619763585069867
2022-03-10,LT,LT,1740,0.03717682630229146,0.03787652848195645,2.058322420217832
2022-03-11,LT,LT,1720,-0.01156082240107597,-0.01149425287356321,-0.6963158501454445
2022-03-14,LT,LT,1735,0.00868312257346085,0.00872093023255814,0.4478662565743347
2022-03-15,LT,LT,1748,0.00746486383452111,0.00749279538904899,0.37901061345718823
2022-03-16,LT,LT,1761,0.00740955228072526,0.0074370709382151,0.37588441991004706
2022-03-17,LT,LT,1781.15002441406,0.01137740730085728,0.01144237615789892,0.6001464756409698
2022-03-21,LT,LT,1805,0.01330135496991804,0.01339021152571685,0.7088874596721673
2022-03-22,LT,LT,1756.30004882812,-0.02735124053759504,-0.02698058236669252,-1.588785865854029
2022-03-23,LT,LT,1780,0.01340401305674449,0.01349424956612262,0.714689666021011
2022-03-24,LT,LT,1755,-0.01414450738616462,-0.01404494382022471,-0.842345002717108
2022-03-25,LT,LT,1775.59997558594,0.01166952331016177,0.01173787782674644,0.6166567907674427
2022-03-28,LT,LT,1752,-0.01338038771379114,-0.01329126825322923,-0.7991571725969405
2022-03-29,LT,LT,1748.69995117188,-0.00188536569924863,-0.00188358951376712,-0.14946174406595036
2022-03-30,LT,LT,1766.90002441406,0.01035398564297056,0.01040777363205353,0.5423029698392915
2022-03-31,LT,LT,1779.94995117188,0.00735863413160441,0.00738577541315481,0.3730065403660824
2022-04-01,LT,LT,1759,-0.0118397808341049,-0.01176996642972293,-0.7120825027416536
2022-04-04,LT,LT,1784,0.01411256840239646,0.01421262080727686,0.7547370159389925
2022-04-05,LT,LT,1840,0.0309075374630767,0.03139013452914798,1.7039839688581722
2022-04-06,LT,LT,1833,-0.00381160276332629,-0.00380434782608695,-0.25833212406304484
2022-04-07,LT,LT,1849.90002441406,0.00917762791514093,0.00921987147521003,0.4758155601482859
2022-04-08,LT,LT,1835.40002441406,-0.00786914206816789,-0.00783826142420466,-0.4876631104765856
2022-04-11,LT,LT,1820.25,-0.00828860041185751,-0.00825434467284403,-0.5113707787185041
2022-04-12,LT,LT,1780,-0.022360489988689648,-0.02211234720505425,-1.3067100409917305
2022-04-13,LT,LT,1754.19995117188,-0.01460047960382894,-0.01449440945399999,-0.868116424901325
2022-04-18,LT,LT,1746.30004882812,-0.00451359277560259,-0.00450342182399591,-0.29800840317528415
2022-04-19,LT,LT,1748.30004882812,0.00114462322581741,0.00114527855699375,0.02179238233976504
2022-04-20,LT,LT,1709.94995117188,-0.02217981338467477,-0.02193564982277839,-1.2964982498770663
2022-04-21,LT,LT,1702.94995117188,-0.00410208914185794,-0.00409368706680724,-0.274750332914126
2022-04-22,LT,LT,1701,-0.00114569921012211,-0.00114504314735623,-0.10765600102212596
2022-04-25,LT,LT,1675,-0.01540314813669491,-0.0152851263962375,-0.9134830258324896
2022-04-26,LT,LT,1680,0.00298062813813772,0.00298507462686567,0.12556286636196692
2022-04-27,LT,LT,1675,-0.00298062813813778,-0.00297619047619047,-0.2113656707124367
2022-04-28,LT,LT,1690,0.00891536365795232,0.00895522388059701,0.4609924577003787
2022-04-29,LT,LT,1731,0.02397074725909019,0.0242603550295858,1.3119185270950355
2022-05-02,LT,LT,1668.59997558594,-0.03671433933969872,-0.03604854096710572,-2.117985590823225
2022-05-04,LT,LT,1679.5,0.00651119321583677,0.00653243711707018,0.32510941687838435
2022-05-05,LT,LT,1650.69995117188,-0.01729671927910332,-0.01714798977559988,-1.0205071370751255
2022-05-06,LT,LT,1616,-0.02124545069220342,-0.02102135590859229,-1.243688331886431
2022-05-09,LT,LT,1607.55004882812,-0.00524264887967881,-0.00522893018061881,-0.3392144502243198
2022-05-10,LT,LT,1611,0.00214379297561262,0.00214609254274538,0.07826517708057935
2022-05-11,LT,LT,1600.5,-0.00653902376705665,-0.00651769087523277,-0.41248519619820434
2022-05-12,LT,LT,1550,-0.03206114949662547,-0.03155263980006248,-1.8549886026219944
2022-05-13,LT,LT,1530,-0.01298719552681119,-0.01290322580645161,-0.7769340601842979
2022-05-16,LT,LT,1550,0.01298719552681111,0.0130718954248366,0.6911312558338276
2022-05-17,LT,LT,1545,-0.00323102058144642,-0.0032258064516129,-0.22551778156098623
2022-05-18,LT,LT,1623,0.04925237818274543,0.05048543689320388,2.7408292343669816
2022-05-19,LT,LT,1550,-0.04602135760129896,-0.04497843499691929,-2.6440156593316906
2022-05-20,LT,LT,1569.40002441406,0.01243846533638213,0.01251614478326451,0.6601171789779829
2022-05-23,LT,LT,1629,0.03727293335237057,0.03797628052681585,2.063754363802368
2022-05-24,LT,LT,1644.80004882812,0.00965249634515747,0.00969923193868631,0.5026549909684377
2022-05-25,LT,LT,1633,-0.0072000119767374,-0.00717415398700118,-0.4498440648979925
2022-05-26,LT,LT,1575,-0.03616354171073169,-0.03551745254133497,-2.086854662919575
2022-05-27,LT,LT,1575.19995117188,1.269450671372148e-4,1.26953125003176e-4,-0.035726502493504
2022-05-30,LT,LT,1620,0.02804393189955909,0.02844086478976254,1.5421337835014506
2022-05-31,LT,LT,1660.5,0.02469261259037141,0.025,1.352718153677315
2022-06-01,LT,LT,1653.55004882812,-0.0041942404356639,-0.00418545689363444,-0.27995869826072595
2022-06-02,LT,LT,1632,-0.01311826485708511,-0.0130325954411798,-0.7843420620647517
2022-06-03,LT,LT,1657.94995117188,0.01577561345012115,0.01590070537492647,0.8487318567997505
2022-06-06,LT,LT,1652.15002441406,-0.00350438520661083,-0.00349825201521944,-0.2409682737015597
2022-06-07,LT,LT,1630,-0.01349746996675466,-0.01340678757179788,-0.8057746287806928
2022-06-08,LT,LT,1595,-0.02170627858186306,-0.02147239263803681,-1.2697341952934496
2022-06-09,LT,LT,1556.19995117188,-0.02462681541262251,-0.0243260494220188,-1.4348021199481655
2022-06-10,LT,LT,1570,0.00882869853603135,0.00886778644204944,0.456094169253962
2022-06-13,LT,LT,1560.15002441406,-0.00629363322656827,-0.00627386979996178,-0.39861579149777365
2022-06-14,LT,LT,1532.05004882812,-0.01817524640100834,-0.01801107274699009,-1.070161244237346
2022-06-15,LT,LT,1547.94995117188,0.01032470362791283,0.01037818728958756,0.5406479585398684
2022-06-16,LT,LT,1568.40002441406,0.01312456364170687,0.01321106876013543,0.6988952632590233
2022-06-17,LT,LT,1522,-0.03003074756276566,-0.02958430482771423,-1.7402308533249216
2022-06-20,LT,LT,1490,-0.02124913948212627,-0.02102496714848883,-1.2438968212609316
2022-06-21,LT,LT,1480,-0.00673403218134406,-0.00671140939597315,-0.42350701722014994
2022-06-22,LT,LT,1490,0.00673403218134411,0.00675675675675675,0.337704212869687
2022-06-23,LT,LT,1481.5,-0.00572103192588484,-0.00570469798657718,-0.36625252616828785
2022-06-24,LT,LT,1501.75,0.01357600671665081,0.01366857914276071,0.7244106995637117
2022-06-27,LT,LT,1524,0.01470736251632084,0.01481604794406525,0.7883546128644201
2022-06-28,LT,LT,1530,0.00392927813988955,0.00393700787401574,0.17918029907626293
2022-06-29,LT,LT,1531.25,8.166599065559652e-4,8.169934640522876e-4,0.00325598728280481
2022-06-30,LT,LT,1549.05004882812,0.01155747601381741,0.0116245216836702,0.6103239089232766
2022-07-01,LT,LT,1560.94995117188,0.00765270766503441,0.00768206447090748,0.3896274942085124
2022-07-04,LT,LT,1572.09997558594,0.00711771069599438,0.00714310180521107,0.3593896151837039
2022-07-05,LT,LT,1584,0.0075410037064876,0.00756950868193018,0.38331401772061463
2022-07-06,LT,LT,1565.55004882812,-0.01171606225108554,-0.01164769644689394,-0.705089963039657
2022-07-07,LT,LT,1565.90002441406,2.235230191837131e-4,2.2354800231520704e-4,-0.03026794366150576
2022-07-08,LT,LT,1621,0.03458248859320686,0.03518741600796495,1.9116911786660156
2022-07-11,LT,LT,1684.94995117188,0.03869261804103886,0.03945092607765577,2.143994545249288
2022-07-12,LT,LT,1655,-0.01793485196555164,-0.01777497969660752,-1.056574217995646
2022-07-13,LT,LT,1664,0.00542333356999073,0.00543806646525679,0.26362389402376424
2022-07-14,LT,LT,1651.84997558594,-0.00732848523401787,-0.00730169736421874,-0.45710533745910725
2022-07-15,LT,LT,1653.90002441406,0.00124029287812073,0.00124106235942692,0.0271996043243754
2022-07-18,LT,LT,1696.05004882812,0.02516589681342311,0.02548523114569323,1.3794680455629955
2022-07-19,LT,LT,1719.94995117188,0.01399314538957564,0.01409150771244843,0.7479872606629322
2022-07-20,LT,LT,1740.34997558594,0.01179103614952621,0.01186082443861842,0.6235246624551196
2022-07-21,LT,LT,1726.90002441406,-0.00775832064965086,-0.00772830256015126,-0.4813995149042806
2022-07-22,LT,LT,1765.5,0.02210602864031027,0.02235217733524384,1.2065251524163916
2022-07-25,LT,LT,1765,-2.8324600104396745e-4,-2.832058906825262e-4,-0.05891038691620506
2022-07-26,LT,LT,1780.75,0.00888393349106598,0.00892351274787535,0.4592160334605476
2022-07-27,LT,LT,1754,-0.01513572992633484,-0.0150217604941738,-0.8983686233931489
2022-07-28,LT,LT,1805,0.0286616978348529,0.0290763968072976,1.5770497413443143
2022-07-29,LT,LT,1814.94995117188,0.00549730043985768,0.00551243832237119,0.26780448081642166
2022-08-01,LT,LT,1808,-0.00383663025471709,-0.00382927979220173,-0.2597466708750153
2022-08-02,LT,LT,1809,5.529444431732314e-4,5.530973451327434e-4,-0.01164913693321982
2022-08-03,LT,LT,1793.05004882812,-0.0088560987228923,-0.00881699898943062,-0.5434456245006103
2022-08-04,LT,LT,1793.80004882812,4.181942319922504e-4,4.1828168739080986e-4,-0.01926518117281436
2022-08-05,LT,LT,1782.94995117188,-0.00606703344538752,-0.00604866616172092,-0.3858084352566979
2022-08-08,LT,LT,1796.40002441406,0.00751540734512288,0.0075437188987496,0.38186731853686
2022-08-10,LT,LT,1830,0.01853129103133587,0.01870406097155307,1.004481982789552
2022-08-11,LT,LT,1870.05004882812,0.02164922773422276,0.02188527258367213,1.1807068929943212
2022-08-12,LT,LT,1865,-0.00270414149177334,-0.00270048859456175,-0.19573872280702265
2022-08-16,LT,LT,1860,-0.00268456537066898,-0.00268096514745308,-0.1946322859186217
2022-08-17,LT,LT,1861.44995117188,7.792399544660961e-4,7.795436407957001e-4,0.00114102205891227
2022-08-18,LT,LT,1857,-0.00239344530900709,-0.00239058330259082,-0.17817826147429203
2022-08-19,LT,LT,1894.09997558594,0.01978149642045931,0.01997844673448573,1.0751432416380091
2022-08-22,LT,LT,1937.09997558594,0.02244821792395865,0.02270207515667062,1.2258655950007893
2022-08-23,LT,LT,1870,-0.03525356584849144,-0.03463939725962951,-2.035423081751389
2022-08-24,LT,LT,1876,0.00320341971753764,0.00320855614973262,0.1381549841037345
2022-08-25,LT,LT,1900,0.01271203558836194,0.01279317697228145,0.6755792930886386
2022-08-26,LT,LT,1890.19995117188,-0.00517126842582697,-0.00515792043585263,-0.33518004694128634
2022-08-29,LT,LT,1870,-0.01074418688007248,-0.01068667426393514,-0.6501598389520111
2022-08-30,LT,LT,1893.90002441406,0.01269977708394914,0.01278076171874866,0.6748864458485422
2022-09-01,LT,LT,1905,0.00584380062822001,0.00586090894073151,0.2873885745292766
2022-09-02,LT,LT,1900.5,-0.00236499913149785,-0.00236220472440944,-0.17657049147928433
2022-09-05,LT,LT,1947.94995117188,0.02466050302622175,0.02496708822514075,1.3509033300942228
2022-09-06,LT,LT,1973.80004882812,0.01318313102051068,0.01327041161436856,0.7022054751247977
2022-09-07,LT,LT,1941.09997558594,-0.01670583337642591,-0.01656706476504274,-0.9871104311560548
2022-09-08,LT,LT,1967.90002441406,0.01371218661958253,0.01380662983112456,0.732107549581102
2022-09-09,LT,LT,1977.34997558594,0.0047905553485576,0.0048020484042088,0.22785944596799124
2022-09-12,LT,LT,1949.75,-0.0140563928571428,-0.01395806302713884,-0.8373647941868232
2022-09-13,LT,LT,1968.90002441406,0.00977386433702698,0.00982178454369021,0.509514675916222
2022-09-14,LT,LT,1964.65002441406,-0.00216089873067277,-0.00215856566981596,-0.16503479392171186
2022-09-15,LT,LT,1959.09997558594,-0.00282895318485046,-0.00282495546746309,-0.20279304478368623
2022-09-16,LT,LT,1947,-0.00619544525991138,-0.00617629306147128,-0.3930662350903978
2022-09-19,LT,LT,1921.09997558594,-0.01339180044617814,-0.01330252923166923,-0.7998022170387432
2022-09-20,LT,LT,1931,0.00514007750249286,0.00515331036378805,0.2476143403296333
2022-09-21,LT,LT,1921.09997558594,-0.0051400775024929,-0.00512688990888658,-0.3334171446801016
2022-09-22,LT,LT,1882,-0.02056288478069651,-0.02035291035492019,-1.2051098975157877
2022-09-23,LT,LT,1890,0.00424178790836312,0.00425079702444208,0.1968432637658208
2022-09-26,LT,LT,1849,-0.02193187666656317,-0.02169312169312169,-1.2824849359296644
2022-09-27,LT,LT,1856,0.00377868195902096,0.00378583017847485,0.1706686450628327
2022-09-28,LT,LT,1829.69995117188,-0.01427164206203356,-0.01417028492894396,-0.8495306190313108
2022-09-29,LT,LT,1844.65002441406,0.00813757853287887,0.00817077862007091,0.4170322600165173
2022-09-30,LT,LT,1823.94995117188,-0.01128511860967666,-0.01122168051837108,-0.6807331489836562
2022-10-03,LT,LT,1852,0.01526168399881004,0.01537873822146159,0.8196847079833456
2022-10-04,LT,LT,1835.30004882812,-0.00905815373671853,-0.00901725225263499,-0.5548657173572038
2022-10-06,LT,LT,1882,0.02512705867591882,0.0254454039826888,1.377272924896217
2022-10-07,LT,LT,1905,0.01214696741547643,0.01222104144527098,0.6436417980348995
2022-10-10,LT,LT,1905,0,0,-0.04290140217523293
2022-10-11,LT,LT,1923.80004882812,0.00982041353879264,0.00986879203575853,0.5121456237778836
2022-10-12,LT,LT,1880,-0.02303064527559913,-0.02276746424598582,-1.3445870303319978
2022-10-13,LT,LT,1901,0.01110828666443424,0.01117021276595744,0.5849358525568034
2022-10-14,LT,LT,1900,-5.261773338973785e-4,-5.260389268805891e-4,-0.07264079788907025
2022-10-17,LT,LT,1902.90002441406,0.00152516498335209,0.00152632863897894,0.04330049601911655
2022-10-18,LT,LT,1893.09997558594,-0.00516336701835892,-0.00515005975216045,-0.33473346160161016
2022-10-19,LT,LT,1920,0.01410950190230233,0.0142095107289482,0.7545636982115249
2022-10-20,LT,LT,1898.65002441406,-0.01118206586789898,-0.01111977895101041,-0.6749086368473736
2022-10-21,LT,LT,1913.69995117188,0.007895395247057,0.00792664607183967,0.403344128452609
2022-10-24,LT,LT,1906,-0.00403171018683783,-0.004023593754687,-0.27077253406489304
2022-10-25,LT,LT,1915,0.0047108174005989,0.00472193074501574,0.2233526794560461
2022-10-27,LT,LT,1952.09997558594,0.0191880810477394,0.0193733553973577,1.0416035707797553
2022-10-28,LT,LT,1972,0.01014255250009496,0.01019416252391829,0.530352827752357
2022-10-31,LT,LT,1986,0.00707430944253719,0.00709939148073022,0.356936588479799
2022-11-01,LT,LT,2032,0.0228979640932546,0.02316213494461228,1.2512851226729624
2022-11-02,LT,LT,2036.5,0.0022121183900947,0.00221456692913385,0.08212691039308012
2022-11-03,LT,LT,2006,-0.01508995856658645,-0.01497667566904002,-0.8957816389447018
2022-11-04,LT,LT,2010,0.00199203253124057,0.00199401794616151,0.06968771921963618
2022-11-07,LT,LT,2021.40002441406,0.00565563066523833,0.00567165393734328,0.27675326086207536
2022-11-09,LT,LT,2025.05004882812,0.00180406298753414,0.00180569128820408,0.05906373319380469
2022-11-10,LT,LT,1995,-0.01495036538192999,-0.0148391635285803,-0.8878918711990941
2022-11-11,LT,LT,2003.59997558594,0.00430149997440097,0.00431076470473183,0.20021817303383693
2022-11-14,LT,LT,2013.05004882812,0.00470545883817438,0.00471654689425536,0.2230498150068692
2022-11-15,LT,LT,2003,-0.00500495247072095,-0.00499244856528557,-0.3257799156855618
2022-11-16,LT,LT,1986,-0.0085234910607003209,-0.00848726909635546,-0.5246467324804709
2022-11-17,LT,LT,2002,0.008024115270048,0.0080563947633434,0.41061934814264966
2022-11-18,LT,LT,2039,0.01831281069928937,0.01848151848151848,0.9921335355421292
2022-11-21,LT,LT,2019,-0.0098571522616177,-0.00980872976949485,-0.6000248904647689
2022-11-22,LT,LT,2021.55004882812,0.00126222872424286,0.00126302567019316,0.02843941221064783
2022-11-23,LT,LT,2038.94995117188,0.00857037746460683,0.00860720829239257,0.441493934562335
2022-11-24,LT,LT,2030.5,-0.00415287737533483,-0.00414426610472877,-0.2776208696622379
2022-11-25,LT,LT,2061,0.01490923376410664,0.01502093080522038,0.7997643193158179
2022-11-28,LT,LT,2064.35009765625,0.00162415228447177,0.00162547193413391,0.04889523058671585
2022-11-29,LT,LT,2070,0.00273315308448409,0.0027368915525349,0.11157564556057888
2022-11-30,LT,LT,2053,-0.0082464692404812,-0.00821256038647343,-0.5089895366985049
2022-12-01,LT,LT,2085.25,0.01558661410278753,0.01570871894788115,0.8380496665609977
2022-12-02,LT,LT,2096.10009765625,0.00518976969429199,0.00520325987591415,0.2504229291087361
2022-12-05,LT,LT,2095.94995117188,-7.163391786138379e-5,-7.163135221351488e-5,-0.04695013117317889
2022-12-06,LT,LT,2081,-0.00715834050451741,-0.00713278061030094,-0.44748880494570814
2022-12-07,LT,LT,2096.30004882812,0.00732536186872702,0.00735225796641998,0.3711260013761639
2022-12-08,LT,LT,2120,0.01124217940369679,0.01130561017976831,0.592503432723446
2022-12-09,LT,LT,2168,0.02238899489347868,0.02264150943396226,1.2225183258856969
2022-12-12,LT,LT,2148.89990234375,-0.00884904571578508,-0.00881000814402675,-0.5430469905119879
2022-12-13,LT,LT,2170,0.00977112969075356,0.00981902304208617,0.5093601144738653
2022-12-14,LT,LT,2176.94995117188,0.00319762462037504,0.00320274247552073,0.1378274468332821
2022-12-15,LT,LT,2196.69995117188,0.00903141983731769,0.00907232616412165,0.4675519204914078
2022-12-16,LT,LT,2161,-0.01638513448531191,-0.01625162833587493,-0.9689846195457656
2022-12-19,LT,LT,2171,0.00461681337140596,0.00462748727440999,0.2180395980236763
2022-12-20,LT,LT,2179.89990234375,0.00409106849457678,0.00409944833889912,0.188324644662354
2022-12-21,LT,LT,2153.10009765625,-0.01237024991261925,-0.01229405288687146,-0.7420644666606272
2022-12-22,LT,LT,2144,-0.00423546626955665,-0.00422650933236029,-0.2822887708594224
2022-12-23,LT,LT,2094.5,-0.02335838180360306,-0.02308768656716418,-1.3631106072105277
2022-12-26,LT,LT,2052.75,-0.02013450379819139,-0.01993315827166388,-1.1808979242241238
2022-12-27,LT,LT,2101.55004882812,0.02349483333671764,0.02377301124253806,1.285020005339398
2022-12-28,LT,LT,2129,0.0129771949678637,0.01306176419028746,0.6905660270397751
2022-12-29,LT,LT,2109.64990234375,-0.00913037524995518,-0.00908881994187412,-0.5589476570813803
2022-12-30,LT,LT,2115,0.0025328018368541,0.00253601208916523,0.10025184909276788
2023-01-02,LT,LT,2092.89990234375,-0.01050419514518127,-0.01044921875,-0.6365955732336173
2023-01-03,LT,LT,2088,-0.00234394733266774,-0.00234120243317074,-0.1753806496986442
2023-01-04,LT,LT,2090.94995117188,0.00141181478425924,0.0014128118639272,0.03689397447609253
2023-01-05,LT,LT,2080,-0.005250591091425,-0.00523683083171984,-0.3396633418103815
2023-01-06,LT,LT,2090.19995117188,0.00489183810453806,0.00490382267878846,0.2335839190021684
2023-01-09,LT,LT,2108,0.00847989886135129,0.00851595504924795,0.4363801092177099
2023-01-10,LT,LT,2131.89990234375,0.01127392440209852,0.01133771458432163,0.5942976511524525
2023-01-11,LT,LT,2106.10009765625,-0.01217561274762767,-0.01210178989132483,-0.7310636285450255
2023-01-12,LT,LT,2118.10009765625,0.00568156418981777,0.00569773488608355,0.27821901641640545
2023-01-13,LT,LT,2161.89990234375,0.02046791298338358,0.02067881717958749,1.1139393137495428
2023-01-16,LT,LT,2147,-0.00691590061014397,-0.00689204080521803,-0.4337861699382506
2023-01-17,LT,LT,2139.89990234375,-0.00331246556257417,-0.00330698540114112,-0.2301210291101039
2023-01-18,LT,LT,2221,0.03719849157822064,0.0378990146069095,2.0595469355524907
2023-01-19,LT,LT,2259.85009765625,0.01734093770138788,0.01749216463586222,0.937203545582085
2023-01-20,LT,LT,2282.44995117188,0.00995092343547966,0.01000059850831208,0.5195220066285072
2023-01-23,LT,LT,2255,-0.01209943309451638,-0.01202652928174234,-0.7267579758624234
2023-01-24,LT,LT,2244.69995117188,-0.00457811273190535,-0.00456764914772505,-0.3016550530560668
2023-01-25,LT,LT,2201,-0.01966005767841164,-0.01946805903794214,-1.1540823622604135
2023-01-27,LT,LT,2174.69995117188,-0.01202110100432744,-0.01194913622358927,-0.7223306680383367
2023-01-30,LT,LT,2129.39990234375,-0.02105049750255271,-0.0208304822942214,-1.2326696321455024
2023-01-31,LT,LT,2119.94995117188,-0.00444772356998749,-0.00443784709554499,-0.294285494100821
2023-02-01,LT,LT,2133,0.00613695902175668,0.00615582873591242,0.3039578049209457
2023-02-02,LT,LT,2135.60009765625,0.00121824388246099,0.00121898624296765,0.02595340125789062
2023-02-03,LT,LT,2176.94995117188,0.01917710880106873,0.01936217064281374,1.0409834224674137
2023-02-06,LT,LT,2164.25,-0.00585091105899707,-0.00583382781264376,-0.37359325843811986
2023-02-07,LT,LT,2162.25,-9.245349092619045e-4,-9.241076585422202e-4,-0.095155856608192
2023-02-08,LT,LT,2160.55004882812,-7.865046915468105e-4,-7.861954778032152e-4,-0.08735442731687083
2023-02-09,LT,LT,2150,-0.00489499937336594,-0.00488303838823004,-0.3195653973824217
2023-02-10,LT,LT,2140.19995117188,-0.00456858234355418,-0.0045581622456372,-0.30111639817258373
2023-02-13,LT,LT,2173,0.01520944147827533,0.01532569366248238,0.8167319753375619
2023-02-14,LT,LT,2215,0.01914370222280635,0.01932811780947998,1.0390952920095102
2023-02-15,LT,LT,2186,-0.01317901374275219,-0.01309255079006772,-0.7877755720881617
2023-02-16,LT,LT,2186.80004882812,3.6592061293145824e-4,3.659875700457446e-4,-0.02221967149859202
2023-02-17,LT,LT,2169.80004882812,-0.00780429045755353,-0.00777391605104001,-0.4839977155868918
2023-02-20,LT,LT,2233.69995117188,0.0290243615879007,0.02944967319835368,1.597547395211437
2023-02-21,LT,LT,2239,0.00236995611899241,0.00237276668486266,0.09104785467529442
2023-02-22,LT,LT,2229,-0.00447628321288597,-0.00446627958910227,-0.29589967712788656
2023-02-23,LT,LT,2204,-0.01127916311306371,-0.01121579183490354,-0.6803965459811421
2023-02-24,LT,LT,2160,-0.02016566959459441,-0.01996370235934664,-1.1826594063181946
2023-02-27,LT,LT,2134.05004882812,-0.01208661603243047,-0.01201386628327778,-0.7260335590988992
2023-02-28,LT,LT,2115,-0.00896679316540189,-0.00892671136676528,-0.5497020434244957
2023-03-01,LT,LT,2100,-0.00711746776886398,-0.00709219858156028,-0.4451786893607189
2023-03-02,LT,LT,2129.94995117188,0.01416113761349135,0.01426188151041904,0.7574821341628449
2023-03-03,LT,LT,2140,0.00470734669089136,0.00471844365290862,0.22315651591430655
2023-03-06,LT,LT,2158.25,0.00849187909973484,0.00852803738317757,0.43705722893967774
2023-03-08,LT,LT,2152,-0.00290006583395701,-0.00289586470520097,-0.2068123118174336
2023-03-09,LT,LT,2174.94995117188,0.01060801102089595,0.0106644754516171,0.5566604131360674
2023-03-10,LT,LT,2171.5,-0.00158748032769437,-0.00158622094730094,-0.1326253461990986
2023-03-13,LT,LT,2164.05004882812,-0.00343668435168088,-0.00343078571120423,-0.23714184032022464
2023-03-14,LT,LT,2144.35009765625,-0.00914496694587988,-0.00910327891101129,-0.5597723756530194
2023-03-15,LT,LT,2164.19995117188,0.00921423389849116,0.00925681563720665,0.47788452008672194
2023-03-16,LT,LT,2184.89990234375,0.00951926062018973,0.00956471289108998,0.4951245450659379
2023-03-17,LT,LT,2186.69995117188,8.235195306874291e-4,8.238587159984232e-4,0.00364369131973617
2023-03-20,LT,LT,2191.10009765625,0.00201020965645795,0.00201223148242716,0.07071508525187378
2023-03-21,LT,LT,2182.69995117188,-0.00384112520862407,-0.00383375752360897,-0.26000072441237526
2023-03-22,LT,LT,2219.5,0.016719325099572,0.01685987522396848,0.90207017522349775
2023-03-23,LT,LT,2214,-0.00248111100550774,-0.00247803559360216,-0.1831331021160409
2023-03-24,LT,LT,2206,-0.00361991345513435,-0.003613369467028,-0.247497897989096
2023-03-27,LT,LT,2175.05004882812,-0.01412924559995381,-0.01402989627011786,-0.8414824108299556
2023-03-28,LT,LT,2167.75,-0.00336191195622415,-0.00335626705787903,-0.23291572544657835
2023-03-29,LT,LT,2137.64990234375,-0.0139827141538686,-0.01388541005939338,-0.8332004944893732
2023-03-31,LT,LT,2156.5,0.00877948798449658,0.00881814072340961,0.4533128026478625
2023-04-03,LT,LT,2180,0.01083833969523694,0.01089728727104103,0.5696785253754021
2023-04-05,LT,LT,2170,-0.00459770924862943,-0.00458715596330275,-0.30276264269918846
2023-04-06,LT,LT,2257.75,0.03964157459640296,0.04043778801843318,2.197629304287991
2023-04-10,LT,LT,2284.89990234375,0.0119534748237542,0.01202520311980954,0.6327056508802871
2023-04-11,LT,LT,2320,0.01524496870569341,0.01536176601007591,0.8187399642924943
2023-04-12,LT,LT,2304,-0.00692044284457379,-0.00689655172413793,-0.4340428957575347
2023-04-13,LT,LT,2294.80004882812,-0.00400102781034259,-0.00399303436279514,-0.26903837472877296
2023-04-17,LT,LT,2258.75,-0.01583415209900112,-0.01570945095914983,-0.9378432492087324
2023-04-18,LT,LT,2220,-0.01730436704011309,-0.01715550636413946,-1.0209393863879377
2023-04-19,LT,LT,2208.10009765625,-0.00537473441345119,-0.00536031637105855,-0.346679887642223
2023-04-20,LT,LT,2225,0.00762445414746664,0.00765359431018915,0.38803061329949967
2023-04-21,LT,LT,2240.14990234375,0.00678586869882963,0.0068089448735955,0.34063399833670926
2023-04-24,LT,LT,2220,-0.00903558843284509,-0.00899489017349608,-0.553590332694918
2023-04-25,LT,LT,2231.05004882812,0.00496515267546182,0.00497749947212612,0.23772763804103733
2023-04-26,LT,LT,2247.85009765625,0.00750189871116025,0.00753010845137893,0.38110381432433055
2023-04-27,LT,LT,2275.75,0.012335421132451,0.01241181623847613,0.6542931493983986
2023-04-28,LT,LT,2312.30004882812,0.01593305289121248,0.01606066080550148,0.8576302899665683
2023-05-02,LT,LT,2373.19995117188,0.02599651353307523,0.02633737017590958,1.426414270192811
2023-05-03,LT,LT,2384.10009765625,0.00458250076603049,0.00459301647928466,0.21610025916680187
2023-05-04,LT,LT,2361.80004882812,-0.00939767473442249,-0.00935365459279693,-0.5740553491664756
2023-05-05,LT,LT,2357,-0.00203443690516289,-0.00203236884108868,-0.157887206921573
2023-05-08,LT,LT,2377.44995117188,0.00863884023003176,0.00867626269490029,0.4453634309117024
2023-05-09,LT,LT,2367.64990234375,-0.00413060338648377,-0.00412208417817561,-0.2763619500435216
2023-05-10,LT,LT,2387,0.00813948655915109,0.00817270223823852,0.4171401011276528
2023-05-11,LT,LT,2300,-0.03712822442158902,-0.03644742354419773,-2.1413782598673654
2023-05-12,LT,LT,2222.64990234375,-0.03420898917993562,-0.03363047724184782,-1.9763839006648043
2023-05-15,LT,LT,2220.89990234375,-7.876585916196397e-4,-7.873484700197958e-4,-0.08741964542618373
2023-05-16,LT,LT,2254.60009765625,0.01506014177896842,0.01517411715716483,0.8082935980993073
2023-05-17,LT,LT,2224.35009765625,-0.01350783493219236,-0.01341701352334994,-0.8063604537276339
2023-05-18,LT,LT,2230,0.00253680346170254,0.00254002387020963,0.10047801980974808
2023-05-19,LT,LT,2192,-0.01718721638625825,-0.01704035874439461,-1.0143180642049423
2023-05-22,LT,LT,2190,-9.12825257359689e-4,-9.124087591240876e-4,-0.09449403035845244
2023-05-23,LT,LT,2225.60009765625,0.01612504223724792,0.01625575235445205,0.8684814740954966
2023-05-24,LT,LT,2200,-0.01156922570138731,-0.01150255954931396,-0.6967908023282197
2023-05-25,LT,LT,2190,-0.00455581653586069,-0.00454545454545454,-0.30039487829298034
2023-05-26,LT,LT,2209,0.00863838060957076,0.00867579908675799,0.44533745329182534
2023-05-29,LT,LT,2225,0.00721699118022339,0.00724309642372114,0.3650009203786247
2023-05-30,LT,LT,2230,0.00224466985382394,0.00224719101123595,0.08396671001678942
2023-05-31,LT,LT,2201.10009765625,-0.01304430569908611,-0.01295959746356502,-0.7801619111447129
2023-06-01,LT,LT,2217,0.00719765086123308,0.00722361620931294,0.3639078109597445
2023-06-02,LT,LT,2221,0.00180261427811587,0.0018042399639152,0.05898185254276043
2023-06-05,LT,LT,2245,0.01074797628192729,0.01080594326879783,0.5645712105342946
2023-06-06,LT,LT,2269,0.01063368460348704,0.01069042316258351,0.5581114768419342
2023-06-07,LT,LT,2278,0.00395865922728566,0.00396650506831203,0.18084090991653556
2023-06-08,LT,LT,2316.94995117188,0.01695377948926567,0.01709831043541703,0.915321471740398
2023-06-09,LT,LT,2345,0.0120337573839865,0.0121064543556207,0.6372431987255802
2023-06-12,LT,LT,2365,0.00849262004565359,0.00852878464818763,0.4370991069957263
2023-06-13,LT,LT,2345.85009765625,-0.00813017074633319,-0.00809721029334038,-0.5024163783437485
2023-06-14,LT,LT,2352.89990234375,0.00300071720239694,0.00300522386086966,0.1266982946539852
2023-06-15,LT,LT,2355,8.921590684211528e-4,8.92557160701171e-4,0.00752317879054424
2023-06-16,LT,LT,2363.75,0.00370861352214918,0.00371549893842887,0.16670839661247577
2023-06-19,LT,LT,2379,0.00643089033029033,0.0064516129032258,0.3205707202520213
2023-06-20,LT,LT,2364.94995117188,-0.00592337189603701,-0.00590586331572929,-0.3776887246767072
2023-06-21,LT,LT,2382,0.00718361150832484,0.00720947554077047,0.3631143106608778
2023-06-22,LT,LT,2394.60009765625,0.00527577214936039,0.00528971354166666,0.25528376381002604
2023-06-23,LT,LT,2418.94995117188,0.01011729844791038,0.01016865134995308,0.5289254757877025
2023-06-26,LT,LT,2398.10009765625,-0.0086567436543465,-0.00861938193699672,-0.5321781317959567
2023-06-27,LT,LT,2387.44995117188,-0.00445096758295375,-0.0044410767068392,-0.29446884480616176
2023-06-28,LT,LT,2400,0.00524290706082114,0.00525667514913131,0.253426238199792
2023-06-30,LT,LT,2420,0.00829880281469506,0.00833333333333333,0.4261446113222959
2023-07-03,LT,LT,2478.19995117188,0.02376493032860166,0.02404956659995041,1.300285811761084
2023-07-04,LT,LT,2458.19995117188,-0.00810311556181694,-0.00807037381731142,-0.5008872268835743
2023-07-05,LT,LT,2461,0.00113841647353908,0.00113906471553916,0.02144157843733195
2023-07-06,LT,LT,2468.10009765625,0.00288089201931742,0.00288504577661519,0.11992580882741058
2023-07-07,LT,LT,2482.75,0.0059181533730946,0.00593570024070814,0.29159097086941754
2023-07-10,LT,LT,2450,-0.0132787922446953,-0.01319101802436814,-0.7934150251049629
2023-07-11,LT,LT,2447.19995117188,-0.00114353065472704,-0.00114287707270204,-0.1075334348778499
2023-07-12,LT,LT,2480.30004882812,0.0134350463872869,0.01352570215620897,0.716443661181698
2023-07-13,LT,LT,2466,-0.0057821355470429,-0.00576545117389181,-0.3697060857424108
2023-07-14,LT,LT,2450.25,-0.00640734457500032,-0.00638686131386861,-0.40504272510041794
2023-07-17,LT,LT,2475,0.0100503358535015,0.0101010101010101,0.5251407686844903
2023-07-18,LT,LT,2469,-0.00242718565761118,-0.00242424242424242,-0.18008525653853705
2023-07-19,LT,LT,2474.60009765625,0.00226559589814367,0.00226816429981774,0.08514944418768199
2023-07-20,LT,LT,2494,0.00780904099665864,0.00783961107983633,0.3984634103776838
2023-07-21,LT,LT,2522,0.01116439028488313,0.01122694466720128,0.5881068134895938
2023-07-24,LT,LT,2637.64990234375,0.04483609465625729,0.04585642440275575,2.491222124904629
2023-07-25,LT,LT,2616,-0.00824189860403283,-0.00820802727629335,-0.5087312056050785
2023-07-26,LT,LT,2591,-0.00960253201497939,-0.0095565749235474,-0.5856338253547534
2023-07-27,LT,LT,2668.94995117188,0.02964121676396479,0.0300848904561482,1.632411877197422
2023-07-28,LT,LT,2660.14990234375,-0.00330264287360431,-0.00329719514757707,-0.22956585347742337
2023-07-31,LT,LT,2655,-0.0019378207764313,-0.00193594441396427,-0.15242649035401348
2023-08-01,LT,LT,2681.35009765625,0.00987578076265639,0.00992470721516007,0.5152749637816894
2023-08-02,LT,LT,2638,-0.01629938116143576,-0.01616726502598151,-0.9641378656697672
2023-08-03,LT,LT,2615,-0.00875695677823658,-0.00871872630780894,-0.5378421495236153
2023-08-04,LT,LT,2605,-0.00383142231155594,-0.00382409177820267,-0.25945231938446883
2023-08-07,LT,LT,2628,0.00879042541703372,0.00882917466410748,0.4539309832751165
2023-08-08,LT,LT,2639.05004882812,0.00419592179216744,0.00420473699700152,0.19425092370948133
2023-08-09,LT,LT,2635,-0.00153584042120591,-0.0015346616218659499,-0.12970667313062784
2023-08-10,LT,LT,2640.10009765625,0.00193365022499676,0.00193552093216318,0.06638796760317862
2023-08-11,LT,LT,2642.05004882812,7.383172406585502e-4,7.385898639226096e-4,-0.00117191827736621
2023-08-14,LT,LT,2637,-0.00191324208783139,-0.00191141300686561,-0.15103730975023175
2023-08-16,LT,LT,2669,0.01206196305123736,0.01213500189609404,0.638837375148067
2023-08-17,LT,LT,2691.05004882812,0.00822759974776503,0.00826153946351442,0.42212023389845943
2023-08-18,LT,LT,2650,-0.01537183017202128,-0.01525428664769582,-0.9117129432303324
2023-08-21,LT,LT,2641.85009765625,-0.00308017371499426,-0.00307543484669811,-0.21699195886850217
2023-08-22,LT,LT,2668,0.00984966177024066,0.00989832934387504,0.5137987256371367
2023-08-23,LT,LT,2689.55004882812,0.0080447834758671,0.00807722969569715,0.4117875093536177
2023-08-24,LT,LT,2747.5,0.02131749576639496,0.02154633679233064,1.16195749497467
2023-08-25,LT,LT,2677.44995117188,-0.02582657650335779,-0.02549592314035305,-1.5026122811635103
2023-08-28,LT,LT,2653.55004882812,-0.00896644624544415,-0.00892636754360221,-0.549682435605535
2023-08-29,LT,LT,2710,0.02105025034477212,0.02127336968707631,1.1468528585064202
2023-08-30,LT,LT,2722.94995117188,0.00476719859873676,0.0047785797682214,0.22653932900216475
2023-08-31,LT,LT,2720,-0.00108395318244041,-0.00108336591739794,-0.10416613281099994
2023-09-01,LT,LT,2710,-0.0036832454162964,-0.00367647058823529,-0.25107740271686707
2023-09-04,LT,LT,2733,0.00845127205432142,0.0084870848708487,0.4347621300927274
2023-09-05,LT,LT,2720.5,-0.00458422000208798,-0.00457372850347603,-0.30200023425828093
2023-09-06,LT,LT,2740,0.0071422334561358,0.00716780003675794,0.3607756347266582
2023-09-07,LT,LT,2733,-0.00255801345404794,-0.00255474452554744,-0.18747960699408295
2023-09-08,LT,LT,2888,0.0551643140846488,0.05671423344310281,3.07497019767924
2023-09-11,LT,LT,2905,0.00586916927329478,0.00588642659279778,0.28882240325202746
2023-09-12,LT,LT,2951.60009765625,0.015914038984068,0.01604134170611015,0.8565556292539007
2023-09-13,LT,LT,2943.5,-0.00274807980176368,-0.00274430728698036,-0.1982221037959399
2023-09-14,LT,LT,2924.89990234375,-0.00633909080886552,-0.00631904116060812,-0.4011850413324616
2023-09-15,LT,LT,2933,0.00276553131800053,0.00276935892738049,0.1134056542611214
2023-09-18,LT,LT,2910,-0.00787270881191284,-0.0078418002045687,-0.48786470183525393
2023-09-20,LT,LT,2926.94995117188,0.0058078273613262,0.00582472548861855,0.2853553755479554
2023-09-21,LT,LT,2885.05004882812,-0.01441866078778312,-0.01431520970387085,-0.8578400762822062
2023-09-22,LT,LT,2908.69995117188,0.00816398142836039,0.00819739759917384,0.4185245442829262
2023-09-25,LT,LT,2917.94995117188,0.00317506901078703,0.00318011488131434,0.13655261008929676
2023-09-26,LT,LT,2915,-0.00101147839363593,-0.00101096702179393,-0.10006987802258362
2023-09-27,LT,LT,2922,0.00239849352605205,0.00240137221269296,0.09266078093896932
2023-09-28,LT,LT,2989,0.02267056997329311,0.02292950034223135,1.2384328706262158
2023-09-29,LT,LT,3040,0.01691863211632954,0.01706256273001004,0.9133349520545212
2023-10-03,LT,LT,3040.5,1.644601598970853e-4,1.644736842105263e-4,-0.03360615994555856
2023-10-04,LT,LT,3064.10009765625,0.00773194471456127,0.00776191338801184,0.39410595008121585
2023-10-05,LT,LT,3032.55004882812,-0.01035005444493998,-0.01029667694350548,-0.6278835839768211
2023-10-06,LT,LT,3114.94995117188,0.0268092192231666,0.02717181943150521,1.4723481684424615
2023-10-09,LT,LT,3075,-0.01290818381233417,-0.01282523051673763,-0.7724683401855739
2023-10-10,LT,LT,3073.85009765625,-3.7402191918567066e-4,-3.739519817073171e-4,-0.06404101641502252
2023-10-11,LT,LT,3090,0.00524021157035858,0.00525396549300305,0.2532738898329111
2023-10-12,LT,LT,3094,0.00129366124122026,0.00129449838187702,0.03021596927696833
2023-10-13,LT,LT,3067.75,-0.00852035827635421,-0.0084841628959276,-0.5244696683856247
2023-10-16,LT,LT,3098.94995117188,0.01011893480773895,0.01017030435070654,0.5290179623874424
2023-10-17,LT,LT,3109.89990234375,0.00352721124935229,0.00353343917920624,0.15645559090125868
2023-10-18,LT,LT,3068.64990234375,-0.01335284628376392,-0.01326409250950883,-0.7976005386765136
2023-10-19,LT,LT,3025.60009765625,-0.01412824244913597,-0.01402890719290582,-0.8414257130263625
2023-10-20,LT,LT,3039.94995117188,0.00473160065359264,0.00474281235208379,0.22452734310114011
2023-10-23,LT,LT,3003,-0.01222926285111067,-0.01215478931080297,-0.7340959173852749
2023-10-25,LT,LT,2959,-0.01476041558312057,-0.01465201465201465,-0.877155961708818
2023-10-26,LT,LT,2906,-0.01807380826998144,-0.01791145657316661,-1.06442798944901
2023-10-27,LT,LT,2864.64990234375,-0.01433142058300541,-0.01422921460985891,-0.8529092843136064
2023-10-30,LT,LT,2899.19995117188,0.01198867545950847,0.01206082767735856,0.6346951809657448
2023-10-31,LT,LT,2929.94995117188,0.01055052134718721,0.01060637435081723,0.5534111128607779
2023-11-01,LT,LT,2947.44995117188,0.00595503181908606,0.00597279827015495,0.29367533032011456
2023-11-02,LT,LT,2935,-0.00423291991080775,-0.00422397373259213,-0.28214485137527845
2023-11-03,LT,LT,2934,-3.4077355926975247e-4,-3.4071550255536625e-4,-0.0621618284137993
2023-11-06,LT,LT,2933,-3.408897254760005e-4,-3.4083162917518747e-4,-0.06216839409527896
2023-11-07,LT,LT,2970,0.01253616281929426,0.01261506989430617,0.6656390133813179
2023-11-08,LT,LT,2974.69995117188,0.00158122434765312,0.00158247514204713,0.04646895560681077
2023-11-09,LT,LT,3003,0.00946861183893189,0.0095135809636771,0.4922618901182351
2023-11-10,LT,LT,3021.05004882812,0.0059926802400004,0.00601067227043623,0.29580320853805175
2023-11-13,LT,LT,3050,0.00953712137812659,0.00958274464307859,0.4961340301079847
2023-11-15,LT,LT,3062.35009765625,0.00404103634946544,0.00404921234631147,0.18549684181714696
2023-11-16,LT,LT,3057.94995117188,-0.00143788611910529,-0.00143685285615698,-0.1241703233786045
2023-11-17,LT,LT,3050,-0.00260315023036026,-0.00259976497288106,-0.19003072496424803
2023-11-20,LT,LT,3095.10009765625,0.01467865672487053,0.01478691726434426,0.7867321695620901
2023-11-21,LT,LT,3088.5,-0.00213471119037408,-0.00213243431488625,-0.16355468146999125
2023-11-22,LT,LT,3074.85009765625,-0.00442938481326836,-0.00441958955601424,-0.29324899270132065
2023-11-23,LT,LT,3080,0.00167344564493463,0.00167484663648332,0.05168127753026547
2023-11-24,LT,LT,3050,-0.00978800636616282,-0.00974025974025974,-0.5961167837972144
2023-11-28,LT,LT,3054,0.00131061617712037,0.00131147540983606,0.03117425751090117
2023-11-29,LT,LT,3050,-0.00131061617712042,-0.00130975769482645,-0.11697706186136954
2023-11-30,LT,LT,3076.30004882812,0.00858600139953893,0.0086229668288918,0.44237699499390376
2023-12-01,LT,LT,3129.94995117188,0.01728942236442762,0.01743974953424888,0.9342919131484996
2023-12-04,LT,LT,3285,0.04834963755328698,0.04953754892153082,2.6898065865315663
2023-12-05,LT,LT,3319.05004882812,0.0103119601778133,0.01036531166761643,0.5399277023052217
2023-12-06,LT,LT,3330,0.00329369187796527,0.00329912204118349,0.14325714135747852
2023-12-07,LT,LT,3392.30004882812,0.01853586781645335,0.0187087233718078,1.0047406614040368
2023-12-08,LT,LT,3377,-0.00452043040537518,-0.00451022863776612,-0.29839486409720506
2023-12-11,LT,LT,3377.94995117188,2.812607598899312e-4,2.813003174059823e-4,-0.02700462270891596
2023-12-12,LT,LT,3375,-8.736778388273599e-4,-8.732962934683517e-4,-0.09228142921449056
2023-12-13,LT,LT,3352.94995117188,-0.00655478353340867,-0.00653334780092444,-0.4133759337836283
2023-12-14,LT,LT,3425.94995117188,0.02153825047287136,0.02177187284721801,1.1744344892286147
2023-12-15,LT,LT,3435.14990234375,0.00268177315067689,0.00268537232095964,0.10867166607532616
2023-12-18,LT,LT,3496,0.0175588933786563,0.01771395699929511,0.9495223394882228
2023-12-19,LT,LT,3488.94995117188,-0.00201864044021185,-0.00201660435586956,-0.15699439514159924
2023-12-20,LT,LT,3505,0.0045897031334762,0.00460025195337899,0.21650733495997176
2023-12-21,LT,LT,3390.05004882812,-0.03334583553706422,-0.03279599177514408,-1.927598698236835
2023-12-22,LT,LT,3424,0.00996477333000649,0.01001458700694283,0.5203047987926575
2023-12-26,LT,LT,3477.94995117188,0.01563356743171367,0.01575641097309579,0.8407034555767152
2023-12-27,LT,LT,3510,0.00917301176656516,0.00921521277709038,0.4755546567221504
2023-12-28,LT,LT,3545,0.00992212250631627,0.00997150997150997,0.5178941861692484
2023-12-29,LT,LT,3531,-0.0039570430378415,-0.00394922425952045,-0.2665523676917461
2024-01-01,LT,LT,3538,0.00198047879134424,0.00198244123477768,0.06903470507285292
2024-01-02,LT,LT,3525.05004882812,-0.00366696132504364,-0.00366024623286602,-0.2501570304347334
2024-01-03,LT,LT,3433,-0.02646011993699488,-0.02611311826869563,-1.5384199787989832
2024-01-04,LT,LT,3441.05004882812,0.0023421570838009,0.00234490207635304,0.08947666098304671
2024-01-05,LT,LT,3464.94995117188,0.00692151687195409,0.00694552593092894,0.3483007951341446
2024-01-08,LT,LT,3540,0.02142853871437308,0.02165977860740451,1.1682336113301428
2024-01-09,LT,LT,3527.44995117188,-0.00355151068807267,-0.00354521153336723,-0.2436317927304353
2024-01-10,LT,LT,3549.94995117188,0.00635828866889045,0.00637854549644995,0.31646729466000567
2024-01-11,LT,LT,3545.5,-0.00125431136458646,-0.00125352504488437,-0.11379472960821456
2024-01-12,LT,LT,3505.05004882812,-0.01147439411108323,-0.01140881432009025,-0.6914309473733583
2024-01-15,LT,LT,3576.10009765625,0.02006804878329274,0.0202707658488029,1.091339101022368
2024-01-16,LT,LT,3548,-0.00788878398679086,-0.00785774919294529,-0.48877326622233175
2024-01-17,LT,LT,3555,0.00197099880787119,0.00197294250281848,0.06849889905898018
2024-01-18,LT,LT,3570.80004882812,0.00443461074214597,0.00444445817949929,0.2077415563890641
2024-01-19,LT,LT,3603,0.00897715776860615,0.00901757329773968,0.4644850435476382
2024-01-23,LT,LT,3637.60009765625,0.00955731860904818,0.00960313562482653,0.4972755719495
2024-01-24,LT,LT,3570,-0.01875855458345672,-0.01858370789571002,-1.1031296595289386
2024-01-25,LT,LT,3599.89990234375,0.00834044437943928,0.00837532278536414,0.4284981809124169
2024-01-29,LT,LT,3604,0.00113829957510448,0.00113894768395659,0.02143497137051037
2024-01-30,LT,LT,3715.94995117188,0.0305900126465222,0.03106269455379578,1.686037555054039
2024-01-31,LT,LT,3520,-0.05417336278260805,-0.05273212872796747,-3.1047647116568635
2024-02-01,LT,LT,3480,-0.01142869582362274,-0.01136363636363636,-0.6888480929501815
2024-02-02,LT,LT,3402.69995117188,-0.02246307401161331,-0.02221265770922988,-1.312508061269508
2024-02-05,LT,LT,3375.5,-0.00802575827498148,-0.00799363786469401,-0.4965150146723257
2024-02-06,LT,LT,3346,-0.00877785893515588,-0.00873944600799881,-0.5390235335853182
2024-02-07,LT,LT,3445,0.02915830190098963,0.02958756724447101,1.6051176642374378
2024-02-08,LT,LT,3413,-0.00933223454105192,-0.009288824383164,-0.5703566877440571
2024-02-09,LT,LT,3336.25,-0.02274424818797316,-0.02248754761207149,-1.3283999470589265
2024-02-12,LT,LT,3330,-0.00187511774424441,-0.00187336080929186,-0.1488825325159758
2024-02-13,LT,LT,3312,-0.00542006746933914,-0.0054054054054054,-0.3492420992790934
2024-02-14,LT,LT,3290.05004882812,-0.00664945945167732,-0.00662740071614734,-0.4187269901985957
2024-02-15,LT,LT,3309,0.00574325186813921,0.00575977595800701,0.2817055867380131
2024-02-16,LT,LT,3304.94995117188,-0.00122469911754339,-0.00122394947963735,-0.11212105368936272
2024-02-19,LT,LT,3400.55004882812,0.02851586778245616,0.02892633748427621,1.5688074675787893
2024-02-20,LT,LT,3339.85009765625,-0.01801127256420075,-0.01785003905259036,-1.0608934888526411
2024-02-21,LT,LT,3356.89990234375,0.00509197492118578,0.00510496105782255,0.2448955958908487
2024-02-22,LT,LT,3310,-0.01406971057240107,-0.01397119476544564,-0.8381175077275914
2024-02-23,LT,LT,3363.75,0.01610823367000699,0.01623867069486405,0.8675314585772339
2024-02-26,LT,LT,3400,0.01071900856313708,0.01077666295057599,0.5629339631719875
2024-02-27,LT,LT,3475,0.02181904739463967,0.02205882352941176,1.1903050526940566
2024-02-28,LT,LT,3505,0.00859604146979803,0.00863309352517985,0.4429444569562399
2024-02-29,LT,LT,3485,-0.00572247627406621,-0.00570613409415121,-0.3663341603234423
2024-03-01,LT,LT,3501.64990234375,0.00476621387813372,0.00477759034253945,0.22648367286915672
2024-03-04,LT,LT,3670,0.04695740397585805,0.04807736420010712,2.61111793421245
2024-03-05,LT,LT,3631.19995117188,-0.01062850335318769,-0.01057222038913351,-0.6436214383749348
2024-03-06,LT,LT,3618,-0.00364177174018779,-0.00363514853199423,-0.248733322145464
2024-03-07,LT,LT,3660.75,0.0117466574801261,0.01181592039800995,0.6210163924755526
2024-03-11,LT,LT,3700,0.01066477519694919,0.01072184661613057,0.5598687084868249
2024-03-12,LT,LT,3639.05004882812,-0.01661014765825686,-0.01647295977618378,-0.9817023011332074
2024-03-13,LT,LT,3634.89990234375,-0.00114109856750634,-0.00114044776210386,-0.10739597398851172
2024-03-14,LT,LT,3527.05004882812,-0.03011973207324456,-0.02967065295143049,-1.745260232963784
2024-03-15,LT,LT,3598,0.01991629417717048,0.02011594680814168,1.0827619731376696
2024-03-18,LT,LT,3537.14990234375,-0.01705684499193065,-0.01691220057149805,-1.0069495094689276
2024-03-19,LT,LT,3541,0.00108788259335608,0.00108847455226562,0.01858541766623525
2024-03-20,LT,LT,3502.75,-0.01086079886056293,-0.01080203332391979,-0.6567507154671443
2024-03-21,LT,LT,3525.14990234375,0.00637458657843397,0.0063949474966098,0.3173884479480677
2024-03-22,LT,LT,3546.19995117188,0.0059536330239746,0.00597139112130651,0.2935962708117273
2024-03-26,LT,LT,3605,0.01644517686530009,0.01658114309338053,0.8865753937153834
2024-03-27,LT,LT,3683,0.02140586672601575,0.02163661581137309,1.1669521968906724
2024-03-28,LT,LT,3706.55004882812,0.00637390054938051,0.00639425708067336,0.31734967377788237
2024-04-01,LT,LT,3780.85009765625,0.01984733989427644,0.02004560786967413,1.0788646963584505
2024-04-02,LT,LT,3849.80004882812,0.01807233367510043,0.01823662652338745,0.9785418414083872
2024-04-03,LT,LT,3799.69995117188,-0.0130991081847937,-0.01301368824894957,-0.7832593323059179
2024-04-04,LT,LT,3804.89990234375,0.00136758069654681,0.00136851626146592,0.03439387621306668
2024-04-05,LT,LT,3770.10009765625,-0.00918813188353983,-0.00914604998309257,-0.5622120458541737
2024-04-08,LT,LT,3745,-0.00667993524071588,-0.00665767406861529,-0.4204494732694572
2024-04-09,LT,LT,3820,0.01982880564930103,0.02002670226969292,1.0778171460173926
2024-04-10,LT,LT,3800,-0.00524935588614367,-0.00523560209424083,-0.3395935283534294
2024-04-12,LT,LT,3749.94995117188,-0.0132585731932494,-0.01317106548108421,-0.7922722499735179
2024-04-15,LT,LT,3626.05004882812,-0.03359857853607371,-0.03304041492741539,-1.9418836618360296
2024-04-16,LT,LT,3580.05004882812,-0.01276713456854247,-0.01268598044168376,-0.7644962763849752
2024-04-18,LT,LT,3561.94995117188,-0.0050686464316131,-0.00505582251906361,-0.32937988053680833
2024-04-19,LT,LT,3525,-0.0104276977386294,-0.01037351778615628,-0.6322719612154452
2024-04-22,LT,LT,3568.75,0.01233495815795136,0.01241134751773049,0.6542669822091961
2024-04-23,LT,LT,3632.75,0.01777454279648486,0.01793345008756567,0.9617107842559957
2024-04-24,LT,LT,3616.55004882812,-0.00446939098382984,-0.00445941811902277,-0.29551013026973444
2024-04-25,LT,LT,3616.10009765625,-1.2442221408127244e-4,-1.244144739586271e-4,-0.04993371090800782
2024-04-26,LT,LT,3652,0.00987883871196511,0.00992779551844216,0.515447798221157
2024-04-29,LT,LT,3606.10009765625,-0.0126480796967467,-0.01256842890026013,-0.7577673283366637
2024-04-30,LT,LT,3639,0.00908203559404744,0.00912340241612621,0.4704127089020216
2024-05-02,LT,LT,3590.05004882812,-0.01354277504926323,-0.01345148424618851,-0.8083352593699865
2024-05-03,LT,LT,3610,0.00554162876403005,0.00555701199162729,0.27030990529780075
2024-05-06,LT,LT,3522.80004882812,-0.024451630535022702,-0.0241551111279446,-1.4249007196741714
2024-05-07,LT,LT,3479.39990234375,-0.01239630474843424,-0.01231978706790563,-0.7435370786920532
2024-05-08,LT,LT,3429,-0.01459116358054917,-0.01448522841821092,-0.8675898858717087
2024-05-09,LT,LT,3312.75,-0.03449001331817476,-0.03390201224846894,-1.9922673063416136
2024-05-10,LT,LT,3281.60009765625,-0.00944752206789932,-0.00940303444079692,-0.576872706509801
2024-05-13,LT,LT,3267.05004882812,-0.00444368608650085,-0.00443382752167815,-0.29405729666364144
2024-05-14,LT,LT,3300,0.01003501646422621,0.01008553608895555,0.5242749210882479
2024-05-15,LT,LT,3390,0.0269074529199244,0.02727272727272727,1.4779003095023482
2024-05-16,LT,LT,3428.94995117188,0.01142415623150583,0.01148966111264896,0.602788712123218
2024-05-17,LT,LT,3475.94995117188,0.01361373127858034,0.01370682006715707,0.7265428812505274
2024-05-21,LT,LT,3458,-0.0051774216413464,-0.00516404189474257,-0.3355278249610832
2024-05-22,LT,LT,3450.05004882812,-0.00230164941635303,-0.00229900265236552,-0.17298998330137377
2024-05-23,LT,LT,3460.89990234375,0.0031399047906141,0.00314483945510163,0.1345651382023087
2024-05-24,LT,LT,3586,0.03550873254758133,0.03614669628888463,1.964042227850632
2024-05-27,LT,LT,3644.89990234375,0.016291528266515,0.01642495882424707,0.8778912178952261
2024-05-28,LT,LT,3652,0.00194605928326585,0.0019479540855661,0.0670893241051153
2024-05-29,LT,LT,3611,-0.01129022043740129,-0.01122672508214676,-0.681021502859417
2024-05-30,LT,LT,3626.05004882812,0.00415917270769637,0.00416783407037385,0.19217387573572825
2024-05-31,LT,LT,3636.39990234375,0.00285023940734853,0.00285430520159943,0.11819333177399304
2024-06-03,LT,LT,3855.39990234375,0.05848058324125568,0.06022439937336074,3.262404802684784
2024-06-04,LT,LT,3852,-8.822437157421528e-4,-8.818546531795971e-4,-0.09276557018141168
2024-06-05,LT,LT,3441.5,-0.11268507107959728,-0.1065680166147456,-6.4118300959597105
2024-06-06,LT,LT,3438,-0.00101751589562431,-0.00101699840185965,-0.1004111159459762
2024-06-07,LT,LT,3465.05004882812,0.00783716968313348,0.00786796068299011,0.4000532358682457
2024-06-10,LT,LT,3521.05004882812,0.01603217780700496,0.0161613827248871,0.8632328024769768
2024-06-11,LT,LT,3570,0.0138063413407519,0.01390208900557138,0.7374291480818237
2024-06-12,LT,LT,3615,0.01252625981918025,0.01260504201680672,0.6650792985852375
2024-06-13,LT,LT,3665.5,0.01387289607077616,0.01396957123098202,0.7411908028041173
2024-06-14,LT,LT,3718,0.01422113761774804,0.01432273905333515,0.7608733176184393
2024-06-18,LT,LT,3708,-0.0026932415956436,-0.00268961807423345,-0.1951226637270144
2024-06-19,LT,LT,3690,-0.00486618965117289,-0.00485436893203883,-0.31793707994358666
2024-06-20,LT,LT,3584.94995117188,-0.02888194471981441,-0.02846884792089973,-1.6753008380187668
2024-06-21,LT,LT,3604.05004882812,0.00531371333927719,0.00532785615319298,0.25742818925008054
2024-06-24,LT,LT,3520.35009765625,-0.02349778244623236,-0.02322385927994689,-1.370989492534623
2024-06-25,LT,LT,3556.5,0.01021647096576675,0.01026883728633058,0.5345306787534453
2024-06-26,LT,LT,3601,0.01243466947530535,0.01251230141993533,0.6599026379718153
2024-06-27,LT,LT,3597.44995117188,-9.863370975721707e-4,-9.858508270258256e-4,-0.09864889900233392
2024-06-28,LT,LT,3540,-0.01609852042348291,-0.01596963180910008,-0.952785272951438
2024-07-01,LT,LT,3535.19995117188,-0.00135686612327232,-0.00135594599664406,-0.1195910958794584
2024-07-02,LT,LT,3535.05004882812,-4.240368976560334e-5,-4.2402790741811776e-5,-0.04529804685835799
2024-07-03,LT,LT,3650.35009765625,0.03209562282809359,0.03261624226971053,1.7711342213221963
2024-07-04,LT,LT,3616.10009765625,-0.00942695613998173,-0.0093826616855163,-0.5757103260172147
2024-07-05,LT,LT,3573.30004882812,-0.01190657178321589,-0.01183596904739184,-0.7158575085006473
2024-07-08,LT,LT,3640.10009765625,0.01852162838912049,0.01869421764624478,1.0039358529546618
2024-07-09,LT,LT,3650,0.00271598696773867,0.00271967860172972,0.11060542144434676
2024-07-10,LT,LT,3685.05004882812,0.009556939726207,0.00960275310359452,0.49725415759730907
2024-07-11,LT,LT,3660,-0.00682095990733227,-0.00679774996165551,-0.42842014797498307
2024-07-12,LT,LT,3630,-0.00823049913651548,-0.00819672131147541,-0.508086910889997
2024-07-15,LT,LT,3670,0.01095901378971938,0.01101928374655647,0.5764989914369871
2024-07-16,LT,LT,3646.10009765625,-0.00653353208476636,-0.00651223497104904,-0.4121748078514545
2024-07-18,LT,LT,3640,-0.00167444833306325,-0.00167304722658909,-0.13754075353325926
2024-07-19,LT,LT,3651,0.0030174210248505,0.00302197802197802,0.12764239002616837
2024-07-22,LT,LT,3617.89990234375,-0.00910738265477871,-0.00906603606032593,-0.5576481220341818
2024-07-23,LT,LT,3669.60009765625,0.01418897089433672,0.01429011213909139,0.7590552634098686
2024-07-24,LT,LT,3549,-0.03341681724869835,-0.0328646431346229,-1.9316105647212711
2024-07-25,LT,LT,3539,-0.00282167230103308,-0.00281769512538743,-0.20238153126715425
2024-07-26,LT,LT,3629,0.02511292686760705,0.02543091268719977,1.3764741990438076
2024-07-29,LT,LT,3701,0.01964592517308567,0.01984017635712317,1.0674807926624907
2024-07-30,LT,LT,3774.85009765625,0.0197576192784044,0.01995409285497162,1.0737937122486938
2024-07-31,LT,LT,3777.05004882812,5.826219074480022e-4,5.827916645579955e-4,-0.00997177495467664
2024-08-01,LT,LT,3810,0.00868589454873838,0.00872372638591409,0.448022927841561
2024-08-02,LT,LT,3730.35009765625,-0.0211270999259949,-0.02090548617946194,-1.236999179688937
2024-08-05,LT,LT,3597,-0.0364019244991278,-0.03574734117852177,-2.100327991432169
2024-08-06,LT,LT,3548,-0.01371610026615386,-0.01362246316374756,-0.818131552140937
2024-08-07,LT,LT,3630,0.02284858382942627,0.02311161217587373,1.248494163975508
2024-08-08,LT,LT,3621,-0.0024824174932553,-0.0024793388429752,-0.1832069444380436
2024-08-09,LT,LT,3600,-0.00581638532143976,-0.00579950289975145,-0.37164187340995175
2024-08-12,LT,LT,3579,-0.00585041367817558,-0.00583333333333333,-0.3735651466132318
2024-08-13,LT,LT,3580,2.793686287201426e-4,2.794076557697681e-4,-0.02711156543330896
2024-08-14,LT,LT,3558.94995117188,-0.00589725659318823,-0.00587990190729608,-0.37621269506544697
2024-08-16,LT,LT,3578,0.00533844126710681,0.00535271613523175,0.25882580481337597
2024-08-19,LT,LT,3599.85009765625,0.0060882199686566,0.00610679084858859,0.3012030872744731
2024-08-20,LT,LT,3562,-0.01057002018771415,-0.01051435382848108,-0.6403159862230282
2024-08-21,LT,LT,3590,0.00783001763271767,0.00786075238629983,0.39964900397952896
2024-08-22,LT,LT,3607.05004882812,0.00473807479712183,0.00474931722231754,0.22489325988226871
2024-08-23,LT,LT,3606.5,-1.525043357190147e-4,-1.5249270752389502e-4,-0.05152090456700304
2024-08-26,LT,LT,3611,0.00124696933373044,0.00124774712324968,0.02757695572769888
2024-08-27,LT,LT,3642.64990234375,0.0087266696427785,0.00876485802928551,0.45032752474988097
2024-08-28,LT,LT,3705,0.01697184680995105,0.01711668684276596,0.9163426316512052
2024-08-29,LT,LT,3690.5,-0.00392130852008023,-0.0039136302294197,-0.26453266274460624
2024-08-30,LT,LT,3718.35009765625,0.00751809753663444,0.00754642938795556,0.3820193674085125
2024-09-02,LT,LT,3706,-0.00332691990143648,-0.00332139183559786,-0.23093798429900217
2024-09-03,LT,LT,3693.94995117188,-0.00325679485904105,-0.00325149725529411,-0.22697453652028415
2024-09-04,LT,LT,3650,-0.01196916540972686,-0.01189781988192265,-0.7193952827604881
2024-09-05,LT,LT,3668,0.00491938679981819,0.00493150684931506,0.23514096355265732
2024-09-06,LT,LT,3615.10009765625,-0.01452700963537227,-0.01442200172948473,-0.8639639228373684
2024-09-09,LT,LT,3584,-0.00864004964616208,-0.00860283168270026,-0.53123459112352
2024-09-10,LT,LT,3585,2.7897893889957965e-4,2.7901785714285713e-4,-0.0271335905929515
2024-09-11,LT,LT,3595,0.00278551712142622,0.00278940027894002,0.11453524627971552
2024-09-12,LT,LT,3558,-0.01034540192936661,-0.01029207232267037,-0.6276206250981544
2024-09-13,LT,LT,3622,0.01782777021757814,0.01798763350196739,0.9647191832058236
2024-09-16,LT,LT,3619.14990234375,-7.871948079698153e-4,-7.868850514218664e-4,-0.08739343250403907
2024-09-17,LT,LT,3668,0.01340738974096657,0.01349767182194217,0.7148805152686161
2024-09-18,LT,LT,3689,0.0057088642203202,0.00572519083969465,0.27976200650322236
2024-09-19,LT,LT,3750,0.01640042136778095,0.01653564651667118,0.8840458255159466
2024-09-20,LT,LT,3700,-0.01342302033214066,-0.01333333333333333,-0.8015667562595855
2024-09-23,LT,LT,3800,0.02666824708216127,0.02702702702702703,1.4643804624697792
2024-09-24,LT,LT,3787.69995117188,-0.0032421049017065,-0.00323685495476842,-0.22614426424124873
2024-09-25,LT,LT,3787.55004882812,-3.9576870408138e-5,-3.9576087254120015e-5,-0.0451382758190764
2024-09-26,LT,LT,3801,0.00354480504688616,0.00355109529867241,0.15744998741601027
2024-09-27,LT,LT,3738,-0.01671348097374055,-0.01657458563535911,-0.987542671216864
2024-09-30,LT,LT,3699,-0.01048819618305413,-0.01043338683788122,-0.6356913163698988
2024-10-01,LT,LT,3667,-0.00868862376112799,-0.00865098675317653,-0.5339799865127904
2024-10-03,LT,LT,3582.5,-0.02331300836899915,-0.02304335969457322,-1.3605461133799268
2024-10-04,LT,LT,3515,-0.01902135545756159,-0.01884159106769016,-1.1179830914148348
2024-10-07,LT,LT,3505,-0.00284900477607482,-0.00284495021337126,-0.2039263551102569
2024-10-08,LT,LT,3492.94995117188,-0.00344388308633064,-0.00343795972271611,-0.23754871078878365
2024-10-09,LT,LT,3542.05004882812,0.01395903196451995,0.01405691416785602,0.7460591794220113
2024-10-10,LT,LT,3515,-0.00766614410211456,-0.00763683416530758,-0.4761897222239068
2024-10-11,LT,LT,3469.39990234375,-0.01305788506533567,-0.0129730007556899,-0.7809294131263121
2024-10-14,LT,LT,3510,0.01163439728048185,0.01170234011617474,0.6146714773964358
2024-10-15,LT,LT,3570,0.0169495583137732,0.01709401709401709,0.9150828920824372
2024-10-16,LT,LT,3550,-0.00561799230422326,-0.00560224089635854,-0.36042875557729614
2024-10-17,LT,LT,3549.89990234375,-2.8196920416749e-5,-2.8196522887323943e-5,-0.04449508422910266
2024-10-18,LT,LT,3569.94995117188,0.00563216984678361,0.00564806033400895,0.27542726196617595
2024-10-21,LT,LT,3580,0.00281122399891775,0.00281517919454891,0.11598819180404088
2024-10-22,LT,LT,3585,0.00139567363897475,0.00139664804469273,0.03598168146009656
2024-10-23,LT,LT,3501.05004882812,-0.02369553660051035,-0.02341700172158438,-1.3821665020127156
2024-10-24,LT,LT,3444,-0.01642935088558888,-0.0162951251860041,-0.9714837181198878
2024-10-25,LT,LT,3425,-0.00553211485129576,-0.00551684088269454,-0.3555749859620407
2024-10-28,LT,LT,3316,-0.03234223444114006,-0.03182481751824817,-1.8708754450524816
2024-10-29,LT,LT,3316,0,0,-0.04290140217523293
2024-10-30,LT,LT,3379.94995117188,0.01910166476665131,0.0192852687490591,1.0367193467476004
2024-10-31,LT,LT,3530,0.04343696890550545,0.04439416293016272,2.4121439288773865
2024-11-01,LT,LT,3624.94995117188,0.02654261069284656,0.02689800316483853,1.4572795288924756
2024-11-04,LT,LT,3624.94995117188,0,0,-0.04290140217523293
2024-11-05,LT,LT,3556,-0.0192041639863939,-0.01902093879933149,-1.1283153783237738
2024-11-06,LT,LT,3594,0.01062947070970916,0.01068616422947131,0.5578733087444445
2024-11-07,LT,LT,3647.35009765625,0.01473511492482117,0.01484421192438786,0.789923171229126
2024-11-08,LT,LT,3640.39990234375,-0.0019073643908174,-0.00190554652731749,-0.15070510395928605
2024-11-11,LT,LT,3646,0.00153713736110028,0.00153831936228889,0.04397717146017328
2024-11-12,LT,LT,3650,0.00109649133792877,0.00109709270433351,0.01907198150118831
2024-11-13,LT,LT,3585,-0.01796869354281644,-0.01780821917808219,-1.0584869344754757
2024-11-14,LT,LT,3558,-0.00755988480794028,-0.00753138075313807,-0.4701839766432006
2024-11-18,LT,LT,3521.10009765625,-0.01042512071700714,-0.01037096749402754,-0.6321263086742767
2024-11-19,LT,LT,3559.89990234375,0.01095895862283219,0.01101922797177118,0.5764958734199561
2024-11-21,LT,LT,3530,-0.00843455620426312,-0.0083990851327209,-0.5196201592741551
2024-11-22,LT,LT,3500,-0.00853490244983744,-0.0084985835694051,-0.525291701002166
2024-11-25,LT,LT,3660,0.04470017891790699,0.04571428571428571,2.4835402053954803
2024-11-26,LT,LT,3754.89990234375,0.02559848028206852,0.02592893506659836,1.403917542195664
2024-11-27,LT,LT,3704,-0.01364831091141051,-0.01355559500054291,-0.8143001167749067
2024-11-28,LT,LT,3700,-0.00108049713375414,-0.00107991360691144,-0.10397079790608069
2024-11-29,LT,LT,3635.10009765625,-0.01769617186192533,-0.01754051414695946,-1.043084085309416
2024-12-02,LT,LT,3706.85009765625,0.01954583791940839,0.0197381084626146,1.0618238890840477
2024-12-03,LT,LT,3721,0.00380996365682382,0.00381723079460284,0.1724366778715991
2024-12-04,LT,LT,3775,0.01440793333650266,0.01451222789572695,0.7714309593863716
2024-12-05,LT,LT,3810,0.00922880643762148,0.00927152317880794,0.4787081559217015
2024-12-06,LT,LT,3832,0.00575767097000444,0.00577427821522309,0.2825205503416939
2024-12-09,LT,LT,3867.5,0.00922144335647,0.00926409185803757,0.47829199663484095
2024-12-10,LT,LT,3955,0.02237229775453298,0.02262443438914027,1.2215746082635084
2024-12-11,LT,LT,3923.14990234375,-0.0080857235716428,-0.0080531220369785,-0.49990423646433946
2024-12-12,LT,LT,3930,0.0017445482331955,0.00174607084275766,0.05569997592782999
2024-12-13,LT,LT,3859,-0.01823134332568813,-0.01806615776081424,-1.07333182672714
2024-12-16,LT,LT,3882,0.00594240219133685,0.00596009328841668,0.2929615072928659
2024-12-17,LT,LT,3863.05004882812,-0.00489344519834401,-0.00488149180110252,-0.31947755584496207
2024-12-18,LT,LT,3807.19995117188,-0.01456304154891583,-0.01445751335092913,-0.8660004365109273
2024-12-19,LT,LT,3702.14990234375,-0.02798029240879059,-0.0275924695774896,-1.6243397016368202
2024-12-20,LT,LT,3716.35009765625,0.00382832450111173,0.00383566189567585,0.173474427654308
2024-12-23,LT,LT,3670,-0.01255036802540096,-0.01247194059716847,-0.7522446920070304
2024-12-24,LT,LT,3647.94995117188,-0.00602630947375969,-0.00600818769158583,-0.3835067277728192
2024-12-26,LT,LT,3658,0.00275119737595472,0.00275498539251929,0.11259550386661084
2024-12-27,LT,LT,3632.39990234375,-0.00702299001991124,-0.00699838645605522,-0.4398388334200478
2024-12-30,LT,LT,3607.89990234375,-0.00676770138607759,-0.00674485206989234,-0.4254099912527332
2024-12-31,LT,LT,3562.55004882812,-0.01264926427274133,-0.01256959858730282,-0.7578342802404949
2025-01-01,LT,LT,3600,0.01045725117212055,0.01051211931301819,0.5481395086583298
2025-01-02,LT,LT,3676.60009765625,0.02105459316613466,0.02127780490451388,1.147098313554927
2025-01-03,LT,LT,3708,0.00850420907540986,0.00854047258600866,0.43775411571552086
2025-01-06,LT,LT,3684.75,-0.0062899669688785,-0.00627022653721682,-0.3984085756387831
2025-01-07,LT,LT,3607.10009765625,-0.0212985282540343,-0.0210733163291268,-1.2466882608326708
2025-01-08,LT,LT,3662,0.01510529377162297,0.015219955326280451,0.8108455760928782
2025-01-09,LT,LT,3599.89990234375,-0.0171034060813321,-0.01695797314479792,-1.009581129216439
2025-01-10,LT,LT,3499.94995117188,-0.02815737144303729,-0.027764647318887,-1.6343481591146063
2025-01-13,LT,LT,3505.55004882812,0.00159877206454771,0.0016000507819733,0.04746074765672156
2025-01-14,LT,LT,3465.85009765625,-0.01138949981224944,-0.01132488500203881,-0.6866327453524419
2025-01-15,LT,LT,3471.30004882812,0.00157123665425095,0.00157247169332438,0.04590445396977632
2025-01-16,LT,LT,3535,0.01818412171403712,0.01835045956150766,0.9848600700963992
2025-01-17,LT,LT,3524,-0.00311659127460302,-0.00311173974540311,-0.21905026914978143
2025-01-20,LT,LT,3574.89990234375,0.01434046833564338,0.01444378613613791,0.7676178564111308
2025-01-21,LT,LT,3612.75,0.01053207878672632,0.01058773635352279,0.5523687445028325
2025-01-22,LT,LT,3563,-0.01386636857260379,-0.01377067330980555,-0.8266246747839475
2025-01-23,LT,LT,3492,-0.02012824864634325,-0.01992702778557395,-1.1805443847915444
2025-01-24,LT,LT,3514.5,0.00642262965646719,0.00644329896907216,0.32010382927846
2025-01-27,LT,LT,3447.19995117188,-0.01933497447890606,-0.01914925276088206,-1.1357087507663426
2025-01-28,LT,LT,3464.94995117188,0.00513589527639299,0.00514910659416952,0.24737796208044616
2025-01-29,LT,LT,3431,-0.00984642455499728,-0.00979810723107206,-0.5994185634876575
2025-01-30,LT,LT,3455,0.00697069334332055,0.00699504517633343,0.3510802355386648
2025-01-31,LT,LT,3501.05004882812,0.0132404802314401,0.01332852353925325,0.7054468364830943
2025-02-01,LT,LT,3578,0.02174104763545423,0.02197910629630584,1.1858965281253182
2025-02-03,LT,LT,3420,-0.04516343401201361,-0.0441587479038569,-2.595526058069298
2025-02-04,LT,LT,3316,-0.03088131380146526,-0.0304093567251462,-1.7883046191904253
2025-02-05,LT,LT,3444.64990234375,0.03806303716448373,0.03879671361391737,2.1084108102315624
2025-02-06,LT,LT,3404,-0.01187106372640456,-0.01180088063988496,-0.7138506030630452
2025-02-07,LT,LT,3367,-0.01092907053219031,-0.0108695652173913,-0.6606094112485327
2025-02-10,LT,LT,3347.80004882812,-0.00571871190741851,-0.00570239120043956,-0.3661213993735955
2025-02-11,LT,LT,3360.94995117188,0.00392022930787832,0.00392792345778328,0.17866886162239745
2025-02-12,LT,LT,3259,-0.03080325772397264,-0.03033367132894453,-1.7838929115267204
2025-02-13,LT,LT,3289.64990234375,0.00936074659815299,0.00940469541078551,0.486165376884699
2025-02-14,LT,LT,3275.05004882812,-0.00444799539820984,-0.00443811771739848,-0.2943008577559043
2025-02-17,LT,LT,3213.55004882812,-0.0189568907938064,-0.01877833898202745,-1.1143395666533729
2025-02-18,LT,LT,3227,0.00417665280826363,0.00418538717851454,0.19316184612973367
2025-02-19,LT,LT,3220.14990234375,-0.00212500107418576,-0.00212274485784009,-0.16300586841943124
2025-02-20,LT,LT,3260.05004882812,0.01231463566639413,0.01239077300573154,0.6531183606715957
2025-02-21,LT,LT,3275.80004882812,0.00481958130981736,0.0048312141728197,0.22949998517838385
2025-02-24,LT,LT,3289.69995117188,0.00423423139472606,0.00424320841827099,0.19641617172898784
2025-02-25,LT,LT,3233,-0.01738586162328042,-0.01723559960283975,-1.0255454374304558
2025-02-27,LT,LT,3238,0.00154535651214728,0.00154655119084441,0.04444171557804324
2025-02-28,LT,LT,3199.80004882812,-0.01186753214322777,-0.01179739072633724,-0.7136509989698531
2025-03-03,LT,LT,3165.94995117188,-0.01063516999948356,-0.01057881653218834,-0.6439982353585838
2025-03-04,LT,LT,3171.05004882812,0.00160962561382075,0.00161092175647065,0.04807418722535438
2025-03-05,LT,LT,3213,0.01314230140716855,0.01322904101982964,0.6998977968007801
2025-03-06,LT,LT,3250.10009765625,0.01148071501248288,0.01154687135270775,0.6059853986017292
2025-03-07,LT,LT,3259.89990234375,0.0030106949584792,0.00301523165227032,0.12726223463647823
2025-03-10,LT,LT,3246,-0.00427302101228401,-0.00426390464742689,-0.28441135441243826
2025-03-11,LT,LT,3170.30004882812,-0.02359723305532033,-0.02332099543187923,-1.37661041313898
2025-03-12,LT,LT,3205,0.01088585433555414,0.01094532083318315,0.5723640395539161
2025-03-13,LT,LT,3202.25,-8.584026435249774e-4,-8.580343213728549e-4,-0.09141807944923386
2025-03-17,LT,LT,3190,-0.00383277093235525,-0.00382543524084628,-0.2595285430547693
2025-03-18,LT,LT,3173.44995117188,-0.00520160801795884,-0.00518810308091536,-0.33689483220108274
2025-03-19,LT,LT,3275,0.03149856030842089,0.0319998898330254,1.7373884147384593
2025-03-20,LT,LT,3335.25,0.01822976998956317,0.01839694656488549,0.9874400978590322
2025-03-21,LT,LT,3357,0.00650007892111932,0.00652125028108837,0.3244812400501767
2025-03-24,LT,LT,3449,0.02703661595680588,0.02740542150729818,1.4852005682135463
2025-03-25,LT,LT,3505,0.01610618653184945,0.01623659031603363,0.8674157549012562
2025-03-26,LT,LT,3473,-0.00917174672461649,-0.00912981455064194,-0.561285961255573
2025-03-27,LT,LT,3460,-0.00375018469230406,-0.00374316153181687,-0.25486079187056626
2025-03-28,LT,LT,3509.89990234375,0.0143189301507165,0.01442193709356936,0.7664005242243679
2025-04-01,LT,LT,3480,-0.00855522543396638,-0.00851873363219965,-0.5264403503797814
2025-04-02,LT,LT,3433,-0.013597779310828,-0.01350574712643678,-0.8114440848461919
2025-04-03,LT,LT,3400,-0.00965908285343926,-0.00961258374599475,-0.5888300629244152
2025-04-04,LT,LT,3400,0,0,-0.04290140217523293
2025-04-07,LT,LT,3049.05004882812,-0.10894534891696454,-0.10322057387408236,-6.20046204551451
2025-04-08,LT,LT,3124.94995117188,0.02458818472996372,0.02489296703179128,1.3468159202207528
2025-04-09,LT,LT,3158.80004882812,0.01077395666398056,0.01083220473452573,0.5660396144599367
2025-04-11,LT,LT,3114,-0.0142841506872889,-0.01418261622629147,-0.8502376030314565
2025-04-15,LT,LT,3180,0.02097312338027885,0.02119460500963391,1.142493664049519
2025-04-16,LT,LT,3270,0.02790878811707665,0.02830188679245283,1.5344954947219993
2025-04-17,LT,LT,3214.10009765625,-0.01724257381737931,-0.01709477135894495,-1.0174468507256704
2025-04-21,LT,LT,3249.5,0.01095372726048371,0.01101393897768271,0.5762001982834928
2025-04-22,LT,LT,3280,0.00934228404378588,0.00938605939375288,0.4851218784767672
2025-04-23,LT,LT,3275.39990234375,-0.00140345317748366,-0.00140246879763719,-0.12222418315076124
2025-04-24,LT,LT,3307,0.00960146478108709,0.00964770672235722,0.4997707012432536
2025-04-25,LT,LT,3310,9.067553893158316e-4,9.071666162685212e-4,0.00834815876419258
2025-04-28,LT,LT,3260,-0.01522099401035524,-0.01510574018126888,-0.903187725569365
2025-04-29,LT,LT,3335,0.02274548398897074,0.02300613496932515,1.2426669898351286
2025-04-30,LT,LT,3324,-0.00330380237438531,-0.0032983508245877,-0.22963138813719508
2025-05-02,LT,LT,3325,3.0079711461578247e-4,3.0084235860409147e-4,-0.02590043340510361
2025-05-05,LT,LT,3350,0.00749067172915765,0.0075187969924812,0.38046926844229056
2025-05-06,LT,LT,3346,-0.0011947432723428,-0.00119402985074626,-0.11042795769876916
2025-05-07,LT,LT,3332,-0.00419287826003592,-0.00418410041841004,-0.2798817084753014
2025-05-08,LT,LT,3310.10009765625,-0.00659429438911267,-0.0065725997430222,-0.4156090762948611
2025-05-09,LT,LT,3331,0.006294129296059,0.00631397895143666,0.3128410248561486
2025-05-12,LT,LT,3513,0.05319781407214734,0.05463824677274092,2.9638241671007868
2025-05-13,LT,LT,3587.19995117188,0.02090156700024953,0.02112153463475092,1.13844931746815
2025-05-14,LT,LT,3587,-5.574173379402777e-5,-5.5740180252478374e-5,-0.04605190937552841
2025-05-15,LT,LT,3594,0.00194958981122186,0.00195149149707276,0.06728886855752418
2025-05-16,LT,LT,3642,0.01326719294404886,0.01335559265442404,0.7069566315268632
2025-05-19,LT,LT,3604.69995117188,-0.01029444533009592,-0.01024163888745744,-0.6247405723624774
2025-05-20,LT,LT,3630,0.00699411230143911,0.00701862822726618,0.3524038685000756
2025-05-21,LT,LT,3565.69995117188,-0.01787227394296654,-0.01771351207386225,-1.0530373256653305
2025-05-22,LT,LT,3585,0.00539809971779072,0.0054126957097938,0.2621976837565863
2025-05-23,LT,LT,3570,-0.00419287826003592,-0.00418410041841004,-0.2798817084753014
2025-05-26,LT,LT,3615.80004882812,0.01274754897832786,0.0128291453300056,0.6775864999546458
2025-05-27,LT,LT,3648.69995117188,0.00905778161703105,0.00909892745712608,0.4690418809061024
2025-05-28,LT,LT,3660,0.00309222102636808,0.00309700687350043,0.13187006518665095
2025-05-29,LT,LT,3663.89990234375,0.00106497979610603,0.00106554708845628,0.01729095797271738
2025-05-30,LT,LT,3655.30004882812,-0.00234994467442874,-0.00234718571599862,-0.17571961777722075
2025-06-02,LT,LT,3675.10009765625,0.00540218721639779,0.0054168053411861,0.2624287080343811
2025-06-03,LT,LT,3655,-0.0054842765496083,-0.0054692653593486,-0.3528711785334242
2025-06-04,LT,LT,3645,-0.00273972774112032,-0.0027359781121751,-0.19775004766486531
2025-06-05,LT,LT,3629.89990234375,-0.00415129267597708,-0.0041426879715363504,-0.2775313028978573
2025-06-06,LT,LT,3645,0.00415129267597694,0.00415992122716667,0.19172849854738397
2025-06-09,LT,LT,3664,0.00519908135126246,0.00521262002743484,0.2509492213557722
2025-06-10,LT,LT,3704,0.01085786997204908,0.01091703056768558,0.5707823711572322
2025-06-11,LT,LT,3689.89990234375,-0.00381398583554485,-0.00380672182944114,-0.25846681463817367
2025-06-12,LT,LT,3684.80004882812,-0.00138306761287788,-0.00138211161565403,-0.12107199674210142
2025-06-13,LT,LT,3501.19995117188,-0.05111051040547444,-0.04982633934631825,-2.9316531521338365
2025-06-16,LT,LT,3575.5,0.0209992735762776,0.02122130979787406,1.1439716658118542
2025-06-17,LT,LT,3622,0.01292133295490803,0.01300517410152426,0.6874087216949116
2025-06-18,LT,LT,3622,0,0,-0.04290140217523293
2025-06-19,LT,LT,3607,-0.00414995753981965,-0.00414135836554389,-0.2774558413757438
2025-06-20,LT,LT,3614,0.00193879024863485,0.0019406709176601,0.06667848030128241
2025-06-23,LT,LT,3645,0.00854117329058465,0.00857775318206973,0.43984332281646543
2025-06-24,LT,LT,3637.10009765625,-0.00216967779538191,-0.00216732574588477,-0.1655309842031306
2025-06-25,LT,LT,3640,7.969939834097784e-4,7.973116675064014e-4,0.00214447480812184
2025-06-26,LT,LT,3620.10009765625,-0.00548200490700251,-0.00546700613839285,-0.3527427859288367
2025-06-27,LT,LT,3665,0.0123266585969679,0.01240294498288028,0.6537978933442119
2025-06-30,LT,LT,3682,0.00462774747227129,0.00463847203274215,0.21865759034577123
2025-07-01,LT,LT,3669.80004882812,-0.0033189048367801,-0.00331340336009777,-0.230484975086837
2025-07-02,LT,LT,3666.60009765625,-8.723491933116539e-4,-8.719688073719004e-4,-0.09220633454163128
2025-07-03,LT,LT,3605,-0.01694305804388196,-0.0168003316466461,-1.0005183029971003
2025-07-04,LT,LT,3590,-0.00416956823672489,-0.00416088765603328,-0.27856423247873774
2025-07-07,LT,LT,3599.89990234375,0.00275383767079942,0.00275763296483286,0.1127447325926108
2025-07-08,LT,LT,3580,-0.00554323975837796,-0.00552790435389438,-0.3562037625981353
2025-07-09,LT,LT,3605,0.00695897032430352,0.00698324022346368,0.35041765378333545
2025-07-10,LT,LT,3575,-0.00835659459094141,-0.00832177531206657,-0.5152137906989636
2025-07-11,LT,LT,3575,0,0,-0.04290140217523293
2025-07-14,LT,LT,3540.60009765625,-0.00966894425509391,-0.00962235030594405,-0.5893874265872103
2025-07-15,LT,LT,3519,-0.006119373551429,-0.00610068831849959,-0.38876668340802417
2025-07-16,LT,LT,3504,-0.00427168526530309,-0.00426257459505541,-0.284335858366752
2025-07-17,LT,LT,3515,0.00313435218848327,0.00313926940639269,0.13425130668321433
2025-07-18,LT,LT,3489,-0.00742436305799121,-0.00739687055476529,-0.4625243252482714
2025-07-21,LT,LT,3467.60009765625,-0.00615242202979928,-0.00613353463564058,-0.3906345741602049
2025-07-22,LT,LT,3502,0.00987149368882225,0.00992037760265403,0.5150326595678917
2025-07-23,LT,LT,3476.19995117188,-0.00739450476282472,-0.00736723267507709,-0.46083674275831565
2025-07-24,LT,LT,3484.89990234375,0.00249959227268446,0.00250271885796935,0.09837485381627124
2025-07-25,LT,LT,3470,-0.00428472741475199,-0.00427556106668348,-0.2850729970050644
2025-07-28,LT,LT,3430.10009765625,-0.01156515021657407,-0.01149853093479827,-0.6965604570666915
2025-07-29,LT,LT,3418,-0.0035338590487946,-0.00352762231764544,-0.24263412701648293
2025-07-30,LT,LT,3622,0.05797077476782242,0.05968402574605032,3.233590570385193
2025-07-31,LT,LT,3625,8.279288454164069e-4,8.282716731087797e-4,0.00389290455471276
2025-08-01,LT,LT,3636,0.00302988800859422,0.00303448275862068,0.12834702045972624
2025-08-04,LT,LT,3595.19995117188,-0.01128456744778011,-0.01122113554128712,-0.6807019974674507
2025-08-05,LT,LT,3630,0.00963303940930711,0.00967958647662327,0.5015552903972507
2025-08-06,LT,LT,3650,0.00549451931764078,0.00550964187327823,0.26764729256674086
2025-08-07,LT,LT,3610.30004882812,-0.01093628268468571,-0.0108766989512,-0.6610170400899739
2025-08-08,LT,LT,3641.60009765625,0.00863228741695776,0.00866965304955464,0.4449930677499085
2025-08-11,LT,LT,3610,-0.00871539998188262,-0.00867753097782152,-0.5354933710191978
2025-08-12,LT,LT,3680,0.01920497983605004,0.01939058171745152,1.0425586855676392
2025-08-13,LT,LT,3696,0.00433840159859814,0.00434782608695652,0.2023038425102363
2025-08-14,LT,LT,3700,0.00108166587074096,0.00108225108225108,0.01823405024315636
2025-08-18,LT,LT,3699,-2.7030679986182017e-4,-2.702702702702703e-4,-0.05817906688512998
2025-08-19,LT,LT,3648.89990234375,-0.01363678730315659,-0.01354422753615842,-0.8136488056601232
2025-08-20,LT,LT,3613.5,-0.00974889380626165,-0.00970152738939537,-0.5939061528533344
2025-08-21,LT,LT,3599,-0.004020802644005,-0.0040127300401273,-0.27015604279536526
2025-08-22,LT,LT,3610,0.00305174324789588,0.00305640455682133,0.1295822724710557
2025-08-25,LT,LT,3616,0.00166067018514054,0.00166204986149584,0.05095921211663647
2025-08-26,LT,LT,3599,-0.00471241343303637,-0.00470132743362831,-0.30924569111338784
2025-08-28,LT,LT,3540,-0.01652930195121058,-0.01639344262295082,-0.977132924387528
2025-08-29,LT,LT,3575.60009765625,0.01000629439772688,0.01005652476165254,0.5226515579247001
2025-09-01,LT,LT,3601,0.00707856312332841,0.00710367536917767,0.35717700532815205
2025-09-02,LT,LT,3598.39990234375,-7.22309582622172e-4,-7.220487798528187e-4,-0.08372613771902385
2025-09-03,LT,LT,3594,-0.00122348672274871,-0.00122273856801858,-0.11205252947473464
2025-09-04,LT,LT,3622.89990234375,0.00800899478010063,0.00804115257199499,0.4097647422807796
2025-09-05,LT,LT,3592.80004882812,-0.00834292675952902,-0.00830822112864824,-0.5144412886911095
2025-09-08,LT,LT,3570,-0.00636626059039117,-0.00634603888840315,-0.4027206697835484
2025-09-09,LT,LT,3547.19995117188,-0.00640704967689492,-0.00638656829919327,-0.40502605754199855
2025-09-10,LT,LT,3559,0.00332106041340275,0.003326581244517,0.14480400332406088
2025-09-11,LT,LT,3548,-0.00309554208072255,-0.0030907558302894,-0.21786057460016664
2025-09-12,LT,LT,3556.39990234375,0.00236470535821464,0.00236750347907271,0.09075108314503452
2025-09-15,LT,LT,3581,0.00689332121074794,0.00691713483628147,0.34670718425050556
2025-09-16,LT,LT,3603.89990234375,0.00637447429962548,0.00639483449979056,0.3173821019812217
2025-09-17,LT,LT,3672,0.01871990744232284,0.01889622339731522,1.0151425295731185
2025-09-18,LT,LT,3691,0.00516095128961754,0.00517429193899782,0.24879412093848116
2025-09-19,LT,LT,3679,-0.00325644792522415,-0.00325115144947168,-0.22695492791800767
2025-09-22,LT,LT,3693.60009765625,0.00396064252731846,0.00396849623708888,0.1809530054795613
2025-09-23,LT,LT,3646.89990234375,-0.01272415377431569,-0.0126435439890023,-0.7620670139191493
2025-09-24,LT,LT,3657.60009765625,0.00292975644225759,0.00293405237298213,0.1226876123421728
2025-09-25,LT,LT,3684,0.00719189707516298,0.00721782087677293,0.363582608580683
2025-09-26,LT,LT,3664,-0.00544367158117658,-0.00542888165038002,-0.35057619707689797
2025-09-29,LT,LT,3738,0.01999526222148723,0.02019650655021834,1.0872252249111518
2025-09-30,LT,LT,3695,-0.01157015463320604,-0.01150347779561262,-0.6968433052947453
2025-10-01,LT,LT,3658.89990234375,-0.00981802529817021,-0.00976998583389715,-0.59781344543648
2025-10-03,LT,LT,3690,0.00846392895044098,0.00849984926789838,0.43547749432063976
2025-10-06,LT,LT,3720,0.0080972102326193,0.008130081300813,0.4147506549788732
2025-10-07,LT,LT,3748,0.0074986960911206,0.0075268817204301,0.3809228031356221
2025-10-08,LT,LT,3730,-0.00481413072045162,-0.0048025613660619,-0.31499472374269943
2025-10-09,LT,LT,3735.5,0.00147344477799478,0.00147453083109919,0.04037728448104233
2025-10-10,LT,LT,3765,0.00786618281813809,0.00789720251639673,0.401693050142285
2025-10-13,LT,LT,3780,0.00397614837963941,0.00398406374501992,0.18182939191498135
2025-10-14,LT,LT,3775,-0.00132362693050825,-0.00132275132275132,-0.11771242600309324
2025-10-15,LT,LT,3747,-0.00744486288943768,-0.00741721854304635,-0.4636829699868007
2025-10-16,LT,LT,3830.30004882812,0.02198762204303091,0.02223113125917267,1.1998328446623927
2025-10-17,LT,LT,3860,0.00772404162215843,0.00775394898396189,0.3936592695094962
2025-10-20,LT,LT,3862,5.180005295831189e-4,5.181347150259067e-4,-0.01362415715377758
2025-10-21,LT,LT,3892,0.00773798031743594,0.00776799585706887,0.3944470806672329
2025-10-23,LT,LT,3890,-5.140066934037328e-4,-5.138746145940391e-4,-0.07195291669310454
2025-10-24,LT,LT,3929.30004882812,0.01005214776441498,0.01010284031571208,0.5252431773824385
2025-10-27,LT,LT,3912,-0.00441255322219888,-0.00440283221264295,-0.2922976758827087
2025-10-28,LT,LT,3922.10009765625,0.00257849737081383,0.00258182455425613,0.10283454788885228
2025-10-29,LT,LT,3988,0.0166626025562072,0.01680219798141566,0.8988642329406438
2025-10-30,LT,LT,3980,-0.00200803280324552,-0.00200601805416248,-0.15639485446774756
2025-10-31,LT,LT,4001.10009765625,0.00528752842532538,0.00530153207443467,0.25594822523875066
2025-11-03,LT,LT,4030,0.00719702823691993,0.0072229890875959,0.36387262040774426
2025-11-04,LT,LT,3985,-0.0112290637164133,-0.01116625310173697,-0.6775649420977605
2025-11-06,LT,LT,3945,-0.01008835794434076,-0.01003764115432873,-0.613092570972516
2025-11-07,LT,LT,3877.10009765625,-0.01736147761469545,-0.01721163557509505,-1.0241672600866567
2025-11-10,LT,LT,3895,0.00460620263956941,0.00461682749810114,0.2174398824286252
2025-11-11,LT,LT,3929,0.00869126125361102,0.00872913992297817,0.44832625249962765
2025-11-12,LT,LT,3970,0.01038115412277635,0.01043522524815474,0.5438385247175358
2025-11-13,LT,LT,3954.60009765625,-0.00388661170016393,-0.0038790686004408,-0.2625716081893676
2025-11-14,LT,LT,4002,0.01191475316260644,0.01198601658151028,0.6305171134245955
2025-11-17,LT,LT,4004.39990234375,5.994960144131319e-4,5.996757480634683e-4,-0.0090180551495368
2025-11-18,LT,LT,4020,0.00388817045497497,0.00389573919605765,0.1768569042247601
2025-11-19,LT,LT,4007,-0.00323907097692215,-0.00323383084577114,-0.2259727876611778
2025-11-20,LT,LT,4035,0.00696347006790461,0.00698777140004991,0.3506719780328667
2025-11-21,LT,LT,4026,-0.00223297450431234,-0.00223048327137546,-0.16910849648463175
2025-11-24,LT,LT,4025,-2.4841634707309927e-4,-2.4838549428713363e-4,-0.05694182461736288
2025-11-25,LT,LT,4013,-0.00298581958574701,-0.00298136645962732,-0.21165908987900317
2025-11-26,LT,LT,3999,-0.00349476142009835,-0.00348866184899078,-0.24042433998012736
2025-11-27,LT,LT,4071,0.01784433965616055,0.01800450112528132,0.965655683239203
2025-11-28,LT,LT,4085,0.00343305879112431,0.00343895848685826,0.1511341203013515
2025-12-01,LT,LT,4087,4.894762701741189e-4,4.895960832313342e-4,-0.0152363403159163
2025-12-02,LT,LT,4066.5,-0.00502852595744738,-0.00501590408612674,-0.3271122825606597
2025-12-03,LT,LT,4032,-0.00852014785562533,-0.0084839542604205,-0.5244577754648934
2025-12-04,LT,LT,3990,-0.01047129986729536,-0.01041666666666666,-0.6347363413299555
2025-12-05,LT,LT,3999,0.00225309896290925,0.00225563909774436,0.08444312090424892
2025-12-08,LT,LT,4047,0.01193153602904712,0.01200300075018754,0.6314656763408176
2025-12-09,LT,LT,3990,-0.01418463499195641,-0.01408450704225352,-0.8446130037707672
2025-12-10,LT,LT,4000,0.00250313021811847,0.0025062656641604,0.09857481750246182
2025-12-11,LT,LT,3993.19995117188,-0.00170145886757487,-0.00170001220702999,-0.1390673813876623
2025-12-12,LT,LT,4061,0.016836346451845,0.01697887650434905,0.9086841893172596
2025-12-15,LT,LT,4072.80004882812,0.00290148689066166,0.00290570027779364,0.12108982519437424
2025-12-16,LT,LT,4083.69995117188,0.00267269265792577,0.00267626748504294,0.10815843916529908
2025-12-17,LT,LT,4079,-0.00115156791732676,-0.00115090511743676,-0.10798769871156248
2025-12-18,LT,LT,4067,-0.00294623341033394,-0.00294189752390291,-0.2094216903188844
2025-12-19,LT,LT,4040.10009765625,-0.00663615861137822,-0.00661418793797639,-0.41797523042579937
2025-12-22,LT,LT,4081,0.01007258810995927,0.0101234873778194,0.5263984599944173
2025-12-23,LT,LT,4089,0.00195838495883665,0.0019603038470963,0.0677859678402707
2025-12-24,LT,LT,4065,-0.00588669838273134,-0.00586940572267058,-0.3756159479640816
2025-12-26,LT,LT,4052,-0.00320315661333692,-0.0031980319803198,-0.22394291787837897
2025-12-29,LT,LT,4053,2.467612597345525e-4,2.4679170779861795e-4,-0.02895452480646717
2025-12-30,LT,LT,4039,-0.00346021106489573,-0.00345423143350604,-0.23847156356953256
2020-01-01,RELIANCE,RELIANCE,693.978515625,NA,NA,NA
2020-01-02,RELIANCE,RELIANCE,691.235534667969,-0.00396037643663662,-0.00395254448844238,-0.25569256746802266
2020-01-03,RELIANCE,RELIANCE,700.835998535156,0.01379327979737084,0.01388884596593919,0.7530364040727499
2020-01-06,RELIANCE,RELIANCE,694.892883300781,-0.00851619713639601,-0.0084800370511745,-0.5145456323476674
2020-01-07,RELIANCE,RELIANCE,694.435668945312,-6.58180343641986e-4,-6.579637904725444e-4,-0.06806806777021909
2020-01-08,RELIANCE,RELIANCE,692.607055664062,-0.00263670946571244,-0.00263323640046779,-0.18048432840765397
2020-01-09,RELIANCE,RELIANCE,703.396179199219,0.01545746899190884,0.01557755360261594,0.8475924680478973
2020-01-10,RELIANCE,RELIANCE,709.476440429688,0.00860700204912226,0.00864414878879644,0.45836196911920746
2020-01-13,RELIANCE,RELIANCE,706.344909667969,-0.00442363136863054,-0.00441386152276232,-0.28201383137851166
2020-01-14,RELIANCE,RELIANCE,704.036193847656,-0.00327389225039532,-0.003268538908843,-0.2166878420166113
2020-01-15,RELIANCE,RELIANCE,702.138977050781,-0.00269840911337396,-0.00269477167999907,-0.18398998500647956
2020-01-16,RELIANCE,RELIANCE,699.007385253906,-0.00447004980432396,-0.00446007400134476,-0.28465123858525165
2020-01-17,RELIANCE,RELIANCE,710.207946777344,0.01589650230433446,0.01602352387073776,0.8725375056152526
2020-01-20,RELIANCE,RELIANCE,735.580688476562,0.03510242969626284,0.03572579244480438,1.96378176145683
2020-01-21,RELIANCE,RELIANCE,698.824523925781,-0.05126056764930043,-0.0499689090899131,-2.943199445304089
2020-01-22,RELIANCE,RELIANCE,705.864868164062,0.01002414232070037,0.0100745523335823,0.5388811832932292
2020-01-23,RELIANCE,RELIANCE,702.436096191406,-0.00486938351158552,-0.00485754728319908,-0.3073406201142189
2020-01-24,RELIANCE,RELIANCE,698.093017578125,-0.00620207390508305,-0.00618288074435397,-0.38306155287847654
2020-01-27,RELIANCE,RELIANCE,692.561340332031,-0.00795554465407537,-0.00792398306071714,-0.48269042492285735
2020-01-28,RELIANCE,RELIANCE,689.68115234375,-0.0041674194969203,-0.00415874785459464,-0.26745636026156283
2020-01-29,RELIANCE,RELIANCE,673.886047363281,-0.02316836531400633,-0.0229020394812767,-1.347053952990476
2020-01-30,RELIANCE,RELIANCE,676.149047851562,0.00335250930268474,0.0033581352472506,0.15981168774508547
2020-01-31,RELIANCE,RELIANCE,664.2626953125,-0.01773584001929458,-0.01757948573148254,-1.0383882009237626
2020-02-03,RELIANCE,RELIANCE,626.272216796875,-0.05889256901497218,-0.05719194948581677,-3.376835243300728
2020-02-04,RELIANCE,RELIANCE,640.032897949219,0.02173445038530836,0.02197236406673795,1.2042386090954988
2020-02-05,RELIANCE,RELIANCE,655.987976074219,0.02462288154267306,0.02492852816804097,1.3683537723233228
2020-02-06,RELIANCE,RELIANCE,664.765625,0.01329207530303174,0.01338080764576074,0.7245589182274487
2020-02-07,RELIANCE,RELIANCE,663.348388671875,-0.00213420964085506,-0.00213193383476319,-0.15193324434662245
2020-02-10,RELIANCE,RELIANCE,652.833557128906,-0.01597811803881733,-0.01585114507328687,-0.9385177819942192
2020-02-11,RELIANCE,RELIANCE,661.702575683594,0.01349396629082439,0.01358542075210253,0.7360299800636763
2020-02-12,RELIANCE,RELIANCE,665.702819824219,0.00602718094090068,0.00604538094247617,0.31178144176447053
2020-02-13,RELIANCE,RELIANCE,675.577575683594,0.01472463820099759,0.01483357973755085,0.8059544166918441
2020-02-14,RELIANCE,RELIANCE,675.348999023438,-3.3839983107428456e-4,-3.383425803094984e-4,-0.04989874741674138
2020-02-17,RELIANCE,RELIANCE,680.720703125,0.00792250160848605,0.00795396766609499,0.41946995631907547
2020-02-18,RELIANCE,RELIANCE,674.731811523438,-0.00883679879451053,-0.00879786904389524,-0.5327616086289161
2020-02-19,RELIANCE,RELIANCE,676.309020996094,0.0023348075812112,0.00233753536697037,0.10198781207091112
2020-02-20,RELIANCE,RELIANCE,684.378051757812,0.01186036894327171,0.01193098200854054,0.6432120866343757
2020-02-24,RELIANCE,RELIANCE,671.920227050781,-0.01837084845369207,-0.01820313301257008,-1.0744681720861256
2020-02-25,RELIANCE,RELIANCE,663.53125,-0.01256367234866117,-0.01248507890230102,-0.7445154737364127
2020-02-26,RELIANCE,RELIANCE,644.604553222656,-0.02893891838519302,-0.02852419803489885,-1.6749258002311307
2020-02-27,RELIANCE,RELIANCE,634.546875,-0.01572587150265015,-0.01560286562105922,-0.9241856136989224
2020-02-28,RELIANCE,RELIANCE,619.414672851562,-0.02413620542142194,-0.02384725659304201,-1.4020447866137589
2020-03-02,RELIANCE,RELIANCE,619.506103515625,1.4759727332527554e-4,1.476081663387806e-4,-0.0222853165363068
2020-03-03,RELIANCE,RELIANCE,607.894104003906,-0.01892185759570567,-0.01874396304705027,-1.1057754632607883
2020-03-04,RELIANCE,RELIANCE,618.088928222656,0.01663164815553175,0.01677072396590392,0.9143070942924416
2020-03-05,RELIANCE,RELIANCE,618.180358886719,1.479138326624125e-4,1.4792477245283774e-4,-0.02226733023701314
2020-03-06,RELIANCE,RELIANCE,580.601257324219,-0.06271604059028849,-0.06078986661785277,-3.5940776241966885
2020-03-09,RELIANCE,RELIANCE,566.909118652344,-0.02386521083128624,-0.02358268863380887,-1.386647389559451
2020-03-11,RELIANCE,RELIANCE,506.540313720703,-0.11259509305979694,-0.10648762375731344,-6.4281104924583365
2020-03-12,RELIANCE,RELIANCE,496.025512695312,-0.02097655096943853,-0.02075807342589654,-1.2225192317780036
2020-03-13,RELIANCE,RELIANCE,456.252014160156,-0.08358204280324671,-0.080184380676377,-4.779644173138124
2020-03-16,RELIANCE,RELIANCE,484.847778320312,0.0607896630554605,0.06267537078777284,3.4232814919133308
2020-03-17,RELIANCE,RELIANCE,478.767456054688,-0.012619980976847101,-0.01254068294731268,-0.7477148228648507
2020-03-18,RELIANCE,RELIANCE,468.732666015625,-0.021182404128965,-0.02095963272390171,-1.2342154166742616
2020-03-19,RELIANCE,RELIANCE,420.638763427734,-0.10825817619703476,-0.10260411973567858,-6.181695127140405
2020-03-20,RELIANCE,RELIANCE,429.507781982422,0.02086543872479289,0.02108464394107538,1.1548630198076106
2020-03-23,RELIANCE,RELIANCE,418.855804443359,-0.02511314141027848,-0.02480042966834755,-1.457552430915936
2020-03-24,RELIANCE,RELIANCE,425.164703369141,0.01494991263868543,0.01506222155418449,0.8187540816649664
2020-03-25,RELIANCE,RELIANCE,440.616943359375,0.03569925763452754,0.03634412703544176,1.997692389465912
2020-03-26,RELIANCE,RELIANCE,500.962890625,0.12835613890781922,0.1369578455279823,7.262280107118552
2020-03-27,RELIANCE,RELIANCE,500.59716796875,-7.303060248194125e-4,-7.300394162803663e-4,-0.07216611175827486
2020-03-30,RELIANCE,RELIANCE,475.727325439453,-0.0509568773307088,-0.04968035003116418,-2.9259443391613313
2020-03-31,RELIANCE,RELIANCE,490.973815917969,0.03154595392602784,0.03204880120020859,1.7617095742559272
2020-04-01,RELIANCE,RELIANCE,513.054931640625,0.0439921203564712,0.04497412083243416,2.468877072461589
2020-04-03,RELIANCE,RELIANCE,518.632385253906,0.01081239995732991,0.01087106520045656,0.5836684825754677
2020-04-07,RELIANCE,RELIANCE,503.843048095703,-0.02893051155312135,-0.0285160309666405,-1.6744481400265063
2020-04-08,RELIANCE,RELIANCE,539.456298828125,0.06829697125442849,0.07068322341059152,3.8498324614020074
2020-04-09,RELIANCE,RELIANCE,554.999938964844,0.02840622545484742,0.02881352979005868,1.5833161757409555
2020-04-13,RELIANCE,RELIANCE,550.405456542969,-0.00831280342598512,-0.0082783476164779,-0.5029891886711454
2020-04-15,RELIANCE,RELIANCE,547.2509765625,-0.00574767945517421,-0.00573119314674293,-0.3572437247033216
2020-04-16,RELIANCE,RELIANCE,525.672729492188,-0.04022868907034231,-0.0394302577692114,-2.3163890921893957
2020-04-17,RELIANCE,RELIANCE,555.914306640625,0.05593532580339298,0.05752928666786863,3.1474672844482567
2020-04-20,RELIANCE,RELIANCE,560.485961914062,0.00819003892508409,0.00822366904184106,0.43467091766830845
2020-04-21,RELIANCE,RELIANCE,553.171264648438,-0.01313654198351734,-0.01305063420436859,-0.77706483652561
2020-04-22,RELIANCE,RELIANCE,603.459594726562,0.08701143215803492,0.0909091510928072,4.913152526373981
2020-04-23,RELIANCE,RELIANCE,625.1064453125,0.03524286101020693,0.03587125099195169,1.971760801549743
2020-04-24,RELIANCE,RELIANCE,617.2431640625,-0.01265889439877717,-0.01257910762073334,-0.7499258094675686
2020-04-27,RELIANCE,RELIANCE,655.576538085938,0.06025200595900914,0.06210416940244387,3.39273283856574
2020-04-28,RELIANCE,RELIANCE,662.891235351562,0.01109586818971117,0.01115765565219972,0.5997746082515245
2020-04-29,RELIANCE,RELIANCE,660.559692382812,-0.00352343306726894,-0.00351723306088588,-0.2308662764891793
2020-04-30,RELIANCE,RELIANCE,664.697021484375,0.00624383562758303,0.00626336900248715,0.324091348884219
2020-05-04,RELIANCE,RELIANCE,658.319580078125,-0.00964083261680898,-0.00959450877635671,-0.5784452807672518
2020-05-05,RELIANCE,RELIANCE,664.582763671875,0.00946892326550882,0.00951389535308478,0.5073346928609995
2020-05-06,RELIANCE,RELIANCE,669.291564941406,0.00706036652654505,0.00708534967641126,0.37048508114335155
2020-05-07,RELIANCE,RELIANCE,665.177062988281,-0.00616652187270712,-0.00614754789788096,-0.3810415540353054
2020-05-08,RELIANCE,RELIANCE,706.322021484375,0.06001798923665646,0.06185564834609888,3.3794364536098356
2020-05-11,RELIANCE,RELIANCE,722.322814941406,0.02240089649087672,0.02265368057391792,1.2421048089247817
2020-05-12,RELIANCE,RELIANCE,715.373901367188,-0.00966680609104287,-0.00962023271379259,-0.5799210441596455
2020-05-13,RELIANCE,RELIANCE,704.710266113281,-0.01501859669531081,-0.01490638005318213,-0.8839996047101097
2020-05-14,RELIANCE,RELIANCE,677.943237304688,-0.03872318464277998,-0.03798302663621238,-2.230849194781895
2020-05-15,RELIANCE,RELIANCE,666.40576171875,-0.01716482679427312,-0.01701835043271132,-1.0059443158096222
2020-05-18,RELIANCE,RELIANCE,678.40478515625,0.01784540119219146,0.01800558177431255,0.9832702327151054
2020-05-19,RELIANCE,RELIANCE,672.4052734375,-0.00888289383132758,-0.00884355748960142,-0.5353806409267554
2020-05-20,RELIANCE,RELIANCE,650.714782714844,-0.03278981979727777,-0.03225806158801958,-1.8937266922680227
2020-05-21,RELIANCE,RELIANCE,662.252258300781,0.01757511377368741,0.01773046485558788,0.96791301580754
2020-05-22,RELIANCE,RELIANCE,670.005493164062,0.01163937291466412,0.01170737398944386,0.6306555127256773
2020-05-26,RELIANCE,RELIANCE,668.320983886719,-0.00251733817687762,-0.00251417233818199,-0.17370187887552943
2020-05-27,RELIANCE,RELIANCE,660.40625,-0.01191339696443034,-0.01184271342295685,-0.7075680635293273
2020-05-28,RELIANCE,RELIANCE,671.482238769531,0.0166323895684526,0.01677147781313551,0.9143492199640938
2020-05-29,RELIANCE,RELIANCE,677.481750488281,0.00889505031151978,0.00893472883176166,0.4747283233874504
2020-06-01,RELIANCE,RELIANCE,683.019775390625,0.00814119702904353,0.00817442668876698,0.43189581405518773
2020-06-02,RELIANCE,RELIANCE,704.248779296875,0.03060786054576753,0.03108109702110593,1.708408893077559
2020-06-03,RELIANCE,RELIANCE,713.017272949219,0.01237397243887849,0.0124508467889692,0.6723940601430644
2020-06-04,RELIANCE,RELIANCE,712.555725097656,-6.47526108199502e-4,-6.473165084120285e-4,-0.06746271438166675
2020-06-05,RELIANCE,RELIANCE,736.092224121094,0.03249729564338948,0.03303109945571242,1.8157630007439216
2020-06-08,RELIANCE,RELIANCE,746.891357421875,0.01456432063939894,0.01467089713340656,0.7968454778400508
2020-06-09,RELIANCE,RELIANCE,720.078186035156,-0.03655993820073446,-0.03589969427317097,-2.1079376474413594
2020-06-10,RELIANCE,RELIANCE,712.140380859375,-0.01108474172392279,-0.01102353234651865,-0.66048544924969
2020-06-11,RELIANCE,RELIANCE,722.708740234375,0.01473123597221162,0.01484027539941863,0.8063292895002089
2020-06-12,RELIANCE,RELIANCE,692.249755859375,-0.04305948270418097,-0.04214558739821263,-2.4772294009837306
2020-06-15,RELIANCE,RELIANCE,722.247253417969,0.04242072715159078,0.04333334508923645,2.379593500077841
2020-06-16,RELIANCE,RELIANCE,758.244262695312,0.04863804350642772,0.04984028545209486,2.7328495871448504
2020-06-17,RELIANCE,RELIANCE,742.207092285156,-0.02137727569111391,-0.02115040126139443,-1.2452876480996102
2020-06-18,RELIANCE,RELIANCE,741.630249023438,-7.775020545962543e-4,-7.771998781930861e-4,-0.07484770038149081
2020-06-19,RELIANCE,RELIANCE,770.704711914062,0.03845450428980194,0.03920344798355877,2.1542402626635635
2020-06-22,RELIANCE,RELIANCE,818.423828125,0.06007502313716426,0.06191621184257,3.3826770113317983
2020-06-23,RELIANCE,RELIANCE,807.624694824219,-0.01328286570323656,-0.0131950377416573,-0.785378671904581
2020-06-24,RELIANCE,RELIANCE,801.117553710938,-0.00808976901942217,-0.00805713489815627,-0.49031679800496314
2020-06-25,RELIANCE,RELIANCE,797.010192871094,-0.00514022723443314,-0.00512703887315644,-0.32272944517623736
2020-06-26,RELIANCE,RELIANCE,797.840942382812,0.0010417895043502,0.0010423323555316501,0.02852098486282333
2020-06-29,RELIANCE,RELIANCE,797.494812011719,-4.339279372016429e-4,-4.338338040904788e-4,-0.05532647266820281
2020-06-30,RELIANCE,RELIANCE,801.625244140625,0.00516589270274909,0.00517925893271557,0.26284468264177224
2020-07-01,RELIANCE,RELIANCE,793.779724121094,-0.00983522480876232,-0.00978701715904885,-0.5894902752900723
2020-07-02,RELIANCE,RELIANCE,804.394226074219,0.01328348272674889,0.01337210013127737,0.7240707043901161
2020-07-03,RELIANCE,RELIANCE,821.377380371094,0.0208931833017891,0.02111297389559832,1.1564394138895018
2020-07-06,RELIANCE,RELIANCE,833.007202148438,0.01405962492010048,0.01415892628074282,0.7681696272344853
2020-07-07,RELIANCE,RELIANCE,858.389709472656,0.03001591504583898,0.03047093381516169,1.674775675926078
2020-07-08,RELIANCE,RELIANCE,841.798767089844,-0.01951721148817945,-0.01932798378140453,-1.1396023387923482
2020-07-09,RELIANCE,RELIANCE,834.853210449219,-0.00828507819591401,-0.00825085152433314,-0.5014138938447319
2020-07-10,RELIANCE,RELIANCE,843.852478027344,0.01072177672368833,0.01077946094653293,0.5785194428473095
2020-07-13,RELIANCE,RELIANCE,878.395690917969,0.04011947488838869,0.04093513237216052,2.2488407245301687
2020-07-14,RELIANCE,RELIANCE,892.540710449219,0.01597496142238578,0.01610324330765753,0.8769954034373532
2020-07-15,RELIANCE,RELIANCE,894.363586425781,0.00204026215851164,0.00204234490956113,0.0852523015149148
2020-07-16,RELIANCE,RELIANCE,852.390197753906,-0.04806798814719679,-0.04693101251988212,-2.761803151759195
2020-07-17,RELIANCE,RELIANCE,851.467224121094,-0.00108339314221962,-0.00108280648374902,-0.0922278500337497
2020-07-20,RELIANCE,RELIANCE,885.064392089844,0.03869939435333419,0.03945796974561158,2.1681544501791614
2020-07-21,RELIANCE,RELIANCE,894.848205566406,0.01099369938694478,0.01105435216240049,0.5939695712507135
2020-07-22,RELIANCE,RELIANCE,915.154174804688,0.02243844696420238,0.02269208242467112,1.2442383553807566
2020-07-23,RELIANCE,RELIANCE,924.822570800781,0.01050935562721009,0.01056477286808694,0.5664500802687096
2020-07-24,RELIANCE,RELIANCE,949.766662597656,0.02661443234420945,0.02697175932381984,1.4815099000147476
2020-07-27,RELIANCE,RELIANCE,1005.51586914062,0.05703965531871893,0.05869779256147747,3.210213186562946
2020-07-28,RELIANCE,RELIANCE,995.0859375,-0.01042688865022007,-0.01037271709051604,-0.6231074891430871
2020-07-29,RELIANCE,RELIANCE,1005.10052490234,0.01001373749377005,0.01006404273735402,0.5382900008218475
2020-07-30,RELIANCE,RELIANCE,968.688171386719,-0.03690008472337942,-0.03622757387293077,-2.1272641257418443
2020-07-31,RELIANCE,RELIANCE,975.841430664062,0.00735734908563929,0.0073844808769605,0.38735906515273216
2020-08-03,RELIANCE,RELIANCE,946.674621582031,-0.03034465910029254,-0.02988888170302725,-1.7547973132932742
2020-08-04,RELIANCE,RELIANCE,932.506591796875,-0.01507922508738854,-0.01496610288493757,-0.8874443946046888
2020-08-05,RELIANCE,RELIANCE,1000.9931640625,0.07087172973945235,0.07344352615637405,3.996125340138104
2020-08-06,RELIANCE,RELIANCE,995.455139160156,-0.00554789132081689,-0.0055325301921824,-0.34589214299868815
2020-08-07,RELIANCE,RELIANCE,982.90234375,-0.01269028876756886,-0.01261010658978218,-0.7517095777756851
2020-08-10,RELIANCE,RELIANCE,996.42431640625,0.01366341725671327,0.01375718833333995,0.7456578615712761
2020-08-11,RELIANCE,RELIANCE,985.209838867188,-0.01131853448541901,-0.01125472085979264,-0.6737691091758082
2020-08-12,RELIANCE,RELIANCE,978.841125488281,-0.00648530594815135,-0.00646432173904169,-0.39915425872711263
2020-08-13,RELIANCE,RELIANCE,982.071655273438,0.00329492748433344,0.00330036172473385,0.15653999837364824
2020-08-14,RELIANCE,RELIANCE,979.556457519531,-0.00256439955755364,-0.00256111429385122,-0.17637581699300114
2020-08-17,RELIANCE,RELIANCE,971.457153320312,-0.00830271063338152,-0.00826833832500919,-0.5024157353965741
2020-08-18,RELIANCE,RELIANCE,962.227172851562,-0.00954659500879011,-0.00950117093399657,-0.5730908791631896
2020-08-19,RELIANCE,RELIANCE,988.071166992188,0.026504157319469,0.0268585162317098,1.4752442829031585
2020-08-20,RELIANCE,RELIANCE,978.379638671875,-0.0098569532082497,-0.00980853266856797,-0.5907248416114674
2020-08-21,RELIANCE,RELIANCE,977.456665039062,-9.438148781429984e-4,-9.433696249708012e-4,-0.08429727861141016
2020-08-24,RELIANCE,RELIANCE,965.180786132812,-0.01263853150069072,-0.0125590006650161,-0.7487688283379588
2020-08-25,RELIANCE,RELIANCE,971.918640136719,0.00695667045879284,0.00698092430010286,0.3645932678516115
2020-08-26,RELIANCE,RELIANCE,962.227172851562,-0.01002152819117834,-0.00997148000350486,-0.6000756790436437
2020-08-27,RELIANCE,RELIANCE,991.301635742188,0.02976829393265569,0.03021579904510873,1.6607063153650292
2020-08-28,RELIANCE,RELIANCE,978.379638671875,-0.01312108982143635,-0.01303538358497537,-0.7761868740733358
2020-08-31,RELIANCE,RELIANCE,1003.30065917969,0.02515272962880823,0.02547172848123111,1.398458732561101
2020-09-01,RELIANCE,RELIANCE,969.149658203125,-0.03463145694764034,-0.03403865099070825,-1.998365011504937
2020-09-02,RELIANCE,RELIANCE,965.457641601562,-0.00381681707090763,-0.00380954228308579,-0.2475357974236944
2020-09-03,RELIANCE,RELIANCE,982.071655273438,0.01706204547824576,0.01720843355107277,0.9387614513540358
2020-09-04,RELIANCE,RELIANCE,961.557983398438,-0.02110940604546746,-0.02088816204484426,-1.2300678044460904
2020-09-07,RELIANCE,RELIANCE,961.765686035156,2.159830306531107e-4,2.1600635666710777e-4,-0.018399767906317772
2020-09-08,RELIANCE,RELIANCE,965.457641601562,0.00383137753656869,0.00383872664622292,0.187020069765236
2020-09-09,RELIANCE,RELIANCE,962.227172851562,-0.00335165972147945,-0.00334604917999415,-0.22110644177386915
2020-09-10,RELIANCE,RELIANCE,1007.50030517578,0.04597702752191637,0.0470503573392663,2.581655721389583
2020-09-11,RELIANCE,RELIANCE,1066.98767089844,0.05736709958840321,0.0590445138498307,3.2288179470157727
2020-09-14,RELIANCE,RELIANCE,1072.98718261719,0.005607100875411,0.00562285008757243,0.2879132916301623
2020-09-15,RELIANCE,RELIANCE,1066.96459960938,-0.00562872393547643,-0.00561291234916706,-0.350484898382578
2020-09-16,RELIANCE,RELIANCE,1070.67956542969,0.0034757604853806,0.00348180794533395,0.16681458546503958
2020-09-17,RELIANCE,RELIANCE,1070.67956542969,0,0,-0.03067151280828565
2020-09-18,RELIANCE,RELIANCE,1068.02600097656,-0.00248146903104643,-0.0024783927318768402,-0.17166386224912653
2020-09-21,RELIANCE,RELIANCE,1061.44958496094,-0.00617657884093856,-0.00615754299015828,-0.381612971837205
2020-09-22,RELIANCE,RELIANCE,1050.83508300781,-0.01005034166175882,-0.01000000575017475,-0.6017128056254623
2020-09-23,RELIANCE,RELIANCE,1042.98962402344,-0.00749393745727469,-0.00746592791888324,-0.45646278219129255
2020-09-24,RELIANCE,RELIANCE,1018.94549560547,-0.02332296307555302,-0.02305308496283721,-1.3558379036850254
2020-09-25,RELIANCE,RELIANCE,1010.22314453125,-0.00859702305976099,-0.00856017432908624,-0.5191380075449306
2020-09-28,RELIANCE,RELIANCE,1027.76013183594,0.01721056338619331,0.01735951843869829,0.9471999563337784
2020-09-29,RELIANCE,RELIANCE,1026.83715820312,-8.984473009680317e-4,-8.980438180368495e-4,-0.08171957918646919
2020-09-30,RELIANCE,RELIANCE,1042.98962402344,0.01560787005008884,0.01573030902834241,0.8561379700412243
2020-10-01,RELIANCE,RELIANCE,1044.74328613281,0.00167996826920215,0.00168138020645408,0.06478108817017196
2020-10-05,RELIANCE,RELIANCE,1035.60559082031,-0.00878482852477055,-0.00874635466318603,-0.5298087567738102
2020-10-06,RELIANCE,RELIANCE,1026.95251464844,-0.00839067458613347,-0.00835557112531213,-0.5074136798437675
2020-10-07,RELIANCE,RELIANCE,1031.4521484375,0.00437196926042882,0.00438154026099285,0.21773546305917252
2020-10-08,RELIANCE,RELIANCE,1042.52807617188,0.01068094372383002,0.01073818863158937,0.5761993894786349
2020-10-09,RELIANCE,RELIANCE,1031.4521484375,-0.01068094372383002,-0.01062410498818444,-0.6375424150952065
2020-10-12,RELIANCE,RELIANCE,1031.4521484375,0,0,-0.03067151280828565
2020-10-13,RELIANCE,RELIANCE,1029.42150878906,-0.00197065967482784,-0.00196871919993198,-0.14264064642472774
2020-10-14,RELIANCE,RELIANCE,1051.71203613281,0.02142234442361608,0.02165345016928102,1.1865053421222127
2020-10-15,RELIANCE,RELIANCE,1056.83459472656,0.00485886211553172,0.00487068552774756,0.245399788790438
2020-10-16,RELIANCE,RELIANCE,1022.22216796875,-0.03329935540367686,-0.03275103495903769,-1.922677536050939
2020-10-19,RELIANCE,RELIANCE,1010.70770263672,-0.01132807248423966,-0.01126415146612434,-0.6743110401231072
2020-10-20,RELIANCE,RELIANCE,1005.60815429688,-0.00505829401234936,-0.00504552238647867,-0.31807415537236694
2020-10-21,RELIANCE,RELIANCE,1000.53167724609,-0.00506095119231465,-0.00504816615607047,-0.31822513128280794
2020-10-22,RELIANCE,RELIANCE,981.794738769531,-0.01890455208826361,-0.0187269817664658,-1.1047921972510195
2020-10-23,RELIANCE,RELIANCE,971.918640136719,-0.01011016545564076,-0.0100592295342605,-0.605111879781275
2020-10-26,RELIANCE,RELIANCE,970.049560546875,-0.00192493385455235,-0.00192308235757373,-0.14004259230835933
2020-10-27,RELIANCE,RELIANCE,939.106018066406,-0.03241878541552392,-0.03189892943513551,-1.8726452245759817
2020-10-28,RELIANCE,RELIANCE,942.290344238281,0.00338507002177894,0.00339080584152941,0.1616617258584522
2020-10-29,RELIANCE,RELIANCE,921.615173339844,-0.02218569421222717,-0.021941401633644268,-1.2912204504828757
2020-10-30,RELIANCE,RELIANCE,938.459899902344,0.01811237331905839,0.01827739717159424,0.9984390810590692
2020-11-02,RELIANCE,RELIANCE,935.460144042969,-0.00320158635518856,-0.00319646674267824,-0.2125795586102594
2020-11-03,RELIANCE,RELIANCE,872.234680175781,-0.06998002455508552,-0.06758755492664131,-4.006803373615145
2020-11-04,RELIANCE,RELIANCE,847.775207519531,-0.02844300116402609,-0.02804230697559594,-1.64674872718863
2020-11-05,RELIANCE,RELIANCE,902.209106445312,0.06223080334439406,0.06420793913642134,3.5051643414143414
2020-11-06,RELIANCE,RELIANCE,918.384704589844,0.01777005249392089,0.01792887926864704,0.978989063027488
2020-11-09,RELIANCE,RELIANCE,951.658813476562,0.03559021033271123,0.03623112266615817,1.9914965292351752
2020-11-10,RELIANCE,RELIANCE,958.53515625,0.00719965886750505,0.0072256387226821,0.3783994069581624
2020-11-11,RELIANCE,RELIANCE,964.073181152344,0.00576096557084866,0.00577759184546756,0.2966555909030276
2020-11-12,RELIANCE,RELIANCE,914.231201171875,-0.0530837109910438,-0.05169937402562481,-3.0467869815190487
2020-11-13,RELIANCE,RELIANCE,914.692687988281,5.046539431578016e-4,5.047813023822443e-4,-0.00199803584355474
2020-11-14,RELIANCE,RELIANCE,929.876037597656,0.01646313561748512,0.01659939978613836,0.9047325324695148
2020-11-17,RELIANCE,RELIANCE,962.227172851562,0.03419928484560917,0.03479080430708323,1.9124667892424232
2020-11-18,RELIANCE,RELIANCE,919.884521484375,-0.04500242716377928,-0.04400483852654516,-2.5876238087980044
2020-11-19,RELIANCE,RELIANCE,917.092468261719,-0.00303983706738137,-0.00303522144078543,-0.20338927179910352
2020-11-20,RELIANCE,RELIANCE,911.462158203125,-0.00615822767407897,-0.00613930465405065,-0.3805702934486608
2020-11-23,RELIANCE,RELIANCE,900.386169433594,-0.01222632885216356,-0.012151890969743,-0.7253482580489662
2020-11-24,RELIANCE,RELIANCE,906.385681152344,0.00664116365054151,0.00666326507716584,0.34666677124682527
2020-11-25,RELIANCE,RELIANCE,913.769653320312,0.00811360715835367,0.00814661167040985,0.4303282100913002
2020-11-26,RELIANCE,RELIANCE,901.332275390625,-0.01370454451331621,-0.01361106476286891,-0.8093376596649386
2020-11-27,RELIANCE,RELIANCE,895.540405273438,-0.00644663390816279,-0.00642589894462275,-0.3969569869870909
2020-12-01,RELIANCE,RELIANCE,895.47119140625,-7.729025021472111e-5,-7.728726340027224e-5,-0.03506299778363858
2020-12-02,RELIANCE,RELIANCE,903.847412109375,0.00931050364813607,0.00935398121515329,0.49833359158935314
2020-12-03,RELIANCE,RELIANCE,910.077697753906,0.0068694237823873,0.00689307239370299,0.35963607768182926
2020-12-04,RELIANCE,RELIANCE,908.693176269531,-0.00152248067261988,-0.0015213222868685,-0.11717596816327694
2020-12-07,RELIANCE,RELIANCE,895.586608886719,-0.01452856484174203,-0.01442353450547366,-0.8561569270578412
2020-12-08,RELIANCE,RELIANCE,905.070434570312,0.010533836427118,0.01058951260490838,0.5678410327456587
2020-12-09,RELIANCE,RELIANCE,927.591613769531,0.02457879563138479,0.02488334425586562,1.365848894715742
2020-12-10,RELIANCE,RELIANCE,932.968078613281,0.00577942199975301,0.00579615507939017,0.2977042500806984
2020-12-11,RELIANCE,RELIANCE,928.999145507812,-0.00426316754150966,-0.00425409314257376,-0.27289658199801015
2020-12-14,RELIANCE,RELIANCE,926.668579101562,-0.00251183722247375,-0.00250868519903326,-0.17338932511166377
2020-12-15,RELIANCE,RELIANCE,918.246215820312,-0.00913041817962047,-0.00908886248135852,-0.5494445034908231
2020-12-16,RELIANCE,RELIANCE,917.461669921875,-8.5476120933771e-4,-8.543960050368124e-4,-0.07923741857121078
2020-12-17,RELIANCE,RELIANCE,915.846435546875,-0.00176209856719934,-0.00176054698300098,-0.13079060106908386
2020-12-18,RELIANCE,RELIANCE,913.815856933594,-0.00221962211857448,-0.00221716057896596,-0.15678621883655428
2020-12-21,RELIANCE,RELIANCE,927.614685058594,0.01498735477808714,0.01510022836690909,0.8208814727934836
2020-12-22,RELIANCE,RELIANCE,899.463195800781,-0.03081830022892672,-0.03034825742979126,-1.7817087011375077
2020-12-23,RELIANCE,RELIANCE,890.694702148438,-0.00979641381143202,-0.00974858525982998,-0.587285108258254
2020-12-24,RELIANCE,RELIANCE,898.540161132812,0.00876968074611643,0.00880824705193611,0.46760506319220146
2020-12-28,RELIANCE,RELIANCE,926.091735839844,0.03020189331885832,0.03066259684185621,1.6853426075822384
2020-12-29,RELIANCE,RELIANCE,927.153198242188,0.00114551778763292,0.00114617414373249,0.03441462857971764
2020-12-30,RELIANCE,RELIANCE,920.807556152344,-0.00686775086135497,-0.00684422175523401,-0.42088405110801425
2020-12-31,RELIANCE,RELIANCE,919.999938964844,-8.774597468339264e-4,-8.770748916034991e-4,-0.08052710628861623
2021-01-01,RELIANCE,RELIANCE,917.461669921875,-0.0027628012963736,-0.00275898827322201,-0.1876486263407681
2021-01-04,RELIANCE,RELIANCE,920.738342285156,0.00356509173324979,0.00357145423149944,0.17189021701956603
2021-01-05,RELIANCE,RELIANCE,908.693176269531,-0.01316839679682182,-0.01308207279141913,-0.7788747664149639
2021-01-06,RELIANCE,RELIANCE,907.262512207031,-0.00157565998726895,-0.00157441928679746,-0.12019751564995432
2021-01-07,RELIANCE,RELIANCE,886.310424804688,-0.0233645815155573,-0.02309374312333754,-1.3582025842685228
2021-01-08,RELIANCE,RELIANCE,885.156677246094,-0.00130259006265769,-0.00130174206046174,-0.1046822020389927
2021-01-11,RELIANCE,RELIANCE,894.755859375,0.01078623246653191,0.0108446135872477,0.5821816955310107
2021-01-12,RELIANCE,RELIANCE,878.234191894531,-0.01863760680845859,-0.01846500060028621,-1.089624874306038
2021-01-13,RELIANCE,RELIANCE,906.177978515625,0.03132243959489398,0.03181814928067593,1.7490099151886644
2021-01-14,RELIANCE,RELIANCE,897.6171875,-0.00949204815864101,-0.00944714086922317,-0.5699916309110864
2021-01-15,RELIANCE,RELIANCE,904.816589355469,0.00798857659583038,0.00802057041211566,0.4232242113947563
2021-01-18,RELIANCE,RELIANCE,899.509338378906,-0.00588282438435419,-0.00586555445490172,-0.3649224024710894
2021-01-19,RELIANCE,RELIANCE,920.530639648438,0.02310085091381791,0.02336974211675943,1.2818748875988524
2021-01-20,RELIANCE,RELIANCE,932.875793457031,0.01332178000669023,0.01341091026943745,0.7262466829772222
2021-01-21,RELIANCE,RELIANCE,960.842651367188,0.0295385952936543,0.02997918705395704,1.6476552756901508
2021-01-22,RELIANCE,RELIANCE,974.226135253906,0.01383278711838358,0.01392890278931169,0.7552811348914741
2021-01-25,RELIANCE,RELIANCE,939.129089355469,-0.03669050330211208,-0.03602556391005661,-2.1153561081063503
2021-01-27,RELIANCE,RELIANCE,888.38720703125,-0.05554525320458772,-0.05403078543658305,-3.1866471270994317
2021-01-28,RELIANCE,RELIANCE,867.688903808594,-0.02357444723955106,-0.02329874075047091,-1.3701267554440564
2021-01-29,RELIANCE,RELIANCE,874.219116210938,0.00749780461392541,0.007525983533592,0.3953394810584922
2021-02-01,RELIANCE,RELIANCE,858.11279296875,-0.01859549809676858,-0.01842366855576938,-1.087232337418081
2021-02-02,RELIANCE,RELIANCE,883.426086425781,0.02907207711621281,0.02949879510531066,1.621148600381534
2021-02-03,RELIANCE,RELIANCE,889.91015625,0.00731288129632136,0.00733968571208104,0.3848324899620149
2021-02-04,RELIANCE,RELIANCE,887.925659179688,-0.00223248724917829,-0.00222999710293737,-0.15751719108202686
2021-02-05,RELIANCE,RELIANCE,890.7177734375,0.00313960235100787,0.00314453606441731,0.14771471979842113
2021-02-08,RELIANCE,RELIANCE,892.102233886719,0.00155311329447334,0.0015543199995617,0.0575734298429872
2021-02-09,RELIANCE,RELIANCE,905.439636230469,0.01483987364099607,0.01495053126998851,0.8125018751613873
2021-02-10,RELIANCE,RELIANCE,901.655334472656,-0.00418827715319454,-0.00417951855252082,-0.26864145261014405
2021-02-11,RELIANCE,RELIANCE,913.769653320312,0.01334618477338127,0.01343564262805723,0.7276333153914394
2021-02-12,RELIANCE,RELIANCE,948.612915039062,0.03742230893837024,0.03813134042276634,2.0955928865087627
2021-02-15,RELIANCE,RELIANCE,945.174743652344,-0.00363100387564203,-0.00362441975247247,-0.23697824517144664
2021-02-16,RELIANCE,RELIANCE,941.344299316406,-0.00406086502448126,-0.00405263086181963,-0.2614021378535265
2021-02-17,RELIANCE,RELIANCE,950.689636230469,0.00987869481432857,0.00992765019222981,0.5306171326896943
2021-02-18,RELIANCE,RELIANCE,962.227172851562,0.01206291509593259,0.01213596549431207,0.6547203736919889
2021-02-19,RELIANCE,RELIANCE,949.30517578125,-0.01352024612178007,-0.01342925811585395,-0.7988661756787412
2021-02-22,RELIANCE,RELIANCE,959.919677734375,0.0111192888536454,0.01118133791316325,0.6011053258193189
2021-02-23,RELIANCE,RELIANCE,945.151672363281,-0.01550419746439808,-0.01538462614491847,-0.9115905165721134
2021-02-24,RELIANCE,RELIANCE,936.844665527344,-0.00882792449407497,-0.00878907277936248,-0.5322573877611965
2021-02-25,RELIANCE,RELIANCE,958.073669433594,0.02240718423799457,0.02266011078186619,1.242462066753811
2021-02-26,RELIANCE,RELIANCE,976.995178222656,0.01955704252735105,0.01974953429233505,1.0805224370444255
2021-03-01,RELIANCE,RELIANCE,973.85693359375,-0.00321730931516058,-0.00321213932152162,-0.21347290728351867
2021-03-02,RELIANCE,RELIANCE,979.302673339844,0.00557635314426111,0.00559192994190427,0.28616626404264905
2021-03-03,RELIANCE,RELIANCE,978.8642578125,-4.477815733630313e-4,-4.476813341566725e-4,-0.05611360991886156
2021-03-04,RELIANCE,RELIANCE,1006.06964111328,0.02741359502506903,0.02779280485894618,1.5269168031636928
2021-03-05,RELIANCE,RELIANCE,994.99365234375,-0.01107021643819663,-0.01100916707641999,-0.6596601501485497
2021-03-08,RELIANCE,RELIANCE,1000.76239013672,0.00578102106289935,0.00579776341224036,0.297795105806515
2021-03-09,RELIANCE,RELIANCE,1015.29962158203,0.014421662944561,0.01452615684660569,0.7887399390203568
2021-03-10,RELIANCE,RELIANCE,1018.53015136719,0.00317679733575903,0.00318184870405666,0.14982806806989668
2021-03-12,RELIANCE,RELIANCE,1012.99212646484,-0.00545210720171935,-0.00543727143955063,-0.3404498715773165
2021-03-15,RELIANCE,RELIANCE,987.632751464844,-0.02535281212246631,-0.02503412843740026,-1.471170064817767
2021-03-16,RELIANCE,RELIANCE,975.610656738281,-0.01224733005517944,-0.01217263675058562,-0.7265415064503151
2021-03-17,RELIANCE,RELIANCE,968.249755859375,-0.0075735232995167,-0.00754491643573822,-0.46098469833835665
2021-03-18,RELIANCE,RELIANCE,956.643005371094,-0.01205977953044511,-0.01198735183566288,-0.715885242442859
2021-03-19,RELIANCE,RELIANCE,918.84619140625,-0.04031154354228414,-0.03950984197096817,-2.321096725657556
2021-03-22,RELIANCE,RELIANCE,955.766174316406,0.0393945524240203,0.04018080855692699,2.207652009242982
2021-03-23,RELIANCE,RELIANCE,951.589599609375,-0.00437944660301665,-0.0043698708107328,-0.2795033370562162
2021-03-24,RELIANCE,RELIANCE,959.804260253906,0.00859551910667149,0.00863256665258123,0.45770953017502886
2021-03-25,RELIANCE,RELIANCE,947.920654296875,-0.01245856735043476,-0.01238128069351071,-0.7385436076955666
2021-03-26,RELIANCE,RELIANCE,928.537658691406,-0.02065986214907371,-0.02044790934516182,-1.2045255754936637
2021-03-30,RELIANCE,RELIANCE,926.691650390625,-0.00199006009766985,-0.00198808124097262,-0.14374294154202294
2021-03-31,RELIANCE,RELIANCE,931.306701660156,0.00496777702261913,0.00498013688543072,0.25158812660455476
2021-04-01,RELIANCE,RELIANCE,931.306701660156,0,0,-0.03067151280828565
2021-04-05,RELIANCE,RELIANCE,934.514099121094,0.00343805859485196,0.00344397549724534,0.164672435771657
2021-04-06,RELIANCE,RELIANCE,924.845703125,-0.01039979795771369,-0.01034590703894896,-0.6215682475339169
2021-04-07,RELIANCE,RELIANCE,922.999694824219,-0.00199801229793719,-0.00199601760006395,-0.14419477043244525
2021-04-08,RELIANCE,RELIANCE,928.076171875,0.00548490731138196,0.00549997695475708,0.2809704857907768
2021-04-09,RELIANCE,RELIANCE,922.284362792969,-0.00626021565930772,-0.00624066133529727,-0.3863650567409817
2021-04-12,RELIANCE,RELIANCE,904.078186035156,-0.01993774989105977,-0.01974030731983668,-1.1634965307852223
2021-04-13,RELIANCE,RELIANCE,887.925659179688,-0.01802782328145946,-0.01786629420438196,-1.0549781343925944
2021-04-15,RELIANCE,RELIANCE,888.987121582031,0.00119472665185803,0.00119544062204903,0.03721058262694124
2021-04-16,RELIANCE,RELIANCE,893.740600585938,0.00533282812643097,0.00534707296484531,0.272329635826896
2021-04-19,RELIANCE,RELIANCE,878.695678710938,-0.01697695245700236,-0.01683365605762625,-0.9952696533898884
2021-04-20,RELIANCE,RELIANCE,881.695434570312,0.00340805942522976,0.0034138734627383,0.1629679400260362
2021-04-22,RELIANCE,RELIANCE,873.273071289062,-0.00959838072872691,-0.00955246330083877,-0.5760332452495781
2021-04-23,RELIANCE,RELIANCE,879.618713378906,0.00724022996250555,0.00726650379872243,0.38070457939108066
2021-04-26,RELIANCE,RELIANCE,886.079711914062,0.0073183815304733,0.00734522633146035,0.3851450028025357
2021-04-27,RELIANCE,RELIANCE,895.309692382812,0.01036276857226527,0.01041664801105973,0.5581212826832048
2021-04-28,RELIANCE,RELIANCE,922.007446289062,0.02938361632866909,0.0298195743142192,1.6388496657414504
2021-04-29,RELIANCE,RELIANCE,933.567993164062,0.01246049738196343,0.01253845283086315,0.6773102427986407
2021-04-30,RELIANCE,RELIANCE,926.922424316406,-0.00714391974134267,-0.00711846260402819,-0.4365754414678171
2021-05-03,RELIANCE,RELIANCE,907.308654785156,-0.02138718221432922,-0.02116009820963703,-1.2458505179019097
2021-05-04,RELIANCE,RELIANCE,899.924682617188,-0.00817162134415655,-0.00813832440484824,-0.4949674913753446
2021-05-05,RELIANCE,RELIANCE,887.625732421875,-0.01376089219175766,-0.01366664392351677,-0.8125392275546043
2021-05-06,RELIANCE,RELIANCE,886.933471679688,-7.802058964312067e-4,-7.799016149500545e-4,-0.07500132753059353
2021-05-07,RELIANCE,RELIANCE,894.271301269531,0.00823922236434226,0.00827325816889803,0.43746542711728026
2021-05-10,RELIANCE,RELIANCE,894.848205566406,6.449030538934802e-4,6.451110485777766e-4,0.00597065180969124
2021-05-11,RELIANCE,RELIANCE,883.772216796875,-0.01245474504411779,-0.01237750570502662,-0.7383264315224329
2021-05-12,RELIANCE,RELIANCE,890.740844726562,0.00785417014293961,0.00788509504739127,0.41558749244481674
2021-05-14,RELIANCE,RELIANCE,889.794738769531,-0.00106272073958297,-0.00106215625187981,-0.09105328344441815
2021-05-17,RELIANCE,RELIANCE,894.063659667969,0.00478617478983214,0.00479764681946907,0.2412698332291412
2021-05-18,RELIANCE,RELIANCE,914.231201171875,0.02230651447596433,0.02255716501372586,1.236742202395759
2021-05-19,RELIANCE,RELIANCE,913.769653320312,-5.049755422560167e-4,-5.048480635656888e-4,-0.05936326242194674
2021-05-20,RELIANCE,RELIANCE,922.030517578125,0.00899980307997089,0.00904042307357869,0.4806801764025678
2021-05-21,RELIANCE,RELIANCE,919.307678222656,-0.00295745925034576,-0.00295309027581971,-0.19870872095589576
2021-05-24,RELIANCE,RELIANCE,926.691650390625,0.00800001542233561,0.00803210105048266,0.4238741437548383
2021-05-25,RELIANCE,RELIANCE,921.338256835938,-0.00579363841265596,-0.00577688765451857,-0.35985502523221474
2021-05-26,RELIANCE,RELIANCE,911.462158203125,-0.01077716279603627,-0.0107192972391372,-0.6430093997247326
2021-05-27,RELIANCE,RELIANCE,909.293151855469,-0.00238253582093062,-0.00237969983518794,-0.16604266546712618
2021-05-28,RELIANCE,RELIANCE,918.384704589844,0.00994882953989721,0.00999848367473473,0.5346020543677783
2021-05-31,RELIANCE,RELIANCE,970.072631835938,0.05475457585897409,0.05628134591938583,3.0803793189395527
2021-06-01,RELIANCE,RELIANCE,999.608642578125,0.02999289808438349,0.03044721577835656,1.6734678959650964
2021-06-02,RELIANCE,RELIANCE,995.455139160156,-0.00416378609726658,-0.00415512955876065,-0.267249917405647
2021-06-03,RELIANCE,RELIANCE,1024.99108886719,0.02923913888391656,0.02967079936113727,1.6306407321936158
2021-06-04,RELIANCE,RELIANCE,1022.12982177734,-0.00279540787083598,-0.00279150435640591,-0.1895012698689166
2021-06-07,RELIANCE,RELIANCE,1016.22265625,-0.00579603589480584,-0.00577927128382602,-0.35999124560684953
2021-06-08,RELIANCE,RELIANCE,1027.57556152344,0.01110972888110931,0.01117167109355125,0.6005621463673131
2021-06-09,RELIANCE,RELIANCE,1024.06811523438,-0.00341916069132645,-0.00341332201775994,-0.22494171846247257
2021-06-10,RELIANCE,RELIANCE,1012.25372314453,-0.0116037891772922,-0.0115367248663396,-0.689976738081523
2021-06-11,RELIANCE,RELIANCE,1007.40802001953,-0.00479853860626256,-0.00478704401298421,-0.30331534737358484
2021-06-14,RELIANCE,RELIANCE,1022.22216796875,0.01459813823966561,0.01470521144841869,0.7987669295504672
2021-06-15,RELIANCE,RELIANCE,1043.451171875,0.02055480015063868,0.02076750492354709,1.1372131270025874
2021-06-16,RELIANCE,RELIANCE,1036.02099609375,-0.0071462436636763,-0.00712076998092642,-0.4367074823136378
2021-06-17,RELIANCE,RELIANCE,1015.29962158203,-0.02020364752214082,-0.02000092140009575,-1.1786043283228214
2021-06-18,RELIANCE,RELIANCE,1027.06787109375,0.01152425290470215,0.01159091293009922,0.6241146127712073
2021-06-21,RELIANCE,RELIANCE,1016.91491699219,-0.00993456272222463,-0.009885377965088,-0.5951344665462875
2021-06-22,RELIANCE,RELIANCE,1040.22058105469,0.02265933503980405,0.02291800786188977,1.2567887956050348
2021-06-23,RELIANCE,RELIANCE,1038.37463378906,-0.00177614933175326,-0.00177457291198601,-0.13158893877997657
2021-06-24,RELIANCE,RELIANCE,1018.4609375,-0.01936403552089932,-0.0191777568914548,-1.1308991717431138
2021-06-25,RELIANCE,RELIANCE,993.839904785156,-0.02447174986089844,-0.02417474427176445,-1.4211097833039052
2021-06-28,RELIANCE,RELIANCE,979.302673339844,-0.01473537152970015,-0.01462733723542187,-0.8679072896255333
2021-06-29,RELIANCE,RELIANCE,964.303894042969,-0.0154342728555714,-0.01531577489288648,-0.9076175333275682
2021-06-30,RELIANCE,RELIANCE,967.419006347656,0.00322521931520308,0.00323042593100659,0.15257931282087936
2021-07-01,RELIANCE,RELIANCE,977.456665039062,0.01032225140560614,0.0103757096206965,0.5558191743560468
2021-07-02,RELIANCE,RELIANCE,967.76513671875,-0.00996452795481705,-0.00991504653551545,-0.5968370340544403
2021-07-05,RELIANCE,RELIANCE,985.971313476562,0.01863782986110857,0.01881259829171041,1.0282945221166888
2021-07-06,RELIANCE,RELIANCE,989.894104003906,0.00397071141253876,0.00397860513153482,0.1949367555203005
2021-07-07,RELIANCE,RELIANCE,981.956298828125,-0.00805116660225424,-0.00801884276679124,-0.4881234821011544
2021-07-08,RELIANCE,RELIANCE,976.972106933594,-0.00508870322702556,-0.00507577771075881,-0.3198019490978603
2021-07-09,RELIANCE,RELIANCE,963.611633300781,-0.01376975850882215,-0.0136753890290146,-0.8130429948223674
2021-07-12,RELIANCE,RELIANCE,959.804260253906,-0.00395897531317342,-0.00395114890200435,-0.25561295829842884
2021-07-13,RELIANCE,RELIANCE,969.149658203125,0.00968967789175625,0.00973677481567622,0.519877550746852
2021-07-14,RELIANCE,RELIANCE,969.311157226562,1.6662603909776264e-4,1.666399219873599e-4,-0.02120413826663844
2021-07-15,RELIANCE,RELIANCE,966.842163085938,-0.00255041318581654,-0.00254716364525142,-0.17558113795945535
2021-07-16,RELIANCE,RELIANCE,963.496276855469,-0.00346663518895901,-0.00346063334659473,-0.22763912909947587
2021-07-19,RELIANCE,RELIANCE,969.149658203125,0.00585042233567762,0.00586756947946574,0.3017383540924173
2021-07-20,RELIANCE,RELIANCE,968.918884277344,-2.381483645323665e-4,-2.381200094615877e-4,-0.04420264981254347
2021-07-22,RELIANCE,RELIANCE,977.918151855469,0.00924507959260487,0.00928794734436102,0.4946163212209204
2021-07-23,RELIANCE,RELIANCE,985.04833984375,0.00726473872806948,0.00729119095984919,0.3820971208234016
2021-07-26,RELIANCE,RELIANCE,972.841674804688,-0.01246936560294999,-0.01239194519225146,-0.7391571438602054
2021-07-27,RELIANCE,RELIANCE,958.44287109375,-0.01491139204515282,-0.0148007677753204,-0.8779084404410219
2021-07-28,RELIANCE,RELIANCE,949.766662597656,-0.00909362219609154,-0.0090524002606362,-0.5473538257097097
2021-07-29,RELIANCE,RELIANCE,947.920654296875,-0.00194553535413853,-0.00194364402697827,-0.14121313032125393
2021-07-30,RELIANCE,RELIANCE,949.766662597656,0.00194553535413863,0.00194742913598639,0.0798701047046884
2021-08-02,RELIANCE,RELIANCE,948.059143066406,-0.0017994485973389,-0.0017978305603819,-0.13291275872456002
2021-08-03,RELIANCE,RELIANCE,964.53466796875,0.01722888816998432,0.01737816150272595,0.9482411356865592
2021-08-04,RELIANCE,RELIANCE,966.565246582031,0.00210302879345854,0.002105241709515,0.08881858230139164
2021-08-05,RELIANCE,RELIANCE,975.749084472656,0.00945666330632003,0.00950151882979539,0.506638105304012
2021-08-06,RELIANCE,RELIANCE,982.971557617188,0.00737471768360564,0.00740197788495525,0.38834591584606337
2021-08-09,RELIANCE,RELIANCE,960.381164550781,-0.02324993339636124,-0.0229817362377891,-1.351688496249617
2021-08-10,RELIANCE,RELIANCE,960.842651367188,4.804092281793889e-4,4.8052464317414314e-4,-0.003375574423953
2021-08-11,RELIANCE,RELIANCE,967.742065429688,0.0071549291414230104,0.00718058680334682,0.3758579490188338
2021-08-12,RELIANCE,RELIANCE,980.640991210938,0.01324084008006103,0.01332888818419062,0.7216478303313731
2021-08-13,RELIANCE,RELIANCE,977.133605957031,-0.00358303658791124,-0.00357662517204778,-0.2342528351385771
2021-08-16,RELIANCE,RELIANCE,991.924682617188,0.01502378569274894,0.01513721007033644,0.8229514080560971
2021-08-17,RELIANCE,RELIANCE,1000.92395019531,0.00903162297682357,0.00907253114659625,0.48248812240555783
2021-08-18,RELIANCE,RELIANCE,1003.30065917969,0.00237170034469929,0.0023745150507351,0.10408398870518426
2021-08-20,RELIANCE,RELIANCE,988.994140625,-0.01436209588273618,-0.01425945296037896,-0.8466984775081775
2021-08-23,RELIANCE,RELIANCE,1003.30065917969,0.01436209588273619,0.01446572630415072,0.785355451891607
2021-08-24,RELIANCE,RELIANCE,999.170227050781,-0.00412534136211652,-0.00411684383052839,-0.2650655606941102
2021-08-25,RELIANCE,RELIANCE,1008.56176757812,0.00935544091676055,0.0093993398452831,0.5008868417011013
2021-08-26,RELIANCE,RELIANCE,1018.99163818359,0.01028822478727948,0.010341330536964,0.553885846637111
2021-08-27,RELIANCE,RELIANCE,1032.37512207031,0.01304854308826574,0.01313404682159788,0.7107218810954917
2021-08-30,RELIANCE,RELIANCE,1038.37463378906,0.00579454710911948,0.00581136797128418,0.2985636300199392
2021-08-31,RELIANCE,RELIANCE,1050.78894042969,0.01188461536865631,0.01195551801504417,0.6445897223967991
2021-09-01,RELIANCE,RELIANCE,1048.98913574219,-0.00171428128399871,-0.00171281274312234,-0.12807371400823997
2021-09-02,RELIANCE,RELIANCE,1040.68212890625,-0.00795058125628781,-0.00791905898058949,-0.48240841410324914
2021-09-03,RELIANCE,RELIANCE,1066.06457519531,0.02409750968678392,0.02439020098840054,1.3385031429722616
2021-09-06,RELIANCE,RELIANCE,1113.59912109375,0.04362332033476807,0.04458880541052718,2.4479225568568426
2021-09-07,RELIANCE,RELIANCE,1121.44458007812,0.00702043651601395,0.00704513755063346,0.3682163339103453
2021-09-08,RELIANCE,RELIANCE,1131.59765625,0.00901283139472303,0.00905356925544438,0.4814204204608964
2021-09-09,RELIANCE,RELIANCE,1120.47546386719,-0.00987737272741658,-0.00982875169578188,-0.5918850398431481
2021-09-13,RELIANCE,RELIANCE,1122.8291015625,0.00209836737748239,0.00210057049101878,0.08855372951379863
2021-09-14,RELIANCE,RELIANCE,1096.06213378906,-0.02412760557849702,-0.02383886179668106,-1.4015561598996484
2021-09-15,RELIANCE,RELIANCE,1093.06237792969,-0.00274060038237323,-0.00273684836552095,-0.18638721264368657
2021-09-16,RELIANCE,RELIANCE,1099.0849609375,0.00549470197893539,0.00550982554098792,0.2815270001671693
2021-09-17,RELIANCE,RELIANCE,1128.82861328125,0.0267024897128312,0.02706219573633251,1.4865131521739423
2021-09-20,RELIANCE,RELIANCE,1094.72375488281,-0.03067841684667752,-0.0302126097772317,-1.773760793481078
2021-09-21,RELIANCE,RELIANCE,1109.90710449219,0.01377426938037538,0.01386957169939678,0.7519562683456843
2021-09-22,RELIANCE,RELIANCE,1111.29162597656,0.0012466436655916,0.00124742104881241,0.0401604085770809
2021-09-23,RELIANCE,RELIANCE,1129.47473144531,0.01622971938299606,0.01636213667386487,0.8914702660916145
2021-09-24,RELIANCE,RELIANCE,1155.38793945312,0.02268348066967197,0.0229427071596818,1.2581607043579608
2021-09-27,RELIANCE,RELIANCE,1147.75012207031,-0.00663255539028033,-0.00661060854281135,-0.4075206918922536
2021-09-28,RELIANCE,RELIANCE,1169.44055175781,0.0187218630601578,0.01889821597088993,1.0330691286166076
2021-09-29,RELIANCE,RELIANCE,1186.05456542969,0.01410683390450468,0.01420680482381694,0.7708519519149822
2021-09-30,RELIANCE,RELIANCE,1165.287109375,-0.01766480499770214,-0.01750969699034568,-1.034352126138386
2021-10-01,RELIANCE,RELIANCE,1154.64953613281,-0.0091706364610006,-0.00912871442291629,-0.5517296297250465
2021-10-04,RELIANCE,RELIANCE,1178.20910644531,0.02019871318295989,0.02040408762593582,1.116980942941388
2021-10-05,RELIANCE,RELIANCE,1179.17822265625,8.221951934418599e-4,8.225332885635657e-4,0.01604405388708019
2021-10-06,RELIANCE,RELIANCE,1209.1064453125,0.02506383746762807,0.02538057613448189,1.3934080490768994
2021-10-07,RELIANCE,RELIANCE,1197.59204101562,-0.0095687035307044,-0.00952306915699555,-0.5743470433177126
2021-10-08,RELIANCE,RELIANCE,1193.09240722656,-0.00376431034693594,-0.00375723421244857,-0.2445524652597265
2021-10-11,RELIANCE,RELIANCE,1246.69567871094,0.0439479962050948,0.04492801325337838,2.466370022124951
2021-10-12,RELIANCE,RELIANCE,1220.66711425781,-0.02109906991905849,-0.02087804176881647,-1.2294805254076318
2021-10-13,RELIANCE,RELIANCE,1236.35803222656,0.01277246291367537,0.01285437920418655,0.6950355308076064
2021-10-14,RELIANCE,RELIANCE,1246.21105957031,0.00793780854831056,0.00796939647490756,0.42033966751901586
2021-10-18,RELIANCE,RELIANCE,1231.55847167969,-0.01182737822396097,-0.01175770972187662,-0.7026806423433359
2021-10-19,RELIANCE,RELIANCE,1257.033203125,0.02047392633782957,0.02068495490154494,1.1326180308182163
2021-10-20,RELIANCE,RELIANCE,1265.77868652344,0.00693315143012977,0.00695724136538209,0.3632569613870594
2021-10-21,RELIANCE,RELIANCE,1258.69470214844,-0.00561226194797874,-0.00559654262662355,-0.3495495595712828
2021-10-22,RELIANCE,RELIANCE,1209.12951660156,-0.04017454037636395,-0.0393782427639349,-2.313312466413436
2021-10-25,RELIANCE,RELIANCE,1236.81958007812,0.02264253702270245,0.02290082501201945,1.255834364230929
2021-10-26,RELIANCE,RELIANCE,1207.79125976562,-0.02374994359207758,-0.0234701332191608,-1.380098124319282
2021-10-27,RELIANCE,RELIANCE,1223.89758300781,0.01324722020201704,0.01333535336670306,0.7220103367229668
2021-10-28,RELIANCE,RELIANCE,1209.12951660156,-0.01213981363264182,-0.01206642337666562,-0.7204326278677518
2021-10-29,RELIANCE,RELIANCE,1198.12280273438,-0.00914469204749317,-0.00910300651506384,-0.5502555175078434
2021-11-01,RELIANCE,RELIANCE,1170.47900390625,-0.02334293082154491,-0.0230725921959258,-1.356972433024385
2021-11-02,RELIANCE,RELIANCE,1174.51708984375,0.00344400567628415,0.00344994307802503,0.16501033762453138
2021-11-03,RELIANCE,RELIANCE,1156.54162597656,-0.01542288064671507,-0.01530455710063898,-0.906970249693608
2021-11-04,RELIANCE,RELIANCE,1150.49597167969,-0.00524106598167063,-0.00522735555822746,-0.3284589109522773
2021-11-08,RELIANCE,RELIANCE,1162.70263671875,0.01055402532260387,0.01060991549691271,0.5689881273785378
2021-11-09,RELIANCE,RELIANCE,1156.05712890625,-0.00573196594670561,-0.00571556957267613,-0.3563509130465055
2021-11-10,RELIANCE,RELIANCE,1161.45666503906,0.00465977455422122,0.00467064818666748,0.23408801231351048
2021-11-11,RELIANCE,RELIANCE,1172.23266601562,0.00923522889099935,0.00927800519892629,0.4940566230962908
2021-11-12,RELIANCE,RELIANCE,1182.77795410156,0.00895567814183503,0.00899590020962569,0.4781730813637536
2021-11-15,RELIANCE,RELIANCE,1199.89953613281,0.01437196331470993,0.01447573652508224,0.7859161006039297
2021-11-16,RELIANCE,RELIANCE,1187.00061035156,-0.01080820357576034,-0.01075000480692101,-0.6447730777747168
2021-11-17,RELIANCE,RELIANCE,1153.26501464844,-0.02883256703110676,-0.02842087477371082,-1.668883118621474
2021-11-18,RELIANCE,RELIANCE,1135.28955078125,-0.01570933357443843,-0.01558658559730056,-0.9232459600807298
2021-11-22,RELIANCE,RELIANCE,1124.259765625,-0.00976289624121168,-0.0097153938822566,-0.585380703684274
2021-11-23,RELIANCE,RELIANCE,1076.7021484375,-0.04322202974885388,-0.04230127114889832,-2.486465014822294
2021-11-24,RELIANCE,RELIANCE,1098.36962890625,0.01992412155694355,0.02012393167432018,1.1013791691515702
2021-11-25,RELIANCE,RELIANCE,1095.13916015625,-0.00294548269120343,-0.00294114901303023,-0.19802823565038985
2021-11-26,RELIANCE,RELIANCE,1138.88928222656,0.03917203152350752,0.03994937233736388,2.195008795013643
2021-11-29,RELIANCE,RELIANCE,1125.64428710938,-0.0116979022384957,-0.01162974779364475,-0.6953240631724813
2021-11-30,RELIANCE,RELIANCE,1138.98156738281,0.01177892979659124,0.01184857456850753,0.6385848692549613
2021-12-01,RELIANCE,RELIANCE,1122.8291015625,-0.01428301726509685,-0.01418149887835821,-0.8422053808980616
2021-12-02,RELIANCE,RELIANCE,1139.76611328125,0.01497159365825859,0.01508422937665303,0.8199859559497737
2021-12-03,RELIANCE,RELIANCE,1153.01123046875,0.01155390388617009,0.01162090803820171,0.6257993251283177
2021-12-06,RELIANCE,RELIANCE,1114.98364257812,-0.03353724698428094,-0.03298110797686689,-1.9361940830809137
2021-12-07,RELIANCE,RELIANCE,1096.59289550781,-0.01663172915831739,-0.01649418553601917,-0.9756547223331884
2021-12-08,RELIANCE,RELIANCE,1118.72180175781,0.01997877984395984,0.02017969142482229,1.1044847490344625
2021-12-09,RELIANCE,RELIANCE,1123.75207519531,0.00448636831530718,0.00449644713242926,0.22423539971738268
2021-12-10,RELIANCE,RELIANCE,1126.17492675781,0.00215371654007326,0.00215603745343821,0.09169856363247372
2021-12-13,RELIANCE,RELIANCE,1141.51989746094,0.01353374780143377,0.01362574351331657,0.7382902898136459
2021-12-14,RELIANCE,RELIANCE,1098.36962890625,-0.03853369302790733,-0.03780071521369736,-2.2200826417256323
2021-12-15,RELIANCE,RELIANCE,1100.21557617188,0.00167921415565534,0.00168062482524046,0.06473824087311537
2021-12-16,RELIANCE,RELIANCE,1110.23010253906,0.0090611544842399,0.00910233101954874,0.4841660464743514
2021-12-17,RELIANCE,RELIANCE,1106.69970703125,-0.00318494385964866,-0.00317987730627741,-0.21163396367541584
2021-12-20,RELIANCE,RELIANCE,1069.68737792969,-0.03401591394111268,-0.03344387720210617,-1.96339102892188
2021-12-21,RELIANCE,RELIANCE,1066.68762207031,-0.0028082689891175,-0.00280432949034682,-0.19023201414187
2021-12-22,RELIANCE,RELIANCE,1072.94091796875,0.00584523302617921,0.00586234973487657,0.3014435073991869
2021-12-23,RELIANCE,RELIANCE,1095.6005859375,0.02089929355464449,0.02111921317312457,1.1567865868322147
2021-12-24,RELIANCE,RELIANCE,1093.75463867188,-0.00168629346420939,-0.00168487247023551,-0.12648349933360448
2021-12-27,RELIANCE,RELIANCE,1089.85498046875,-0.00357175780391824,-0.00356538666465932,-0.233611996089565
2021-12-28,RELIANCE,RELIANCE,1096.33898925781,0.00593179552330505,0.00594942346023982,0.30636182380392224
2021-12-29,RELIANCE,RELIANCE,1103.44616699219,0.00646172417658467,0.00648264615599538,0.336471361713572
2021-12-30,RELIANCE,RELIANCE,1107.599609375,0.00375699798954994,0.00376406435316331,0.1827939654079728
2021-12-31,RELIANCE,RELIANCE,1095.13916015625,-0.01131371754335526,-0.01124995811959632,-0.6734954196918003
2022-01-03,RELIANCE,RELIANCE,1091.44714355469,-0.00337697177003344,-0.00337127621391352,-0.22254462421746912
2022-01-04,RELIANCE,RELIANCE,1114.9375,0.02129387920508973,0.02152221166551887,1.1792061928058808
2022-01-05,RELIANCE,RELIANCE,1136.21264648438,0.01890214205864418,0.01908191847917932,1.0433122383364648
2022-01-06,RELIANCE,RELIANCE,1131.22839355469,-0.00439637535855832,-0.00438672544713532,-0.2804651967397614
2022-01-07,RELIANCE,RELIANCE,1121.88305664062,-0.00829554215403398,-0.00826122909159298,-0.5020084360378145
2022-01-10,RELIANCE,RELIANCE,1131.59765625,0.00862191518533225,0.00865919094853746,0.4592093051469681
2022-01-11,RELIANCE,RELIANCE,1124.21362304688,-0.00654669975607489,-0.00652531680525915,-0.40264253809387496
2022-01-12,RELIANCE,RELIANCE,1140.50451660156,0.01438693342407106,0.01449092345147703,0.7867666737377487
2022-01-13,RELIANCE,RELIANCE,1163.55651855469,0.02001055597716305,0.02021210930564277,1.1062902084701487
2022-01-14,RELIANCE,RELIANCE,1169.90209960938,0.00543879085523963,0.00545360792836445,0.2783502364876248
2022-01-17,RELIANCE,RELIANCE,1171.28662109375,0.00118275099613057,0.00118345072192987,0.03653014865174983
2022-01-18,RELIANCE,RELIANCE,1179.01672363281,0.00657798528838839,0.00659966774984726,0.34307709690378657
2022-01-19,RELIANCE,RELIANCE,1167.59460449219,-0.00973506708266636,-0.00968783471147545,-0.583799503839676
2022-01-20,RELIANCE,RELIANCE,1153.77270507812,-0.01190855294737796,-0.0118379267606169,-0.7072928356959748
2022-01-21,RELIANCE,RELIANCE,1131.59765625,-0.01940669675487352,-0.01921959908612898,-1.1333231018961052
2022-01-24,RELIANCE,RELIANCE,1142.21203613281,0.00933627560774321,0.00937999458039262,0.4997979053040291
2022-01-25,RELIANCE,RELIANCE,1084.31689453125,-0.05201656644502745,-0.05068686003132634,-2.9861538586175005
2022-01-27,RELIANCE,RELIANCE,1078.06359863281,-0.00578373080044397,-0.00576703722867225,-0.3592920935551959
2022-01-28,RELIANCE,RELIANCE,1091.44714355469,0.01233800270125425,0.01241442985261063,0.6703503280823525
2022-01-31,RELIANCE,RELIANCE,1089.23193359375,-0.00203167054348119,-0.00202960809785563,-0.1461071679106858
2022-02-01,RELIANCE,RELIANCE,1111.29162597656,0.020050166060206272,0.02025252079236008,1.1085407780319438
2022-02-02,RELIANCE,RELIANCE,1110.830078125,-4.154118627664246e-4,-4.1532559120510654e-4,-0.05427442454494171
2022-02-03,RELIANCE,RELIANCE,1103.90759277344,-0.00625131182451015,-0.00623181302692545,-0.3858591577870009
2022-02-04,RELIANCE,RELIANCE,1080.37109375,-0.02155165471229601,-0.02132107721472163,-1.2551955323335278
2022-02-07,RELIANCE,RELIANCE,1080.83264160156,4.271211001787441e-4,4.2721232938392736e-4,-0.00640330447825348
2022-02-08,RELIANCE,RELIANCE,1075.59460449219,-0.00485807941884967,-0.00484629803704703,-0.3066983430705869
2022-02-09,RELIANCE,RELIANCE,1094.28527832031,0.0172278071725607,0.01737706172014896,0.9481797154695064
2022-02-10,RELIANCE,RELIANCE,1105.61511230469,0.01030040651437377,0.0103536383142894,0.5545779891953226
2022-02-11,RELIANCE,RELIANCE,1095.25451660156,-0.00941507129753329,-0.00937088828456135,-0.5656179521085822
2022-02-14,RELIANCE,RELIANCE,1080.02502441406,-0.01400255989069231,-0.01390498003583243,-0.826270326444196
2022-02-15,RELIANCE,RELIANCE,1085.07836914062,0.0046680023852306,0.00467891448098766,0.23455550201831907
2022-02-16,RELIANCE,RELIANCE,1121.44458007812,0.03296544385932984,0.03351482434056995,1.8423622917389555
2022-02-17,RELIANCE,RELIANCE,1116.87573242188,-0.00408239515682563,-0.00407407350965281,-0.2626254390130513
2022-02-18,RELIANCE,RELIANCE,1128.09020996094,0.0099908605386104209,0.01004093581184905,0.5369901757522398
2022-02-21,RELIANCE,RELIANCE,1113.13757324219,-0.01334345280482237,-0.01325482358300736,-0.7888211157519631
2022-02-22,RELIANCE,RELIANCE,1085.86291503906,-0.02480768614461207,-0.02450250432539819,-1.4401970438381364
2022-02-23,RELIANCE,RELIANCE,1108.10729980469,0.02027844031690843,0.02048544476245405,1.121510887014415
2022-02-24,RELIANCE,RELIANCE,1063.75708007812,-0.04084636795935628,-0.04002339821638841,-2.3514844315518872
2022-02-25,RELIANCE,RELIANCE,1052.26574707031,-0.01086136295768827,-0.01080259132749189,-0.6477934927221007
2022-02-28,RELIANCE,RELIANCE,1035.14416503906,-0.01640498678801715,-0.01627115781248173,-0.9627716522217172
2022-03-02,RELIANCE,RELIANCE,1077.34826660156,0.0399620063101698,0.04077123070186796,2.239893659493928
2022-03-03,RELIANCE,RELIANCE,1107.599609375,0.02769244641727104,0.02807944627679804,1.5427606087641323
2022-03-04,RELIANCE,RELIANCE,1085.90905761719,-0.01977768231633863,-0.01958338696963753,-1.1544017957122186
2022-03-07,RELIANCE,RELIANCE,1051.61962890625,-0.03208599786854785,-0.03157670384127865,-1.8537368692728229
2022-03-08,RELIANCE,RELIANCE,1020.60687255859,-0.02993405598624409,-0.02949046926778573,-1.7314676255103063
2022-03-09,RELIANCE,RELIANCE,1031.91369628906,0.01101761246898839,0.01107852987715493,0.5953282670786755
2022-03-10,RELIANCE,RELIANCE,1107.599609375,0.07078012370214211,0.07334519675251877,3.99092045937524
2022-03-11,RELIANCE,RELIANCE,1096.54663085938,-0.01002934466255136,-0.00997921850284599,-0.6005197960765103
2022-03-14,RELIANCE,RELIANCE,1101.55395507812,0.0045560543611647,0.00456644895695469,0.2281948282678774
2022-03-15,RELIANCE,RELIANCE,1120.49853515625,0.01705183760914486,0.01719805007353134,0.9381814596518168
2022-03-16,RELIANCE,RELIANCE,1099.29260253906,-0.01910682261210568,-0.0189254443016589,-1.1162848236035223
2022-03-17,RELIANCE,RELIANCE,1122.71374511719,0.02108185698625211,0.02130564921844619,1.1671594936959713
2022-03-21,RELIANCE,RELIANCE,1127.90563964844,0.00461375546328808,0.00462441522055834,0.23147329511631123
2022-03-22,RELIANCE,RELIANCE,1135.33569335938,0.00656587549500132,0.00658747810965454,0.342389041481968
2022-03-23,RELIANCE,RELIANCE,1164.36413574219,0.02524675950349998,0.02556815799291647,1.4038013311527215
2022-03-24,RELIANCE,RELIANCE,1158.36462402344,-0.00516592825213987,-0.00515260779217129,-0.3241897281070964
2022-03-25,RELIANCE,RELIANCE,1191.82336425781,0.02847516978609574,0.02888446309604578,1.5872334614784405
2022-03-28,RELIANCE,RELIANCE,1204.51452636719,0.01059222976545784,0.01064852602321924,0.5711588311389582
2022-03-29,RELIANCE,RELIANCE,1217.4365234375,0.01067083472769985,0.01072797113479625,0.5756250155505106
2022-03-30,RELIANCE,RELIANCE,1218.3134765625,7.200682852439174e-4,7.203275966486317e-4,0.01024139725594548
2022-03-31,RELIANCE,RELIANCE,1229.8740234375,0.00944423807583097,0.00948897561867111,0.5059321273461661
2022-04-01,RELIANCE,RELIANCE,1216.51354980469,-0.01092272263854724,-0.0108632863026633,-0.6512798330539801
2022-04-04,RELIANCE,RELIANCE,1225.48974609375,0.00735153529947919,0.00737862417603249,0.3870287368836284
2022-04-05,RELIANCE,RELIANCE,1223.48217773438,-0.00163951966091241,-0.0016381763827638,-0.1238259008157042
2022-04-06,RELIANCE,RELIANCE,1193.9462890625,-0.02443700724570892,-0.02414084096147111,-1.4191357740053794
2022-04-07,RELIANCE,RELIANCE,1197.63818359375,0.00308740711948959,0.0030921780695419,0.14474908604305334
2022-04-08,RELIANCE,RELIANCE,1181.43957519531,-0.01361776315633769,-0.01352546087820352,-0.804406908059747
2022-04-11,RELIANCE,RELIANCE,1199.89953613281,0.01550415951293106,0.01562497255473119,0.8502453346253874
2022-04-12,RELIANCE,RELIANCE,1193.90002441406,-0.00501255358171969,-0.00500001169938442,-0.31547527112346957
2022-04-13,RELIANCE,RELIANCE,1188.13134765625,-0.00484350298906829,-0.00483179214326688,-0.30587013806152835
2022-04-18,RELIANCE,RELIANCE,1168.97912597656,-0.01625095080610703,-0.01611961650323455,-0.9540196207773524
2022-04-19,RELIANCE,RELIANCE,1180.5166015625,0.00982131458331201,0.00986970197290875,0.5273568971271045
2022-04-20,RELIANCE,RELIANCE,1226.25122070312,0.03800958676714962,0.03874119100069147,2.1289608954656196
2022-04-21,RELIANCE,RELIANCE,1269.53991699219,0.03469283737645985,0.03530165398265512,1.9405095050798904
2022-04-22,RELIANCE,RELIANCE,1273.23193359375,0.00290393272618598,0.00290815322318275,0.13432442006880163
2022-04-25,RELIANCE,RELIANCE,1265.6171875,-0.00599859902192788,-0.00598064334771832,-0.371500497121053
2022-04-26,RELIANCE,RELIANCE,1250.66455078125,-0.01188484778580802,-0.01181450194137,-0.7059459535137658
2022-04-27,RELIANCE,RELIANCE,1271.82434082031,0.01677730787390432,0.01691883729001686,0.922583202378135
2022-04-28,RELIANCE,RELIANCE,1296.79150390625,0.01944078129185654,0.01963098384312766,1.073916694826336
2022-04-29,RELIANCE,RELIANCE,1318.11279296875,0.01630787146821562,0.01644157059810703,0.8959107188923334
2022-05-02,RELIANCE,RELIANCE,1274.66259765625,-0.03351949700171207,-0.03296394325605344,-1.935185562840037
2022-05-04,RELIANCE,RELIANCE,1285.27709960938,0.00829282251854648,0.00832730321941439,0.44051088590684967
2022-05-05,RELIANCE,RELIANCE,1256.89477539062,-0.02233012162148249,-0.02208264990279989,-1.2994265411089487
2022-05-06,RELIANCE,RELIANCE,1205.52990722656,-0.04172498788540732,-0.04086648235775881,-2.401405944208136
2022-05-09,RELIANCE,RELIANCE,1188.33898925781,-0.01436270258175941,-0.01426005100802467,-0.8467329489924549
2022-05-10,RELIANCE,RELIANCE,1151.44213867188,-0.03154133437110442,-0.03104909535028748,-1.8227901255502827
2022-05-11,RELIANCE,RELIANCE,1141.12756347656,-0.00899832601211224,-0.00895796223613741,-0.5419392778334774
2022-05-12,RELIANCE,RELIANCE,1120.29089355469,-0.01842848637528546,-0.01825972011261299,-1.077743049137044
2022-05-13,RELIANCE,RELIANCE,1119.5986328125,-6.18120452890349e-4,-6.179294557982645e-4,-0.06579194099017426
2022-05-16,RELIANCE,RELIANCE,1123.49829101562,0.00347703399752631,0.00348308589241826,0.16688694400234882
2022-05-17,RELIANCE,RELIANCE,1123.79821777344,2.6692228500140806e-4,2.6695791192425894e-4,-0.01550549638429827
2022-05-18,RELIANCE,RELIANCE,1172.04809570312,0.0420385138004685,0.04293464535410686,2.3578768646138624
2022-05-19,RELIANCE,RELIANCE,1146.36560058594,-0.0221561369877979,-0.02191249250891268,-1.289541065222333
2022-05-20,RELIANCE,RELIANCE,1159.51831054688,0.01140807873539308,0.01147339902228161,0.6175138174881338
2022-05-23,RELIANCE,RELIANCE,1214.43676757812,0.04627573418359241,0.04736316497264974,2.5986276656276197
2022-05-24,RELIANCE,RELIANCE,1203.13012695312,-0.00935380368478889,-0.00931019294446113,-0.5621368429118164
2022-05-25,RELIANCE,RELIANCE,1216.05212402344,0.01068304792758154,0.01074031543291535,0.5763189463326267
2022-05-26,RELIANCE,RELIANCE,1211.16015625,-0.00403094071096934,-0.00402282737458193,-0.2597018952896808
2022-05-27,RELIANCE,RELIANCE,1196.69213867188,-0.01201750766141001,-0.01194558581163695,-0.7134834352649553
2022-05-30,RELIANCE,RELIANCE,1206.82202148438,0.00842927656511102,0.00846490294800666,0.4482639452338607
2022-05-31,RELIANCE,RELIANCE,1219.00561523438,0.01004498094653791,0.01009560111855954,0.540065194368602
2022-06-01,RELIANCE,RELIANCE,1215.72900390625,-0.00269155683784367,-0.00268793784637325,-0.1836006517470498
2022-06-02,RELIANCE,RELIANCE,1215.59057617188,-1.1387045590697474e-4,-1.1386397291272696e-4,-0.03714141547858162
2022-06-03,RELIANCE,RELIANCE,1266.35559082031,0.04091313208684546,0.04176160595806726,2.2939348166429636
2022-06-06,RELIANCE,RELIANCE,1282.96960449219,0.01303423267957553,0.01311954856306821,0.7099087908987385
2022-06-07,RELIANCE,RELIANCE,1278.30834960938,-0.00363979241019448,-0.00363317639520771,-0.23747759298485455
2022-06-08,RELIANCE,RELIANCE,1279.62365722656,0.00102841493017904,0.00102894393014167,0.02776106700305167
2022-06-09,RELIANCE,RELIANCE,1250.66455078125,-0.02289096623967004,-0.02263095581405207,-1.3312926653281858
2022-06-10,RELIANCE,RELIANCE,1279.2314453125,0.02258441358122345,0.02284137222359519,1.2525319008637938
2022-06-13,RELIANCE,RELIANCE,1222.974609375,-0.04497336869632241,-0.04397705836863412,-2.5859727619597668
2022-06-14,RELIANCE,RELIANCE,1222.99768066406,1.8864718259261323e-5,1.8864896199103797e-5,-0.02959965540622444
2022-06-15,RELIANCE,RELIANCE,1207.99890136719,-0.01233977022359793,-0.0122639474579592,-0.7317937809558459
2022-06-16,RELIANCE,RELIANCE,1210.51403808594,0.00207990421256612,0.00208206871372433,0.08750468760874582
2022-06-17,RELIANCE,RELIANCE,1181.43957519531,-0.02431142037353594,-0.02401827816602806,-1.4120001668528983
2022-06-20,RELIANCE,RELIANCE,1202.20703125,0.01742538637129861,0.01757809412407471,0.9594057896546636
2022-06-21,RELIANCE,RELIANCE,1181.43957519531,-0.01742538637129872,-0.01727444235049677,-1.020748815271241
2022-06-22,RELIANCE,RELIANCE,1180.56274414062,-7.424472768632129e-4,-7.421717310807432e-4,-0.07285595460111984
2022-06-23,RELIANCE,RELIANCE,1160.69519042969,-0.01697209890707964,-0.01682888419911336,-0.9949938839169784
2022-06-24,RELIANCE,RELIANCE,1144.51965332031,-0.01403409546943886,-0.01393607662265905,-0.8280621180333005
2022-06-27,RELIANCE,RELIANCE,1174.49401855469,0.02585240011136631,0.02618947184298918,1.4382126782827898
2022-06-28,RELIANCE,RELIANCE,1145.48876953125,-0.02500601347005688,-0.02469595295098506,-1.451465625159496
2022-06-29,RELIANCE,RELIANCE,1157.07238769531,0.0100615923711362,0.01011238038483797,0.5410090239116544
2022-06-30,RELIANCE,RELIANCE,1190.66955566406,0.02862278946673352,0.02903635790295696,1.595620930891287
2022-07-01,RELIANCE,RELIANCE,1188.31591796875,-0.00197869090779514,-0.00197673458946997,-0.14309696580280554
2022-07-04,RELIANCE,RELIANCE,1097.88500976562,-0.07915149919132773,-0.0761000562524722,-4.527909114054536
2022-07-05,RELIANCE,RELIANCE,1118.21411132812,0.01834725859885123,0.01851660363487422,1.0117848157963254
2022-07-06,RELIANCE,RELIANCE,1116.87573242188,-0.00119760650333398,-0.00119688965886003,-0.09871723592556518
2022-07-07,RELIANCE,RELIANCE,1119.55249023438,0.00239378046080428,0.0023966478407545,0.10533853889566412
2022-07-08,RELIANCE,RELIANCE,1115.90661621094,-0.00326185994234524,-0.00325654585670809,-0.21600418916422803
2022-07-11,RELIANCE,RELIANCE,1096.75439453125,-0.01731191530460565,-0.01716292510633314,-1.0143016051362563
2022-07-12,RELIANCE,RELIANCE,1109.44555664062,0.01150512408829673,0.0115715625783238,0.623027749814918
2022-07-13,RELIANCE,RELIANCE,1120.19860839844,0.00964560650193101,0.00969227529323749,0.5173734982211741
2022-07-14,RELIANCE,RELIANCE,1102.06164550781,-0.01632334968484836,-0.01619084576132496,-0.9581331873312414
2022-07-15,RELIANCE,RELIANCE,1114.52209472656,0.01124304960716001,0.01130649022179557,0.6081371763837543
2022-07-18,RELIANCE,RELIANCE,1117.29113769531,0.00248143021054611,0.00248451150663761,0.11031863092558196
2022-07-19,RELIANCE,RELIANCE,1107.73803710938,-0.00858699687632222,-0.00855023392169353,-0.5185683388763833
2022-07-20,RELIANCE,RELIANCE,1172.20959472656,0.05657037848685223,0.05820108677085534,3.183549769758127
2022-07-21,RELIANCE,RELIANCE,1150.98059082031,-0.01827624354326715,-0.01811024581418996,-1.069092901058131
2022-07-22,RELIANCE,RELIANCE,1153.74963378906,0.00240292271222255,0.00240581204482039,0.10585798422845392
2022-07-25,RELIANCE,RELIANCE,1138.72778320312,-0.01310552983454887,-0.01302002630900634,-0.7753027852206898
2022-07-26,RELIANCE,RELIANCE,1117.33728027344,-0.01896323318127644,-0.01878456225026036,-1.1081263453173955
2022-07-27,RELIANCE,RELIANCE,1116.80651855469,-4.751365861172599e-4,-4.750237266048346e-4,-0.05766786970165499
2022-07-28,RELIANCE,RELIANCE,1124.21362304688,0.00661049968099229,0.00663239725872649,0.3449245028341084
2022-07-29,RELIANCE,RELIANCE,1142.07360839844,0.01576177534238389,0.01588664732878373,0.8648825759502923
2022-08-01,RELIANCE,RELIANCE,1162.58728027344,0.0178023706190939,0.01796177735318379,0.9808253174157786
2022-08-02,RELIANCE,RELIANCE,1187.20837402344,0.02095671153113846,0.02117784545536153,1.1600489670210214
2022-08-03,RELIANCE,RELIANCE,1199.89953613281,0.01063318640264905,0.01068991963589319,0.5734859093456727
2022-08-04,RELIANCE,RELIANCE,1204.51452636719,0.00383876968083178,0.0038461471943341,0.18744007733898324
2022-08-05,RELIANCE,RELIANCE,1188.82360839844,-0.01311234928040153,-0.01302675694254492,-0.7756902531602938
2022-08-08,RELIANCE,RELIANCE,1168.05603027344,-0.01762339942037614,-0.0174690155699193,-1.0319995400073048
2022-08-10,RELIANCE,RELIANCE,1189.23889160156,0.01797266123106581,0.01813514144793304,0.9905009060164204
2022-08-11,RELIANCE,RELIANCE,1201.33020019531,0.01011592741301805,0.01016726637443425,0.5440962376209699
2022-08-12,RELIANCE,RELIANCE,1195.42297363281,-0.00492936743631037,-0.00491723804291244,-0.31074879259988253
2022-08-16,RELIANCE,RELIANCE,1221.22082519531,0.02135095920415335,0.02158052181656009,1.1824493697600849
2022-08-17,RELIANCE,RELIANCE,1229.89709472656,0.00707946826855708,0.00710458694467677,0.3715704057841159
2022-08-18,RELIANCE,RELIANCE,1227.58959960938,-0.00187793146602814,-0.00187616925600837,-0.13737200601272276
2022-08-19,RELIANCE,RELIANCE,1222.974609375,-0.00376647604113213,-0.0037593917672881,-0.24467551588380115
2022-08-22,RELIANCE,RELIANCE,1207.7451171875,-0.01253101400911591,-0.01245282777807056,-0.7426598890147359
2022-08-23,RELIANCE,RELIANCE,1197.13061523438,-0.00882754209566139,-0.0087886937418039,-0.5322356606108358
2022-08-24,RELIANCE,RELIANCE,1218.40576171875,0.01761571206126125,0.01777178380840644,0.9702197332707424
2022-08-25,RELIANCE,RELIANCE,1222.48999023438,0.00334650287624546,0.00335210866851824,0.15947041402181003
2022-08-26,RELIANCE,RELIANCE,1215.12902832031,-0.00603948708352787,-0.00602128604149857,-0.3738236789931368
2022-08-29,RELIANCE,RELIANCE,1192.97705078125,-0.01839836093398726,-0.01823014430795138,-1.07603137887502
2022-08-30,RELIANCE,RELIANCE,1206.36059570312,0.01115614865666948,0.01121861054502721,0.6031996297027327
2022-09-01,RELIANCE,RELIANCE,1191.892578125,-0.01206560946564155,-0.0119931118685847,-0.7162164882694846
2022-09-02,RELIANCE,RELIANCE,1181.62414550781,-0.00865255894645436,-0.00861523329001977,-0.5222934509718739
2022-09-05,RELIANCE,RELIANCE,1168.05603027344,-0.01154903223311127,-0.01148259815606511,-0.6868655526862274
2022-09-06,RELIANCE,RELIANCE,1187.43908691406,0.01645810600077031,0.01659428669366353,0.9044467592164394
2022-09-07,RELIANCE,RELIANCE,1188.36206054688,7.769788984565439e-4,7.772808247525735e-4,0.01347495002834638
2022-09-08,RELIANCE,RELIANCE,1194.47692871094,0.00513243371852855,0.00514562721839668,0.26094360681284345
2022-09-09,RELIANCE,RELIANCE,1204.51452636719,0.0083682300830221,0.00840334159244282,0.44479540026024705
2022-09-12,RELIANCE,RELIANCE,1186.30834960938,-0.01523034505814978,-0.01511494993150455,-0.8960307438431774
2022-09-13,RELIANCE,RELIANCE,1208.20654296875,0.01829080615349281,0.01845910750487467,1.0085772952497531
2022-09-14,RELIANCE,RELIANCE,1188.36206054688,-0.01656112489689358,-0.01642474338295589,-0.971643122521088
2022-09-15,RELIANCE,RELIANCE,1192.05407714844,0.00310199507018208,0.00310681123550927,0.14557794564836293
2022-09-16,RELIANCE,RELIANCE,1173.94018554688,-0.01531216352007832,-0.01519552841502875,-0.900679513193354
2022-09-19,RELIANCE,RELIANCE,1153.38037109375,-0.01766868707410567,-0.01751351108536438,-1.0345726983341277
2022-09-20,RELIANCE,RELIANCE,1164.11022949219,0.00925995994683924,0.00930296601828318,0.495461794639193
2022-09-21,RELIANCE,RELIANCE,1152.24975585938,-0.01024070296522454,-0.01018844550312369,-0.6125287727330327
2022-09-22,RELIANCE,RELIANCE,1147.28857421875,-0.00431494380703655,-0.00430564781237884,-0.27583841090281436
2022-09-23,RELIANCE,RELIANCE,1146.8271484375,-4.022689726725192e-4,-4.021880733574022e-4,-0.05352767053366919
2022-09-26,RELIANCE,RELIANCE,1104.85363769531,-0.0372862563346547,-0.0365996835699059,-2.149205662017273
2022-09-27,RELIANCE,RELIANCE,1104.83056640625,-2.0881978536179957e-5,-2.0881760509133928e-5,-0.03185798710151819
2022-09-28,RELIANCE,RELIANCE,1089.30114746094,-0.01415564814526053,-0.0140559280467986,-0.8349685098240095
2022-09-29,RELIANCE,RELIANCE,1089.1396484375,-1.4827028950245618e-4,-1.482592980062863e-4,-0.03909594857906347
2022-09-30,RELIANCE,RELIANCE,1066.52612304688,-0.02098131839619834,-0.02076274187893332,-1.2227901078966428
2022-10-03,RELIANCE,RELIANCE,1103.67687988281,0.03424047093685545,0.03483342417323706,1.914806904592019
2022-10-04,RELIANCE,RELIANCE,1106.58435058594,0.00263088574334039,0.00263434956020707,0.11881040996531916
2022-10-06,RELIANCE,RELIANCE,1120.98315429688,0.01292800709491241,0.01301193506244308,0.703873255268433
2022-10-07,RELIANCE,RELIANCE,1114.36059570312,-0.00592533293370581,-0.0059078127698662,-0.3673376573743029
2022-10-10,RELIANCE,RELIANCE,1109.90710449219,-0.00400446147896593,-0.00399645431479027,-0.2581973957030081
2022-10-11,RELIANCE,RELIANCE,1114.060546875,0.00373516872796819,0.00374215316398961,0.1815536682942619
2022-10-12,RELIANCE,RELIANCE,1085.44763183594,-0.0260190250879337,-0.02568344702567627,-1.509023018070054
2022-10-13,RELIANCE,RELIANCE,1094.40075683594,0.00821449362378991,0.00824832514937323,0.4360603871246117
2022-10-14,RELIANCE,RELIANCE,1114.52209472656,0.01821873899636013,0.01838571269705029,1.00448257648658
2022-10-17,RELIANCE,RELIANCE,1086.83215332031,-0.02515851498818828,-0.02484467695819303,-1.4601304712912144
2022-10-18,RELIANCE,RELIANCE,1117.75256347656,0.02805284610761928,0.02845003256647042,1.5632378335226145
2022-10-19,RELIANCE,RELIANCE,1132.75134277344,0.01332946041963109,0.01341869371359713,0.7266830694288198
2022-10-20,RELIANCE,RELIANCE,1146.8271484375,0.01234963798246931,0.01242620964773844,0.6710114226252997
2022-10-21,RELIANCE,RELIANCE,1157.30310058594,0.00909325706607501,0.00913472632969407,0.4859900541002455
2022-10-24,RELIANCE,RELIANCE,1135.28955078125,-0.01920465580456538,-0.01902142126254098,-1.1218435194750451
2022-10-25,RELIANCE,RELIANCE,1153.2880859375,0.01572933856721745,0.01585369577643368,0.8630395800951023
2022-10-27,RELIANCE,RELIANCE,1134.36657714844,-0.01654265444562717,-0.01640657613633356,-0.9705936666194824
2022-10-28,RELIANCE,RELIANCE,1137.59704589844,0.00284376993918718,0.00284781728858824,0.130906084969011
2022-10-31,RELIANCE,RELIANCE,1172.67114257812,0.03036599122651173,0.03083174029515831,1.6946663385048943
2022-11-01,RELIANCE,RELIANCE,1199.89953613281,0.02295365889401631,0.02321912134277332,1.273511717061109
2022-11-02,RELIANCE,RELIANCE,1168.65600585938,-0.02638345780736407,-0.02603845516444289,-1.5297293918682937
2022-11-03,RELIANCE,RELIANCE,1167.525390625,-9.679174094535908e-4,-9.67449128495768e-4,-0.08566673858630205
2022-11-04,RELIANCE,RELIANCE,1178.62438964844,0.00946152876995147,0.00950643053466998,0.5069145516911854
2022-11-07,RELIANCE,RELIANCE,1195.74609375,0.01442234984170258,0.01452685372196231,0.7887789672091445
2022-11-09,RELIANCE,RELIANCE,1204.65307617188,0.00742128510386143,0.00744889108853089,0.39099178807219953
2022-11-10,RELIANCE,RELIANCE,1195.28454589844,-0.00780735113717716,-0.00777695293254976,-0.4742703512253956
2022-11-11,RELIANCE,RELIANCE,1199.89953613281,0.00385356263847925,0.00386099715771119,0.18828058504945697
2022-11-14,RELIANCE,RELIANCE,1214.09069824219,0.01175756669563168,0.011826958576146381,0.6373710585009494
2022-11-15,RELIANCE,RELIANCE,1210.19104003906,-0.00321716861952348,-0.00321199907780867,-0.21346491322508696
2022-11-16,RELIANCE,RELIANCE,1204.51452636719,-0.00470162839527645,-0.00469059304197689,-0.29780909355345264
2022-11-17,RELIANCE,RELIANCE,1192.95397949219,-0.00964403615564213,-0.00959768157372626,-0.5786272997491371
2022-11-18,RELIANCE,RELIANCE,1203.0146484375,0.00839804658306955,0.00843340909897678,0.44648951706815254
2022-11-21,RELIANCE,RELIANCE,1194.36157226562,-0.00721882003674456,-0.00719282693948805,-0.440831133757506
2022-11-22,RELIANCE,RELIANCE,1174.51708984375,-0.01675471772079285,-0.01661513806428518,-0.9826426984718448
2022-11-23,RELIANCE,RELIANCE,1188.36206054688,0.01171886352855934,0.011787798426136,0.6351720181792457
2022-11-24,RELIANCE,RELIANCE,1184.20861816406,-0.00350122056469644,-0.0034950984390301,-0.22960420435147577
2022-11-25,RELIANCE,RELIANCE,1194.82312011719,0.00892343907508684,0.00896337164779818,0.4763413189247559
2022-11-28,RELIANCE,RELIANCE,1204.00695800781,0.00765696815658899,0.00768635770097856,0.4043828507498732
2022-11-29,RELIANCE,RELIANCE,1247.87243652344,0.03578492445264449,0.03643291114215094,2.002559815093359
2022-11-30,RELIANCE,RELIANCE,1251.818359375,0.00315713138249667,0.00316212037069534,0.1487106860192791
2022-12-01,RELIANCE,RELIANCE,1265.34020996094,0.0107438449206805,0.01080176727292217,0.5797733158164747
2022-12-02,RELIANCE,RELIANCE,1259.89453125,-0.00431301459925163,-0.00430372690923028,-0.27572879698672226
2022-12-05,RELIANCE,RELIANCE,1251.58752441406,-0.00661524704992587,-0.00659341447231954,-0.40653726492179176
2022-12-06,RELIANCE,RELIANCE,1229.94323730469,-0.01744474526615149,-0.0172934666470912,-1.0218487508471927
2022-12-07,RELIANCE,RELIANCE,1239.12707519531,0.00743914030921206,0.00746687945595404,0.3920062868713535
2022-12-08,RELIANCE,RELIANCE,1227.58959960938,-0.00935458850145576,-0.00931097045402827,-0.5621814347017432
2022-12-09,RELIANCE,RELIANCE,1221.12854003906,-0.00527710760956215,-0.00526320813761856,-0.33050672768120726
2022-12-12,RELIANCE,RELIANCE,1193.20788574219,-0.02313008144598281,-0.02286463167585691,-1.344878736443025
2022-12-13,RELIANCE,RELIANCE,1205.94519042969,0.01061826732843975,0.01067484119045797,0.5726382359320882
2022-12-14,RELIANCE,RELIANCE,1217.27502441406,0.00935112415693524,0.00939498252016998,0.5006415716203033
2022-12-15,RELIANCE,RELIANCE,1201.05334472656,-0.01341581498812365,-0.01332622403495739,-0.7929325973407597
2022-12-16,RELIANCE,RELIANCE,1186.51611328125,-0.0121775817195027,-0.01210373503320091,-0.722578538710796
2022-12-19,RELIANCE,RELIANCE,1191.13110351562,0.00388198551690253,0.00388953018228086,0.18989551892799092
2022-12-20,RELIANCE,RELIANCE,1192.46948242188,0.00112298935887924,0.00112362014753017,0.03313460611743761
2022-12-21,RELIANCE,RELIANCE,1209.59106445312,0.01425598703189224,0.01435808822248971,0.7793265488548248
2022-12-22,RELIANCE,RELIANCE,1198.9765625,-0.0088140109096065,-0.00877528138645685,-0.531466844361779
2022-12-23,RELIANCE,RELIANCE,1182.96252441406,-0.01344642225297489,-0.01335642295838456,-0.7946716439004156
2022-12-26,RELIANCE,RELIANCE,1160.55676269531,-0.01912204825039336,-0.01894038167426134,-1.1171499154048132
2022-12-27,RELIANCE,RELIANCE,1167.59460449219,0.00604588115164791,0.00606419437902814,0.3128439521626676
2022-12-28,RELIANCE,RELIANCE,1171.28662109375,0.00315708179427791,0.00316207062567382,0.14870786851102935
2022-12-29,RELIANCE,RELIANCE,1166.21008300781,-0.00434357495218362,-0.00433415527379585,-0.27746517810037463
2022-12-30,RELIANCE,RELIANCE,1174.56323242188,0.00713711559935944,0.00716264550939752,0.3748458174483877
2023-01-02,RELIANCE,RELIANCE,1176.82458496094,0.00192342004964676,0.00192527100852392,0.07861355517701032
2023-01-03,RELIANCE,RELIANCE,1183.77014160156,0.00588459899982608,0.00590194726502125,0.30368020712949084
2023-01-04,RELIANCE,RELIANCE,1180.05505371094,-0.00314328737744346,-0.0031383524216903602,-0.2092671216064355
2023-01-05,RELIANCE,RELIANCE,1164.59484863281,-0.01318783595850751,-0.01310125746210909,-0.7799792625996574
2023-01-06,RELIANCE,RELIANCE,1166.04858398438,0.00124749716731115,0.00124827561557277,0.04020890292103007
2023-01-09,RELIANCE,RELIANCE,1174.65551757812,0.00735417379695085,0.00738128214549188,0.3871786512903243
2023-01-10,RELIANCE,RELIANCE,1202.66857910156,0.02356797561083175,0.02384789506731023,1.3084160241956886
2023-01-11,RELIANCE,RELIANCE,1177.97839355469,-0.0207431602662579,-0.02052950079174307,-1.209258416040477
2023-01-12,RELIANCE,RELIANCE,1165.21789550781,-0.01089163912730218,-0.01083253998265085,-0.6495137270802682
2023-01-13,RELIANCE,RELIANCE,1134.55114746094,-0.02667099637507444,-0.02631846641310397,-1.5460667862540871
2023-01-16,RELIANCE,RELIANCE,1141.15063476562,0.00579997419399194,0.00581682660975599,0.29887198665756387
2023-01-17,RELIANCE,RELIANCE,1134.36657714844,-0.00596266877820286,-0.005944927348328,-0.36945900902855977
2023-01-18,RELIANCE,RELIANCE,1141.51989746094,0.0062862044731952,0.00630600412300752,0.3264986660867382
2023-01-19,RELIANCE,RELIANCE,1141.24291992188,-2.426686980443972e-4,-2.4263925637746175e-4,-0.04445948656292944
2023-01-20,RELIANCE,RELIANCE,1142.21203613281,8.488157531171778e-4,8.491760991571665e-4,0.01755658344319978
2023-01-23,RELIANCE,RELIANCE,1130.21313476562,-0.01056053509293757,-0.01050496841883641,-0.6307010257608722
2023-01-24,RELIANCE,RELIANCE,1126.0595703125,-0.00368179709463829,-0.00367502759024416,-0.23986421924259033
2023-01-25,RELIANCE,RELIANCE,1113.34533691406,-0.01135513275918776,-0.01129090656803493,-0.6758485534644839
2023-01-27,RELIANCE,RELIANCE,1100.40026855469,-0.01169530580157927,-0.01162718154930327,-0.6951765385665152
2023-01-30,RELIANCE,RELIANCE,1076.07922363281,-0.02234990717940932,-0.02210199835176725,-1.3005507188690582
2023-01-31,RELIANCE,RELIANCE,1099.29260253906,0.02134279739257617,0.02157218390285648,1.1819856311538148
2023-02-01,RELIANCE,RELIANCE,1098.34655761719,-8.609648002828501e-4,-8.605942764327689e-4,-0.0795898948066109
2023-02-02,RELIANCE,RELIANCE,1069.75659179688,-0.02637478123966292,-0.02603000448449946,-1.5292364057983634
2023-02-03,RELIANCE,RELIANCE,1084.06311035156,0.01328498291090081,0.01337362037718244,0.7241559419995833
2023-02-06,RELIANCE,RELIANCE,1068.3720703125,-0.01458006089421287,-0.01447428649607993,-0.8590828347898959
2023-02-07,RELIANCE,RELIANCE,1066.98767089844,-0.00129664297898476,-0.00129580270069682,-0.10434430005880384
2023-02-08,RELIANCE,RELIANCE,1067.44909667969,4.323630434475097e-4,4.324565258204565e-4,-0.00610546723432576
2023-02-09,RELIANCE,RELIANCE,1086.11682128906,0.01733700559972698,0.01748816376109748,0.9543841623551184
2023-02-10,RELIANCE,RELIANCE,1086.78601074219,6.159405422293764e-4,6.16130272557397e-4,0.00432505699704602
2023-02-13,RELIANCE,RELIANCE,1080.001953125,-0.00626187693289498,-0.0062423122400674,-0.3864594471456982
2023-02-14,RELIANCE,RELIANCE,1075.27160644531,-0.00438956275795778,-0.00437994270843925,-0.2800781177343598
2023-02-15,RELIANCE,RELIANCE,1096.52355957031,0.01957148797560574,0.01976426513786208,1.081343199932325
2023-02-16,RELIANCE,RELIANCE,1130.42077636719,0.03044515707764237,0.03091335019756726,1.6991643915560286
2023-02-17,RELIANCE,RELIANCE,1116.82958984375,-0.01209598399994727,-0.01202312166193345,-0.7179423115223051
2023-02-20,RELIANCE,RELIANCE,1128.36706542969,0.01027756487672902,0.01033056044615915,0.5532801707997206
2023-02-21,RELIANCE,RELIANCE,1118.67565917969,-0.00862597425185228,-0.00858887727843194,-0.5207829592009836
2023-02-22,RELIANCE,RELIANCE,1119.57556152344,8.041120531205071e-4,8.04435437890806e-4,0.01501660425652776
2023-02-23,RELIANCE,RELIANCE,1097.44665527344,-0.01996339144441514,-0.01976544237879624,-1.164953435064766
2023-02-24,RELIANCE,RELIANCE,1094.67761230469,-0.00252635718009663,-0.00252316862550377,-0.17421432148011265
2023-02-27,RELIANCE,RELIANCE,1099.29260253906,0.00420698240090522,0.00421584417411605,0.20836122358245024
2023-02-28,RELIANCE,RELIANCE,1087.33972167969,-0.01093279357794988,-0.01087324778840699,-0.6518520446712476
2023-03-01,RELIANCE,RELIANCE,1081.75561523438,-0.00514879976602183,-0.00513556741648676,-0.32321652011218155
2023-03-02,RELIANCE,RELIANCE,1078.52514648438,-0.00299078824867621,-0.00298632029684455,-0.20060241123384304
2023-03-03,RELIANCE,RELIANCE,1084.13232421875,0.0051854631393273,0.00519893092214628,0.26395663761611304
2023-03-06,RELIANCE,RELIANCE,1107.599609375,0.02141519375766818,0.02164614469286399,1.186099054886931
2023-03-08,RELIANCE,RELIANCE,1111.61462402344,0.00361841499455584,0.00362496936118062,0.17491994328143948
2023-03-09,RELIANCE,RELIANCE,1114.98364257812,0.00302615983874287,0.00303074328267289,0.14126913207171504
2023-03-10,RELIANCE,RELIANCE,1080.60192871094,-0.03132150719283291,-0.03083607019353298,-1.8102999634939865
2023-03-13,RELIANCE,RELIANCE,1074.83312988281,-0.00535280576359408,-0.0053385050265565,-0.33480775278035846
2023-03-14,RELIANCE,RELIANCE,1052.21960449219,-0.02126357946685984,-0.02103910343095357,-1.2388276449403632
2023-03-15,RELIANCE,RELIANCE,1054.11181640625,0.00179669011657513,0.00179830513134489,0.07141300147889927
2023-03-16,RELIANCE,RELIANCE,1035.14416503906,-0.01815782525402787,-0.01799396522453928,-1.0623645991499784
2023-03-17,RELIANCE,RELIANCE,1035.95178222656,7.798935916042895e-4,7.801977876864384e-4,0.01364055734790519
2023-03-20,RELIANCE,RELIANCE,1022.22216796875,-0.01334174685708692,-0.01325314024587233,-0.7887241870471375
2023-03-21,RELIANCE,RELIANCE,1024.04504394531,0.0017816602329791,0.00178324833258333,0.07055903208677174
2023-03-22,RELIANCE,RELIANCE,1054.52709960938,0.02933190574193675,0.02976632311664009,1.6359115685808008
2023-03-23,RELIANCE,RELIANCE,1046.681640625,-0.00746760214030535,-0.00743978887530356,-0.4549664595830626
2023-03-24,RELIANCE,RELIANCE,1036.18249511719,-0.01008153556724457,-0.01003088723476671,-0.6034851839899089
2023-03-27,RELIANCE,RELIANCE,1023.37591552734,-0.012436398582317921,-0.01235938616044812,-0.7372840204664307
2023-03-28,RELIANCE,RELIANCE,1036.06713867188,0.01232506407555957,0.01240133068599751,0.6696151799856388
2023-03-29,RELIANCE,RELIANCE,1033.29809570312,-0.00267622609625628,-0.00267264819566577,-0.1827295881762242
2023-03-31,RELIANCE,RELIANCE,1040.68212890625,0.00712067001936818,0.00714608227174313,0.3739114108803932
2023-04-03,RELIANCE,RELIANCE,1082.21716308594,0.03913547421226771,0.03991135527939069,2.192931678137932
2023-04-05,RELIANCE,RELIANCE,1083.6015625,0.00127840763980116,0.00127922515118166,0.04196517716187963
2023-04-06,RELIANCE,RELIANCE,1069.82580566406,-0.01279443640460761,-0.01271293555922682,-0.7576270483751927
2023-04-10,RELIANCE,RELIANCE,1084.52465820312,0.01364595118274348,0.01373948212993063,0.7446654724768732
2023-04-11,RELIANCE,RELIANCE,1077.140625,-0.00683182727741228,-0.00680854339942268,-0.418842941411683
2023-04-12,RELIANCE,RELIANCE,1078.22509765625,0.00100630044949275,0.00100680693966955,0.02650456428243918
2023-04-13,RELIANCE,RELIANCE,1085.90905761719,0.00710121619058003,0.0071264896148705,0.37280608133884147
2023-04-17,RELIANCE,RELIANCE,1119.11401367188,0.03011983571170549,0.03057802660524043,1.680680250455383
2023-04-18,RELIANCE,RELIANCE,1096.98510742188,-0.01997170756417881,-0.01977359409287864,-1.1654259411686272
2023-04-19,RELIANCE,RELIANCE,1079.47119140625,-0.01609432183114059,-0.01596550025805817,-0.9451202604006018
2023-04-20,RELIANCE,RELIANCE,1086.41674804688,0.00641361016194278,0.00643422140018565,0.3337376149367565
2023-04-21,RELIANCE,RELIANCE,1084.82458496094,-0.00146659272473924,-0.00146551780318402,-0.1140005212894565
2023-04-24,RELIANCE,RELIANCE,1096.06213378906,0.0103055772574027,0.01035886260682838,0.554871780977079
2023-04-25,RELIANCE,RELIANCE,1091.90856933594,-0.00379673222929037,-0.00378953375458855,-0.2463946149336713
2023-04-26,RELIANCE,RELIANCE,1097.90808105469,0.00547947859360121,0.00549451839397019,0.2806620363744099
2023-04-27,RELIANCE,RELIANCE,1096.06213378906,-0.00168274636431093,-0.0016813313404677,-0.1262819598656006
2023-04-28,RELIANCE,RELIANCE,1099.29260253906,0.00294300600099848,0.00294734089465562,0.13654448920818513
2023-05-02,RELIANCE,RELIANCE,1124.30590820312,0.02249899043235682,0.02275400162457768,1.2476783200595791
2023-05-03,RELIANCE,RELIANCE,1128.36706542969,0.00360563798998153,0.00361214612227787,0.17419397818930701
2023-05-04,RELIANCE,RELIANCE,1117.3603515625,-0.00980243810357671,-0.00975455080568003,-0.5876273970769218
2023-05-05,RELIANCE,RELIANCE,1126.52111816406,0.00816515276816141,0.00819857854160452,0.4332569335769564
2023-05-08,RELIANCE,RELIANCE,1130.67456054688,0.00368018343270665,0.00368696362265187,0.17842950842499575
2023-05-09,RELIANCE,RELIANCE,1142.21203613281,0.01015235401554647,0.01020406400613594,0.5461659278763682
2023-05-10,RELIANCE,RELIANCE,1149.13464355469,0.00604241038310414,0.00606070256912883,0.3126467496970198
2023-05-11,RELIANCE,RELIANCE,1153.26501464844,0.00358788754147621,0.00359433171466597,0.17318543147480764
2023-05-12,RELIANCE,RELIANCE,1139.81225585938,-0.01173350179183386,-0.0116649327068687,-0.69734676206632
2023-05-15,RELIANCE,RELIANCE,1149.08850097656,0.00810545924778886,0.0081383974154463,0.4298652613141065
2023-05-16,RELIANCE,RELIANCE,1150.98059082031,0.00164524646437461,0.00164660062487962,0.0628082612768228
2023-05-17,RELIANCE,RELIANCE,1136.67407226562,-0.01250774891759963,-0.01242985213546795,-0.7413380107757587
2023-05-18,RELIANCE,RELIANCE,1130.46691894531,-0.00547576780975678,-0.00546080312005172,-0.34179422231256945
2023-05-19,RELIANCE,RELIANCE,1123.31372070312,-0.00634775375701513,-0.00632764932994563,-0.3913388049147178
2023-05-22,RELIANCE,RELIANCE,1123.75207519531,3.9015724288162695e-4,3.902333641181025e-4,-0.00850352052750185
2023-05-23,RELIANCE,RELIANCE,1135.58959960938,0.01047883360458676,0.01053392885794014,0.5647158770102733
2023-05-24,RELIANCE,RELIANCE,1128.78247070312,-0.0060123947838263,-0.00599435650749312,-0.3722843460661933
2023-05-25,RELIANCE,RELIANCE,1123.24450683594,-0.00491821375630037,-0.00490613914630548,-0.3101150617211785
2023-05-26,RELIANCE,RELIANCE,1134.36657714844,0.00985303480385209,0.00990173577062903,0.5291591797116436
2023-05-29,RELIANCE,RELIANCE,1163.44104003906,0.0253076144811279,0.02563057081927352,1.407258995207192
2023-05-30,RELIANCE,RELIANCE,1163.25646972656,-1.5865432623925432e-4,-1.5864174130715162e-4,-0.03968594979120182
2023-05-31,RELIANCE,RELIANCE,1153.74963378906,-0.00820618406948844,-0.00817260525508593,-0.49693127967439343
2023-06-01,RELIANCE,RELIANCE,1144.5888671875,-0.00797168485825644,-0.00793999524097345,-0.483607480618283
2023-06-02,RELIANCE,RELIANCE,1140.36608886719,-0.00369616312708435,-0.00368934072431288,-0.24068046987532943
2023-06-05,RELIANCE,RELIANCE,1138.61242675781,-0.00153898989699483,-0.0015378062593233,-0.11811399088407172
2023-06-06,RELIANCE,RELIANCE,1146.11181640625,0.00656483302465261,0.00658642877260215,0.3423298103000157
2023-06-07,RELIANCE,RELIANCE,1147.75012207031,0.00142842593544638,0.00142944662170666,0.05048893131617221
2023-06-08,RELIANCE,RELIANCE,1156.5185546875,0.0076106358856448,0.00763967038519979,0.4017503392602595
2023-06-09,RELIANCE,RELIANCE,1156.98010253906,3.9900421488618144e-4,3.9908382765610934e-4,-0.00800085240924068
2023-06-12,RELIANCE,RELIANCE,1142.44287109375,-0.01264441148693065,-0.01256480678743498,-0.7491029179696546
2023-06-13,RELIANCE,RELIANCE,1151.44213867188,0.0078463512424848,0.00787721452497165,0.4151432373961439
2023-06-14,RELIANCE,RELIANCE,1163.44104003906,0.01036683746187912,0.01042075929322859,0.5583524692501518
2023-06-15,RELIANCE,RELIANCE,1177.6552734375,0.01214337743162191,0.01221740759459782,0.6592920905292333
2023-06-16,RELIANCE,RELIANCE,1181.53186035156,0.00328637804738456,0.00329178410821741,0.15605423563120122
2023-06-19,RELIANCE,RELIANCE,1192.515625,0.00925326311954291,0.00929620691326243,0.4950812936526822
2023-06-20,RELIANCE,RELIANCE,1175.69396972656,-0.01420646063346083,-0.01410602504553347,-0.8378555787346681
2023-06-21,RELIANCE,RELIANCE,1180.05505371094,0.00370250729004252,0.00370937003733572,0.17969790752850515
2023-06-22,RELIANCE,RELIANCE,1179.59362792969,-3.910970228082544e-4,-3.9102055433680504e-4,-0.05289290159660381
2023-06-23,RELIANCE,RELIANCE,1167.0869140625,-0.01065916903361644,-0.01060256140001416,-0.6363052186228146
2023-06-26,RELIANCE,RELIANCE,1156.98010253906,-0.00869757641613969,-0.00865986191916017,-0.52485125795532
2023-06-27,RELIANCE,RELIANCE,1152.15747070312,-0.0041770043532039,-0.00416829280413419,-0.2680009535607614
2023-06-28,RELIANCE,RELIANCE,1159.74914550781,0.00656748160875569,0.0065890948049463,0.342480297809919
2023-06-30,RELIANCE,RELIANCE,1175.16320800781,0.01320331052307385,0.01329085911354629,0.7195154723019579
2023-07-03,RELIANCE,RELIANCE,1180.53967285156,0.00456464541667082,0.00457507928014903,0.2286829556975692
2023-07-04,RELIANCE,RELIANCE,1211.43713378906,0.02583568491057277,0.02617231902327184,1.4372629523737532
2023-07-05,RELIANCE,RELIANCE,1204.05310058594,-0.00611391931897876,-0.00609526734583796,-0.37805277700687634
2023-07-06,RELIANCE,RELIANCE,1188.8466796875,-0.01270978895599033,-0.01262936069101931,-0.7528175413834045
2023-07-07,RELIANCE,RELIANCE,1216.05212402344,0.02262598734134266,0.02288389646938427,1.2548940428212236
2023-07-10,RELIANCE,RELIANCE,1240.92687988281,0.02024893639039739,0.02045533687903868,1.1198345300401886
2023-07-11,RELIANCE,RELIANCE,1270.462890625,0.02352273070404926,0.02380157221268291,1.3058452946690724
2023-07-12,RELIANCE,RELIANCE,1276.64697265625,0.00485577341704867,0.00486758178997873,0.2452242948187658
2023-07-13,RELIANCE,RELIANCE,1284.76940917969,0.00634216584761273,0.00636231996582429,0.3296782849166935
2023-07-14,RELIANCE,RELIANCE,1269.12451171875,-0.01225195223457935,-0.01217720265532247,-0.7268041298902922
2023-07-17,RELIANCE,RELIANCE,1267.74011230469,-0.00109142564280014,-0.00109083025446032,-0.09268424143519906
2023-07-18,RELIANCE,RELIANCE,1300.04504394531,0.02516303679804725,0.02548229824635839,1.3990443663082532
2023-07-19,RELIANCE,RELIANCE,1306.04455566406,0.00460423334505863,0.00461484911364531,0.23093226647399215
2023-07-20,RELIANCE,RELIANCE,1290,-0.01236092802739974,-0.01228484556248705,-0.732995927115924
2023-07-21,RELIANCE,RELIANCE,1304.5,0.01117760722106529,0.01124031007751938,0.6044188645075763
2023-07-24,RELIANCE,RELIANCE,1240.5,-0.05030530144492744,-0.04906094288999617,-2.888923036930302
2023-07-25,RELIANCE,RELIANCE,1247,0.00522614254818075,0.00523982265215638,0.26626796423609267
2023-07-26,RELIANCE,RELIANCE,1242.5,-0.0036151877092527,-0.00360866078588612,-0.23607960068687792
2023-07-27,RELIANCE,RELIANCE,1267.02502441406,0.01954617307406139,0.01973845023264386,1.079904855387241
2023-07-28,RELIANCE,RELIANCE,1256.02502441406,-0.00871966031863478,-0.0086817543363731,-0.5261060232812819
2023-07-31,RELIANCE,RELIANCE,1263.92504882812,0.00627000540927059,0.00628970303975065,0.3255782660926627
2023-08-01,RELIANCE,RELIANCE,1277.5,0.01068304594237853,0.01074031342639056,0.576318833537168
2023-08-02,RELIANCE,RELIANCE,1254.59997558594,-0.01808826587485334,-0.01792565511863796,-1.058412367559432
2023-08-03,RELIANCE,RELIANCE,1237.65002441406,-0.01360233725840219,-0.0135102435052765,-0.8035304378862533
2023-08-04,RELIANCE,RELIANCE,1249.40002441406,0.00944901565549294,0.00949379854419087,0.5062035803333902
2023-08-07,RELIANCE,RELIANCE,1260.5,0.00884501202787769,0.00888424473270331,0.4718852433068936
2023-08-08,RELIANCE,RELIANCE,1264,0.00277282807882831,0.00277667592225307,0.12687530342768993
2023-08-09,RELIANCE,RELIANCE,1252.42504882812,-0.00919958479333616,-0.00915739807901899,-0.5533744188952198
2023-08-10,RELIANCE,RELIANCE,1262.47497558594,0.00799234972153608,0.00802437380761715,0.4234385932191217
2023-08-11,RELIANCE,RELIANCE,1266.22497558594,0.00296595311538324,0.00297035590607215,0.13784830059148914
2023-08-14,RELIANCE,RELIANCE,1269.5,0.00258310839434717,0.00258644749330149,0.11609579189016736
2023-08-16,RELIANCE,RELIANCE,1275.5,0.004715136437133,0.00472627018511224,0.23723356917661953
2023-08-17,RELIANCE,RELIANCE,1283.55004882812,0.00629145599176976,0.00631128877155625,0.32679704738132426
2023-08-18,RELIANCE,RELIANCE,1265.625,-0.01406364327873195,-0.01396521222096914,-0.8297409683437178
2023-08-21,RELIANCE,RELIANCE,1269.97497558594,0.00343112470056215,0.00343701774691555,0.16427846508958804
2023-08-22,RELIANCE,RELIANCE,1258.44995117188,-0.0091164298466614,-0.00907500118948611,-0.5486497130243757
2023-08-23,RELIANCE,RELIANCE,1262.09997558594,0.00289621477178201,0.00290041285365465,0.13388590058269145
2023-08-24,RELIANCE,RELIANCE,1269.94995117188,0.00620051022943515,0.00621977318579345,0.3216296821864272
2023-08-25,RELIANCE,RELIANCE,1228,-0.03359066144293405,-0.03303275938801334,-1.939228991002548
2023-08-28,RELIANCE,RELIANCE,1236,0.00649352931054831,0.00651465798045602,0.3382784689172928
2023-08-29,RELIANCE,RELIANCE,1226.02502441406,-0.00810311029907197,-0.00807036859703883,-0.49107482413337256
2023-08-30,RELIANCE,RELIANCE,1216,-0.00821046519245175,-0.00817685138103208,-0.4971745249364904
2023-08-31,RELIANCE,RELIANCE,1211.5,-0.00370752226953188,-0.00370065789473684,-0.24132587473884895
2023-09-01,RELIANCE,RELIANCE,1203.27502441406,-0.00681223493740255,-0.00678908426408584,-0.41772974192603374
2023-09-04,RELIANCE,RELIANCE,1206.32495117188,0.00253148109020857,0.00253468799396478,0.11316242668805176
2023-09-05,RELIANCE,RELIANCE,1210,0.00304185218140015,0.00304648330829092,0.1421607411273992
2023-09-06,RELIANCE,RELIANCE,1210.55004882812,4.5448251553741704e-4,4.545858083636345e-4,-0.00484868091165624
2023-09-07,RELIANCE,RELIANCE,1210.84997558594,2.477300374410758e-4,2.477607250607682e-4,-0.01659596337813393
2023-09-08,RELIANCE,RELIANCE,1220,0.00752828658353699,0.00755669537808119,0.39707140858100054
2023-09-11,RELIANCE,RELIANCE,1226,0.0049059787688544,0.00491803278688524,0.24807686739453935
2023-09-12,RELIANCE,RELIANCE,1241.5,0.01256348845206458,0.01264274061990212,0.6831619994650795
2023-09-13,RELIANCE,RELIANCE,1220,-0.01746946722091909,-0.01731776077325815,-1.023253405284482
2023-09-14,RELIANCE,RELIANCE,1230,0.00816331063916083,0.00819672131147541,0.4331522673117259
2023-09-15,RELIANCE,RELIANCE,1234,0.00324675609886987,0.0032520325203252,0.15380299189589047
2023-09-18,RELIANCE,RELIANCE,1220.02502441406,-0.01138955513359202,-0.01132493969687196,-0.6778043672908374
2023-09-20,RELIANCE,RELIANCE,1211.52502441406,-0.00699145356082741,-0.00696707020750028,-0.4279126031522197
2023-09-21,RELIANCE,RELIANCE,1187.47497558594,-0.02005073327494765,-0.01985105412061259,-1.169916031711015
2023-09-22,RELIANCE,RELIANCE,1188,4.420374266241511e-4,4.421351395644647e-4,-0.00555578718738581
2023-09-25,RELIANCE,RELIANCE,1175.19995117188,-0.01083291661169818,-0.01077445187552188,-0.6461772254610665
2023-09-26,RELIANCE,RELIANCE,1169.27502441406,-0.00505438482653314,-0.00504163291694474,-0.3178520428713707
2023-09-27,RELIANCE,RELIANCE,1171.75,0.00211443831845658,0.00211667531954703,0.08946684980558052
2023-09-28,RELIANCE,RELIANCE,1191.5,0.01671465973598132,0.01685513121399616,0.9190236543671196
2023-09-29,RELIANCE,RELIANCE,1170.90002441406,-0.01744031283343908,-0.0172891108568527,-1.0215969084530132
2023-10-03,RELIANCE,RELIANCE,1164.97497558594,-0.00507309812000176,-0.00506025169064711,-0.3189152966049082
2023-10-04,RELIANCE,RELIANCE,1154.5,-0.00903225679080595,-0.00899158849371118,-0.5438671601268
2023-10-05,RELIANCE,RELIANCE,1159.625,0.00442932717888544,0.00443915114768297,0.22099443086455517
2023-10-06,RELIANCE,RELIANCE,1158.52502441406,-9.49011631611967e-4,-9.4856146249003e-4,-0.08459254825688535
2023-10-09,RELIANCE,RELIANCE,1154.05004882812,-0.00387012834583601,-0.00386264905085091,-0.2505648426423923
2023-10-10,RELIANCE,RELIANCE,1153.27502441406,-6.717947567906766e-4,-6.715691532156663e-4,-0.06884161282440932
2023-10-11,RELIANCE,RELIANCE,1157.22497558594,0.00341913440376368,0.00342498631138469,0.16359719923659616
2023-10-12,RELIANCE,RELIANCE,1171.92504882812,0.01262286093716918,0.01270286552080063,0.6865354311147618
2023-10-13,RELIANCE,RELIANCE,1170,-0.00164398878832794,-0.00164263817899017,-0.12407982813310484
2023-10-16,RELIANCE,RELIANCE,1172.5,0.00213447252863261,0.00213675213675213,0.09060515551343735
2023-10-17,RELIANCE,RELIANCE,1178,0.00467986389109768,0.00469083155650319,0.2352294502156092
2023-10-18,RELIANCE,RELIANCE,1177.625,-3.1838684270022827e-4,-3.1833616298811547e-4,-0.04876164749129902
2023-10-19,RELIANCE,RELIANCE,1156,-0.01853392813650902,-0.01836323107950323,-1.0837340494107088
2023-10-20,RELIANCE,RELIANCE,1150,-0.00520382787502699,-0.00519031141868512,-0.32634311257690923
2023-10-23,RELIANCE,RELIANCE,1145,-0.0043573053689557,-0.00434782608695652,-0.2782453142597529
2023-10-25,RELIANCE,RELIANCE,1125.02502441406,-0.01759935767360302,-0.01744539352483843,-1.030633533694192
2023-10-26,RELIANCE,RELIANCE,1125.5,4.22102032049871e-4,4.221911296483203e-4,-0.00668847838074423
2023-10-27,RELIANCE,RELIANCE,1120,-0.0048986960576467,-0.00488671701466015,-0.30900610321537814
2023-10-30,RELIANCE,RELIANCE,1137,0.015064529461395859,0.01517857142857142,0.8252663914770996
2023-10-31,RELIANCE,RELIANCE,1164,0.02346913454084709,0.02374670184696569,1.302800062640647
2023-11-01,RELIANCE,RELIANCE,1144.57495117188,-0.01682900290681688,-0.0166881862784536,-0.9868634414169064
2023-11-02,RELIANCE,RELIANCE,1156.97497558594,0.01077547286815378,0.01083373736369484,0.581570355620904
2023-11-03,RELIANCE,RELIANCE,1163.59997558594,0.00570980738683791,0.00572613940646799,0.29374888021409346
2023-11-06,RELIANCE,RELIANCE,1166.15002441406,0.00218911887240326,0.00219151674254367,0.09371005680383372
2023-11-07,RELIANCE,RELIANCE,1167.02502441406,7.500509157772926e-4,7.503322743054862e-4,0.01194495328200421
2023-11-08,RELIANCE,RELIANCE,1166,-8.787085173007332e-4,-8.783225660260741e-4,-0.08059805905080047
2023-11-09,RELIANCE,RELIANCE,1167.92504882812,0.00164962389484861,0.00165098527283018,0.06305697854845574
2023-11-10,RELIANCE,RELIANCE,1152.77502441406,-0.01305661150555161,-0.01297174371699735,-0.7725233388323806
2023-11-13,RELIANCE,RELIANCE,1161.44995117188,0.00749708216045058,0.00752525564320701,0.3952984326264933
2023-11-15,RELIANCE,RELIANCE,1170,0.00733456633161658,0.00736153014556776,0.3860645924125101
2023-11-16,RELIANCE,RELIANCE,1175.55004882812,0.00473241591158494,0.00474363147702563,0.23821535604141697
2023-11-17,RELIANCE,RELIANCE,1176.44995117188,7.652231187694241e-4,7.655159766758525e-4,0.01280700899146108
2023-11-20,RELIANCE,RELIANCE,1174.27502441406,-0.00185043116570815,-0.00184872017347913,-0.13580949126684708
2023-11-21,RELIANCE,RELIANCE,1183,0.00740262832193883,0.00743009550960482,0.38993174521719653
2023-11-22,RELIANCE,RELIANCE,1187.5,0.0037966719304095,0.00380388841927303,0.18504816324940515
2023-11-23,RELIANCE,RELIANCE,1194.09997558594,0.00554248618496835,0.00555787417763368,0.2842420078462741
2023-11-24,RELIANCE,RELIANCE,1195.80004882812,0.0014227151860541,0.00142372772543251,0.05016445740019278
2023-11-28,RELIANCE,RELIANCE,1196.94995117188,9.6115551753027e-4,9.616175755193394e-4,0.0239395151348974
2023-11-29,RELIANCE,RELIANCE,1204,0.00587273307141738,0.00589001137534414,0.3030060076517992
2023-11-30,RELIANCE,RELIANCE,1197.34997558594,-0.0055385857799177,-0.00552327609141195,-0.3453634198682442
2023-12-01,RELIANCE,RELIANCE,1189,-0.00699814339806686,-0.00697371341395302,-0.4282927069769969
2023-12-04,RELIANCE,RELIANCE,1225,0.02982822628804545,0.03027754415475189,1.6641115577791818
2023-12-05,RELIANCE,RELIANCE,1219.5,-0.00449990532285244,-0.00448979591836734,-0.2863475723490181
2023-12-06,RELIANCE,RELIANCE,1223.55004882812,0.0033155706656498,0.00332107324979089,0.15771290466315369
2023-12-07,RELIANCE,RELIANCE,1230,0.0052576600448384,0.0052715057941909,0.26805872843530626
2023-12-08,RELIANCE,RELIANCE,1231.92504882812,0.00156385688619491,0.00156508034806503,0.05818386028531985
2023-12-11,RELIANCE,RELIANCE,1228,-0.0031911965455702,-0.0031861100899391,-0.21198922939397336
2023-12-12,RELIANCE,RELIANCE,1230,0.0016273396593754,0.001628664495114,0.06179083068380332
2023-12-13,RELIANCE,RELIANCE,1211,-0.01556770481337097,-0.01544715447154471,-0.9151988833203664
2023-12-14,RELIANCE,RELIANCE,1227,0.01312570115781911,0.01321222130470685,0.7151058558171358
2023-12-15,RELIANCE,RELIANCE,1239,0.00973243691823105,0.00977995110024449,0.522307037283681
2023-12-18,RELIANCE,RELIANCE,1247.80004882812,0.00707743717890991,0.00710254142705407,0.3714550031344371
2023-12-19,RELIANCE,RELIANCE,1277.5,0.02352300326980703,0.02380185126597239,1.3058607813368823
2023-12-20,RELIANCE,RELIANCE,1285.52502441406,0.00626217111621543,0.0062818195021996,0.32513313646572195
2023-12-21,RELIANCE,RELIANCE,1263.5,-0.01728156636582602,-0.01713309659148717,-1.0125772361725331
2023-12-22,RELIANCE,RELIANCE,1279.80004882812,0.01281820603004028,0.01290071137959635,0.6976345676548705
2023-12-26,RELIANCE,RELIANCE,1284,0.00327635139161709,0.00328172449729611,0.15548454012583576
2023-12-27,RELIANCE,RELIANCE,1291,0.00543690659673604,0.00545171339563862,0.27824317650418307
2023-12-28,RELIANCE,RELIANCE,1294.90002441406,0.00301637908216365,0.00302093293110766,0.14071340809041227
2023-12-29,RELIANCE,RELIANCE,1305.55004882812,0.00819095437949734,0.0082245920250709,0.4347229320464512
2024-01-01,RELIANCE,RELIANCE,1290.27502441406,-0.01176905245568174,-0.01170006805006906,-0.699366683152331
2024-01-02,RELIANCE,RELIANCE,1292.5,0.00172293452996251,0.00172441963444995,0.06722234936485096
2024-01-03,RELIANCE,RELIANCE,1305,0.00962471337420969,0.00967117988394584,0.5161863904524526
2024-01-04,RELIANCE,RELIANCE,1294,-0.00846484469594791,-0.00842911877394636,-0.5116278843775285
2024-01-05,RELIANCE,RELIANCE,1301.44995117188,0.00574079390665792,0.00575730384225657,0.2955094753195567
2024-01-08,RELIANCE,RELIANCE,1305,0.00272405078928984,0.00272776438688509,0.1241038706331067
2024-01-09,RELIANCE,RELIANCE,1300,-0.00383877630716571,-0.00383141762452107,-0.2487834794512421
2024-01-10,RELIANCE,RELIANCE,1288.5,-0.00888551335720834,-0.00884615384615384,-0.5355294774037487
2024-01-11,RELIANCE,RELIANCE,1329.5,0.03132418059065478,0.03181994567326348,1.749108835255613
2024-01-12,RELIANCE,RELIANCE,1359.90002441406,0.02260825388467344,0.02286575736296352,1.2538864615505252
2024-01-15,RELIANCE,RELIANCE,1375,0.01104254553292372,0.01110373947705907,0.5967449163372472
2024-01-16,RELIANCE,RELIANCE,1389.97497558594,0.01083201268642386,0.01089089133522909,0.584782840530093
2024-01-17,RELIANCE,RELIANCE,1359.5,-0.02216875871457023,-0.02192483758428338,-1.2902582077251676
2024-01-18,RELIANCE,RELIANCE,1351.40002441406,-0.00597587488869736,-0.00595805486277307,-0.37020935510271913
2024-01-19,RELIANCE,RELIANCE,1376,0.01803962930946097,0.01820332628498068,0.9943059048265368
2024-01-23,RELIANCE,RELIANCE,1371.75,-0.00309344255420416,-0.00308866279069767,-0.20643503357791476
2024-01-24,RELIANCE,RELIANCE,1335.22497558594,-0.02698749826465264,-0.02662658969495899,-1.5640498214867602
2024-01-25,RELIANCE,RELIANCE,1342.94995117188,0.00576885171498999,0.00578552358380656,0.2971036666100404
2024-01-29,RELIANCE,RELIANCE,1364.5,0.01591941075897102,0.01604679966614919,0.8738391204252127
2024-01-30,RELIANCE,RELIANCE,1459.94995117188,0.06761409394715547,0.06995232771849029,3.81103267195162
2024-01-31,RELIANCE,RELIANCE,1404,-0.03907684950979207,-0.03832319808426981,-2.25094375969117
2024-02-01,RELIANCE,RELIANCE,1435,0.02183954360796505,0.02207977207977208,1.2102098060708757
2024-02-02,RELIANCE,RELIANCE,1433.17504882812,-0.00127255232828361,-0.00127174297691986,-0.10297551511753798
2024-02-05,RELIANCE,RELIANCE,1460.75,0.01905770556910852,0.01924046277140222,1.052151061047213
2024-02-06,RELIANCE,RELIANCE,1441.84997558594,-0.01302300812419116,-0.01293857567281191,-0.7706140586326722
2024-02-07,RELIANCE,RELIANCE,1435.92504882812,-0.00411771947374852,-0.00410925329135732,-0.26463249949740114
2024-02-08,RELIANCE,RELIANCE,1450,0.00975428157801328,0.0098020096406611,0.5235482092938485
2024-02-09,RELIANCE,RELIANCE,1454,0.00275482267884468,0.00275862068965517,0.12585227085522896
2024-02-12,RELIANCE,RELIANCE,1460.75,0.00463162334108171,0.0046423658872077,0.2324885139395672
2024-02-13,RELIANCE,RELIANCE,1455.5,-0.00360051824886852,-0.00359404415539962,-0.23524610985595568
2024-02-14,RELIANCE,RELIANCE,1457.5,0.0013731550389696,0.00137409824802473,0.04734854412920172
2024-02-15,RELIANCE,RELIANCE,1483.34997558594,0.01758038770072995,0.01773583230596226,0.968212670308646
2024-02-16,RELIANCE,RELIANCE,1476.47497558594,-0.00464555335374362,-0.00463477946078389,-0.2946230163742538
2024-02-19,RELIANCE,RELIANCE,1462.05004882812,-0.00981787972328105,-0.00976984168126213,-0.588504760531411
2024-02-20,RELIANCE,RELIANCE,1475.02502441406,0.0088353614860989,0.00887450850012956,0.47133691788282217
2024-02-21,RELIANCE,RELIANCE,1474,-6.951615851698e-4,-6.949200163347604e-4,-0.07016927155838291
2024-02-22,RELIANCE,RELIANCE,1468.15002441406,-0.00397667232918088,-0.00396877583849389,-0.2566184690800532
2024-02-23,RELIANCE,RELIANCE,1489.5,0.01443737173323595,0.01454209394878483,0.7896324825074766
2024-02-26,RELIANCE,RELIANCE,1493.55004882812,0.00271537604152382,0.00271906601417925,0.12361098796842863
2024-02-27,RELIANCE,RELIANCE,1483.02502441406,-0.0070719320158438,-0.00704698474772788,-0.43248523585896137
2024-02-28,RELIANCE,RELIANCE,1483,-1.6874041085013495e-5,-1.687389871919793e-5,-0.03163026372049594
2024-02-29,RELIANCE,RELIANCE,1465,-0.01221182068676444,-0.01213755900202292,-0.7245239316922372
2024-03-01,RELIANCE,RELIANCE,1463.5,-0.00102441531922708,-0.00102389078498293,-0.088876842334444775
2024-03-04,RELIANCE,RELIANCE,1490.47497558594,0.01826401757046396,0.01843182479394602,1.0070552189263442
2024-03-05,RELIANCE,RELIANCE,1505.77502441406,0.01021288731896471,0.01026521684613,0.5496053150142178
2024-03-06,RELIANCE,RELIANCE,1493.44995117188,-0.008218885026895,-0.00818520233258353,-0.497652923911132
2024-03-07,RELIANCE,RELIANCE,1502.97497558594,0.00635761397647359,0.0063778665007059,0.3305560182090727
2024-03-11,RELIANCE,RELIANCE,1489,-0.00934170728693885,-0.0092982090939284,-0.5614495485989273
2024-03-12,RELIANCE,RELIANCE,1466.59997558594,-0.01515797367101667,-0.01504366985497649,-0.8919187393101663
2024-03-13,RELIANCE,RELIANCE,1479.77502441406,0.00894328565935621,0.00898339632308821,0.4774689640855478
2024-03-14,RELIANCE,RELIANCE,1439.69995117188,-0.02745534105552188,-0.02708186891993825,-1.5906317588103136
2024-03-15,RELIANCE,RELIANCE,1425.94995117188,-0.00959650061343476,-0.00955060114352844,-0.5759264206755282
2024-03-18,RELIANCE,RELIANCE,1420,-0.00418135240808538,-0.00417262272563647,-0.2682480017671134
2024-03-19,RELIANCE,RELIANCE,1428.75,0.00614306451371407,0.00616197183098591,0.3183657259075084
2024-03-20,RELIANCE,RELIANCE,1427.94995117188,-5.601210226567307e-4,-5.599641841609783e-4,-0.06249652370607478
2024-03-21,RELIANCE,RELIANCE,1452.52502441406,0.01706362300355526,0.01721003822438727,0.9388510833409378
2024-03-22,RELIANCE,RELIANCE,1449.97497558594,-0.0017571400408166,-0.00175559717406498,-0.13050886703342968
2024-03-26,RELIANCE,RELIANCE,1445,-0.00343697650256967,-0.00343107685974345,-0.22595397896338956
2024-03-27,RELIANCE,RELIANCE,1448,0.00207397239912917,0.00207612456747404,0.0871676532543142
2024-03-28,RELIANCE,RELIANCE,1492.875,0.03052049704292937,0.03099102209944751,1.7034450650521331
2024-04-01,RELIANCE,RELIANCE,1492.47497558594,-2.679916389874252e-4,-2.6795573243573566e-4,-0.04589828789135206
2024-04-02,RELIANCE,RELIANCE,1484,-0.0056946546222778,-0.00567847081162131,-0.3542309545759346
2024-04-03,RELIANCE,RELIANCE,1482.07495117188,-0.00129804481013241,-0.00129720271436657,-0.10442394943768137
2024-04-04,RELIANCE,RELIANCE,1479.75,-0.00156994534635893,-0.00156871362682545,-0.11987282062534001
2024-04-05,RELIANCE,RELIANCE,1460.875,-0.01283758331751336,-0.01275553302922791,-0.7600785738810886
2024-04-08,RELIANCE,RELIANCE,1462.97497558594,0.00143644575786127,0.00143747794023444,0.05094460236837023
2024-04-09,RELIANCE,RELIANCE,1489,0.0176327366728266,0.01778911112518288,0.9711870393111904
2024-04-10,RELIANCE,RELIANCE,1466.34997558594,-0.01532845049794349,-0.01521156777304231,-0.9016049082902786
2024-04-12,RELIANCE,RELIANCE,1475.875,0.00647473104120839,0.00649573742465804,0.33721038701641187
2024-04-15,RELIANCE,RELIANCE,1461,-0.0101299014765743,-0.01007876683323452,-0.6062332429436675
2024-04-16,RELIANCE,RELIANCE,1453.34997558594,-0.00524991305004926,-0.00523615634090349,-0.3289615845463306
2024-04-18,RELIANCE,RELIANCE,1463.5,0.00695960743129035,0.00698388177972608,0.36476014104143817
2024-04-19,RELIANCE,RELIANCE,1456.77502441406,-0.00460572200741856,-0.00459513193436283,-0.29235987505372935
2024-04-22,RELIANCE,RELIANCE,1472.44995117188,0.01070254180618104,0.01076001887396767,0.5774265514282659
2024-04-23,RELIANCE,RELIANCE,1479,0.00443853678009671,0.00444840167430275,0.2215177028844531
2024-04-24,RELIANCE,RELIANCE,1463.5,-0.01053535657885921,-0.01048005409060175,-0.6292704304921329
2024-04-25,RELIANCE,RELIANCE,1442.5,-0.01445310774968594,-0.01434916296549368,-0.8518695986415462
2024-04-26,RELIANCE,RELIANCE,1463.94995117188,0.01476050919662989,0.01486998348137261,0.8079925384204262
2024-04-29,RELIANCE,RELIANCE,1450,-0.00957467216426443,-0.00952898093320279,-0.5746861697214884
2024-04-30,RELIANCE,RELIANCE,1468,0.01233737375984078,0.01241379310344827,0.6703145928277772
2024-05-02,RELIANCE,RELIANCE,1472,0.00272109011436058,0.00272479564032697,0.1239356507162011
2024-05-03,RELIANCE,RELIANCE,1471,-6.795786873839907e-4,-6.793478260869565e-4,-0.06928388095208084
2024-05-06,RELIANCE,RELIANCE,1435.5,-0.02442922104031884,-0.02413324269204623,-1.4186933766280834
2024-05-07,RELIANCE,RELIANCE,1415.97497558594,-0.01369489807241545,-0.01360154957440613,-0.8087895672449552
2024-05-08,RELIANCE,RELIANCE,1397.5,-0.01313339645944906,-0.01304752972650165,-0.7768861138322934
2024-05-09,RELIANCE,RELIANCE,1413,0.01103017765527331,0.0110912343470483,0.5960421970585814
2024-05-10,RELIANCE,RELIANCE,1396.75,-0.01156699434526926,-0.01150035385704175,-0.687886125726789
2024-05-13,RELIANCE,RELIANCE,1399.90002441406,0.0022527135813813,0.00225525284700912,0.09732338718137992
2024-05-14,RELIANCE,RELIANCE,1400.97497558594,7.67582433816898e-4,7.678771006021892e-4,0.01294106078394878
2024-05-15,RELIANCE,RELIANCE,1420.5,0.01384051693978626,0.01393674030893657,0.7557203286378746
2024-05-16,RELIANCE,RELIANCE,1418.55004882812,-0.00137366474346395,-0.00137272169790918,-0.10872053018544796
2024-05-17,RELIANCE,RELIANCE,1423.05004882812,0.00316723226851737,0.00317225324810887,0.14928459914641254
2024-05-21,RELIANCE,RELIANCE,1425.59997558594,0.00179027077178587,0.00179187426325579,0.0710482665205398
2024-05-22,RELIANCE,RELIANCE,1436.27502441406,0.00746021285895556,0.00748810957557179,0.39320358905803127
2024-05-23,RELIANCE,RELIANCE,1458.55004882812,0.0153898515436628,0.01550888516156386,0.8437505732782563
2024-05-24,RELIANCE,RELIANCE,1483.625,0.01704559238296929,0.01719169746148005,0.937826617781833
2024-05-27,RELIANCE,RELIANCE,1480.22497558594,-0.00229433063989802,-0.00229170067507624,-0.16103101488795413
2024-05-28,RELIANCE,RELIANCE,1468,-0.00829315656231031,-0.00825886320496707,-0.5018728912545757
2024-05-29,RELIANCE,RELIANCE,1446.5,-0.01475408475827108,-0.01464577656675749,-0.868970539671707
2024-05-30,RELIANCE,RELIANCE,1435.5,-0.00763362485507109,-0.00760456273764258,-0.4643995543839668
2024-05-31,RELIANCE,RELIANCE,1431.30004882812,-0.0029300642564229,-0.0029257758076489,-0.1971521895191634
2024-06-03,RELIANCE,RELIANCE,1483,0.03548390683323636,0.03612097352627735,1.985456566633496
2024-06-04,RELIANCE,RELIANCE,1498.05004882812,0.01009723181377351,0.01014838086859069,0.5430339892395826
2024-06-05,RELIANCE,RELIANCE,1422,-0.05209996358851945,-0.05076602673429482,-2.9908923256507296
2024-06-06,RELIANCE,RELIANCE,1435,0.00910051783053522,0.00914205344585091,0.4864025969235381
2024-06-07,RELIANCE,RELIANCE,1428.5,-0.00453990652289377,-0.00452961672473867,-0.2886203644345603
2024-06-10,RELIANCE,RELIANCE,1469.94995117188,0.02860341070049759,0.02901641664114805,1.5945198662611484
2024-06-11,RELIANCE,RELIANCE,1469,-6.464561974481691e-4,-6.462472896595411e-4,-0.06740192408824171
2024-06-12,RELIANCE,RELIANCE,1457.5,-0.00785925794922986,-0.00782845473110959,-0.47721959753543663
2024-06-13,RELIANCE,RELIANCE,1472,0.00989938106417412,0.00994854202401372,0.5317924860510919
2024-06-14,RELIANCE,RELIANCE,1470,-0.00135961951603959,-0.00135869565217391,-0.10792250708372245
2024-06-18,RELIANCE,RELIANCE,1487.34997558594,0.01173359581167109,0.01180270448023129,0.6360090784780307
2024-06-19,RELIANCE,RELIANCE,1487.5,1.0086183533175455e-4,1.0086692205773354e-4,-0.02494073521065333
2024-06-20,RELIANCE,RELIANCE,1459,-0.0193455888969992,-0.01915966386554622,-1.1298510696671298
2024-06-21,RELIANCE,RELIANCE,1473.625,0.00997408208950593,0.01002398903358464,0.5360368561945025
2024-06-24,RELIANCE,RELIANCE,1445.52502441406,-0.01925275736242695,-0.01906860672555093,-1.1245765584813017
2024-06-25,RELIANCE,RELIANCE,1443,-0.00174831447599364,-0.00174678706450171,-0.13000741523050077
2024-06-26,RELIANCE,RELIANCE,1446.05004882812,0.00211145526018984,0.00211368595157311,0.0892973581100221
2024-06-27,RELIANCE,RELIANCE,1513.75,0.0457542808332414,0.0468171563126353,2.568999678306423
2024-06-28,RELIANCE,RELIANCE,1531.02502441406,0.01134744579988431,0.01141207228013872,0.614068769444447
2024-07-01,RELIANCE,RELIANCE,1562.52502441406,0.02036565644011986,0.02057445142809171,1.1264663412098337
2024-07-02,RELIANCE,RELIANCE,1569.5,0.0044539791747021,0.00446391288264684,0.22239511036734577
2024-07-03,RELIANCE,RELIANCE,1566.32495117188,-0.00202501731604992,-0.00202296835178082,-0.14572914418556066
2024-07-04,RELIANCE,RELIANCE,1557,-0.00597118713196006,-0.00595339502502551,-0.3699430056831901
2024-07-05,RELIANCE,RELIANCE,1553.82495117188,-0.00204129128476044,-0.00203920926661528,-0.1466538001270677
2024-07-08,RELIANCE,RELIANCE,1589,0.02238528598747801,0.02263771655976518,1.241217849820074
2024-07-09,RELIANCE,RELIANCE,1597.59997558594,0.00539760028317932,0.00541219357202013,0.2760098665467005
2024-07-10,RELIANCE,RELIANCE,1595,-0.00162875160095032,-0.0016274259049024,-0.12321408013449466
2024-07-11,RELIANCE,RELIANCE,1587.5,-0.0047132844520982,-0.00470219435736677,-0.29847136852684664
2024-07-12,RELIANCE,RELIANCE,1584.5,-0.00189155163587125,-0.00188976377952755,-0.1381458781513382
2024-07-15,RELIANCE,RELIANCE,1604.44995117188,0.01251208814457191,0.01259069180932786,0.6802415317805334
2024-07-16,RELIANCE,RELIANCE,1593.5,-0.00684813341815617,-0.00682473838706045,-0.4197694253069197
2024-07-18,RELIANCE,RELIANCE,1576,-0.01104286343956666,-0.01098211484154377,-0.6581060048044647
2024-07-19,RELIANCE,RELIANCE,1586,0.00632513177696879,0.00634517766497461,0.32871044142939515
2024-07-22,RELIANCE,RELIANCE,1537.25,-0.03122001736121416,-0.03073770491803278,-1.8045335043420665
2024-07-23,RELIANCE,RELIANCE,1501,-0.02386355320011718,-0.023581070092698,-1.3865532061100072
2024-07-24,RELIANCE,RELIANCE,1485,-0.01071678039666191,-0.0106595602931379,-0.6395785866675672
2024-07-25,RELIANCE,RELIANCE,1481,-0.00269723696900126,-0.00269360269360269,-0.18392338599318417
2024-07-26,RELIANCE,RELIANCE,1492.40002441406,0.00766804343812904,0.00769751817289669,0.4050121271766649
2024-07-29,RELIANCE,RELIANCE,1511.94995117188,0.01301459740889876,0.01309965588180395,0.708793152174262
2024-07-30,RELIANCE,RELIANCE,1517.02502441406,0.00335102008582232,0.00335664103050925,0.15972707327614294
2024-07-31,RELIANCE,RELIANCE,1504,-0.00862297069086386,-0.00858589951018825,-0.5206123025797852
2024-08-01,RELIANCE,RELIANCE,1512,0.00530505222969309,0.00531914893617021,0.27075146221686813
2024-08-02,RELIANCE,RELIANCE,1505,-0.00464037955650222,-0.00462962962962962,-0.2943290510579556
2024-08-05,RELIANCE,RELIANCE,1480,-0.01675081042481535,-0.01661129568106312,-0.9824206933478896
2024-08-06,RELIANCE,RELIANCE,1455.15002441406,-0.01693308290506563,-0.01679052404455405,-0.992777068909046
2024-08-07,RELIANCE,RELIANCE,1469,0.00947289232078225,0.00951790217748642,0.5075602070306549
2024-08-08,RELIANCE,RELIANCE,1457.52502441406,-0.00784208868731887,-0.00781141973174949,-0.4762440727375409
2024-08-09,RELIANCE,RELIANCE,1460,0.00169662721582378,0.00169806730209312,0.06572761782418182
2024-08-12,RELIANCE,RELIANCE,1470,0.00682596507039989,0.00684931506849315,0.3571668363452997
2024-08-13,RELIANCE,RELIANCE,1460.75,-0.00631239833823551,-0.00629251700680272,-0.3893299772820389
2024-08-14,RELIANCE,RELIANCE,1463.55004882812,0.00191502215031777,0.00191685697629299,0.0781364025138306
2024-08-16,RELIANCE,RELIANCE,1468.65002441406,0.00347860350679625,0.00348466086965977,0.16697612053313382
2024-08-19,RELIANCE,RELIANCE,1482.5,0.00938622378022012,0.00943041252558836,0.5026358654396128
2024-08-20,RELIANCE,RELIANCE,1497.22497558594,0.0098835265487399,0.00993252990619898,0.5308916626467498
2024-08-21,RELIANCE,RELIANCE,1493.25,-0.00265842580820507,-0.00265489532351969,-0.18171820967354543
2024-08-22,RELIANCE,RELIANCE,1503,0.00650815814055906,0.00652938221998995,0.3391096512076945
2024-08-23,RELIANCE,RELIANCE,1503.75,4.988775359142117e-4,4.99001996007984e-4,-0.002326240313734
2024-08-26,RELIANCE,RELIANCE,1506.97497558594,0.00214232574913091,0.00214462216853865,0.09105136056168849
2024-08-27,RELIANCE,RELIANCE,1510.5,0.00233640778870717,0.00233913931629117,0.1020787328164967
2024-08-28,RELIANCE,RELIANCE,1505,-0.00364782364375057,-0.00364117841774246,-0.23793391239638645
2024-08-29,RELIANCE,RELIANCE,1503.09997558594,-0.00126327228626795,-0.00126247469372757,-0.1024482407851454
2024-08-30,RELIANCE,RELIANCE,1534,0.02034907703049341,0.02055753104647248,1.1255243306965736
2024-09-02,RELIANCE,RELIANCE,1510.875,-0.01518974974758045,-0.01507496740547588,-0.8937241955277078
2024-09-03,RELIANCE,RELIANCE,1521.25,0.006843412122116,0.00686688177380656,0.3581581446314377
2024-09-04,RELIANCE,RELIANCE,1500.69995117188,-0.01360073193668969,-0.01350865987058011,-0.8034392265606145
2024-09-05,RELIANCE,RELIANCE,1519.05004882812,0.01215353822520894,0.01222769257899329,0.6598694074903138
2024-09-06,RELIANCE,RELIANCE,1492.5,-0.01763260532349912,-0.01747806061334331,-1.0325226019088618
2024-09-09,RELIANCE,RELIANCE,1466.5,-0.01757395684925144,-0.01742043551088777,-1.0291903071786654
2024-09-10,RELIANCE,RELIANCE,1460.5,-0.00409976658971009,-0.00409137401977497,-0.2636124507810369
2024-09-11,RELIANCE,RELIANCE,1463.05004882812,0.00174448833249362,0.00174601083746661,0.06844699541935474
2024-09-12,RELIANCE,RELIANCE,1457,-0.0041438039650843,-0.00413523025611187,-0.26611457067031874
2024-09-13,RELIANCE,RELIANCE,1476.40002441406,0.01322718149684819,0.01331504764177076,0.7208717756181694
2024-09-16,RELIANCE,RELIANCE,1477.55004882812,7.786350098328531e-4,7.78938224764938e-4,0.01356904712605753
2024-09-17,RELIANCE,RELIANCE,1474,-0.00240554995260399,-0.00240265893594306,-0.16735028464527082
2024-09-18,RELIANCE,RELIANCE,1470,-0.00271739297649991,-0.00271370420624151,-0.18506861199319735
2024-09-19,RELIANCE,RELIANCE,1466.25,-0.00255427980509674,-0.00255102040816326,-0.17580083191085566
2024-09-20,RELIANCE,RELIANCE,1474,0.00527167278159673,0.00528559249786871,0.2688549054792004
2024-09-23,RELIANCE,RELIANCE,1491,0.0114672420154565,0.01153324287652645,0.6208753625053816
2024-09-24,RELIANCE,RELIANCE,1488.5,-0.00167813430890733,-0.0016767270288397,-0.12601991165183335
2024-09-25,RELIANCE,RELIANCE,1483.90002441406,-0.00309512799111885,-0.00309034302045011,-0.20653079689692583
2024-09-26,RELIANCE,RELIANCE,1490.65002441406,0.00453850933795374,0.00454882396990682,0.22719795342778948
2024-09-27,RELIANCE,RELIANCE,1499,0.0055859362999318,0.00560156673208534,0.2867107607162577
2024-09-30,RELIANCE,RELIANCE,1519.40002441406,0.0135173170347476,0.01360908900204136,0.7373567249094647
2024-10-01,RELIANCE,RELIANCE,1480.65002441406,-0.02583433911659403,-0.02550348780923806,-1.498529512536776
2024-10-03,RELIANCE,RELIANCE,1436.57495117188,-0.03021942272036789,-0.02976738089044498,-1.7476816204435444
2024-10-04,RELIANCE,RELIANCE,1403.92504882812,-0.02298985416516033,-0.02272760103266869,-1.3369112891239168
2024-10-07,RELIANCE,RELIANCE,1393.5,-0.00745335221322014,-0.0074256448638921,-0.4541568058360412
2024-10-08,RELIANCE,RELIANCE,1372.97497558594,-0.01483866740465913,-0.01472911690998205,-0.8737763647241138
2024-10-09,RELIANCE,RELIANCE,1397.52502441406,0.01772293190905696,0.01788091499456707,0.9763117610406924
2024-10-10,RELIANCE,RELIANCE,1380.02502441406,-0.01260119980618582,-0.01252213713120251,-0.7466477124783606
2024-10-11,RELIANCE,RELIANCE,1370,-0.00729089279804421,-0.00726437871539067,-0.4449261709387846
2024-10-14,RELIANCE,RELIANCE,1379.44995117188,0.00687409376518969,0.0068977745780146,0.3599014172201913
2024-10-15,RELIANCE,RELIANCE,1358.52502441406,-0.01528526326929784,-0.0151690365714564,-0.899151092120741
2024-10-16,RELIANCE,RELIANCE,1340,-0.01372995637310548,-0.01363613042170493,-0.8107815131930403
2024-10-17,RELIANCE,RELIANCE,1365.69995117188,0.01899746798623969,0.01917906803871642,1.048728476188384
2024-10-18,RELIANCE,RELIANCE,1352.17504882812,-0.00995263872402449,-0.00990327511702299,-0.5961615105796295
2024-10-21,RELIANCE,RELIANCE,1367.125,0.01099555144821765,0.01105622469874486,0.5940748018487595
2024-10-22,RELIANCE,RELIANCE,1369.19995117188,0.00151659733885192,0.00151774795419585,0.05549866271483546
2024-10-23,RELIANCE,RELIANCE,1337.5,-0.02342439222408009,-0.02315217083140299,-1.361600914939123
2024-10-24,RELIANCE,RELIANCE,1335.27502441406,-0.00166491835607328,-0.00166353314836635,-0.1252690063546648
2024-10-25,RELIANCE,RELIANCE,1343.5,0.00614086764145751,0.00615976142409257,0.3182409038053594
2024-10-28,RELIANCE,RELIANCE,1337,-0.00484985095360277,-0.00483810941570524,-0.3062308173296093
2024-10-29,RELIANCE,RELIANCE,1328.09997558594,-0.0066789670784354,-0.00665671235157815,-0.4101577157167016
2024-10-30,RELIANCE,RELIANCE,1335,0.00518196081084204,0.00519541039146228,0.2637576419746315
2024-10-31,RELIANCE,RELIANCE,1340,0.00373832211060715,0.00374531835205992,0.18173283749661395
2024-11-01,RELIANCE,RELIANCE,1333.05004882812,-0.00520002746349023,-0.00518653072528358,-0.3261271804235332
2024-11-04,RELIANCE,RELIANCE,1337.84997558594,0.00359424305013166,0.00360071008739664,0.17354653938548975
2024-11-05,RELIANCE,RELIANCE,1293,-0.03409872975974099,-0.03352392002421422,-1.968096466182303
2024-11-06,RELIANCE,RELIANCE,1310,0.01306203742333966,0.01314771848414539,0.7114886035419177
2024-11-07,RELIANCE,RELIANCE,1324,0.01063032030175633,0.01068702290076335,0.5733230629455992
2024-11-08,RELIANCE,RELIANCE,1297.65002441406,-0.02010250238840448,-0.01990179424919939,-1.172857454248805
2024-11-11,RELIANCE,RELIANCE,1278.94995117188,-0.01451556451358545,-0.01441072160471296,-0.8554182731446288
2024-11-12,RELIANCE,RELIANCE,1275.55004882812,-0.00266189418775617,-0.00265835448888733,-0.1819152764011746
2024-11-13,RELIANCE,RELIANCE,1270.25,-0.00416376493336608,-0.00415510848279868,-0.267248714913084
2024-11-14,RELIANCE,RELIANCE,1253.59997558594,-0.01319433890718997,-0.01310767519311946,-0.7803487477721751
2024-11-18,RELIANCE,RELIANCE,1267.59997558594,0.01110593699004782,0.01116783684799955,0.600346698331132
2024-11-19,RELIANCE,RELIANCE,1260.75,-0.00541854759986458,-0.00540389375029266,-0.338543078845832
2024-11-21,RELIANCE,RELIANCE,1241.65002441406,-0.01526562205756938,-0.015149693108023,-0.8980351158370101
2024-11-22,RELIANCE,RELIANCE,1229.40002441406,-0.00991489456784015,-0.0098659040463361,-0.5940169594320993
2024-11-25,RELIANCE,RELIANCE,1290,0.04811595302429258,0.04929231688833123,2.7031853992077988
2024-11-26,RELIANCE,RELIANCE,1294.94995117188,0.00382982828735513,0.00383717145106976,0.18693204437231117
2024-11-27,RELIANCE,RELIANCE,1293.5,-0.00112032401698898,-0.0011196966883298,-0.0943261920785189
2024-11-28,RELIANCE,RELIANCE,1289.94995117188,-0.0027483025641884,-0.00274452943805179,-0.18682483596130772
2024-11-29,RELIANCE,RELIANCE,1280,-0.00774334214823254,-0.00771343970581244,-0.4706334822483006
2024-12-02,RELIANCE,RELIANCE,1288,0.00623054975063616,0.00625,0.3233364706319882
2024-12-03,RELIANCE,RELIANCE,1317,0.0222657950789822,0.02251552795031056,1.2344286037263834
2024-12-04,RELIANCE,RELIANCE,1326,0.00681046900252687,0.00683371298405467,0.3562863792494523
2024-12-05,RELIANCE,RELIANCE,1314.34997558594,-0.00882466349172189,-0.00878584043292609,-0.5320721038114314
2024-12-06,RELIANCE,RELIANCE,1323.90002441406,0.00723971613054035,0.00726598623312833,0.3806753844363641
2024-12-09,RELIANCE,RELIANCE,1303,-0.01591264625978115,-0.0157867089875688,-0.9347978000670256
2024-12-10,RELIANCE,RELIANCE,1289.25,-0.01060864419377681,-0.01055257099002302,-0.6334344933447694
2024-12-11,RELIANCE,RELIANCE,1285,-0.00330193560174819,-0.00329649020748497,-0.2182812118890412
2024-12-12,RELIANCE,RELIANCE,1270,-0.01174181787668317,-0.01167315175097276,-0.6978192661864132
2024-12-13,RELIANCE,RELIANCE,1260,-0.00790517950711326,-0.00787401574803149,-0.4798287730903027
2024-12-16,RELIANCE,RELIANCE,1275,0.01183445764700279,0.0119047619047619,0.6417398560756601
2024-12-17,RELIANCE,RELIANCE,1261.05004882812,-0.01100143262290238,-0.01094113817402353,-0.6557519846221994
2024-12-18,RELIANCE,RELIANCE,1240.65002441406,-0.0163092904851564,-0.01617701409473598,-0.9573343703518522
2024-12-19,RELIANCE,RELIANCE,1239,-0.00133085285532519,-0.00132996766339426,-0.10628804014944024
2024-12-20,RELIANCE,RELIANCE,1224,-0.01218041855687107,-0.01210653753026634,-0.7227397224130884
2024-12-23,RELIANCE,RELIANCE,1215,-0.00738010729762253,-0.00735294117647058,-0.4499951690775329
2024-12-24,RELIANCE,RELIANCE,1222.30004882812,0.00599029295630542,0.00600827064042798,0.30968553665779674
2024-12-26,RELIANCE,RELIANCE,1224.25,0.00159404185147266,0.00159531301152243,0.05989891258661943
2024-12-27,RELIANCE,RELIANCE,1218.30004882812,-0.00487192714316898,-0.0048600785557525,-0.30748514442162556
2024-12-30,RELIANCE,RELIANCE,1216.40002441406,-0.00156078756529871,-0.00155957016983429,-0.11935249292783884
2024-12-31,RELIANCE,RELIANCE,1208,-0.00692959737919884,-0.00690564308242783,-0.42439805259118624
2025-01-01,RELIANCE,RELIANCE,1214.84997558594,0.0056544927719905,0.00567050959100993,0.2906060090324763
2025-01-02,RELIANCE,RELIANCE,1221.25,0.0052543320902417,0.00526816030182918,0.26786964038643285
2025-01-03,RELIANCE,RELIANCE,1243.90002441406,0.01837670048595412,0.01854659112717297,1.0134576478094086
2025-01-06,RELIANCE,RELIANCE,1253.94995117188,0.0080469052072521,0.00807936856706312,0.4265383321277083
2025-01-07,RELIANCE,RELIANCE,1222,-0.02580966931865823,-0.02547944688065193,-1.4971278215514432
2025-01-08,RELIANCE,RELIANCE,1249,0.021854370394037,0.0220949263502455,1.2110522358480709
2025-01-09,RELIANCE,RELIANCE,1267,0.0143086701955613,0.0144115292233787,0.782319905986727
2025-01-10,RELIANCE,RELIANCE,1253.84997558594,-0.01043310297914091,-0.0103788669408524,-0.6234605754898379
2025-01-13,RELIANCE,RELIANCE,1230,-0.01920462897553501,-0.01902139494383656,-1.1218419951005807
2025-01-14,RELIANCE,RELIANCE,1244.09997558594,0.01139818793010929,0.01146339478531707,0.6169518407488009
2025-01-15,RELIANCE,RELIANCE,1244.94995117188,6.829719322555647e-4,6.832052106903096e-4,0.00813365305358927
2025-01-16,RELIANCE,RELIANCE,1258.90002441406,0.01114301393655397,0.01120532855882977,0.6024533398940897
2025-01-17,RELIANCE,RELIANCE,1322.25,0.04909648778070727,0.05032168905980083,2.758897518636108
2025-01-20,RELIANCE,RELIANCE,1316,-0.00473799806082678,-0.00472679145396105,-0.2998755487580763
2025-01-21,RELIANCE,RELIANCE,1310.5,-0.00418808912180148,-0.00417933130699088,-0.2686307690241131
2025-01-22,RELIANCE,RELIANCE,1278.30004882812,-0.0248776353917856,-0.02457073725439145,-1.444171426986676
2025-01-23,RELIANCE,RELIANCE,1270,-0.00651420791903846,-0.00649303646333195,-0.4007964137279853
2025-01-24,RELIANCE,RELIANCE,1266,-0.00315457674851543,-0.00314960629921259,-0.20990856219313336
2025-01-27,RELIANCE,RELIANCE,1239.09997558594,-0.02147703378473319,-0.02124804456086887,-1.2509557131929676
2025-01-28,RELIANCE,RELIANCE,1238,-8.881156748469795e-4,-8.877214168451982e-4,-0.08113255584580827
2025-01-29,RELIANCE,RELIANCE,1236,-0.00161681522690528,-0.00161550888529886,-0.1225358780697664
2025-01-30,RELIANCE,RELIANCE,1235.55004882812,-3.6410444292985346e-4,-3.640381649514581e-4,-0.05135923456029975
2025-01-31,RELIANCE,RELIANCE,1255.84997558594,0.01629636012963539,0.01642987006238544,0.8952566665341013
2025-02-01,RELIANCE,RELIANCE,1265.09997558594,0.00733853641815555,0.0073655294659573,0.3862901651767113
2025-02-03,RELIANCE,RELIANCE,1251,-0.01120791965558587,-0.01114534491980327,-0.667484184985319
2025-02-04,RELIANCE,RELIANCE,1248.05004882812,-0.00236085911399087,-0.00235807447792166,-0.164811036217944
2025-02-05,RELIANCE,RELIANCE,1282.65002441406,0.02734589695123132,0.02772322762090214,1.5230703274013206
2025-02-06,RELIANCE,RELIANCE,1273.69995117188,-0.00700225704409064,-0.00697779836418633,-0.42852643651800826
2025-02-07,RELIANCE,RELIANCE,1276.15002441406,0.00192173972560399,0.00192358745081664,0.07851808236165497
2025-02-10,RELIANCE,RELIANCE,1264.5,-0.00917096487564532,-0.00912903983950403,-0.5517482896203632
2025-02-11,RELIANCE,RELIANCE,1264.55004882812,3.957915198208884e-5,3.95799352471315e-5,-0.02842270069053877
2025-02-12,RELIANCE,RELIANCE,1219.44995117188,-0.03631646889767221,-0.03566493686670213,-2.094104184832722
2025-02-13,RELIANCE,RELIANCE,1217.05004882812,-0.00196995946634637,-0.00196802036971974,-0.14260086191093133
2025-02-14,RELIANCE,RELIANCE,1219,0.00160091258328809,0.00160219472794695,0.06028929449705905
2025-02-17,RELIANCE,RELIANCE,1211.09997558594,-0.00650183311284996,-0.00648074193114027,-0.4000933007829668
2025-02-18,RELIANCE,RELIANCE,1224.84997558594,0.01128935020103994,0.01135331539689581,0.6107678880428414
2025-02-19,RELIANCE,RELIANCE,1219.5,-0.00437742891348642,-0.00436786193621851,-0.2793886957756882
2025-02-20,RELIANCE,RELIANCE,1223.94995117188,0.00364235501483782,0.00364899645090611,0.17628016968885724
2025-02-21,RELIANCE,RELIANCE,1228.69995117188,0.00387336646305223,0.00388087764164872,0.18940580068564872
2025-02-24,RELIANCE,RELIANCE,1216.55004882812,-0.00993763609762648,-0.00988842095433629,-0.5953090898896374
2025-02-25,RELIANCE,RELIANCE,1211,-0.00457255948314625,-0.00456212124890895,-0.29047564351505484
2025-02-27,RELIANCE,RELIANCE,1212.80004882812,0.00148531159566708,0.00148641521727497,0.05372106630704416
2025-02-28,RELIANCE,RELIANCE,1202,-0.0089449400536065,-0.00890505309474191,-0.5389059892359964
2025-03-03,RELIANCE,RELIANCE,1204,0.00166251077361345,0.0016638935108153,0.06378918648306296
2025-03-04,RELIANCE,RELIANCE,1162.19995117188,-0.03533462824128815,-0.03471764852833887,-2.03831786665258
2025-03-05,RELIANCE,RELIANCE,1161,-0.00103301592958676,-0.00103248255230957,-0.08936551265273762
2025-03-06,RELIANCE,RELIANCE,1197,0.0305367238600817,0.03100775193798449,1.7043670419318082
2025-03-07,RELIANCE,RELIANCE,1216,0.01574835696813911,0.01587301587301587,0.8641201694536655
2025-03-10,RELIANCE,RELIANCE,1245,0.02356874637269568,0.02384868421052631,1.3084598174184514
2025-03-11,RELIANCE,RELIANCE,1240,-0.00402415029972549,-0.00401606425702811,-0.25931607704131177
2025-03-12,RELIANCE,RELIANCE,1258,0.01441177866130318,0.01451612903225806,0.7881783328501313
2025-03-13,RELIANCE,RELIANCE,1260.05004882812,0.00162828318842704,0.00162960956130365,0.06184444020948804
2025-03-17,RELIANCE,RELIANCE,1242.15002441406,-0.01430767264631482,-0.01420580430968396,-0.843606252752914
2025-03-18,RELIANCE,RELIANCE,1238.84997558594,-0.00266025858469717,-0.00265672323250702,-0.18182234454703677
2025-03-19,RELIANCE,RELIANCE,1241.05004882812,0.00177432460802046,0.0017758996533373,0.07014223583237718
2025-03-20,RELIANCE,RELIANCE,1251.84997558594,0.00866460284754008,0.00870224917038438,0.46163473690191587
2025-03-21,RELIANCE,RELIANCE,1275,0.01832374091916505,0.01849265076929399,1.0104485859780743
2025-03-24,RELIANCE,RELIANCE,1291,0.01247093325411589,0.01254901960784313,0.6779031892004819
2025-03-25,RELIANCE,RELIANCE,1307.69995117188,0.01285271972688247,0.01293567093096824,0.6995955702484098
2025-03-26,RELIANCE,RELIANCE,1291,-0.01285271972688242,-0.01277047625253372,-0.7609385958649786
2025-03-27,RELIANCE,RELIANCE,1278.15002441406,-0.01000337280347654,-0.00995350548872192,-0.5990441244543822
2025-03-28,RELIANCE,RELIANCE,1280,0.00144633887049693,0.0014473853230086,0.05150671020704671
2025-04-01,RELIANCE,RELIANCE,1264.59997558594,-0.01210423059490698,-0.01203126907348437,-0.718410867359074
2025-04-02,RELIANCE,RELIANCE,1247.55004882812,-0.01357418019674161,-0.01348246646131721,-0.8019306072104694
2025-04-03,RELIANCE,RELIANCE,1233.05004882812,-0.01169085267999037,-0.01162278019516772,-0.6949235206697335
2025-04-04,RELIANCE,RELIANCE,1241.09997558594,0.00650724902214369,0.00652846716600886,0.3390579968288979
2025-04-07,RELIANCE,RELIANCE,1132.19995117188,-0.09183546398837104,-0.08774476396443956,-5.248587863047794
2025-04-08,RELIANCE,RELIANCE,1172,0.03454909166116135,0.03515284450147262,1.932342147007546
2025-04-09,RELIANCE,RELIANCE,1169.5,-0.00213538411272415,-0.00213310580204778,-0.15199997560383474
2025-04-11,RELIANCE,RELIANCE,1195.15002441406,0.02169541390418689,0.02193247064049593,1.202020630503641
2025-04-15,RELIANCE,RELIANCE,1251,0.04567151053849066,0.04673051453378941,2.564296827626116
2025-04-16,RELIANCE,RELIANCE,1234.09997558594,-0.0136012917906598,-0.01350921216151878,-0.8034710363980946
2025-04-17,RELIANCE,RELIANCE,1240.19995117188,0.00493067786835956,0.00494285366389686,0.24948022323929736
2025-04-21,RELIANCE,RELIANCE,1270,0.02374428290802616,0.02402842283614151,1.3184334694041515
2025-04-22,RELIANCE,RELIANCE,1300,0.0233473639969911,0.02362204724409448,1.2958812920027136
2025-04-23,RELIANCE,RELIANCE,1297,-0.00231035913318425,-0.0023076923076923,-0.16194172338286125
2025-04-24,RELIANCE,RELIANCE,1292.40002441406,-0.00355293147561806,-0.00354662728291441,-0.23254231993194371
2025-04-25,RELIANCE,RELIANCE,1303.5,0.0085519805327305,0.00858865318497068,0.4552357512342314
2025-04-28,RELIANCE,RELIANCE,1340,0.02761665957140071,0.02800153433064825,1.5384545443634567
2025-04-29,RELIANCE,RELIANCE,1371,0.02287078661735743,0.02313432835820895,1.2688030719627983
2025-04-30,RELIANCE,RELIANCE,1402,0.02235938803222096,0.02261123267687819,1.239746377272272
2025-05-02,RELIANCE,RELIANCE,1414,0.00852277886198261,0.00855920114122681,0.4535765678574369
2025-05-05,RELIANCE,RELIANCE,1431,0.01195093309993275,0.01202263083451202,0.6483577697208914
2025-05-06,RELIANCE,RELIANCE,1431,0,0,-0.03067151280828565
2025-05-07,RELIANCE,RELIANCE,1420.90002441406,-0.00708300973031155,-0.00705798433678546,-0.43311465052007614
2025-05-08,RELIANCE,RELIANCE,1404.09997558594,-0.01189398009323616,-0.01182352631392759,-0.7064648338479549
2025-05-09,RELIANCE,RELIANCE,1385.5,-0.01333542542987005,-0.01324690257770149,-0.7883650155789569
2025-05-12,RELIANCE,RELIANCE,1400,0.01041115130031697,0.01046553590761457,0.5608702972447486
2025-05-13,RELIANCE,RELIANCE,1433.5,0.02364676972007463,0.02392857142857142,1.3128929555799853
2025-05-14,RELIANCE,RELIANCE,1420,-0.00946213472811809,-0.00941750959190791,-0.5682920066979712
2025-05-15,RELIANCE,RELIANCE,1425,0.00351494210744459,0.00352112676056338,0.16904081068912594
2025-05-16,RELIANCE,RELIANCE,1453.19995117188,0.0195961740438825,0.01978943941886316,1.0827458153674774
2025-05-19,RELIANCE,RELIANCE,1452.09997558594,-7.572200228747657e-4,-7.569334041423316e-4,-0.07369531392489238
2025-05-20,RELIANCE,RELIANCE,1438.19995117188,-0.00961847000622081,-0.00957236047638604,-0.5771746797776728
2025-05-21,RELIANCE,RELIANCE,1423.90002441406,-0.00999269478467999,-0.00994293369720119,-0.5984374197408988
2025-05-22,RELIANCE,RELIANCE,1421.19995117188,-0.00189805214295242,-0.00189625198109753,-0.13851522459671517
2025-05-23,RELIANCE,RELIANCE,1406.59997558594,-0.01032612327277714,-0.01027299189948697,-0.6173821920991899
2025-05-26,RELIANCE,RELIANCE,1432,0.01789664100346272,0.01805774552461458,0.986181581309689
2025-05-27,RELIANCE,RELIANCE,1426.09997558594,-0.00412863989732845,-0.00412012878076815,-0.26525297718951024
2025-05-28,RELIANCE,RELIANCE,1420.09997558594,-0.00421615416408455,-0.00420727866399043,-0.27022537133393043
2025-05-29,RELIANCE,RELIANCE,1412.09997558594,-0.00564933367315804,-0.00563340619501043,-0.3516559044683824
2025-05-30,RELIANCE,RELIANCE,1418,0.00416948730605297,0.00417819171168233,0.2062308236259792
2025-06-02,RELIANCE,RELIANCE,1412.09997558594,-0.00416948730605296,-0.00416080706210155,-0.26757384924255023
2025-06-03,RELIANCE,RELIANCE,1422.30004882812,0.00719737312055644,0.00722333646238295,0.3782695351650921
2025-06-04,RELIANCE,RELIANCE,1414.69995117188,-0.00535785395651109,-0.00534352625699617,-0.33509458149790194
2025-06-05,RELIANCE,RELIANCE,1428,0.00935740394946467,0.00940132133114359,0.5009983774847526
2025-06-06,RELIANCE,RELIANCE,1441,0.00906245309999236,0.00910364145658263,0.48423983135083726
2025-06-09,RELIANCE,RELIANCE,1457,0.0110422101956827,0.01110340041637751,0.5967258631131792
2025-06-10,RELIANCE,RELIANCE,1450,-0.0048159707805847,-0.00480439258750857,-0.30430581035450066
2025-06-11,RELIANCE,RELIANCE,1445.80004882812,-0.00290072107603485,-0.00289651804957241,-0.1954849658338314
2025-06-12,RELIANCE,RELIANCE,1453.5,0.00531160566034535,0.00532573724708415,0.27112381567886956
2025-06-13,RELIANCE,RELIANCE,1424,-0.0205046280270095,-0.02029583763329893,-1.195705468005161
2025-06-16,RELIANCE,RELIANCE,1426.90002441406,0.00203446307446887,0.00203653399863763,0.08492280859214757
2025-06-17,RELIANCE,RELIANCE,1448,0.01467901789927171,0.01478728377946763,0.8033623579387194
2025-06-18,RELIANCE,RELIANCE,1430,-0.01250884969170876,-0.01243093922651933,-0.7414005546664574
2025-06-19,RELIANCE,RELIANCE,1430.09997558594,6.991055336117477e-5,6.991299716083993e-5,-0.02669932816855042
2025-06-20,RELIANCE,RELIANCE,1431,6.291457491367332e-4,6.293437028353498e-4,0.00507535173110343
2025-06-23,RELIANCE,RELIANCE,1453,0.01525688401383196,0.0153738644304682,0.8361956111990843
2025-06-24,RELIANCE,RELIANCE,1465,0.00822485788088479,0.00825877494838265,0.4366492644951262
2025-06-25,RELIANCE,RELIANCE,1464,-6.828269299107778e-4,-6.825938566552901e-4,-0.0694684399127914
2025-06-26,RELIANCE,RELIANCE,1469.09997558594,0.00347753623674574,0.00348358988110655,0.16691548027930567
2025-06-27,RELIANCE,RELIANCE,1499.40002441406,0.0204150925935119,0.02062490595034898,1.1292752093951128
2025-06-30,RELIANCE,RELIANCE,1513.80004882812,0.00955803377888293,0.00960385766279234,0.5123977827014545
2025-07-01,RELIANCE,RELIANCE,1500.59997558594,-0.00875806628830141,-0.00871982614374902,-0.5282881774118005
2025-07-02,RELIANCE,RELIANCE,1528.40002441406,0.01835644070425509,0.01852595580462068,1.0123065255567565
2025-07-03,RELIANCE,RELIANCE,1520.80004882812,-0.00498490826526739,-0.00497250422961331,-0.3139045168368439
2025-07-04,RELIANCE,RELIANCE,1524,0.00210191296550789,0.00210412353310074,0.08875518308005698
2025-07-07,RELIANCE,RELIANCE,1526.59997558594,0.00170456712533764,0.00170602072568241,0.06617874837737478
2025-07-08,RELIANCE,RELIANCE,1536,0.00613861033568829,0.00615749021642167,0.31811264798599265
2025-07-09,RELIANCE,RELIANCE,1536.69995117188,4.55593579008712e-4,4.556973775260431e-4,-0.00478555239897449
2025-07-10,RELIANCE,RELIANCE,1519.69995117188,-0.01112431347717188,-0.01106266710494516,-0.6627338409855041
2025-07-11,RELIANCE,RELIANCE,1512,-0.00507963706997599,-0.00506675753061804,-0.3192868273023328
2025-07-14,RELIANCE,RELIANCE,1492.19995117188,-0.01318176942430052,-0.01309527038896825,-0.7796345736673739
2025-07-15,RELIANCE,RELIANCE,1486.19995117188,-0.00402901444614941,-0.00402090885694506,-0.2595924485872601
2025-07-16,RELIANCE,RELIANCE,1473,-0.00892135640639816,-0.00888167918554413,-0.5375660112686368
2025-07-17,RELIANCE,RELIANCE,1487.40002441406,0.00972850822048641,0.00977598398782077,0.5220838161520328
2025-07-18,RELIANCE,RELIANCE,1484.80004882812,-0.0017495297658631,-0.00174800023078137,-0.1300764656888391
2025-07-21,RELIANCE,RELIANCE,1465,-0.01342487346608578,-0.01333516175713168,-0.7934472828251481
2025-07-22,RELIANCE,RELIANCE,1427.40002441406,-0.02600061781033365,-0.02566551234535153,-1.507977151575985
2025-07-23,RELIANCE,RELIANCE,1426,-9.813026665928255e-4,-9.808213465841164e-4,-0.08642726343199585
2025-07-24,RELIANCE,RELIANCE,1419.19995117188,-0.00478002382431005,-0.00476861769152875,-0.3022633726867325
2025-07-25,RELIANCE,RELIANCE,1398.90002441406,-0.01440706721521965,-0.01430378202948618,-0.8492536630635884
2025-07-28,RELIANCE,RELIANCE,1392.30004882812,-0.00472913994935816,-0.00471797517389025,-0.2993722477166596
2025-07-29,RELIANCE,RELIANCE,1383,-0.00670203832059521,-0.00667962975074785,-0.4114685798040355
2025-07-30,RELIANCE,RELIANCE,1418.09997558594,0.02506287758650647,0.02537959189149674,1.3933535104577082
2025-07-31,RELIANCE,RELIANCE,1388.09997558594,-0.02138204225831452,-0.02115506700266629,-1.245558475379731
2025-08-01,RELIANCE,RELIANCE,1386.90002441406,-8.64829727329677e-4,-8.64455869883207e-4,-0.0798094926085306
2025-08-04,RELIANCE,RELIANCE,1395.09997558594,0.00589502150857782,0.00591243134150519,0.3042723942483264
2025-08-05,RELIANCE,RELIANCE,1411,0.01133259307861565,0.01139705017010125,0.6132248660787154
2025-08-06,RELIANCE,RELIANCE,1391.90002441406,-0.01362893507936299,-0.01353648163425939,-0.8050416754718738
2025-08-07,RELIANCE,RELIANCE,1387.69995117188,-0.00302207258285277,-0.0030175107180906,-0.20237992758446427
2025-08-08,RELIANCE,RELIANCE,1385,-0.00194752556915936,-0.00194563037175288,-0.14132621055242675
2025-08-11,RELIANCE,RELIANCE,1370,-0.01088939979926832,-0.01083032490974729,-0.6493864927216227
2025-08-12,RELIANCE,RELIANCE,1381.90002441406,0.00864864165429194,0.00868614920734306,0.46072785226713714
2025-08-13,RELIANCE,RELIANCE,1388,0.00440448059028737,0.00441419457136666,0.21958269497013053
2025-08-14,RELIANCE,RELIANCE,1377.30004882812,-0.00773876569140596,-0.00770889853881844,-0.4703734566779546
2025-08-18,RELIANCE,RELIANCE,1390,0.00917865074939355,0.00922090374039106,0.490841960728075
2025-08-19,RELIANCE,RELIANCE,1390,0,0,-0.03067151280828565
2025-08-20,RELIANCE,RELIANCE,1413,0.01641135655978998,0.01654676258992805,0.9017905449190224
2025-08-21,RELIANCE,RELIANCE,1425,0.00845671001822345,0.00849256900212314,0.4498226618485776
2025-08-22,RELIANCE,RELIANCE,1420,-0.00351494210744449,-0.00350877192982456,-0.23038383630569187
2025-08-25,RELIANCE,RELIANCE,1414.69995117188,-0.00373941164524127,-0.00373242875219718,-0.24313776839829637
2025-08-26,RELIANCE,RELIANCE,1408,-0.0047472022320774,-0.00473595207685561,-0.3003985122579407
2025-08-28,RELIANCE,RELIANCE,1389.90002441406,-0.01293843806193981,-0.01285509629683238,-0.7658089485869711
2025-08-29,RELIANCE,RELIANCE,1381.09997558594,-0.00635155424942227,-0.00633142576699344,-0.391554741662995
2025-09-01,RELIANCE,RELIANCE,1356,-0.0183410759062847,-0.01817390198366427,-1.072776552583611
2025-09-02,RELIANCE,RELIANCE,1354.80004882812,-8.853115158922683e-4,-8.849197432743379e-4,-0.08097322886881046
2025-09-03,RELIANCE,RELIANCE,1369.69995117188,0.01093782410755658,0.01099786079624678,0.5907948441765322
2025-09-04,RELIANCE,RELIANCE,1371.80004882812,0.0015320795674127,0.00153325380090961,0.05637833348729072
2025-09-05,RELIANCE,RELIANCE,1363,-0.00643562896288521,-0.00641496465584584,-0.39633170693292075
2025-09-08,RELIANCE,RELIANCE,1380,0.01239534645471773,0.01247248716067498,0.6736084910597735
2025-09-09,RELIANCE,RELIANCE,1376.59997558594,-0.00246682592202961,-0.00246378580728985,-0.1708318686527653
2025-09-10,RELIANCE,RELIANCE,1383.90002441406,0.00528894464415497,0.00530295580240206,0.269836259850679
2025-09-11,RELIANCE,RELIANCE,1376,-0.00572487838008684,-0.00570852249056419,-0.3559482109950605
2025-09-12,RELIANCE,RELIANCE,1383.30004882812,0.00529124468576661,0.00530526804369185,0.2699669438393079
2025-09-15,RELIANCE,RELIANCE,1393,0.00698771060075009,0.00701218161605462,0.3663569096648985
2025-09-16,RELIANCE,RELIANCE,1404.69995117188,0.00836402729652541,0.00839910349740129,0.4445566059271511
2025-09-17,RELIANCE,RELIANCE,1407,0.00163605603805803,0.00163739510790269,0.0622860787379615
2025-09-18,RELIANCE,RELIANCE,1420.40002441406,0.00947876114270191,0.00952382687566453,0.5078936623269124
2025-09-19,RELIANCE,RELIANCE,1414.90002441406,-0.00387966480021234,-0.00387214862395461,-0.25110668583730356
2025-09-22,RELIANCE,RELIANCE,1403.90002441406,-0.00780477908880296,-0.0077744008835927,-0.4741242123300006
2025-09-23,RELIANCE,RELIANCE,1391,-0.00923118244463268,-0.00918870588341504,-0.5551697373285228
2025-09-24,RELIANCE,RELIANCE,1385.30004882812,-0.00410615501228465,-0.004097736284601,-0.2639754287979856
2025-09-25,RELIANCE,RELIANCE,1381.30004882812,-0.00289163785584924,-0.00288746109796484,-0.19496887454337655
2025-09-26,RELIANCE,RELIANCE,1372,-0.00675559076947847,-0.00673282306477152,-0.4145113280680256
2025-09-29,RELIANCE,RELIANCE,1381.59997558594,0.00697270087577826,0.00699706675360058,0.3655040856474467
2025-09-30,RELIANCE,RELIANCE,1377.09997558594,-0.00326240915713239,-0.00325709328280173,-0.21603539450357273
2025-10-01,RELIANCE,RELIANCE,1367,-0.00736126328052695,-0.00733423554208007,-0.44892448787620914
2025-10-03,RELIANCE,RELIANCE,1363.19995117188,-0.0027837164676489,-0.00277984552166788,-0.18883698658228992
2025-10-06,RELIANCE,RELIANCE,1360,-0.00235014152620291,-0.00234738210570588,-0.16420208326964722
2025-10-07,RELIANCE,RELIANCE,1376,0.01169603976319123,0.01176470588235294,0.6338752152524009
2025-10-08,RELIANCE,RELIANCE,1384.80004882812,0.00637502062876181,0.00639538432276162,0.33154503107657585
2025-10-09,RELIANCE,RELIANCE,1374,-0.0078295663397562,-0.00779899512370719,-0.4755325767723341
2025-10-10,RELIANCE,RELIANCE,1377.80004882812,0.00276186581599319,0.00276568328101892,0.12625244850869885
2025-10-13,RELIANCE,RELIANCE,1376.90002441406,-6.534464167824366e-4,-6.532329671678481e-4,-0.06779909505218057
2025-10-14,RELIANCE,RELIANCE,1380,0.0022488859697450702,0.0022514166104828,0.09710590957009968
2025-10-15,RELIANCE,RELIANCE,1383,0.00217155351350793,0.00217391304347826,0.09271202652884793
2025-10-16,RELIANCE,RELIANCE,1375.09997558594,-0.00572861469024812,-0.00571223746497469,-0.35616050103023233
2025-10-17,RELIANCE,RELIANCE,1401,0.01865982936249692,0.01883501190742426,1.0295444919323355
2025-10-20,RELIANCE,RELIANCE,1440,0.02745684623303929,0.02783725910064239,1.5293742545167366
2025-10-21,RELIANCE,RELIANCE,1468,0.01925781660441452,0.01944444444444444,1.063520989369443
2025-10-23,RELIANCE,RELIANCE,1475,0.00475705959945924,0.0047683923705722,0.23961556350272784
2025-10-24,RELIANCE,RELIANCE,1450,-0.01709443335930006,-0.01694915254237288,-1.0019446947553643
2025-10-27,RELIANCE,RELIANCE,1463,0.0089255656055043,0.00896551724137931,0.4764621443374305
2025-10-28,RELIANCE,RELIANCE,1484.09997558594,0.01431938943123367,0.0144224029979084,0.7829289525646808
2025-10-29,RELIANCE,RELIANCE,1490,0.00396760848814682,0.00397548986666521,0.19476045325954988
2025-10-30,RELIANCE,RELIANCE,1500,0.00668898815079671,0.00671140939597315,0.3493840683669795
2025-10-31,RELIANCE,RELIANCE,1490.40002441406,-0.00642055142204525,-0.00639998372396,-0.3954750297468589
2025-11-03,RELIANCE,RELIANCE,1486,-0.00295661039055167,-0.00295224392242601,-0.1986604903573201
2025-11-04,RELIANCE,RELIANCE,1483.90002441406,-0.00141417281299234,-0.00141317334181695,-0.111022121630944
2025-11-06,RELIANCE,RELIANCE,1484,6.737126261347149e-5,6.737353210805287e-5,-0.02684360583792803
2025-11-07,RELIANCE,RELIANCE,1494.59997558594,0.00711745143401847,0.00714284069133423,0.3737285369840624
2025-11-10,RELIANCE,RELIANCE,1477.90002441406,-0.01123641842139113,-0.01117352565547379,-0.669103430640524
2025-11-11,RELIANCE,RELIANCE,1497,0.01284092767967535,0.0129237264161441,0.6989255685600358
2025-11-12,RELIANCE,RELIANCE,1505,0.00532979276334782,0.0053440213760855,0.2721571722711779
2025-11-13,RELIANCE,RELIANCE,1515,0.00662254076049345,0.00664451827242524,0.34560865406365543
2025-11-14,RELIANCE,RELIANCE,1505.5,-0.00629037002168103,-0.00627062706270627,-0.38807837024347225
2025-11-17,RELIANCE,RELIANCE,1520.90002441406,0.01017721200891119,0.01022917596417137,0.547578311767937
2025-11-18,RELIANCE,RELIANCE,1521.69995117188,5.258179074931518e-4,5.259561739623103e-4,-7.955396536809316e-4
2025-11-19,RELIANCE,RELIANCE,1517.40002441406,-0.00282973884481568,-0.00282573890766611,-0.1914518904970327
2025-11-20,RELIANCE,RELIANCE,1530,0.00826937539310379,0.00830366111981937,0.4391786648464864
2025-11-21,RELIANCE,RELIANCE,1541,0.00716382093363457,0.00718954248366013,0.3763631637359882
2025-11-24,RELIANCE,RELIANCE,1550,0.0058233745931766,0.00584036340038935,0.30020155282084027
2025-11-25,RELIANCE,RELIANCE,1535.90002441406,-0.00913838659610473,-0.00909675844254193,-0.5498972537558406
2025-11-26,RELIANCE,RELIANCE,1542.30004882812,0.00415829607166859,0.00416695378105849,0.20559495897916905
2025-11-27,RELIANCE,RELIANCE,1575,0.02098043187087709,0.0212020684280768,1.1613967115979
2025-11-28,RELIANCE,RELIANCE,1568,-0.0044543503493803,-0.00444444444444444,-0.2837592254229867
2025-12-01,RELIANCE,RELIANCE,1575,0.00445435034938037,0.00446428571428571,0.22241619980641916
2025-12-02,RELIANCE,RELIANCE,1561.09997558594,-0.00886458693612361,-0.0088254123263873,-0.5343404779694577
2025-12-03,RELIANCE,RELIANCE,1545.19995117188,-0.01023736513135471,-0.0101851416710785,-0.6123391233626548
2025-12-04,RELIANCE,RELIANCE,1536,-0.00597168548463767,-0.00595389041068941,-0.3699713211342346
2025-12-05,RELIANCE,RELIANCE,1530.40002441406,-0.00365247962884317,-0.00364581743876302,-0.23819845661150793
2025-12-08,RELIANCE,RELIANCE,1539.19995117188,0.00573361410961635,0.00575008273486483,0.29510153291095303
2025-12-09,RELIANCE,RELIANCE,1540.30004882812,7.144651424168154e-4,7.147204334319456e-4,0.00992303734028191
2025-12-10,RELIANCE,RELIANCE,1534,-0.00409853140360599,-0.00409014388651948,-0.2635422698564981
2025-12-11,RELIANCE,RELIANCE,1536.90002441406,0.00188871357132714,0.00189049831425032,0.0766415991066832
2025-12-12,RELIANCE,RELIANCE,1550.80004882812,0.00900354178400713,0.00904419558413329,0.4808926024531601
2025-12-15,RELIANCE,RELIANCE,1551.19995117188,2.5783516826275945e-4,2.5786841060663834e-4,-0.01602180906948418
2025-12-16,RELIANCE,RELIANCE,1545,-0.00400488311895265,-0.00399687426962342,-0.25822135248489914
2025-12-17,RELIANCE,RELIANCE,1550,0.00323102058144654,0.00323624595469255,0.15290892973213766
2025-12-18,RELIANCE,RELIANCE,1535.19995117188,-0.00959429702550873,-0.00954841859878709,-0.5758012170018159
2025-12-19,RELIANCE,RELIANCE,1554.40002441406,0.01242900088186713,0.01250656191561484,0.6755206715840973
2025-12-22,RELIANCE,RELIANCE,1573.5,0.01221280273481091,0.01228768353444914,0.6632367041773561
2025-12-23,RELIANCE,RELIANCE,1580.90002441406,0.00469188304082027,0.00470290715860184,0.2359123554368582
2025-12-24,RELIANCE,RELIANCE,1572.69995117188,-0.00520046409592248,-0.00518696509301354,-0.3261519890476566
2025-12-26,RELIANCE,RELIANCE,1554.69995117188,-0.01151128690044429,-0.01144528553370113,-0.684720934693191
2025-12-29,RELIANCE,RELIANCE,1554.90002441406,1.2868101622508463e-4,1.2868929598228152e-4,-0.0233601022772589
2025-12-30,RELIANCE,RELIANCE,1547,-0.00509367899207416,-0.00508072820761386,-0.32008466260171226
2020-01-01,TCS,TCS,2168,NA,NA,NA
2020-01-02,TCS,TCS,2179.94995117188,0.00549683478201817,0.00551197009773062,0.34708116486103385
2020-01-03,TCS,TCS,2164,-0.00734355737518285,-0.00731665934041547,-0.5059970000968252
2020-01-06,TCS,TCS,2205,0.01876914791457419,0.01894639556377079,1.228854898346059
2020-01-07,TCS,TCS,2200.5,-0.00204290162980029,-0.00204081632653061,-0.15383690864600666
2020-01-08,TCS,TCS,2205,0.00204290162980033,0.00204498977505112,0.11761193064230356
2020-01-09,TCS,TCS,2248.75,0.01964699738379642,0.01984126984126984,1.2871766540327303
2020-01-10,TCS,TCS,2228,-0.00927018421756818,-0.00922734852695942,-0.6339964623514813
2020-01-13,TCS,TCS,2217.85009765625,-0.00456601988596649,-0.00455561146487881,-0.321465518862155
2020-01-14,TCS,TCS,2195,-0.0103562556519364,-0.01030281427964731,-0.7061518774588307
2020-01-15,TCS,TCS,2213,0.00816701454177801,0.0082004555808656,0.5244801120019192
2020-01-16,TCS,TCS,2226.94995117188,0.00628385329948425,0.0063036381255671,0.3993683773112624
2020-01-17,TCS,TCS,2240.75,0.00617771688693697,0.00619683833525672,0.3923169839470601
2020-01-20,TCS,TCS,2194.89990234375,-0.02067418834490777,-0.02046194249972107,-1.3916452004133373
2020-01-21,TCS,TCS,2169.94995117188,-0.01143233960012785,-0.01136723872702715,-0.7776437531449601
2020-01-22,TCS,TCS,2181,0.00507938390919357,0.00509230584887565,0.3193469476977717
2020-01-23,TCS,TCS,2209.80004882812,0.01311854857361683,0.01320497424489683,0.8534455761321218
2020-01-24,TCS,TCS,2190.94995117188,-0.00856681835630127,-0.00853022773089194,-0.5872668881392888
2020-01-27,TCS,TCS,2189.69995117188,-5.706915922485574e-4,-5.705287787753475e-4,-0.05602757214822312
2020-01-28,TCS,TCS,2174,-0.00719573714554148,-0.00716990981503092,-0.4961762556287221
2020-01-29,TCS,TCS,2185,0.00504703984853581,0.00505979760809567,0.3171981027423054
2020-01-30,TCS,TCS,2160,-0.0115076068514798,-0.011441647597254,-0.7826442895677307
2020-01-31,TCS,TCS,2139.39990234375,-0.00958285145274103,-0.00953708224826389,-0.6547691605649172
2020-02-03,TCS,TCS,2152,0.00587227205620532,0.00588954764485422,0.372024121197515
2020-02-04,TCS,TCS,2129,-0.01074525638819561,-0.01068773234200743,-0.731995950614272
2020-02-05,TCS,TCS,2115,-0.00659757341310108,-0.00657585720995772,-0.45643600369814274
2020-02-06,TCS,TCS,2145,0.01408473988173902,0.01418439716312056,0.9176365056645094
2020-02-07,TCS,TCS,2139,-0.00280112227971166,-0.00279720279720279,-0.20421087485675096
2020-02-10,TCS,TCS,2140.89990234375,8.878256556921022e-4,8.882198895511921e-4,0.04087205538650356
2020-02-11,TCS,TCS,2163,0.01026989121496112,0.01032280754091114,0.6641890984198838
2020-02-12,TCS,TCS,2151.10009765625,-0.00551676236302289,-0.00550157297445677,-0.38463007316433145
2020-02-13,TCS,TCS,2172.94995117188,0.0101062842667185,0.01015752523066532,0.6533195304602403
2020-02-14,TCS,TCS,2188,0.00690221568511759,0.00692609087475919,0.4404505687861716
2020-02-17,TCS,TCS,2196.94995117188,0.00408212805156941,0.00409047128513711,0.2530921801953328
2020-02-18,TCS,TCS,2199.94995117188,0.00136459802686553,0.0013655295144069,0.07254741969966748
2020-02-19,TCS,TCS,2215.75,0.00715633599820054,0.00718200376317813,0.4573335804348265
2020-02-20,TCS,TCS,2204.5,-0.00509022082051499,-0.00507728760013539,-0.35629189844924924
2020-02-24,TCS,TCS,2156,-0.02224607276910457,-0.02200045361760036,-1.4960766121414937
2020-02-25,TCS,TCS,2115.5,-0.01896346186876561,-0.0187847866419295,-1.277989528129704
2020-02-26,TCS,TCS,2154,0.01803538755621181,0.01819900732687308,1.1801060024893577
2020-02-27,TCS,TCS,2119.94995117188,-0.01593409826673997,-0.01580782211147632,-1.076727455214207
2020-02-28,TCS,TCS,2068,-0.02481052382127415,-0.02450527246794801,-1.6664512526451487
2020-03-02,TCS,TCS,2035,-0.01608613775162438,-0.01595744680851063,-1.0868285146817398
2020-03-03,TCS,TCS,2020,-0.00739830748144492,-0.00737100737100737,-0.5096344373035311
2020-03-04,TCS,TCS,2056,0.0176648361798053,0.01782178217821782,1.1554876509361147
2020-03-05,TCS,TCS,2085.69995117188,0.01434215931663049,0.01444550154274319,0.9347387013337088
2020-03-06,TCS,TCS,2098,0.00588000306455626,0.00589732421540741,0.3725377468202021
2020-03-09,TCS,TCS,2075,-0.01102335629144386,-0.0109628217349857,-0.7504720962205359
2020-03-11,TCS,TCS,1933,-0.07088795345646776,-0.06843373493975903,-4.727701145789705
2020-03-12,TCS,TCS,1904,-0.01511626385702022,-0.01500258665287118,-1.0223929248555017
2020-03-13,TCS,TCS,1687.90002441406,-0.12047176919226613,-0.11349788633715335,-8.02190509389746
2020-03-16,TCS,TCS,1755,0.03898368974092164,0.03975352486248892,2.571850037089811
2020-03-17,TCS,TCS,1730,-0.01434744840814154,-0.01424501424501424,-0.9713150711349
2020-03-18,TCS,TCS,1676.80004882812,-0.03123416424527855,-0.03075141686235838,-2.093219167376291
2020-03-19,TCS,TCS,1559.69995117188,-0.07239378049486409,-0.06983545696940954,-4.827743897672377
2020-03-20,TCS,TCS,1630,0.04408655104912599,0.04507280312171587,2.9108692436329804
2020-03-23,TCS,TCS,1620,-0.00615386557437822,-0.00613496932515337,-0.4269573503828049
2020-03-24,TCS,TCS,1653.05004882812,0.02019594670920822,0.02040126470871604,1.3236472444511491
2020-03-25,TCS,TCS,1700,0.02800615510866929,0.02840201432809839,1.8425346871227648
2020-03-26,TCS,TCS,1831.59997558594,0.07456163740927048,0.07741175034467059,4.93554500359134
2020-03-27,TCS,TCS,1820,-0.00635338738273692,-0.00633324729229104,-0.44021299678829734
2020-03-30,TCS,TCS,1766,-0.03011939890693571,-0.02967032967032967,-2.019157413066177
2020-03-31,TCS,TCS,1837.40002441406,0.03963443996074698,0.04043036490037372,2.615083981705996
2020-04-01,TCS,TCS,1825.90002441406,-0.006278512610992,-0.00625884393555905,-0.4352385355646988
2020-04-03,TCS,TCS,1740,-0.04818791630508569,-0.04704530547428286,-3.219576954526886
2020-04-07,TCS,TCS,1710,-0.01739174271186922,-0.01724137931034482,-1.1735690962784575
2020-04-08,TCS,TCS,1760,0.02882043853549188,0.02923976608187134,1.8966333005455525
2020-04-09,TCS,TCS,1750.44995117188,-0.00544093920766314,-0.00542616410688636,-0.3795926041023495
2020-04-13,TCS,TCS,1761,0.00600895967167175,0.00602704968574338,0.38110524728361905
2020-04-15,TCS,TCS,1785,0.01353658571753332,0.01362862010221465,0.8812187434349996
2020-04-16,TCS,TCS,1709.94995117188,-0.04295431346589756,-0.04204484528185994,-2.871871662389915
2020-04-17,TCS,TCS,1800,0.05132256313641424,0.05266238860757649,3.391608759799154
2020-04-20,TCS,TCS,1830,0.0165293019512105,0.01666666666666666,1.0800460721963854
2020-04-21,TCS,TCS,1765,-0.03616527646806952,-0.03551912568306011,-2.4208278661387097
2020-04-22,TCS,TCS,1737.65002441406,-0.01561705066945436,-0.01549573687588668,-1.0556637385313
2020-04-23,TCS,TCS,1780,0.02407972458818806,0.02437198226968662,1.5816741073025296
2020-04-24,TCS,TCS,1840.69995117188,0.03353254322561529,0.03410109616397753,2.2096917782716754
2020-04-27,TCS,TCS,1832.30004882812,-0.00457387257707699,-0.00456342835148782,-0.3219872287321113
2020-04-28,TCS,TCS,1865,0.01768901814324675,0.01784639540494136,1.1570942299833242
2020-04-29,TCS,TCS,1874,0.00481413072045149,0.00482573726541555,0.30172430029487174
2020-04-30,TCS,TCS,1980,0.05502166089021351,0.05656350053361793,3.637366014342281
2020-05-04,TCS,TCS,1966,-0.0070958229814691,-0.00707070707070707,-0.4895382502861544
2020-05-05,TCS,TCS,1955.09997558594,-0.00555969118803902,-0.00554426470704984,-0.38748213895953526
2020-05-06,TCS,TCS,1939.80004882812,-0.00785643038790173,-0.00782564930125102,-0.5400707856315815
2020-05-07,TCS,TCS,1910,-0.01548165809049559,-0.01536243328075124,-1.046668650889659
2020-05-08,TCS,TCS,1939.09997558594,0.01512069325748869,0.01523558931201047,0.986462223286445
2020-05-11,TCS,TCS,1909,-0.01564439057241672,-0.015522652758966,-1.0574801218600736
2020-05-12,TCS,TCS,1933.40002441406,0.01270057893228389,0.01278157381564169,0.8256768935038089
2020-05-13,TCS,TCS,1994,0.03086254786375197,0.03134373374403238,2.0323050819886506
2020-05-14,TCS,TCS,1910,-0.04303942948110809,-0.04212637913741224,-2.877526521928111
2020-05-15,TCS,TCS,1916,0.00313643749013031,0.0031413612565445,0.19026326041674116
2020-05-18,TCS,TCS,1907,-0.00470835293038675,-0.00469728601252609,-0.330921710765048
2020-05-19,TCS,TCS,1903,-0.00209973830426961,-0.0020975353959098,-0.15761297135226937
2020-05-20,TCS,TCS,1950,0.02439778426164302,0.02469784550709406,1.6028050633711797
2020-05-21,TCS,TCS,1946,-0.00205338881184208,-0.00205128205128205,-0.1545336464015411
2020-05-22,TCS,TCS,1977.09997558594,0.01585512848646486,0.01598148796810894,1.0352559555763134
2020-05-26,TCS,TCS,2015,0.01898808314836804,0.01916950325328278,1.2434003160562754
2020-05-27,TCS,TCS,1959,-0.02818505643624255,-0.02779156327543424,-1.890645346993993
2020-05-28,TCS,TCS,1988.5,0.01494644670320465,0.0150587034201123,0.9748857909657624
2020-05-29,TCS,TCS,1982,-0.00327414975781206,-0.00326879557455368,-0.23563743940807003
2020-06-01,TCS,TCS,1990,0.00402820282860478,0.00403632694248234,0.24950954582650545
2020-06-02,TCS,TCS,2060.19995117188,0.0346684030303849,0.03527635737280402,2.285154987341878
2020-06-03,TCS,TCS,2051.85009765625,-0.00406116895111677,-0.00405293355670669,-0.2879246967590439
2020-06-04,TCS,TCS,2046.75,-0.00248870354124857,-0.00248560928601735,-0.18345468603917808
2020-06-05,TCS,TCS,2091.60009765625,0.0216762007471521,0.02191283628007817,1.421991000848998
2020-06-08,TCS,TCS,2078.25,-0.00640317659251215,-0.00638271994307587,-0.44352084651669793
2020-06-09,TCS,TCS,2063.10009765625,-0.00731644008258374,-0.0072897400908216,-0.5041954063506329
2020-06-10,TCS,TCS,2077.05004882812,0.00673888794861742,0.00676164534513744,0.42959955083948453
2020-06-11,TCS,TCS,2100,0.01098870343428301,0.01104930099533637,0.7119448835626697
2020-06-12,TCS,TCS,2011.19995117188,-0.0432058101536343,-0.0422857375372,-2.8885803680307407
2020-06-15,TCS,TCS,2039.09997558594,0.01377698748986339,0.01387232751164462,0.8971903352899213
2020-06-16,TCS,TCS,2065,0.01262170434738971,0.01270169423969394,0.8204366963727886
2020-06-17,TCS,TCS,2046,-0.00924355888356136,-0.00920096852300242,-0.632227552897794
2020-06-18,TCS,TCS,2045,-4.8887803466967e-4,-4.887585532746823e-4,-0.0505921182529205
2020-06-19,TCS,TCS,2042,-0.00146806975229127,-0.00146699266503667,-0.11564675703528132
2020-06-22,TCS,TCS,2050,0.00391007340784304,0.0039177277179236,0.2416613720124018
2020-06-23,TCS,TCS,2027,-0.01128292568045383,-0.01121951219512195,-0.7677171285641688
2020-06-24,TCS,TCS,2034,0.00344743015650525,0.00345337937839171,0.21092470516846584
2020-06-25,TCS,TCS,2035,4.915212681900907e-4,4.916420845624386e-4,0.01454274896688876
2020-06-26,TCS,TCS,2025,-0.00492611833605588,-0.00491400491400491,-0.34538940851019445
2020-06-29,TCS,TCS,2108,0.04016993012061349,0.04098765432098765,2.6506603844621788
2020-06-30,TCS,TCS,2100,-0.00380228594973857,-0.00379506641366223,-0.2707252660056268
2020-07-01,TCS,TCS,2079.69995117188,-0.00971371566608334,-0.00966668991815238,-0.6634633968164243
2020-07-02,TCS,TCS,2102,0.01066564339146543,0.01072272411967613,0.6904817175530965
2020-07-03,TCS,TCS,2163.64990234375,0.02890729279048859,0.02932916381719791,1.9024036436600205
2020-07-06,TCS,TCS,2205,0.01893094365356139,0.01911127008646729,1.2396041348509423
2020-07-07,TCS,TCS,2275,0.03125254350410453,0.03174603174603174,2.058215253667242
2020-07-08,TCS,TCS,2270,-0.00220022090960242,-0.00219780219780219,-0.16428874227250764
2020-07-09,TCS,TCS,2229,-0.01822677708957946,-0.01806167400881057,-1.2290463422918738
2020-07-10,TCS,TCS,2205.25,-0.01071217324699258,-0.01065500224315836,-0.7297980033052643
2020-07-13,TCS,TCS,2220,0.00666631472744873,0.00668858406076408,0.42477799791635623
2020-07-14,TCS,TCS,2210,-0.00451468035452658,-0.0045045045045045,-0.3180546702888117
2020-07-15,TCS,TCS,2185,-0.01137668698210793,-0.01131221719457013,-0.7739463556921176
2020-07-16,TCS,TCS,2244,0.0266441591128963,0.02700228832951945,1.7520476497699085
2020-07-17,TCS,TCS,2237,-0.00312430515245737,-0.00311942959001782,-0.22568220132812375
2020-07-20,TCS,TCS,2201,-0.01622387996366795,-0.01609298167188198,-1.0959797050853346
2020-07-21,TCS,TCS,2230,0.01308978292770277,0.01317582916855974,0.8515344706043654
2020-07-22,TCS,TCS,2231,4.4832997836800496e-4,4.484304932735426e-4,0.01167324577629309
2020-07-23,TCS,TCS,2190.94995117188,-0.0181146980135878,-0.01795161310090542,-1.2216001357191628
2020-07-24,TCS,TCS,2154.5,-0.01677653936305207,-0.01663659690281099,-1.1326967819862075
2020-07-27,TCS,TCS,2165,0.0048616833806976,0.00487352053840798,0.30488356020258917
2020-07-28,TCS,TCS,2215,0.02283204204264569,0.023094688221709,1.49878172182314
2020-07-29,TCS,TCS,2292,0.03417239535539427,0.03476297968397291,2.252201685604226
2020-07-30,TCS,TCS,2285.89990234375,-0.00266502168976682,-0.00266147367201134,-0.19516874903236817
2020-07-31,TCS,TCS,2303.14990234375,0.00751793158958103,0.00754626218860828,0.481356935779058
2020-08-03,TCS,TCS,2290.44995117188,-0.00552942525895817,-0.00551416612481288,-0.3854713589985387
2020-08-04,TCS,TCS,2259.94995117188,-0.013405615953538,-0.01331616086367443,-0.9087424727099872
2020-08-05,TCS,TCS,2260,2.214574438334409e-5,2.2145989602134923e-5,-0.01664119040373528
2020-08-06,TCS,TCS,2275,0.00661523911871918,0.00663716814159292,0.4213846835973171
2020-08-07,TCS,TCS,2308,0.01440129624293942,0.0145054945054945,0.9386675860561728
2020-08-10,TCS,TCS,2318,0.0043233962717068,0.00433275563258232,0.2691213363128133
2020-08-11,TCS,TCS,2283,-0.01521437736990149,-0.01509922346850733,-1.028911300190276
2020-08-12,TCS,TCS,2288.35009765625,0.00234070897423577,0.00234345057216381,0.13739738110142266
2020-08-13,TCS,TCS,2273,-0.0067305316514881,-0.00670793235352043,-0.46526936085971704
2020-08-14,TCS,TCS,2277,0.00175824221119634,0.00175978882534095,0.09869998998755694
2020-08-17,TCS,TCS,2263,-0.00616742043020221,-0.00614844093104962,-0.4278578954277721
2020-08-18,TCS,TCS,2262.80004882812,-8.836058590876832e-5,-8.835668222713311e-5,-0.02398290834409853
2020-08-19,TCS,TCS,2276.35009765625,0.00597031983512353,0.00598817771598839,0.3785381293597059
2020-08-20,TCS,TCS,2257,-0.00853682806521639,-0.00850049281794265,-0.585274420761967
2020-08-21,TCS,TCS,2260,0.0013283154487958,0.00132919805050952,0.07013691114660092
2020-08-24,TCS,TCS,2250.60009765625,-0.00416792255922903,-0.00415924882466814,-0.2950170947945641
2020-08-25,TCS,TCS,2245,-0.00249136953074781,-0.00248826864536346,-0.18363180659764416
2020-08-26,TCS,TCS,2242,-0.00133719654424944,-0.00133630289532293,-0.10695192320219953
2020-08-27,TCS,TCS,2266,0.01064783795584642,0.01070472792149866,0.6892987763969242
2020-08-28,TCS,TCS,2268.39990234375,0.00105853150120172,0.00105909194340247,0.05221325335398592
2020-08-31,TCS,TCS,2240,-0.01259882824006794,-0.01251979525938382,-0.8551418525971807
2020-09-01,TCS,TCS,2269,0.01286333993075609,0.01294642857142857,0.8364902590306166
2020-09-02,TCS,TCS,2247,-0.00974321259451253,-0.00969590127809607,-0.6654230866193682
2020-09-03,TCS,TCS,2268,0.00930239266231341,0.00934579439252336,0.5999113193779695
2020-09-04,TCS,TCS,2275,0.00308166653740811,0.00308641975308641,0.18662443823208988
2020-09-07,TCS,TCS,2289,0.00613498856751592,0.00615384615384615,0.38947823915817953
2020-09-08,TCS,TCS,2335.94995117188,0.02030359875399445,0.02051111890427261,1.3307993319961309
2020-09-09,TCS,TCS,2325,-0.00469860068510449,-0.0046875795289992,-0.33027380006202944
2020-09-10,TCS,TCS,2335,0.00429185208154108,0.0043010752688172,0.2670256324174646
2020-09-11,TCS,TCS,2330.94995117188,-0.00173600226647954,-0.00173449628613276,-0.1334474109980262
2020-09-14,TCS,TCS,2384.10009765625,0.02254584673919834,0.02280192522265391,1.4797677414637085
2020-09-15,TCS,TCS,2491.39990234375,0.04402302667893617,0.04500641763866533,2.906648869949047
2020-09-16,TCS,TCS,2488.94995117188,-9.838470957058303e-4,-9.833632768329323e-4,-0.0834764175118681
2020-09-17,TCS,TCS,2480,-0.00360235499991892,-0.00359587430340496,-0.25744243743603556
2020-09-18,TCS,TCS,2485,0.00201409937170118,0.00201612903225806,0.1156983927078658
2020-09-21,TCS,TCS,2465,-0.00808085205393867,-0.00804828973843058,-0.5549807058813465
2020-09-22,TCS,TCS,2485,0.00808085205393867,0.00811359026369168,0.518755727877641
2020-09-23,TCS,TCS,2510,0.01001009359510042,0.01006036217303823,0.6469289030848921
2020-09-24,TCS,TCS,2450,-0.02419472858705688,-0.02390438247011952,-1.6255396152150363
2020-09-25,TCS,TCS,2368,-0.03404230753487632,-0.03346938775510204,-2.279784008628849
2020-09-28,TCS,TCS,2440,0.02995232228335132,0.0304054054054054,1.9718323520034975
2020-09-29,TCS,TCS,2434.85009765625,-0.00211284620302095,-0.00211061571465163,-0.15848382187430549
2020-09-30,TCS,TCS,2489,0.02199583028336534,0.02223952201241213,1.4432262540157956
2020-10-01,TCS,TCS,2510,0.0084017297582375,0.00843712334270791,0.5400739056877809
2020-10-05,TCS,TCS,2620,0.04289156462931293,0.04382470119521912,2.831477834890687
2020-10-06,TCS,TCS,2736,0.04332268198729855,0.04427480916030534,2.8601200134261453
2020-10-07,TCS,TCS,2742,0.00219058137981868,0.00219298245614035,0.12742334205441047
2020-10-08,TCS,TCS,2800,0.02093183604103564,0.0211524434719183,1.3725375830889253
2020-10-09,TCS,TCS,2810,0.00356506616449614,0.00357142857142857,0.2187400980786861
2020-10-12,TCS,TCS,2815.5,0.00195538236688178,0.00195729537366548,0.11179740634312572
2020-10-13,TCS,TCS,2845,0.01042320186575816,0.01047771266204937,0.6743746104392415
2020-10-14,TCS,TCS,2842,-0.00105503790338536,-0.00105448154657293,-0.08820612691899592
2020-10-15,TCS,TCS,2811,-0.01096773775051401,-0.01090781140042223,-0.7467769627500632
2020-10-16,TCS,TCS,2750.10009765625,-0.02190298176062055,-0.02166485319948417,-1.473282647257255
2020-10-19,TCS,TCS,2774,0.00865301172886565,0.00869055725066825,0.5567683461508195
2020-10-20,TCS,TCS,2725,-0.01782189377743242,-0.01766402307137707,-1.2021470771666447
2020-10-21,TCS,TCS,2739,0.00512446216573368,0.00513761467889908,0.3223418154477548
2020-10-22,TCS,TCS,2661,-0.02889089828538896,-0.0284775465498357,-1.9375394186117825
2020-10-23,TCS,TCS,2687.80004882812,0.0100210413018494,0.01007142007821119,0.6476562367573829
2020-10-26,TCS,TCS,2689.94995117188,7.995546309492325e-4,7.998743599611739e-4,0.03500758622662927
2020-10-27,TCS,TCS,2699.75,0.00363658820238133,0.00364320861206008,0.22349181345358823
2020-10-28,TCS,TCS,2650,-0.01859953613260122,-0.01842763218816557,-1.253811364769331
2020-10-29,TCS,TCS,2608,-0.01597599593372429,-0.01584905660377358,-1.0795110138804396
2020-10-30,TCS,TCS,2636.10009765625,0.01071694516909328,0.01077457732218174,0.6938900578733955
2020-11-02,TCS,TCS,2660,0.00902553356010778,0.00906638650216634,0.5815176089702228
2020-11-03,TCS,TCS,2604,-0.02127739844728485,-0.02105263157894736,-1.4317207184286729
2020-11-04,TCS,TCS,2610,0.00230149698827916,0.00230414746543778,0.134792251241315
2020-11-05,TCS,TCS,2685,0.02833050662622599,0.02873563218390804,1.8640836549432989
2020-11-06,TCS,TCS,2699,0.00520060607503969,0.00521415270018621,0.32740059446542363
2020-11-09,TCS,TCS,2731.10009765625,0.01182316016638732,0.01189332999490552,0.7673837524885742
2020-11-10,TCS,TCS,2697.19995117188,-0.01249031442722786,-0.01241263420314111,-0.8479325116987968
2020-11-11,TCS,TCS,2667.94995117188,-0.01090381082868019,-0.01084457976031456,-0.7425298447102283
2020-11-12,TCS,TCS,2686,0.00674272915469888,0.00676551253151942,0.4298547493564055
2020-11-13,TCS,TCS,2655.75,-0.011325997423060081,-0.01126209977661951,-0.7705786893867852
2020-11-14,TCS,TCS,2677.94995117188,0.00832445753356244,0.00835920217335216,0.5349401646913234
2020-11-17,TCS,TCS,2695,0.00634664614941225,0.00636682878283772,0.4035401509248128
2020-11-18,TCS,TCS,2661,-0.01269621236540836,-0.01261595547309833,-0.8616117695533265
2020-11-19,TCS,TCS,2637,-0.00906008462440246,-0.00901916572717023,-0.6200380588072647
2020-11-20,TCS,TCS,2655,0.00680274732275262,0.0068259385665529,0.4338421812074412
2020-11-23,TCS,TCS,2690,0.0130965389198455,0.01318267419962335,0.851983318996924
2020-11-24,TCS,TCS,2734.39990234375,0.01637080405148185,0.01650553990473977,1.069515934503171
2020-11-25,TCS,TCS,2729,-0.00197675593902813,-0.00197480344375435,-0.14944238207602645
2020-11-26,TCS,TCS,2686,-0.01588214362515562,-0.01575668743129351,-1.0732757405187985
2020-11-27,TCS,TCS,2705,0.00704881419739906,0.00707371556217423,0.45019014591991935
2020-12-01,TCS,TCS,2679,-0.00965832173597314,-0.00961182994454713,-0.6597831858330154
2020-12-02,TCS,TCS,2719,0.01482057508786188,0.01493094438223217,0.9665232483485048
2020-12-03,TCS,TCS,2773.89990234375,0.01999007136045069,0.02019121086566752,1.309969487371928
2020-12-04,TCS,TCS,2710.80004882812,-0.02301042471852468,-0.02274770385993924,-1.546857923990103
2020-12-07,TCS,TCS,2715,0.00154814109363884,0.00154934008271677,0.08474148516720156
2020-12-08,TCS,TCS,2740,0.00916596701408018,0.00920810313075506,0.590847597629976
2020-12-09,TCS,TCS,2815,0.02700434119167495,0.02737226277372263,1.775977095463892
2020-12-10,TCS,TCS,2818,0.0010651518848347,0.00106571936056838,0.05265309231309244
2020-12-11,TCS,TCS,2792.69995117188,-0.00901856115226988,-0.00897801590777856,-0.6172793605544488
2020-12-14,TCS,TCS,2802,0.00332459559059663,0.00333012818803448,0.20276393524837016
2020-12-15,TCS,TCS,2786,-0.0057265725572013,-0.00571020699500356,-0.39856924988478654
2020-12-16,TCS,TCS,2779,-0.00251572459724724,-0.00251256281407035,-0.1852498861066188
2020-12-17,TCS,TCS,2811,0.01144914116402826,0.01151493342929111,0.7425350219914373
2020-12-18,TCS,TCS,2868,0.020074630812979,0.02027748132337246,1.315587370510508
2020-12-21,TCS,TCS,2861,-0.00244370866940076,-0.00244072524407252,-0.1804653581246942
2020-12-22,TCS,TCS,2834,-0.00948207279948449,-0.0094372596994058,-0.6480737210849945
2020-12-23,TCS,TCS,2876.05004882812,0.01472870067398472,0.01483770247992942,0.9604193805353284
2020-12-24,TCS,TCS,2909,0.01139153757059099,0.01145666821246933,0.7387080074281094
2020-12-28,TCS,TCS,2910,3.437016703365417e-4,3.4376074252320387e-4,0.00472204647292364
2020-12-29,TCS,TCS,2920,0.00343053509678922,0.00343642611683848,0.20980224672927225
2020-12-30,TCS,TCS,2934.39990234375,0.00491935352001602,0.00493147340539383,0.3087149958799668
2020-12-31,TCS,TCS,2900,-0.01179223280777804,-0.01172297692494955,-0.8015540070845836
2021-01-01,TCS,TCS,2880,-0.00692044284457379,-0.00689655172413793,-0.4778865060464893
2021-01-04,TCS,TCS,2950,0.02401487620387392,0.02430555555555555,1.5773657699858872
2021-01-05,TCS,TCS,3039.60009765625,0.02992078958975764,0.03037291445974576,1.9697374119068287
2021-01-06,TCS,TCS,3100,0.01967615154961449,0.01987100289617791,1.2891135716885522
2021-01-07,TCS,TCS,3075,-0.00809721023261936,-0.00806451612903225,-0.5560674955120782
2021-01-08,TCS,TCS,3090,0.0048661896511729,0.0048780487804878,0.3051829436560547
2021-01-11,TCS,TCS,3230,0.04431104632491099,0.04530744336569579,2.925784054299489
2021-01-12,TCS,TCS,3176.44995117188,-0.01671793160090855,-0.01657896248548606,-1.128803053385898
2021-01-13,TCS,TCS,3175,-4.565732890016312e-4,-4.5646907527854336e-4,-0.04844588527058392
2021-01-14,TCS,TCS,3155,-0.00631913635147854,-0.00629921259842519,-0.4379374582738894
2021-01-15,TCS,TCS,3235,0.02504043195968735,0.02535657686212361,1.6455007000970876
2021-01-18,TCS,TCS,3250,0.00462606838878224,0.00463678516228748,0.28922998806250505
2021-01-19,TCS,TCS,3233,-0.00524449759835011,-0.00523076923076923,-0.36654159712822504
2021-01-20,TCS,TCS,3270,0.01137948616586605,0.01144447881224868,0.7379073472845523
2021-01-21,TCS,TCS,3305,0.01064648839448748,0.01070336391437308,0.6892091154805374
2021-01-22,TCS,TCS,3241.89990234375,-0.0192769257463507,-0.01909231396558245,-1.29881515293906
2021-01-25,TCS,TCS,3308.94995117188,0.02047135620640713,0.02068233161044108,1.3419446473346477
2021-01-27,TCS,TCS,3300,-0.00270843529127155,-0.00270477078950992,-0.1980530219620778
2021-01-28,TCS,TCS,3230,-0.0214403312378694,-0.02121212121212121,-1.4425454973218457
2021-01-29,TCS,TCS,3210.05004882812,-0.00619560867894753,-0.00617645547117027,-0.42973064037345865
2021-02-01,TCS,TCS,3100,-0.0348844170645171,-0.03428296978369404,-2.335731307079278
2021-02-02,TCS,TCS,3174,0.02359051061311681,0.02387096774193548,1.549172159152023
2021-02-03,TCS,TCS,3213,0.01221245802950408,0.01228733459357277,0.7932475658849127
2021-02-04,TCS,TCS,3216.05004882812,9.488335084596214e-4,9.492837933769056e-4,0.04492523900035038
2021-02-05,TCS,TCS,3198.94995117188,-0.00533129794508288,-0.00531711179758257,-0.3723083587350324
2021-02-08,TCS,TCS,3189.5,-0.00295845099722523,-0.00295407909349071,-0.21466333549724487
2021-02-09,TCS,TCS,3195,0.00172292312962513,0.00172440821445367,0.09635349332874069
2021-02-10,TCS,TCS,3185,-0.0031347988053715,-0.00312989045383411,-0.2263793689895233
2021-02-11,TCS,TCS,3215,0.0093750686654561,0.00941915227629513,0.604739700835359
2021-02-12,TCS,TCS,3184.19995117188,-0.00962629294431721,-0.00958010850019284,-0.657655286429543
2021-02-15,TCS,TCS,3209,0.00775829738245425,0.00778847095296036,0.4973261372639152
2021-02-16,TCS,TCS,3150,-0.01855690929017809,-0.01838578996572141,-1.2509793618159104
2021-02-17,TCS,TCS,3105.10009765625,-0.01435650040126799,-0.01425393725198412,-0.9719164591292064
2021-02-18,TCS,TCS,3065,-0.01299838304809898,-0.01291426891085341,-0.8816871074665239
2021-02-19,TCS,TCS,3058,-0.00228646188130412,-0.00228384991843393,-0.17001834063545232
2021-02-22,TCS,TCS,3096,0.01234984822061018,0.01242642249836494,0.8023753690452138
2021-02-23,TCS,TCS,2970,-0.04154900291287239,-0.04069767441860465,-2.7785069323183103
2021-02-24,TCS,TCS,2972,6.731740409044118e-4,6.734006734006734e-4,0.02661122881621601
2021-02-25,TCS,TCS,2974,6.727211824505548e-4,6.729475100942127e-4,0.02658114222274812
2021-02-26,TCS,TCS,2960,-0.00471857970199437,-0.00470746469401479,-0.331601147611654
2021-03-01,TCS,TCS,2926,-0.01155296573803648,-0.01148648648648648,-0.7856578015566624
2021-03-02,TCS,TCS,2960,0.01155296573803648,0.01161995898838004,0.7494328235529565
2021-03-03,TCS,TCS,3035,0.02502215617549268,0.02533783783783784,1.6442865103548203
2021-03-04,TCS,TCS,3023,-0.00396170871414056,-0.00395387149917627,-0.28131684900741927
2021-03-05,TCS,TCS,3016.10009765625,-0.00228507732428306,-0.00228246852257691,-0.16992635470945097
2021-03-08,TCS,TCS,3016,-3.318832732832683e-5,-3.318777660190517e-5,-0.02031742456991425
2021-03-09,TCS,TCS,3006.94995117188,-0.00300519038429053,-0.00300067931966843,-0.2177685639093351
2021-03-10,TCS,TCS,3075,0.02237864149706204,0.02263092167583277,1.4686591133636715
2021-03-12,TCS,TCS,3075,0,0,-0.01811248900185279
2021-03-15,TCS,TCS,3041,-0.01111849256325364,-0.01105691056910569,-0.7567926723511417
2021-03-16,TCS,TCS,3060,0.00622850726906179,0.00624794475501479,0.39569134864325434
2021-03-17,TCS,TCS,3105,0.01459879942115263,0.01470588235294117,0.9517891205685728
2021-03-18,TCS,TCS,3125.94995117188,0.00672450598403537,0.00674716623893075,0.4286440551035341
2021-03-19,TCS,TCS,3030,-0.03117560184819982,-0.03069465367988683,-2.0893284526984344
2021-03-22,TCS,TCS,3048.69995117188,0.00615263471218314,0.00617160104682508,0.3906505974885944
2021-03-23,TCS,TCS,3140,0.0295075456867012,0.02994720710151403,1.9422826935319144
2021-03-24,TCS,TCS,3111.19995117188,-0.00921431175506609,-0.00917199007264968,-0.630284459073121
2021-03-25,TCS,TCS,3112.19995117188,3.2136774891472275e-4,3.2141939306193904e-4,0.00323824594178851
2021-03-26,TCS,TCS,3090.64990234375,-0.00694846273633828,-0.00692437798542329,-0.4797480658459195
2021-03-30,TCS,TCS,3083,-0.00247824427365917,-0.00247517596151825,-0.18275980283835896
2021-03-31,TCS,TCS,3155,0.02308534708916318,0.02335387609471294,1.515610569541512
2021-04-01,TCS,TCS,3191.10009765625,0.01137721955310671,0.01144218626188589,0.7377567601506285
2021-04-05,TCS,TCS,3171,-0.00631871999007295,-0.00629879885968253,-0.4379097964377483
2021-04-06,TCS,TCS,3275,0.03227087353100507,0.03279722485020498,2.125870127446359
2021-04-07,TCS,TCS,3259,-0.00489746923179075,-0.0048854961832061,-0.34348604566932633
2021-04-08,TCS,TCS,3270,0.0033695850537376,0.00337526848726603,0.2057529038241634
2021-04-09,TCS,TCS,3354,0.02536367849185497,0.02568807339449541,1.6669762559145864
2021-04-12,TCS,TCS,3322.25,-0.00951139917153701,-0.00946630888491353,-0.6500220796202439
2021-04-13,TCS,TCS,3214,-0.03312599691415922,-0.03258333960418391,-2.2189070063315035
2021-04-15,TCS,TCS,3160.30004882812,-0.01684929206337372,-0.01670813664339763,-1.1375302589802352
2021-04-16,TCS,TCS,3229,0.02150551652419107,0.02173842676658339,1.410651239420513
2021-04-19,TCS,TCS,3169,-0.01875641106735448,-0.01858160421183028,-1.264233677408135
2021-04-20,TCS,TCS,3225,0.01751686953895203,0.01767118964973177,1.1456571793345685
2021-04-22,TCS,TCS,3148,-0.02416561969257904,-0.02387596899224806,-1.6236057052548811
2021-04-23,TCS,TCS,3105,-0.01375361516971473,-0.01365946632782719,-0.9318625245828832
2021-04-26,TCS,TCS,3102.05004882812,-9.505163872616768e-4,-9.500647896553952e-4,-0.08126202255817988
2021-04-27,TCS,TCS,3106,0.00127252572831481,0.00127333573272687,0.0664304050065419
2021-04-28,TCS,TCS,3149.94995117188,0.01405083946795908,0.01415001647517063,0.9153842611516748
2021-04-29,TCS,TCS,3145.60009765625,-0.00138188217839539,-0.00138092781887271,-0.10992070626665015
2021-04-30,TCS,TCS,3099,-0.01492520321044772,-0.01481437443080294,-1.0096994133351138
2021-05-03,TCS,TCS,3024.89990234375,-0.02420147800459453,-0.02391097052476605,-1.6259880268100302
2021-05-04,TCS,TCS,3062.80004882812,0.01245154539812868,0.01252938864357271,0.8091318325952944
2021-05-05,TCS,TCS,3070,0.00234801539996034,0.00235077414689046,0.13788279869406375
2021-05-06,TCS,TCS,3105.5,0.0114971714181149,0.01156351791530944,0.7457260118394934
2021-05-07,TCS,TCS,3133,0.00881627895283415,0.00885525680244727,0.56761534382158
2021-05-10,TCS,TCS,3145.94995117188,0.0041248838210757,0.0041334028636706,0.2559327486877311
2021-05-11,TCS,TCS,3125,-0.00668161260276553,-0.00665934026193775,-0.46201932209105434
2021-05-12,TCS,TCS,3120,-0.00160128136697387,-0.0016,-0.12449694777815364
2021-05-14,TCS,TCS,3098.5,-0.00691487840136584,-0.00689102564102564,-0.4775168206862029
2021-05-17,TCS,TCS,3055,-0.0141385307964665,-0.01403905115378409,-0.9574351949899048
2021-05-18,TCS,TCS,3100,0.01462251886754196,0.01472995090016366,0.953364971333246
2021-05-19,TCS,TCS,3084,-0.00517465579001747,-0.00516129032258064,-0.3619015112990445
2021-05-20,TCS,TCS,3067.10009765625,-0.00549493410896128,-0.00547986457320038,-0.3831798676962166
2021-05-21,TCS,TCS,3061,-0.00199086162884635,-0.00198888117831936,-0.1503795229233052
2021-05-24,TCS,TCS,3081.5,0.00667483145688526,0.00669715779157138,0.4253438245539085
2021-05-25,TCS,TCS,3092,0.00340163930501467,0.00340743144572448,0.20788249469053033
2021-05-26,TCS,TCS,3120,0.00901487109621536,0.00905562742561448,0.580809226000301
2021-05-27,TCS,TCS,3161.94995117188,0.01335590862173484,0.01344549717047436,0.869215084711287
2021-05-28,TCS,TCS,3189.5,0.00867525425674705,0.0087129933280283,0.5582460747619701
2021-05-31,TCS,TCS,3150,-0.01246171186233119,-0.01238438626744003,-0.8460322407976897
2021-06-01,TCS,TCS,3168.60009765625,0.00588742794126254,0.00590479290674603,0.3730310339502278
2021-06-02,TCS,TCS,3150.85009765625,-0.00561759207840839,-0.00560184291262545,-0.3913289050630164
2021-06-03,TCS,TCS,3154.55004882812,0.00117358185383143,0.00117427077048895,0.05985686287132224
2021-06-04,TCS,TCS,3128,-0.00845204787116268,-0.00841642973392767,-0.5796418722009367
2021-06-07,TCS,TCS,3145,0.00542006746933911,0.00543478260869565,0.34198096874340433
2021-06-08,TCS,TCS,3198,0.01671172425935874,0.01685214626391097,1.092165677733137
2021-06-09,TCS,TCS,3202,0.00125000016276056,0.00125078173858661,0.06493387219878922
2021-06-10,TCS,TCS,3210,0.00249532256740157,0.00249843847595252,0.14766945680757218
2021-06-11,TCS,TCS,3211.55004882812,4.8276470523115933e-4,4.82881254866043e-4,0.01396098849034803
2021-06-14,TCS,TCS,3279,0.02078479601535548,0.02100230422891656,1.3627686730940507
2021-06-15,TCS,TCS,3298,0.00577772627489585,0.0057944495272949,0.3657427755317003
2021-06-16,TCS,TCS,3262.10009765625,-0.01094503443261198,-0.01088535547111886,-0.7452686205953062
2021-06-17,TCS,TCS,3265.5,0.00104170065577957,0.00104224341435529,0.05109506112499219
2021-06-18,TCS,TCS,3350.89990234375,0.02581604696777454,0.02615216730783953,1.6970302966788966
2021-06-21,TCS,TCS,3265,-0.0259691745999549,-0.02563487565942159,-1.743428627479425
2021-06-22,TCS,TCS,3304,0.01187409293033728,0.0119448698315467,0.7707675766175198
2021-06-23,TCS,TCS,3329,0.00753810293415625,0.00756658595641646,0.48269706101855914
2021-06-24,TCS,TCS,3284,-0.01360976700270611,-0.0135175728446981,-0.922305672358908
2021-06-25,TCS,TCS,3375.25,0.0274072040650367,0.02778623629719854,1.8027421285352816
2021-06-28,TCS,TCS,3391.5,0.00480290574877865,0.00481445818828234,0.30097854595036766
2021-06-29,TCS,TCS,3342,-0.01470287123079524,-0.0145953118089341,-0.9949283257474956
2021-06-30,TCS,TCS,3346,0.00119617239143017,0.00119688809096349,0.06135771223201219
2021-07-01,TCS,TCS,3358,0.0035799560907169,0.0035863717872086,0.2197293413028224
2021-07-02,TCS,TCS,3331,-0.00807299944380651,-0.0080405002977963,-0.5544590013913547
2021-07-05,TCS,TCS,3342,0.00329687096165944,0.00330231161813269,0.20092199184910944
2021-07-06,TCS,TCS,3313,-0.00871530685544316,-0.00867743865948533,-0.5971320304818665
2021-07-07,TCS,TCS,3275,-0.01153625423054351,-0.01146996679746453,-0.7845475377912532
2021-07-08,TCS,TCS,3298,0.00699835505019201,0.00702290076335877,0.4468377875045584
2021-07-09,TCS,TCS,3250,-0.01466122779576099,-0.01455427531837477,-0.992161657509747
2021-07-12,TCS,TCS,3235,-0.00462606838878219,-0.00461538461538461,-0.3254549660662072
2021-07-13,TCS,TCS,3214,-0.00651266063754306,-0.00649149922720247,-0.4507946468090629
2021-07-14,TCS,TCS,3187,-0.00843623188012146,-0.00840074673304293,-0.5785911039339513
2021-07-15,TCS,TCS,3227.60009765625,0.01265882181362947,0.01273928385825227,0.8229026724582571
2021-07-16,TCS,TCS,3213,-0.00453377711510735,-0.00452351506212061,-0.3193234033051745
2021-07-19,TCS,TCS,3180,-0.0103238833416359,-0.01027077497665733,-0.704001155679581
2021-07-20,TCS,TCS,3184.60009765625,0.00144552631325698,0.00144657159001572,0.07792405876199471
2021-07-22,TCS,TCS,3190,0.00169419369141088,0.00169562964835808,0.09444479333484349
2021-07-23,TCS,TCS,3230,0.01246122043781203,0.01253918495297805,0.8097746139837383
2021-07-26,TCS,TCS,3200,-0.0093313274288843,-0.00928792569659442,-0.6380586387920921
2021-07-27,TCS,TCS,3200,0,0,-0.01811248900185279
2021-07-28,TCS,TCS,3188,-0.00375704887771228,-0.00375,-0.26771984701843443
2021-07-29,TCS,TCS,3200.25,0.00383517082611344,0.00384253450439146,0.23668506317461832
2021-07-30,TCS,TCS,3219,0.00584182056258921,0.00585891727208811,0.37000101287058623
2021-08-02,TCS,TCS,3180,-0.01218955552458567,-0.01211556383970177,-0.8279509683300575
2021-08-03,TCS,TCS,3229,0.01529129498405263,0.01540880503144654,0.9977965038951716
2021-08-04,TCS,TCS,3300,0.02174997669629642,0.02198823165066584,1.4268924595072343
2021-08-05,TCS,TCS,3275,-0.0076045993852193,-0.00757575757575757,-0.5233398690818601
2021-08-06,TCS,TCS,3272.55004882812,-7.483566426978868e-4,-7.480766937038175e-4,-0.06783111937317776
2021-08-09,TCS,TCS,3323.89990234375,0.01556925048026349,0.01569108271820566,1.0162630555194951
2021-08-10,TCS,TCS,3315.60009765625,-0.00250013073597913,-0.00249700801207871,-0.1842138754932088
2021-08-11,TCS,TCS,3350,0.01032171364817332,0.01037516628379483,0.6676320295770545
2021-08-12,TCS,TCS,3326,-0.00718996506623916,-0.00716417910447761,-0.495792775532559
2021-08-13,TCS,TCS,3360.75,0.01039378258148918,0.01044798556825015,0.6724200790876046
2021-08-16,TCS,TCS,3460,0.02910442571740777,0.0295320984899204,1.915500579757465
2021-08-17,TCS,TCS,3482.10009765625,0.00636699903613333,0.00638731146134393,0.4048923372944387
2021-08-18,TCS,TCS,3573.85009765625,0.02600788529418023,0.02634904150565791,1.7097754749768177
2021-08-20,TCS,TCS,3506,-0.01916768690090358,-0.01898515488960951,-1.2915576429911346
2021-08-23,TCS,TCS,3580,0.02088701391356609,0.02110667427267541,1.3695597318065724
2021-08-24,TCS,TCS,3657,0.02128033875463532,0.02150837988826815,1.395691085860546
2021-08-25,TCS,TCS,3610,-0.01293536682245461,-0.01285206453377085,-0.8775004934225655
2021-08-26,TCS,TCS,3660,0.01375537506848541,0.01385041551246537,0.8957544691151429
2021-08-27,TCS,TCS,3666,0.00163800200423836,0.00163934426229508,0.09071158170141767
2021-08-30,TCS,TCS,3715,0.01327752875220919,0.01336606655755592,0.8640077550249362
2021-08-31,TCS,TCS,3709.39990234375,-0.00150856602337042,-0.00150742870962314,-0.11833721104921605
2021-09-01,TCS,TCS,3796,0.02307776860132927,0.02334612064920057,1.5151070769366632
2021-09-02,TCS,TCS,3734,-0.01646783562815058,-0.01633298208640674,-1.1121874071586082
2021-09-03,TCS,TCS,3825,0.02407842215896839,0.02437064809855383,1.5815875777078643
2021-09-06,TCS,TCS,3849.69995117188,0.00643674322357179,0.00645750357434771,0.4095259374764327
2021-09-07,TCS,TCS,3864,0.00370770584820066,0.00371458789243222,0.22821666220033407
2021-09-08,TCS,TCS,3810,-0.01407372721166196,-0.0139751552795031,-0.9531298340218796
2021-09-09,TCS,TCS,3789.69995117188,-0.00534234173450231,-0.00532809680528083,-0.373042075859616
2021-09-13,TCS,TCS,3767,-0.0060079186942032,-0.00598990723918935,-0.41726106578364625
2021-09-14,TCS,TCS,3849.94995117188,0.02178121980967641,0.02202016224366339,1.42896816073999
2021-09-15,TCS,TCS,3882.10009765625,0.00831612096854637,0.00835079595634324,0.534386307651843
2021-09-16,TCS,TCS,3930,0.01226315639304295,0.01233865720584297,0.7966158171349225
2021-09-17,TCS,TCS,3920,-0.00254777207879866,-0.00254452926208651,-0.18737902721217856
2021-09-20,TCS,TCS,3809,-0.02872496630590415,-0.02831632653061224,-1.9265153823647785
2021-09-21,TCS,TCS,3858,0.01278222698707038,0.01286426883696508,0.8311013518768012
2021-09-22,TCS,TCS,3862.5,0.00116572774032647,0.00116640746500777,0.05933505850163038
2021-09-23,TCS,TCS,3870,0.00193986481782667,0.00194174757281553,0.11076646569033954
2021-09-24,TCS,TCS,3890,0.00515465058866442,0.00516795865633075,0.3243474461264315
2021-09-27,TCS,TCS,3900,0.00256739550524573,0.00257069408740359,0.15245777236729124
2021-09-28,TCS,TCS,3850,-0.01290340483590784,-0.01282051282051282,-0.8753770323554951
2021-09-29,TCS,TCS,3759.80004882812,-0.02370737081507601,-0.02342855874594285,-1.5931609877783164
2021-09-30,TCS,TCS,3805,0.0119502138290324,0.01202190291634477,0.7758248268773849
2021-10-01,TCS,TCS,3781.75,-0.00612912585347757,-0.00611038107752956,-0.42531371555848546
2021-10-04,TCS,TCS,3724.80004882812,-0.0151736932363208,-0.01505915281863687,-1.0262083651402394
2021-10-05,TCS,TCS,3754,0.00780876594046623,0.0078393338673486,0.5006791209056792
2021-10-06,TCS,TCS,3836,0.02160821885687475,0.02184336707511987,1.4174744825450267
2021-10-07,TCS,TCS,3830,-0.00156535382863721,-0.00156412930135557,-0.12211002702834596
2021-10-08,TCS,TCS,3925,0.0245015480418172,0.0248041775456919,1.6096988259678644
2021-10-11,TCS,TCS,3755,-0.04427806601827368,-0.04331210191082802,-2.9598179170224888
2021-10-12,TCS,TCS,3706,-0.01313515735293006,-0.01304926764314247,-0.8907739929409093
2021-10-13,TCS,TCS,3650,-0.01522596026876794,-0.01511063140852671,-1.0296808341724868
2021-10-14,TCS,TCS,3625,-0.00687287928776206,-0.00684931506849315,-0.4747265222027665
2021-10-18,TCS,TCS,3603.44995117188,-0.00596258196984235,-0.0059448410560331,-0.4142490261862986
2021-10-19,TCS,TCS,3669,0.0180274390363493,0.0181909141840037,1.1795779260369077
2021-10-20,TCS,TCS,3612,-0.01565750981840598,-0.01553556827473426,-1.0583517262594666
2021-10-21,TCS,TCS,3604.10009765625,-0.00218952214987462,-0.00218712689472591,-0.16357794791325636
2021-10-22,TCS,TCS,3560,-0.01231156854092522,-0.01223609124644688,-0.8360571568954546
2021-10-25,TCS,TCS,3503,-0.0161408006485893,-0.01601123595505618,-1.0904601579573672
2021-10-26,TCS,TCS,3494.5,-0.00242944028030305,-0.00242649157864687,-0.17951740801231747
2021-10-27,TCS,TCS,3483,-0.00329631255118257,-0.0032908856774932,-0.23710987069111691
2021-10-28,TCS,TCS,3518,0.00999865493150232,0.0100488084984209,0.6461689516727878
2021-10-29,TCS,TCS,3400.05004882812,-0.03410249455802772,-0.03352755860485503,-2.283782658719568
2021-11-01,TCS,TCS,3437.94995117188,0.01108519755572783,0.01114686601652313,0.7183556712585271
2021-11-02,TCS,TCS,3494,0.01617186239879828,0.0163033347268521,1.05629883194686
2021-11-03,TCS,TCS,3504.19995117188,0.00291502342481485,0.00291927623694333,0.17555315637764898
2021-11-04,TCS,TCS,3512.94995117188,0.0024938912968424,0.00249700363047885,0.14757436737048807
2021-11-08,TCS,TCS,3548,0.00992793801381111,0.00997738348547428,0.6414707261328719
2021-11-09,TCS,TCS,3508,-0.01133798993739649,-0.01127395715896279,-0.7713754370248703
2021-11-10,TCS,TCS,3498,-0.00285469791352627,-0.00285062713797035,-0.20777028354314303
2021-11-11,TCS,TCS,3480,-0.00515908281002733,-0.00514579759862778,-0.3608668879767761
2021-11-12,TCS,TCS,3506,0.00744349271265978,0.00747126436781609,0.4764114341348659
2021-11-15,TCS,TCS,3528,0.00625535164550217,0.00627495721620079,0.39747481063669177
2021-11-16,TCS,TCS,3569,0.01155430636347844,0.01162131519274376,0.7495218907931097
2021-11-17,TCS,TCS,3550.60009765625,-0.00516881371330927,-0.00515547838154945,-0.36151338077960554
2021-11-18,TCS,TCS,3515.14990234375,-0.01003445997093704,-0.00998428275149901,-0.6847727119569152
2021-11-22,TCS,TCS,3478.39990234375,-0.01050978095407301,-0.01045474617611519,-0.7163516502864736
2021-11-23,TCS,TCS,3445,-0.00964848540408209,-0.0096020881098936,-0.6591296886612151
2021-11-24,TCS,TCS,3472.19995117188,0.00786448029750054,0.00789548655206966,0.5043806201183791
2021-11-25,TCS,TCS,3443.89990234375,-0.00818386298013378,-0.00815046634010193,-0.5618244510577628
2021-11-26,TCS,TCS,3425,-0.0055030500688,-0.00548793602592446,-0.38371906837181274
2021-11-29,TCS,TCS,3447.14990234375,0.00644630264513639,0.00646712477189781,0.4101610375346358
2021-11-30,TCS,TCS,3491,0.01264045376357387,0.01272068198323371,0.8216823528415784
2021-12-01,TCS,TCS,3535,0.01252507122563716,0.01260383844170724,0.8140166739023235
2021-12-02,TCS,TCS,3589.19995117188,0.01521602348905023,0.01533237656913154,0.9927956855366548
2021-12-03,TCS,TCS,3646.44995117188,0.01582475534154843,0.01595062988377334,1.0332380525082376
2021-12-06,TCS,TCS,3640.44995117188,-0.00164679121063014,-0.0016454359940061,-0.1275204889160335
2021-12-07,TCS,TCS,3562.5,-0.02164474137373572,-0.02141217492820839,-1.4561259099345425
2021-12-08,TCS,TCS,3601,0.01074903907196933,0.01080701754385964,0.6960222830762277
2021-12-09,TCS,TCS,3610,0.00249618767805143,0.00249930574840322,0.1477269322332943
2021-12-10,TCS,TCS,3585,-0.00694929829320591,-0.00692520775623268,-0.4798035778046381
2021-12-13,TCS,TCS,3650,0.01796869354281655,0.01813110181311018,1.175675046965231
2021-12-14,TCS,TCS,3605,-0.01240539685748774,-0.01232876712328767,-0.8422908362982557
2021-12-15,TCS,TCS,3620,0.00415225510076728,0.00416088765603328,0.2577512165947841
2021-12-16,TCS,TCS,3582,-0.01055272219915961,-0.01049723756906077,-0.7192045412348967
2021-12-17,TCS,TCS,3602.5,0.00570674525302016,0.00572305974316024,0.3610270036808703
2021-12-20,TCS,TCS,3589,-0.00375443672606992,-0.00374739764052741,-0.2675463032899893
2021-12-21,TCS,TCS,3582.64990234375,-0.00177088937754555,-0.00176932227814154,-0.1357652087976968
2021-12-22,TCS,TCS,3624,0.01147566539280831,0.01154176343862094,0.7442972143090539
2021-12-23,TCS,TCS,3648,0.00660068403135209,0.00662251655629139,0.42041768608899294
2021-12-24,TCS,TCS,3685,0.01009145342921503,0.01014254385964912,0.6523342129179601
2021-12-27,TCS,TCS,3671,-0.00380642112660273,-0.00379918588873812,-0.2709999950830467
2021-12-28,TCS,TCS,3710,0.0105677721046465,0.01062380822664124,0.6839794350106794
2021-12-29,TCS,TCS,3692.25,-0.0047958482950611,-0.0047843665768194,-0.3367346473346575
2021-12-30,TCS,TCS,3681.35009765625,-0.00295646906227526,-0.00295210301137517,-0.21453166152580452
2021-12-31,TCS,TCS,3742.80004882812,0.01655444820349353,0.01669223234459347,1.0817167157788043
2022-01-03,TCS,TCS,3750,0.00192183251681871,0.00192368042052749,0.10956845226010206
2022-01-04,TCS,TCS,3831.10009765625,0.0213961537311233,0.02162669270833333,1.4033854947545608
2022-01-05,TCS,TCS,3865,0.00880968832594252,0.00884860783577253,0.5671774818134883
2022-01-06,TCS,TCS,3812,-0.01380769624742963,-0.01371280724450194,-0.935455513486271
2022-01-07,TCS,TCS,3820,0.00209643682652816,0.00209863588667366,0.12116865280671416
2022-01-10,TCS,TCS,3978,0.04052875781329654,0.04136125654450261,2.6744998486983587
2022-01-11,TCS,TCS,3856,-0.03114880368348127,-0.03066867772750125,-2.087548060876872
2022-01-12,TCS,TCS,3925,0.01773597448607251,0.01789419087136929,1.1602138723026958
2022-01-13,TCS,TCS,3918,-0.00178503171202278,-0.00178343949044585,-0.13670478420912963
2022-01-14,TCS,TCS,3877.85009765625,-0.01030041799869875,-0.01024755036849157,-0.7024421868063672
2022-01-17,TCS,TCS,3992.69995117188,0.02918678002548424,0.02961688838489259,1.9209719595370025
2022-01-18,TCS,TCS,4033.94995117188,0.01027835115626331,0.01033135484871406,0.6647511522195936
2022-01-19,TCS,TCS,4012,-0.00545616260570867,-0.00544130478502923,-0.3806040022208895
2022-01-20,TCS,TCS,3910,-0.02575249610241474,-0.02542372881355932,-1.729033140736933
2022-01-21,TCS,TCS,3807,-0.0266958965969141,-0.02634271099744245,-1.791709915154334
2022-01-24,TCS,TCS,3840,0.00863088919927509,0.0086682427107959,0.5552985898757541
2022-01-25,TCS,TCS,3769.5,-0.01852999993001593,-0.018359375,-1.2491915824937307
2022-01-27,TCS,TCS,3731,-0.01026607243059874,-0.01021355617455896,-0.70016036754022
2022-01-28,TCS,TCS,3646,-0.02304561798254949,-0.02278209595282766,-1.549196061698485
2022-01-31,TCS,TCS,3749,0.02785846149730361,0.02825013713658804,1.832722354803212
2022-02-01,TCS,TCS,3770,0.00558586370614439,0.00560149373166177,0.3529959866431065
2022-02-02,TCS,TCS,3827.89990234375,0.01524132297587979,0.0153580642821618,0.994476509574948
2022-02-03,TCS,TCS,3851,0.00601653039697265,0.00603466606901247,0.3816082241684387
2022-02-04,TCS,TCS,3815.30004882812,-0.00931354343072771,-0.00927030671822383,-0.6368771218783322
2022-02-07,TCS,TCS,3791,-0.00638947486784636,-0.00636910557941146,-0.4426105439346936
2022-02-08,TCS,TCS,3791.55004882812,1.450828086969116e-4,1.4509333371669686e-4,-0.00847361078887831
2022-02-09,TCS,TCS,3750,-0.0110190793605753,-0.01095859168230211,-0.750187949420942
2022-02-10,TCS,TCS,3789.80004882812,0.0105574201551464,0.01061334635416533,0.6832916817103774
2022-02-11,TCS,TCS,3752.5,-0.00989097561198585,-0.00984222078936694,-0.675240030078068
2022-02-14,TCS,TCS,3724,-0.00762392511065937,-0.00759493670886075,-0.5246238138549679
2022-02-15,TCS,TCS,3786,0.01651169337231057,0.01664876476906552,1.0788762096258682
2022-02-16,TCS,TCS,3844,0.01520343832091488,0.01531959852086635,0.9919595637105338
2022-02-17,TCS,TCS,3825,-0.00495502382954686,-0.00494276795005202,-0.34730980510265014
2022-02-18,TCS,TCS,3769,-0.01474875299350075,-0.01464052287581699,-0.9979765761011186
2022-02-21,TCS,TCS,3810,0.01081947485361112,0.01087821703369594,0.7007018307578503
2022-02-22,TCS,TCS,3650,-0.04290202154420946,-0.04199475065616798,-2.8683975397891666
2022-02-23,TCS,TCS,3611,-0.01074242529907947,-0.01068493150684931,-0.7318078613192988
2022-02-24,TCS,TCS,3474,-0.03867807447640749,-0.03793962891165882,-2.5877708292210757
2022-02-25,TCS,TCS,3468,-0.00172860890061774,-0.00172711571675302,-0.1329562173565054
2022-02-28,TCS,TCS,3490,0.00632367729604028,0.0063437139561707,0.40201416736871487
2022-03-02,TCS,TCS,3552.5,0.01774984477478287,0.01790830945558739,1.1611353737876668
2022-03-03,TCS,TCS,3562.85009765625,0.00290923280348844,0.00291346872800844,0.17516844440354246
2022-03-04,TCS,TCS,3501.5,-0.01736936567917186,-0.01721938784250506,-1.1720824315600469
2022-03-07,TCS,TCS,3450,-0.01481721707016694,-0.01470798229330287,-1.0025251294609296
2022-03-08,TCS,TCS,3460,0.00289435802636455,0.00289855072463768,0.17418020764117165
2022-03-09,TCS,TCS,3605,0.04105318166727961,0.04190751445086705,2.7093410384018295
2022-03-10,TCS,TCS,3684,0.02167734765614796,0.02191400832177531,1.422067198134064
2022-03-11,TCS,TCS,3603.25,-0.02216290241198536,-0.02191910966340933,-1.4905510164461664
2022-03-14,TCS,TCS,3580,-0.00647341556846611,-0.00645250815236245,-0.44818731900303266
2022-03-15,TCS,TCS,3659,0.02182708562446084,0.02206703910614525,1.4320153515602998
2022-03-16,TCS,TCS,3640.5,-0.00506885118444102,-0.00505602623667668,-0.3548721622212108
2022-03-17,TCS,TCS,3696.60009765625,0.01529246983167082,0.01540999798276335,0.9978745573407326
2022-03-21,TCS,TCS,3696,-1.623509048618313e-4,-1.6233772666685776e-4,-0.02889860910653417
2022-03-22,TCS,TCS,3640,-0.01526747213078842,-0.01515151515151515,-1.0324387610833523
2022-03-23,TCS,TCS,3708,0.01850896605495936,0.01868131868131868,1.211569175243664
2022-03-24,TCS,TCS,3700,-0.00215982805343,-0.00215749730312837,-0.16160515884303694
2022-03-25,TCS,TCS,3759.89990234375,0.01605951568017243,0.0161891627956081,1.0488348439789663
2022-03-28,TCS,TCS,3695,-0.01741178093018609,-0.01726107184483671,-1.1749003769980415
2022-03-29,TCS,TCS,3694.75,-6.766128762009831e-5,-6.765899864682003e-5,-0.02260770740133674
2022-03-30,TCS,TCS,3738,0.01163781592082616,0.0117057987685229,0.7550700219612595
2022-03-31,TCS,TCS,3740,5.349023930695065e-4,5.350454788657035e-4,0.0174248642444339
2022-04-01,TCS,TCS,3748,0.00213675294973524,0.00213903743315508,0.12384713832200414
2022-04-04,TCS,TCS,3762,0.00372836650266286,0.00373532550693703,0.22958929576009293
2022-04-05,TCS,TCS,3772,0.00265463389237249,0.00265816055289739,0.15825363609893303
2022-04-06,TCS,TCS,3809.30004882812,0.0098400932715331,0.00988866617924708,0.6356345779353505
2022-04-07,TCS,TCS,3745.5,-0.01689033863694367,-0.01674849657688352,-1.1402572734849454
2022-04-08,TCS,TCS,3690,-0.01492866135336474,-0.01481778133760512,-1.0099291622538151
2022-04-11,TCS,TCS,3690,0,0,-0.01811248900185279
2022-04-12,TCS,TCS,3683,-0.00189882058950754,-0.0018970189701897,-0.1442645850009516
2022-04-13,TCS,TCS,3707,0.00649528670566707,0.0065164268259571,0.4134153954980148
2022-04-18,TCS,TCS,3610,-0.02651515182380568,-0.02616671162665228,-1.7797017601477452
2022-04-19,TCS,TCS,3550,-0.01676016885746507,-0.01662049861495845,-1.1316091733918114
2022-04-20,TCS,TCS,3500,-0.01418463499195641,-0.01408450704225352,-0.9604982231282884
2022-04-21,TCS,TCS,3580,0.02259983191724099,0.02285714285714285,1.483354359072869
2022-04-22,TCS,TCS,3581.10009765625,3.072426442590083e-4,3.0728984811452515e-4,0.00229981522939185
2022-04-25,TCS,TCS,3558,-0.00647145381322465,-0.00645055905345078,-0.4480569857125072
2022-04-26,TCS,TCS,3575.14990234375,0.00480851674878377,0.00482009621802979,0.30135132440832607
2022-04-27,TCS,TCS,3546,-0.00818689834041101,-0.00815347695620826,-0.5620261115322702
2022-04-28,TCS,TCS,3588,0.01177473654453353,0.01184433164128595,0.7641666284345803
2022-04-29,TCS,TCS,3597,0.00250522051693714,0.00250836120401337,0.1483270476757697
2022-05-02,TCS,TCS,3519.89990234375,-0.0216676123419775,-0.02143455592333889,-1.4576453902883857
2022-05-04,TCS,TCS,3538.5,0.0052703561621929,0.0052842689202227,0.3320345866072398
2022-05-05,TCS,TCS,3512.10009765625,-0.00748873155644574,-0.00746076087148509,-0.5156419488363038
2022-05-06,TCS,TCS,3459,-0.0152346470222249,-0.01511918686249449,-1.0302579567095385
2022-05-09,TCS,TCS,3398,-0.01779250670529138,-0.01763515466897947,-1.2001946858947392
2022-05-10,TCS,TCS,3434,0.01053873922554349,0.01059446733372572,0.6820505752900867
2022-05-11,TCS,TCS,3435,2.9116319902878276e-4,2.9120559114735004e-4,0.00123154383529361
2022-05-12,TCS,TCS,3378,-0.0167331072887043,-0.01659388646288209,-1.1298112817747414
2022-05-13,TCS,TCS,3435,0.01673310728870443,0.01687388987566607,1.0935863037710445
2022-05-16,TCS,TCS,3415,-0.00583943265155932,-0.00582241630276564,-0.40606734503742686
2022-05-17,TCS,TCS,3370,-0.01326474865848305,-0.01317715959004392,-0.8993836609153909
2022-05-18,TCS,TCS,3465,0.02779988827759622,0.02818991097922848,1.8288309211015064
2022-05-19,TCS,TCS,3397,-0.01981994346341972,-0.01962481962481962,-1.3348916646176423
2022-05-20,TCS,TCS,3310,-0.0259444997894753,-0.025610833088018842,-1.741789305113962
2022-05-23,TCS,TCS,3304.80004882812,-0.00157221751364473,-0.00157098222715407,-0.122566030220412
2022-05-24,TCS,TCS,3315.14990234375,0.0031268701500117,0.00313176390786488,0.1896276342729299
2022-05-25,TCS,TCS,3292.85009765625,-0.00674936118068432,-0.00672663539942325,-0.46652033980312246
2022-05-26,TCS,TCS,3191,-0.03141913354854765,-0.03093068151773559,-2.1055079878324356
2022-05-27,TCS,TCS,3253.19995117188,0.01930476500511798,0.01949230685424005,1.2644397340058422
2022-05-30,TCS,TCS,3297,0.01337385178836963,0.01346368175504926,0.8704071763140151
2022-05-31,TCS,TCS,3354.14990234375,0.01718539191548154,0.01733391032567485,1.1236347738431431
2022-06-01,TCS,TCS,3388,0.01004142078473241,0.01009200502118192,0.6490101900983546
2022-06-02,TCS,TCS,3355,-0.00978800636616282,-0.00974025974025974,-0.6683990540238792
2022-06-03,TCS,TCS,3459.39990234375,0.03064336497479546,0.03111770561661699,2.017743210792503
2022-06-06,TCS,TCS,3418,-0.0120395507050415,-0.01196736529815517,-0.8179850860871376
2022-06-07,TCS,TCS,3401.05004882812,-0.00497136286126441,-0.00495902608890579,-0.3483953226650538
2022-06-08,TCS,TCS,3380.14990234375,-0.00616416351478764,-0.00614520403531592,-0.42764151547681184
2022-06-09,TCS,TCS,3385,0.00143384804689123,0.00143487649849109,0.0771481888415736
2022-06-10,TCS,TCS,3382,-8.866558878497555e-4,-8.862629246676514e-4,-0.07701931743012329
2022-06-13,TCS,TCS,3290,-0.02757968569910805,-0.02720283855706682,-1.8504262827137583
2022-06-14,TCS,TCS,3190,-0.03086664798052726,-0.0303951367781155,-2.068802459779836
2022-06-15,TCS,TCS,3218.5,0.00889449571378024,0.00893416927899686,0.5728118370501314
2022-06-16,TCS,TCS,3240,0.00665791729370441,0.00668013049557247,0.4242200969362884
2022-06-17,TCS,TCS,3092,-0.04675519907906254,-0.04567901234567901,-3.124391405120289
2022-06-20,TCS,TCS,3094,6.46621425698859e-4,6.46830530401035e-4,0.0248471505873683
2022-06-21,TCS,TCS,3130,0.01156825240118743,0.01163542340012928,0.7504484248203855
2022-06-22,TCS,TCS,3199.89990234375,0.02208652424679537,0.02233223717052715,1.4492516961478146
2022-06-23,TCS,TCS,3222.94995117188,0.00717754526723322,0.00720336558379439,0.4587426623448635
2022-06-24,TCS,TCS,3339,0.03537428689542717,0.03600740023465882,2.3320518503731145
2022-06-27,TCS,TCS,3350,0.00328898487545754,0.00329439952081461,0.2003980633067832
2022-06-28,TCS,TCS,3307,-0.01291891183731932,-0.01283582089552238,-0.8764072722536347
2022-06-29,TCS,TCS,3271,-0.01094568544340889,-0.01088599939522225,-0.7453118718519032
2022-06-30,TCS,TCS,3272,3.0567018425374683e-4,3.057169061449098e-4,0.00219534557773827
2022-07-01,TCS,TCS,3260,-0.00367422336188433,-0.00366748166259168,-0.2622171615716685
2022-07-04,TCS,TCS,3312,0.01582504114439689,0.01595092024539877,1.0332570404150336
2022-07-05,TCS,TCS,3255,-0.01735996086248071,-0.01721014492753623,-1.171457602998238
2022-07-06,TCS,TCS,3218.5,-0.01127686314999906,-0.01121351766513056,-0.7673143517414642
2022-07-07,TCS,TCS,3271,0.01618033604571339,0.01631194655895603,1.056861796307476
2022-07-08,TCS,TCS,3300,0.00882671991618764,0.00886579027820238,0.5683090109424077
2022-07-11,TCS,TCS,3206.14990234375,-0.02885165856474231,-0.02843942353219697,-1.9349324461398447
2022-07-12,TCS,TCS,3114.89990234375,-0.02887379226363932,-0.0284609275234744,-1.9364029444710191
2022-07-13,TCS,TCS,3104,-0.00350541532308058,-0.0034992785275535,-0.25100204834071665
2022-07-14,TCS,TCS,3056,-0.0155847310166982,-0.01546391752577319,-1.0535165151655526
2022-07-15,TCS,TCS,3018.55004882812,-0.01233027149230155,-0.0122545651740445,-0.8372997263780747
2022-07-18,TCS,TCS,3023,0.00147311598534842,0.00147420155369217,0.07975703602245618
2022-07-19,TCS,TCS,3030.05004882812,0.00232942135259607,0.00233213656239497,0.1366474644760389
2022-07-20,TCS,TCS,3107.80004882812,0.02533595893205387,0.02565964216665993,1.665134649293927
2022-07-21,TCS,TCS,3167,0.01886967147453182,0.01904882883125088,1.2355333901719956
2022-07-22,TCS,TCS,3185,0.00566752146762391,0.00568361225134196,0.35842108990044363
2022-07-25,TCS,TCS,3165,-0.0062992334279872,-0.00627943485086342,-0.43661516614749424
2022-07-26,TCS,TCS,3164.69995117188,-9.4806651392441e-5,-9.480215738388556e-5,-0.02441116611431981
2022-07-27,TCS,TCS,3115,-0.0158290967053306,-0.01570447497036053,-1.069751458046194
2022-07-28,TCS,TCS,3216,0.03190919907730356,0.03242375601926164,2.101841532719773
2022-07-29,TCS,TCS,3290,0.02274921346056055,0.02300995024875621,1.4932788326631992
2022-08-01,TCS,TCS,3327,0.01118343225905923,0.01124620060790273,0.7248820981329691
2022-08-02,TCS,TCS,3290,-0.01118343225905909,-0.01112113014727983,-0.7611070761366653
2022-08-03,TCS,TCS,3280,-0.00304414238122813,-0.00303951367781155,-0.2203564208581069
2022-08-04,TCS,TCS,3350,0.02111692344092261,0.02134146341463414,1.3848342495395565
2022-08-05,TCS,TCS,3361.19995117188,0.00333769270796059,0.00334326900653134,0.20363406948650667
2022-08-08,TCS,TCS,3365,0.0011299245517555,0.00113056315700442,0.0569563991871927
2022-08-10,TCS,TCS,3385,0.00592594326754716,0.00594353640416047,0.3755898797757594
2022-08-11,TCS,TCS,3400,0.00442152525787747,0.00443131462333825,0.2756407396477581
2022-08-12,TCS,TCS,3419,0.00557267903504855,0.00558823529411764,0.3521200355906535
2022-08-16,TCS,TCS,3411,-0.00234260722065561,-0.00233986545773618,-0.17374847305497074
2022-08-17,TCS,TCS,3385.10009765625,-0.00762202656228872,-0.00759305257805628,-0.5244976798443953
2022-08-18,TCS,TCS,3390,0.0014464445181388,0.001447491123569,0.07798506161346926
2022-08-19,TCS,TCS,3387,-8.853475567242145e-4,-8.849557522123894e-4,-0.07693239573006386
2022-08-22,TCS,TCS,3365,-0.00651661073894351,-0.00649542367877177,-0.45105708001303696
2022-08-23,TCS,TCS,3319.94995117188,-0.01347825523015104,-0.0133878302609569,-0.9135684141639766
2022-08-24,TCS,TCS,3292,-0.00845442505171671,-0.00841878690430685,-0.5797998051363157
2022-08-25,TCS,TCS,3276,-0.00487211682400042,-0.0048602673147023,-0.3418017057169128
2022-08-26,TCS,TCS,3234.30004882812,-0.01281062966281132,-0.01272892282413919,-0.8692133207297221
2022-08-29,TCS,TCS,3125,-0.03437825313964684,-0.03379403493121256,-2.3021032537527266
2022-08-30,TCS,TCS,3155,0.00955421280481171,0.0096,0.6166415144087656
2022-09-01,TCS,TCS,3190,0.01103242080357663,0.01109350237717908,0.7148493379373647
2022-09-02,TCS,TCS,3163,-0.00849997247324138,-0.00846394984326018,-0.5828258428380562
2022-09-05,TCS,TCS,3123.64990234375,-0.0125187857375358,-0.01244075170921593,-0.8498240624282521
2022-09-06,TCS,TCS,3135.5,0.00378649241496248,0.00379367023409332,0.23345101166362583
2022-09-07,TCS,TCS,3102,-0.01074158624659137,-0.01068410141923138,-0.7317521171217628
2022-09-08,TCS,TCS,3170,0.02168452313484213,0.02192134107027724,1.4225439159883306
2022-09-09,TCS,TCS,3195,0.00785549994030883,0.00788643533123028,0.503783991406422
2022-09-12,TCS,TCS,3239.89990234375,0.01395534715915118,0.01405317757237871,0.9090400309624316
2022-09-13,TCS,TCS,3263.44995117188,0.00724246805058746,0.00726875815240274,0.46305594251650767
2022-09-14,TCS,TCS,3135,-0.04015572895435279,-0.03936017193269797,-2.685941878442529
2022-09-15,TCS,TCS,3130,-0.00159616953282221,-0.00159489633173843,-0.12415733244208892
2022-09-16,TCS,TCS,3076,-0.01740295290866428,-0.01725239616613418,-1.1743138690232202
2022-09-19,TCS,TCS,3036,-0.01308919211001405,-0.0130039011703511,-0.8877201964058363
2022-09-20,TCS,TCS,3050,0.00460073108593666,0.00461133069828722,0.2875466516385183
2022-09-21,TCS,TCS,3028,-0.00723925504411791,-0.00721311475409836,-0.49906745775135986
2022-09-22,TCS,TCS,2990,-0.01262894817260733,-0.01254953764861294,-0.8571429329742276
2022-09-23,TCS,TCS,3004,0.00467134649929329,0.00468227424749163,0.29223813352680567
2022-09-26,TCS,TCS,2959.85009765625,-0.01480610953200267,-0.01469703806383155,-1.0017871770558655
2022-09-27,TCS,TCS,3009.39990234375,0.01660206652234899,0.0167406466721865,1.0848803378528242
2022-09-28,TCS,TCS,2980,-0.00981739037492169,-0.00976935711364018,-0.6703512417736179
2022-09-29,TCS,TCS,3054,0.02452890627912771,0.02483221476510067,1.611516427377199
2022-09-30,TCS,TCS,2990.85009765625,-0.02089454620588935,-0.02067776763056647,-1.406285133320276
2022-10-03,TCS,TCS,2995,0.00138657097686129,0.00138753271085101,0.07400723834318043
2022-10-04,TCS,TCS,3029.94995117188,0.01160187005238912,0.01166943277859098,0.7526818834131007
2022-10-06,TCS,TCS,3111,0.02639811629569803,0.02674963287653403,1.7357012833640466
2022-10-07,TCS,TCS,3097.39990234375,-0.00438119954402289,-0.00437161609008357,-0.30918659496155537
2022-10-10,TCS,TCS,3010,-0.02862293961069276,-0.02821718379910065,-1.9197370266212712
2022-10-11,TCS,TCS,3100,0.02946203273031628,0.02990033222591362,1.939258945593431
2022-10-12,TCS,TCS,3084.89990234375,-0.00488290122619602,-0.00487099924395161,-0.34251818991167543
2022-10-13,TCS,TCS,3100.75,0.00512480744839724,0.0051379617355519,0.32236475501980283
2022-10-14,TCS,TCS,3145,0.01416987243910196,0.01427074094977021,0.9232924642150134
2022-10-17,TCS,TCS,3072.64990234375,-0.02327354048942943,-0.02300480052662957,-1.5643385675924886
2022-10-18,TCS,TCS,3150,0.02486210317456729,0.02517374257224978,1.6336530562785092
2022-10-19,TCS,TCS,3159,0.00285306898240648,0.00285714285714285,0.17143708411181227
2022-10-20,TCS,TCS,3105,-0.0172418064345061,-0.01709401709401709,-1.1636077677779249
2022-10-21,TCS,TCS,3157.80004882812,0.01686188268291086,0.0170048466435169,1.1021417649778686
2022-10-24,TCS,TCS,3170.10009765625,0.0038875658700206,0.00389513225598138,0.24016603691451568
2022-10-25,TCS,TCS,3180.5,0.00327525319834836,0.00328062270066454,0.19948577077189208
2022-10-27,TCS,TCS,3160.69995117188,-0.0062449105307821,-0.00622545160450243,-0.43300611146321616
2022-10-28,TCS,TCS,3150,-0.00339105376839802,-0.00338531063915536,-0.24340420054791245
2022-10-31,TCS,TCS,3199,0.01543580812983924,0.01555555555555555,1.0073975353676248
2022-11-01,TCS,TCS,3214.5,0.00483356363222344,0.00484526414504532,0.3030153662149191
2022-11-02,TCS,TCS,3270,0.01711816030955766,0.01726551563229118,1.119168102241019
2022-11-03,TCS,TCS,3228.05004882812,-0.01291173002806104,-0.01282873124522324,-0.8759301338151723
2022-11-04,TCS,TCS,3217,-0.0034290066242116,-0.00342313429500001,-0.24592567747758745
2022-11-07,TCS,TCS,3229,0.00372324351924876,0.00373018340068386,0.22924893969958457
2022-11-09,TCS,TCS,3249.80004882812,0.00642097923536219,0.00644163791518117,0.40847862412574815
2022-11-10,TCS,TCS,3170,-0.02486188312231098,-0.02455537190877203,-1.6698634146527898
2022-11-11,TCS,TCS,3269.60009765625,0.03093609524669095,0.03141958916600946,2.037191355375546
2022-11-14,TCS,TCS,3324,0.01650119385732152,0.01663809050615869,1.0781786525053263
2022-11-15,TCS,TCS,3321,-9.029345985922534e-4,-9.025270758122744e-4,-0.07810082744306336
2022-11-16,TCS,TCS,3338.89990234375,0.00537543978384097,0.00538991338264077,0.3390160356179223
2022-11-17,TCS,TCS,3340,3.294248101585737e-4,3.294790764700024e-4,0.00377353356670756
2022-11-18,TCS,TCS,3350,0.00298953884836598,0.0029940119760479,0.1805037435564376
2022-11-21,TCS,TCS,3322.5,-0.00824283423171167,-0.00820895522388059,-0.5657423288348146
2022-11-22,TCS,TCS,3280,-0.01287408920921101,-0.0127915726109857,-0.8734293877103044
2022-11-23,TCS,TCS,3330,0.0151288815963,0.01524390243902439,0.9870062326096556
2022-11-24,TCS,TCS,3316.25,-0.00413767752254007,-0.00412912912912912,-0.2930077028630856
2022-11-25,TCS,TCS,3383,0.01992826332875898,0.02012815680361854,1.3058631422066322
2022-11-28,TCS,TCS,3366,-0.00503779402995718,-0.0050251256281407,-0.35280881555457216
2022-11-29,TCS,TCS,3383,0.00503779402995708,0.00505050505050505,0.3165838375508599
2022-11-30,TCS,TCS,3383,0,0,-0.01811248900185279
2022-12-01,TCS,TCS,3425,0.01233858191561722,0.01241501625775938,0.8016268686356015
2022-12-02,TCS,TCS,3458.10009765625,0.00961786181860767,0.00966426208941605,0.62087016904997006
2022-12-05,TCS,TCS,3433,-0.00728481905724122,-0.0072583490782299,-0.5020945977504724
2022-12-06,TCS,TCS,3400.05004882812,-0.00964436271821626,-0.00959800500200407,-0.6588557894492548
2022-12-07,TCS,TCS,3368.30004882812,-0.00938197121350578,-0.00933809783504308,-0.6414232639781839
2022-12-08,TCS,TCS,3360,-0.00246720656872009,-0.00246416551607618,-0.18202648994888537
2022-12-09,TCS,TCS,3374.10009765625,0.00418767706373867,0.00419645763578869,0.26010454839344643
2022-12-12,TCS,TCS,3255.5,-0.03578277734407183,-0.03515014203005807,-2.3954157411192294
2022-12-13,TCS,TCS,3277.19995117188,0.00664351069140192,0.00666562775975426,0.4232629643421258
2022-12-14,TCS,TCS,3348.80004882812,0.02161270290419768,0.0218479490794075,1.4177723895571337
2022-12-15,TCS,TCS,3358.80004882812,0.00298169457426224,0.0029861442469518,0.17998259288783483
2022-12-16,TCS,TCS,3275,-0.02526591277742621,-0.02494940086039289,-1.6967059652972392
2022-12-19,TCS,TCS,3227,-0.01476495601739046,-0.01465648854961832,-0.999053057700542
2022-12-20,TCS,TCS,3198.89990234375,-0.00874594288779087,-0.00870780838433529,-0.5991673990233264
2022-12-21,TCS,TCS,3249,0.01554028650492934,0.01566166469277234,1.0143387735641272
2022-12-22,TCS,TCS,3294,0.01375537506848541,0.01385041551246537,0.8957544691151429
2022-12-23,TCS,TCS,3217,-0.02365338349855932,-0.02337583485124468,-1.5895742280951843
2022-12-26,TCS,TCS,3228.35009765625,0.00352195279283135,0.00352816215612371,0.2158757715429641
2022-12-27,TCS,TCS,3269.19995117188,0.01257409067431601,0.01265347694021369,0.8172733829509445
2022-12-28,TCS,TCS,3249.80004882812,-0.00595182071253644,-0.00593414371513308,-0.413534079670431
2022-12-29,TCS,TCS,3231.10009765625,-0.00577080425402001,-0.00575418514705642,-0.40150787467857146
2022-12-30,TCS,TCS,3286.05004882812,0.01686358366921469,0.01700657655630327,1.1022547735415424
2023-01-02,TCS,TCS,3261,-0.0076523536195129,-0.00762314890397162,-0.5265125209807593
2023-01-03,TCS,TCS,3252,-0.00276370512161796,-0.00275988960441582,-0.20172498811951364
2023-01-04,TCS,TCS,3306.69995117188,0.01668050677103975,0.01682040318938499,1.090091678954617
2023-01-05,TCS,TCS,3330.19995117188,0.00708164913005698,0.00710678330269176,0.4523716029778818
2023-01-06,TCS,TCS,3300,-0.00910987911422614,-0.00906850988369416,-0.6233462593266681
2023-01-09,TCS,TCS,3229,-0.02174997669629635,-0.02151515151515151,-1.4631174375109357
2023-01-10,TCS,TCS,3285,0.01719416016043576,0.01734283059770827,1.1242173104373427
2023-01-11,TCS,TCS,3290.10009765625,0.00155133719741018,0.00155254114345509,0.08495382497013654
2023-01-12,TCS,TCS,3329,0.01175396945890401,0.01182331880159539,0.76278692389881
2023-01-13,TCS,TCS,3342.89990234375,0.00416670593305906,0.0041753987214629,0.2587112877002969
2023-01-16,TCS,TCS,3317,-0.00777790456103153,-0.00774773493085786,-0.5348537589654088
2023-01-17,TCS,TCS,3330,0.00391154402743703,0.00391920410009044,0.24175907568447355
2023-01-18,TCS,TCS,3380,0.01490340550257494,0.01501501501501501,0.9720262592628944
2023-01-19,TCS,TCS,3380,0,0,-0.01811248900185279
2023-01-20,TCS,TCS,3365,-0.00444774639823625,-0.0044378698224852,-0.3136077736592955
2023-01-23,TCS,TCS,3388,0.0068118136931168,0.00683506686478454,0.4344445243834456
2023-01-24,TCS,TCS,3425,0.0108616949243806,0.01092089728453364,0.7035068089902498
2023-01-25,TCS,TCS,3425.30004882812,8.760166012391537e-5,8.760549726131322e-5,-0.01229249047292455
2023-01-27,TCS,TCS,3426,2.0432652761579937e-4,2.043474037024794e-4,-0.00453763107721032
2023-01-30,TCS,TCS,3420,-0.00175284882741436,-0.00175131348511383,-0.13456664731979706
2023-01-31,TCS,TCS,3449,0.00844378288019013,0.00847953216374269,0.5428677923282273
2023-02-01,TCS,TCS,3363,-0.02525090119657133,-0.02493476369962308,-1.695708639694406
2023-02-02,TCS,TCS,3427,0.01885181013433931,0.01903062741599762,1.2343467348791843
2023-02-03,TCS,TCS,3504,0.02221993018167321,0.02246863145608403,1.458114796957103
2023-02-06,TCS,TCS,3473.14990234375,-0.00884323803700357,-0.00880425161422659,-0.6056314046653288
2023-02-07,TCS,TCS,3468.89990234375,-0.00122442236818883,-0.00122367306897177,-0.0994595362103844
2023-02-08,TCS,TCS,3478.05004882812,0.0026342932769453,0.0026377660762675,0.15690226499824497
2023-02-09,TCS,TCS,3515,0.01056771931673035,0.0106237548779178,0.6839759279356548
2023-02-10,TCS,TCS,3520,0.00142146434737744,0.00142247510668563,0.07632545200244302
2023-02-13,TCS,TCS,3549,0.00820488405435375,0.00823863636363636,0.5269960518502081
2023-02-14,TCS,TCS,3505,-0.01247535317780602,-0.0123978585517047,-0.8469385299694224
2023-02-15,TCS,TCS,3487,-0.00514875279303932,-0.00513552068473609,-0.3601805918085413
2023-02-16,TCS,TCS,3527.19995117188,0.01146257352476738,0.01152852055402351,0.7434274288206131
2023-02-17,TCS,TCS,3526.14990234375,-2.9774471923126576e-4,-2.97700397671284e-4,-0.03789377882525244
2023-02-20,TCS,TCS,3502,-0.00687236263539017,-0.00684880195470366,-0.4746921973276427
2023-02-21,TCS,TCS,3494,-0.00228702215179533,-0.00228440890919474,-0.1700555633710721
2023-02-22,TCS,TCS,3414.94995117188,-0.02288437438307079,-0.02262451311623354,-1.5384835077304706
2023-02-23,TCS,TCS,3421,0.00177006866667346,0.00177163616293815,0.09948570515987132
2023-02-24,TCS,TCS,3422.5,4.38372184999241e-4,4.384682841274481e-4,0.01101167905854369
2023-02-27,TCS,TCS,3390,-0.00954135678810801,-0.00949598246895544,-0.6520123761982627
2023-02-28,TCS,TCS,3328.5,-0.01830816933373766,-0.01814159292035398,-1.2344538053536105
2023-03-01,TCS,TCS,3323,-0.00165376268616404,-0.00165239597416253,-0.12798365339595713
2023-03-02,TCS,TCS,3361,0.01137055937051127,0.01143544989467348,0.7373142770646572
2023-03-03,TCS,TCS,3354,-0.00208488534195148,-0.0020827134781315,-0.15662618390190083
2023-03-06,TCS,TCS,3361.89990234375,0.00235259789522352,0.00235536742508944,0.1381872462998833
2023-03-08,TCS,TCS,3364,6.244808144608694e-4,6.246758431998276e-4,0.02337619302044094
2023-03-09,TCS,TCS,3385,0.00622316425353679,0.00624256837098692,0.3953363742917234
2023-03-10,TCS,TCS,3312.89990234375,-0.02152999710275346,-0.02129988113921713,-1.4485026355881994
2023-03-13,TCS,TCS,3333,0.00604889006411778,0.00606722154268227,0.3837581059733595
2023-03-14,TCS,TCS,3280,-0.0160293769295503,-0.0159015901590159,-1.0830574913871516
2023-03-15,TCS,TCS,3250,-0.00918842605440625,-0.00914634146341463,-0.6285646886995068
2023-03-16,TCS,TCS,3208,-0.01300730633737805,-0.01292307692307692,-0.8822799447529853
2023-03-17,TCS,TCS,3150.5,-0.01808651960429494,-0.01792394014962593,-1.2197280444779697
2023-03-20,TCS,TCS,3169.64990234375,0.00605997048914552,0.00607836925686398,0.3844942570607945
2023-03-21,TCS,TCS,3143.30004882812,-0.00834792188792942,-0.00831317474404539,-0.5727240458905268
2023-03-22,TCS,TCS,3130.05004882812,-0.0042242245360338,-0.00421531504920754,-0.2987576337491451
2023-03-23,TCS,TCS,3114.89990234375,-0.00485197682110252,-0.00484022499577671,-0.3404636627269441
2023-03-24,TCS,TCS,3148.89990234375,0.01085613684473231,0.01091527852128324,0.7031375464062878
2023-03-27,TCS,TCS,3135,-0.00442398040390128,-0.00441420901737911,-0.31202883038501994
2023-03-28,TCS,TCS,3127,-0.00255509560917981,-0.00255183413078149,-0.18786558118826255
2023-03-29,TCS,TCS,3129,6.393862110407924e-4,6.395906619763352e-4,0.02436646405007137
2023-03-31,TCS,TCS,3189.94995117188,0.01929176269911809,0.01947905118947907,1.2635758987579149
2023-04-03,TCS,TCS,3224.94995117188,0.01091220372498009,0.01097195897607803,0.7068624662320317
2023-04-05,TCS,TCS,3185.5,-0.01230816853643744,-0.01223273283901497,-0.8358312705242458
2023-04-06,TCS,TCS,3225,0.0123236876733299,0.01239993721550777,0.8006373386646045
2023-04-10,TCS,TCS,3220,-0.00155159069141883,-0.00155038759689922,-0.12119564437565264
2023-04-11,TCS,TCS,3264,0.01357207754554368,0.01366459627329192,0.8835767168628675
2023-04-12,TCS,TCS,3227.94995117188,-0.01110619140794925,-0.01104474535175245,-0.75597541950828
2023-04-13,TCS,TCS,3210,-0.00557630855198688,-0.00556078980263105,-0.3885861481026771
2023-04-17,TCS,TCS,3134.10009765625,-0.02392885445322583,-0.02364482939057632,-1.607875714033393
2023-04-18,TCS,TCS,3154.94995117188,0.00663054984169018,0.00665258060239428,0.4224018833289435
2023-04-19,TCS,TCS,3130.75,-0.0077000400683841,-0.00767047070362911,-0.5296806694141064
2023-04-20,TCS,TCS,3090,-0.01310150155235073,-0.01301605046714046,-0.888537999814928
2023-04-21,TCS,TCS,3110,0.00645163528148859,0.00647249190938511,0.4105153223242298
2023-04-24,TCS,TCS,3151.10009765625,0.01312890302842047,0.01321546548432475,0.8541334958774764
2023-04-25,TCS,TCS,3183,0.01007251908039263,0.01012341764943511,0.6510762700646315
2023-04-26,TCS,TCS,3181,-6.285355329487439e-4,-6.283380458686773e-4,-0.05987055468195928
2023-04-27,TCS,TCS,3185,0.00125667625711963,0.00125746620559572,0.0653774124158789
2023-04-28,TCS,TCS,3200.39990234375,0.00482348245594089,0.00483513417386185,0.30234560229661744
2023-05-02,TCS,TCS,3235,0.01075315647279634,0.01081117945007787,0.6962958311656402
2023-05-03,TCS,TCS,3216,-0.005890576636144,-0.00587326120556414,-0.4094652020486444
2023-05-04,TCS,TCS,3180.14990234375,-0.01121001653383882,-0.01114741842545087,-0.7628732577351853
2023-05-05,TCS,TCS,3220,0.01245302477343578,0.01253088655565598,0.8092301179713807
2023-05-08,TCS,TCS,3245,0.00773399059973647,0.0077639751552795,0.4957112655884202
2023-05-09,TCS,TCS,3252.60009765625,0.00233935638021433,0.00234209480932203,0.1373075187037939
2023-05-10,TCS,TCS,3290,0.01143285824101275,0.0114984631435938,0.7414532321273766
2023-05-11,TCS,TCS,3309,0.0057584641621945204,0.00577507598784194,0.3644630570032249
2023-05-12,TCS,TCS,3279.14990234375,-0.00906181625006661,-0.00902088173352976,-0.6201531029605802
2023-05-15,TCS,TCS,3284,0.00147797890077319,0.00147907164987591,0.08008011392507121
2023-05-16,TCS,TCS,3256.19995117188,-0.00850133527033504,-0.00846530110478684,-0.5829163830980142
2023-05-17,TCS,TCS,3255.94995117188,-7.677955939955774e-5,-7.677661192459235e-5,-0.02321349875583567
2023-05-18,TCS,TCS,3225.94995117188,-0.00925661138364145,-0.00921390084304042,-0.6330947228938587
2023-05-19,TCS,TCS,3210,-0.00495652823488124,-0.00494426491833387,-0.3474097534006691
2023-05-22,TCS,TCS,3230,0.00621120009264067,0.00623052959501557,0.3945415103734281
2023-05-23,TCS,TCS,3306,0.02325686216426718,0.02352941176470588,1.527005530360545
2023-05-24,TCS,TCS,3276,-0.00911583340800949,-0.00907441016333938,-0.623741845220941
2023-05-25,TCS,TCS,3294,0.00547946576462557,0.00549450549450549,0.34592721805761856
2023-05-26,TCS,TCS,3293.5,-1.5180265683795884e-4,-1.5179113539769278e-4,-0.028197814305444
2023-05-29,TCS,TCS,3360.80004882812,0.02022822630314385,0.02043420337881281,1.3257918064258198
2023-05-30,TCS,TCS,3315,-0.01372143176392867,-0.01362772201937156,-0.9297243530680304
2023-05-31,TCS,TCS,3309,-0.00181159469835071,-0.00180995475113122,-0.13846955146506731
2023-06-01,TCS,TCS,3314,0.00150989006489603,0.00151103052281656,0.08220019849868108
2023-06-02,TCS,TCS,3326.25,0.00368962430539076,0.00369643934821967,0.22701537728854715
2023-06-05,TCS,TCS,3315,-0.003387919671936,-0.00338218714768883,-0.24319598032956632
2023-06-06,TCS,TCS,3280,-0.01061420124177342,-0.01055806938159879,-0.7232890293264029
2023-06-07,TCS,TCS,3253,-0.00826577490483791,-0.00823170731707317,-0.5672664401776646
2023-06-08,TCS,TCS,3261,0.00245624931596758,0.00245926836766062,0.1450735440640858
2023-06-09,TCS,TCS,3245,-0.00491854665112871,-0.00490647040785035,-0.3448863678706071
2023-06-12,TCS,TCS,3215,-0.0092879924664706,-0.00924499229583975,-0.635179590413989
2023-06-13,TCS,TCS,3260,0.01389983768903351,0.01399688958009331,0.9053521438382676
2023-06-14,TCS,TCS,3243.69995117188,-0.00501255687676136,-0.00500001497795092,-0.3511321327809098
2023-06-15,TCS,TCS,3245.30004882812,4.931723497214087e-4,4.932939791986353e-4,0.01465244200318304
2023-06-16,TCS,TCS,3197,-0.01499494077387186,-0.01488307648026603,-1.0143325734369364
2023-06-19,TCS,TCS,3190,-0.0021919532809512,-0.00218955270566155,-0.16373946516383456
2023-06-20,TCS,TCS,3214,0.00749535051856763,0.00752351097178683,0.4798567153506582
2023-06-21,TCS,TCS,3250,0.01113872902632532,0.01120099564405725,0.7219121458697163
2023-06-22,TCS,TCS,3260,0.00307219903697005,0.00307692307692307,0.1859954451451533
2023-06-23,TCS,TCS,3237.30004882812,-0.00698753123997921,-0.00696317520609816,-0.482343663159898
2023-06-26,TCS,TCS,3205,-0.01002757376600361,-0.0099774652769095,-0.6843152126067229
2023-06-27,TCS,TCS,3202,-9.364757981103758e-4,-9.3603744149766e-4,-0.08032920680913737
2023-06-28,TCS,TCS,3208,0.00187207542974513,0.00187382885696439,0.10626273667021076
2023-06-30,TCS,TCS,3220,0.0037336695520488,0.00374064837905236,0.2299416148780343
2023-07-03,TCS,TCS,3314.30004882812,0.02886509512873083,0.0292857294497267,1.8996001542169323
2023-07-04,TCS,TCS,3290,-0.00735888990776731,-0.00733187957339954,-0.5070156487954925
2023-07-05,TCS,TCS,3320,0.00907721815111668,0.00911854103343465,0.5849513822938623
2023-07-06,TCS,TCS,3306.55004882812,-0.004059418413134,-0.00405119011201204,-0.28780839612649767
2023-07-07,TCS,TCS,3302,-0.0013770190173269,-0.00137607136166972,-0.1095976120441832
2023-07-10,TCS,TCS,3324.75,0.00686613781319926,0.00688976377952755,0.4380536603121256
2023-07-11,TCS,TCS,3295,-0.00898831535666498,-0.00894804120610572,-0.6152699182028113
2023-07-12,TCS,TCS,3280.94995117188,-0.00427316823026049,-0.00426405123766919,-0.3020093098931444
2023-07-13,TCS,TCS,3284,9.291918659717596e-4,9.296236984750682e-4,0.04362030562096706
2023-07-14,TCS,TCS,3365,0.02436577150650928,0.02466504263093788,1.6006782293874202
2023-07-17,TCS,TCS,3510,0.04218807438108338,0.04309063893016345,2.784739996771868
2023-07-18,TCS,TCS,3476,-0.00973383007462887,-0.00968660968660968,-0.664799739392349
2023-07-19,TCS,TCS,3500,0.00688076109222228,0.00690448791714614,0.4390251882749712
2023-07-20,TCS,TCS,3453.10009765625,-0.01349056190175186,-0.01339997209821428,-0.9143860334934673
2023-07-21,TCS,TCS,3404.05004882812,-0.01430649304459446,-0.01420464146446902,-0.9685941163578036
2023-07-24,TCS,TCS,3381,-0.0067943898232727,-0.00677136014379554,-0.4695119113470101
2023-07-25,TCS,TCS,3397.5,0.00486834331741283,0.00488021295474711,0.3053260269529973
2023-07-26,TCS,TCS,3400.35009765625,8.38529176814824e-4,8.388808406916851e-4,0.03759694126034128
2023-07-27,TCS,TCS,3394.94995117188,-0.00158937724084336,-0.00158811484973036,-0.12370607239440208
2023-07-28,TCS,TCS,3385,-0.00293511261489492,-0.00293080938305009,-0.2131128015160637
2023-07-31,TCS,TCS,3364.39990234375,-0.00610429428444296,-0.00608570093242245,-0.4236639786123138
2023-08-01,TCS,TCS,3415,0.01492788094295794,0.01503985825852638,0.973652336061238
2023-08-02,TCS,TCS,3434.94995117188,0.00582486228977311,0.0058418597867877,0.3688743547375868
2023-08-03,TCS,TCS,3420,-0.0043618042380127,-0.00435230538563731,-0.30789802745852207
2023-08-04,TCS,TCS,3401.25,-0.00549753995919483,-0.00548245614035087,-0.38335299277745793
2023-08-07,TCS,TCS,3453.94995117188,0.01537547839760739,0.01549428920893201,1.0033894041022655
2023-08-08,TCS,TCS,3484.05004882812,0.00867693470943076,0.00871468842390939,0.5583577191318745
2023-08-09,TCS,TCS,3464.89990234375,-0.00551168021024507,-0.00549651876867017,-0.3842924297720844
2023-08-10,TCS,TCS,3450,-0.00430951296884373,-0.00430024034277911,-0.30442394820923974
2023-08-11,TCS,TCS,3438.10009765625,-0.0034552094231861,-0.00344924705615942,-0.24766651493739872
2023-08-14,TCS,TCS,3440.69995117188,7.559032450338064e-4,7.561890118912827e-4,0.0321075155949301
2023-08-16,TCS,TCS,3450,0.00269930617815224,0.00270295258525884,0.1612215323369068
2023-08-17,TCS,TCS,3455,0.00144822617636474,0.00144927536231884,0.07810342978411068
2023-08-18,TCS,TCS,3410,-0.01311016592420775,-0.0130246020260492,-0.88911363538382715
2023-08-21,TCS,TCS,3375,-0.01031696697093226,-0.01026392961876832,-0.7035416522036908
2023-08-22,TCS,TCS,3400,0.00738010729762246,0.0074074074074074,0.4722002922255584
2023-08-23,TCS,TCS,3388,-0.00353565483230775,-0.00352941176470588,-0.2530110730437722
2023-08-24,TCS,TCS,3408,0.00588583217726135,0.00590318772136953,0.37292501604912515
2023-08-25,TCS,TCS,3375,-0.00973028464257611,-0.00968309859154929,-0.6645641912383263
2023-08-28,TCS,TCS,3394,0.00561384248754144,0.00562962962962962,0.3548548151897544
2023-08-29,TCS,TCS,3381.05004882812,-0.00382284022982652,-0.00381554247845609,-0.2720908323625412
2023-08-30,TCS,TCS,3398,0.00500069666753224,0.00501322101923776,0.3141191971041576
2023-08-31,TCS,TCS,3401,8.824827753181223e-4,8.828722778104767e-4,0.04051709001401156
2023-09-01,TCS,TCS,3366,-0.01034441025644417,-0.01029109085563069,-0.7053649039672116
2023-09-04,TCS,TCS,3378,0.00355872261699415,0.0035650623885918,0.2183186513038471
2023-09-05,TCS,TCS,3420,0.01235673268890542,0.01243339253996447,0.8028327530182353
2023-09-06,TCS,TCS,3434,0.00408521140076994,0.00409356725146198,0.2532970289137914
2023-09-07,TCS,TCS,3430.80004882812,-9.322781088705048e-4,-9.318436726499715e-4,-0.08005032459199227
2023-09-08,TCS,TCS,3455.25,0.00710132913558569,0.00712660336478412,0.4536790850856908
2023-09-11,TCS,TCS,3462,0.00195164325201852,0.00195354894725417,0.1115489904686674
2023-09-12,TCS,TCS,3492,0.00862818122333818,0.00866551126516464,0.555118679860957
2023-09-13,TCS,TCS,3571.10009765625,0.02239906094953747,0.02265180345253436,1.470015722167665
2023-09-14,TCS,TCS,3570.05004882812,-2.9408395402936055e-4,-2.9404071558205837e-4,-0.03765056827353798
2023-09-15,TCS,TCS,3567.85009765625,-6.164141263904643e-4,-6.162241822330022e-4,-0.05906524382097858
2023-09-18,TCS,TCS,3580.05004882812,0.0034135795880012,0.00341941248593494,0.20867577223022832
2023-09-20,TCS,TCS,3580,-1.3980021865585477e-5,-1.3979924145580192e-5,-0.01904128083727008
2023-09-21,TCS,TCS,3588.55004882812,0.00238543438331084,0.00238828179556424,0.14036880669603374
2023-09-22,TCS,TCS,3584,-0.00126873968323574,-0.00126793517331766,-0.10240384922927231
2023-09-25,TCS,TCS,3602.5,0.005148553778856,0.00516183035714285,0.32394239188355556
2023-09-26,TCS,TCS,3567.60009765625,-0.00973492070853131,-0.0096876897553782,-0.6648721979245139
2023-09-27,TCS,TCS,3590,0.00625907431717874,0.00627870325445548,0.39772213407383544
2023-09-28,TCS,TCS,3600,0.00278164296187677,0.00278551532033426,0.16669174784966734
2023-09-29,TCS,TCS,3537.19995117188,-0.01759840554679423,-0.01744445800781111,-1.1872991716394308
2023-10-03,TCS,TCS,3534.19995117188,-8.48488339342444e-4,-8.481284748989368e-4,-0.07448357694471315
2023-10-04,TCS,TCS,3486.30004882812,-0.01364593565541325,-0.01355325193977132,-0.9247086120435108
2023-10-05,TCS,TCS,3554,0.01923271381194527,0.01941885386332039,1.2596528630986068
2023-10-06,TCS,TCS,3591,0.01035698551148622,0.01041080472706809,0.6699753891926514
2023-10-09,TCS,TCS,3645.05004882812,0.01493938093945137,0.01505153128045669,0.9744163622518348
2023-10-10,TCS,TCS,3640.05004882812,-0.0013726649512189,-0.00137172327760149,-0.10930834060449152
2023-10-11,TCS,TCS,3650,0.00272973636222181,0.00273346548492741,0.16324322491977994
2023-10-12,TCS,TCS,3575,-0.02076199144842912,-0.02054794520547945,-1.3974785822534392
2023-10-13,TCS,TCS,3530,-0.01266730520076557,-0.01258741258741258,-0.8596912619344234
2023-10-16,TCS,TCS,3566,0.01014664849574331,0.01019830028328611,0.6560012119856063
2023-10-17,TCS,TCS,3530,-0.01014664849574322,-0.01009534492428491,-0.6922261899893064
2023-10-18,TCS,TCS,3511,-0.00539697375891015,-0.00538243626062323,-0.37667166805268926
2023-10-19,TCS,TCS,3469.5,-0.01189040582882872,-0.0118199943036172,-0.8080763359683871
2023-10-20,TCS,TCS,3450.39990234375,-0.00552035330884846,-0.00550514415801988,-0.3848686451205326
2023-10-23,TCS,TCS,3473,0.00652863571331888,0.0065499937096852,0.41563100619763155
2023-10-25,TCS,TCS,3390.5,-0.02404137062017718,-0.02375467895191477,-1.6153509596532951
2023-10-26,TCS,TCS,3368.05004882812,-0.00664344676872871,-0.00662142786370151,-0.4594836955100577
2023-10-27,TCS,TCS,3350,-0.005373610536056,-0.00535919851737367,-0.3751194837396312
2023-10-30,TCS,TCS,3350,0,0,-0.01811248900185279
2023-10-31,TCS,TCS,3399,0.01452092487700382,0.01462686567164179,0.9466153632248664
2023-11-01,TCS,TCS,3355,-0.01302950029033379,-0.01294498381877022,-0.8837544461878987
2023-11-02,TCS,TCS,3343.19995117188,-0.00352335287728123,-0.00351715315294187,-0.25219376706970686
2023-11-03,TCS,TCS,3382,0.01153883293002456,0.0116056620587469,0.7484938810520654
2023-11-06,TCS,TCS,3375,-0.00207192615189544,-0.00206978119455943,-0.1557652131513974
2023-11-07,TCS,TCS,3378,8.884940611152349e-4,8.888888888888889e-4,0.04091646229127976
2023-11-08,TCS,TCS,3371.44995117188,-0.00194091398017769,-0.00193903162466548,-0.14706114697741804
2023-11-09,TCS,TCS,3390.10009765625,0.00551654388323229,0.0055317880302175,0.34839058000123124
2023-11-10,TCS,TCS,3338,-0.01548762304901964,-0.0153683065854809,-1.0470649453181662
2023-11-13,TCS,TCS,3356,0.00537796336531641,0.00539245056920311,0.3391836950030744
2023-11-15,TCS,TCS,3383.10009765625,0.00804268918516138,0.00807511849113528,0.5162202982998304
2023-11-16,TCS,TCS,3430.05004882812,0.01378237477635115,0.01387778954704771,0.8975482508749609
2023-11-17,TCS,TCS,3497.85009765625,0.01957366938277409,0.0197664896613663,1.2823049557398496
2023-11-20,TCS,TCS,3491.25,-0.00188868367199704,-0.00188690123132275,-0.1435911177982119
2023-11-21,TCS,TCS,3519.60009765625,0.00808753625842459,0.0081203287235947,0.5191998069078797
2023-11-22,TCS,TCS,3500,-0.00558440604030602,-0.00556884222991753,-0.389124121584444
2023-11-23,TCS,TCS,3530,0.0085349024498375,0.00857142857142857,0.5489215104946884
2023-11-24,TCS,TCS,3494.25,-0.01017911056232657,-0.01012747875354107,-0.6943828749139274
2023-11-28,TCS,TCS,3457.10009765625,-0.01068864479858052,-0.01063172421657008,-0.7282348418885461
2023-11-29,TCS,TCS,3481,0.00688949324500351,0.00691328039935927,0.4396053270105757
2023-11-30,TCS,TCS,3499.44995117188,0.0052861905076067,0.00530018706460212,0.3330865742851505
2023-12-01,TCS,TCS,3500,1.5716915845934775e-4,1.5718151017870676e-4,-0.00767062899905846
2023-12-04,TCS,TCS,3544.64990234375,0.01267642845772496,0.01275711495535714,0.8240724064860162
2023-12-05,TCS,TCS,3538,-0.0018778012154994,-0.00187603924984327,-0.14286811916191022
2023-12-06,TCS,TCS,3532.60009765625,-0.00152742435408903,-0.0015262584352035,-0.119590103481678
2023-12-07,TCS,TCS,3605,0.020287599353408,0.02049479146869317,1.3297363785344596
2023-12-08,TCS,TCS,3633,0.0077369825021524,0.00776699029126213,0.49591003884950624
2023-12-11,TCS,TCS,3622.89990234375,-0.002783970097597,-0.00278009844653179,-0.2030713339561098
2023-12-12,TCS,TCS,3638.94995117188,0.00442038193749823,0.00443016623720318,0.2755647807799023
2023-12-13,TCS,TCS,3643.55004882812,0.00126332942480009,0.00126412776156995,0.06581942945138025
2023-12-14,TCS,TCS,3630,-0.00372584622700673,-0.00371891387425242,-0.2656468340076295
2023-12-15,TCS,TCS,3666.69995117188,0.01005941340463127,0.01011017938619283,0.6502055672315592
2023-12-18,TCS,TCS,3858.10009765625,0.05088279794411969,0.05219956610390178,3.362392044401207
2023-12-19,TCS,TCS,3845,-0.00340125666790301,-0.00339547894680289,-0.244082051401719
2023-12-20,TCS,TCS,3827.25,-0.00462707332755385,-0.00461638491547464,-0.3255217312640864
2023-12-21,TCS,TCS,3756.25,-0.01872541032867286,-0.0185511790450062,-1.2621740788426794
2023-12-22,TCS,TCS,3800,0.01157994743095941,0.01164725457570715,0.7512254084525731
2023-12-26,TCS,TCS,3819.85009765625,0.00521011366493448,0.00522370990953947,0.32803225097881666
2023-12-27,TCS,TCS,3799,-0.00547330619178594,-0.00545835494147872,-0.3817429720259037
2023-12-28,TCS,TCS,3824,0.00655912098366636,0.00658067912608581,0.41765635855197425
2023-12-29,TCS,TCS,3792,-0.0084034107963795,-0.00836820083682008,-0.5764105669575305
2024-01-01,TCS,TCS,3790,-5.275652984403572e-4,-5.274261603375527e-4,-0.05316238710302178
2024-01-02,TCS,TCS,3811.10009765625,0.00555186790935828,0.00556730808872031,0.35073740516183066
2024-01-03,TCS,TCS,3767,-0.01163895829378909,-0.01157148763512421,-0.79137089588924725
2024-01-04,TCS,TCS,3701.75,-0.01747324790321285,-0.01732147597557738,-1.1789840632214237
2024-01-05,TCS,TCS,3675,-0.00725254814189115,-0.00722631187951644,-0.4999506123556871
2024-01-08,TCS,TCS,3737.89990234375,0.01697079761081252,0.01711561968537415,1.1093777547898125
2024-01-09,TCS,TCS,3709.94995117188,-0.00750554399743012,-0.00747744773859373,-0.5167589183281874
2024-01-10,TCS,TCS,3690,-0.00539192822574656,-0.00537741787206005,-0.3763364575606938
2024-01-11,TCS,TCS,3724,0.0091719013623848,0.00921409214092141,0.5912418584048766
2024-01-12,TCS,TCS,3848,0.03275517338863941,0.03329752953813104,2.158045595982058
2024-01-15,TCS,TCS,3960,0.02869049246292901,0.0291060291060291,1.8880000628867444
2024-01-16,TCS,TCS,3899,-0.01552391526592891,-0.0154040404040404,-1.04947609424759
2024-01-17,TCS,TCS,3819,-0.02073150175708109,-0.02051808155937419,-1.3954529361807275
2024-01-18,TCS,TCS,3898,0.02047499284198984,0.02068604346687614,1.3421862547849135
2024-01-19,TCS,TCS,3945,0.01198535321246851,0.01205746536685479,0.7781593849167681
2024-01-23,TCS,TCS,3900,-0.0114724011622368,-0.01140684410646387,-0.7803053263641305
2024-01-24,TCS,TCS,3880,-0.00514139950041865,-0.00512820512820512,-0.35969206051616015
2024-01-25,TCS,TCS,3839.89990234375,-0.01038885447328106,-0.01033507671552835,-0.7083176479705119
2024-01-29,TCS,TCS,3800.80004882812,-0.01023471542452595,-0.01018251894841444,-0.6980770996094856
2024-01-30,TCS,TCS,3807.44995117188,0.00174807716285426,0.00174960594041518,0.09802465385450082
2024-01-31,TCS,TCS,3811.19995117188,9.844264668701732e-4,9.849111736441349e-4,0.04728993123673716
2024-02-01,TCS,TCS,3820,0.00230633525138424,0.00230899688834592,0.13511369131578693
2024-02-02,TCS,TCS,3875.05004882812,0.01430815593002943,0.01441100754662827,0.9324796156072878
2024-02-05,TCS,TCS,3983,0.02747672565099376,0.02785769211020277,1.8073609397247783
2024-02-06,TCS,TCS,3997,0.00350877552967927,0.00351493848857644,0.21500031265266537
2024-02-07,TCS,TCS,4153,0.03828688491943009,0.03902927195396547,2.52555635920409
2024-02-08,TCS,TCS,4090,-0.01528599459390611,-0.01516975680231158,-1.0336693394530387
2024-02-09,TCS,TCS,4136.5498046875,0.01131708981765479,0.01138137033924205,0.7337619160873998
2024-02-12,TCS,TCS,4130,-0.00158465289942382,-0.00158339799996553,-0.12339220094410085
2024-02-13,TCS,TCS,4125.4501953125,-0.0011022548838677,-0.001101647624092,-0.0913430852432893
2024-02-14,TCS,TCS,4107,-0.00448231711465214,-0.00447228652365355,-0.31590455112218657
2024-02-15,TCS,TCS,4128,0.00510019320484012,0.00511322132943754,0.32072945654383267
2024-02-16,TCS,TCS,4113.25,-0.00357955789463916,-0.00357315891472868,-0.25592786432173203
2024-02-19,TCS,TCS,4123.0498046875,0.00237966308765178,0.00238249673311858,0.1399853786628409
2024-02-20,TCS,TCS,4082.10009765625,-0.00998154756644708,-0.0099318972535074,-0.6812573662904287
2024-02-21,TCS,TCS,4013,-0.01707249452104745,-0.01692758531225729,-1.1523591785860587
2024-02-22,TCS,TCS,3971,-0.01052113913566523,-0.01046598554697234,-0.7171062547090896
2024-02-23,TCS,TCS,4130,0.03925945482382696,0.04004029211785445,2.5901710640494424
2024-02-26,TCS,TCS,4036,-0.0230233044815789,-0.02276029055690072,-1.5477136178425084
2024-02-27,TCS,TCS,3999,-0.00920977262668126,-0.00916749256689791,-0.6299828926360818
2024-02-28,TCS,TCS,4095.60009765625,0.02386892069802953,0.02415606342991998,1.56766891232244
2024-02-29,TCS,TCS,4099,8.297909594898146e-4,8.301353312535639e-4,0.03701639961415476
2024-03-01,TCS,TCS,4107.2001953125,0.00199853716622345,0.00200053557270065,0.11466448521274364
2024-03-04,TCS,TCS,4105,-5.358357840324989e-4,-5.356922496768132e-4,-0.05371185401850831
2024-03-05,TCS,TCS,4062,-0.01053027974619857,-0.01047503045066991,-0.7177135301851741
2024-03-06,TCS,TCS,3994.05004882812,-0.01686969723954651,-0.01672820068239291,-1.1388859193083631
2024-03-07,TCS,TCS,4065,0.01760797708112747,0.01776391139432446,1.151710098430911
2024-03-11,TCS,TCS,4089,0.00588669838273126,0.0059040590405904,0.3729825642114944
2024-03-12,TCS,TCS,4122.35009765625,0.00812297140830141,0.00815605225146735,0.5215540148060372
2024-03-13,TCS,TCS,4205,0.01985088063410482,0.02004921959217883,1.300722061907302
2024-03-14,TCS,TCS,4153.4501953125,-0.01233493221642755,-0.01225916877229488,-0.837609371281136
2024-03-15,TCS,TCS,4192.60009765625,0.00938172863168828,0.00942587499614989,0.6051821695467876
2024-03-18,TCS,TCS,4215.25,0.0053878118357808,0.00540235219581561,0.33983799862624603
2024-03-19,TCS,TCS,4051.25,-0.03968342620233287,-0.03890635193642133,-2.654563462576021
2024-03-20,TCS,TCS,3986,-0.0162372536830171,-0.01610614008022215,-1.0968682159517753
2024-03-21,TCS,TCS,3990.05004882812,0.00101555259844399,0.00101606844659307,0.04935786053984223
2024-03-22,TCS,TCS,3897,-0.02359674803247492,-0.02332052172013452,-1.5858115330865497
2024-03-26,TCS,TCS,3875,-0.0056613635512618,-0.00564536823197331,-0.3942369539202586
2024-03-27,TCS,TCS,3888.5,0.00347781634755051,0.00348387096774193,0.21294347498325025
2024-03-28,TCS,TCS,3850.10009765625,-0.0099243317999126,-0.00987524812749132,-0.6774561178141882
2024-04-01,TCS,TCS,3897.69995117188,0.01228747569833842,0.01236327687807556,0.7982315207739169
2024-04-02,TCS,TCS,3890,-0.00197746542093191,-0.0019755115243196,-0.14948951798224658
2024-04-03,TCS,TCS,3851,-0.01007630279758306,-0.01002570694087403,-0.6875526271911874
2024-04-04,TCS,TCS,3975.89990234375,0.0319182581777846,0.03243310889217087,2.102443392905967
2024-04-05,TCS,TCS,3978,5.280674212239854e-4,5.282068733702313e-4,0.01697076867101749
2024-04-08,TCS,TCS,3983,0.00125612376772671,0.0012569130216189,0.06534070663371103
2024-04-09,TCS,TCS,3984,2.510355228446088e-4,2.5106703489831785e-4,-0.00143442181000177
2024-04-10,TCS,TCS,3956.39990234375,-0.00695184352191183,-0.00692773535548443,-0.47997267536857985
2024-04-12,TCS,TCS,3971,0.0036834559486744,0.00369024820964154,0.2266055696780023
2024-04-15,TCS,TCS,4001.39990234375,0.00762632332954317,0.0076554777999874,0.4885581665118458
2024-04-16,TCS,TCS,3902,-0.02515503327773816,-0.02484128174380377,-1.6893394550717484
2024-04-18,TCS,TCS,3876.80004882812,-0.00647915852584072,-0.00645821403687339,-0.44856886432334536
2024-04-19,TCS,TCS,3838,-0.01005868608957059,-0.01000826669919396,-0.6863822245461679
2024-04-22,TCS,TCS,3837,-2.6058632069288586e-4,-2.605523710265763e-4,-0.0354250833173729
2024-04-23,TCS,TCS,3877.05004882812,0.0103837565044717,0.01043785478971071,0.6717539758036015
2024-04-24,TCS,TCS,3890,0.00333458986106796,0.00334015579081685,0.2034279253983121
2024-04-25,TCS,TCS,3811.19995117188,-0.02046507026325545,-0.02025708196095629,-1.3777520056283614
2024-04-26,TCS,TCS,3855.14990234375,0.01146580406566046,0.01153178834355204,0.7436420565253707
2024-04-29,TCS,TCS,3838,-0.00445849384725186,-0.00444856951822383,-0.31432180279267163
2024-04-30,TCS,TCS,3872,0.00881977182882245,0.00885878061490359,0.5678474003041271
2024-05-02,TCS,TCS,3778.05004882812,-0.02456315298281228,-0.02426393367042355,-1.6500166563839436
2024-05-03,TCS,TCS,3890.14990234375,0.02923967576324729,0.02967135217025546,1.9244861979148151
2024-05-06,TCS,TCS,3853,-0.00959562655074516,-0.0095497354282846,-0.6556179007769832
2024-05-07,TCS,TCS,3930.80004882812,0.01999091428404346,0.0201920708092707,1.3100254887543563
2024-05-08,TCS,TCS,3961,0.00765353871171554,0.00768290190209075,0.4903662770428953
2024-05-09,TCS,TCS,3962,2.5242963657961176e-4,2.5246149962130775e-4,-0.00134180096382832
2024-05-10,TCS,TCS,3962.60009765625,1.5145184615050896e-4,1.5146331556032308e-4,-0.00805047053607725
2024-05-13,TCS,TCS,3884.5,-0.01990612471417125,-0.01970930594344952,-1.3406172952950246
2024-05-14,TCS,TCS,3936,0.01317070378166847,0.01325781953919423,0.8569106158780257
2024-05-15,TCS,TCS,3904.5,-0.00803524506941433,-0.0080030487804878,-0.5519507109878132
2024-05-16,TCS,TCS,3891.10009765625,-0.00343781501698253,-0.00343191249679856,-0.24651088137550997
2024-05-17,TCS,TCS,3919,0.0071446001138843,0.00717018366105645,0.4565538825460015
2024-05-21,TCS,TCS,3830.60009765625,-0.02281504483734936,-0.02255674976875478,-1.5338774551335308
2024-05-22,TCS,TCS,3835,0.00114796043907438,0.00114861959786459,0.05815465088145614
2024-05-23,TCS,TCS,3840.94995117188,0.0015502843039351,0.00155148661587483,0.08488387380177484
2024-05-24,TCS,TCS,3878.25,0.00966430183914873,0.00971115200726312,0.6239555084242476
2024-05-27,TCS,TCS,3855,-0.00601301394701067,-0.00599497195900212,-0.4175995795036147
2024-05-28,TCS,TCS,3858,7.77907468244521e-4,7.782101167315176e-4,0.03356941193953608
2024-05-29,TCS,TCS,3848.89990234375,-0.00236154666617087,-0.00235876040856661,-0.1750067545176924
2024-05-30,TCS,TCS,3777,-0.01885732408704672,-0.01868063710879237,-1.2709380438017372
2024-05-31,TCS,TCS,3740,-0.00984443230387928,-0.00979613449827905,-0.6721478285795058
2024-06-03,TCS,TCS,3732.80004882812,-0.00192697606058274,-0.00192512063419251,-0.14613515229393578
2024-06-04,TCS,TCS,3700,-0.00882581571567902,-0.00878698253296939,-0.6044739165043058
2024-06-05,TCS,TCS,3716,0.00431500130141327,0.00432432432432432,0.2685635989972238
2024-06-06,TCS,TCS,3781,0.01734070395720376,0.01749192680301399,1.133953252432128
2024-06-07,TCS,TCS,3837.30004882812,0.01478048210712752,0.0148902535911452,0.9638595877675952
2024-06-10,TCS,TCS,3895,0.01492467230678839,0.01503660137014854,0.9734391636423564
2024-06-11,TCS,TCS,3845,-0.01292007636510428,-0.0128369704749679,-0.876484640079607
2024-06-12,TCS,TCS,3874.39990234375,0.00761718394375893,0.00764626848992197,0.48795097240451607
2024-06-13,TCS,TCS,3856.80004882812,-0.00455295013182338,-0.00454260116643697,-0.3205972025565194
2024-06-14,TCS,TCS,3889,0.00831421840406719,0.00834887750576125,0.534259906822745
2024-06-18,TCS,TCS,3826.05004882812,-0.01631910300009369,-0.01618666782511699,-1.1023060456036986
2024-06-19,TCS,TCS,3827.64990234375,4.18060166752679e-4,4.18147566083204e-4,0.00966220787104183
2024-06-20,TCS,TCS,3796,-0.00830313159258787,-0.00826875580349449,-0.5697483094418183
2024-06-21,TCS,TCS,3827,0.00813332569588373,0.00816649104320337,0.5222419234416951
2024-06-24,TCS,TCS,3808.75,-0.00478015512578349,-0.00476874836686699,-0.3356920389870444
2024-06-25,TCS,TCS,3817,0.00216372244531096,0.00216606498194945,0.1256389128654846
2024-06-26,TCS,TCS,3844.5,0.00717878172700577,0.00720461095100864,0.4588248091220722
2024-06-27,TCS,TCS,3831,-0.00351768977158649,-0.00351150994927819,-0.2518175268618629
2024-06-28,TCS,TCS,3917.80004882812,0.02240441851179867,0.0226572823879196,1.4703716629618775
2024-07-01,TCS,TCS,3884,-0.00866473380123208,-0.00862730318210858,-0.5937721044177313
2024-07-02,TCS,TCS,3993.60009765625,0.02782755377702558,0.02821835676010556,1.8306689361089064
2024-07-03,TCS,TCS,4020,0.00658879842482561,0.00661055230824024,0.41962804109366225
2024-07-04,TCS,TCS,3999.85009765625,-0.00502501779920392,-0.00501241351834577,-0.35196000008596073
2024-07-05,TCS,TCS,4010,0.00253435648675194,0.00253757068288569,0.15026275644226073
2024-07-08,TCS,TCS,4022,0.00298805003198238,0.00299251870324189,0.18040483094279397
2024-07-09,TCS,TCS,3985,-0.0092419791082819,-0.00919940328194927,-0.6321225972406804
2024-07-10,TCS,TCS,3983.69995117188,-3.262888169011832e-4,-3.2623559049435325e-4,-0.03979016533452079
2024-07-11,TCS,TCS,3931,-0.01331717698555395,-0.01322889570445116,-0.9028668458915108
2024-07-12,TCS,TCS,3980,0.01238797285662304,0.01246502162299669,0.8049082585497838
2024-07-15,TCS,TCS,4235.7001953125,0.06226683051613706,0.06424628022927135,4.118713930638208
2024-07-16,TCS,TCS,4172,-0.01515311267395738,-0.0150388819735152,-1.0248410526656786
2024-07-18,TCS,TCS,4160,-0.00288046286535414,-0.00287631831255992,-0.20948203171691007
2024-07-19,TCS,TCS,4317.39990234375,0.03713827232624071,0.03783651498647836,2.4492458921054685
2024-07-22,TCS,TCS,4299.9501953125,-0.00404990645243856,-0.00404171664102211,-0.2871764492298706
2024-07-23,TCS,TCS,4283,-0.0039497415137402,-0.00394195154422437,-0.28052178315333703
2024-07-24,TCS,TCS,4287.5,0.0010501138588243,0.00105066542143357,0.05165400977133822
2024-07-25,TCS,TCS,4295,0.00174774294416031,0.00174927113702623,0.09800244934028988
2024-07-26,TCS,TCS,4350,0.01272428966437407,0.01280558789289871,0.8272521653158891
2024-07-29,TCS,TCS,4415,0.0148319889553306,0.01494252873563218,0.96728155237817
2024-07-30,TCS,TCS,4391.10009765625,-0.00542804664046284,-0.00541334141421291,-0.3787360595798635
2024-07-31,TCS,TCS,4350,-0.00940394231486781,-0.00935986352900203,-0.6428829598038686
2024-08-01,TCS,TCS,4399.39990234375,0.01129230069126374,0.01135629938936781,0.7321149989065465
2024-08-02,TCS,TCS,4365,-0.00784995650029083,-0.00781922605522259,-0.539640679440459
2024-08-05,TCS,TCS,4239,-0.02929079692106545,-0.0288659793814433,-1.9641075163860184
2024-08-06,TCS,TCS,4170.9501953125,-0.01618351793364773,-0.01605326838582212,-1.093298169655413
2024-08-07,TCS,TCS,4228,0.01358519357113896,0.01367789161127244,0.8844481073086871
2024-08-08,TCS,TCS,4181,-0.01117861563356325,-0.01111636707663197,-0.7607870736017758
2024-08-09,TCS,TCS,4217,0.0085735223899949,0.00861038029179622,0.5514873065604871
2024-08-12,TCS,TCS,4230,0.00307801829376387,0.00308276025610623,0.1863820595761078
2024-08-13,TCS,TCS,4213,-0.00402701006130707,-0.00401891252955082,-0.28565527985346156
2024-08-14,TCS,TCS,4209,-9.498932084458674e-4,-9.494422027059104e-4,-0.08122062037714656
2024-08-16,TCS,TCS,4350,0.03295075531215919,0.03349964362081254,2.1710394879420956
2024-08-19,TCS,TCS,4421,0.01619006974351346,0.01632183908045977,1.0575084747699317
2024-08-20,TCS,TCS,4505,0.0188219762161951,0.01900022619316896,1.2323646564634807
2024-08-21,TCS,TCS,4518,0.00288152698551036,0.00288568257491675,0.17332775074948298
2024-08-22,TCS,TCS,4560,0.00925320548048317,0.00929614873837981,0.5966434666284993
2024-08-23,TCS,TCS,4500,-0.01324522675002068,-0.0131578947368421,-0.8980866823150745
2024-08-26,TCS,TCS,4489,-0.00244743697647903,-0.00244444444444444,-0.18071305596147277
2024-08-27,TCS,TCS,4505,0.00355793126050621,0.00356426821118289,0.21826607588930444
2024-08-28,TCS,TCS,4498.75,-0.00138831064919784,-0.0013873473917869,-0.1103477950976224
2024-08-29,TCS,TCS,4460,-0.00865081437913072,-0.00861350375104195,-0.5928473386537161
2024-08-30,TCS,TCS,4500,0.00892863074430139,0.00896860986547085,0.575079668814244
2024-09-02,TCS,TCS,4576,0.01674785730122276,0.01688888888888888,1.0945662515372958
2024-09-03,TCS,TCS,4521.0498046875,-0.01208102952676938,-0.01200834687773164,-0.8207408178974308
2024-09-04,TCS,TCS,4476.9501953125,-0.00980216992100992,-0.00975428523907805,-0.6693400392547288
2024-09-05,TCS,TCS,4481,9.041811742885696e-4,9.0459006931555e-4,0.0419586682890062
2024-09-06,TCS,TCS,4473.9501953125,-0.00157450482473946,-0.00157326594231198,-0.12271799249130626
2024-09-09,TCS,TCS,4455,-0.00424467005649386,-0.00423567417723038,-0.30011597443392685
2024-09-10,TCS,TCS,4442.4501953125,-0.0028209908984288,-0.00281701564253647,-0.20553088787410717
2024-09-11,TCS,TCS,4521.4501953125,0.01762671203266213,0.01778297933049597,1.15295479391062
2024-09-12,TCS,TCS,4510.25,-0.00248019770623052,-0.00247712455709708,-0.1828895831949817
2024-09-13,TCS,TCS,4530,0.0043693551441673,0.00437891469430741,0.2721747096134217
2024-09-16,TCS,TCS,4527,-6.624710411211407e-4,-6.622516556291391e-4,-0.06212513076376418
2024-09-17,TCS,TCS,4513.25,-0.00304195361919111,-0.0030373315661586,-0.22021100589887457
2024-09-18,TCS,TCS,4497.0498046875,-0.00359593201566068,-0.00358947439483742,-0.2570157131150417
2024-09-19,TCS,TCS,4390.0498046875,-0.02408101076492296,-0.02379337669075146,-1.617984535133265
2024-09-20,TCS,TCS,4316.89990234375,-0.01680304260527035,-0.016662658875907,-1.1344575800179346
2024-09-23,TCS,TCS,4300,-0.00392250674925973,-0.00391482376845815,-0.2787123849183281
2024-09-24,TCS,TCS,4251.64990234375,-0.01130790278191931,-0.01124420875726744,-0.7693765342601377
2024-09-25,TCS,TCS,4252.35009765625,1.6467434479820373e-4,1.646879043624953e-4,-0.00717200633152354
2024-09-26,TCS,TCS,4260,0.00179736601888336,0.0017989822493605,0.10129926154088674
2024-09-27,TCS,TCS,4335,0.0174524499512262,0.0176056338028169,1.1413773300113006
2024-09-30,TCS,TCS,4286.89990234375,-0.01115777200431712,-0.01109575493800461,-0.7594022837316019
2024-10-01,TCS,TCS,4255.5498046875,-0.00733987075763675,-0.00731299968984817,-0.5057520719908435
2024-10-03,TCS,TCS,4262.60009765625,0.00165535818446921,0.00165672904614677,0.09186467564128632
2024-10-04,TCS,TCS,4225,-0.00886006484588345,-0.00882093013532375,-0.6067493287182399
2024-10-07,TCS,TCS,4273.89990234375,0.01150747567873627,0.01157394138313609,0.7464105968299293
2024-10-08,TCS,TCS,4272.60009765625,-3.0417239747769004e-4,-3.0412614174403203e-4,-0.03832081500111597
2024-10-09,TCS,TCS,4260,-0.00295340380911658,-0.00294904680247557,-0.2143280150555315
2024-10-10,TCS,TCS,4253.25,-0.00158576370116905,-0.00158450704225352,-0.12346599936885702
2024-10-11,TCS,TCS,4143,-0.02626323348484523,-0.02592135425850819,-1.7629650412307076
2024-10-14,TCS,TCS,4140,-7.243752580417329e-4,-7.24112961622013e-4,-0.0662378661948356
2024-10-15,TCS,TCS,4131.0498046875,-0.00216422316811193,-0.00216188292572463,-0.16189715743013128
2024-10-16,TCS,TCS,4085,-0.0112098363571448,-0.01114724025724582,-0.7628612873216943
2024-10-17,TCS,TCS,4112.7998046875,0.00678228595825357,0.00680533774479804,0.4324827878909691
2024-10-18,TCS,TCS,4090,-0.0055590442155094,-0.005543621321299,-0.3874391559936265
2024-10-21,TCS,TCS,4132.60009765625,0.01036180242336122,0.01041567179859413,0.6702954107537357
2024-10-22,TCS,TCS,4066,-0.01624705727191672,-0.01611578572386459,-1.097519537774824
2024-10-23,TCS,TCS,3999.60009765625,-0.0164653346700938,-0.01633052197337678,-1.1120212508073386
2024-10-24,TCS,TCS,4004,0.00109948091691296,0.0011000855676367,0.05493381297423517
2024-10-25,TCS,TCS,4057.05004882812,0.01316225910838581,0.01324926294408591,0.8563495764409552
2024-10-28,TCS,TCS,4068.94995117188,0.00292884835106014,0.00293314161781102,0.17647164411288524
2024-10-29,TCS,TCS,4095.85009765625,0.0065893209031988,0.00661107824062141,0.4196627530313021
2024-10-30,TCS,TCS,4075,-0.00510354312279281,-0.00509054217296208,-0.3571769933155927
2024-10-31,TCS,TCS,4070,-0.0012277472383224,-0.00122699386503067,-0.09968043087446787
2024-11-01,TCS,TCS,3989.85009765625,-0.01988933876819501,-0.01969285069871007,-1.339502086054125
2024-11-04,TCS,TCS,3966.30004882812,-0.00591997817353695,-0.0059024896303658,-0.4114185543496525
2024-11-05,TCS,TCS,3941.10009765625,-0.0063737855724046,-0.00635351608845517,-0.4415681929534246
2024-11-06,TCS,TCS,4003.60009765625,0.01573408381446906,0.01585851626482879,1.0272141009818494
2024-11-07,TCS,TCS,4169.7001953125,0.04065015686274762,0.04148768448514295,2.682565247096279
2024-11-08,TCS,TCS,4155,-0.00353170931017223,-0.0035254801601865,-0.25274894407279014
2024-11-11,TCS,TCS,4128.2001953125,-0.00647090437761015,-0.00645001316185318,-0.4480204828144614
2024-11-12,TCS,TCS,4216,0.02104528730925987,0.02126830108365266,1.380074954107192
2024-11-13,TCS,TCS,4178.10009765625,-0.00903019012067906,-0.00898954040411527,-0.6180519552625701
2024-11-14,TCS,TCS,4135,-0.0103692926427275,-0.01031571686863784,-0.7070180170630175
2024-11-18,TCS,TCS,4213,0.01868765452122476,0.018863361547763,1.2234407152273814
2024-11-19,TCS,TCS,4019.89990234375,-0.0469179805904479,-0.04583434551536909,-3.135206133465155
2024-11-21,TCS,TCS,4044.89990234375,0.00619980177651292,0.00621906032670716,0.3937842395294519
2024-11-22,TCS,TCS,4071,0.00643186533789722,0.00645259420168265,0.4092018649941288
2024-11-25,TCS,TCS,4280,0.05006434007286362,0.05133873741095553,3.308016093078343
2024-11-26,TCS,TCS,4321.0498046875,0.00954537348441116,0.00959107586156542,0.61605425576943
2024-11-27,TCS,TCS,4358.9501953125,0.00873286439882506,0.00877110710084513,0.5620735243978678
2024-11-28,TCS,TCS,4319,-0.00920735349837762,-0.00916509561303576,-0.6298221728146927
2024-11-29,TCS,TCS,4220,-0.02318876593064365,-0.02292197267886085,-1.5587063934222063
2024-12-02,TCS,TCS,4270,0.0117786991926127,0.01184834123222748,0.7644298952032557
2024-12-03,TCS,TCS,4314.35009765625,0.01033287127143252,0.01038643973214285,0.6683733094895926
2024-12-04,TCS,TCS,4313.5498046875,-1.8551280847099033e-4,-1.854956020339553e-4,-0.03043741835674474
2024-12-05,TCS,TCS,4400.7998046875,0.02002511249448033,0.02022696014896735,1.312297518007603
2024-12-06,TCS,TCS,4453,0.01179172814159029,0.01186152463852118,0.7652955005328325
2024-12-09,TCS,TCS,4430.4501953125,-0.0050768232218721,-0.00506395793566135,-0.35540180111225217
2024-12-10,TCS,TCS,4426.14990234375,-9.710934804039906e-4,-9.70622121720224e-4,-0.08262910454781891
2024-12-11,TCS,TCS,4431.85009765625,0.00128701650470135,0.00128784506586223,0.06739312988108637
2024-12-12,TCS,TCS,4430.0498046875,-4.062995550288224e-4,-4.062170265420465e-4,-0.04510584516915667
2024-12-13,TCS,TCS,4434.9501953125,0.00110555919326116,0.00110617054910191,0.05533763590812617
2024-12-16,TCS,TCS,4459,0.00540813986511652,0.00542279025205724,0.3411885335437639
2024-12-17,TCS,TCS,4410,-0.01104983618658493,-0.01098901098901099,-0.7522313431406197
2024-12-18,TCS,TCS,4311.7001953125,-0.02254238625799355,-0.02229020514455782,-1.5157628151997011
2024-12-19,TCS,TCS,4282,-0.00691211303327001,-0.00688827932535495,-0.4773330977039343
2024-12-20,TCS,TCS,4329,0.01091637829235255,0.01097617935544138,0.7071398122998149
2024-12-23,TCS,TCS,4200.0498046875,-0.03024018498190088,-0.0297875249047124,-2.0271820872289488
2024-12-24,TCS,TCS,4158.2998046875,-0.00999009354197805,-0.00994035831513344,-0.6818251359531053
2024-12-26,TCS,TCS,4179.5,0.00508533222110927,0.00509828446919623,0.31974213617422304
2024-12-27,TCS,TCS,4163,-0.00395565394423539,-0.00394784065079555,-0.28091458777297185
2024-12-30,TCS,TCS,4151,-0.00288669914193667,-0.00288253663223636,-0.20989635172505844
2024-12-31,TCS,TCS,4135,-0.00386194059524711,-0.00385449289327872,-0.2746885464801331
2025-01-01,TCS,TCS,4094.39990234375,-0.00986716590344236,-0.00981864514056832,-0.6736581825594101
2025-01-02,TCS,TCS,4120,0.00623300078922284,0.00625246636060043,0.3959898850030679
2025-01-03,TCS,TCS,4179.9501953125,0.01444616810723624,0.01455101827973301,0.9416487417081127
2025-01-06,TCS,TCS,4105.5,-0.01797179330196485,-0.01781126373132156,-1.2121059639164131
2025-01-07,TCS,TCS,4114.9501953125,0.00229919268434355,0.0023018378547071,0.13463916001568613
2025-01-08,TCS,TCS,4034.89990234375,-0.01964523678659739,-0.01945352657243298,-1.323284663098931
2025-01-09,TCS,TCS,4101,0.01624935234546956,0.01638209106943507,1.0614470377570653
2025-01-10,TCS,TCS,4200,0.02385367887940033,0.02414045354791514,1.5666562903941037
2025-01-13,TCS,TCS,4245,0.01065729447398797,0.01071428571428571,0.6899270398521463
2025-01-14,TCS,TCS,4302,0.01333821108222758,0.01342756183745583,0.8680393118577565
2025-01-15,TCS,TCS,4218,-0.0197189487889555,-0.01952580195258019,-1.3281818733193966
2025-01-16,TCS,TCS,4260,0.00990807822469629,0.00995732574679943,0.6401512997285146
2025-01-17,TCS,TCS,4159.89990234375,-0.02377814823419876,-0.02349767550616197,-1.5978632328566982
2025-01-20,TCS,TCS,4145.7998046875,-0.00339528557473912,-0.00338952811059366,-0.243685349405652
2025-01-21,TCS,TCS,4095.30004882812,-0.01225573985447126,-0.01218094414551369,-0.8323480619699192
2025-01-22,TCS,TCS,4050,-0.01112310549942224,-0.01106147248992969,-0.757099142361839
2025-01-23,TCS,TCS,4168,0.02871942333261794,0.0291358024691358,1.889922145399701
2025-01-24,TCS,TCS,4104,-0.01547419658259736,-0.01535508637236084,-1.046172930090192
2025-01-27,TCS,TCS,4102,-4.8744821827955586e-4,-4.873294346978557e-4,-0.05049712542658216
2025-01-28,TCS,TCS,4070.80004882812,-0.00763510731982607,-0.00760603392781082,-0.5253667271834174
2025-01-29,TCS,TCS,4054,-0.00413550430055446,-0.00412696487830599,-0.29286332033949597
2025-01-30,TCS,TCS,4099.89990234375,0.01125851131992581,0.01132212687314997,0.7298701317293497
2025-01-31,TCS,TCS,4110,0.00246046915840923,0.00246349859675261,0.14535389807527668
2025-02-01,TCS,TCS,4113,7.29660740143868e-4,7.2992700729927e-4,0.03036404019002578
2025-02-03,TCS,TCS,4030.89990234375,-0.02016303738790021,-0.01996112269784828,-1.357685823232173
2025-02-04,TCS,TCS,4083.69995117188,0.01301377639236131,0.01309882411057382,0.8464848183118118
2025-02-05,TCS,TCS,4150,0.01610490598985885,0.01623528898324035,1.051850443628892
2025-02-06,TCS,TCS,4105.39990234375,-0.01080517772893377,-0.01074701148343373,-0.735976949541167
2025-02-07,TCS,TCS,4090,-0.0037581864589627,-0.00375113331467618,-0.26779542459532707
2025-02-10,TCS,TCS,4040,-0.01230027808165167,-0.01222493887530562,-0.8353070517459626
2025-02-11,TCS,TCS,4018.39990234375,-0.00536090282163316,-0.00534655882580445,-0.3742752202959664
2025-02-12,TCS,TCS,3971.10009765625,-0.01184063015399025,-0.01177080575278537,-0.8047693854616674
2025-02-13,TCS,TCS,3968,-7.809695748088871e-4,-7.806646974423241e-4,-0.06999782736297577
2025-02-14,TCS,TCS,3925,-0.01089583818825463,-0.01083669354838709,-0.7420001657579939
2025-02-17,TCS,TCS,3856.5,-0.01760631484245496,-0.01745222929936306,-1.1878246421504366
2025-02-18,TCS,TCS,3898.39990234375,0.01080615110490112,0.01086474843608194,0.699816639794776
2025-02-19,TCS,TCS,3872.19995117188,-0.00674337913380694,-0.00672069357382201,-0.4661229100743132
2025-02-20,TCS,TCS,3761.5,-0.02900499434487174,-0.02858838711011755,-1.945119627678676
2025-02-21,TCS,TCS,3776.10009765625,0.00387394282696178,0.00388145624252293,0.23926096170875277
2025-02-24,TCS,TCS,3743.14990234375,-0.00876428000880111,-0.00872598566254944,-0.6003856638045353
2025-02-25,TCS,TCS,3625,-0.03207318852966181,-0.03156429889964363,-2.148961491139771
2025-02-27,TCS,TCS,3611.69995117188,-0.00367572619911339,-0.00366897898706758,-0.2623170056893482
2025-02-28,TCS,TCS,3584.94995117188,-0.00743404877490335,-0.00740648458112376,-0.5120089844874063
2025-03-03,TCS,TCS,3485,-0.02827646912013419,-0.02788043139603873,-1.89671853881504
2025-03-04,TCS,TCS,3474,-0.00316137639357403,-0.00315638450502152,-0.22814510635137655
2025-03-05,TCS,TCS,3520.85009765625,0.01339579764943072,0.01348592333225388,0.8718651952477998
2025-03-06,TCS,TCS,3557,0.01021502749797429,0.01026737899685481,0.6605441132483335
2025-03-07,TCS,TCS,3600,0.01201635249574613,0.01208883890919314,0.7802188867894307
2025-03-10,TCS,TCS,3606.5,0.00180392749952601,0.00180555555555555,0.1017351871572934
2025-03-11,TCS,TCS,3558,-0.01353918371794691,-0.01344794121724663,-0.917616325000828
2025-03-12,TCS,TCS,3565,0.00196546462261593,0.00196739741427768,0.11246724197703982
2025-03-13,TCS,TCS,3502.30004882812,-0.01774414439583997,-0.01758764408748387,-1.1969816352577465
2025-03-17,TCS,TCS,3489,-0.00380474726578226,-0.00379751838583054,-0.2708887886572897
2025-03-18,TCS,TCS,3497.69995117188,0.00249043346051608,0.00249353716591573,0.14734463882077756
2025-03-19,TCS,TCS,3547,0.01399658012633161,0.01409499085580578,0.9117794289144112
2025-03-20,TCS,TCS,3512,-0.00991650001861454,-0.00986749365661122,-0.6769357971311198
2025-03-21,TCS,TCS,3475,-0.0105911967561148,-0.01053530751708428,-0.7217606784652143
2025-03-24,TCS,TCS,3600,0.03533936644530886,0.03597122302158273,2.3297318376241485
2025-03-25,TCS,TCS,3645,0.01242251999855711,0.0125,0.8072034697929327
2025-03-26,TCS,TCS,3647.75,7.541737013731778e-4,7.544581618655693e-4,0.03199260976384954
2025-03-27,TCS,TCS,3614.85009765625,-0.00906015117279321,-0.00901923167534781,-0.6200424800880451
2025-03-28,TCS,TCS,3651,0.00995071468429821,0.01000038766951592,0.6429839416192145
2025-04-01,TCS,TCS,3572.69995117188,-0.02167950388058529,-0.02144619250290879,-1.4584354293938788
2025-04-02,TCS,TCS,3544,-0.00806556605008006,-0.00803312664486871,-0.5539651484153758
2025-04-03,TCS,TCS,3491,-0.01506780461993556,-0.01495485327313769,-1.0191734346295545
2025-04-04,TCS,TCS,3362.60009765625,-0.03747371481832136,-0.03678026420617301,-2.507756689894871
2025-04-07,TCS,TCS,3100,-0.08131240181347704,-0.07809435854096466,-5.4202710584701554
2025-04-08,TCS,TCS,3302.05004882812,0.06314139101738254,0.06517743510584516,4.1768171768952715
2025-04-09,TCS,TCS,3260.55004882812,-0.01264759472821186,-0.01256795002690166,-0.8583817556864276
2025-04-11,TCS,TCS,3289.55004882812,0.00885488436993215,0.00889420483222545,0.5701801750177146
2025-04-15,TCS,TCS,3314.39990234375,0.00752579016661917,0.00755418009964085,0.4818790366928614
2025-04-16,TCS,TCS,3248.19995117188,-0.02017560059081998,-0.01997343504779168,-1.3585204857535018
2025-04-17,TCS,TCS,3245.5,-8.315602346165247e-4,-8.312145842209987e-4,-0.0733589230915438
2025-04-21,TCS,TCS,3290.10009765625,0.01364856764259782,0.01374213454205823,0.8886584955837608
2025-04-22,TCS,TCS,3322.60009765625,0.00982964922777251,0.00987811891290232,0.6349407061612685
2025-04-23,TCS,TCS,3365,0.01268032473493466,0.01276106094551033,0.8243312637679068
2025-04-24,TCS,TCS,3401.10009765625,0.01067097432597097,0.0107281122306835,0.6908358892769677
2025-04-25,TCS,TCS,3420,0.00554161365185171,0.00555699679547044,0.350056142232349
2025-04-28,TCS,TCS,3435,0.00437637459979878,0.0043859649122807,0.2726410617509415
2025-04-29,TCS,TCS,3455,0.00580553154532049,0.00582241630276564,0.3675900765159394
2025-04-30,TCS,TCS,3472,0.00490833957847053,0.00492040520984081,0.30798326176098134
2025-05-02,TCS,TCS,3472,0,0,-0.01811248900185279
2025-05-05,TCS,TCS,3450,-0.00635656575483539,-0.00633640552995391,-0.4404241585506576
2025-05-06,TCS,TCS,3460,0.00289435802636455,0.00289855072463768,0.17418020764117165
2025-05-07,TCS,TCS,3420.60009765625,-0.01145258623672875,-0.01138725501264451,-0.7789888805668181
2025-05-08,TCS,TCS,3448,0.00797834996854263,0.00801026181415478,0.5119457885982579
2025-05-09,TCS,TCS,3399,-0.01431308208746776,-0.01421113689095127,-0.969031873128342
2025-05-12,TCS,TCS,3505,0.03070924977257453,0.03118564283612827,2.0221204043937484
2025-05-13,TCS,TCS,3620.39990234375,0.03239396951044085,0.03292436586126961,2.1340482649179533
2025-05-14,TCS,TCS,3521,-0.02783944982407877,-0.02745550354241286,-1.8676842527460544
2025-05-15,TCS,TCS,3564,0.01213846943564746,0.01221243964782732,0.7883319797328479
2025-05-16,TCS,TCS,3593.89990234375,0.00835442704156286,0.00838942265537317,0.5369312513011939
2025-05-19,TCS,TCS,3550,-0.0122903331628014,-0.01221511548363404,-0.834646340373632
2025-05-20,TCS,TCS,3531.80004882812,-0.00513993366515876,-0.00512674680898028,-0.35959467470127765
2025-05-21,TCS,TCS,3508,-0.00676159531222904,-0.00673878716209232,-0.4673331397830805
2025-05-22,TCS,TCS,3495,-0.00371269882416299,-0.00370581527936145,-0.264773358949034
2025-05-23,TCS,TCS,3477,-0.00516352266004926,-0.00515021459227467,-0.3611618586492469
2025-05-26,TCS,TCS,3521,0.01257518714719106,0.01265458728789186,0.8173462294074019
2025-05-27,TCS,TCS,3532,0.00311924256879805,0.00312411246804884,0.18912088004726824
2025-05-28,TCS,TCS,3520,-0.0034032931317078,-0.00339750849377123,-0.24421734811106585
2025-05-29,TCS,TCS,3504.69995117188,-0.00435607873025241,-0.0043466047807159,-0.307517641439637
2025-05-30,TCS,TCS,3490,-0.00420317466541747,-0.00419435368981151,-0.2973591418044965
2025-06-02,TCS,TCS,3450,-0.01152750517106738,-0.01146131805157593,-0.7839662758242018
2025-06-03,TCS,TCS,3446,-0.00116009293753048,-0.00115942028985507,-0.09518567665944902
2025-06-04,TCS,TCS,3389,-0.01667924548082356,-0.01654091700522345,-1.1262328605189356
2025-06-05,TCS,TCS,3409,0.00588410053085182,0.00590144585423428,0.3728099705175474
2025-06-06,TCS,TCS,3371.10009765625,-0.01117986358727709,-0.01111760115686418,-0.7608699840028852
2025-06-09,TCS,TCS,3400,0.00853630205362665,0.00857284017280964,0.54901449608403
2025-06-10,TCS,TCS,3440,0.01169603976319123,0.01176470588235294,0.7589382440524155
2025-06-11,TCS,TCS,3470,0.00868312257346085,0.00872093023255814,0.558768822751388
2025-06-12,TCS,TCS,3471.89990234375,5.473724536261423e-4,5.475222892651297e-4,0.01825333865910373
2025-06-13,TCS,TCS,3393.19995117188,-0.02292855185094329,-0.02266769013667203,-1.5414185297114014
2025-06-16,TCS,TCS,3440,0.01369805682385614,0.0137923050517424,0.8919464122934883
2025-06-17,TCS,TCS,3510,0.02014456609246749,0.02034883720930232,1.3202336662903762
2025-06-18,TCS,TCS,3519.10009765625,0.00258926537222847,0.00259262041488604,0.1539107424763893
2025-06-19,TCS,TCS,3450,-0.01983107180673454,-0.01963572951569955,-1.3356309992561646
2025-06-20,TCS,TCS,3425,-0.0072727593290798,-0.0072463768115942,-0.5012933846220974
2025-06-23,TCS,TCS,3415,-0.0029239786914352,-0.00291970802919708,-0.21237309614900665
2025-06-24,TCS,TCS,3434.60009765625,0.0057230059779489,0.00573941366215226,0.3621073187688575
2025-06-25,TCS,TCS,3407.30004882812,-0.00798029586149857,-0.00794853783611064,-0.5483000460485518
2025-06-26,TCS,TCS,3444.80004882812,0.01094565866320035,0.01100578154627076,0.7090851146493317
2025-06-27,TCS,TCS,3455,0.00295659541722904,0.00296097045613718,0.17831507817631073
2025-06-30,TCS,TCS,3439.89990234375,-0.00438008441357236,-0.00437050583393632,-0.30911250895025744
2025-07-01,TCS,TCS,3455,0.0043800844135724,0.00438969100407882,0.27288753094655444
2025-07-02,TCS,TCS,3487.19995117188,0.00927665072031333,0.00931981220604341,0.5982010999099793
2025-07-03,TCS,TCS,3430,-0.01653884676209809,-0.01640283091672384,-1.1169051795675715
2025-07-04,TCS,TCS,3408,-0.00643465221077919,-0.00641399416909621,-0.44561199469530755
2025-07-07,TCS,TCS,3418.30004882812,0.00301775678513941,0.00302231479698356,0.18237846088803225
2025-07-08,TCS,TCS,3405,-0.00389842615073293,-0.00389083715242598,-0.2771125402600942
2025-07-09,TCS,TCS,3410,0.00146735169394974,0.00146842878120411,0.07937407333187244
2025-07-10,TCS,TCS,3380,-0.008836581800498,-0.00879765395894428,-0.6051891837460469
2025-07-11,TCS,TCS,3299.89990234375,-0.02398357410564224,-0.02369825374445266,-1.6115111279755086
2025-07-14,TCS,TCS,3266,-0.01032614084101175,-0.01027300928724311,-0.7041511373469135
2025-07-15,TCS,TCS,3206,-0.01854194036091212,-0.01837109614206981,-1.2499848698601148
2025-07-16,TCS,TCS,3227,0.00652885888246363,0.00655021834061135,0.4156458329040237
2025-07-17,TCS,TCS,3224.10009765625,-8.990412472843485e-4,-8.986372307871088e-4,-0.07784216454954564
2025-07-18,TCS,TCS,3225,2.7907842519539174e-4,2.791173712020236e-4,4.286667455983131e-4
2025-07-21,TCS,TCS,3190,-0.01091203345098265,-0.01085271317829457,-0.7430761317284944
2025-07-22,TCS,TCS,3159.60009765625,-0.00957544858083778,-0.00952974995101881,-0.6542773353697573
2025-07-23,TCS,TCS,3159.60009765625,0,0,-0.01811248900185279
2025-07-24,TCS,TCS,3165.10009765625,0.00173921331179355,0.00174072662046055,0.0974357654697261
2025-07-25,TCS,TCS,3140,-0.007961881607547,-0.00793026978035752,-0.5470766567799249
2025-07-28,TCS,TCS,3110,-0.00960007372901923,-0.00955414012738853,-0.6559133583171297
2025-07-29,TCS,TCS,3060,-0.01620781022685331,-0.01607717041800643,-1.0949120786900215
2025-07-30,TCS,TCS,3060,0,0,-0.01811248900185279
2025-07-31,TCS,TCS,3041.69995117188,-0.00599836237268736,-0.0059804081137647,-0.4166261716836312
2025-08-01,TCS,TCS,3029.89990234375,-0.00388697014612492,-0.00387942565590132,-0.2763514367619219
2025-08-04,TCS,TCS,3009.10009765625,-0.00688852026371779,-0.00686484879299494,-0.4757656629784614
2025-08-05,TCS,TCS,3074.39990234375,0.02146866532240931,0.02170077517140795,1.4082029531682234
2025-08-06,TCS,TCS,3063,-0.00371490065353047,-0.0037080089467409,-0.26491964206354973
2025-08-07,TCS,TCS,3016,-0.01546337770492853,-0.01534443356186745,-1.0454541554456456
2025-08-08,TCS,TCS,3048.10009765625,0.01058702757785695,0.01064326845366379,0.6852587124307657
2025-08-11,TCS,TCS,3036.39990234375,-0.00384590672494393,-0.00383852069736703,-0.27362330295112297
2025-08-12,TCS,TCS,3041,0.00151383769660479,0.00151498412732106,0.08246246762354971
2025-08-13,TCS,TCS,3036.10009765625,-0.00161257946284396,-0.00161127995519565,-0.12524756028082276
2025-08-14,TCS,TCS,3034,-6.91948306043084e-4,-6.917089650210126e-4,-0.06408351418069788
2025-08-18,TCS,TCS,3046.5,0.0041115097800714,0.00411997363216875,0.25504421645146136
2025-08-19,TCS,TCS,3011.19995117188,-0.0116547365129908,-0.01158708315382241,-0.7924191547054973
2025-08-20,TCS,TCS,3010.89990234375,-9.964923720194969e-5,-9.96442723815903e-5,-0.02473289337665345
2025-08-21,TCS,TCS,3130,0.03879399959584258,0.03955631257071677,2.5592475776872075
2025-08-22,TCS,TCS,3086,-0.0141572506110928,-0.01405750798722044,-0.9586788848176174
2025-08-25,TCS,TCS,3087.30004882812,4.211844028496289e-4,4.2127311345430905e-4,0.0098697729955218
2025-08-26,TCS,TCS,3129,0.01341652634292637,0.01350693178905902,0.873242349122288
2025-08-28,TCS,TCS,3145,0.00510042546565883,0.0051134547778843,0.32074488727449835
2025-08-29,TCS,TCS,3093,-0.01667239644947125,-0.01653418124006359,-1.1257778308729371
2025-09-01,TCS,TCS,3090,-9.704027932785164e-4,-9.699321047526672e-4,-0.08258321731179483
2025-09-02,TCS,TCS,3121.10009765625,0.01001444416723026,0.01006475652305825,0.647217942394876
2025-09-03,TCS,TCS,3129.89990234375,0.00281548888193468,0.00281945609309618,0.16894037195871542
2025-09-04,TCS,TCS,3116,-0.00445089595031731,-0.00444100539232625,-0.3138170207038451
2025-09-05,TCS,TCS,3097.10009765625,-0.00608390669497423,-0.00606543720916238,-0.4223094866934554
2025-09-08,TCS,TCS,3050,-0.01532463069420742,-0.01520780606732514,-1.036236209151616
2025-09-09,TCS,TCS,3032.10009765625,-0.0058861096452678,-0.00586882044057377,-0.4091684282170592
2025-09-10,TCS,TCS,3056.39990234375,0.00798223986582442,0.00801418287815868,0.5122042220163652
2025-09-11,TCS,TCS,3139,0.02666655701993951,0.0270252912889146,1.7535357013189103
2025-09-12,TCS,TCS,3144,0.00159159670714353,0.00159286396941701,0.08762854925152595
2025-09-15,TCS,TCS,3134,-0.00318573063313098,-0.00318066157760814,-0.22976313092070716
2025-09-16,TCS,TCS,3128,-0.0019163212507644,-0.00191448627951499,-0.14542727783834855
2025-09-17,TCS,TCS,3152,0.00764334931256806,0.00767263427109974,0.4896893231134249
2025-09-18,TCS,TCS,3185,0.01041511702849401,0.01046954314720812,0.6738374774566308
2025-09-19,TCS,TCS,3170,-0.00472070113493745,-0.00470957613814756,-0.33174208942246547
2025-09-22,TCS,TCS,3095,-0.02394368175262978,-0.02365930599369085,-1.608860796514671
2025-09-23,TCS,TCS,3070,-0.00811034453745362,-0.00807754442649434,-0.5569401003771662
2025-09-24,TCS,TCS,3050,-0.00653597097978553,-0.00651465798045602,-0.45234331788867593
2025-09-25,TCS,TCS,3022,-0.00922272676877244,-0.00918032786885245,-0.6308435280145386
2025-09-26,TCS,TCS,2941,-0.02716920427868982,-0.02680344142951687,-1.8231550956197335
2025-09-29,TCS,TCS,2916,-0.00853684542544623,-0.00850051003060183,-0.5852755741249513
2025-09-30,TCS,TCS,2911,-0.00171614938292548,-0.00171467764060356,-0.13212844337896315
2025-10-01,TCS,TCS,2891,-0.00689420172927711,-0.00687049124012366,-0.476143122962104
2025-10-03,TCS,TCS,2924,0.01135007885332308,0.01141473538567969,0.7359536112994384
2025-10-06,TCS,TCS,2902,-0.00755238742553597,-0.00752393980848153,-0.5198710589232444
2025-10-07,TCS,TCS,2995,0.03154407710541646,0.03204686423156443,2.0775838949506213
2025-10-08,TCS,TCS,2975,-0.00670019256981956,-0.00667779632721202,-0.46325372085437705
2025-10-09,TCS,TCS,3034,0.01963784192874753,0.01983193277310924,1.286568392330374
2025-10-10,TCS,TCS,3050,0.00525970969297982,0.005273566249176,0.3313272662771139
2025-10-13,TCS,TCS,3027,-0.00756956057973869,-0.00754098360655737,-0.5210119931481842
2025-10-14,TCS,TCS,3021,-0.0019841276350467,-0.00198216055500495,-0.14993213603643207
2025-10-15,TCS,TCS,2971,-0.01668930592406439,-0.0165508109897385,-1.1269012469944788
2025-10-16,TCS,TCS,2969.89990234375,-3.703471483805886e-4,-3.702785783406261e-4,-0.04271727224133578
2025-10-17,TCS,TCS,2970,3.3703482518223476e-5,3.370405048702353e-5,-0.01587332802706815
2025-10-20,TCS,TCS,2985.5,0.00520528419030182,0.00521885521885521,0.32771139478479244
2025-10-21,TCS,TCS,3031.10009765625,0.0151583851563524,0.01527385619033662,0.9889663629982836
2025-10-23,TCS,TCS,3055,0.00785397046229624,0.00788489379226711,0.5036823773528679
2025-10-24,TCS,TCS,3080,0.0081500043619244,0.00818330605564648,0.5233500053169003
2025-10-27,TCS,TCS,3066.5,-0.00439275090158172,-0.00438311688311688,-0.30995403343137895
2025-10-28,TCS,TCS,3076,0.00309320555949611,0.00309799445622044,0.1873910571692475
2025-10-29,TCS,TCS,3057.89990234375,-0.00590167771878216,-0.00588429702738946,-0.41020272556740234
2025-10-30,TCS,TCS,3049.10009765625,-0.00288187678986549,-0.00287772816917758,-0.20957596873322293
2025-10-31,TCS,TCS,3035,-0.0046350726232883,-0.00462434725153441,-0.32605318111721854
2025-11-03,TCS,TCS,3046.89990234375,0.00391322373613706,0.00392089039332784,0.2418706706262743
2025-11-04,TCS,TCS,3019.60009765625,-0.00900024362347628,-0.00895986266778909,-0.6160623974229106
2025-11-06,TCS,TCS,2990.10009765625,-0.0098175403048789,-0.00976950557886697,-0.6703612026822255
2025-11-07,TCS,TCS,3001,0.00363870213898662,0.00364533025241989,0.2236322572296039
2025-11-10,TCS,TCS,2993,-0.00266933758766822,-0.00266577807397534,-0.19545548468785295
2025-11-11,TCS,TCS,3045,0.01722467229129835,0.01737387236886067,1.1262444473258857
2025-11-12,TCS,TCS,3060,0.00491401480242916,0.00492610837438423,0.30836030707089707
2025-11-13,TCS,TCS,3131.80004882812,0.02319301875598808,0.02346406824448366,1.522763960717452
2025-11-14,TCS,TCS,3090,-0.01343684381062349,-0.01334697240449978,-0.9108171603590798
2025-11-17,TCS,TCS,3106,0.00516463381684117,0.00517799352750809,0.3250107026585617
2025-11-18,TCS,TCS,3102,-0.00128865997214826,-0.00128783000643915,-0.10372729506354908
2025-11-19,TCS,TCS,3097,-0.00161316376328135,-0.00161186331399097,-0.12528637949590682
2025-11-20,TCS,TCS,3148,0.01633342956409108,0.01646754924120116,1.0670328826828517
2025-11-21,TCS,TCS,3144.80004882812,-0.00101701990302167,-0.00101650291355781,-0.08568032197561389
2025-11-24,TCS,TCS,3158,0.00418860518131522,0.00419738964860384,0.2601662098154165
2025-11-25,TCS,TCS,3145.30004882812,-0.00402962519902867,-0.00402151715385687,-0.2858290219682933
2025-11-26,TCS,TCS,3118.80004882812,-0.00846096252505399,-0.00842526931885986,-0.5802341357774481
2025-11-27,TCS,TCS,3180,0.01943286868271776,0.01962291593360584,1.2729505683225253
2025-11-28,TCS,TCS,3140,-0.01265839687192346,-0.01257861635220125,-0.8590994185757137
2025-12-01,TCS,TCS,3137.89990234375,-6.690446701143192e-4,-6.68820909633758e-4,-0.0625618634811111
2025-12-02,TCS,TCS,3131,-0.00220131290577902,-0.00219889179339224,-0.16436129131019053
2025-12-03,TCS,TCS,3140,0.00287035757589329,0.00287448099648674,0.17258568778573985
2025-12-04,TCS,TCS,3194,0.01705124987265879,0.01719745222929936,1.1147227681712015
2025-12-05,TCS,TCS,3230,0.01120808744174455,0.01127113337507827,0.7265201164850874
2025-12-08,TCS,TCS,3243,0.00401669009061583,0.00402476780185758,0.24874467312814716
2025-12-09,TCS,TCS,3230,-0.00401669009061576,-0.00400863398088189,-0.2849696511318478
2025-12-10,TCS,TCS,3225,-0.00154918698682937,-0.00154798761609907,-0.12103594926080188
2025-12-11,TCS,TCS,3205,-0.0062208598751025,-0.00620155038759689,-0.4314082561203259
2025-12-12,TCS,TCS,3197.69995117188,-0.00228030426133238,-0.00227770634262714,-0.16960924634287255
2025-12-15,TCS,TCS,3211.10009765625,0.00418180186935277,0.00419055780372988,0.2597142176321943
2025-12-16,TCS,TCS,3220,0.00276777157566304,0.00277160539163695,0.1657701734497771
2025-12-17,TCS,TCS,3200.5,-0.00607431195639594,-0.00605590062111801,-0.42167204027597754
2025-12-18,TCS,TCS,3228,0.00855570280778141,0.00859240743633807,0.5503034255458816
2025-12-19,TCS,TCS,3299,0.02175664183874201,0.02199504337050805,1.4273352721111685
2025-12-22,TCS,TCS,3310,0.00332879714252705,0.00333434374052743,0.2030430740913972
2025-12-23,TCS,TCS,3319.89990234375,0.00298644318844758,0.00299090705249244,0.18029807694982675
2025-12-24,TCS,TCS,3304.10009765625,-0.00477048147679692,-0.00475912080251148,-0.33504934999243496
2025-12-26,TCS,TCS,3313.10009765625,0.00272018536054901,0.0027238884216565,0.16260868425460476
2025-12-29,TCS,TCS,3280,-0.01004091406511879,-0.0099906723855598591,-0.685201503130395
2025-12-30,TCS,TCS,3250,-0.00918842605440625,-0.00914634146341463,-0.6285646886995068
