date,ticker,company,adj_close,log_ret,simple_ret,z_ret
2020-01-02,TCS,TCS,2179.94995117188,0.005496834782017679,-0.005481754829029925,0.34708116486103385
2020-01-03,TCS,TCS,2164,-0.007343557375182996,0.007370587417689465,-0.5059970000968252
2020-01-06,TCS,TCS,2205,0.018769147914574624,-0.018594104308390022,1.228854898346059
2020-01-07,TCS,TCS,2200.5,-0.0020429016298004754,0.002044989775051125,-0.15383690864600666
2020-01-08,TCS,TCS,2205,0.0020429016298004754,-0.0020408163265306124,0.11761193064230356
2020-01-09,TCS,TCS,2248.75,0.019646997383796716,-0.019455252918287938,1.2871766540327303
2020-01-10,TCS,TCS,2228,-0.0092701842175682,0.009313285457809694,-0.6339964623514813
2020-01-13,TCS,TCS,2217.85009765625,-0.004566019885967165,0.0045764600386996755,-0.321465518862155
2020-01-14,TCS,TCS,2195,-0.010356255651935875,0.010410067269362187,-0.7061518774588307
2020-01-15,TCS,TCS,2213,0.008167014541777817,-0.008133755083596927,0.5244801120019192
2020-01-16,TCS,TCS,2226.94995117188,0.006283853299484221,-0.0062641511833434645,0.3993683773112624
2020-01-17,TCS,TCS,2240.75,0.006177716886937468,-0.006158674027945999,0.3923169839470601
2020-01-20,TCS,TCS,2194.89990234375,-0.020674188344908195,0.020889379787793746,-1.3916452004133373
2020-01-21,TCS,TCS,2169.94995117188,-0.011432339600127683,0.011497938539271745,-0.7776437531449601
2020-01-22,TCS,TCS,2181,0.005079383909193602,-0.005066505652508023,0.3193469476977717
2020-01-23,TCS,TCS,2209.80004882812,0.013118548573617161,-0.013032875460109146,0.8534455761321218
2020-01-24,TCS,TCS,2190.94995117188,-0.008566818356301908,0.008603618556488517,-0.5872668881392888
2020-01-27,TCS,TCS,2189.69995117188,-5.70691592248096e-4,5.708544676776501e-4,-0.05602757214822312
2020-01-28,TCS,TCS,2174,-0.007195737145541337,0.007221688671517941,-0.4961762556287221
2020-01-29,TCS,TCS,2185,0.005047039848535384,-0.005034324942791762,0.3171981027423054
2020-01-30,TCS,TCS,2160,-0.011507606851480112,0.011574074074074073,-0.7826442895677307
2020-01-31,TCS,TCS,2139.39990234375,-0.009582851452740293,0.009628913992976364,-0.6547691605649172
2020-02-03,TCS,TCS,2152,0.005872272056205219,-0.005855063966658922,0.372024121197515
2020-02-04,TCS,TCS,2129,-0.010745256388196012,0.010803193987787695,-0.731995950614272
2020-02-05,TCS,TCS,2115,-0.006597573413101188,0.006619385342789598,-0.45643600369814274
2020-02-06,TCS,TCS,2145,0.014084739881739416,-0.013986013986013986,0.9176365056645094
2020-02-07,TCS,TCS,2139,-0.002801122279711521,0.002805049088359046,-0.20421087485675096
2020-02-10,TCS,TCS,2140.89990234375,8.878256556918984e-4,-8.874316551045109e-4,0.04087205538650356
2020-02-11,TCS,TCS,2163,0.01026989121496058,-0.010217335948335645,0.6641890984198838
2020-02-12,TCS,TCS,2151.10009765625,-0.005516762363022565,0.005532007718615997,-0.38463007316433145
2020-02-13,TCS,TCS,2172.94995117188,0.010106284266718113,-0.010055387379652392,0.6533195304602403
2020-02-14,TCS,TCS,2188,0.006902215685117952,-0.006878450104259597,0.4404505687861716
2020-02-17,TCS,TCS,2196.94995117188,0.004082128051569711,-0.004073807492567589,0.2530921801953328
2020-02-18,TCS,TCS,2199.94995117188,0.0013645980268650604,-0.0013636673863430145,0.07254741969966748
2020-02-19,TCS,TCS,2215.75,0.00715633599820098,-0.007130790399693106,0.4573335804348265
2020-02-20,TCS,TCS,2204.5,-0.00509022082051569,0.005103198004082559,-0.35629189844924924
2020-02-24,TCS,TCS,2156,-0.022246072769104508,0.022495361781076067,-1.4960766121414937
2020-02-25,TCS,TCS,2115.5,-0.01896346186876574,0.01914441030489246,-1.277989528129704
2020-02-26,TCS,TCS,2154,0.018035387556212257,-0.01787372330547818,1.1801060024893577
2020-02-27,TCS,TCS,2119.94995117188,-0.015934098266740193,0.016061722971005794,-1.076727455214207
2020-02-28,TCS,TCS,2068,-0.02481052382127391,0.02512086613727273,-1.6664512526451487
2020-03-02,TCS,TCS,2035,-0.01608613775162482,0.016216216216216217,-1.0868285146817398
2020-03-03,TCS,TCS,2020,-0.007398307481444988,0.007425742574257425,-0.5096344373035311
2020-03-04,TCS,TCS,2056,0.0176648361798053,-0.017509727626459144,1.1554876509361147
2020-03-05,TCS,TCS,2085.69995117188,0.014342159316631076,-0.014239800482899117,0.9347387013337088
2020-03-06,TCS,TCS,2098,0.00588000306455605,-0.005862749679752144,0.3725377468202021
2020-03-09,TCS,TCS,2075,-0.01102335629144413,0.01108433734939759,-0.7504720962205359
2020-03-11,TCS,TCS,1933,-0.07088795345646748,0.0734609415416451,-4.727701145789705
2020-03-12,TCS,TCS,1904,-0.015116263857020584,0.01523109243697479,-1.0223929248555017
2020-03-13,TCS,TCS,1687.90002441406,-0.12047176919226565,0.1280288953493897,-8.02190509389746
2020-03-16,TCS,TCS,1755,0.03898368974092126,-0.038233604322472935,2.571850037089811
2020-03-17,TCS,TCS,1730,-0.014347448408141616,0.014450867052023121,-0.9713150711349
2020-03-18,TCS,TCS,1676.80004882812,-0.03123416424527825,0.0317270691929311,-2.093219167376291
2020-03-19,TCS,TCS,1559.69995117188,-0.07239378049486422,0.07507860570762785,-4.827743897672377
2020-03-20,TCS,TCS,1630,0.0440865510491264,-0.04312886431173006,2.9108692436329804
2020-03-23,TCS,TCS,1620,-0.006153865574378692,0.006172839506172839,-0.4269573503828049
2020-03-24,TCS,TCS,1653.05004882812,0.0201959467092081,-0.019993374581459184,1.3236472444511491
2020-03-25,TCS,TCS,1700,0.02800615510866944,-0.0276176183364,1.8425346871227648
2020-03-26,TCS,TCS,1831.59997558594,0.07456163740927124,-0.07184973648181031,4.93554500359134
2020-03-27,TCS,TCS,1820,-0.0063533873827372744,0.006373612959307693,-0.44021299678829734
2020-03-30,TCS,TCS,1766,-0.030119398906935935,0.030577576443941108,-2.019157413066177
2020-03-31,TCS,TCS,1837.40002441406,0.039634439960747336,-0.038859270417626775,2.615083981705996
2020-04-01,TCS,TCS,1825.90002441406,-0.006278512610991882,0.006298263785658475,-0.4352385355646988
2020-04-03,TCS,TCS,1740,-0.048187916305085565,0.04936783012302299,-3.219576954526886
2020-04-07,TCS,TCS,1710,-0.017391742711869718,0.017543859649122806,-1.1735690962784575
2020-04-08,TCS,TCS,1760,0.028820438535491988,-0.028409090909090908,1.8966333005455525
2020-04-09,TCS,TCS,1750.44995117188,-0.005440939207662865,0.005455767999380098,-0.3795926041023495
2020-04-13,TCS,TCS,1761,0.006008959671671477,-0.00599094198076093,0.38110524728361905
2020-04-15,TCS,TCS,1785,0.013536585717533356,-0.013445378151260505,0.8812187434349996
2020-04-16,TCS,TCS,1709.94995117188,-0.04295431346589762,0.04389020203584669,-2.871871662389915
2020-04-17,TCS,TCS,1800,0.0513225631364147,-0.05002780490451111,3.391608759799154
2020-04-20,TCS,TCS,1830,0.01652930195121005,-0.01639344262295082,1.0800460721963854
2020-04-21,TCS,TCS,1765,-0.03616527646806933,0.036827195467422094,-2.4208278661387097
2020-04-22,TCS,TCS,1737.65002441406,-0.01561705066945418,0.015739634104492636,-1.0556637385313
2020-04-23,TCS,TCS,1780,0.02407972458818808,-0.02379212111569663,1.5816741073025296
2020-04-24,TCS,TCS,1840.69995117188,0.03353254322561483,-0.03297655934267583,2.2096917782716754
2020-04-27,TCS,TCS,1832.30004882812,-0.004573872577076976,0.004584348698310798,-0.3219872287321113
2020-04-28,TCS,TCS,1865,0.01768901814324675,-0.01753348588304558,1.1570942299833242
2020-04-29,TCS,TCS,1874,0.004814130720451892,-0.0048025613660619,0.30172430029487174
2020-04-30,TCS,TCS,1980,0.05502166089021365,-0.05353535353535353,3.637366014342281
2020-05-04,TCS,TCS,1966,-0.007095822981469269,0.007121057985757884,-0.4895382502861544
2020-05-05,TCS,TCS,1955.09997558594,-0.0055596911880391175,0.005575174952776152,-0.38748213895953526
2020-05-06,TCS,TCS,1939.80004882812,-0.007856430387901625,0.007887373117174143,-0.5400707856315815
2020-05-07,TCS,TCS,1910,-0.015481658090495287,0.015602119805298428,-1.046668650889659
2020-05-08,TCS,TCS,1939.09997558594,0.015120693257488327,-0.015006949591212711,0.986462223286445
2020-05-11,TCS,TCS,1909,-0.015644390572416178,0.0157674047071451,-1.0574801218600736
2020-05-12,TCS,TCS,1933.40002441406,0.012700578932284046,-0.012620266942147535,0.8256768935038089
2020-05-13,TCS,TCS,1994,0.030862547863751644,-0.030391161276800402,2.0323050819886506
2020-05-14,TCS,TCS,1910,-0.04303942948110784,0.04397905759162304,-2.877526521928111
2020-05-15,TCS,TCS,1916,0.0031364374901299286,-0.003131524008350731,0.19026326041674116
2020-05-18,TCS,TCS,1907,-0.004708352930387072,0.0047194546407970635,-0.330921710765048
2020-05-19,TCS,TCS,1903,-0.0020997383042695716,0.0021019442984760903,-0.15761297135226937
2020-05-20,TCS,TCS,1950,0.02439778426164363,-0.024102564102564103,1.6028050633711797
2020-05-21,TCS,TCS,1946,-0.0020533888118423604,0.0020554984583761563,-0.1545336464015411
2020-05-22,TCS,TCS,1977.09997558594,0.015855128486465198,-0.01573009760253682,1.0352559555763134
2020-05-26,TCS,TCS,2015,0.01898808314836753,-0.0188089451186402,1.2434003160562754
2020-05-27,TCS,TCS,1959,-0.02818505643624203,0.02858601327207759,-1.890645346993993
2020-05-28,TCS,TCS,1988.5,0.01494644670320433,-0.014835302992205179,0.9748857909657624
2020-05-29,TCS,TCS,1982,-0.0032741497578117063,0.003279515640766902,-0.23563743940807003
2020-06-01,TCS,TCS,1990,0.004028202828604499,-0.004020100502512563,0.24950954582650545
2020-06-02,TCS,TCS,2060.19995117188,0.03466840303038499,-0.03407433881936992,2.285154987341878
2020-06-03,TCS,TCS,2051.85009765625,-0.004061168951117189,0.00406942667262473,-0.2879246967590439
2020-06-04,TCS,TCS,2046.75,-0.00248870354124886,0.002491802934530353,-0.18345468603917808
2020-06-05,TCS,TCS,2091.60009765625,0.021676200747152485,-0.02144296020377267,1.421991000848998
2020-06-08,TCS,TCS,2078.25,-0.006403176592511883,0.006423720753638879,-0.44352084651669793
2020-06-09,TCS,TCS,2063.10009765625,-0.00731644008258403,0.0073432706250951135,-0.5041954063506329
2020-06-10,TCS,TCS,2077.05004882812,0.0067388879486172115,-0.006716232562494397,0.42959955083948453
2020-06-11,TCS,TCS,2100,0.010988703434283487,-0.010928548177085716,0.7119448835626697
2020-06-12,TCS,TCS,2011.19995117188,-0.04320581015363434,0.0441527699801197,-2.8885803680307407
2020-06-15,TCS,TCS,2039.09997558594,0.013776987489863224,-0.013682519125156119,0.8971903352899213
2020-06-16,TCS,TCS,2065,0.012621704347389517,-0.012542384704145279,0.8204366963727886
2020-06-17,TCS,TCS,2046,-0.00924355888356132,0.009286412512218964,-0.632227552897794
2020-06-18,TCS,TCS,2045,-4.888780346696819e-4,4.889975550122249e-4,-0.0505921182529205
2020-06-19,TCS,TCS,2042,-0.001468069752291079,0.0014691478942213516,-0.11564675703528132
2020-06-22,TCS,TCS,2050,0.0039100734078427735,-0.003902439024390244,0.2416613720124018
2020-06-23,TCS,TCS,2027,-0.011282925680453637,0.011346817957572768,-0.7677171285641688
2020-06-24,TCS,TCS,2034,0.0034474301565055043,-0.00344149459193707,0.21092470516846584
2020-06-25,TCS,TCS,2035,4.91521268189743e-4,-4.914004914004914e-4,0.01454274896688876
2020-06-26,TCS,TCS,2025,-0.004926118336055829,0.0049382716049382715,-0.34538940851019445
2020-06-29,TCS,TCS,2108,0.040169930120613984,-0.03937381404174573,2.6506603844621788
2020-06-30,TCS,TCS,2100,-0.0038022859497388595,0.0038095238095238095,-0.2707252660056268
2020-07-01,TCS,TCS,2079.69995117188,-0.009713715666083367,0.009761046932121733,-0.6634633968164243
2020-07-02,TCS,TCS,2102,0.010665643391465807,-0.010608967092350142,0.6904817175530965
2020-07-03,TCS,TCS,2163.64990234375,0.028907292790488093,-0.028493474049091038,1.9024036436600205
2020-07-06,TCS,TCS,2205,0.018930943653561627,-0.018752878755668934,1.2396041348509423
2020-07-07,TCS,TCS,2275,0.031252543504104224,-0.03076923076923077,2.058215253667242
2020-07-08,TCS,TCS,2270,-0.0022002209096028125,0.0022026431718061676,-0.16428874227250764
2020-07-09,TCS,TCS,2229,-0.01822677708957876,0.018393898609241812,-1.2290463422918738
2020-07-10,TCS,TCS,2205.25,-0.010712173246992585,0.010769753996145562,-0.7297980033052643
2020-07-13,TCS,TCS,2220,0.006666314727448608,-0.006644144144144144,0.42477799791635623
2020-07-14,TCS,TCS,2210,-0.0045146803545268455,0.004524886877828055,-0.3180546702888117
2020-07-15,TCS,TCS,2185,-0.01137668698210792,0.011441647597254004,-0.7739463556921176
2020-07-16,TCS,TCS,2244,0.026644159112896304,-0.026292335115864526,1.7520476497699085
2020-07-17,TCS,TCS,2237,-0.0031243051524567633,0.0031291908806437194,-0.22568220132812375
2020-07-20,TCS,TCS,2201,-0.016223879963668253,0.01635620172648796,-1.0959797050853346
2020-07-21,TCS,TCS,2230,0.01308978292770302,-0.013004484304932735,0.8515344706043654
2020-07-22,TCS,TCS,2231,4.4832997836774524e-4,-4.4822949350067237e-4,0.01167324577629309
2020-07-23,TCS,TCS,2190.94995117188,-0.018114698013588004,0.01827976435824027,-1.2216001357191628
2020-07-24,TCS,TCS,2154.5,-0.016776539363052123,0.016918055777154793,-1.1326967819862075
2020-07-27,TCS,TCS,2165,0.004861683380697812,-0.004849884526558892,0.30488356020258917
2020-07-28,TCS,TCS,2215,0.022832042042645995,-0.022573363431151242,1.49878172182314
2020-07-29,TCS,TCS,2292,0.034172395355393625,-0.033595113438045374,2.252201685604226
2020-07-30,TCS,TCS,2285.89990234375,-0.002665021689766789,0.002668576016821876,-0.19516874903236817
2020-07-31,TCS,TCS,2303.14990234375,0.0075179315895814725,-0.007489742627019594,0.481356935779058
2020-08-03,TCS,TCS,2290.44995117188,-0.005529425258957943,0.00554474074640759,-0.3854713589985387
2020-08-04,TCS,TCS,2259.94995117188,-0.013405615953538508,0.013495874094107463,-0.9087424727099872
2020-08-05,TCS,TCS,2260,2.2145744383195165e-5,-2.214549916814061e-5,-0.01664119040373528
2020-08-06,TCS,TCS,2275,0.006615239118719529,-0.006593406593406593,0.4213846835973171
2020-08-07,TCS,TCS,2308,0.014401296242939843,-0.014298093587521665,0.9386675860561728
2020-08-10,TCS,TCS,2318,0.0043233962717064145,-0.004314063848144953,0.2691213363128133
2020-08-11,TCS,TCS,2283,-0.015214377369901833,0.015330705212439772,-1.028911300190276
2020-08-12,TCS,TCS,2288.35009765625,0.0023407089742359943,-0.0023379716511602055,0.13739738110142266
2020-08-13,TCS,TCS,2273,-0.006730531651488292,0.006753232580840299,-0.46526936085971704
2020-08-14,TCS,TCS,2277,0.0017582422111965812,-0.001756697408871322,0.09869998998755694
2020-08-17,TCS,TCS,2263,-0.006167420430202242,0.0061864781263809105,-0.4278578954277721
2020-08-18,TCS,TCS,2262.80004882812,-8.836058590855345e-5,8.836448982028032e-5,-0.02398290834409853
2020-08-19,TCS,TCS,2276.35009765625,0.0059703198351233056,-0.005952532891175769,0.3785381293597059
2020-08-20,TCS,TCS,2257,-0.008536828065216717,0.00857337069395215,-0.585274420761967
2020-08-21,TCS,TCS,2260,0.0013283154487959692,-0.001327433628318584,0.07013691114660092
2020-08-24,TCS,TCS,2250.60009765625,-0.0041679225592288205,0.004176620428275531,-0.2950170947945641
2020-08-25,TCS,TCS,2245,-0.002491369530747356,0.002494475570712695,-0.18363180659764416
2020-08-26,TCS,TCS,2242,-0.0013371965442496858,0.0013380909901873326,-0.10695192320219953
2020-08-27,TCS,TCS,2266,0.010647837955846562,-0.01059135039717564,0.6892987763969242
2020-08-28,TCS,TCS,2268.39990234375,0.0010585315012017205,-0.0010579714543588101,0.05221325335398592
2020-08-31,TCS,TCS,2240,-0.012598828240068194,0.01267852783203125,-0.8551418525971807
2020-09-01,TCS,TCS,2269,0.012863339930755835,-0.012780960775672102,0.8364902590306166
2020-09-02,TCS,TCS,2247,-0.009743212594512052,0.009790832220738763,-0.6654230866193682
2020-09-03,TCS,TCS,2268,0.009302392662313252,-0.009259259259259259,0.5999113193779695
2020-09-04,TCS,TCS,2275,0.0030816665374082675,-0.003076923076923077,0.18662443823208988
2020-09-07,TCS,TCS,2289,0.006134988567516153,-0.0061162079510703364,0.38947823915817953
2020-09-08,TCS,TCS,2335.94995117188,0.020303598753994123,-0.02009886862016309,1.3307993319961309
2020-09-09,TCS,TCS,2325,-0.004698600685104637,0.004709656418012904,-0.33027380006202944
2020-09-10,TCS,TCS,2335,0.004291852081541592,-0.004282655246252677,0.2670256324174646
2020-09-11,TCS,TCS,2330.94995117188,-0.0017360022664796304,0.0017375099907588512,-0.1334474109980262
2020-09-14,TCS,TCS,2384.10009765625,0.022545846739197906,-0.02229358848507267,1.4797677414637085
2020-09-15,TCS,TCS,2491.39990234375,0.04402302667893654,-0.04306807774478886,2.906648869949047
2020-09-16,TCS,TCS,2488.94995117188,-9.838470957062029e-4,9.843312320187393e-4,-0.0834764175118681
2020-09-17,TCS,TCS,2480,-0.0036023549999191218,0.0036088512789838718,-0.25744243743603556
2020-09-18,TCS,TCS,2485,0.0020140993717019384,-0.002012072434607646,0.1156983927078658
2020-09-21,TCS,TCS,2465,-0.008080852053939047,0.008113590263691683,-0.5549807058813465
2020-09-22,TCS,TCS,2485,0.008080852053939047,-0.008048289738430584,0.518755727877641
2020-09-23,TCS,TCS,2510,0.010010093595099967,-0.0099601593625498,0.6469289030848921
2020-09-24,TCS,TCS,2450,-0.024194728587056957,0.024489795918367346,-1.6255396152150363
2020-09-25,TCS,TCS,2368,-0.03404230753487614,0.03462837837837838,-2.279784008628849
2020-09-28,TCS,TCS,2440,0.029952322283350874,-0.029508196721311476,1.9718323520034975
2020-09-29,TCS,TCS,2434.85009765625,-0.0021128462030208794,0.002115079835389956,-0.15848382187430549
2020-09-30,TCS,TCS,2489,0.021995830283366047,-0.021755685955705102,1.4432262540157956
2020-10-01,TCS,TCS,2510,0.008401729758237053,-0.008366533864541833,0.5400739056877809
2020-10-05,TCS,TCS,2620,0.042891564629313095,-0.04198473282442748,2.831477834890687
2020-10-06,TCS,TCS,2736,0.043322681987298495,-0.04239766081871345,2.8601200134261453
2020-10-07,TCS,TCS,2742,0.0021905813798186458,-0.002188183807439825,0.12742334205441047
2020-10-08,TCS,TCS,2800,0.020931836041035545,-0.020714285714285713,1.3725375830889253
2020-10-09,TCS,TCS,2810,0.0035650661644961446,-0.0035587188612099642,0.2187400980786861
2020-10-12,TCS,TCS,2815.5,0.0019553823668818637,-0.0019534718522464926,0.11179740634312572
2020-10-13,TCS,TCS,2845,0.01042320186575818,-0.010369068541300527,0.6743746104392415
2020-10-14,TCS,TCS,2842,-0.0010550379033853474,0.001055594651653765,-0.08820612691899592
2020-10-15,TCS,TCS,2811,-0.010967737750513962,0.011028103877623622,-0.7467769627500632
2020-10-16,TCS,TCS,2750.10009765625,-0.02190298176062111,0.022144612989051356,-1.473282647257255
2020-10-19,TCS,TCS,2774,0.008653011728865678,-0.008615682171503245,0.5567683461508195
2020-10-20,TCS,TCS,2725,-0.017821893777432152,0.01798165137614679,-1.2021470771666447
2020-10-21,TCS,TCS,2739,0.00512446216573359,-0.00511135450894487,0.3223418154477548
2020-10-22,TCS,TCS,2661,-0.028890898285388822,0.029312288613303268,-1.9375394186117825
2020-10-23,TCS,TCS,2687.80004882812,0.01002104130184911,-0.009970997969065747,0.6476562367573829
2020-10-26,TCS,TCS,2689.94995117188,7.99554630949828e-4,-7.99235072319244e-4,0.03500758622662927
2020-10-27,TCS,TCS,2699.75,0.003636588202381219,-0.003629983823731826,0.22349181345358823
2020-10-28,TCS,TCS,2650,-0.018599536132601457,0.018773584905660376,-1.253811364769331
2020-10-29,TCS,TCS,2608,-0.015975995933724008,0.016104294478527608,-1.0795110138804396
2020-10-30,TCS,TCS,2636.10009765625,0.010716945169092718,-0.010659723309154203,0.6938900578733955
2020-11-02,TCS,TCS,2660,0.009025533560108379,-0.008984925693139098,0.5815176089702228
2020-11-03,TCS,TCS,2604,-0.02127739844728538,0.021505376344086023,-1.4317207184286729
2020-11-04,TCS,TCS,2610,0.0023014969882790837,-0.0022988505747126436,0.134792251241315
2020-11-05,TCS,TCS,2685,0.028330506626226715,-0.027932960893854747,1.8640836549432989
2020-11-06,TCS,TCS,2699,0.00520060607503936,-0.005187106335679882,0.32740059446542363
2020-11-09,TCS,TCS,2731.10009765625,0.011823160166387403,-0.011753541250208062,0.7673837524885742
2020-11-10,TCS,TCS,2697.19995117188,-0.012490314427227922,0.012568644185849498,-0.8479325116987968
2020-11-11,TCS,TCS,2667.94995117188,-0.010903810828680527,0.01096347402887079,-0.7425298447102283
2020-11-12,TCS,TCS,2686,0.006742729154699312,-0.0067200479628145935,0.4298547493564055
2020-11-13,TCS,TCS,2655.75,-0.011325997423059952,0.011390379365527628,-0.7705786893867852
2020-11-14,TCS,TCS,2677.94995117188,0.008324457533562146,-0.008289905179954997,0.5349401646913234
2020-11-17,TCS,TCS,2695,0.006346646149411939,-0.006326548730285713,0.4035401509248128
2020-11-18,TCS,TCS,2661,-0.012696212365407966,0.012777151446824501,-0.8616117695533265
2020-11-19,TCS,TCS,2637,-0.009060084624402442,0.009101251422070534,-0.6200380588072647
2020-11-20,TCS,TCS,2655,0.006802747322752545,-0.006779661016949152,0.4338421812074412
2020-11-23,TCS,TCS,2690,0.013096538919845635,-0.013011152416356878,0.851983318996924
2020-11-24,TCS,TCS,2734.39990234375,0.016370804051481613,-0.016237530693916896,1.069515934503171
2020-11-25,TCS,TCS,2729,-0.0019767559390277967,0.001978711009069256,-0.14944238207602645
2020-11-26,TCS,TCS,2686,-0.01588214362515572,0.01600893521965748,-1.0732757405187985
2020-11-27,TCS,TCS,2705,0.007048814197398556,-0.007024029574861368,0.45019014591991935
2020-12-01,TCS,TCS,2679,-0.009658321735972919,0.009705113848450915,-0.6597831858330154
2020-12-02,TCS,TCS,2719,0.014820575087862053,-0.01471129091577786,0.9665232483485048
2020-12-03,TCS,TCS,2773.89990234375,0.019990071360450834,-0.01979159460561769,1.309969487371928
2020-12-04,TCS,TCS,2710.80004882812,-0.023010424718524547,0.023277206868469732,-1.546857923990103
2020-12-07,TCS,TCS,2715,0.0015481410936386553,-0.001546943341392266,0.08474148516720156
2020-12-08,TCS,TCS,2740,0.00916596701407979,-0.009124087591240875,0.590847597629976
2020-12-09,TCS,TCS,2815,0.027004341191675607,-0.02664298401420959,1.775977095463892
2020-12-10,TCS,TCS,2818,0.0010651518848341368,-0.0010645848119233499,0.05265309231309244
2020-12-11,TCS,TCS,2792.69995117188,-0.009018561152269733,0.009059350904311623,-0.6172793605544488
2020-12-14,TCS,TCS,2802,0.003324595590596502,-0.003319075242012847,0.20276393524837016
2020-12-15,TCS,TCS,2786,-0.005726572557200882,0.00574300071787509,-0.39856924988478654
2020-12-16,TCS,TCS,2779,-0.0025157245972478037,0.0025188916876574307,-0.1852498861066188
2020-12-17,TCS,TCS,2811,0.011449141164028731,-0.011383849163998577,0.7425350219914373
2020-12-18,TCS,TCS,2868,0.02007463081297889,-0.0198744769874477,1.315587370510508
2020-12-21,TCS,TCS,2861,-0.0024437086694009125,0.002446696959105208,-0.1804653581246942
2020-12-22,TCS,TCS,2834,-0.009482072799483987,0.009527170077628794,-0.6480737210849945
2020-12-23,TCS,TCS,2876.05004882812,0.014728700673984463,-0.014620763934637987,0.9604193805353284
2020-12-24,TCS,TCS,2909,0.011391537570591304,-0.01132689968094878,0.7387080074281094
2020-12-28,TCS,TCS,2910,3.437016703360385e-4,-3.436426116838488e-4,0.00472204647292364
2020-12-29,TCS,TCS,2920,0.0034305350967898107,-0.003424657534246575,0.20980224672927225
2020-12-30,TCS,TCS,2934.39990234375,0.004919353520016045,-0.004907273317535411,0.3087149958799668
2020-12-31,TCS,TCS,2900,-0.011792232807778191,0.011862035290948276,-0.8015540070845836
2021-01-01,TCS,TCS,2880,-0.006920442844573493,0.006944444444444444,-0.4778865060464893
2021-01-04,TCS,TCS,2950,0.024014876203873214,-0.023728813559322035,1.5773657699858872
2021-01-05,TCS,TCS,3039.60009765625,0.029920789589757746,-0.02947759401815328,1.9697374119068287
2021-01-06,TCS,TCS,3100,0.019676151549614218,-0.019483839465725808,1.2891135716885522
2021-01-07,TCS,TCS,3075,-0.008097210232618224,0.008130081300813009,-0.5560674955120782
2021-01-08,TCS,TCS,3090,0.004866189651172803,-0.0048543689320388345,0.3051829436560547
2021-01-11,TCS,TCS,3230,0.044311046324910563,-0.043343653250773995,2.925784054299489
2021-01-12,TCS,TCS,3176.44995117188,-0.016717931600908287,0.016858458232078835,-1.128803053385898
2021-01-13,TCS,TCS,3175,-4.5657328900183813e-4,4.566775344503944e-4,-0.04844588527058392
2021-01-14,TCS,TCS,3155,-0.00631913635147896,0.006339144215530904,-0.4379374582738894
2021-01-15,TCS,TCS,3235,0.025040431959688192,-0.02472952086553323,1.6455007000970876
2021-01-18,TCS,TCS,3250,0.0046260683887808796,-0.004615384615384616,0.28922998806250505
2021-01-19,TCS,TCS,3233,-0.00524449759834944,0.005258274048871018,-0.36654159712822504
2021-01-20,TCS,TCS,3270,0.011379486165866481,-0.011314984709480122,0.7379073472845523
2021-01-21,TCS,TCS,3305,0.010646488394487008,-0.01059001512859304,0.6892091154805374
2021-01-22,TCS,TCS,3241.89990234375,-0.019276925746350315,0.019463925339160356,-1.29881515293906
2021-01-25,TCS,TCS,3308.94995117188,0.020471356206407165,-0.0202632405498862,1.3419446473346477
2021-01-27,TCS,TCS,3300,-0.002708435291271627,0.002712106415721213,-0.1980530219620778
2021-01-28,TCS,TCS,3230,-0.02144033123786926,0.021671826625386997,-1.4425454973218457
2021-01-29,TCS,TCS,3210.05004882812,-0.006195608678947195,0.0062148411608607314,-0.42973064037345865
2021-02-01,TCS,TCS,3100,-0.03488441706451795,0.035500015751006454,-2.335731307079278
2021-02-02,TCS,TCS,3174,0.023590510613116678,-0.023314429741650915,1.549172159152023
2021-02-03,TCS,TCS,3213,0.012212458029503992,-0.012138188608776844,0.7932475658849127
2021-02-04,TCS,TCS,3216.05004882812,9.488335084597566e-4,-9.48383508282587e-4,0.04492523900035038
2021-02-05,TCS,TCS,3198.94995117188,-0.005331297945081914,0.005345534602682881,-0.3723083587350324
2021-02-08,TCS,TCS,3189.5,-0.002958450997224915,0.002962831532177458,-0.21466333549724487
2021-02-09,TCS,TCS,3195,0.0017229231296251868,-0.0017214397496087637,0.09635349332874069
2021-02-10,TCS,TCS,3185,-0.003134798805371375,0.0031397174254317113,-0.2263793689895233
2021-02-11,TCS,TCS,3215,0.009375068665455899,-0.00933125972006221,0.604739700835359
2021-02-12,TCS,TCS,3184.19995117188,-0.009626292944318493,0.009672774731619685,-0.657655286429543
2021-02-15,TCS,TCS,3209,0.007758297382455481,-0.007728279472770333,0.4973261372639152
2021-02-16,TCS,TCS,3150,-0.01855690929017939,0.01873015873015873,-1.2509793618159104
2021-02-17,TCS,TCS,3105.10009765625,-0.014356500401268235,0.01446004989586028,-0.9719164591292064
2021-02-18,TCS,TCS,3065,-0.01299838304809775,0.013083229251631322,-0.8816871074665239
2021-02-19,TCS,TCS,3058,-0.0022864618813045468,0.002289077828646174,-0.17001834063545232
2021-02-22,TCS,TCS,3096,0.012349848220610582,-0.01227390180878553,0.8023753690452138
2021-02-23,TCS,TCS,2970,-0.041549002912872446,0.04242424242424243,-2.7785069323183103
2021-02-24,TCS,TCS,2972,6.731740409042786e-4,-6.729475100942127e-4,0.02661122881621601
2021-02-25,TCS,TCS,2974,6.727211824504309e-4,-6.724949562878278e-4,0.02658114222274812
2021-02-26,TCS,TCS,2960,-0.004718579701994408,0.00472972972972973,-0.331601147611654
2021-03-01,TCS,TCS,2926,-0.011552965738036214,0.01161995898838004,-0.7856578015566624
2021-03-02,TCS,TCS,2960,0.011552965738036214,-0.011486486486486487,0.7494328235529565
2021-03-03,TCS,TCS,3035,0.02502215617549286,-0.02471169686985173,1.6442865103548203
2021-03-04,TCS,TCS,3023,-0.003961708714140144,0.0039695666556400925,-0.28131684900741927
2021-03-05,TCS,TCS,3016.10009765625,-0.0022850773242844014,0.0022876901032269368,-0.16992635470945097
2021-03-08,TCS,TCS,3016,-3.31883273272382e-5,3.3188878066976125e-5,-0.02031742456991425
2021-03-09,TCS,TCS,3006.94995117188,-0.0030051903842913674,0.0030097104957111038,-0.2177685639093351
2021-03-10,TCS,TCS,3075,0.022378641497063256,-0.02213009717987642,1.4686591133636715
2021-03-12,TCS,TCS,3075,0,0,-0.01811248900185279
2021-03-15,TCS,TCS,3041,-0.011118492563253923,0.011180532719500164,-0.7567926723511417
2021-03-16,TCS,TCS,3060,0.006228507269060657,-0.006209150326797385,0.39569134864325434
2021-03-17,TCS,TCS,3105,0.01459879942115272,-0.014492753623188406,0.9517891205685728
2021-03-18,TCS,TCS,3125.94995117188,0.006724505984037066,-0.0067019470878048205,0.4286440551035341
2021-03-19,TCS,TCS,3030,-0.031175601848200785,0.03166665055177558,-2.0893284526984344
2021-03-22,TCS,TCS,3048.69995117188,0.0061526347121834135,-0.006133746013507163,0.3906505974885944
2021-03-23,TCS,TCS,3140,0.029507545686701775,-0.029076448671375797,1.9422826935319144
2021-03-24,TCS,TCS,3111.19995117188,-0.009214311755066262,0.009256894214488538,-0.630284459073121
2021-03-25,TCS,TCS,3112.19995117188,3.213677489135591e-4,-3.213161158310076e-4,0.00323824594178851
2021-03-26,TCS,TCS,3090.64990234375,-0.006948462736337646,0.006972659314077544,-0.4797480658459195
2021-03-30,TCS,TCS,3083,-0.002478244273659058,0.0024813176593415504,-0.18275980283835896
2021-03-31,TCS,TCS,3155,0.023085347089162767,-0.022820919175911253,1.515610569541512
2021-04-01,TCS,TCS,3191.10009765625,0.011377219553107665,-0.011312743740869878,0.7377567601506285
2021-04-05,TCS,TCS,3171,-0.006318719990073163,0.00633872521483759,-0.4379097964377483
2021-04-06,TCS,TCS,3275,0.03227087353100444,-0.0317557251908397,2.125870127446359
2021-04-07,TCS,TCS,3259,-0.004897469231790907,0.00490948143602332,-0.34348604566932633
2021-04-08,TCS,TCS,3270,0.003369585053738078,-0.003363914373088685,0.2057529038241634
2021-04-09,TCS,TCS,3354,0.02536367849185517,-0.025044722719141325,1.6669762559145864
2021-04-12,TCS,TCS,3322.25,-0.009511399171536539,0.009556776281134773,-0.6500220796202439
2021-04-13,TCS,TCS,3214,-0.03312599691416018,0.033680771624144366,-2.2189070063315035
2021-04-15,TCS,TCS,3160.30004882812,-0.016849292063373156,0.016992042003034693,-1.1375302589802352
2021-04-16,TCS,TCS,3229,0.02150551652418997,-0.02127592170079901,1.410651239420513
2021-04-19,TCS,TCS,3169,-0.01875641106735415,0.018933417481855473,-1.264233677408135
2021-04-20,TCS,TCS,3225,0.017516869538951596,-0.017364341085271316,1.1456571793345685
2021-04-22,TCS,TCS,3148,-0.024165619692578133,0.02445997458703939,-1.6236057052548811
2021-04-23,TCS,TCS,3105,-0.013753615169715516,0.013848631239935587,-0.9318625245828832
2021-04-26,TCS,TCS,3102.05004882812,-9.50516387261402e-4,9.509682711258714e-4,-0.08126202255817988
2021-04-27,TCS,TCS,3106,0.001272525728316154,-0.001271716410779138,0.0664304050065419
2021-04-28,TCS,TCS,3149.94995117188,0.014050839467957488,-0.013952587137306497,0.9153842611516748
2021-04-29,TCS,TCS,3145.60009765625,-0.0013818821783946333,0.0013828374175315634,-0.10992070626665015
2021-04-30,TCS,TCS,3099,-0.014925203210447435,0.015037140256937722,-1.0096994133351138
2021-05-03,TCS,TCS,3024.89990234375,-0.0242014780045956,0.024496710651098184,-1.6259880268100302
2021-05-04,TCS,TCS,3062.80004882812,0.012451545398128872,-0.012374345657618507,0.8091318325952944
2021-05-05,TCS,TCS,3070,0.002348015399961767,-0.0023452609680390886,0.13788279869406375
2021-05-06,TCS,TCS,3105.5,0.011497171418113794,-0.01143133150861375,0.7457260118394934
2021-05-07,TCS,TCS,3133,0.008816278952833656,-0.008777529524417491,0.56761534382158
2021-05-10,TCS,TCS,3145.94995117188,0.004124883821075898,-0.004116388173008312,0.2559327486877311
2021-05-11,TCS,TCS,3125,-0.006681612602765341,0.006703984375001601,-0.46201932209105434
2021-05-12,TCS,TCS,3120,-0.0016012813669732395,0.0016025641025641025,-0.12449694777815364
2021-05-14,TCS,TCS,3098.5,-0.006914878401365954,0.006938841374858802,-0.4775168206862029
2021-05-17,TCS,TCS,3055,-0.014138530796467208,0.014238952536824877,-0.9574351949899048
2021-05-18,TCS,TCS,3100,0.014622518867541956,-0.014516129032258065,0.953364971333246
2021-05-19,TCS,TCS,3084,-0.005174655790016303,0.005188067444876783,-0.3619015112990445
2021-05-20,TCS,TCS,3067.10009765625,-0.005494934108961402,0.005510058950036942,-0.3831798676962166
2021-05-21,TCS,TCS,3061,-0.00199086162884754,0.001992844709653708,-0.1503795229233052
2021-05-24,TCS,TCS,3081.5,0.006674831456885855,-0.006652604251176375,0.4253438245539085
2021-05-25,TCS,TCS,3092,0.00340163930501447,-0.0033958602846054335,0.20788249469053033
2021-05-26,TCS,TCS,3120,0.009014871096216126,-0.008974358974358974,0.580809226000301
2021-05-27,TCS,TCS,3161.94995117188,0.013355908621734969,-0.013267114223718986,0.869215084711287
2021-05-28,TCS,TCS,3189.5,0.008675254256747422,-0.008637732819601817,0.5582460747619701
2021-05-31,TCS,TCS,3150,-0.012461711862332692,0.01253968253968254,-0.8460322407976897
2021-06-01,TCS,TCS,3168.60009765625,0.005887427941262402,-0.00587013099886228,0.3730310339502278
2021-06-02,TCS,TCS,3150.85009765625,-0.00561759207840673,0.0056334003363737555,-0.3913289050630164
2021-06-03,TCS,TCS,3154.55004882812,0.001173581853830541,-0.0011728934759632323,0.05985686287132224
2021-06-04,TCS,TCS,3128,-0.00845204787116316,0.008487867272416879,-0.5796418722009367
2021-06-07,TCS,TCS,3145,0.005420067469339429,-0.005405405405405406,0.34198096874340433
2021-06-08,TCS,TCS,3198,0.016711724259359073,-0.01657285803627267,1.092165677733137
2021-06-09,TCS,TCS,3202,0.0012500001627611113,-0.0012492192379762648,0.06493387219878922
2021-06-10,TCS,TCS,3210,0.002495322567400038,-0.0024922118380062306,0.14766945680757218
2021-06-11,TCS,TCS,3211.55004882812,4.827647052323414e-4,-4.8264819310089955e-4,0.01396098849034803
2021-06-14,TCS,TCS,3279,0.020784796015355766,-0.020570280930734982,1.3627686730940507
2021-06-15,TCS,TCS,3298,0.00577772627489459,-0.005761067313523348,0.3657427755317003
2021-06-16,TCS,TCS,3262.10009765625,-0.010945034432610967,0.011005150445733814,-0.7452686205953062
2021-06-17,TCS,TCS,3265.5,0.001041700655779465,-0.0010411582740009187,0.05109506112499219
2021-06-18,TCS,TCS,3350.89990234375,0.025816046967774398,-0.025485662010977402,1.6970302966788966
2021-06-21,TCS,TCS,3265,-0.025969174599955736,0.02630931159073507,-1.743428627479425
2021-06-22,TCS,TCS,3304,0.01187409293033781,-0.011803874092009685,0.7707675766175198
2021-06-23,TCS,TCS,3329,0.007538102934155688,-0.007509762691498949,0.48269706101855914
2021-06-24,TCS,TCS,3284,-0.013609767002705553,0.013702801461632157,-0.922305672358908
2021-06-25,TCS,TCS,3375.25,0.02740720406503705,-0.02703503444189319,1.8027421285352816
2021-06-28,TCS,TCS,3391.5,0.004802905748778841,-0.004791390240306649,0.30097854595036766
2021-06-29,TCS,TCS,3342,-0.014702871230795722,0.01481149012567325,-0.9949283257474956
2021-06-30,TCS,TCS,3346,0.001196172391431105,-0.001195457262402869,0.06135771223201219
2021-07-01,TCS,TCS,3358,0.003579956090716152,-0.00357355568790947,0.2197293413028224
2021-07-02,TCS,TCS,3331,-0.008072999443806239,0.008105673971780246,-0.5544590013913547
2021-07-05,TCS,TCS,3342,0.003296870961658982,-0.003291442250149611,0.20092199184910944
2021-07-06,TCS,TCS,3313,-0.008715306855442861,0.008753395713854513,-0.5971320304818665
2021-07-07,TCS,TCS,3275,-0.011536254230543719,0.011603053435114504,-0.7845475377912532
2021-07-08,TCS,TCS,3298,0.006998355050191307,-0.006973923590054579,0.4468377875045584
2021-07-09,TCS,TCS,3250,-0.014661227795761178,0.014769230769230769,-0.992161657509747
2021-07-12,TCS,TCS,3235,-0.0046260683887808796,0.00463678516228748,-0.3254549660662072
2021-07-13,TCS,TCS,3214,-0.0065126606375436324,0.006533914125700062,-0.4507946468090629
2021-07-14,TCS,TCS,3187,-0.00843623188012188,0.008471917163476624,-0.5785911039339513
2021-07-15,TCS,TCS,3227.60009765625,0.012658821813630539,-0.012579035948639399,0.8229026724582571
2021-07-16,TCS,TCS,3213,-0.004533777115108606,0.004544070232259571,-0.3193234033051745
2021-07-19,TCS,TCS,3180,-0.01032388334163592,0.010377358490566037,-0.704001155679581
2021-07-20,TCS,TCS,3184.60009765625,0.0014455263132582274,-0.001444482043329555,0.07792405876199471
2021-07-22,TCS,TCS,3190,0.0016941936914101063,-0.0016927593554075236,0.09444479333484349
2021-07-23,TCS,TCS,3230,0.01246122043781206,-0.01238390092879257,0.8097746139837383
2021-07-26,TCS,TCS,3200,-0.00933132742888354,0.009375,-0.6380586387920921
2021-07-27,TCS,TCS,3200,0,0,-0.01811248900185279
2021-07-28,TCS,TCS,3188,-0.0037570488777127764,0.0037641154328732747,-0.26771984701843443
2021-07-29,TCS,TCS,3200.25,0.0038351708261128437,-0.0038278259510975705,0.23668506317461832
2021-07-30,TCS,TCS,3219,0.005841820562588751,-0.005824790307548928,0.37000101287058623
2021-08-02,TCS,TCS,3180,-0.012189555524585671,0.012264150943396227,-0.8279509683300575
2021-08-03,TCS,TCS,3229,0.015291294984052684,-0.015174976772994736,0.9977965038951716
2021-08-04,TCS,TCS,3300,0.02174997669629697,-0.021515151515151515,1.4268924595072343
2021-08-05,TCS,TCS,3275,-0.007604599385219402,0.007633587786259542,-0.5233398690818601
2021-08-06,TCS,TCS,3272.55004882812,-7.483566426973454e-4,7.486367313946243e-4,-0.06783111937317776
2021-08-09,TCS,TCS,3323.89990234375,0.015569250480263364,-0.015448676261105868,1.0162630555194951
2021-08-10,TCS,TCS,3315.60009765625,-0.0025001307359797664,0.002503258669031592,-0.1842138754932088
2021-08-11,TCS,TCS,3350,0.010321713648172803,-0.010268627565298508,0.6676320295770545
2021-08-12,TCS,TCS,3326,-0.007189965066238813,0.0072158749248346366,-0.495792775532559
2021-08-13,TCS,TCS,3360.75,0.01039378258148993,-0.010339953879342409,0.6724200790876046
2021-08-16,TCS,TCS,3460,0.029104425717408233,-0.028684971098265896,1.915500579757465
2021-08-17,TCS,TCS,3482.10009765625,0.006366999036131915,-0.00634677264766893,0.4048923372944387
2021-08-18,TCS,TCS,3573.85009765625,0.026007885294180966,-0.025672593279771342,1.7097754749768177
2021-08-20,TCS,TCS,3506,-0.019167686900903647,0.01935256635945522,-1.2915576429911346
2021-08-23,TCS,TCS,3580,0.02088701391356551,-0.020670391061452513,1.3695597318065724
2021-08-24,TCS,TCS,3657,0.021280338754635864,-0.021055509980858627,1.395691085860546
2021-08-25,TCS,TCS,3610,-0.012935366822453886,0.01301939058171745,-0.8775004934225655
2021-08-26,TCS,TCS,3660,0.013755375068484454,-0.01366120218579235,0.8957544691151429
2021-08-27,TCS,TCS,3666,0.0016380020042383592,-0.0016366612111292963,0.09071158170141767
2021-08-30,TCS,TCS,3715,0.013277528752208667,-0.013189771197846568,0.8640077550249362
2021-08-31,TCS,TCS,3709.39990234375,-0.001508566023369795,0.0015097044815016118,-0.11833721104921605
2021-09-01,TCS,TCS,3796,0.02307776860132904,-0.02281351360807429,1.5151070769366632
2021-09-02,TCS,TCS,3734,-0.01646783562815024,0.016604177825388325,-1.1121874071586082
2021-09-03,TCS,TCS,3825,0.024078422158968493,-0.023790849673202615,1.5815875777078643
2021-09-06,TCS,TCS,3849.69995117188,0.00643674322357235,-0.006416071767972757,0.4095259374764327
2021-09-07,TCS,TCS,3864,0.0037077058481997938,-0.0037008407940269145,0.22821666220033407
2021-09-08,TCS,TCS,3810,-0.014073727211661335,0.014173228346456693,-0.9531298340218796
2021-09-09,TCS,TCS,3789.69995117188,-0.005342341734502654,0.005356637488369669,-0.373042075859616
2021-09-13,TCS,TCS,3767,-0.0060079186942036955,0.0060260024347969215,-0.41726106578364625
2021-09-14,TCS,TCS,3849.94995117188,0.021781219809676955,-0.02154572195065315,1.42896816073999
2021-09-15,TCS,TCS,3882.10009765625,0.008316120968546059,-0.008281637689811267,0.534386307651843
2021-09-16,TCS,TCS,3930,0.012263156393043317,-0.012188270316475827,0.7966158171349225
2021-09-17,TCS,TCS,3920,-0.002547772078798971,0.002551020408163265,-0.18737902721217856
2021-09-20,TCS,TCS,3809,-0.028724966305903266,0.029141506957206617,-1.9265153823647785
2021-09-21,TCS,TCS,3858,0.012782226987068768,-0.012700881285640227,0.8311013518768012
2021-09-22,TCS,TCS,3862.5,0.0011657277403269717,-0.0011650485436893205,0.05933505850163038
2021-09-23,TCS,TCS,3870,0.0019398648178263755,-0.001937984496124031,0.11076646569033954
2021-09-24,TCS,TCS,3890,0.005154650588664822,-0.005141388174807198,0.3243474461264315
2021-09-27,TCS,TCS,3900,0.002567395505245429,-0.002564102564102564,0.15245777236729124
2021-09-28,TCS,TCS,3850,-0.012903404835906684,0.012987012987012988,-0.8753770323554951
2021-09-29,TCS,TCS,3759.80004882812,-0.023707370815076345,0.02399062450142638,-1.5931609877783164
2021-09-30,TCS,TCS,3805,0.011950213829031497,-0.011879093606275953,0.7758248268773849
2021-10-01,TCS,TCS,3781.75,-0.00612912585347658,0.006147947378858994,-0.42531371555848546
2021-10-04,TCS,TCS,3724.80004882812,-0.015173693236320673,0.015289398202675964,-1.0262083651402394
2021-10-05,TCS,TCS,3754,0.007808765940465534,-0.007778356731987214,0.5006791209056792
2021-10-06,TCS,TCS,3836,0.021608218856874473,-0.02137643378519291,1.4174744825450267
2021-10-07,TCS,TCS,3830,-0.0015653538286368729,0.001566579634464752,-0.12211002702834596
2021-10-08,TCS,TCS,3925,0.024501548041817145,-0.024203821656050957,1.6096988259678644
2021-10-11,TCS,TCS,3755,-0.044278066018273776,0.045272969374167776,-2.9598179170224888
2021-10-12,TCS,TCS,3706,-0.013135157352929028,0.013221802482460875,-0.8907739929409093
2021-10-13,TCS,TCS,3650,-0.015225960268768546,0.015342465753424657,-1.0296808341724868
2021-10-14,TCS,TCS,3625,-0.006872879287762146,0.006896551724137931,-0.4747265222027665
2021-10-18,TCS,TCS,3603.44995117188,-0.005962581969843228,0.005980393545111316,-0.4142490261862986
2021-10-19,TCS,TCS,3669,0.0180274390363504,-0.017865916824235484,1.1795779260369077
2021-10-20,TCS,TCS,3612,-0.015657509818407078,0.015780730897009966,-1.0583517262594666
2021-10-21,TCS,TCS,3604.10009765625,-0.0021895221498731132,0.0021919209038859144,-0.16357794791325636
2021-10-22,TCS,TCS,3560,-0.012311568540926743,0.012387667880969101,-0.8360571568954546
2021-10-25,TCS,TCS,3503,-0.01614080064858925,0.01627176705680845,-1.0904601579573672
2021-10-26,TCS,TCS,3494.5,-0.002429440280302231,0.0024323937616254113,-0.17951740801231747
2021-10-27,TCS,TCS,3483,-0.0032963125511820124,0.0033017513637668677,-0.23710987069111691
2021-10-28,TCS,TCS,3518,0.009998654931502315,-0.009948834565093803,0.6461689516727878
2021-10-29,TCS,TCS,3400.05004882812,-0.03410249455802905,0.03469065145453764,-2.283782658719568
2021-11-01,TCS,TCS,3437.94995117188,0.011085197555727788,-0.011023983153344399,0.7183556712585271
2021-11-02,TCS,TCS,3494,0.01617186239879942,-0.016041799893566112,1.05629883194686
2021-11-03,TCS,TCS,3504.19995117188,0.0029150234248138673,-0.0029107788693590155,0.17555315637764898
2021-11-04,TCS,TCS,3512.94995117188,0.0024938912968419658,-0.002490784133454876,0.14757436737048807
2021-11-08,TCS,TCS,3548,0.009927938013811755,-0.009878818722694475,0.6414707261328719
2021-11-09,TCS,TCS,3508,-0.011337989937397097,0.011402508551881414,-0.7713754370248703
2021-11-10,TCS,TCS,3498,-0.002854697913525328,0.002858776443682104,-0.20777028354314303
2021-11-11,TCS,TCS,3480,-0.005159082810028082,0.005172413793103448,-0.3608668879767761
2021-11-12,TCS,TCS,3506,0.007443492712660316,-0.007415858528237307,0.4764114341348659
2021-11-15,TCS,TCS,3528,0.006255351645501506,-0.006235827664399093,0.39747481063669177
2021-11-16,TCS,TCS,3569,0.011554306363478872,-0.011487811711964136,0.7495218907931097
2021-11-17,TCS,TCS,3550.60009765625,-0.005168813713309461,0.005182195076233949,-0.36151338077960554
2021-11-18,TCS,TCS,3515.14990234375,-0.010034459970936993,0.010084973983289686,-0.6847727119569152
2021-11-22,TCS,TCS,3478.39990234375,-0.010509780954071957,0.010565202688522906,-0.7163516502864736
2021-11-23,TCS,TCS,3445,-0.009648485404083473,0.009695182102685052,-0.6591296886612151
2021-11-24,TCS,TCS,3472.19995117188,0.007864480297500975,-0.007833636182933508,0.5043806201183791
2021-11-25,TCS,TCS,3443.89990234375,-0.008183862980134293,0.00821744232719144,-0.5618244510577628
2021-11-26,TCS,TCS,3425,-0.0055030500687998085,0.005518219662408759,-0.38371906837181274
2021-11-29,TCS,TCS,3447.14990234375,0.006446302645137791,-0.006425569810204677,0.4101610375346358
2021-11-30,TCS,TCS,3491,0.01264045376357359,-0.012560898784374105,0.8216823528415784
2021-12-01,TCS,TCS,3535,0.012525071225637063,-0.012446958981612447,0.8140166739023235
2021-12-02,TCS,TCS,3589.19995117188,0.01521602348904949,-0.015100844731200786,0.9927956855366548
2021-12-03,TCS,TCS,3646.44995117188,0.01582475534154959,-0.015700201776141544,1.0332380525082376
2021-12-06,TCS,TCS,3640.44995117188,-0.0016467912106303828,0.001648147915910386,-0.1275204889160335
2021-12-07,TCS,TCS,3562.5,-0.021644741373735954,0.02188068804824702,-1.4561259099345425
2021-12-08,TCS,TCS,3601,0.010749039071969335,-0.010691474590391558,0.6960222830762277
2021-12-09,TCS,TCS,3610,0.002496187678051598,-0.002493074792243767,0.1477269322332943
2021-12-10,TCS,TCS,3585,-0.006949298293205786,0.00697350069735007,-0.4798035778046381
2021-12-13,TCS,TCS,3650,0.017968693542815828,-0.01780821917808219,1.175675046965231
2021-12-14,TCS,TCS,3605,-0.012405396857488427,0.012482662968099861,-0.8422908362982557
2021-12-15,TCS,TCS,3620,0.004152255100768443,-0.004143646408839779,0.2577512165947841
2021-12-16,TCS,TCS,3582,-0.010552722199159703,0.01060859854829704,-0.7192045412348967
2021-12-17,TCS,TCS,3602.5,0.0057067452530201734,-0.005690492713393476,0.3610270036808703
2021-12-20,TCS,TCS,3589,-0.0037544367260711198,0.0037614934522151016,-0.2675463032899893
2021-12-21,TCS,TCS,3582.64990234375,-0.001770889377544549,0.0017724583281486144,-0.1357652087976968
2021-12-22,TCS,TCS,3624,0.01147566539280831,-0.011410071097199227,0.7442972143090539
2021-12-23,TCS,TCS,3648,0.006600684031351278,-0.006578947368421052,0.42041768608899294
2021-12-24,TCS,TCS,3685,0.010091453429215136,-0.010040705563093623,0.6523342129179601
2021-12-27,TCS,TCS,3671,-0.003806421126602899,0.003813674748025061,-0.2709999950830467
2021-12-28,TCS,TCS,3710,0.010567772104646878,-0.010512129380053909,0.6839794350106794
2021-12-29,TCS,TCS,3692.25,-0.004795848295060523,0.004807366781772632,-0.3367346473346575
2021-12-30,TCS,TCS,3681.35009765625,-0.0029564690622763123,0.002960843727058037,-0.21453166152580452
2021-12-31,TCS,TCS,3742.80004882812,0.016554448203493166,-0.016418176330608453,1.0817167157788043
2022-01-03,TCS,TCS,3750,0.0019218325168193218,-0.0019199869791680006,0.10956845226010206
2022-01-04,TCS,TCS,3831.10009765625,0.021396153731123135,-0.021168879848862357,1.4033854947545608
2022-01-05,TCS,TCS,3865,0.008809688325943199,-0.00877099672542044,0.5671774818134883
2022-01-06,TCS,TCS,3812,-0.01380769624742939,0.013903462749213011,-0.935455513486271
2022-01-07,TCS,TCS,3820,0.0020964368265268263,-0.0020942408376963353,0.12116865280671416
2022-01-10,TCS,TCS,3978,0.04052875781329668,-0.03971845148315736,2.6744998486983587
2022-01-11,TCS,TCS,3856,-0.031148803683480608,0.03163900414937759,-2.087548060876872
2022-01-12,TCS,TCS,3925,0.017735974486072337,-0.017579617834394906,1.1602138723026958
2022-01-13,TCS,TCS,3918,-0.0017850317120231551,0.0017866258295048494,-0.13670478420912963
2022-01-14,TCS,TCS,3877.85009765625,-0.010300417998697853,0.010353649917519083,-0.7024421868063672
2022-01-17,TCS,TCS,3992.69995117188,0.029186780025483472,-0.02876495978164373,1.9209719595370025
2022-01-18,TCS,TCS,4033.94995117188,0.01027835115626452,-0.010225709416155918,0.6647511522195936
2022-01-19,TCS,TCS,4012,-0.005456162605709025,0.005471074569262214,-0.3806040022208895
2022-01-20,TCS,TCS,3910,-0.025752496102414923,0.02608695652173913,-1.729033140736933
2022-01-21,TCS,TCS,3807,-0.02669589659691418,0.027055424218544784,-1.791709915154334
2022-01-24,TCS,TCS,3840,0.00863088919927435,-0.00859375,0.5552985898757541
2022-01-25,TCS,TCS,3769.5,-0.01852999993001525,0.01870274572224433,-1.2491915824937307
2022-01-27,TCS,TCS,3731,-0.010266072430598072,0.010318949343339587,-0.70016036754022
2022-01-28,TCS,TCS,3646,-0.023045617982550226,0.02331321996708722,-1.549196061698485
2022-01-31,TCS,TCS,3749,0.027858461497304532,-0.027473993064817286,1.832722354803212
2022-02-01,TCS,TCS,3770,0.005585863706143002,-0.005570291777188329,0.3529959866431065
2022-02-02,TCS,TCS,3827.89990234375,0.015241322975880323,-0.015125761859211365,0.994476509574948
2022-02-03,TCS,TCS,3851,0.006016530396973252,-0.005998467321799533,0.3816082241684387
2022-02-04,TCS,TCS,3815.30004882812,-0.009313543430728544,0.009357049436477569,-0.6368771218783322
2022-02-07,TCS,TCS,3791,-0.0063894748678468005,0.0064099311073911895,-0.4426105439346936
2022-02-08,TCS,TCS,3791.55004882812,1.4508280869840462e-4,-1.4507228469528053e-4,-0.00847361078887831
2022-02-09,TCS,TCS,3750,-0.011019079360576,0.011080013020831999,-0.750187949420942
2022-02-10,TCS,TCS,3789.80004882812,0.010557420155146602,-0.010501886198567904,0.6832916817103774
2022-02-11,TCS,TCS,3752.5,-0.009890975611986264,0.009940052985508327,-0.675240030078068
2022-02-14,TCS,TCS,3724,-0.007623925110658902,0.007653061224489796,-0.5246238138549679
2022-02-15,TCS,TCS,3786,0.016511693372310177,-0.016376122556788168,1.0788762096258682
2022-02-16,TCS,TCS,3844,0.015203438320915197,-0.015088449531737774,0.9919595637105338
2022-02-17,TCS,TCS,3825,-0.004955023829547045,0.0049673202614379085,-0.34730980510265014
2022-02-18,TCS,TCS,3769,-0.014748752993501313,0.014858052533828601,-0.9979765761011186
2022-02-21,TCS,TCS,3810,0.010819474853612121,-0.010761154855643044,0.7007018307578503
2022-02-22,TCS,TCS,3650,-0.042902021544209745,0.043835616438356165,-2.8683975397891666
2022-02-23,TCS,TCS,3611,-0.010742425299079983,0.010800332317917475,-0.7318078613192988
2022-02-24,TCS,TCS,3474,-0.038678074476406366,0.03943580886586068,-2.5877708292210757
2022-02-25,TCS,TCS,3468,-0.0017286089006187666,0.0017301038062283738,-0.1329562173565054
2022-02-28,TCS,TCS,3490,0.006323677296039776,-0.006303724928366762,0.40201416736871487
2022-03-02,TCS,TCS,3552.5,0.017749844774783696,-0.017593244194229415,1.1611353737876668
2022-03-03,TCS,TCS,3562.85009765625,0.0029092328034892034,-0.0029050050865341223,0.17516844440354246
2022-03-04,TCS,TCS,3501.5,-0.017369365679172688,0.017521090291660716,-1.1720824315600469
2022-03-07,TCS,TCS,3450,-0.014817217070167032,0.014927536231884059,-1.0025251294609296
2022-03-08,TCS,TCS,3460,0.0028943580263653956,-0.002890173410404624,0.17418020764117165
2022-03-09,TCS,TCS,3605,0.04105318166727834,-0.04022191400832178,2.7093410384018295
2022-03-10,TCS,TCS,3684,0.021677347656147816,-0.021444082519001085,1.422067198134064
2022-03-11,TCS,TCS,3603.25,-0.02216290241198493,0.02241032401304378,-1.4905510164461664
2022-03-14,TCS,TCS,3580,-0.0064734155684664785,0.006494413407821229,-0.44818731900303266
2022-03-15,TCS,TCS,3659,0.021827085624462228,-0.021590598524186936,1.4320153515602998
2022-03-16,TCS,TCS,3640.5,-0.0050688511844416695,0.005081719544018678,-0.3548721622212108
2022-03-17,TCS,TCS,3696.60009765625,0.015292469831670985,-0.015176133791647915,0.9978745573407326
2022-03-21,TCS,TCS,3696,-1.6235090486205195e-4,1.623640844832251e-4,-0.02889860910653417
2022-03-22,TCS,TCS,3640,-0.015267472130789272,0.015384615384615385,-1.0324387610833523
2022-03-23,TCS,TCS,3708,0.01850896605495933,-0.018338727076591153,1.211569175243664
2022-03-24,TCS,TCS,3700,-0.0021598280534291803,0.002162162162162162,-0.16160515884303694
2022-03-25,TCS,TCS,3759.89990234375,0.01605951568017261,-0.015931249208632158,1.0488348439789663
2022-03-28,TCS,TCS,3695,-0.017411780930185472,0.017564249619418132,-1.1749003769980415
2022-03-29,TCS,TCS,3694.75,-6.766128762158985e-5,6.766357669666418e-5,-0.02260770740133674
2022-03-30,TCS,TCS,3738,0.011637815920826355,-0.01157035848047084,0.7550700219612595
2022-03-31,TCS,TCS,3740,5.349023930705243e-4,-5.347593582887701e-4,0.0174248642444339
2022-04-01,TCS,TCS,3748,0.0021367529497346993,-0.0021344717182497333,0.12384713832200414
2022-04-04,TCS,TCS,3762,0.003728366502663505,-0.003721424774056353,0.22958929576009293
2022-04-05,TCS,TCS,3772,0.0026546338923711943,-0.002651113467656416,0.15825363609893303
2022-04-06,TCS,TCS,3809.30004882812,0.009840093271533235,-0.009791837962356066,0.6356345779353505
2022-04-07,TCS,TCS,3745.5,-0.01689033863694256,0.017033786898443464,-1.1402572734849454
2022-04-08,TCS,TCS,3690,-0.014928661353366124,0.015040650406504066,-1.0099291622538151
2022-04-11,TCS,TCS,3690,0,0,-0.01811248900185279
2022-04-12,TCS,TCS,3683,-0.0018988205895063004,0.0019006244909041542,-0.1442645850009516
2022-04-13,TCS,TCS,3707,0.006495286705666459,-0.006474237928243863,0.4134153954980148
2022-04-18,TCS,TCS,3610,-0.026515151823804928,0.026869806094182824,-1.7797017601477452
2022-04-19,TCS,TCS,3550,-0.01676016885746634,0.016901408450704224,-1.1316091733918114
2022-04-20,TCS,TCS,3500,-0.014184634991956102,0.014285714285714285,-0.9604982231282884
2022-04-21,TCS,TCS,3580,0.022599831917240465,-0.0223463687150838,1.483354359072869
2022-04-22,TCS,TCS,3581.10009765625,3.07242644259631e-4,-3.0719545007133124e-4,0.00229981522939185
2022-04-25,TCS,TCS,3558,-0.00647145381322467,0.006492438914066891,-0.4480569857125072
2022-04-26,TCS,TCS,3575.14990234375,0.004808516748784797,-0.004796974340154826,0.30135132440832607
2022-04-27,TCS,TCS,3546,-0.008186898340412085,0.00822050263501128,-0.5620261115322702
2022-04-28,TCS,TCS,3588,0.011774736544532871,-0.011705685618729096,0.7641666284345803
2022-04-29,TCS,TCS,3597,0.0025052205169373565,-0.0025020850708924102,0.1483270476757697
2022-05-02,TCS,TCS,3519.89990234375,-0.021667612341977005,0.021904059716275556,-1.4576453902883857
2022-05-04,TCS,TCS,3538.5,0.005270356162192513,-0.005256492201851067,0.3320345866072398
2022-05-05,TCS,TCS,3512.10009765625,-0.00748873155644425,0.0075168422339009075,-0.5156419488363038
2022-05-06,TCS,TCS,3459,-0.015234647022225545,0.015351285821407922,-1.0302579567095385
2022-05-09,TCS,TCS,3398,-0.01779250670529109,0.017951736315479694,-1.2001946858947392
2022-05-10,TCS,TCS,3434,0.010538739225543381,-0.010483401281304601,0.6820505752900867
2022-05-11,TCS,TCS,3435,2.9116319902833254e-4,-2.911208151382824e-4,0.00123154383529361
2022-05-12,TCS,TCS,3378,-0.016733107288704474,0.016873889875666074,-1.1298112817747414
2022-05-13,TCS,TCS,3435,0.016733107288704474,-0.016593886462882096,1.0935863037710445
2022-05-16,TCS,TCS,3415,-0.005839432651558951,0.005856515373352855,-0.40606734503742686
2022-05-17,TCS,TCS,3370,-0.013264748658484038,0.013353115727002967,-0.8993836609153909
2022-05-18,TCS,TCS,3465,0.027799888277597162,-0.027417027417027416,1.8288309211015064
2022-05-19,TCS,TCS,3397,-0.01981994346341942,0.020017662643508977,-1.3348916646176423
2022-05-20,TCS,TCS,3310,-0.02594449978947644,0.026283987915407855,-1.741789305113962
2022-05-23,TCS,TCS,3304.80004882812,-0.001572217513643892,0.001573454095573468,-0.122566030220412
2022-05-24,TCS,TCS,3315.14990234375,0.0031268701500106744,-0.0031219865829635175,0.1896276342729299
2022-05-25,TCS,TCS,3292.85009765625,-0.006749361180682811,0.006772189448700479,-0.46652033980312246
2022-05-26,TCS,TCS,3191,-0.03141913354854786,0.03191792468074271,-2.1055079878324356
2022-05-27,TCS,TCS,3253.19995117188,0.01930476500511702,-0.019119621328370577,1.2644397340058422
2022-05-30,TCS,TCS,3297,0.013373851788369251,-0.013284819177470427,0.8704071763140151
2022-05-31,TCS,TCS,3354.14990234375,0.01718539191548274,-0.01703856536161841,1.1236347738431431
2022-06-01,TCS,TCS,3388,0.01004142078473258,-0.009991174042576741,0.6490101900983546
2022-06-02,TCS,TCS,3355,-0.00978800636616306,0.009836065573770493,-0.6683990540238792
2022-06-03,TCS,TCS,3459.39990234375,0.030643364974794807,-0.03017861631811311,2.017743210792503
2022-06-06,TCS,TCS,3418,-0.01203955070504037,0.01211231783023698,-0.8179850860871376
2022-06-07,TCS,TCS,3401.05004882812,-0.00497136286126576,0.004983740588504526,-0.3483953226650538
2022-06-08,TCS,TCS,3380.14990234375,-0.006164163514787546,0.006183201067466896,-0.42764151547681184
2022-06-09,TCS,TCS,3385,0.001433848046891839,-0.0014328205779172822,0.0771481888415736
2022-06-10,TCS,TCS,3382,-8.866558878501962e-4,8.870490833826139e-4,-0.07701931743012329
2022-06-13,TCS,TCS,3290,-0.027579685699107515,0.02796352583586626,-1.8504262827137583
2022-06-14,TCS,TCS,3190,-0.030866647980527517,0.03134796238244514,-2.068802459779836
2022-06-15,TCS,TCS,3218.5,0.00889449571378087,-0.008855056703433277,0.5728118370501314
2022-06-16,TCS,TCS,3240,0.006657917293704685,-0.006635802469135803,0.4242200969362884
2022-06-17,TCS,TCS,3092,-0.04675519907906356,0.047865459249676584,-3.124391405120289
2022-06-20,TCS,TCS,3094,6.466214256999336e-4,-6.464124111182935e-4,0.0248471505873683
2022-06-21,TCS,TCS,3130,0.01156825240118664,-0.011501597444089457,0.7504484248203855
2022-06-22,TCS,TCS,3199.89990234375,0.022086524246795136,-0.021844402786647225,1.4492516961478146
2022-06-23,TCS,TCS,3222.94995117188,0.007177545267232688,-0.007151848206562715,0.4587426623448635
2022-06-24,TCS,TCS,3339,0.03537428689542743,-0.03475592956817011,2.3320518503731145
2022-06-27,TCS,TCS,3350,0.003288984875457146,-0.0032835820895522386,0.2003980633067832
2022-06-28,TCS,TCS,3307,-0.012918911837317637,0.013002721499848805,-0.8764072722536347
2022-06-29,TCS,TCS,3271,-0.010945685443410014,0.011005808621216754,-0.7453118718519032
2022-06-30,TCS,TCS,3272,3.0567018425387005e-4,-3.056234718826406e-4,0.00219534557773827
2022-07-01,TCS,TCS,3260,-0.0036742233618838327,0.0036809815950920245,-0.2622171615716685
2022-07-04,TCS,TCS,3312,0.01582504114439587,-0.01570048309178744,1.0332570404150336
2022-07-05,TCS,TCS,3255,-0.01735996086248015,0.017511520737327188,-1.171457602998238
2022-07-06,TCS,TCS,3218.5,-0.011276863149998206,0.011340686655274197,-0.7673143517414642
2022-07-07,TCS,TCS,3271,0.01618033604571245,-0.016050137572607766,1.056861796307476
2022-07-08,TCS,TCS,3300,0.008826719916187997,-0.008787878787878787,0.5683090109424077
2022-07-11,TCS,TCS,3206.14990234375,-0.02885165856474181,0.02927189947907426,-1.9349324461398447
2022-07-12,TCS,TCS,3114.89990234375,-0.028873792263640397,0.029294681325502815,-1.9364029444710191
2022-07-13,TCS,TCS,3104,-0.003505415323079575,0.0035115664767235823,-0.25100204834071665
2022-07-14,TCS,TCS,3056,-0.015584731016698328,0.015706806282722512,-1.0535165151655526
2022-07-15,TCS,TCS,3018.55004882812,-0.012330271492301037,0.01240660269536331,-0.8372997263780747
2022-07-18,TCS,TCS,3023,0.0014731159853482723,-0.001472031482593451,0.07975703602245618
2022-07-19,TCS,TCS,3030.05004882812,0.0023294213525950624,-0.0023267103561033994,0.1366474644760389
2022-07-20,TCS,TCS,3107.80004882812,0.02533595893205387,-0.025017697013460613,1.665134649293927
2022-07-21,TCS,TCS,3167,0.018869671474531557,-0.018692753764407957,1.2355333901719956
2022-07-22,TCS,TCS,3185,0.0056675214676253916,-0.00565149136577708,0.35842108990044363
2022-07-25,TCS,TCS,3165,-0.006299233427988327,0.00631911532385466,-0.43661516614749424
2022-07-26,TCS,TCS,3164.69995117188,-9.480665139172118e-5,9.481114568504054e-5,-0.02441116611431981
2022-07-27,TCS,TCS,3115,-0.015829096705331835,0.015955040504616373,-1.069751458046194
2022-07-28,TCS,TCS,3216,0.031909199077304606,-0.03140547263681592,2.101841532719773
2022-07-29,TCS,TCS,3290,0.02274921346056047,-0.022492401215805473,1.4932788326631992
2022-08-01,TCS,TCS,3327,0.0111834322590596,-0.011121130147279832,0.7248820981329691
2022-08-02,TCS,TCS,3290,-0.0111834322590596,0.011246200607902736,-0.7611070761366653
2022-08-03,TCS,TCS,3280,-0.0030441423812277435,0.003048780487804878,-0.2203564208581069
2022-08-04,TCS,TCS,3350,0.021116923440921198,-0.020895522388059702,1.3848342495395565
2022-08-05,TCS,TCS,3361.19995117188,0.0033376927079622476,-0.003332128803576576,0.20363406948650667
2022-08-08,TCS,TCS,3365,0.0011299245517548684,-0.001129286427375928,0.0569563991871927
2022-08-10,TCS,TCS,3385,0.00592594326754714,-0.005908419497784343,0.3755898797757594
2022-08-11,TCS,TCS,3400,0.004421525257876979,-0.004411764705882353,0.2756407396477581
2022-08-12,TCS,TCS,3419,0.005572679035049433,-0.005557180462123428,0.3521200355906535
2022-08-16,TCS,TCS,3411,-0.0023426072206564896,0.0023453532688361184,-0.17374847305497074
2022-08-17,TCS,TCS,3385.10009765625,-0.007622026562287942,0.007651148148228284,-0.5244976798443953
2022-08-18,TCS,TCS,3390,0.001446444518139245,-0.001445398921460177,0.07798506161346926
2022-08-19,TCS,TCS,3387,-8.853475567249802e-4,0.00088573959255978745,-0.07693239573006386
2022-08-22,TCS,TCS,3365,-0.006516610738943385,0.006537890044576523,-0.45105708001303696
2022-08-23,TCS,TCS,3319.94995117188,-0.013478255230150893,0.013569496375154142,-0.9135684141639766
2022-08-24,TCS,TCS,3292,-0.008454425051716896,0.008490264633013367,-0.5797998051363157
2022-08-25,TCS,TCS,3276,-0.004872116824000017,0.004884004884004884,-0.3418017057169128
2022-08-26,TCS,TCS,3234.30004882812,-0.012810629662812545,0.012893037300911242,-0.8692133207297221
2022-08-29,TCS,TCS,3125,-0.034378253139646375,0.0349760156249984,-2.3021032537527266
2022-08-30,TCS,TCS,3155,0.009554212804811613,-0.009508716323296355,0.6166415144087656
2022-09-01,TCS,TCS,3190,0.011032420803577025,-0.0109717868338558,0.7148493379373647
2022-09-02,TCS,TCS,3163,-0.008499972473241968,0.00853619981030667,-0.5828258428380562
2022-09-05,TCS,TCS,3123.64990234375,-0.01251878573753551,0.012597473752332063,-0.8498240624282521
2022-09-06,TCS,TCS,3135.5,0.003786492414961984,-0.0037793326921543614,0.23345101166362583
2022-09-07,TCS,TCS,3102,-0.010741586246590273,0.010799484203739523,-0.7317521171217628
2022-09-08,TCS,TCS,3170,0.021684523134842593,-0.02145110410094637,1.4225439159883306
2022-09-09,TCS,TCS,3195,0.007855499940308874,-0.00782472613458529,0.503783991406422
2022-09-12,TCS,TCS,3239.89990234375,0.013955347159150477,-0.013858422697339915,0.9090400309624316
2022-09-13,TCS,TCS,3263.44995117188,0.007242468050588258,-0.00721630457965913,0.46305594251650767
2022-09-14,TCS,TCS,3135,-0.040155728954353265,0.04097287118720255,-2.685941878442529
2022-09-15,TCS,TCS,3130,-0.0015961695328226,0.001597444089456869,-0.12415733244208892
2022-09-16,TCS,TCS,3076,-0.01740295290866456,0.017555266579973992,-1.1743138690232202
2022-09-19,TCS,TCS,3036,-0.013089192110014025,0.013175230566534914,-0.8877201964058363
2022-09-20,TCS,TCS,3050,0.004600731085936616,-0.0045901639344262295,0.2875466516385183
2022-09-21,TCS,TCS,3028,-0.0072392550441175985,0.00726552179656539,-0.49906745775135986
2022-09-22,TCS,TCS,2990,-0.012628948172606513,0.012709030100334449,-0.8571429329742276
2022-09-23,TCS,TCS,3004,0.0046713464992933496,-0.004660452729693742,0.29223813352680567
2022-09-26,TCS,TCS,2959.85009765625,-0.01480610953200312,0.014916262948150648,-1.0017871770558655
2022-09-27,TCS,TCS,3009.39990234375,0.01660206652234919,-0.01646501172838815,1.0848803378528242
2022-09-28,TCS,TCS,2980,-0.009817390374921686,0.009865739041526846,-0.6703512417736179
2022-09-29,TCS,TCS,3054,0.024528906279126517,-0.024230517354289455,1.611516427377199
2022-09-30,TCS,TCS,2990.85009765625,-0.02089454620588782,0.021114365575605677,-1.406285133320276
2022-10-03,TCS,TCS,2995,0.0013865709768605683,-0.0013856101314691151,0.07400723834318043
2022-10-04,TCS,TCS,3029.94995117188,0.011601870052389884,-0.011534827880032331,0.7526818834131007
2022-10-06,TCS,TCS,3111,0.026398116295696994,-0.02605273186374799,1.7357012833640466
2022-10-07,TCS,TCS,3097.39990234375,-0.004381199544022607,0.004390811030231852,-0.30918659496155537
2022-10-10,TCS,TCS,3010,-0.028622939610691844,0.029036512406561462,-1.9197370266212712
2022-10-11,TCS,TCS,3100,0.029462032730315002,-0.02903225806451613,1.939258945593431
2022-10-12,TCS,TCS,3084.89990234375,-0.004882901226196168,0.0048948420157093955,-0.34251818991167543
2022-10-13,TCS,TCS,3100.75,0.005124807448398272,-0.005111698026687092,0.32236475501980283
2022-10-14,TCS,TCS,3145,0.014169872439101283,-0.014069952305246422,0.9232924642150134
2022-10-17,TCS,TCS,3072.64990234375,-0.023273540489428868,0.023546482663404943,-1.5643385675924886
2022-10-18,TCS,TCS,3150,0.024862103174566386,-0.024555586557539682,1.6336530562785092
2022-10-19,TCS,TCS,3159,0.0028530689824073363,-0.002849002849002849,0.17143708411181227
2022-10-20,TCS,TCS,3105,-0.017241806434507012,0.017391304347826087,-1.1636077677779249
2022-10-21,TCS,TCS,3157.80004882812,0.01686188268291211,-0.016720516819205965,1.1021417649778686
2022-10-24,TCS,TCS,3170.10009765625,0.0038875658700199267,-0.0038800190685536386,0.24016603691451568
2022-10-25,TCS,TCS,3180.5,0.0032752531983479827,-0.003269895407561704,0.19948577077189208
2022-10-27,TCS,TCS,3160.69995117188,-0.006244910530782022,0.006264450638782974,-0.43300611146321616
2022-10-28,TCS,TCS,3150,-0.003391053768398322,0.003396809895834921,-0.24340420054791245
2022-10-31,TCS,TCS,3199,0.015435808129840467,-0.015317286652078774,1.0073975353676248
2022-11-01,TCS,TCS,3214.5,0.004833563632223203,-0.004821900762171411,0.3030153662149191
2022-11-02,TCS,TCS,3270,0.017118160309557595,-0.016972477064220184,1.119168102241019
2022-11-03,TCS,TCS,3228.05004882812,-0.012911730028061896,0.012995446333649352,-0.8759301338151723
2022-11-04,TCS,TCS,3217,-0.003429006624211084,0.0034348923929499527,-0.24592567747758745
2022-11-07,TCS,TCS,3229,0.0037232435192482427,-0.0037163208423660575,0.22924893969958457
2022-11-09,TCS,TCS,3249.80004882812,0.006420979235363333,-0.006400408799187664,0.40847862412574815
2022-11-10,TCS,TCS,3170,-0.024861883122310857,0.025173516980479496,-1.6698634146527898
2022-11-11,TCS,TCS,3269.60009765625,0.030936095246691053,-0.03046247084701472,2.037191355375546
2022-11-14,TCS,TCS,3324,0.016501193857321184,-0.01636579492892599,1.0781786525053263
2022-11-15,TCS,TCS,3321,-9.029345985922532e-4,9.033423667570009e-4,-0.07810082744306336
2022-11-16,TCS,TCS,3338.89990234375,0.005375439783840363,-0.005361017960192551,0.3390160356179223
2022-11-17,TCS,TCS,3340,3.294248101592956e-4,-3.2937055576347306e-4,0.00377353356670756
2022-11-18,TCS,TCS,3350,0.0029895388483645036,-0.0029850746268656717,0.1805037435564376
2022-11-21,TCS,TCS,3322.5,-0.00824283423171046,0.008276899924755455,-0.5657423288348146
2022-11-22,TCS,TCS,3280,-0.012874089209210737,0.012957317073170731,-0.8734293877103044
2022-11-23,TCS,TCS,3330,0.015128881596298882,-0.015015015015015015,0.9870062326096556
2022-11-24,TCS,TCS,3316.25,-0.004137677522539462,0.0041462495288352805,-0.2930077028630856
2022-11-25,TCS,TCS,3383,0.019928263328759854,-0.01973100798108188,1.3058631422066322
2022-11-28,TCS,TCS,3366,-0.005037794029957965,0.005050505050505051,-0.35280881555457216
2022-11-29,TCS,TCS,3383,0.005037794029957965,-0.005025125628140704,0.3165838375508599
2022-11-30,TCS,TCS,3383,0,0,-0.01811248900185279
2022-12-01,TCS,TCS,3425,0.012338581915615876,-0.012262773722627737,0.8016268686356015
2022-12-02,TCS,TCS,3458.10009765625,0.00961786181860802,-0.009571758110380845,0.62087016904997006
2022-12-05,TCS,TCS,3433,-0.007284819057241876,0.007311417901616662,-0.5020945977504724
2022-12-06,TCS,TCS,3400.05004882812,-0.009644362718216115,0.0096910194552097,-0.6588557894492548
2022-12-07,TCS,TCS,3368.30004882812,-0.00938197121350548,0.00942611986454303,-0.6414232639781839
2022-12-08,TCS,TCS,3360,-0.00246720656872057,0.002470252627416666,-0.18202648994888537
2022-12-09,TCS,TCS,3374.10009765625,0.004187677063740125,-0.004178920970970703,0.26010454839344643
2022-12-12,TCS,TCS,3255.5,-0.03578277734407287,0.03643068581055137,-2.3954157411192294
2022-12-13,TCS,TCS,3277.19995117188,0.006643510691402454,-0.006621491363113322,0.4232629643421258
2022-12-14,TCS,TCS,3348.80004882812,0.021612702904198144,-0.021380821969736816,1.4177723895571337
2022-12-15,TCS,TCS,3358.80004882812,0.00298169457426134,-0.0029772537378308615,0.17998259288783483
2022-12-16,TCS,TCS,3275,-0.02526591277742618,0.025587801168891602,-1.6967059652972392
2022-12-19,TCS,TCS,3227,-0.014764956017391029,0.014874496436318562,-0.999053057700542
2022-12-20,TCS,TCS,3198.89990234375,-0.008745942887790292,0.008784300388912387,-0.5991673990233264
2022-12-21,TCS,TCS,3249,0.015540286504929668,-0.015420159327870114,1.0143387735641272
2022-12-22,TCS,TCS,3294,0.013755375068484454,-0.01366120218579235,0.8957544691151429
2022-12-23,TCS,TCS,3217,-0.02365338349855861,0.02393534348772148,-1.5895742280951843
2022-12-26,TCS,TCS,3228.35009765625,0.0035219527928322947,-0.0035157579918268646,0.2158757715429641
2022-12-27,TCS,TCS,3269.19995117188,0.01257409067431503,-0.012495367100744918,0.8172733829509445
2022-12-28,TCS,TCS,3249.80004882812,-0.005951820712535749,0.005969567989500038,-0.413534079670431
2022-12-29,TCS,TCS,3231.10009765625,-0.005770804254019879,0.005787487421214348,-0.40150787467857146
2022-12-30,TCS,TCS,3286.05004882812,0.016863583669213256,-0.016722189362717223,1.1022547735415424
2023-01-02,TCS,TCS,3261,-0.007652353619512553,0.007681707705648574,-0.5265125209807593
2023-01-03,TCS,TCS,3252,-0.002763705121617832,0.0027675276752767526,-0.20172498811951364
2023-01-04,TCS,TCS,3306.69995117188,0.01668050677104027,-0.0165421574317605,1.090091678954617
2023-01-05,TCS,TCS,3330.19995117188,0.007081649130055823,-0.0070566333387070265,0.4523716029778818
2023-01-06,TCS,TCS,3300,-0.00910987911422545,0.009151500355115152,-0.6233462593266681
2023-01-09,TCS,TCS,3229,-0.02174997669629697,0.02198823165066584,-1.4631174375109357
2023-01-10,TCS,TCS,3285,0.017194160160435956,-0.01704718417047184,1.1242173104373427
2023-01-11,TCS,TCS,3290.10009765625,0.0015513371974105183,-0.001550134495872368,0.08495382497013654
2023-01-12,TCS,TCS,3329,0.011753969458903057,-0.01168516141296185,0.76278692389881
2023-01-13,TCS,TCS,3342.89990234375,0.004166705933059234,-0.004158037258012003,0.2587112877002969
2023-01-16,TCS,TCS,3317,-0.007777904561031335,0.007808231035197468,-0.5348537589654088
2023-01-17,TCS,TCS,3330,0.003911544027436875,-0.0039039039039039038,0.24175907568447355
2023-01-18,TCS,TCS,3380,0.01490340550257585,-0.014792899408284023,0.9720262592628944
2023-01-19,TCS,TCS,3380,0,0,-0.01811248900185279
2023-01-20,TCS,TCS,3365,-0.0044477463982364185,0.004457652303120356,-0.3136077736592955
2023-01-23,TCS,TCS,3388,0.00681181369311723,-0.00678866587957497,0.4344445243834456
2023-01-24,TCS,TCS,3425,0.010861694924379606,-0.010802919708029197,0.7035068089902498
2023-01-25,TCS,TCS,3425.30004882812,8.760166012500292e-5,-8.759782321045185e-5,-0.01229249047292455
2023-01-27,TCS,TCS,3426,2.043265276157058e-4,-2.0430565437244664e-4,-0.00453763107721032
2023-01-30,TCS,TCS,3420,-0.001752848827415221,0.0017543859649122807,-0.13456664731979706
2023-01-31,TCS,TCS,3449,0.008443782880190653,-0.008408234270803132,0.5428677923282273
2023-02-01,TCS,TCS,3363,-0.025250901196571363,0.025572405590246802,-1.695708639694406
2023-02-02,TCS,TCS,3427,0.01885181013433801,-0.018675226145316602,1.2343467348791843
2023-02-03,TCS,TCS,3504,0.022219930181673675,-0.021974885844748857,1.458114796957103
2023-02-06,TCS,TCS,3473.14990234375,-0.008843238037004042,0.00888245498284763,-0.6056314046653288
2023-02-07,TCS,TCS,3468.89990234375,-0.0012244223681872057,0.0012251722792947996,-0.0994595362103844
2023-02-08,TCS,TCS,3478.05004882812,0.0026342932769445326,-0.0026308265711854867,0.15690226499824497
2023-02-09,TCS,TCS,3515,0.010567719316730617,-0.010512077147049787,0.6839759279356548
2023-02-10,TCS,TCS,3520,0.0014214643473771105,-0.0014204545454545455,0.07632545200244302
2023-02-13,TCS,TCS,3549,0.008204884054354267,-0.008171315863623557,0.5269960518502081
2023-02-14,TCS,TCS,3505,-0.012475353177807236,0.012553495007132667,-0.8469385299694224
2023-02-15,TCS,TCS,3487,-0.0051487527930387245,0.005162030398623459,-0.3601805918085413
2023-02-16,TCS,TCS,3527.19995117188,0.011462573524767095,-0.011397128523582548,0.7434274288206131
2023-02-17,TCS,TCS,3526.14990234375,-2.977447192300531e-4,2.9778904958976905e-4,-0.03789377882525244
2023-02-20,TCS,TCS,3502,-0.006872362635391482,0.006896031508780697,-0.4746921973276427
2023-02-21,TCS,TCS,3494,-0.0022870221517941047,0.0022896393817973667,-0.1700555633710721
2023-02-22,TCS,TCS,3414.94995117188,-0.02288437438307156,0.023148230562205763,-1.5384835077304706
2023-02-23,TCS,TCS,3421,0.001770068666674618,-0.001768503019035369,0.09948570515987132
2023-02-24,TCS,TCS,3422.5,4.3837218499831465e-4,-4.382761139517896e-4,0.01101167905854369
2023-02-27,TCS,TCS,3390,-0.00954135678810708,0.009587020648967551,-0.6520123761982627
2023-02-28,TCS,TCS,3328.5,-0.018308169333739244,0.018476791347453808,-1.2344538053536105
2023-03-01,TCS,TCS,3323,-0.0016537626861623522,0.0016551309058080049,-0.12798365339595713
2023-03-02,TCS,TCS,3361,0.011370559370510236,-0.011306158881285331,0.7373142770646572
2023-03-03,TCS,TCS,3354,-0.0020848853419508373,0.0020870602265951103,-0.15662618390190083
2023-03-06,TCS,TCS,3361.89990234375,0.0023525978952232407,-0.002349832705680077,0.1381872462998833
2023-03-08,TCS,TCS,3364,6.244808144604264e-4,-6.242858668995244e-4,0.02337619302044094
2023-03-09,TCS,TCS,3385,0.0062231642535373055,-0.0062038404726735595,0.3953363742917234
2023-03-10,TCS,TCS,3312.89990234375,-0.021529997102753384,0.021763439820575905,-1.4485026355881994
2023-03-13,TCS,TCS,3333,0.00604889006411824,-0.0060306323601110115,0.3837581059733595
2023-03-14,TCS,TCS,3280,-0.01602937692955031,0.016158536585365854,-1.0830574913871516
2023-03-15,TCS,TCS,3250,-0.009188426054407728,0.009230769230769232,-0.6285646886995068
2023-03-16,TCS,TCS,3208,-0.01300730633737679,0.013092269326683292,-0.8822799447529853
2023-03-17,TCS,TCS,3150.5,-0.01808651960429586,0.018251071258530392,-1.2197280444779697
2023-03-20,TCS,TCS,3169.64990234375,0.0060599704891455275,-0.006041645902151494,0.3844942570607945
2023-03-21,TCS,TCS,3143.30004882812,-0.008347921887928322,0.008382862948592423,-0.5727240458905268
2023-03-22,TCS,TCS,3130.05004882812,-0.004224224536034882,0.00423315914867264,-0.2987576337491451
2023-03-23,TCS,TCS,3114.89990234375,-0.00485197682110261,0.004863766721033489,-0.3404636627269441
2023-03-24,TCS,TCS,3148.89990234375,0.0108561368447333,-0.010797421656589827,0.7031375464062878
2023-03-27,TCS,TCS,3135,-0.00442398040390124,0.004433780651913875,-0.31202883038501994
2023-03-28,TCS,TCS,3127,-0.0025550956091802135,0.0025583626479053407,-0.18786558118826255
2023-03-29,TCS,TCS,3129,6.393862110414261e-4,-6.391818472355385e-4,0.02436646405007137
2023-03-31,TCS,TCS,3189.94995117188,0.019291762699117143,-0.01910686753862362,1.2635758987579149
2023-04-03,TCS,TCS,3224.94995117188,0.01091220372498114,-0.010852881604342952,0.7068624662320317
2023-04-05,TCS,TCS,3185.5,-0.012308168536437236,0.012384225764206561,-0.8358312705242458
2023-04-06,TCS,TCS,3225,0.012323687673328365,-0.012248062015503876,0.8006373386646045
2023-04-10,TCS,TCS,3220,-0.0015515906914185251,0.0015527950310559005,-0.12119564437565264
2023-04-11,TCS,TCS,3264,0.013572077545543237,-0.013480392156862746,0.8835767168628675
2023-04-12,TCS,TCS,3227.94995117188,-0.011106191407948884,0.011168094107231226,-0.75597541950828
2023-04-13,TCS,TCS,3210,-0.005576308551987097,0.005591885100274144,-0.3885861481026771
2023-04-17,TCS,TCS,3134.10009765625,-0.023928854453224346,0.02421744678815767,-1.607875714033393
2023-04-18,TCS,TCS,3154.94995117188,0.00663054984168987,-0.006608616250120068,0.4224018833289435
2023-04-19,TCS,TCS,3130.75,-0.007700040068383984,0.007729761613632517,-0.5296806694141064
2023-04-20,TCS,TCS,3090,-0.01310150155235057,0.013187702265372168,-0.888537999814928
2023-04-21,TCS,TCS,3110,0.006451635281488066,-0.006430868167202572,0.4105153223242298
2023-04-24,TCS,TCS,3151.10009765625,0.01312890302842007,-0.013043094913684194,0.8541334958774764
2023-04-25,TCS,TCS,3183,0.010072519080392084,-0.010021961151036757,0.6510762700646315
2023-04-26,TCS,TCS,3181,-6.285355329485043e-4,6.287331027978623e-4,-0.05987055468195928
2023-04-27,TCS,TCS,3185,0.0012566762571211143,-0.0012558869701726845,0.0653774124158789
2023-04-28,TCS,TCS,3200.39990234375,0.004823482455940109,-0.004811868145750219,0.30234560229661744
2023-05-02,TCS,TCS,3235,0.010753156472796732,-0.010695547961746522,0.6962958311656402
2023-05-03,TCS,TCS,3216,-0.005890576636144118,0.005907960199004975,-0.4094652020486444
2023-05-04,TCS,TCS,3180.14990234375,-0.011210016533839351,0.011273084212108589,-0.7628732577351853
2023-05-05,TCS,TCS,3220,0.012453024773435573,-0.012375806725543479,0.8092301179713807
2023-05-08,TCS,TCS,3245,0.007733990599737339,-0.007704160246533128,0.4957112655884202
2023-05-09,TCS,TCS,3252.60009765625,0.002339356380213431,-0.0023366222185526152,0.1373075187037939
2023-05-10,TCS,TCS,3290,0.011432858241013477,-0.011367751472264438,0.7414532321273766
2023-05-11,TCS,TCS,3309,0.005758464162195054,-0.005741915986702931,0.3644630570032249
2023-05-12,TCS,TCS,3279.14990234375,-0.009061816250067523,0.009102998809208096,-0.6201531029605802
2023-05-15,TCS,TCS,3284,0.0014779789007732802,-0.0014768872278471377,0.08008011392507121
2023-05-16,TCS,TCS,3256.19995117188,-0.00850133527033492,0.00853757424144515,-0.5829163830980142
2023-05-17,TCS,TCS,3255.94995117188,-7.677955940010861e-5,7.678250702533683e-5,-0.02321349875583567
2023-05-18,TCS,TCS,3225.94995117188,-0.0092566113836412,0.00929958630917445,-0.6330947228938587
2023-05-19,TCS,TCS,3210,-0.004956528234881574,0.004968832140772587,-0.3474097534006691
2023-05-22,TCS,TCS,3230,0.006211200092641533,-0.006191950464396285,0.3945415103734281
2023-05-23,TCS,TCS,3306,0.023256862164267034,-0.022988505747126436,1.527005530360545
2023-05-24,TCS,TCS,3276,-0.009115833408008811,0.009157509157509158,-0.623741845220941
2023-05-25,TCS,TCS,3294,0.005479465764624436,-0.00546448087431694,0.34592721805761856
2023-05-26,TCS,TCS,3293.5,-1.5180265683767402e-4,1.518141794443601e-4,-0.028197814305444
2023-05-29,TCS,TCS,3360.80004882812,0.02022822630314458,-0.02002500828681757,1.3257918064258198
2023-05-30,TCS,TCS,3315,-0.013721431763929814,0.013816002663082956,-0.9297243530680304
2023-05-31,TCS,TCS,3309,-0.0018115946983492393,0.001813236627379873,-0.13846955146506731
2023-06-01,TCS,TCS,3314,0.001509890064895103,-0.0015087507543753772,0.08220019849868108
2023-06-02,TCS,TCS,3326.25,0.0036896243053909927,-0.00368282600526118,0.22701537728854715
2023-06-05,TCS,TCS,3315,-0.0033879196719368565,0.003393665158371041,-0.24319598032956632
2023-06-06,TCS,TCS,3280,-0.010614201241772037,0.010670731707317074,-0.7232890293264029
2023-06-07,TCS,TCS,3253,-0.008265774904838707,0.008300030740854596,-0.5672664401776646
2023-06-08,TCS,TCS,3261,0.0024562493159674403,-0.0024532352039251764,0.1450735440640858
2023-06-09,TCS,TCS,3245,-0.0049185466511278975,0.004930662557781202,-0.3448863678706071
2023-06-12,TCS,TCS,3215,-0.009287992466470385,0.00933125972006221,-0.635179590413989
2023-06-13,TCS,TCS,3260,0.013899837689033134,-0.013803680981595092,0.9053521438382676
2023-06-14,TCS,TCS,3243.69995117188,-0.005012556876762275,0.005025140757002242,-0.3511321327809098
2023-06-15,TCS,TCS,3245.30004882812,4.931723497225704e-4,-4.930507602271759e-4,0.01465244200318304
2023-06-16,TCS,TCS,3197,-0.014994940773872756,0.015107928942170784,-1.0143325734369364
2023-06-19,TCS,TCS,3190,-0.002191953280950898,0.00219435736677116,-0.16373946516383456
2023-06-20,TCS,TCS,3214,0.007495350518567534,-0.0074673304293715,0.4798567153506582
2023-06-21,TCS,TCS,3250,0.011138729026324512,-0.011076923076923076,0.7219121458697163
2023-06-22,TCS,TCS,3260,0.0030721990369713126,-0.003067484662576687,0.1859954451451533
2023-06-23,TCS,TCS,3237.30004882812,-0.00698753123997875,0.007012000997589712,-0.482343663159898
2023-06-26,TCS,TCS,3205,-0.010027573766004494,0.010078018355107644,-0.6843152126067229
2023-06-27,TCS,TCS,3202,-9.364757981096261e-4,9.369144284821987e-4,-0.08032920680913737
2023-06-28,TCS,TCS,3208,0.0018720754297447684,-0.0018703241895261845,0.10626273667021076
2023-06-30,TCS,TCS,3220,0.0037336695520480134,-0.0037267080745341614,0.2299416148780343
2023-07-03,TCS,TCS,3314.30004882812,0.028865095128731255,-0.02845247788034849,1.8996001542169323
2023-07-04,TCS,TCS,3290,-0.007358889907767008,0.007386033078455926,-0.5070156487954925
2023-07-05,TCS,TCS,3320,0.009077218151116284,-0.009036144578313253,0.5849513822938623
2023-07-06,TCS,TCS,3306.55004882812,-0.004059418413133287,0.004067669012494404,-0.28780839612649767
2023-07-07,TCS,TCS,3302,-0.0013770190173278962,0.0013779675433434274,-0.1095976120441832
2023-07-10,TCS,TCS,3324.75,0.006866137813199558,-0.006842619745845552,0.4380536603121256
2023-07-11,TCS,TCS,3295,-0.008988315356665666,0.009028831562974203,-0.6152699182028113
2023-07-12,TCS,TCS,3280.94995117188,-0.004273168230259472,0.004282311232178852,-0.3020093098931444
2023-07-13,TCS,TCS,3284,9.291918659712906e-4,-9.287603008891589e-4,0.04362030562096706
2023-07-14,TCS,TCS,3365,0.02436577150650976,-0.024071322436849927,1.6006782293874202
2023-07-17,TCS,TCS,3510,0.04218807438108385,-0.04131054131054131,2.784739996771868
2023-07-18,TCS,TCS,3476,-0.009733830074630134,0.009781357882623706,-0.664799739392349
2023-07-19,TCS,TCS,3500,0.006880761092222798,-0.006857142857142857,0.4390251882749712
2023-07-20,TCS,TCS,3453.10009765625,-0.013490561901750908,0.013581970118845597,-0.9143860334934673
2023-07-21,TCS,TCS,3404.05004882812,-0.014306493044594859,0.014409320698741195,-0.9685941163578036
2023-07-24,TCS,TCS,3381,-0.006794389823273406,0.006817524054457261,-0.4695119113470101
2023-07-25,TCS,TCS,3397.5,0.004868343317413704,-0.004856512141280353,0.3053260269529973
2023-07-26,TCS,TCS,3400.35009765625,8.385291768142622e-4,-8.381777094701157e-4,0.03759694126034128
2023-07-27,TCS,TCS,3394.94995117188,-0.0015893772408439588,0.0015906409702758527,-0.12370607239440208
2023-07-28,TCS,TCS,3385,-0.0029351126148942086,0.002939424275296899,-0.2131128015160637
2023-07-31,TCS,TCS,3364.39990234375,-0.006104294284442702,0.006122963456840938,-0.4236639786123138
2023-08-01,TCS,TCS,3415,0.014927880942957827,-0.014817012490849196,0.973652336061238
2023-08-02,TCS,TCS,3434.94995117188,0.0058248622897725255,-0.005807930670161236,0.3688743547375868
2023-08-03,TCS,TCS,3420,-0.004361804238012468,0.0043713307520116965,-0.30789802745852207
2023-08-04,TCS,TCS,3401.25,-0.005497539959193887,0.005512679162072767,-0.38335299277745793
2023-08-07,TCS,TCS,3453.94995117188,0.015375478397606557,-0.015257879215649781,1.0033894041022655
2023-08-08,TCS,TCS,3484.05004882812,0.008676934709431094,-0.008639398755584563,0.5583577191318745
2023-08-09,TCS,TCS,3464.89990234375,-0.0055116802102457285,0.005526897464315298,-0.3842924297720844
2023-08-10,TCS,TCS,3450,-0.004309512968843521,0.004318812273550725,-0.30442394820923974
2023-08-11,TCS,TCS,3438.10009765625,-0.0034552094231852237,0.0034611855401947586,-0.24766651493739872
2023-08-14,TCS,TCS,3440.69995117188,7.559032450323855e-4,-7.556176221482228e-4,0.0321075155949301
2023-08-16,TCS,TCS,3450,0.0026993061781528382,-0.0026956663269913036,0.1612215323369068
2023-08-17,TCS,TCS,3455,0.001448226176364642,-0.001447178002894356,0.07810342978411068
2023-08-18,TCS,TCS,3410,-0.013110165924206996,0.013196480938416423,-0.88911363538382715
2023-08-21,TCS,TCS,3375,-0.010316966970933095,0.01037037037037037,-0.7035416522036908
2023-08-22,TCS,TCS,3400,0.007380107297622729,-0.007352941176470588,0.4722002922255584
2023-08-23,TCS,TCS,3388,-0.0035356548323068893,0.0035419126328217238,-0.2530110730437722
2023-08-24,TCS,TCS,3408,0.005885832177261463,-0.005868544600938967,0.37292501604912515
2023-08-25,TCS,TCS,3375,-0.009730284642577303,0.009777777777777778,-0.6645641912383263
2023-08-28,TCS,TCS,3394,0.005613842487541376,-0.005598114319387153,0.3548548151897544
2023-08-29,TCS,TCS,3381.05004882812,-0.003822840229826596,0.0038301566036765666,-0.2720908323625412
2023-08-30,TCS,TCS,3398,0.005000696667533333,-0.004988213999964686,0.3141191971041576
2023-08-31,TCS,TCS,3401,8.824827753173281e-4,-8.820935019112026e-4,0.04051709001401156
2023-09-01,TCS,TCS,3366,-0.010344410256443837,0.010398098633392751,-0.7053649039672116
2023-09-04,TCS,TCS,3378,0.003558722616993748,-0.003552397868561279,0.2183186513038471
2023-09-05,TCS,TCS,3420,0.01235673268890558,-0.012280701754385965,0.8028327530182353
2023-09-06,TCS,TCS,3434,0.004085211400770561,-0.004076878276062901,0.2532970289137914
2023-09-07,TCS,TCS,3430.80004882812,-9.322781088716425e-4,9.327128151852014e-4,-0.08005032459199227
2023-09-08,TCS,TCS,3455.25,0.007101329135586809,-0.0070761742773692215,0.4536790850856908
2023-09-11,TCS,TCS,3462,0.0019516432520187976,-0.001949740034662045,0.1115489904686674
2023-09-12,TCS,TCS,3492,0.008628181223338416,-0.00859106529209622,0.555118679860957
2023-09-13,TCS,TCS,3571.10009765625,0.02239906094953703,-0.022150064544022224,1.470015722167665
2023-09-14,TCS,TCS,3570.05004882812,-2.9408395402974463e-4,2.941272009546992e-4,-0.03765056827353798
2023-09-15,TCS,TCS,3567.85009765625,-6.164141263909073e-4,6.166041486202472e-4,-0.05906524382097858
2023-09-18,TCS,TCS,3580.05004882812,0.0034135795880008146,-0.003407759949016211,0.20867577223022832
2023-09-20,TCS,TCS,3580,-1.398002186547842e-5,1.3980119586591558e-5,-0.01904128083727008
2023-09-21,TCS,TCS,3588.55004882812,0.0023854343833118463,-0.002382591495668873,0.14036880669603374
2023-09-22,TCS,TCS,3584,-0.0012687396832369302,0.00126954487391741,-0.10240384922927231
2023-09-25,TCS,TCS,3602.5,0.00514855377885759,-0.005135322692574601,0.32394239188355556
2023-09-26,TCS,TCS,3567.60009765625,-0.009734920708531547,0.00978245918500721,-0.6648721979245139
2023-09-27,TCS,TCS,3590,0.006259074317178204,-0.006239527115250696,0.39772213407383544
2023-09-28,TCS,TCS,3600,0.0027816429618763294,-0.002777777777777778,0.16669174784966734
2023-09-29,TCS,TCS,3537.19995117188,-0.017598405546793927,0.017754169878724056,-1.1872991716394308
2023-10-03,TCS,TCS,3534.19995117188,-8.48488339341813e-4,8.488484074041288e-4,-0.07448357694471315
2023-10-04,TCS,TCS,3486.30004882812,-0.013645935655413055,0.013739466389263027,-0.9247086120435108
2023-10-05,TCS,TCS,3554,0.019232713811945246,-0.019048945180607766,1.2596528630986068
2023-10-06,TCS,TCS,3591,0.010356985511485561,-0.010303536619326092,0.6699753891926514
2023-10-09,TCS,TCS,3645.05004882812,0.014939380939450686,-0.014828342026605927,0.9744163622518348
2023-10-10,TCS,TCS,3640.05004882812,-0.0013726649512175726,0.001373607486965654,-0.10930834060449152
2023-10-11,TCS,TCS,3650,0.002729736362221402,-0.0027260140196931513,0.16324322491977994
2023-10-12,TCS,TCS,3575,-0.020761991448429384,0.02097902097902098,-1.3974785822534392
2023-10-13,TCS,TCS,3530,-0.012667305200764645,0.012747875354107648,-0.8596912619344234
2023-10-16,TCS,TCS,3566,0.010146648495743094,-0.010095344924284913,0.6560012119856063
2023-10-17,TCS,TCS,3530,-0.010146648495743094,0.010198300283286119,-0.6922261899893064
2023-10-18,TCS,TCS,3511,-0.005396973758911017,0.005411563657077755,-0.37667166805268926
2023-10-19,TCS,TCS,3469.5,-0.011890405828829387,0.011961377720132584,-0.8080763359683871
2023-10-20,TCS,TCS,3450.39990234375,-0.005520353308847703,0.005535618536064731,-0.3848686451205326
2023-10-23,TCS,TCS,3473,0.0065286357133196304,-0.0065073704740138206,0.41563100619763155
2023-10-25,TCS,TCS,3390.5,-0.024041370620178526,0.02433269429287716,-1.6153509596532951
2023-10-26,TCS,TCS,3368.05004882812,-0.006643446768727301,0.006665563410998374,-0.4594836955100577
2023-10-27,TCS,TCS,3350,-0.005373610536057782,0.005388074277050746,-0.3751194837396312
2023-10-30,TCS,TCS,3350,0,0,-0.01811248900185279
2023-10-31,TCS,TCS,3399,0.014520924877004404,-0.014416004707266844,0.9466153632248664
2023-11-01,TCS,TCS,3355,-0.013029500290333118,0.013114754098360656,-0.8837544461878987
2023-11-02,TCS,TCS,3343.19995117188,-0.0035233528772824485,0.0035295671812820436,-0.25219376706970686
2023-11-03,TCS,TCS,3382,0.011538832930025222,-0.011472515916061502,0.7484938810520654
2023-11-06,TCS,TCS,3375,-0.0020719261518955534,0.002074074074074074,-0.1557652131513974
2023-11-07,TCS,TCS,3378,8.884940611153525e-4,-8.880994671403197e-4,0.04091646229127976
2023-11-08,TCS,TCS,3371.44995117188,-0.0019409139801780384,0.0019427987729265478,-0.14706114697741804
2023-11-09,TCS,TCS,3390.10009765625,0.005516543883233638,-0.005501355696624946,0.34839058000123124
2023-11-10,TCS,TCS,3338,-0.015487623049020627,0.015608177847887957,-1.0470649453181662
2023-11-13,TCS,TCS,3356,0.005377963365317484,-0.005363528009535161,0.3391836950030744
2023-11-15,TCS,TCS,3383.10009765625,0.008042689185160157,-0.008010433293127938,0.5162202982998304
2023-11-16,TCS,TCS,3430.05004882812,0.013782374776351247,-0.013687832685680634,0.8975482508749609
2023-11-17,TCS,TCS,3497.85009765625,0.019573669382774384,-0.019383348895814525,1.2823049557398496
2023-11-20,TCS,TCS,3491.25,-0.0018886836719964606,0.00189046835839599,-0.1435911177982119
2023-11-21,TCS,TCS,3519.60009765625,0.008087536258424066,-0.00805492012434274,0.5191998069078797
2023-11-22,TCS,TCS,3500,-0.005584406040306078,0.005600027901785714,-0.389124121584444
2023-11-23,TCS,TCS,3530,0.008534902449838455,-0.0084985835694051,0.5489215104946884
2023-11-24,TCS,TCS,3494.25,-0.01017911056232812,0.010231093940044358,-0.6943828749139274
2023-11-28,TCS,TCS,3457.10009765625,-0.010688644798579006,0.010745972431904957,-0.7282348418885461
2023-11-29,TCS,TCS,3481,0.006889493245003209,-0.0068658150944412525,0.4396053270105757
2023-11-30,TCS,TCS,3499.44995117188,0.005286190507606037,-0.0052722431894479775,0.3330865742851505
2023-12-01,TCS,TCS,3500,1.571691584594248e-4,-1.5715680803428508e-4,-0.00767062899905846
2023-12-04,TCS,TCS,3544.64990234375,0.012676428457725208,-0.012596420965079552,0.8240724064860162
2023-12-05,TCS,TCS,3538,-0.0018778012154996304,0.0018795653882843415,-0.14286811916191022
2023-12-06,TCS,TCS,3532.60009765625,-0.0015274243540890353,0.0015285914608145531,-0.119590103481678
2023-12-07,TCS,TCS,3605,0.020287599353407515,-0.02008319066400832,1.3297363785344596
2023-12-08,TCS,TCS,3633,0.007736982502153822,-0.007707129094412331,0.49591003884950624
2023-12-11,TCS,TCS,3622.89990234375,-0.0027839700975977877,0.002787848941041948,-0.2030713339561098
2023-12-12,TCS,TCS,3638.94995117188,0.0044203819374981634,-0.0044106264289129,0.2755647807799023
2023-12-13,TCS,TCS,3643.55004882812,0.0012633294248001192,-0.0012625317601221181,0.06581942945138025
2023-12-14,TCS,TCS,3630,-0.003725846227006002,0.003732795820418732,-0.2656468340076295
2023-12-15,TCS,TCS,3666.69995117188,0.01005941340462968,-0.010008986734829686,0.6502055672315592
2023-12-18,TCS,TCS,3858.10009765625,0.050882797944121094,-0.04960994832680555,3.362392044401207
2023-12-19,TCS,TCS,3845,-0.003401256667903141,0.003407047504876463,-0.244082051401719
2023-12-20,TCS,TCS,3827.25,-0.004627073327554854,0.004637794761251551,-0.3255217312640864
2023-12-21,TCS,TCS,3756.25,-0.018725410328672254,0.0189018302828619,-1.2621740788426794
2023-12-22,TCS,TCS,3800,0.011579947430959692,-0.011513157894736841,0.7512254084525731
2023-12-26,TCS,TCS,3819.85009765625,0.005210113664933402,-0.005196564563732344,0.32803225097881666
2023-12-27,TCS,TCS,3799,-0.005473306191785099,0.0054883120969334035,-0.3817429720259037
2023-12-28,TCS,TCS,3824,0.006559120983666844,-0.00653765690376569,0.41765635855197425
2023-12-29,TCS,TCS,3792,-0.008403410796379518,0.008438818565400843,-0.5764105669575305
2024-01-01,TCS,TCS,3790,-5.275652984408907e-4,5.277044854881266e-4,-0.05316238710302178
2024-01-02,TCS,TCS,3811.10009765625,0.005551867909357355,-0.005536484772264611,0.35073740516183066
2024-01-03,TCS,TCS,3767,-0.011638958293788804,0.011706954514534112,-0.79137089588924725
2024-01-04,TCS,TCS,3701.75,-0.017473247903213363,0.01762679813601675,-1.1789840632214237
2024-01-05,TCS,TCS,3675,-0.007252548141890358,0.00727891156462585,-0.4999506123556871
2024-01-08,TCS,TCS,3737.89990234375,0.016970797610811772,-0.016827604801377988,1.1093777547898125
2024-01-09,TCS,TCS,3709.94995117188,-0.007505543997428532,0.00753378119374395,-0.5167589183281874
2024-01-10,TCS,TCS,3690,-0.005391928225748188,0.005406490832487805,-0.3763364575606938
2024-01-11,TCS,TCS,3724,0.009171901362385881,-0.009129967776584319,0.5912418584048766
2024-01-12,TCS,TCS,3848,0.032755173388638426,-0.032224532224532226,2.158045595982058
2024-01-15,TCS,TCS,3960,0.028690492462930095,-0.028282828282828285,1.8880000628867444
2024-01-16,TCS,TCS,3899,-0.015523915265928778,0.015645037189022826,-1.04947609424759
2024-01-17,TCS,TCS,3819,-0.020731501757081716,0.020947892118355592,-1.3954529361807275
2024-01-18,TCS,TCS,3898,0.02047499284199006,-0.020266803488968702,1.3421862547849135
2024-01-19,TCS,TCS,3945,0.011985353212468297,-0.011913814955640051,0.7781593849167681
2024-01-23,TCS,TCS,3900,-0.011472401162237134,0.011538461538461539,-0.7803053263641305
2024-01-24,TCS,TCS,3880,-0.005141399500418586,0.005154639175257732,-0.35969206051616015
2024-01-25,TCS,TCS,3839.89990234375,-0.010388854473280418,0.010443005983508634,-0.7083176479705119
2024-01-29,TCS,TCS,3800.80004882812,-0.010234715424525476,0.010287269262608393,-0.6980770996094856
2024-01-30,TCS,TCS,3807.44995117188,0.001748077162853079,-0.0017465501658697462,0.09802465385450082
2024-01-31,TCS,TCS,3811.19995117188,9.844264668714686e-4,-9.839420780971982e-4,0.04728993123673716
2024-02-01,TCS,TCS,3820,0.002306335251383018,-0.0023036777036963343,0.13511369131578693
2024-02-02,TCS,TCS,3875.05004882812,0.014308155930029542,-0.01420628072784971,0.9324796156072878
2024-02-05,TCS,TCS,3983,0.027476725650993572,-0.027102674158142104,1.8073609397247783
2024-02-06,TCS,TCS,3997,0.003508775529679653,-0.0035026269702276708,0.21500031265266537
2024-02-07,TCS,TCS,4153,0.03828688491943133,-0.03756320732000963,2.52555635920409
2024-02-08,TCS,TCS,4090,-0.015285994593906338,0.015403422982885086,-1.0336693394530387
2024-02-09,TCS,TCS,4136.5498046875,0.01131708981765378,-0.011253292450329062,0.7337619160873998
2024-02-12,TCS,TCS,4130,-0.0015846528994227782,0.0015859091253026634,-0.12339220094410085
2024-02-13,TCS,TCS,4125.4501953125,-0.00110225488386817,0.0011028625900440317,-0.0913430852432893
2024-02-14,TCS,TCS,4107,-0.00448231711465219,0.004492377724007792,-0.31590455112218657
2024-02-15,TCS,TCS,4128,0.005100193204839343,-0.005087209302325582,0.32072945654383267
2024-02-16,TCS,TCS,4113.25,-0.0035795578946391515,0.0035859721631313437,-0.25592786432173203
2024-02-19,TCS,TCS,4123.0498046875,0.0023796630876518066,-0.002376833934035575,0.1399853786628409
2024-02-20,TCS,TCS,4082.10009765625,-0.009981547566447091,0.010031529372530918,-0.6812573662904287
2024-02-21,TCS,TCS,4013,-0.017072494521046977,0.01721906246106404,-1.1523591785860587
2024-02-22,TCS,TCS,3971,-0.010521139135665436,0.01057668093679174,-0.7171062547090896
2024-02-23,TCS,TCS,4130,0.039259454823827866,-0.038498789346246974,2.5901710640494424
2024-02-26,TCS,TCS,4036,-0.023023304481579743,0.023290386521308225,-1.5477136178425084
2024-02-27,TCS,TCS,3999,-0.0092097726266811,0.009252313078269568,-0.6299828926360818
2024-02-28,TCS,TCS,4095.60009765625,0.02386892069803004,-0.023586311005200537,1.56766891232244
2024-02-29,TCS,TCS,4099,8.297909594894293e-4,-8.294467781776043e-4,0.03701639961415476
2024-03-01,TCS,TCS,4107.2001953125,0.0019985371662230023,-0.001996541420566445,0.11466448521274364
2024-03-04,TCS,TCS,4105,-5.358357840314909e-4,5.359793696711328e-4,-0.05371185401850831
2024-03-05,TCS,TCS,4062,-0.0105302797461988,0.010585918266863614,-0.7177135301851741
2024-03-06,TCS,TCS,3994.05004882812,-0.016869697239547676,0.01701279411654267,-1.1388859193083631
2024-03-07,TCS,TCS,4065,0.017607977081128823,-0.01745386252690775,1.151710098430911
2024-03-11,TCS,TCS,4089,0.005886698382731481,-0.00586940572267058,0.3729825642114944
2024-03-12,TCS,TCS,4122.35009765625,0.008122971408299762,-0.008090069224157137,0.5215540148060372
2024-03-13,TCS,TCS,4205,0.019850880634106005,-0.019655149189952436,1.300722061907302
2024-03-14,TCS,TCS,4153.4501953125,-0.012334932216427674,0.012411321254237759,-0.837609371281136
2024-03-15,TCS,TCS,4192.60009765625,0.009381728631687736,-0.009337857518449138,0.6051821695467876
2024-03-18,TCS,TCS,4215.25,0.00538781183578152,-0.005373323609216535,0.33983799862624603
2024-03-19,TCS,TCS,4051.25,-0.039683426202334005,0.040481332921937674,-2.654563462576021
2024-03-20,TCS,TCS,3986,-0.016237253683016206,0.016369794279979928,-1.0968682159517753
2024-03-21,TCS,TCS,3990.05004882812,0.0010155525984441027,-0.001015037099424229,0.04935786053984223
2024-03-22,TCS,TCS,3897,-0.02359674803247458,0.02387735407444701,-1.5858115330865497
2024-03-26,TCS,TCS,3875,-0.0056613635512619,0.00567741935483871,-0.3942369539202586
2024-03-27,TCS,TCS,3888.5,0.0034778163475497337,-0.003471775749003472,0.21294347498325025
2024-03-28,TCS,TCS,3850.10009765625,-0.009924331799911812,0.009973741297564174,-0.6774561178141882
2024-04-01,TCS,TCS,3897.69995117188,0.012287475698338213,-0.012212292919396902,0.7982315207739169
2024-04-02,TCS,TCS,3890,-0.001977465420932134,0.0019794218950848334,-0.14948951798224658
2024-04-03,TCS,TCS,3851,-0.010076302797582315,0.010127239678005712,-0.6875526271911874
2024-04-04,TCS,TCS,3975.89990234375,0.03191825817778415,-0.03141424719222002,2.102443392905967
2024-04-05,TCS,TCS,3978,5.280674212233549e-4,-5.279280181623931e-4,0.01697076867101749
2024-04-08,TCS,TCS,3983,0.0012561237677264359,-0.0012553351744915891,0.06534070663371103
2024-04-09,TCS,TCS,3984,2.510355228455552e-4,-2.51004016064257e-4,-0.00143442181000177
2024-04-10,TCS,TCS,3956.39990234375,-0.006951843521912693,0.006976063678471899,-0.47997267536857985
2024-04-12,TCS,TCS,3971,0.0036834559486749185,-0.00367668034657517,0.2266055696780023
2024-04-15,TCS,TCS,4001.39990234375,0.007626323329542828,-0.007597316710570166,0.4885581665118458
2024-04-16,TCS,TCS,3902,-0.025155033277737715,0.025474090810802152,-1.6893394550717484
2024-04-18,TCS,TCS,3876.80004882812,-0.006479158525840134,0.00650019367893308,-0.44856886432334536
2024-04-19,TCS,TCS,3838,-0.010058686089571722,0.0101094447181136,-0.6863822245461679
2024-04-22,TCS,TCS,3837,-2.6058632069236864e-4,2.6062027625749283e-4,-0.0354250833173729
2024-04-23,TCS,TCS,3877.05004882812,0.01038375650447243,-0.01033003142175726,0.6717539758036015
2024-04-24,TCS,TCS,3890,0.003334589861067272,-0.003329036290971723,0.2034279253983121
2024-04-25,TCS,TCS,3811.19995117188,-0.020465070263254503,0.02067591567949362,-1.3777520056283614
2024-04-26,TCS,TCS,3855.14990234375,0.011465804065659668,-0.011400322240427148,0.7436420565253707
2024-04-29,TCS,TCS,3838,-0.004458493847252498,0.004468447718538301,-0.31432180279267163
2024-04-30,TCS,TCS,3872,0.008819771828823875,-0.00878099173553719,0.5678474003041271
2024-05-02,TCS,TCS,3778.05004882812,-0.024563152982812753,0.02486731249127351,-1.6500166563839436
2024-05-03,TCS,TCS,3890.14990234375,0.02923967576324671,-0.02881633261692351,1.9244861979148151
2024-05-06,TCS,TCS,3853,-0.00959562655074464,0.009641812183688035,-0.6556179007769832
2024-05-07,TCS,TCS,3930.80004882812,0.01999091428404398,-0.019792420846060164,1.3100254887543563
2024-05-08,TCS,TCS,3961,0.0076535387117147025,-0.0076243249613430954,0.4903662770428953
2024-05-09,TCS,TCS,3962,2.5242963658023143e-4,-2.523977788995457e-4,-0.00134180096382832
2024-05-10,TCS,TCS,3962.60009765625,1.5145184615050766e-4,-1.5144037789857685e-4,-0.00805047053607725
2024-05-13,TCS,TCS,3884.5,-0.01990612471417208,0.020105572829514737,-1.3406172952950246
2024-05-14,TCS,TCS,3936,0.01317070378166818,-0.013084349593495935,0.8569106158780257
2024-05-15,TCS,TCS,3904.5,-0.008035245069413222,0.008067614291202459,-0.5519507109878132
2024-05-16,TCS,TCS,3891.10009765625,-0.003437815016983592,0.0034437310805294483,-0.24651088137550997
2024-05-17,TCS,TCS,3919,0.007144600113885957,-0.007119138133133453,0.4565538825460015
2024-05-21,TCS,TCS,3830.60009765625,-0.02281504483734942,0.023077298619043375,-1.5338774551335308
2024-05-22,TCS,TCS,3835,0.0011479604390736142,-0.0011473017845501955,0.05815465088145614
2024-05-23,TCS,TCS,3840.94995117188,0.0015502843039350012,-0.0015490832339704564,0.08488387380177484
2024-05-24,TCS,TCS,3878.25,0.009664301839148237,-0.00961775255027912,0.6239555084242476
2024-05-27,TCS,TCS,3855,-0.0060130139470100374,0.006031128404669261,-0.4175995795036147
2024-05-28,TCS,TCS,3858,7.779074682439102e-4,-7.776049766718507e-4,0.03356941193953608
2024-05-29,TCS,TCS,3848.89990234375,-0.002361546666170611,0.0023643373138149382,-0.1750067545176924
2024-05-30,TCS,TCS,3777,-0.018857324087045768,0.0190362463181758,-1.2709380438017372
2024-05-31,TCS,TCS,3740,-0.009844432303879103,0.009893048128342246,-0.6721478285795058
2024-06-03,TCS,TCS,3732.80004882812,-0.0019269760605826747,0.001928833872079584,-0.14613515229393578
2024-06-04,TCS,TCS,3700,-0.008825815715679752,0.008864878061654053,-0.6044739165043058
2024-06-05,TCS,TCS,3716,0.004315001301414156,-0.004305705059203444,0.2685635989972238
2024-06-06,TCS,TCS,3781,0.017340703957202663,-0.017191219254165564,1.133953252432128
2024-06-07,TCS,TCS,3837.30004882812,0.014780482107127568,-0.014671786962636288,0.9638595877675952
2024-06-10,TCS,TCS,3895,0.014924672306788622,-0.014813851392010271,0.9734391636423564
2024-06-11,TCS,TCS,3845,-0.012920076365103839,0.013003901170351105,-0.876484640079607
2024-06-12,TCS,TCS,3874.39990234375,0.007617183943757766,-0.007588246718147253,0.48795097240451607
2024-06-13,TCS,TCS,3856.80004882812,-0.004552950131822442,0.004563330557148712,-0.3205972025565194
2024-06-14,TCS,TCS,3889,0.008314218404066764,-0.00827975087988686,0.534259906822745
2024-06-18,TCS,TCS,3826.05004882812,-0.016319103000093094,0.016452986858120407,-1.1023060456036986
2024-06-19,TCS,TCS,3827.64990234375,4.180601667531647e-4,-4.1797279177763317e-4,0.00966220787104183
2024-06-20,TCS,TCS,3796,-0.008303131592588997,0.008337698193822445,-0.5697483094418183
2024-06-21,TCS,TCS,3827,0.008133325695883542,-0.00810033969166449,0.5222419234416951
2024-06-24,TCS,TCS,3808.75,-0.00478015512578267,0.004791598293403348,-0.3356920389870444
2024-06-25,TCS,TCS,3817,0.0021637224453101567,-0.002161383285302594,0.1256389128654846
2024-06-26,TCS,TCS,3844.5,0.007178781727006367,-0.00715307582260372,0.4588248091220722
2024-06-27,TCS,TCS,3831,-0.0035176897715860633,0.003523884103367267,-0.2518175268618629
2024-06-28,TCS,TCS,3917.80004882812,0.02240441851179753,-0.022155303421899582,1.4703716629618775
2024-07-01,TCS,TCS,3884,-0.008664733801230895,0.00870238126367662,-0.5937721044177313
2024-07-02,TCS,TCS,3993.60009765625,0.027827553777024505,-0.027443934038506188,1.8306689361089064
2024-07-03,TCS,TCS,4020,0.006588798424825626,-0.006567139886504975,0.41962804109366225
2024-07-04,TCS,TCS,3999.85009765625,-0.005025017799203724,0.005037664375361723,-0.35196000008596073
2024-07-05,TCS,TCS,4010,0.002534356486751932,-0.002531147716645885,0.15026275644226073
2024-07-08,TCS,TCS,4022,0.0029880500319823255,-0.0029835902536051715,0.18040483094279397
2024-07-09,TCS,TCS,3985,-0.00924197910828184,0.009284818067754079,-0.6321225972406804
2024-07-10,TCS,TCS,3983.69995117188,-3.262888169004441e-4,3.2634205488733255e-4,-0.03979016533452079
2024-07-11,TCS,TCS,3931,-0.013317176985554013,0.013406245528333758,-0.9028668458915108
2024-07-12,TCS,TCS,3980,0.012387972856622298,-0.012311557788944723,0.8049082585497838
2024-07-15,TCS,TCS,4235.7001953125,0.062266830516136906,-0.060367869188540396,4.118713930638208
2024-07-16,TCS,TCS,4172,-0.015153112673957025,0.015268503190915628,-1.0248410526656786
2024-07-18,TCS,TCS,4160,-0.0028804628653542608,0.0028846153846153848,-0.20948203171691007
2024-07-19,TCS,TCS,4317.39990234375,0.03713827232624212,-0.03645710517997271,2.4492458921054685
2024-07-22,TCS,TCS,4299.9501953125,-0.004049906452438634,0.0040581184057137286,-0.2871764492298706
2024-07-23,TCS,TCS,4283,-0.0039497415137415,0.003957552022530936,-0.28052178315333703
2024-07-24,TCS,TCS,4287.5,0.0010501138588256964,-0.0010495626822157435,0.05165400977133822
2024-07-25,TCS,TCS,4295,0.0017477429441594694,-0.0017462165308498253,0.09800244934028988
2024-07-26,TCS,TCS,4350,0.012724289664374666,-0.01264367816091954,0.8272521653158891
2024-07-29,TCS,TCS,4415,0.014831988955331,-0.014722536806342015,0.96728155237817
2024-07-30,TCS,TCS,4391.10009765625,-0.005428046640464146,0.005442805176886442,-0.3787360595798635
2024-07-31,TCS,TCS,4350,-0.009403942314866853,0.00944829831178161,-0.6428829598038686
2024-08-01,TCS,TCS,4399.39990234375,0.01129230069126308,-0.011228781979431455,0.7321149989065465
2024-08-02,TCS,TCS,4365,-0.007849956500290745,0.007880848188717067,-0.539640679440459
2024-08-05,TCS,TCS,4239,-0.02929079692106562,0.029723991507430998,-1.9641075163860184
2024-08-06,TCS,TCS,4170.9501953125,-0.016183517933647806,0.016315180354821164,-1.093298169655413
2024-08-07,TCS,TCS,4228,0.013585193571138632,-0.013493331288434248,0.8844481073086871
2024-08-08,TCS,TCS,4181,-0.011178615633562927,0.011241329825400622,-0.7607870736017758
2024-08-09,TCS,TCS,4217,0.008573522389994537,-0.008536874555371117,0.5514873065604871
2024-08-12,TCS,TCS,4230,0.0030780182937650835,-0.0030732860520094564,0.1863820595761078
2024-08-13,TCS,TCS,4213,-0.004027010061307124,0.004035129361500119,-0.28565527985346156
2024-08-14,TCS,TCS,4209,-9.498932084461842e-4,9.50344499881207e-4,-0.08122062037714656
2024-08-16,TCS,TCS,4350,0.032950755312159075,-0.032413793103448274,2.1710394879420956
2024-08-19,TCS,TCS,4421,0.016190069743512225,-0.0160597149966071,1.0575084747699317
2024-08-20,TCS,TCS,4505,0.018821976216196745,-0.018645948945615984,1.2323646564634807
2024-08-21,TCS,TCS,4518,0.002881526985509808,-0.002877379371403276,0.17332775074948298
2024-08-22,TCS,TCS,4560,0.009253205480483473,-0.009210526315789473,0.5966434666284993
2024-08-23,TCS,TCS,4500,-0.013245226750020933,0.013333333333333334,-0.8980866823150745
2024-08-26,TCS,TCS,4489,-0.0024474369764799775,0.002450434395188238,-0.18071305596147277
2024-08-27,TCS,TCS,4505,0.0035579312605076296,-0.003551609322974473,0.21826607588930444
2024-08-28,TCS,TCS,4498.75,-0.0013883106491991981,0.0013892747985551543,-0.1103477950976224
2024-08-29,TCS,TCS,4460,-0.008650814379130622,0.008688340807174889,-0.5928473386537161
2024-08-30,TCS,TCS,4500,0.008928630744302168,-0.008888888888888889,0.575079668814244
2024-09-02,TCS,TCS,4576,0.016747857301222524,-0.016608391608391608,1.0945662515372958
2024-09-03,TCS,TCS,4521.0498046875,-0.012081029526768816,0.012154299927314828,-0.8207408178974308
2024-09-04,TCS,TCS,4476.9501953125,-0.009802169921011128,0.009850368543562,-0.6693400392547288
2024-09-05,TCS,TCS,4481,9.041811742882544e-4,-9.037725256639143e-4,0.0419586682890062
2024-09-06,TCS,TCS,4473.9501953125,-0.0015745048247381987,0.001575745008267259,-0.12271799249130626
2024-09-09,TCS,TCS,4455,-0.00424467005649376,0.004253691428170595,-0.30011597443392685
2024-09-10,TCS,TCS,4442.4501953125,-0.0028209908984297982,0.0028249736374629623,-0.20553088787410717
2024-09-11,TCS,TCS,4521.4501953125,0.017626712032662084,-0.017472270308738835,1.15295479391062
2024-09-12,TCS,TCS,4510.25,-0.0024801977062303138,0.0024832759409123663,-0.1828895831949817
2024-09-13,TCS,TCS,4530,0.004369355144167031,-0.004359823399558499,0.2721747096134217
2024-09-16,TCS,TCS,4527,-6.624710411209378e-4,6.626905235255136e-4,-0.06212513076376418
2024-09-17,TCS,TCS,4513.25,-0.003041953619190352,0.0030465850551154934,-0.22021100589887457
2024-09-18,TCS,TCS,4497.0498046875,-0.0035959320156617736,0.003602405135832324,-0.2570157131150417
2024-09-19,TCS,TCS,4390.0498046875,-0.024081010764922084,0.024373299793945424,-1.617984535133265
2024-09-20,TCS,TCS,4316.89990234375,-0.01680304260526988,0.01694500775985914,-1.1344575800179346
2024-09-23,TCS,TCS,4300,-0.003922506749260535,0.003930209847383721,-0.2787123849183281
2024-09-24,TCS,TCS,4251.64990234375,-0.011307902781918955,0.011372078785131553,-0.7693765342601377
2024-09-25,TCS,TCS,4252.35009765625,1.6467434479849885e-4,-1.6466078672259927e-4,-0.00717200633152354
2024-09-26,TCS,TCS,4260,0.0017973660188825846,-0.0017957517238849764,0.10129926154088674
2024-09-27,TCS,TCS,4335,0.017452449951226967,-0.01730103806228374,1.1413773300113006
2024-09-30,TCS,TCS,4286.89990234375,-0.011157772004317223,0.011220252105712227,-0.7594022837316019
2024-10-01,TCS,TCS,4255.5498046875,-0.007339870757636646,0.00736687363445207,-0.5057520719908435
2024-10-03,TCS,TCS,4262.60009765625,0.0016553581844682697,-0.001653988834802152,0.09186467564128632
2024-10-04,TCS,TCS,4225,-0.008860064845883642,0.008899431397928995,-0.6067493287182399
2024-10-07,TCS,TCS,4273.89990234375,0.011507475678737222,-0.011441517925334176,0.7464105968299293
2024-10-08,TCS,TCS,4272.60009765625,-3.041723974774868e-4,3.042186625921327e-4,-0.03832081500111597
2024-10-09,TCS,TCS,4260,-0.002953403809117461,0.002957769402875587,-0.2143280150555315
2024-10-10,TCS,TCS,4253.25,-0.0015857637011684744,0.0015870216892964204,-0.12346599936885702
2024-10-11,TCS,TCS,4143,-0.026263233484845827,0.02661115133960898,-1.7629650412307076
2024-10-14,TCS,TCS,4140,-7.243752580414764e-4,7.246376811594203e-4,-0.0662378661948356
2024-10-15,TCS,TCS,4131.0498046875,-0.002164223168112045,0.002166566789474244,-0.16189715743013128
2024-10-16,TCS,TCS,4085,-0.011209836357144454,0.011272902004283965,-0.7628612873216943
2024-10-17,TCS,TCS,4112.7998046875,0.006782285958253809,-0.006759338165649493,0.4324827878909691
2024-10-18,TCS,TCS,4090,-0.005559044215509346,0.005574524373471883,-0.3874391559936265
2024-10-21,TCS,TCS,4132.60009765625,0.010361802423361155,-0.010308303888491433,0.6702954107537357
2024-10-22,TCS,TCS,4066,-0.016247057271916887,0.016379758400454993,-1.097519537774824
2024-10-23,TCS,TCS,3999.60009765625,-0.016465334670094478,0.016601635344158552,-1.1120212508073386
2024-10-24,TCS,TCS,4004,0.0010994809169133646,-0.0010988767092282717,0.05493381297423517
2024-10-25,TCS,TCS,4057.05004882812,0.013162259108385754,-0.01307601537808081,0.8563495764409552
2024-10-28,TCS,TCS,4068.94995117188,0.002928848351059443,-0.002924563459015456,0.17647164411288524
2024-10-29,TCS,TCS,4095.85009765625,0.006589320903199081,-0.006567658933553977,0.4196627530313021
2024-10-30,TCS,TCS,4075,-0.005103543122793042,0.005116588381901841,-0.3571769933155927
2024-10-31,TCS,TCS,4070,-0.0012277472383210863,0.0012285012285012285,-0.09968043087446787
2024-11-01,TCS,TCS,3989.85009765625,-0.019889338768194875,0.020088449536194933,-1.339502086054125
2024-11-04,TCS,TCS,3966.30004882812,-0.005919978173537288,0.005937535874293747,-0.4114185543496525
2024-11-05,TCS,TCS,3941.10009765625,-0.0063737855724053105,0.006394141368511869,-0.4415681929534246
2024-11-06,TCS,TCS,4003.60009765625,0.01573408381446839,-0.01561094976408562,1.0272141009818494
2024-11-07,TCS,TCS,4169.7001953125,0.04065015686274798,-0.03983502167445436,2.682565247096279
2024-11-08,TCS,TCS,4155,-0.003531709310172104,0.0035379531438026472,-0.25274894407279014
2024-11-11,TCS,TCS,4128.2001953125,-0.006470904377609443,0.006491885911427143,-0.4480204828144614
2024-11-12,TCS,TCS,4216,0.02104528730925992,-0.02082538061847723,1.380074954107192
2024-11-13,TCS,TCS,4178.10009765625,-0.009030190120679293,0.009071085291855586,-0.6180519552625701
2024-11-14,TCS,TCS,4135,-0.01036929264272679,0.010423240061970979,-0.7070180170630175
2024-11-18,TCS,TCS,4213,0.018687654521224673,-0.01851412295276525,1.2234407152273814
2024-11-19,TCS,TCS,4019.89990234375,-0.046917980590448494,0.0480360462566905,-3.135206133465155
2024-11-21,TCS,TCS,4044.89990234375,0.006199801776512359,-0.006180622661518562,0.3937842395294519
2024-11-22,TCS,TCS,4071,0.0064318653378983015,-0.006411225167342176,0.4092018649941288
2024-11-25,TCS,TCS,4280,0.05006434007286309,-0.04883177570093458,3.308016093078343
2024-11-26,TCS,TCS,4321.0498046875,0.009545373484410646,-0.009499961014790649,0.61605425576943
2024-11-27,TCS,TCS,4358.9501953125,0.008732864398824702,-0.008694843695566213,0.5620735243978678
2024-11-28,TCS,TCS,4319,-0.009207353498377202,0.009249871570386663,-0.6298221728146927
2024-11-29,TCS,TCS,4220,-0.023188765930642674,0.023459715639810426,-1.5587063934222063
2024-12-02,TCS,TCS,4270,0.011778699192612763,-0.0117096018735363,0.7644298952032557
2024-12-03,TCS,TCS,4314.35009765625,0.010332871271431898,-0.010279670553472927,0.6683733094895926
2024-12-04,TCS,TCS,4313.5498046875,-1.8551280847134421e-4,1.855300170361608e-4,-0.03043741835674474
2024-12-05,TCS,TCS,4400.7998046875,0.02002511249448169,-0.019825941617945424,1.312297518007603
2024-12-06,TCS,TCS,4453,0.01179172814159024,-0.01172247817482596,0.7652955005328325
2024-12-09,TCS,TCS,4430.4501953125,-0.005076823221873639,0.005089732125046371,-0.35540180111225217
2024-12-10,TCS,TCS,4426.14990234375,-9.710934804036953e-4,9.715651443420148e-4,-0.08262910454781891
2024-12-11,TCS,TCS,4431.85009765625,0.0012870165047011994,-0.001286188654150217,0.06739312988108637
2024-12-12,TCS,TCS,4430.0498046875,-4.0629955502780035e-4,4.06382105872734e-4,-0.04510584516915667
2024-12-13,TCS,TCS,4434.9501953125,0.001105559193261385,-0.0011049482878476167,0.05533763590812617
2024-12-16,TCS,TCS,4459,0.005408139865116013,-0.0053935422039695,0.3411885335437639
2024-12-17,TCS,TCS,4410,-0.011049836186584727,0.011111111111111112,-0.7522313431406197
2024-12-18,TCS,TCS,4311.7001953125,-0.022542386257994096,0.022798385841939436,-1.5157628151997011
2024-12-19,TCS,TCS,4282,-0.006912113033269662,0.006936056822162541,-0.4773330977039343
2024-12-20,TCS,TCS,4329,0.010916378292352036,-0.010857010857010857,0.7071398122998149
2024-12-23,TCS,TCS,4200.0498046875,-0.030240184981900953,0.030702063382339915,-2.0271820872289488
2024-12-24,TCS,TCS,4158.2998046875,-0.009990093541977885,0.010040161114149765,-0.6818251359531053
2024-12-26,TCS,TCS,4179.5,0.005085332221108629,-0.005072423809666228,0.31974213617422304
2024-12-27,TCS,TCS,4163,-0.003955653944235138,0.003963487869325006,-0.28091458777297185
2024-12-30,TCS,TCS,4151,-0.0028866991419356225,0.002890869669959046,-0.20989635172505844
2024-12-31,TCS,TCS,4135,-0.0038619405952466934,0.0038694074969770256,-0.2746885464801331
2025-01-01,TCS,TCS,4094.39990234375,-0.00986716590344372,0.009916006893466698,-0.6736581825594101
2025-01-02,TCS,TCS,4120,0.006233000789222842,-0.0062136159359830094,0.3959898850030679
2025-01-03,TCS,TCS,4179.9501953125,0.01444616810723609,-0.014342322877370558,0.9416487417081127
2025-01-06,TCS,TCS,4105.5,-0.017971793301963856,0.018134257779198637,-1.2121059639164131
2025-01-07,TCS,TCS,4114.9501953125,0.002299192684343865,-0.002296551565378625,0.13463916001568613
2025-01-08,TCS,TCS,4034.89990234375,-0.01964523678659802,0.01983947431316728,-1.323284663098931
2025-01-09,TCS,TCS,4101,0.016249352345470314,-0.016118043807912704,1.0614470377570653
2025-01-10,TCS,TCS,4200,0.02385367887939971,-0.023571428571428573,1.5666562903941037
2025-01-13,TCS,TCS,4245,0.010657294473988443,-0.01060070671378092,0.6899270398521463
2025-01-14,TCS,TCS,4302,0.013338211082226437,-0.013249651324965132,0.8680393118577565
2025-01-15,TCS,TCS,4218,-0.019718948788954194,0.01991465149359886,-1.3281818733193966
2025-01-16,TCS,TCS,4260,0.009908078224695416,-0.009859154929577466,0.6401512997285146
2025-01-17,TCS,TCS,4159.89990234375,-0.023778148234198326,0.024063102479906333,-1.5978632328566982
2025-01-20,TCS,TCS,4145.7998046875,-0.0033952855747401145,0.0034010560858022012,-0.243685349405652
2025-01-21,TCS,TCS,4095.30004882812,-0.012255739854470704,0.012331149184986002,-0.8323480619699192
2025-01-22,TCS,TCS,4050,-0.011123105499422081,0.01118519724151111,-0.757099142361839
2025-01-23,TCS,TCS,4168,0.028719423332617566,-0.02831094049904031,1.889922145399701
2025-01-24,TCS,TCS,4104,-0.015474196582596633,0.015594541910331383,-1.046172930090192
2025-01-27,TCS,TCS,4102,-4.874482182799511e-4,4.8756704046806434e-4,-0.05049712542658216
2025-01-28,TCS,TCS,4070.80004882812,-0.0076351073198264174,0.007664329074787566,-0.5253667271834174
2025-01-29,TCS,TCS,4054,-0.0041355043005530945,0.004144067298500246,-0.29286332033949597
2025-01-30,TCS,TCS,4099.89990234375,0.011258511319924835,-0.011195371457120415,0.7298701317293497
2025-01-31,TCS,TCS,4110,0.00246046915840914,-0.002457444685218978,0.14535389807527668
2025-02-01,TCS,TCS,4113,7.296607401432453e-4,-7.293946024799417e-4,0.03036404019002578
2025-02-03,TCS,TCS,4030.89990234375,-0.020163037387899152,0.02036768454818569,-1.357685823232173
2025-02-04,TCS,TCS,4083.69995117188,0.01301377639236101,-0.01292946334438166,0.8464848183118118
2025-02-05,TCS,TCS,4150,0.016104905989859475,-0.01597591538026988,1.051850443628892
2025-02-06,TCS,TCS,4105.39990234375,-0.010805177728935078,0.010863764485108516,-0.735976949541167
2025-02-07,TCS,TCS,4090,-0.003758186458961532,0.003765257296760391,-0.26779542459532707
2025-02-10,TCS,TCS,4040,-0.012300278081651683,0.012376237623762377,-0.8353070517459626
2025-02-11,TCS,TCS,4018.39990234375,-0.005360902821633928,0.0053752981736963626,-0.3742752202959664
2025-02-12,TCS,TCS,3971.10009765625,-0.011840630153990617,0.011911007913252156,-0.8047693854616674
2025-02-13,TCS,TCS,3968,-7.809695748086654e-4,7.812746109501008e-4,-0.06999782736297577
2025-02-14,TCS,TCS,3925,-0.010895838188254459,0.010955414012738853,-0.7420001657579939
2025-02-17,TCS,TCS,3856.5,-0.017606314842455006,0.017762219629197457,-1.1878246421504366
2025-02-18,TCS,TCS,3898.39990234375,0.010806151104901573,-0.01074797439804968,0.699816639794776
2025-02-19,TCS,TCS,3872.19995117188,-0.006743379133807181,0.0067661669082819086,-0.4661229100743132
2025-02-20,TCS,TCS,3761.5,-0.029004994344871804,0.029429735789413797,-1.945119627678676
2025-02-21,TCS,TCS,3776.10009765625,0.0038739428269618514,-0.0038664487907277643,0.23926096170875277
2025-02-24,TCS,TCS,3743.14990234375,-0.00876428000880125,0.008802798758304722,-0.6003856638045353
2025-02-25,TCS,TCS,3625,-0.03207318852966168,0.03259307650862069,-2.148961491139771
2025-02-27,TCS,TCS,3611.69995117188,-0.0036757261991127166,0.003682489965370618,-0.2623170056893482
2025-02-28,TCS,TCS,3584.94995117188,-0.007434048774904056,0.007461749916830979,-0.5120089844874063
2025-03-03,TCS,TCS,3485,-0.028276469120134706,0.028680043377870876,-1.89671853881504
2025-03-04,TCS,TCS,3474,-0.0031613763935727235,0.0031663788140472078,-0.22814510635137655
2025-03-05,TCS,TCS,3520.85009765625,0.013395797649430108,-0.013306473254126054,0.8718651952477998
2025-03-06,TCS,TCS,3557,0.010215027497974205,-0.01016303130271296,0.6605441132483335
2025-03-07,TCS,TCS,3600,0.012016352495745508,-0.011944444444444445,0.7802188867894307
2025-03-10,TCS,TCS,3606.5,0.0018039274995267363,-0.0018023014002495495,0.1017351871572934
2025-03-11,TCS,TCS,3558,-0.013539183717947267,0.013631253513209669,-0.917616325000828
2025-03-12,TCS,TCS,3565,0.001965464622616153,-0.0019635343618513326,0.11246724197703982
2025-03-13,TCS,TCS,3502.30004882812,-0.01774414439583971,0.01790250700903242,-1.1969816352577465
2025-03-17,TCS,TCS,3489,-0.0038047472657822823,0.003811994505050157,-0.2708887886572897
2025-03-18,TCS,TCS,3497.69995117188,0.002490433460515362,-0.0024873349038888096,0.14734463882077756
2025-03-19,TCS,TCS,3547,0.013996580126331537,-0.013899083402345644,0.9117794289144112
2025-03-20,TCS,TCS,3512,-0.009916500018613661,0.009965831435079727,-0.6769357971311198
2025-03-21,TCS,TCS,3475,-0.010591196756115195,0.010647482014388488,-0.7217606784652143
2025-03-24,TCS,TCS,3600,0.03533936644530833,-0.034722222222222224,2.3297318376241485
2025-03-25,TCS,TCS,3645,0.012422519998557036,-0.012345679012345678,0.8072034697929327
2025-03-26,TCS,TCS,3647.75,7.541737013738725e-4,-7.538893838667671e-4,0.03199260976384954
2025-03-27,TCS,TCS,3614.85009765625,-0.00906015117279324,0.009101318576137146,-0.6200424800880451
2025-03-28,TCS,TCS,3651,0.0099507146842992,-0.00990137012975897,0.6429839416192145
2025-04-01,TCS,TCS,3572.69995117188,-0.021679503880585926,0.02191621180010844,-1.4584354293938788
2025-04-02,TCS,TCS,3544,-0.008065566050079909,0.008098180353239278,-0.5539651484153758
2025-04-03,TCS,TCS,3491,-0.015067804619935288,0.01518189630478373,-1.0191734346295545
2025-04-04,TCS,TCS,3362.60009765625,-0.03747371481832218,0.03818470784951366,-2.507756689894871
2025-04-07,TCS,TCS,3100,-0.08131240181347721,0.08470970892137097,-5.4202710584701554
2025-04-08,TCS,TCS,3302.05004882812,0.0631413910173837,-0.06118927509891211,4.1768171768952715
2025-04-09,TCS,TCS,3260.55004882812,-0.012647594728212752,0.012727913811632975,-0.8583817556864276
2025-04-11,TCS,TCS,3289.55004882812,0.008854884369933202,-0.008815795342688601,0.5701801750177146
2025-04-15,TCS,TCS,3314.39990234375,0.007525790166617696,-0.007497542314691005,0.4818790366928614
2025-04-16,TCS,TCS,3248.19995117188,-0.020175600590819798,0.0203805037149842,-1.3585204857535018
2025-04-17,TCS,TCS,3245.5,-8.315602346158357e-4,8.319060766846409e-4,-0.0733589230915438
2025-04-21,TCS,TCS,3290.10009765625,0.013648567642597698,-0.013555848251553659,0.8886584955837608
2025-04-22,TCS,TCS,3322.60009765625,0.009829649227771853,-0.009781496130974468,0.6349407061612685
2025-04-23,TCS,TCS,3365,0.012680324734935411,-0.01260026815564636,0.8243312637679068
2025-04-24,TCS,TCS,3401.10009765625,0.010670974325970306,-0.010614241457088289,0.6908358892769677
2025-04-25,TCS,TCS,3420,0.005541613651852018,-0.00552628723501462,0.350056142232349
2025-04-28,TCS,TCS,3435,0.004376374599798893,-0.004366812227074236,0.2726410617509415
2025-04-29,TCS,TCS,3455,0.005805531545320264,-0.005788712011577424,0.3675900765159394
2025-04-30,TCS,TCS,3472,0.0049083395784705885,-0.004896313364055299,0.30798326176098134
2025-05-02,TCS,TCS,3472,0,0,-0.01811248900185279
2025-05-05,TCS,TCS,3450,-0.0063565657548352306,0.006376811594202898,-0.4404241585506576
2025-05-06,TCS,TCS,3460,0.0028943580263653956,-0.002890173410404624,0.17418020764117165
2025-05-07,TCS,TCS,3420.60009765625,-0.011452586236728735,0.011518418177777138,-0.7789888805668181
2025-05-08,TCS,TCS,3448,0.00797834996854263,-0.007946607408280163,0.5119457885982579
2025-05-09,TCS,TCS,3399,-0.014313082087468842,0.014416004707266844,-0.969031873128342
2025-05-12,TCS,TCS,3505,0.030709249772574054,-0.030242510699001426,2.0221204043937484
2025-05-13,TCS,TCS,3620.39990234375,0.03239396951044071,-0.03187490483276259,2.1340482649179533
2025-05-14,TCS,TCS,3521,-0.0278394498240786,0.028230588566813406,-1.8676842527460544
2025-05-15,TCS,TCS,3564,0.012138469435647892,-0.012065095398428732,0.7883319797328479
2025-05-16,TCS,TCS,3593.89990234375,0.008354427041563639,-0.008319625798217383,0.5369312513011939
2025-05-19,TCS,TCS,3550,-0.01229033316280237,0.012366169674295775,-0.834646340373632
2025-05-20,TCS,TCS,3531.80004882812,-0.0051399336651574146,0.005153165785225835,-0.35959467470127765
2025-05-21,TCS,TCS,3508,-0.006761595312230639,0.006784506507445837,-0.4673331397830805
2025-05-22,TCS,TCS,3495,-0.003712698824163141,0.0037195994277539344,-0.264773358949034
2025-05-23,TCS,TCS,3477,-0.005163522660048159,0.005176876617773943,-0.3611618586492469
2025-05-26,TCS,TCS,3521,0.012575187147190192,-0.012496449872195399,0.8173462294074019
2025-05-27,TCS,TCS,3532,0.003119242568798697,-0.003114382785956965,0.18912088004726824
2025-05-28,TCS,TCS,3520,-0.0034032931317078408,0.003409090909090909,-0.24421734811106585
2025-05-29,TCS,TCS,3504.69995117188,-0.004356078730252122,0.004365580232625638,-0.307517641439637
2025-05-30,TCS,TCS,3490,-0.00420317466541853,0.004212020393088826,-0.2973591418044965
2025-06-02,TCS,TCS,3450,-0.01152750517106682,0.011594202898550725,-0.7839662758242018
2025-06-03,TCS,TCS,3446,-0.001160092937530166,0.0011607661056297156,-0.09518567665944902
2025-06-04,TCS,TCS,3389,-0.016679245480823113,0.01681912068456772,-1.1262328605189356
2025-06-05,TCS,TCS,3409,0.0058841005308511996,-0.005866823115283074,0.3728099705175474
2025-06-06,TCS,TCS,3371.10009765625,-0.011179863587276628,0.011242591808561195,-0.7608699840028852
2025-06-09,TCS,TCS,3400,0.008536302053625988,-0.008499971277573529,0.54901449608403
2025-06-10,TCS,TCS,3440,0.011696039763192445,-0.011627906976744186,0.7589382440524155
2025-06-11,TCS,TCS,3470,0.008683122573460267,-0.008645533141210375,0.558768822751388
2025-06-12,TCS,TCS,3471.89990234375,5.473724536262381e-4,-5.4722267265466e-4,0.01825333865910373
2025-06-13,TCS,TCS,3393.19995117188,-0.02292855185094389,0.023193431658717924,-1.5414185297114014
2025-06-16,TCS,TCS,3440,0.013698056823857385,-0.013604665357011627,0.8919464122934883
2025-06-17,TCS,TCS,3510,0.020144566092467286,-0.019943019943019943,1.3202336662903762
2025-06-18,TCS,TCS,3519.10009765625,0.0025892653722277004,-0.0025859161159725867,0.1539107424763893
2025-06-19,TCS,TCS,3450,-0.019831071806734712,0.020029013813405796,-1.3356309992561646
2025-06-20,TCS,TCS,3425,-0.007272759329080003,0.0072992700729927005,-0.5012933846220974
2025-06-23,TCS,TCS,3415,-0.00292397869143457,0.0029282576866764276,-0.21237309614900665
2025-06-24,TCS,TCS,3434.60009765625,0.005723005977948503,-0.005706660775333054,0.3621073187688575
2025-06-25,TCS,TCS,3407.30004882812,-0.007980295861498732,0.008012223296131308,-0.5483000460485518
2025-06-26,TCS,TCS,3444.80004882812,0.010945658663199964,-0.010885972906542734,0.7090851146493317
2025-06-27,TCS,TCS,3455,0.0029565954172294795,-0.0029522289933082498,0.17831507817631073
2025-06-30,TCS,TCS,3439.89990234375,-0.004380084413572405,0.004389691004078829,-0.30911250895025744
2025-07-01,TCS,TCS,3455,0.004380084413572405,-0.004370505833936324,0.27288753094655444
2025-07-02,TCS,TCS,3487.19995117188,0.009276650720313029,-0.009233755340315128,0.5982010999099793
2025-07-03,TCS,TCS,3430,-0.016538846762097492,0.01667637060404665,-1.1169051795675715
2025-07-04,TCS,TCS,3408,-0.006434652210778324,0.006455399061032864,-0.44561199469530755
2025-07-07,TCS,TCS,3418.30004882812,0.0030177567851392695,-0.0030132079340580756,0.18237846088803225
2025-07-08,TCS,TCS,3405,-0.003898426150733769,0.0039060348981262843,-0.2771125402600942
2025-07-09,TCS,TCS,3410,0.0014673516939502917,-0.001466275659824047,0.07937407333187244
2025-07-10,TCS,TCS,3380,-0.008836581800498067,0.008875739644970414,-0.6051891837460469
2025-07-11,TCS,TCS,3299.89990234375,-0.023983574105642447,0.024273493144249314,-1.6115111279755086
2025-07-14,TCS,TCS,3266,-0.010326140841012688,0.010379639419396815,-0.7041511373469135
2025-07-15,TCS,TCS,3206,-0.018541940360911724,0.018714909544603867,-1.2499848698601148
2025-07-16,TCS,TCS,3227,0.00652885888246324,-0.006507592190889371,0.4156458329040237
2025-07-17,TCS,TCS,3224.10009765625,-8.990412472833498e-4,8.994455060058698e-4,-0.07784216454954564
2025-07-18,TCS,TCS,3225,2.7907842519425685e-4,-2.790394864341085e-4,4.286667455983131e-4
2025-07-21,TCS,TCS,3190,-0.010912033450981795,0.0109717868338558,-0.7430761317284944
2025-07-22,TCS,TCS,3159.60009765625,-0.009575448580838142,0.009621439867121238,-0.6542773353697573
2025-07-23,TCS,TCS,3159.60009765625,0,0,-0.01811248900185279
2025-07-24,TCS,TCS,3165.10009765625,0.0017392133117937192,-0.0017377017567541508,0.0974357654697261
2025-07-25,TCS,TCS,3140,-0.007961881607545962,0.007993661673964968,-0.5470766567799249
2025-07-28,TCS,TCS,3110,-0.009600073729020053,0.00964630225080386,-0.6559133583171297
2025-07-29,TCS,TCS,3060,-0.016207810226854136,0.016339869281045753,-1.0949120786900215
2025-07-30,TCS,TCS,3060,0,0,-0.01811248900185279
2025-07-31,TCS,TCS,3041.69995117188,-0.005998362372686472,0.006016388572801045,-0.4166261716836312
2025-08-01,TCS,TCS,3029.89990234375,-0.003886970146124824,0.003894534211840526,-0.2763514367619219
2025-08-04,TCS,TCS,3009.10009765625,-0.006888520263718334,0.006912300692057637,-0.4757656629784614
2025-08-05,TCS,TCS,3074.39990234375,0.02146866532240921,-0.021239853877733698,1.4082029531682234
2025-08-06,TCS,TCS,3063,-0.0037149006535308615,0.0037218094494776365,-0.26491964206354973
2025-08-07,TCS,TCS,3016,-0.015463377704927339,0.015583554376657824,-1.0454541554456456
2025-08-08,TCS,TCS,3048.10009765625,0.010587027577857455,-0.010531182253802117,0.6852587124307657
2025-08-11,TCS,TCS,3036.39990234375,-0.003845906724944115,0.003853311714135151,-0.27362330295112297
2025-08-12,TCS,TCS,3041,0.0015138376966046252,-0.0015126924223117396,0.08246246762354971
2025-08-13,TCS,TCS,3036.10009765625,-0.0016125794628436552,0.0016138803682831577,-0.12524756028082276
2025-08-14,TCS,TCS,3034,-6.919483060432441e-4,6.92187757498352e-4,-0.06408351418069788
2025-08-18,TCS,TCS,3046.5,0.004111509780070577,-0.004103069095683571,0.25504421645146136
2025-08-19,TCS,TCS,3011.19995117188,-0.011654736512991093,0.011722917574564302,-0.7924191547054973
2025-08-20,TCS,TCS,3010.89990234375,-9.964923720140462e-5,9.965420235207344e-5,-0.02473289337665345
2025-08-21,TCS,TCS,3130,0.03879399959584262,-0.038051149410942495,2.5592475776872075
2025-08-22,TCS,TCS,3086,-0.014157250611091854,0.014257939079714841,-0.9586788848176174
2025-08-25,TCS,TCS,3087.30004882812,4.211844028496614e-4,-4.210957171504828e-4,0.0098697729955218
2025-08-26,TCS,TCS,3129,0.013416526342926005,-0.01332692590983701,0.873242349122288
2025-08-28,TCS,TCS,3145,0.005100425465657921,-0.005087440381558029,0.32074488727449835
2025-08-29,TCS,TCS,3093,-0.016672396449470384,0.016812156482379565,-1.1257778308729371
2025-09-01,TCS,TCS,3090,-9.704027932784243e-4,9.70873786407767e-4,-0.08258321731179483
2025-09-02,TCS,TCS,3121.10009765625,0.010014444167229186,-0.009964466592918381,0.647217942394876
2025-09-03,TCS,TCS,3129.89990234375,0.002815488881935835,-0.0028115291102154666,0.16894037195871542
2025-09-04,TCS,TCS,3116,-0.004450895950318667,0.004460815899791399,-0.3138170207038451
2025-09-05,TCS,TCS,3097.10009765625,-0.0060839066949736065,0.0061024512440048745,-0.4223094866934554
2025-09-08,TCS,TCS,3050,-0.015324630694207642,0.015442654969262296,-1.036236209151616
2025-09-09,TCS,TCS,3032.10009765625,-0.005886109645267368,0.005903466827360432,-0.4091684282170592
2025-09-10,TCS,TCS,3056.39990234375,0.007982239865825136,-0.00795046638657006,0.5122042220163652
2025-09-11,TCS,TCS,3139,0.026666557019938253,-0.026314143885393437,1.7535357013189103
2025-09-12,TCS,TCS,3144,0.0015915967071435944,-0.0015903307888040711,0.08762854925152595
2025-09-15,TCS,TCS,3134,-0.003185730633131101,0.003190810465858328,-0.22976313092070716
2025-09-16,TCS,TCS,3128,-0.0019163212507642413,0.0019181585677749361,-0.14542727783834855
2025-09-17,TCS,TCS,3152,0.0076433493125680485,-0.007614213197969543,0.4896893231134249
2025-09-18,TCS,TCS,3185,0.010415117028495402,-0.010361067503924647,0.6738374774566308
2025-09-19,TCS,TCS,3170,-0.0047207011349374994,0.00473186119873817,-0.33174208942246547
2025-09-22,TCS,TCS,3095,-0.023943681752630397,0.024232633279483037,-1.608860796514671
2025-09-23,TCS,TCS,3070,-0.008110344537453074,0.008143322475570033,-0.5569401003771662
2025-09-24,TCS,TCS,3050,-0.006535970979786754,0.006557377049180328,-0.45234331788867593
2025-09-25,TCS,TCS,3022,-0.00922272676877256,0.009265387160820648,-0.6308435280145386
2025-09-26,TCS,TCS,2941,-0.027169204278688852,0.02754165249914995,-1.8231550956197335
2025-09-29,TCS,TCS,2916,-0.008536845425446415,0.008573388203017833,-0.5852755741249513
2025-09-30,TCS,TCS,2911,-0.0017161493829256358,0.0017176228100309172,-0.13212844337896315
2025-10-01,TCS,TCS,2891,-0.0068942017292776825,0.0069180214458664825,-0.476143122962104
2025-10-03,TCS,TCS,2924,0.011350078853323176,-0.011285909712722298,0.7359536112994384
2025-10-06,TCS,TCS,2902,-0.007552387425535656,0.007580978635423846,-0.5198710589232444
2025-10-07,TCS,TCS,2995,0.03154407710541651,-0.031051752921535895,2.0775838949506213
2025-10-08,TCS,TCS,2975,-0.006700192569820018,0.0067226890756302525,-0.46325372085437705
2025-10-09,TCS,TCS,3034,0.0196378419287484,-0.01944627554383652,1.286568392330374
2025-10-10,TCS,TCS,3050,0.005259709692978731,-0.005245901639344262,0.3313272662771139
2025-10-13,TCS,TCS,3027,-0.0075695605797374554,0.007598282127518996,-0.5210119931481842
2025-10-14,TCS,TCS,3021,-0.001984127635047628,0.0019860973187686196,-0.14993213603643207
2025-10-15,TCS,TCS,2971,-0.016689305924064257,0.01682935038707506,-1.1269012469944788
2025-10-16,TCS,TCS,2969.89990234375,-3.7034714838046767e-4,3.7041573535250737e-4,-0.04271727224133578
2025-10-17,TCS,TCS,2970,3.37034825186322e-5,-3.3702914562289565e-5,-0.01587332802706815
2025-10-20,TCS,TCS,2985.5,0.005205284190300752,-0.00519176017417518,0.32771139478479244
2025-10-21,TCS,TCS,3031.10009765625,0.015158385156352594,-0.015044075149979227,0.9889663629982836
2025-10-23,TCS,TCS,3055,0.00785397046229619,-0.007823208623158755,0.5036823773528679
2025-10-24,TCS,TCS,3080,0.008150004361924701,-0.008116883116883116,0.5233500053169003
2025-10-27,TCS,TCS,3066.5,-0.0043927509015819766,0.004402413174629056,-0.30995403343137895
2025-10-28,TCS,TCS,3076,0.003093205559496326,-0.0030884265279583875,0.1873910571692475
2025-10-29,TCS,TCS,3057.89990234375,-0.005901677718782139,0.005919126928378868,-0.41020272556740234
2025-10-30,TCS,TCS,3049.10009765625,-0.002881876789865956,0.0028860333887576013,-0.20957596873322293
2025-10-31,TCS,TCS,3035,-0.0046350726232873285,0.004645831188220758,-0.32605318111721854
2025-11-03,TCS,TCS,3046.89990234375,0.003913223736136118,-0.0039055770537772846,0.2418706706262743
2025-11-04,TCS,TCS,3019.60009765625,-0.009000243623475512,0.009040867599881697,-0.6160623974229106
2025-11-06,TCS,TCS,2990.10009765625,-0.009817540304878136,0.00986589045066524,-0.6703612026822255
2025-11-07,TCS,TCS,3001,0.00363870213898565,-0.003632090084555148,0.2236322572296039
2025-11-10,TCS,TCS,2993,-0.0026693375876671865,0.0026729034413631807,-0.19545548468785295
2025-11-11,TCS,TCS,3045,0.017224672291296983,-0.017077175697865352,1.1262444473258857
2025-11-12,TCS,TCS,3060,0.004914014802428923,-0.004901960784313725,0.30836030707089707
2025-11-13,TCS,TCS,3131.80004882812,0.02319301875598967,-0.022926128012223088,1.522763960717452
2025-11-14,TCS,TCS,3090,-0.0134368438106236,0.01352752389259547,-0.9108171603590798
2025-11-17,TCS,TCS,3106,0.005164633816841402,-0.0051513200257566,0.3250107026585617
2025-11-18,TCS,TCS,3102,-0.0012886599721486647,0.0012894906511927789,-0.10372729506354908
2025-11-19,TCS,TCS,3097,-0.0016131637632810225,0.0016144656118824668,-0.12528637949590682
2025-11-20,TCS,TCS,3148,0.01633342956409045,-0.016200762388818297,1.0670328826828517
2025-11-21,TCS,TCS,3144.80004882812,-0.001017019903022387,0.0010175372431301104,-0.08568032197561389
2025-11-24,TCS,TCS,3158,0.004188605181315808,-0.004179845209588348,0.2601662098154165
2025-11-25,TCS,TCS,3145.30004882812,-0.00402962519902772,0.004037755055073924,-0.2858290219682933
2025-11-26,TCS,TCS,3118.80004882812,-0.008460962525054683,0.008496857632780049,-0.5802341357774481
2025-11-27,TCS,TCS,3180,0.019432868682716986,-0.01924526766411321,1.2729505683225253
2025-11-28,TCS,TCS,3140,-0.01265839687192205,0.012738853503184714,-0.8590994185757137
2025-12-01,TCS,TCS,3137.89990234375,-6.69044670114971e-4,6.692685304210634e-4,-0.0625618634811111
2025-12-02,TCS,TCS,3131,-0.0022013129057789627,0.002203737573858192,-0.16436129131019053
2025-12-03,TCS,TCS,3140,0.0028703575758939337,-0.0028662420382165603,0.17258568778573985
2025-12-04,TCS,TCS,3194,0.017051249872658047,-0.016906700062617408,1.1147227681712015
2025-12-05,TCS,TCS,3230,0.011208087441744397,-0.011145510835913313,0.7265201164850874
2025-12-08,TCS,TCS,3243,0.004016690090615782,-0.004008633980881899,0.24874467312814716
2025-12-09,TCS,TCS,3230,-0.004016690090615782,0.004024767801857585,-0.2849696511318478
2025-12-10,TCS,TCS,3225,-0.0015491869868302643,0.0015503875968992248,-0.12103594926080188
2025-12-11,TCS,TCS,3205,-0.006220859875101681,0.0062402496099844,-0.4314082561203259
2025-12-12,TCS,TCS,3197.69995117188,-0.0022803042613315228,0.0022829061324045447,-0.16960924634287255
2025-12-15,TCS,TCS,3211.10009765625,0.004181801869352242,-0.004173070311371057,0.2597142176321943
2025-12-16,TCS,TCS,3220,0.0027677715756624366,-0.002763944827251553,0.1657701734497771
2025-12-17,TCS,TCS,3200.5,-0.006074311956394851,0.006092798000312451,-0.42167204027597754
2025-12-18,TCS,TCS,3228,0.008555702807781174,-0.00851920693928129,0.5503034255458816
2025-12-19,TCS,TCS,3299,0.02175664183874204,-0.021521673234313428,1.4273352721111685
2025-12-22,TCS,TCS,3310,0.0033287971425259855,-0.003323262839879154,0.2030430740913972
2025-12-23,TCS,TCS,3319.89990234375,0.0029864431884476517,-0.0029819882029458074,0.18029807694982675
2025-12-24,TCS,TCS,3304.10009765625,-0.004770481476796817,0.0047818783391906095,-0.33504934999243496
2025-12-26,TCS,TCS,3313.10009765625,0.002720185360550076,-0.002716489008698159,0.16260868425460476
2025-12-29,TCS,TCS,3280,-0.010040914065118756,0.010091493187881098,-0.685201503130395
2025-12-30,TCS,TCS,3250,-0.009188426054407728,0.009230769230769232,-0.6285646886995068
