date,ticker,company,adj_close
2020-01-01,HDFCBANK,HDFCBANK,638.04998779296875
2020-01-02,HDFCBANK,HDFCBANK,639.5
2020-01-03,HDFCBANK,HDFCBANK,641.0999755859375
2020-01-06,HDFCBANK,HDFCBANK,630
2020-01-07,HDFCBANK,HDFCBANK,629.45001220703125
2020-01-08,HDFCBANK,HDFCBANK,623.4749755859375
2020-01-09,HDFCBANK,HDFCBANK,632.5
2020-01-10,HDFCBANK,HDFCBANK,642.04998779296875
2020-01-13,HDFCBANK,HDFCBANK,641.3499755859375
2020-01-14,HDFCBANK,HDFCBANK,644.5
2020-01-15,HDFCBANK,HDFCBANK,643.20001220703125
2020-01-16,HDFCBANK,HDFCBANK,641.0250244140625
2020-01-17,HDFCBANK,HDFCBANK,640.875
2020-01-20,HDFCBANK,HDFCBANK,652.42498779296875
2020-01-21,HDFCBANK,HDFCBANK,625
2020-01-22,HDFCBANK,HDFCBANK,624.0250244140625
2020-01-23,HDFCBANK,HDFCBANK,620
2020-01-24,HDFCBANK,HDFCBANK,623
2020-01-27,HDFCBANK,HDFCBANK,617.5
2020-01-28,HDFCBANK,HDFCBANK,609.4000244140625
2020-01-29,HDFCBANK,HDFCBANK,612.6500244140625
2020-01-30,HDFCBANK,HDFCBANK,619.4749755859375
2020-01-31,HDFCBANK,HDFCBANK,615.7249755859375
2020-02-03,HDFCBANK,HDFCBANK,598.5
2020-02-04,HDFCBANK,HDFCBANK,599
2020-02-05,HDFCBANK,HDFCBANK,617.45001220703125
2020-02-06,HDFCBANK,HDFCBANK,622.32501220703125
2020-02-07,HDFCBANK,HDFCBANK,623
2020-02-10,HDFCBANK,HDFCBANK,621.4749755859375
2020-02-11,HDFCBANK,HDFCBANK,621.6500244140625
2020-02-12,HDFCBANK,HDFCBANK,622.5999755859375
2020-02-13,HDFCBANK,HDFCBANK,629.95001220703125
2020-02-14,HDFCBANK,HDFCBANK,621.5999755859375
2020-02-17,HDFCBANK,HDFCBANK,612.5
2020-02-18,HDFCBANK,HDFCBANK,608.45001220703125
2020-02-19,HDFCBANK,HDFCBANK,611.25
2020-02-20,HDFCBANK,HDFCBANK,615
2020-02-24,HDFCBANK,HDFCBANK,604.4749755859375
2020-02-25,HDFCBANK,HDFCBANK,602
2020-02-26,HDFCBANK,HDFCBANK,598.75
2020-02-27,HDFCBANK,HDFCBANK,597.5
2020-02-28,HDFCBANK,HDFCBANK,587.75
2020-03-02,HDFCBANK,HDFCBANK,600.0999755859375
2020-03-03,HDFCBANK,HDFCBANK,587.5
2020-03-04,HDFCBANK,HDFCBANK,589.17498779296875
2020-03-05,HDFCBANK,HDFCBANK,576.5
2020-03-06,HDFCBANK,HDFCBANK,562.5
2020-03-09,HDFCBANK,HDFCBANK,555
2020-03-11,HDFCBANK,HDFCBANK,552.5
2020-03-12,HDFCBANK,HDFCBANK,537.5
2020-03-13,HDFCBANK,HDFCBANK,490.0249938964844
2020-03-16,HDFCBANK,HDFCBANK,517.5
2020-03-17,HDFCBANK,HDFCBANK,504
2020-03-18,HDFCBANK,HDFCBANK,492.5
2020-03-19,HDFCBANK,HDFCBANK,423.5
2020-03-20,HDFCBANK,HDFCBANK,437.5
2020-03-23,HDFCBANK,HDFCBANK,397.29998779296875
2020-03-24,HDFCBANK,HDFCBANK,397.625
2020-03-25,HDFCBANK,HDFCBANK,385.2250061035156
2020-03-26,HDFCBANK,HDFCBANK,435.04998779296875
2020-03-27,HDFCBANK,HDFCBANK,472.4750061035156
2020-03-30,HDFCBANK,HDFCBANK,440
2020-03-31,HDFCBANK,HDFCBANK,426.8999938964844
2020-04-01,HDFCBANK,HDFCBANK,431.92498779296875
2020-04-03,HDFCBANK,HDFCBANK,421.5
2020-04-07,HDFCBANK,HDFCBANK,437
2020-04-08,HDFCBANK,HDFCBANK,439.9750061035156
2020-04-09,HDFCBANK,HDFCBANK,456.5
2020-04-13,HDFCBANK,HDFCBANK,467
2020-04-15,HDFCBANK,HDFCBANK,465.25
2020-04-16,HDFCBANK,HDFCBANK,432.5
2020-04-17,HDFCBANK,HDFCBANK,457.5
2020-04-20,HDFCBANK,HDFCBANK,475.5
2020-04-21,HDFCBANK,HDFCBANK,462.5
2020-04-22,HDFCBANK,HDFCBANK,459.57501220703125
2020-04-23,HDFCBANK,HDFCBANK,467.5
2020-04-24,HDFCBANK,HDFCBANK,466.5
2020-04-27,HDFCBANK,HDFCBANK,472.57501220703125
2020-04-28,HDFCBANK,HDFCBANK,471.8999938964844
2020-04-29,HDFCBANK,HDFCBANK,467.5
2020-04-30,HDFCBANK,HDFCBANK,500.70001220703125
2020-05-04,HDFCBANK,HDFCBANK,478.75
2020-05-05,HDFCBANK,HDFCBANK,469
2020-05-06,HDFCBANK,HDFCBANK,459.5
2020-05-07,HDFCBANK,HDFCBANK,470.25
2020-05-08,HDFCBANK,HDFCBANK,471
2020-05-11,HDFCBANK,HDFCBANK,468.5
2020-05-12,HDFCBANK,HDFCBANK,450.5
2020-05-13,HDFCBANK,HDFCBANK,475.5
2020-05-14,HDFCBANK,HDFCBANK,449
2020-05-15,HDFCBANK,HDFCBANK,445.25
2020-05-18,HDFCBANK,HDFCBANK,444
2020-05-19,HDFCBANK,HDFCBANK,430.42498779296875
2020-05-20,HDFCBANK,HDFCBANK,418.2250061035156
2020-05-21,HDFCBANK,HDFCBANK,430.7250061035156
2020-05-22,HDFCBANK,HDFCBANK,425
2020-05-26,HDFCBANK,HDFCBANK,428.5
2020-05-27,HDFCBANK,HDFCBANK,429.95001220703125
2020-05-28,HDFCBANK,HDFCBANK,460
2020-05-29,HDFCBANK,HDFCBANK,472
2020-06-01,HDFCBANK,HDFCBANK,487.5
2020-06-02,HDFCBANK,HDFCBANK,493.3500061035156
2020-06-03,HDFCBANK,HDFCBANK,510
2020-06-04,HDFCBANK,HDFCBANK,514.0250244140625
2020-06-05,HDFCBANK,HDFCBANK,501.54998779296875
2020-06-08,HDFCBANK,HDFCBANK,530
2020-06-09,HDFCBANK,HDFCBANK,510
2020-06-10,HDFCBANK,HDFCBANK,495
2020-06-11,HDFCBANK,HDFCBANK,492.5
2020-06-12,HDFCBANK,HDFCBANK,464
2020-06-15,HDFCBANK,HDFCBANK,484
2020-06-16,HDFCBANK,HDFCBANK,487.5
2020-06-17,HDFCBANK,HDFCBANK,494.5
2020-06-18,HDFCBANK,HDFCBANK,490
2020-06-19,HDFCBANK,HDFCBANK,508.9750061035156
2020-06-22,HDFCBANK,HDFCBANK,519.7249755859375
2020-06-23,HDFCBANK,HDFCBANK,519.5
2020-06-24,HDFCBANK,HDFCBANK,524.25
2020-06-25,HDFCBANK,HDFCBANK,510.95001220703125
2020-06-26,HDFCBANK,HDFCBANK,520.5
2020-06-29,HDFCBANK,HDFCBANK,518.5
2020-06-30,HDFCBANK,HDFCBANK,537
2020-07-01,HDFCBANK,HDFCBANK,532.92498779296875
2020-07-02,HDFCBANK,HDFCBANK,545.1500244140625
2020-07-03,HDFCBANK,HDFCBANK,546.5
2020-07-06,HDFCBANK,HDFCBANK,553.9749755859375
2020-07-07,HDFCBANK,HDFCBANK,554.70001220703125
2020-07-08,HDFCBANK,HDFCBANK,553.5
2020-07-09,HDFCBANK,HDFCBANK,559
2020-07-10,HDFCBANK,HDFCBANK,558.95001220703125
2020-07-13,HDFCBANK,HDFCBANK,554.95001220703125
2020-07-14,HDFCBANK,HDFCBANK,531.29998779296875
2020-07-15,HDFCBANK,HDFCBANK,535.0999755859375
2020-07-16,HDFCBANK,HDFCBANK,526.82501220703125
2020-07-17,HDFCBANK,HDFCBANK,529.5250244140625
2020-07-20,HDFCBANK,HDFCBANK,567.5
2020-07-21,HDFCBANK,HDFCBANK,576.0250244140625
2020-07-22,HDFCBANK,HDFCBANK,569.25
2020-07-23,HDFCBANK,HDFCBANK,562.5
2020-07-24,HDFCBANK,HDFCBANK,561.45001220703125
2020-07-27,HDFCBANK,HDFCBANK,549.92498779296875
2020-07-28,HDFCBANK,HDFCBANK,539.5
2020-07-29,HDFCBANK,HDFCBANK,540.5
2020-07-30,HDFCBANK,HDFCBANK,537
2020-07-31,HDFCBANK,HDFCBANK,528.8499755859375
2020-08-03,HDFCBANK,HDFCBANK,512.9749755859375
2020-08-04,HDFCBANK,HDFCBANK,504
2020-08-05,HDFCBANK,HDFCBANK,523.9749755859375
2020-08-06,HDFCBANK,HDFCBANK,518.5
2020-08-07,HDFCBANK,HDFCBANK,517.42498779296875
2020-08-10,HDFCBANK,HDFCBANK,522
2020-08-11,HDFCBANK,HDFCBANK,524.25
2020-08-12,HDFCBANK,HDFCBANK,532.5
2020-08-13,HDFCBANK,HDFCBANK,533.9749755859375
2020-08-14,HDFCBANK,HDFCBANK,532.95001220703125
2020-08-17,HDFCBANK,HDFCBANK,523.5
2020-08-18,HDFCBANK,HDFCBANK,514
2020-08-19,HDFCBANK,HDFCBANK,532.5
2020-08-20,HDFCBANK,HDFCBANK,527.4749755859375
2020-08-21,HDFCBANK,HDFCBANK,532.70001220703125
2020-08-24,HDFCBANK,HDFCBANK,543
2020-08-25,HDFCBANK,HDFCBANK,559.5
2020-08-26,HDFCBANK,HDFCBANK,560.5
2020-08-27,HDFCBANK,HDFCBANK,562.9000244140625
2020-08-28,HDFCBANK,HDFCBANK,555.9749755859375
2020-08-31,HDFCBANK,HDFCBANK,564.75
2020-09-01,HDFCBANK,HDFCBANK,564
2020-09-02,HDFCBANK,HDFCBANK,562.04998779296875
2020-09-03,HDFCBANK,HDFCBANK,568.625
2020-09-04,HDFCBANK,HDFCBANK,555
2020-09-07,HDFCBANK,HDFCBANK,558.1500244140625
2020-09-08,HDFCBANK,HDFCBANK,557
2020-09-09,HDFCBANK,HDFCBANK,550.5
2020-09-10,HDFCBANK,HDFCBANK,551.5
2020-09-11,HDFCBANK,HDFCBANK,548.2249755859375
2020-09-14,HDFCBANK,HDFCBANK,544
2020-09-15,HDFCBANK,HDFCBANK,534
2020-09-16,HDFCBANK,HDFCBANK,535.0999755859375
2020-09-17,HDFCBANK,HDFCBANK,542
2020-09-18,HDFCBANK,HDFCBANK,546
2020-09-21,HDFCBANK,HDFCBANK,527.5
2020-09-22,HDFCBANK,HDFCBANK,527.0250244140625
2020-09-23,HDFCBANK,HDFCBANK,523
2020-09-24,HDFCBANK,HDFCBANK,519
2020-09-25,HDFCBANK,HDFCBANK,525
2020-09-28,HDFCBANK,HDFCBANK,524.4749755859375
2020-09-29,HDFCBANK,HDFCBANK,529
2020-09-30,HDFCBANK,HDFCBANK,530
2020-10-01,HDFCBANK,HDFCBANK,545.04998779296875
2020-10-05,HDFCBANK,HDFCBANK,556
2020-10-06,HDFCBANK,HDFCBANK,567.5250244140625
2020-10-07,HDFCBANK,HDFCBANK,572.45001220703125
2020-10-08,HDFCBANK,HDFCBANK,590
2020-10-09,HDFCBANK,HDFCBANK,600.5
2020-10-12,HDFCBANK,HDFCBANK,615.7750244140625
2020-10-13,HDFCBANK,HDFCBANK,606.70001220703125
2020-10-14,HDFCBANK,HDFCBANK,597.7750244140625
2020-10-15,HDFCBANK,HDFCBANK,607.0999755859375
2020-10-16,HDFCBANK,HDFCBANK,590
2020-10-19,HDFCBANK,HDFCBANK,617.5
2020-10-20,HDFCBANK,HDFCBANK,603.75
2020-10-21,HDFCBANK,HDFCBANK,615.29998779296875
2020-10-22,HDFCBANK,HDFCBANK,619.9749755859375
2020-10-23,HDFCBANK,HDFCBANK,621.75
2020-10-26,HDFCBANK,HDFCBANK,614.9000244140625
2020-10-27,HDFCBANK,HDFCBANK,613
2020-10-28,HDFCBANK,HDFCBANK,614
2020-10-29,HDFCBANK,HDFCBANK,600.29998779296875
2020-10-30,HDFCBANK,HDFCBANK,591.2750244140625
2020-11-02,HDFCBANK,HDFCBANK,597.17498779296875
2020-11-03,HDFCBANK,HDFCBANK,613.2249755859375
2020-11-04,HDFCBANK,HDFCBANK,626
2020-11-05,HDFCBANK,HDFCBANK,633
2020-11-06,HDFCBANK,HDFCBANK,633.125
2020-11-09,HDFCBANK,HDFCBANK,657.5999755859375
2020-11-10,HDFCBANK,HDFCBANK,678.5
2020-11-11,HDFCBANK,HDFCBANK,699.95001220703125
2020-11-12,HDFCBANK,HDFCBANK,688.70001220703125
2020-11-13,HDFCBANK,HDFCBANK,684.4000244140625
2020-11-14,HDFCBANK,HDFCBANK,683.9000244140625
2020-11-17,HDFCBANK,HDFCBANK,692.9000244140625
2020-11-18,HDFCBANK,HDFCBANK,701.5
2020-11-19,HDFCBANK,HDFCBANK,694.8499755859375
2020-11-20,HDFCBANK,HDFCBANK,686.32501220703125
2020-11-23,HDFCBANK,HDFCBANK,707.5
2020-11-24,HDFCBANK,HDFCBANK,704
2020-11-25,HDFCBANK,HDFCBANK,725.6500244140625
2020-11-26,HDFCBANK,HDFCBANK,707.5
2020-11-27,HDFCBANK,HDFCBANK,715.9000244140625
2020-12-01,HDFCBANK,HDFCBANK,720.42498779296875
2020-12-02,HDFCBANK,HDFCBANK,715.5
2020-12-03,HDFCBANK,HDFCBANK,714.5
2020-12-04,HDFCBANK,HDFCBANK,690.5
2020-12-07,HDFCBANK,HDFCBANK,687.5
2020-12-08,HDFCBANK,HDFCBANK,687.5
2020-12-09,HDFCBANK,HDFCBANK,688.5
2020-12-10,HDFCBANK,HDFCBANK,699
2020-12-11,HDFCBANK,HDFCBANK,695.0250244140625
2020-12-14,HDFCBANK,HDFCBANK,691.5
2020-12-15,HDFCBANK,HDFCBANK,690.4000244140625
2020-12-16,HDFCBANK,HDFCBANK,702
2020-12-17,HDFCBANK,HDFCBANK,709.29998779296875
2020-12-18,HDFCBANK,HDFCBANK,717.5
2020-12-21,HDFCBANK,HDFCBANK,708.75
2020-12-22,HDFCBANK,HDFCBANK,692.4000244140625
2020-12-23,HDFCBANK,HDFCBANK,683.75
2020-12-24,HDFCBANK,HDFCBANK,694.70001220703125
2020-12-28,HDFCBANK,HDFCBANK,702.5
2020-12-29,HDFCBANK,HDFCBANK,710.5250244140625
2020-12-30,HDFCBANK,HDFCBANK,719.95001220703125
2020-12-31,HDFCBANK,HDFCBANK,717.5
2021-01-01,HDFCBANK,HDFCBANK,720
2021-01-04,HDFCBANK,HDFCBANK,719
2021-01-05,HDFCBANK,HDFCBANK,709.5999755859375
2021-01-06,HDFCBANK,HDFCBANK,717.5
2021-01-07,HDFCBANK,HDFCBANK,716.25
2021-01-08,HDFCBANK,HDFCBANK,716
2021-01-11,HDFCBANK,HDFCBANK,725
2021-01-12,HDFCBANK,HDFCBANK,726.2249755859375
2021-01-13,HDFCBANK,HDFCBANK,746.45001220703125
2021-01-14,HDFCBANK,HDFCBANK,735.57501220703125
2021-01-15,HDFCBANK,HDFCBANK,734.54998779296875
2021-01-18,HDFCBANK,HDFCBANK,734.95001220703125
2021-01-19,HDFCBANK,HDFCBANK,745.9000244140625
2021-01-20,HDFCBANK,HDFCBANK,750.5
2021-01-21,HDFCBANK,HDFCBANK,746
2021-01-22,HDFCBANK,HDFCBANK,733.95001220703125
2021-01-25,HDFCBANK,HDFCBANK,732.54998779296875
2021-01-27,HDFCBANK,HDFCBANK,734
2021-01-28,HDFCBANK,HDFCBANK,694.95001220703125
2021-01-29,HDFCBANK,HDFCBANK,695.67498779296875
2021-02-01,HDFCBANK,HDFCBANK,705.125
2021-02-02,HDFCBANK,HDFCBANK,750.5
2021-02-03,HDFCBANK,HDFCBANK,789.5
2021-02-04,HDFCBANK,HDFCBANK,783
2021-02-05,HDFCBANK,HDFCBANK,774
2021-02-08,HDFCBANK,HDFCBANK,810
2021-02-09,HDFCBANK,HDFCBANK,805
2021-02-10,HDFCBANK,HDFCBANK,804.17498779296875
2021-02-11,HDFCBANK,HDFCBANK,791
2021-02-12,HDFCBANK,HDFCBANK,786.95001220703125
2021-02-15,HDFCBANK,HDFCBANK,800.04998779296875
2021-02-16,HDFCBANK,HDFCBANK,810.5999755859375
2021-02-17,HDFCBANK,HDFCBANK,810
2021-02-18,HDFCBANK,HDFCBANK,802.9749755859375
2021-02-19,HDFCBANK,HDFCBANK,772.5
2021-02-22,HDFCBANK,HDFCBANK,772.5250244140625
2021-02-23,HDFCBANK,HDFCBANK,776.875
2021-02-24,HDFCBANK,HDFCBANK,763.25
2021-02-25,HDFCBANK,HDFCBANK,804.875
2021-02-26,HDFCBANK,HDFCBANK,793.5250244140625
2021-03-01,HDFCBANK,HDFCBANK,782
2021-03-02,HDFCBANK,HDFCBANK,787.8499755859375
2021-03-03,HDFCBANK,HDFCBANK,792
2021-03-04,HDFCBANK,HDFCBANK,774.2750244140625
2021-03-05,HDFCBANK,HDFCBANK,765.5
2021-03-08,HDFCBANK,HDFCBANK,771
2021-03-09,HDFCBANK,HDFCBANK,772.5
2021-03-10,HDFCBANK,HDFCBANK,786
2021-03-12,HDFCBANK,HDFCBANK,800
2021-03-15,HDFCBANK,HDFCBANK,774.20001220703125
2021-03-16,HDFCBANK,HDFCBANK,765.45001220703125
2021-03-17,HDFCBANK,HDFCBANK,762.125
2021-03-18,HDFCBANK,HDFCBANK,755.875
2021-03-19,HDFCBANK,HDFCBANK,742.5
2021-03-22,HDFCBANK,HDFCBANK,747.45001220703125
2021-03-23,HDFCBANK,HDFCBANK,735
2021-03-24,HDFCBANK,HDFCBANK,745.45001220703125
2021-03-25,HDFCBANK,HDFCBANK,745.0999755859375
2021-03-26,HDFCBANK,HDFCBANK,747
2021-03-30,HDFCBANK,HDFCBANK,753.32501220703125
2021-03-31,HDFCBANK,HDFCBANK,774
2021-04-01,HDFCBANK,HDFCBANK,749.70001220703125
2021-04-05,HDFCBANK,HDFCBANK,740
2021-04-06,HDFCBANK,HDFCBANK,730
2021-04-07,HDFCBANK,HDFCBANK,719.6500244140625
2021-04-08,HDFCBANK,HDFCBANK,726.5
2021-04-09,HDFCBANK,HDFCBANK,713
2021-04-12,HDFCBANK,HDFCBANK,696.5
2021-04-13,HDFCBANK,HDFCBANK,684
2021-04-15,HDFCBANK,HDFCBANK,702.5
2021-04-16,HDFCBANK,HDFCBANK,717.4749755859375
2021-04-19,HDFCBANK,HDFCBANK,695
2021-04-20,HDFCBANK,HDFCBANK,712.5
2021-04-22,HDFCBANK,HDFCBANK,690
2021-04-23,HDFCBANK,HDFCBANK,704.5
2021-04-26,HDFCBANK,HDFCBANK,706.5
2021-04-27,HDFCBANK,HDFCBANK,703.625
2021-04-28,HDFCBANK,HDFCBANK,718.125
2021-04-29,HDFCBANK,HDFCBANK,743.0999755859375
2021-04-30,HDFCBANK,HDFCBANK,722.5
2021-05-03,HDFCBANK,HDFCBANK,696.5
2021-05-04,HDFCBANK,HDFCBANK,704.9749755859375
2021-05-05,HDFCBANK,HDFCBANK,700.5
2021-05-06,HDFCBANK,HDFCBANK,703.79998779296875
2021-05-07,HDFCBANK,HDFCBANK,706.4749755859375
2021-05-10,HDFCBANK,HDFCBANK,713.5
2021-05-11,HDFCBANK,HDFCBANK,698
2021-05-12,HDFCBANK,HDFCBANK,699.875
2021-05-14,HDFCBANK,HDFCBANK,697.17498779296875
2021-05-17,HDFCBANK,HDFCBANK,697.57501220703125
2021-05-18,HDFCBANK,HDFCBANK,729.4749755859375
2021-05-19,HDFCBANK,HDFCBANK,735.0999755859375
2021-05-20,HDFCBANK,HDFCBANK,729.17498779296875
2021-05-21,HDFCBANK,HDFCBANK,721.5
2021-05-24,HDFCBANK,HDFCBANK,751.625
2021-05-25,HDFCBANK,HDFCBANK,755.25
2021-05-26,HDFCBANK,HDFCBANK,740
2021-05-27,HDFCBANK,HDFCBANK,736.54998779296875
2021-05-28,HDFCBANK,HDFCBANK,745.45001220703125
2021-05-31,HDFCBANK,HDFCBANK,750
2021-06-01,HDFCBANK,HDFCBANK,760.1500244140625
2021-06-02,HDFCBANK,HDFCBANK,755
2021-06-03,HDFCBANK,HDFCBANK,754
2021-06-04,HDFCBANK,HDFCBANK,758
2021-06-07,HDFCBANK,HDFCBANK,755
2021-06-08,HDFCBANK,HDFCBANK,748.2750244140625
2021-06-09,HDFCBANK,HDFCBANK,741.95001220703125
2021-06-10,HDFCBANK,HDFCBANK,741.04998779296875
2021-06-11,HDFCBANK,HDFCBANK,745.5
2021-06-14,HDFCBANK,HDFCBANK,739.125
2021-06-15,HDFCBANK,HDFCBANK,743
2021-06-16,HDFCBANK,HDFCBANK,744
2021-06-17,HDFCBANK,HDFCBANK,733
2021-06-18,HDFCBANK,HDFCBANK,734.75
2021-06-21,HDFCBANK,HDFCBANK,730.67498779296875
2021-06-22,HDFCBANK,HDFCBANK,748.5
2021-06-23,HDFCBANK,HDFCBANK,745
2021-06-24,HDFCBANK,HDFCBANK,745
2021-06-25,HDFCBANK,HDFCBANK,755.54998779296875
2021-06-28,HDFCBANK,HDFCBANK,760
2021-06-29,HDFCBANK,HDFCBANK,753.5
2021-06-30,HDFCBANK,HDFCBANK,749
2021-07-01,HDFCBANK,HDFCBANK,751
2021-07-02,HDFCBANK,HDFCBANK,742.5
2021-07-05,HDFCBANK,HDFCBANK,744.9749755859375
2021-07-06,HDFCBANK,HDFCBANK,748.5
2021-07-07,HDFCBANK,HDFCBANK,767
2021-07-08,HDFCBANK,HDFCBANK,762.5
2021-07-09,HDFCBANK,HDFCBANK,756.2750244140625
2021-07-12,HDFCBANK,HDFCBANK,751
2021-07-13,HDFCBANK,HDFCBANK,748.04998779296875
2021-07-14,HDFCBANK,HDFCBANK,748.75
2021-07-15,HDFCBANK,HDFCBANK,752.5
2021-07-16,HDFCBANK,HDFCBANK,763.9749755859375
2021-07-19,HDFCBANK,HDFCBANK,743.5
2021-07-20,HDFCBANK,HDFCBANK,721
2021-07-22,HDFCBANK,HDFCBANK,728.04998779296875
2021-07-23,HDFCBANK,HDFCBANK,725.75
2021-07-26,HDFCBANK,HDFCBANK,715
2021-07-27,HDFCBANK,HDFCBANK,718.04998779296875
2021-07-28,HDFCBANK,HDFCBANK,717.5250244140625
2021-07-29,HDFCBANK,HDFCBANK,714.125
2021-07-30,HDFCBANK,HDFCBANK,709.5
2021-08-02,HDFCBANK,HDFCBANK,717.5
2021-08-03,HDFCBANK,HDFCBANK,705
2021-08-04,HDFCBANK,HDFCBANK,720.5
2021-08-05,HDFCBANK,HDFCBANK,733.54998779296875
2021-08-06,HDFCBANK,HDFCBANK,741.7750244140625
2021-08-09,HDFCBANK,HDFCBANK,746
2021-08-10,HDFCBANK,HDFCBANK,744.5
2021-08-11,HDFCBANK,HDFCBANK,757.45001220703125
2021-08-12,HDFCBANK,HDFCBANK,748.5
2021-08-13,HDFCBANK,HDFCBANK,750.5999755859375
2021-08-16,HDFCBANK,HDFCBANK,763.07501220703125
2021-08-17,HDFCBANK,HDFCBANK,758.5999755859375
2021-08-18,HDFCBANK,HDFCBANK,778.3499755859375
2021-08-20,HDFCBANK,HDFCBANK,743.0250244140625
2021-08-23,HDFCBANK,HDFCBANK,764.92498779296875
2021-08-24,HDFCBANK,HDFCBANK,765
2021-08-25,HDFCBANK,HDFCBANK,776.04998779296875
2021-08-26,HDFCBANK,HDFCBANK,775
2021-08-27,HDFCBANK,HDFCBANK,776
2021-08-30,HDFCBANK,HDFCBANK,777.79998779296875
2021-08-31,HDFCBANK,HDFCBANK,781.75
2021-09-01,HDFCBANK,HDFCBANK,787.5
2021-09-02,HDFCBANK,HDFCBANK,787.04998779296875
2021-09-03,HDFCBANK,HDFCBANK,793.04998779296875
2021-09-06,HDFCBANK,HDFCBANK,789.9749755859375
2021-09-07,HDFCBANK,HDFCBANK,781.25
2021-09-08,HDFCBANK,HDFCBANK,785.9749755859375
2021-09-09,HDFCBANK,HDFCBANK,787
2021-09-13,HDFCBANK,HDFCBANK,781
2021-09-14,HDFCBANK,HDFCBANK,780
2021-09-15,HDFCBANK,HDFCBANK,767.5
2021-09-16,HDFCBANK,HDFCBANK,768.875
2021-09-17,HDFCBANK,HDFCBANK,784.5
2021-09-20,HDFCBANK,HDFCBANK,782
2021-09-21,HDFCBANK,HDFCBANK,781
2021-09-22,HDFCBANK,HDFCBANK,774.5
2021-09-23,HDFCBANK,HDFCBANK,771
2021-09-24,HDFCBANK,HDFCBANK,789.5
2021-09-27,HDFCBANK,HDFCBANK,807.8499755859375
2021-09-28,HDFCBANK,HDFCBANK,816
2021-09-29,HDFCBANK,HDFCBANK,798.5
2021-09-30,HDFCBANK,HDFCBANK,793
2021-10-01,HDFCBANK,HDFCBANK,791.5
2021-10-04,HDFCBANK,HDFCBANK,794.5
2021-10-05,HDFCBANK,HDFCBANK,796
2021-10-06,HDFCBANK,HDFCBANK,798
2021-10-07,HDFCBANK,HDFCBANK,813.29998779296875
2021-10-08,HDFCBANK,HDFCBANK,806
2021-10-11,HDFCBANK,HDFCBANK,799.95001220703125
2021-10-12,HDFCBANK,HDFCBANK,812.5
2021-10-13,HDFCBANK,HDFCBANK,818.5
2021-10-14,HDFCBANK,HDFCBANK,819
2021-10-18,HDFCBANK,HDFCBANK,852.5
2021-10-19,HDFCBANK,HDFCBANK,837.7249755859375
2021-10-20,HDFCBANK,HDFCBANK,844.54998779296875
2021-10-21,HDFCBANK,HDFCBANK,835.9000244140625
2021-10-22,HDFCBANK,HDFCBANK,840.04998779296875
2021-10-25,HDFCBANK,HDFCBANK,845
2021-10-26,HDFCBANK,HDFCBANK,825
2021-10-27,HDFCBANK,HDFCBANK,826.375
2021-10-28,HDFCBANK,HDFCBANK,825
2021-10-29,HDFCBANK,HDFCBANK,795
2021-11-01,HDFCBANK,HDFCBANK,792.5
2021-11-02,HDFCBANK,HDFCBANK,803
2021-11-03,HDFCBANK,HDFCBANK,802.54998779296875
2021-11-04,HDFCBANK,HDFCBANK,797.5
2021-11-08,HDFCBANK,HDFCBANK,796.04998779296875
2021-11-09,HDFCBANK,HDFCBANK,797.29998779296875
2021-11-10,HDFCBANK,HDFCBANK,784
2021-11-11,HDFCBANK,HDFCBANK,775.0250244140625
2021-11-12,HDFCBANK,HDFCBANK,775
2021-11-15,HDFCBANK,HDFCBANK,781.04998779296875
2021-11-16,HDFCBANK,HDFCBANK,777.5
2021-11-17,HDFCBANK,HDFCBANK,768.45001220703125
2021-11-18,HDFCBANK,HDFCBANK,763.0250244140625
2021-11-22,HDFCBANK,HDFCBANK,773
2021-11-23,HDFCBANK,HDFCBANK,751
2021-11-24,HDFCBANK,HDFCBANK,762
2021-11-25,HDFCBANK,HDFCBANK,757.4000244140625
2021-11-26,HDFCBANK,HDFCBANK,750
2021-11-29,HDFCBANK,HDFCBANK,747.4000244140625
2021-11-30,HDFCBANK,HDFCBANK,747.5
2021-12-01,HDFCBANK,HDFCBANK,747.5
2021-12-02,HDFCBANK,HDFCBANK,752.25
2021-12-03,HDFCBANK,HDFCBANK,762.9000244140625
2021-12-06,HDFCBANK,HDFCBANK,756.5
2021-12-07,HDFCBANK,HDFCBANK,756.9749755859375
2021-12-08,HDFCBANK,HDFCBANK,768
2021-12-09,HDFCBANK,HDFCBANK,772.5999755859375
2021-12-10,HDFCBANK,HDFCBANK,762.45001220703125
2021-12-13,HDFCBANK,HDFCBANK,763
2021-12-14,HDFCBANK,HDFCBANK,751.25
2021-12-15,HDFCBANK,HDFCBANK,751.5
2021-12-16,HDFCBANK,HDFCBANK,756.4000244140625
2021-12-17,HDFCBANK,HDFCBANK,748.5
2021-12-20,HDFCBANK,HDFCBANK,726
2021-12-21,HDFCBANK,HDFCBANK,719.75
2021-12-22,HDFCBANK,HDFCBANK,726.1500244140625
2021-12-23,HDFCBANK,HDFCBANK,726.625
2021-12-24,HDFCBANK,HDFCBANK,722.75
2021-12-27,HDFCBANK,HDFCBANK,714.45001220703125
2021-12-28,HDFCBANK,HDFCBANK,730.3499755859375
2021-12-29,HDFCBANK,HDFCBANK,728.0250244140625
2021-12-30,HDFCBANK,HDFCBANK,729.25
2021-12-31,HDFCBANK,HDFCBANK,730.75
2022-01-03,HDFCBANK,HDFCBANK,742.5
2022-01-04,HDFCBANK,HDFCBANK,760
2022-01-05,HDFCBANK,HDFCBANK,768.4000244140625
2022-01-06,HDFCBANK,HDFCBANK,771.5
2022-01-07,HDFCBANK,HDFCBANK,772
2022-01-10,HDFCBANK,HDFCBANK,779
2022-01-11,HDFCBANK,HDFCBANK,780.7750244140625
2022-01-12,HDFCBANK,HDFCBANK,784
2022-01-13,HDFCBANK,HDFCBANK,777.5
2022-01-14,HDFCBANK,HDFCBANK,765
2022-01-17,HDFCBANK,HDFCBANK,765
2022-01-18,HDFCBANK,HDFCBANK,766.5
2022-01-19,HDFCBANK,HDFCBANK,767
2022-01-20,HDFCBANK,HDFCBANK,764.2249755859375
2022-01-21,HDFCBANK,HDFCBANK,750
2022-01-24,HDFCBANK,HDFCBANK,754.9749755859375
2022-01-25,HDFCBANK,HDFCBANK,729.32501220703125
2022-01-27,HDFCBANK,HDFCBANK,725
2022-01-28,HDFCBANK,HDFCBANK,738.75
2022-01-31,HDFCBANK,HDFCBANK,736.375
2022-02-01,HDFCBANK,HDFCBANK,754.25
2022-02-02,HDFCBANK,HDFCBANK,755.9749755859375
2022-02-03,HDFCBANK,HDFCBANK,764.375
2022-02-04,HDFCBANK,HDFCBANK,764.20001220703125
2022-02-07,HDFCBANK,HDFCBANK,756.04998779296875
2022-02-08,HDFCBANK,HDFCBANK,738.20001220703125
2022-02-09,HDFCBANK,HDFCBANK,737
2022-02-10,HDFCBANK,HDFCBANK,757
2022-02-11,HDFCBANK,HDFCBANK,750.125
2022-02-14,HDFCBANK,HDFCBANK,745
2022-02-15,HDFCBANK,HDFCBANK,738
2022-02-16,HDFCBANK,HDFCBANK,767.17498779296875
2022-02-17,HDFCBANK,HDFCBANK,756.54998779296875
2022-02-18,HDFCBANK,HDFCBANK,749.1500244140625
2022-02-21,HDFCBANK,HDFCBANK,752
2022-02-22,HDFCBANK,HDFCBANK,744.9000244140625
2022-02-23,HDFCBANK,HDFCBANK,762.54998779296875
2022-02-24,HDFCBANK,HDFCBANK,724.95001220703125
2022-02-25,HDFCBANK,HDFCBANK,719.9749755859375
2022-02-28,HDFCBANK,HDFCBANK,713
2022-03-02,HDFCBANK,HDFCBANK,693.25
2022-03-03,HDFCBANK,HDFCBANK,690.5
2022-03-04,HDFCBANK,HDFCBANK,680
2022-03-07,HDFCBANK,HDFCBANK,659.25
2022-03-08,HDFCBANK,HDFCBANK,651.0999755859375
2022-03-09,HDFCBANK,HDFCBANK,665
2022-03-10,HDFCBANK,HDFCBANK,713.5
2022-03-11,HDFCBANK,HDFCBANK,694
2022-03-14,HDFCBANK,HDFCBANK,707.5
2022-03-15,HDFCBANK,HDFCBANK,721.75
2022-03-16,HDFCBANK,HDFCBANK,723.5
2022-03-17,HDFCBANK,HDFCBANK,736
2022-03-21,HDFCBANK,HDFCBANK,743.5
2022-03-22,HDFCBANK,HDFCBANK,740.6500244140625
2022-03-23,HDFCBANK,HDFCBANK,753.5
2022-03-24,HDFCBANK,HDFCBANK,733
2022-03-25,HDFCBANK,HDFCBANK,725.5
2022-03-28,HDFCBANK,HDFCBANK,715.45001220703125
2022-03-29,HDFCBANK,HDFCBANK,720.5
2022-03-30,HDFCBANK,HDFCBANK,736
2022-03-31,HDFCBANK,HDFCBANK,735.5
2022-04-01,HDFCBANK,HDFCBANK,738.20001220703125
2022-04-04,HDFCBANK,HDFCBANK,790
2022-04-05,HDFCBANK,HDFCBANK,833.3499755859375
2022-04-06,HDFCBANK,HDFCBANK,793.8499755859375
2022-04-07,HDFCBANK,HDFCBANK,770.6500244140625
2022-04-08,HDFCBANK,HDFCBANK,756.04998779296875
2022-04-11,HDFCBANK,HDFCBANK,753
2022-04-12,HDFCBANK,HDFCBANK,742
2022-04-13,HDFCBANK,HDFCBANK,745
2022-04-18,HDFCBANK,HDFCBANK,709.42498779296875
2022-04-19,HDFCBANK,HDFCBANK,690.45001220703125
2022-04-20,HDFCBANK,HDFCBANK,677.2249755859375
2022-04-21,HDFCBANK,HDFCBANK,682.5
2022-04-22,HDFCBANK,HDFCBANK,680
2022-04-25,HDFCBANK,HDFCBANK,675
2022-04-26,HDFCBANK,HDFCBANK,686
2022-04-27,HDFCBANK,HDFCBANK,680
2022-04-28,HDFCBANK,HDFCBANK,686
2022-04-29,HDFCBANK,HDFCBANK,690.17498779296875
2022-05-02,HDFCBANK,HDFCBANK,681.0250244140625
2022-05-04,HDFCBANK,HDFCBANK,700
2022-05-05,HDFCBANK,HDFCBANK,687.5
2022-05-06,HDFCBANK,HDFCBANK,665
2022-05-09,HDFCBANK,HDFCBANK,650
2022-05-10,HDFCBANK,HDFCBANK,657.5250244140625
2022-05-11,HDFCBANK,HDFCBANK,676.5
2022-05-12,HDFCBANK,HDFCBANK,660.54998779296875
2022-05-13,HDFCBANK,HDFCBANK,655.0250244140625
2022-05-16,HDFCBANK,HDFCBANK,649.5
2022-05-17,HDFCBANK,HDFCBANK,656.29998779296875
2022-05-18,HDFCBANK,HDFCBANK,662.0250244140625
2022-05-19,HDFCBANK,HDFCBANK,643.0999755859375
2022-05-20,HDFCBANK,HDFCBANK,651.5
2022-05-23,HDFCBANK,HDFCBANK,657
2022-05-24,HDFCBANK,HDFCBANK,650
2022-05-25,HDFCBANK,HDFCBANK,665
2022-05-26,HDFCBANK,HDFCBANK,671.07501220703125
2022-05-27,HDFCBANK,HDFCBANK,685.9000244140625
2022-05-30,HDFCBANK,HDFCBANK,705.125
2022-05-31,HDFCBANK,HDFCBANK,697.95001220703125
2022-06-01,HDFCBANK,HDFCBANK,690
2022-06-02,HDFCBANK,HDFCBANK,693.625
2022-06-03,HDFCBANK,HDFCBANK,699.1500244140625
2022-06-06,HDFCBANK,HDFCBANK,688.1500244140625
2022-06-07,HDFCBANK,HDFCBANK,681
2022-06-08,HDFCBANK,HDFCBANK,686.6500244140625
2022-06-09,HDFCBANK,HDFCBANK,681.125
2022-06-10,HDFCBANK,HDFCBANK,680.04998779296875
2022-06-13,HDFCBANK,HDFCBANK,661.79998779296875
2022-06-14,HDFCBANK,HDFCBANK,655.625
2022-06-15,HDFCBANK,HDFCBANK,650.82501220703125
2022-06-16,HDFCBANK,HDFCBANK,655
2022-06-17,HDFCBANK,HDFCBANK,637.5
2022-06-20,HDFCBANK,HDFCBANK,652.3499755859375
2022-06-21,HDFCBANK,HDFCBANK,668.45001220703125
2022-06-22,HDFCBANK,HDFCBANK,666.125
2022-06-23,HDFCBANK,HDFCBANK,665.25
2022-06-24,HDFCBANK,HDFCBANK,669.2750244140625
2022-06-27,HDFCBANK,HDFCBANK,685
2022-06-28,HDFCBANK,HDFCBANK,672
2022-06-29,HDFCBANK,HDFCBANK,665.625
2022-06-30,HDFCBANK,HDFCBANK,668
2022-07-01,HDFCBANK,HDFCBANK,671.9749755859375
2022-07-04,HDFCBANK,HDFCBANK,676.8499755859375
2022-07-05,HDFCBANK,HDFCBANK,682
2022-07-06,HDFCBANK,HDFCBANK,674
2022-07-07,HDFCBANK,HDFCBANK,690
2022-07-08,HDFCBANK,HDFCBANK,705
2022-07-11,HDFCBANK,HDFCBANK,697
2022-07-12,HDFCBANK,HDFCBANK,702.625
2022-07-13,HDFCBANK,HDFCBANK,695
2022-07-14,HDFCBANK,HDFCBANK,681
2022-07-15,HDFCBANK,HDFCBANK,676.5
2022-07-18,HDFCBANK,HDFCBANK,674
2022-07-19,HDFCBANK,HDFCBANK,668.5
2022-07-20,HDFCBANK,HDFCBANK,679.95001220703125
2022-07-21,HDFCBANK,HDFCBANK,680.2750244140625
2022-07-22,HDFCBANK,HDFCBANK,683
2022-07-25,HDFCBANK,HDFCBANK,697.5
2022-07-26,HDFCBANK,HDFCBANK,698
2022-07-27,HDFCBANK,HDFCBANK,694.45001220703125
2022-07-28,HDFCBANK,HDFCBANK,707.5250244140625
2022-07-29,HDFCBANK,HDFCBANK,719
2022-08-01,HDFCBANK,HDFCBANK,719.5
2022-08-02,HDFCBANK,HDFCBANK,721
2022-08-03,HDFCBANK,HDFCBANK,712.4749755859375
2022-08-04,HDFCBANK,HDFCBANK,720
2022-08-05,HDFCBANK,HDFCBANK,716.5
2022-08-08,HDFCBANK,HDFCBANK,714
2022-08-10,HDFCBANK,HDFCBANK,730.67498779296875
2022-08-11,HDFCBANK,HDFCBANK,743.25
2022-08-12,HDFCBANK,HDFCBANK,742.5
2022-08-16,HDFCBANK,HDFCBANK,747.4000244140625
2022-08-17,HDFCBANK,HDFCBANK,750
2022-08-18,HDFCBANK,HDFCBANK,750
2022-08-19,HDFCBANK,HDFCBANK,755
2022-08-22,HDFCBANK,HDFCBANK,742.4000244140625
2022-08-23,HDFCBANK,HDFCBANK,726.6500244140625
2022-08-24,HDFCBANK,HDFCBANK,730.95001220703125
2022-08-25,HDFCBANK,HDFCBANK,739.95001220703125
2022-08-26,HDFCBANK,HDFCBANK,736.0250244140625
2022-08-29,HDFCBANK,HDFCBANK,718.5
2022-08-30,HDFCBANK,HDFCBANK,723.2249755859375
2022-09-01,HDFCBANK,HDFCBANK,732.375
2022-09-02,HDFCBANK,HDFCBANK,736.07501220703125
2022-09-05,HDFCBANK,HDFCBANK,743.04998779296875
2022-09-06,HDFCBANK,HDFCBANK,749.45001220703125
2022-09-07,HDFCBANK,HDFCBANK,735.6500244140625
2022-09-08,HDFCBANK,HDFCBANK,745.04998779296875
2022-09-09,HDFCBANK,HDFCBANK,748.0999755859375
2022-09-12,HDFCBANK,HDFCBANK,750
2022-09-13,HDFCBANK,HDFCBANK,749.45001220703125
2022-09-14,HDFCBANK,HDFCBANK,747.0250244140625
2022-09-15,HDFCBANK,HDFCBANK,765
2022-09-16,HDFCBANK,HDFCBANK,751.54998779296875
2022-09-19,HDFCBANK,HDFCBANK,744.5
2022-09-20,HDFCBANK,HDFCBANK,757
2022-09-21,HDFCBANK,HDFCBANK,754
2022-09-22,HDFCBANK,HDFCBANK,751
2022-09-23,HDFCBANK,HDFCBANK,736.17498779296875
2022-09-26,HDFCBANK,HDFCBANK,712.67498779296875
2022-09-27,HDFCBANK,HDFCBANK,716.20001220703125
2022-09-28,HDFCBANK,HDFCBANK,703
2022-09-29,HDFCBANK,HDFCBANK,698.1500244140625
2022-09-30,HDFCBANK,HDFCBANK,689.4000244140625
2022-10-03,HDFCBANK,HDFCBANK,704.9749755859375
2022-10-04,HDFCBANK,HDFCBANK,714.75
2022-10-06,HDFCBANK,HDFCBANK,729.9749755859375
2022-10-07,HDFCBANK,HDFCBANK,715.125
2022-10-10,HDFCBANK,HDFCBANK,704
2022-10-11,HDFCBANK,HDFCBANK,700.54998779296875
2022-10-12,HDFCBANK,HDFCBANK,701.5999755859375
2022-10-13,HDFCBANK,HDFCBANK,701.0250244140625
2022-10-14,HDFCBANK,HDFCBANK,708.5
2022-10-17,HDFCBANK,HDFCBANK,717.5
2022-10-18,HDFCBANK,HDFCBANK,729.0250244140625
2022-10-19,HDFCBANK,HDFCBANK,732
2022-10-20,HDFCBANK,HDFCBANK,722
2022-10-21,HDFCBANK,HDFCBANK,726
2022-10-24,HDFCBANK,HDFCBANK,727.1500244140625
2022-10-25,HDFCBANK,HDFCBANK,730.54998779296875
2022-10-27,HDFCBANK,HDFCBANK,732.25
2022-10-28,HDFCBANK,HDFCBANK,725
2022-10-31,HDFCBANK,HDFCBANK,736
2022-11-01,HDFCBANK,HDFCBANK,751.75
2022-11-02,HDFCBANK,HDFCBANK,758.5
2022-11-03,HDFCBANK,HDFCBANK,748.8499755859375
2022-11-04,HDFCBANK,HDFCBANK,751.5999755859375
2022-11-07,HDFCBANK,HDFCBANK,755
2022-11-09,HDFCBANK,HDFCBANK,757.5250244140625
2022-11-10,HDFCBANK,HDFCBANK,748.54998779296875
2022-11-11,HDFCBANK,HDFCBANK,772.5
2022-11-14,HDFCBANK,HDFCBANK,806
2022-11-15,HDFCBANK,HDFCBANK,811.57501220703125
2022-11-16,HDFCBANK,HDFCBANK,809.32501220703125
2022-11-17,HDFCBANK,HDFCBANK,809.04998779296875
2022-11-18,HDFCBANK,HDFCBANK,810.5
2022-11-21,HDFCBANK,HDFCBANK,803.82501220703125
2022-11-22,HDFCBANK,HDFCBANK,800
2022-11-23,HDFCBANK,HDFCBANK,802.5
2022-11-24,HDFCBANK,HDFCBANK,802.9749755859375
2022-11-25,HDFCBANK,HDFCBANK,814.8499755859375
2022-11-28,HDFCBANK,HDFCBANK,801.45001220703125
2022-11-29,HDFCBANK,HDFCBANK,798.625
2022-11-30,HDFCBANK,HDFCBANK,798.54998779296875
2022-12-01,HDFCBANK,HDFCBANK,811
2022-12-02,HDFCBANK,HDFCBANK,805
2022-12-05,HDFCBANK,HDFCBANK,804.9749755859375
2022-12-06,HDFCBANK,HDFCBANK,800.5
2022-12-07,HDFCBANK,HDFCBANK,807.07501220703125
2022-12-08,HDFCBANK,HDFCBANK,805
2022-12-09,HDFCBANK,HDFCBANK,813
2022-12-12,HDFCBANK,HDFCBANK,812.5
2022-12-13,HDFCBANK,HDFCBANK,825
2022-12-14,HDFCBANK,HDFCBANK,826.5
2022-12-15,HDFCBANK,HDFCBANK,828.5250244140625
2022-12-16,HDFCBANK,HDFCBANK,810.0250244140625
2022-12-19,HDFCBANK,HDFCBANK,822
2022-12-20,HDFCBANK,HDFCBANK,810.0999755859375
2022-12-21,HDFCBANK,HDFCBANK,820.5
2022-12-22,HDFCBANK,HDFCBANK,811.0999755859375
2022-12-23,HDFCBANK,HDFCBANK,793.5
2022-12-26,HDFCBANK,HDFCBANK,799.75
2022-12-27,HDFCBANK,HDFCBANK,816.5
2022-12-28,HDFCBANK,HDFCBANK,811.54998779296875
2022-12-29,HDFCBANK,HDFCBANK,810.04998779296875
2022-12-30,HDFCBANK,HDFCBANK,822.5
2023-01-02,HDFCBANK,HDFCBANK,813.5
2023-01-03,HDFCBANK,HDFCBANK,811.0999755859375
2023-01-04,HDFCBANK,HDFCBANK,817.5
2023-01-05,HDFCBANK,HDFCBANK,807.5
2023-01-06,HDFCBANK,HDFCBANK,801
2023-01-09,HDFCBANK,HDFCBANK,798
2023-01-10,HDFCBANK,HDFCBANK,800
2023-01-11,HDFCBANK,HDFCBANK,783.9749755859375
2023-01-12,HDFCBANK,HDFCBANK,793.9000244140625
2023-01-13,HDFCBANK,HDFCBANK,799.375
2023-01-16,HDFCBANK,HDFCBANK,807.5
2023-01-17,HDFCBANK,HDFCBANK,794.9000244140625
2023-01-18,HDFCBANK,HDFCBANK,802.5
2023-01-19,HDFCBANK,HDFCBANK,818.5
2023-01-20,HDFCBANK,HDFCBANK,822.04998779296875
2023-01-23,HDFCBANK,HDFCBANK,833.125
2023-01-24,HDFCBANK,HDFCBANK,837.5250244140625
2023-01-25,HDFCBANK,HDFCBANK,845.70001220703125
2023-01-27,HDFCBANK,HDFCBANK,816
2023-01-30,HDFCBANK,HDFCBANK,797.5
2023-01-31,HDFCBANK,HDFCBANK,809.8499755859375
2023-02-01,HDFCBANK,HDFCBANK,812
2023-02-02,HDFCBANK,HDFCBANK,804.04998779296875
2023-02-03,HDFCBANK,HDFCBANK,805.5
2023-02-06,HDFCBANK,HDFCBANK,830
2023-02-07,HDFCBANK,HDFCBANK,829.70001220703125
2023-02-08,HDFCBANK,HDFCBANK,827.125
2023-02-09,HDFCBANK,HDFCBANK,830
2023-02-10,HDFCBANK,HDFCBANK,824.4000244140625
2023-02-13,HDFCBANK,HDFCBANK,827.5
2023-02-14,HDFCBANK,HDFCBANK,832.5
2023-02-15,HDFCBANK,HDFCBANK,839
2023-02-16,HDFCBANK,HDFCBANK,836.5999755859375
2023-02-17,HDFCBANK,HDFCBANK,830.5
2023-02-20,HDFCBANK,HDFCBANK,830
2023-02-21,HDFCBANK,HDFCBANK,820
2023-02-22,HDFCBANK,HDFCBANK,819.5
2023-02-23,HDFCBANK,HDFCBANK,806.5
2023-02-24,HDFCBANK,HDFCBANK,808.95001220703125
2023-02-27,HDFCBANK,HDFCBANK,792.95001220703125
2023-02-28,HDFCBANK,HDFCBANK,796
2023-03-01,HDFCBANK,HDFCBANK,806
2023-03-02,HDFCBANK,HDFCBANK,797
2023-03-03,HDFCBANK,HDFCBANK,798
2023-03-06,HDFCBANK,HDFCBANK,810
2023-03-08,HDFCBANK,HDFCBANK,810
2023-03-09,HDFCBANK,HDFCBANK,814.9749755859375
2023-03-10,HDFCBANK,HDFCBANK,805.2249755859375
2023-03-13,HDFCBANK,HDFCBANK,793.95001220703125
2023-03-14,HDFCBANK,HDFCBANK,785.125
2023-03-15,HDFCBANK,HDFCBANK,789
2023-03-16,HDFCBANK,HDFCBANK,769.5
2023-03-17,HDFCBANK,HDFCBANK,778.75
2023-03-20,HDFCBANK,HDFCBANK,783.9749755859375
2023-03-21,HDFCBANK,HDFCBANK,785.9749755859375
2023-03-22,HDFCBANK,HDFCBANK,792
2023-03-23,HDFCBANK,HDFCBANK,783.875
2023-03-24,HDFCBANK,HDFCBANK,780
2023-03-27,HDFCBANK,HDFCBANK,781.0999755859375
2023-03-28,HDFCBANK,HDFCBANK,782.8499755859375
2023-03-29,HDFCBANK,HDFCBANK,792
2023-03-31,HDFCBANK,HDFCBANK,797.79998779296875
2023-04-03,HDFCBANK,HDFCBANK,803.7750244140625
2023-04-05,HDFCBANK,HDFCBANK,809.29998779296875
2023-04-06,HDFCBANK,HDFCBANK,824.2750244140625
2023-04-10,HDFCBANK,HDFCBANK,831.625
2023-04-11,HDFCBANK,HDFCBANK,829.5
2023-04-12,HDFCBANK,HDFCBANK,834
2023-04-13,HDFCBANK,HDFCBANK,844.1500244140625
2023-04-17,HDFCBANK,HDFCBANK,860
2023-04-18,HDFCBANK,HDFCBANK,835
2023-04-19,HDFCBANK,HDFCBANK,832.5
2023-04-20,HDFCBANK,HDFCBANK,835.8499755859375
2023-04-21,HDFCBANK,HDFCBANK,834.5
2023-04-24,HDFCBANK,HDFCBANK,843.5
2023-04-25,HDFCBANK,HDFCBANK,843.8499755859375
2023-04-26,HDFCBANK,HDFCBANK,830
2023-04-27,HDFCBANK,HDFCBANK,835.25
2023-04-28,HDFCBANK,HDFCBANK,842.3499755859375
2023-05-02,HDFCBANK,HDFCBANK,844.3499755859375
2023-05-03,HDFCBANK,HDFCBANK,842.4749755859375
2023-05-04,HDFCBANK,HDFCBANK,843.54998779296875
2023-05-05,HDFCBANK,HDFCBANK,819.5
2023-05-08,HDFCBANK,HDFCBANK,817.5
2023-05-09,HDFCBANK,HDFCBANK,824.95001220703125
2023-05-10,HDFCBANK,HDFCBANK,822.25
2023-05-11,HDFCBANK,HDFCBANK,832.57501220703125
2023-05-12,HDFCBANK,HDFCBANK,823.5
2023-05-15,HDFCBANK,HDFCBANK,836
2023-05-16,HDFCBANK,HDFCBANK,835.9000244140625
2023-05-17,HDFCBANK,HDFCBANK,825
2023-05-18,HDFCBANK,HDFCBANK,824
2023-05-19,HDFCBANK,HDFCBANK,824
2023-05-22,HDFCBANK,HDFCBANK,822.5
2023-05-23,HDFCBANK,HDFCBANK,824.5
2023-05-24,HDFCBANK,HDFCBANK,813.7750244140625
2023-05-25,HDFCBANK,HDFCBANK,807.8499755859375
2023-05-26,HDFCBANK,HDFCBANK,809.5
2023-05-29,HDFCBANK,HDFCBANK,814.25
2023-05-30,HDFCBANK,HDFCBANK,816.79998779296875
2023-05-31,HDFCBANK,HDFCBANK,814.95001220703125
2023-06-01,HDFCBANK,HDFCBANK,809.95001220703125
2023-06-02,HDFCBANK,HDFCBANK,806.2249755859375
2023-06-05,HDFCBANK,HDFCBANK,807.25
2023-06-06,HDFCBANK,HDFCBANK,803.82501220703125
2023-06-07,HDFCBANK,HDFCBANK,801.7249755859375
2023-06-08,HDFCBANK,HDFCBANK,801.625
2023-06-09,HDFCBANK,HDFCBANK,807.95001220703125
2023-06-12,HDFCBANK,HDFCBANK,806.2750244140625
2023-06-13,HDFCBANK,HDFCBANK,795.04998779296875
2023-06-14,HDFCBANK,HDFCBANK,805.2249755859375
2023-06-15,HDFCBANK,HDFCBANK,802
2023-06-16,HDFCBANK,HDFCBANK,793.57501220703125
2023-06-19,HDFCBANK,HDFCBANK,805.5
2023-06-20,HDFCBANK,HDFCBANK,802.07501220703125
2023-06-21,HDFCBANK,HDFCBANK,808
2023-06-22,HDFCBANK,HDFCBANK,820
2023-06-23,HDFCBANK,HDFCBANK,818.7750244140625
2023-06-26,HDFCBANK,HDFCBANK,822.5
2023-06-27,HDFCBANK,HDFCBANK,821.4749755859375
2023-06-28,HDFCBANK,HDFCBANK,835
2023-06-30,HDFCBANK,HDFCBANK,852
2023-07-03,HDFCBANK,HDFCBANK,856.25
2023-07-04,HDFCBANK,HDFCBANK,861.7249755859375
2023-07-05,HDFCBANK,HDFCBANK,858.125
2023-07-06,HDFCBANK,HDFCBANK,836.5
2023-07-07,HDFCBANK,HDFCBANK,832.5
2023-07-10,HDFCBANK,HDFCBANK,830.5
2023-07-11,HDFCBANK,HDFCBANK,831.5
2023-07-12,HDFCBANK,HDFCBANK,827.67498779296875
2023-07-13,HDFCBANK,HDFCBANK,828.3499755859375
2023-07-14,HDFCBANK,HDFCBANK,826.79998779296875
2023-07-17,HDFCBANK,HDFCBANK,825
2023-07-18,HDFCBANK,HDFCBANK,849
2023-07-19,HDFCBANK,HDFCBANK,840.54998779296875
2023-07-20,HDFCBANK,HDFCBANK,840.57501220703125
2023-07-21,HDFCBANK,HDFCBANK,840
2023-07-24,HDFCBANK,HDFCBANK,839.25
2023-07-25,HDFCBANK,HDFCBANK,842.32501220703125
2023-07-26,HDFCBANK,HDFCBANK,849.79998779296875
2023-07-27,HDFCBANK,HDFCBANK,849.95001220703125
2023-07-28,HDFCBANK,HDFCBANK,830.75
2023-07-31,HDFCBANK,HDFCBANK,825.0250244140625
2023-08-01,HDFCBANK,HDFCBANK,827.2249755859375
2023-08-02,HDFCBANK,HDFCBANK,821
2023-08-03,HDFCBANK,HDFCBANK,820
2023-08-04,HDFCBANK,HDFCBANK,817.57501220703125
2023-08-07,HDFCBANK,HDFCBANK,831.54998779296875
2023-08-08,HDFCBANK,HDFCBANK,825.8499755859375
2023-08-09,HDFCBANK,HDFCBANK,826.5
2023-08-10,HDFCBANK,HDFCBANK,823.5250244140625
2023-08-11,HDFCBANK,HDFCBANK,819.20001220703125
2023-08-14,HDFCBANK,HDFCBANK,805.5
2023-08-16,HDFCBANK,HDFCBANK,791.54998779296875
2023-08-17,HDFCBANK,HDFCBANK,798.79998779296875
2023-08-18,HDFCBANK,HDFCBANK,793.7750244140625
2023-08-21,HDFCBANK,HDFCBANK,800.25
2023-08-22,HDFCBANK,HDFCBANK,798.17498779296875
2023-08-23,HDFCBANK,HDFCBANK,790
2023-08-24,HDFCBANK,HDFCBANK,796.6500244140625
2023-08-25,HDFCBANK,HDFCBANK,787.2750244140625
2023-08-28,HDFCBANK,HDFCBANK,780.75
2023-08-29,HDFCBANK,HDFCBANK,794.8499755859375
2023-08-30,HDFCBANK,HDFCBANK,801.9749755859375
2023-08-31,HDFCBANK,HDFCBANK,789.5
2023-09-01,HDFCBANK,HDFCBANK,785.5
2023-09-04,HDFCBANK,HDFCBANK,795
2023-09-05,HDFCBANK,HDFCBANK,794.20001220703125
2023-09-06,HDFCBANK,HDFCBANK,788.4000244140625
2023-09-07,HDFCBANK,HDFCBANK,797.75
2023-09-08,HDFCBANK,HDFCBANK,804.1500244140625
2023-09-11,HDFCBANK,HDFCBANK,814.45001220703125
2023-09-12,HDFCBANK,HDFCBANK,820
2023-09-13,HDFCBANK,HDFCBANK,815.6500244140625
2023-09-14,HDFCBANK,HDFCBANK,822.125
2023-09-15,HDFCBANK,HDFCBANK,825
2023-09-18,HDFCBANK,HDFCBANK,826.875
2023-09-20,HDFCBANK,HDFCBANK,799.5
2023-09-21,HDFCBANK,HDFCBANK,776.5
2023-09-22,HDFCBANK,HDFCBANK,779.5
2023-09-25,HDFCBANK,HDFCBANK,762.5
2023-09-26,HDFCBANK,HDFCBANK,762.5
2023-09-27,HDFCBANK,HDFCBANK,761.5
2023-09-28,HDFCBANK,HDFCBANK,767
2023-09-29,HDFCBANK,HDFCBANK,761.8499755859375
2023-10-03,HDFCBANK,HDFCBANK,763.5
2023-10-04,HDFCBANK,HDFCBANK,747.5
2023-10-05,HDFCBANK,HDFCBANK,767.5250244140625
2023-10-06,HDFCBANK,HDFCBANK,772
2023-10-09,HDFCBANK,HDFCBANK,764
2023-10-10,HDFCBANK,HDFCBANK,760.2750244140625
2023-10-11,HDFCBANK,HDFCBANK,765.04998779296875
2023-10-12,HDFCBANK,HDFCBANK,768.04998779296875
2023-10-13,HDFCBANK,HDFCBANK,770
2023-10-16,HDFCBANK,HDFCBANK,765.75
2023-10-17,HDFCBANK,HDFCBANK,777.875
2023-10-18,HDFCBANK,HDFCBANK,770.5999755859375
2023-10-19,HDFCBANK,HDFCBANK,752.70001220703125
2023-10-20,HDFCBANK,HDFCBANK,752.5
2023-10-23,HDFCBANK,HDFCBANK,761.75
2023-10-25,HDFCBANK,HDFCBANK,760.5
2023-10-26,HDFCBANK,HDFCBANK,745.625
2023-10-27,HDFCBANK,HDFCBANK,734.75
2023-10-30,HDFCBANK,HDFCBANK,731.625
2023-10-31,HDFCBANK,HDFCBANK,752
2023-11-01,HDFCBANK,HDFCBANK,731.125
2023-11-02,HDFCBANK,HDFCBANK,742.5
2023-11-03,HDFCBANK,HDFCBANK,744
2023-11-06,HDFCBANK,HDFCBANK,749
2023-11-07,HDFCBANK,HDFCBANK,747
2023-11-08,HDFCBANK,HDFCBANK,741.9749755859375
2023-11-09,HDFCBANK,HDFCBANK,743
2023-11-10,HDFCBANK,HDFCBANK,740.04998779296875
2023-11-13,HDFCBANK,HDFCBANK,746.04998779296875
2023-11-15,HDFCBANK,HDFCBANK,752.04998779296875
2023-11-16,HDFCBANK,HDFCBANK,754.8499755859375
2023-11-17,HDFCBANK,HDFCBANK,745
2023-11-20,HDFCBANK,HDFCBANK,756.5
2023-11-21,HDFCBANK,HDFCBANK,759.5
2023-11-22,HDFCBANK,HDFCBANK,760
2023-11-23,HDFCBANK,HDFCBANK,754.25
2023-11-24,HDFCBANK,HDFCBANK,760.5999755859375
2023-11-28,HDFCBANK,HDFCBANK,767.5999755859375
2023-11-29,HDFCBANK,HDFCBANK,766.95001220703125
2023-11-30,HDFCBANK,HDFCBANK,784.57501220703125
2023-12-01,HDFCBANK,HDFCBANK,778.95001220703125
2023-12-04,HDFCBANK,HDFCBANK,794
2023-12-05,HDFCBANK,HDFCBANK,818.25
2023-12-06,HDFCBANK,HDFCBANK,819.2249755859375
2023-12-07,HDFCBANK,HDFCBANK,812.5
2023-12-08,HDFCBANK,HDFCBANK,815.2249755859375
2023-12-11,HDFCBANK,HDFCBANK,825.0250244140625
2023-12-12,HDFCBANK,HDFCBANK,827.0999755859375
2023-12-13,HDFCBANK,HDFCBANK,816.2249755859375
2023-12-14,HDFCBANK,HDFCBANK,823
2023-12-15,HDFCBANK,HDFCBANK,825
2023-12-18,HDFCBANK,HDFCBANK,830.3499755859375
2023-12-19,HDFCBANK,HDFCBANK,825
2023-12-20,HDFCBANK,HDFCBANK,829
2023-12-21,HDFCBANK,HDFCBANK,828.5
2023-12-22,HDFCBANK,HDFCBANK,841.79998779296875
2023-12-26,HDFCBANK,HDFCBANK,836.625
2023-12-27,HDFCBANK,HDFCBANK,840.75
2023-12-28,HDFCBANK,HDFCBANK,854.6500244140625
2023-12-29,HDFCBANK,HDFCBANK,848.5
2024-01-01,HDFCBANK,HDFCBANK,853
2024-01-02,HDFCBANK,HDFCBANK,849.4000244140625
2024-01-03,HDFCBANK,HDFCBANK,851
2024-01-04,HDFCBANK,HDFCBANK,839
2024-01-05,HDFCBANK,HDFCBANK,843.57501220703125
2024-01-08,HDFCBANK,HDFCBANK,839.25
2024-01-09,HDFCBANK,HDFCBANK,833.57501220703125
2024-01-10,HDFCBANK,HDFCBANK,821.5
2024-01-11,HDFCBANK,HDFCBANK,830
2024-01-12,HDFCBANK,HDFCBANK,826
2024-01-15,HDFCBANK,HDFCBANK,823.8499755859375
2024-01-16,HDFCBANK,HDFCBANK,836.5
2024-01-17,HDFCBANK,HDFCBANK,785
2024-01-18,HDFCBANK,HDFCBANK,747
2024-01-19,HDFCBANK,HDFCBANK,752.9749755859375
2024-01-23,HDFCBANK,HDFCBANK,732.5
2024-01-24,HDFCBANK,HDFCBANK,690.125
2024-01-25,HDFCBANK,HDFCBANK,726.25
2024-01-29,HDFCBANK,HDFCBANK,724.0250244140625
2024-01-30,HDFCBANK,HDFCBANK,727.2750244140625
2024-01-31,HDFCBANK,HDFCBANK,719.75
2024-02-01,HDFCBANK,HDFCBANK,732.5250244140625
2024-02-02,HDFCBANK,HDFCBANK,737.5
2024-02-05,HDFCBANK,HDFCBANK,723
2024-02-06,HDFCBANK,HDFCBANK,722.7750244140625
2024-02-07,HDFCBANK,HDFCBANK,726.5
2024-02-08,HDFCBANK,HDFCBANK,714.92498779296875
2024-02-09,HDFCBANK,HDFCBANK,696.07501220703125
2024-02-12,HDFCBANK,HDFCBANK,699.82501220703125
2024-02-13,HDFCBANK,HDFCBANK,695.9749755859375
2024-02-14,HDFCBANK,HDFCBANK,688
2024-02-15,HDFCBANK,HDFCBANK,692.5
2024-02-16,HDFCBANK,HDFCBANK,711.95001220703125
2024-02-19,HDFCBANK,HDFCBANK,714.5
2024-02-20,HDFCBANK,HDFCBANK,707.5
2024-02-21,HDFCBANK,HDFCBANK,732
2024-02-22,HDFCBANK,HDFCBANK,708.875
2024-02-23,HDFCBANK,HDFCBANK,711.2750244140625
2024-02-26,HDFCBANK,HDFCBANK,706.7750244140625
2024-02-27,HDFCBANK,HDFCBANK,706.7750244140625
2024-02-28,HDFCBANK,HDFCBANK,710.07501220703125
2024-02-29,HDFCBANK,HDFCBANK,701.04998779296875
2024-03-01,HDFCBANK,HDFCBANK,700
2024-03-04,HDFCBANK,HDFCBANK,715.4749755859375
2024-03-05,HDFCBANK,HDFCBANK,711
2024-03-06,HDFCBANK,HDFCBANK,716.7750244140625
2024-03-07,HDFCBANK,HDFCBANK,722.75
2024-03-11,HDFCBANK,HDFCBANK,715
2024-03-12,HDFCBANK,HDFCBANK,717
2024-03-13,HDFCBANK,HDFCBANK,732.75
2024-03-14,HDFCBANK,HDFCBANK,731.04998779296875
2024-03-15,HDFCBANK,HDFCBANK,725
2024-03-18,HDFCBANK,HDFCBANK,723.5
2024-03-19,HDFCBANK,HDFCBANK,717.75
2024-03-20,HDFCBANK,HDFCBANK,724.5250244140625
2024-03-21,HDFCBANK,HDFCBANK,721.29998779296875
2024-03-22,HDFCBANK,HDFCBANK,720.5
2024-03-26,HDFCBANK,HDFCBANK,713.5999755859375
2024-03-27,HDFCBANK,HDFCBANK,711.7750244140625
2024-03-28,HDFCBANK,HDFCBANK,720.3499755859375
2024-04-01,HDFCBANK,HDFCBANK,729
2024-04-02,HDFCBANK,HDFCBANK,732.57501220703125
2024-04-03,HDFCBANK,HDFCBANK,736.04998779296875
2024-04-04,HDFCBANK,HDFCBANK,752
2024-04-05,HDFCBANK,HDFCBANK,769.5
2024-04-08,HDFCBANK,HDFCBANK,777.4749755859375
2024-04-09,HDFCBANK,HDFCBANK,777.42498779296875
2024-04-10,HDFCBANK,HDFCBANK,774.95001220703125
2024-04-12,HDFCBANK,HDFCBANK,760.5
2024-04-15,HDFCBANK,HDFCBANK,748.7750244140625
2024-04-16,HDFCBANK,HDFCBANK,743.5
2024-04-18,HDFCBANK,HDFCBANK,754.9000244140625
2024-04-19,HDFCBANK,HDFCBANK,743.2750244140625
2024-04-22,HDFCBANK,HDFCBANK,778.70001220703125
2024-04-23,HDFCBANK,HDFCBANK,763.1500244140625
2024-04-24,HDFCBANK,HDFCBANK,757.5
2024-04-25,HDFCBANK,HDFCBANK,753.125
2024-04-26,HDFCBANK,HDFCBANK,759.9000244140625
2024-04-29,HDFCBANK,HDFCBANK,757.5
2024-04-30,HDFCBANK,HDFCBANK,764.5999755859375
2024-05-02,HDFCBANK,HDFCBANK,761
2024-05-03,HDFCBANK,HDFCBANK,766.625
2024-05-06,HDFCBANK,HDFCBANK,761
2024-05-07,HDFCBANK,HDFCBANK,760.9749755859375
2024-05-08,HDFCBANK,HDFCBANK,747.9749755859375
2024-05-09,HDFCBANK,HDFCBANK,737.4749755859375
2024-05-10,HDFCBANK,HDFCBANK,719.5
2024-05-13,HDFCBANK,HDFCBANK,716
2024-05-14,HDFCBANK,HDFCBANK,726.125
2024-05-15,HDFCBANK,HDFCBANK,729.8499755859375
2024-05-16,HDFCBANK,HDFCBANK,723.0250244140625
2024-05-17,HDFCBANK,HDFCBANK,723.0999755859375
2024-05-21,HDFCBANK,HDFCBANK,725.04998779296875
2024-05-22,HDFCBANK,HDFCBANK,728.92498779296875
2024-05-23,HDFCBANK,HDFCBANK,729.32501220703125
2024-05-24,HDFCBANK,HDFCBANK,743.75
2024-05-27,HDFCBANK,HDFCBANK,761.67498779296875
2024-05-28,HDFCBANK,HDFCBANK,765.04998779296875
2024-05-29,HDFCBANK,HDFCBANK,759
2024-05-30,HDFCBANK,HDFCBANK,749.5999755859375
2024-05-31,HDFCBANK,HDFCBANK,759.5
2024-06-03,HDFCBANK,HDFCBANK,799.5
2024-06-04,HDFCBANK,HDFCBANK,778.5
2024-06-05,HDFCBANK,HDFCBANK,747.0250244140625
2024-06-06,HDFCBANK,HDFCBANK,782.45001220703125
2024-06-07,HDFCBANK,HDFCBANK,780.5250244140625
2024-06-10,HDFCBANK,HDFCBANK,787
2024-06-11,HDFCBANK,HDFCBANK,778
2024-06-12,HDFCBANK,HDFCBANK,787.5
2024-06-13,HDFCBANK,HDFCBANK,790.875
2024-06-14,HDFCBANK,HDFCBANK,792
2024-06-18,HDFCBANK,HDFCBANK,798.45001220703125
2024-06-19,HDFCBANK,HDFCBANK,806.70001220703125
2024-06-20,HDFCBANK,HDFCBANK,834.9000244140625
2024-06-21,HDFCBANK,HDFCBANK,836.42498779296875
2024-06-24,HDFCBANK,HDFCBANK,823.5
2024-06-25,HDFCBANK,HDFCBANK,835.54998779296875
2024-06-26,HDFCBANK,HDFCBANK,853.9749755859375
2024-06-27,HDFCBANK,HDFCBANK,848.04998779296875
2024-06-28,HDFCBANK,HDFCBANK,848.79998779296875
2024-07-01,HDFCBANK,HDFCBANK,840
2024-07-02,HDFCBANK,HDFCBANK,857.5
2024-07-03,HDFCBANK,HDFCBANK,895.5
2024-07-04,HDFCBANK,HDFCBANK,879.875
2024-07-05,HDFCBANK,HDFCBANK,842.5
2024-07-08,HDFCBANK,HDFCBANK,822.6500244140625
2024-07-09,HDFCBANK,HDFCBANK,812.5
2024-07-10,HDFCBANK,HDFCBANK,814.9749755859375
2024-07-11,HDFCBANK,HDFCBANK,811.9749755859375
2024-07-12,HDFCBANK,HDFCBANK,811
2024-07-15,HDFCBANK,HDFCBANK,811.75
2024-07-16,HDFCBANK,HDFCBANK,810.375
2024-07-18,HDFCBANK,HDFCBANK,804
2024-07-19,HDFCBANK,HDFCBANK,808
2024-07-22,HDFCBANK,HDFCBANK,808.5
2024-07-23,HDFCBANK,HDFCBANK,823.7750244140625
2024-07-24,HDFCBANK,HDFCBANK,804.07501220703125
2024-07-25,HDFCBANK,HDFCBANK,796.5
2024-07-26,HDFCBANK,HDFCBANK,802.5
2024-07-29,HDFCBANK,HDFCBANK,807.5
2024-07-30,HDFCBANK,HDFCBANK,801
2024-07-31,HDFCBANK,HDFCBANK,807
2024-08-01,HDFCBANK,HDFCBANK,811.45001220703125
2024-08-02,HDFCBANK,HDFCBANK,815.5
2024-08-05,HDFCBANK,HDFCBANK,820.04998779296875
2024-08-06,HDFCBANK,HDFCBANK,815
2024-08-07,HDFCBANK,HDFCBANK,808.5
2024-08-08,HDFCBANK,HDFCBANK,812
2024-08-09,HDFCBANK,HDFCBANK,826
2024-08-12,HDFCBANK,HDFCBANK,826
2024-08-13,HDFCBANK,HDFCBANK,814
2024-08-14,HDFCBANK,HDFCBANK,803.25
2024-08-16,HDFCBANK,HDFCBANK,814.25
2024-08-19,HDFCBANK,HDFCBANK,818.82501220703125
2024-08-20,HDFCBANK,HDFCBANK,813.7249755859375
2024-08-21,HDFCBANK,HDFCBANK,814.04998779296875
2024-08-22,HDFCBANK,HDFCBANK,816
2024-08-23,HDFCBANK,HDFCBANK,817
2024-08-26,HDFCBANK,HDFCBANK,816.0999755859375
2024-08-27,HDFCBANK,HDFCBANK,821.70001220703125
2024-08-28,HDFCBANK,HDFCBANK,818.875
2024-08-29,HDFCBANK,HDFCBANK,821
2024-08-30,HDFCBANK,HDFCBANK,828
2024-09-02,HDFCBANK,HDFCBANK,823.4000244140625
2024-09-03,HDFCBANK,HDFCBANK,817
2024-09-04,HDFCBANK,HDFCBANK,819.5
2024-09-05,HDFCBANK,HDFCBANK,823
2024-09-06,HDFCBANK,HDFCBANK,819.1500244140625
2024-09-09,HDFCBANK,HDFCBANK,819
2024-09-10,HDFCBANK,HDFCBANK,827
2024-09-11,HDFCBANK,HDFCBANK,825.20001220703125
2024-09-12,HDFCBANK,HDFCBANK,827
2024-09-13,HDFCBANK,HDFCBANK,837
2024-09-16,HDFCBANK,HDFCBANK,833.5
2024-09-17,HDFCBANK,HDFCBANK,839
2024-09-18,HDFCBANK,HDFCBANK,835.92498779296875
2024-09-19,HDFCBANK,HDFCBANK,849.5999755859375
2024-09-20,HDFCBANK,HDFCBANK,858.25
2024-09-23,HDFCBANK,HDFCBANK,874.5
2024-09-24,HDFCBANK,HDFCBANK,882.5
2024-09-25,HDFCBANK,HDFCBANK,880.07501220703125
2024-09-26,HDFCBANK,HDFCBANK,886.5250244140625
2024-09-27,HDFCBANK,HDFCBANK,888.5
2024-09-30,HDFCBANK,HDFCBANK,874.4000244140625
2024-10-01,HDFCBANK,HDFCBANK,862
2024-10-03,HDFCBANK,HDFCBANK,857.82501220703125
2024-10-04,HDFCBANK,HDFCBANK,837.25
2024-10-07,HDFCBANK,HDFCBANK,826.0999755859375
2024-10-08,HDFCBANK,HDFCBANK,815
2024-10-09,HDFCBANK,HDFCBANK,824.75
2024-10-10,HDFCBANK,HDFCBANK,819.5
2024-10-11,HDFCBANK,HDFCBANK,832.2249755859375
2024-10-14,HDFCBANK,HDFCBANK,828.0250244140625
2024-10-15,HDFCBANK,HDFCBANK,847
2024-10-16,HDFCBANK,HDFCBANK,840.04998779296875
2024-10-17,HDFCBANK,HDFCBANK,847.4749755859375
2024-10-18,HDFCBANK,HDFCBANK,831.54998779296875
2024-10-21,HDFCBANK,HDFCBANK,857.5
2024-10-22,HDFCBANK,HDFCBANK,865.0250244140625
2024-10-23,HDFCBANK,HDFCBANK,852.5250244140625
2024-10-24,HDFCBANK,HDFCBANK,869.04998779296875
2024-10-25,HDFCBANK,HDFCBANK,877.5
2024-10-28,HDFCBANK,HDFCBANK,871
2024-10-29,HDFCBANK,HDFCBANK,863.07501220703125
2024-10-30,HDFCBANK,HDFCBANK,871
2024-10-31,HDFCBANK,HDFCBANK,864
2024-11-01,HDFCBANK,HDFCBANK,866.5
2024-11-04,HDFCBANK,HDFCBANK,872.5
2024-11-05,HDFCBANK,HDFCBANK,851.5
2024-11-06,HDFCBANK,HDFCBANK,885.75
2024-11-07,HDFCBANK,HDFCBANK,872.1500244140625
2024-11-08,HDFCBANK,HDFCBANK,876
2024-11-11,HDFCBANK,HDFCBANK,877.2750244140625
2024-11-12,HDFCBANK,HDFCBANK,886
2024-11-13,HDFCBANK,HDFCBANK,858.375
2024-11-14,HDFCBANK,HDFCBANK,836.54998779296875
2024-11-18,HDFCBANK,HDFCBANK,850
2024-11-19,HDFCBANK,HDFCBANK,857
2024-11-21,HDFCBANK,HDFCBANK,874.70001220703125
2024-11-22,HDFCBANK,HDFCBANK,871.7750244140625
2024-11-25,HDFCBANK,HDFCBANK,892.5250244140625
2024-11-26,HDFCBANK,HDFCBANK,905
2024-11-27,HDFCBANK,HDFCBANK,894.95001220703125
2024-11-28,HDFCBANK,HDFCBANK,909.5
2024-11-29,HDFCBANK,HDFCBANK,900.6500244140625
2024-12-02,HDFCBANK,HDFCBANK,901.75
2024-12-03,HDFCBANK,HDFCBANK,911.3499755859375
2024-12-04,HDFCBANK,HDFCBANK,919
2024-12-05,HDFCBANK,HDFCBANK,930
2024-12-06,HDFCBANK,HDFCBANK,928.5
2024-12-09,HDFCBANK,HDFCBANK,926.82501220703125
2024-12-10,HDFCBANK,HDFCBANK,938.8499755859375
2024-12-11,HDFCBANK,HDFCBANK,930.8499755859375
2024-12-12,HDFCBANK,HDFCBANK,925.5
2024-12-13,HDFCBANK,HDFCBANK,931.25
2024-12-16,HDFCBANK,HDFCBANK,932.54998779296875
2024-12-17,HDFCBANK,HDFCBANK,928.17498779296875
2024-12-18,HDFCBANK,HDFCBANK,914.92498779296875
2024-12-19,HDFCBANK,HDFCBANK,899.79998779296875
2024-12-20,HDFCBANK,HDFCBANK,891.0999755859375
2024-12-23,HDFCBANK,HDFCBANK,891
2024-12-24,HDFCBANK,HDFCBANK,901.0250244140625
2024-12-26,HDFCBANK,HDFCBANK,899.2750244140625
2024-12-27,HDFCBANK,HDFCBANK,897.4000244140625
2024-12-30,HDFCBANK,HDFCBANK,896.0999755859375
2024-12-31,HDFCBANK,HDFCBANK,885.1500244140625
2025-01-01,HDFCBANK,HDFCBANK,886.7249755859375
2025-01-02,HDFCBANK,HDFCBANK,888.54998779296875
2025-01-03,HDFCBANK,HDFCBANK,895.5
2025-01-06,HDFCBANK,HDFCBANK,870.04998779296875
2025-01-07,HDFCBANK,HDFCBANK,857.5
2025-01-08,HDFCBANK,HDFCBANK,854.125
2025-01-09,HDFCBANK,HDFCBANK,842.07501220703125
2025-01-10,HDFCBANK,HDFCBANK,835.5
2025-01-13,HDFCBANK,HDFCBANK,820
2025-01-14,HDFCBANK,HDFCBANK,819.95001220703125
2025-01-15,HDFCBANK,HDFCBANK,828.25
2025-01-16,HDFCBANK,HDFCBANK,826.42498779296875
2025-01-17,HDFCBANK,HDFCBANK,821.75
2025-01-20,HDFCBANK,HDFCBANK,813
2025-01-21,HDFCBANK,HDFCBANK,829.125
2025-01-22,HDFCBANK,HDFCBANK,821.20001220703125
2025-01-23,HDFCBANK,HDFCBANK,843.5
2025-01-24,HDFCBANK,HDFCBANK,830
2025-01-27,HDFCBANK,HDFCBANK,820.54998779296875
2025-01-28,HDFCBANK,HDFCBANK,823.5
2025-01-29,HDFCBANK,HDFCBANK,837.5
2025-01-30,HDFCBANK,HDFCBANK,840.5
2025-01-31,HDFCBANK,HDFCBANK,843.625
2025-02-01,HDFCBANK,HDFCBANK,848.75
2025-02-03,HDFCBANK,HDFCBANK,835
2025-02-04,HDFCBANK,HDFCBANK,844.3499755859375
2025-02-05,HDFCBANK,HDFCBANK,866.5
2025-02-06,HDFCBANK,HDFCBANK,867.75
2025-02-07,HDFCBANK,HDFCBANK,875
2025-02-10,HDFCBANK,HDFCBANK,858.6500244140625
2025-02-11,HDFCBANK,HDFCBANK,851.5
2025-02-12,HDFCBANK,HDFCBANK,846.5
2025-02-13,HDFCBANK,HDFCBANK,849.5
2025-02-14,HDFCBANK,HDFCBANK,850.95001220703125
2025-02-17,HDFCBANK,HDFCBANK,842.5999755859375
2025-02-18,HDFCBANK,HDFCBANK,856.5250244140625
2025-02-19,HDFCBANK,HDFCBANK,858.5
2025-02-20,HDFCBANK,HDFCBANK,855.5
2025-02-21,HDFCBANK,HDFCBANK,840.45001220703125
2025-02-24,HDFCBANK,HDFCBANK,840.54998779296875
2025-02-25,HDFCBANK,HDFCBANK,835.54998779296875
2025-02-27,HDFCBANK,HDFCBANK,841.2750244140625
2025-02-28,HDFCBANK,HDFCBANK,842.5
2025-03-03,HDFCBANK,HDFCBANK,869.9000244140625
2025-03-04,HDFCBANK,HDFCBANK,849
2025-03-05,HDFCBANK,HDFCBANK,850.9749755859375
2025-03-06,HDFCBANK,HDFCBANK,843.5
2025-03-07,HDFCBANK,HDFCBANK,841
2025-03-10,HDFCBANK,HDFCBANK,844.5
2025-03-11,HDFCBANK,HDFCBANK,841.20001220703125
2025-03-12,HDFCBANK,HDFCBANK,845.7750244140625
2025-03-13,HDFCBANK,HDFCBANK,858.0250244140625
2025-03-17,HDFCBANK,HDFCBANK,852.5
2025-03-18,HDFCBANK,HDFCBANK,855.20001220703125
2025-03-19,HDFCBANK,HDFCBANK,867.5
2025-03-20,HDFCBANK,HDFCBANK,877
2025-03-21,HDFCBANK,HDFCBANK,877.7750244140625
2025-03-24,HDFCBANK,HDFCBANK,889.5
2025-03-25,HDFCBANK,HDFCBANK,902.45001220703125
2025-03-26,HDFCBANK,HDFCBANK,912.5
2025-03-27,HDFCBANK,HDFCBANK,900
2025-03-28,HDFCBANK,HDFCBANK,914.5
2025-04-01,HDFCBANK,HDFCBANK,901
2025-04-02,HDFCBANK,HDFCBANK,885.3499755859375
2025-04-03,HDFCBANK,HDFCBANK,890.54998779296875
2025-04-04,HDFCBANK,HDFCBANK,906.5
2025-04-07,HDFCBANK,HDFCBANK,881.4000244140625
2025-04-08,HDFCBANK,HDFCBANK,882.5
2025-04-09,HDFCBANK,HDFCBANK,882.5
2025-04-11,HDFCBANK,HDFCBANK,887.375
2025-04-15,HDFCBANK,HDFCBANK,932.5
2025-04-16,HDFCBANK,HDFCBANK,941.9000244140625
2025-04-17,HDFCBANK,HDFCBANK,941
2025-04-21,HDFCBANK,HDFCBANK,962
2025-04-22,HDFCBANK,HDFCBANK,967.5
2025-04-23,HDFCBANK,HDFCBANK,989.45001220703125
2025-04-24,HDFCBANK,HDFCBANK,955
2025-04-25,HDFCBANK,HDFCBANK,962.4000244140625
2025-04-28,HDFCBANK,HDFCBANK,955.5999755859375
2025-04-29,HDFCBANK,HDFCBANK,959.4000244140625
2025-04-30,HDFCBANK,HDFCBANK,956.5
2025-05-02,HDFCBANK,HDFCBANK,964.9000244140625
2025-05-05,HDFCBANK,HDFCBANK,969.5
2025-05-06,HDFCBANK,HDFCBANK,965
2025-05-07,HDFCBANK,HDFCBANK,967
2025-05-08,HDFCBANK,HDFCBANK,977.4000244140625
2025-05-09,HDFCBANK,HDFCBANK,955.04998779296875
2025-05-12,HDFCBANK,HDFCBANK,958.79998779296875
2025-05-13,HDFCBANK,HDFCBANK,975
2025-05-14,HDFCBANK,HDFCBANK,961.04998779296875
2025-05-15,HDFCBANK,HDFCBANK,956.75
2025-05-16,HDFCBANK,HDFCBANK,966.9000244140625
2025-05-19,HDFCBANK,HDFCBANK,968.5
2025-05-20,HDFCBANK,HDFCBANK,964.04998779296875
2025-05-21,HDFCBANK,HDFCBANK,963.5
2025-05-22,HDFCBANK,HDFCBANK,957.5999755859375
2025-05-23,HDFCBANK,HDFCBANK,960.04998779296875
2025-05-26,HDFCBANK,HDFCBANK,967.5
2025-05-27,HDFCBANK,HDFCBANK,965.79998779296875
2025-05-28,HDFCBANK,HDFCBANK,960.0999755859375
2025-05-29,HDFCBANK,HDFCBANK,964
2025-05-30,HDFCBANK,HDFCBANK,965.95001220703125
2025-06-02,HDFCBANK,HDFCBANK,965.04998779296875
2025-06-03,HDFCBANK,HDFCBANK,969
2025-06-04,HDFCBANK,HDFCBANK,960.5
2025-06-05,HDFCBANK,HDFCBANK,974
2025-06-06,HDFCBANK,HDFCBANK,972
2025-06-09,HDFCBANK,HDFCBANK,997.5
2025-06-10,HDFCBANK,HDFCBANK,991.4000244140625
2025-06-11,HDFCBANK,HDFCBANK,983.79998779296875
2025-06-12,HDFCBANK,HDFCBANK,975
2025-06-13,HDFCBANK,HDFCBANK,960
2025-06-16,HDFCBANK,HDFCBANK,962
2025-06-17,HDFCBANK,HDFCBANK,968.5
2025-06-18,HDFCBANK,HDFCBANK,958.5
2025-06-19,HDFCBANK,HDFCBANK,966.95001220703125
2025-06-20,HDFCBANK,HDFCBANK,965.79998779296875
2025-06-23,HDFCBANK,HDFCBANK,974.20001220703125
2025-06-24,HDFCBANK,HDFCBANK,982.5
2025-06-25,HDFCBANK,HDFCBANK,983
2025-06-26,HDFCBANK,HDFCBANK,990.70001220703125
2025-06-27,HDFCBANK,HDFCBANK,1006.5
2025-06-30,HDFCBANK,HDFCBANK,1005.75
2025-07-01,HDFCBANK,HDFCBANK,1002.5
2025-07-02,HDFCBANK,HDFCBANK,1009.9500122070313
2025-07-03,HDFCBANK,HDFCBANK,997.45001220703125
2025-07-04,HDFCBANK,HDFCBANK,993.54998779296875
2025-07-07,HDFCBANK,HDFCBANK,994.5
2025-07-08,HDFCBANK,HDFCBANK,988.5
2025-07-09,HDFCBANK,HDFCBANK,1003.5
2025-07-10,HDFCBANK,HDFCBANK,1008
2025-07-11,HDFCBANK,HDFCBANK,999
2025-07-14,HDFCBANK,HDFCBANK,991.5
2025-07-15,HDFCBANK,HDFCBANK,986.5
2025-07-16,HDFCBANK,HDFCBANK,1009
2025-07-17,HDFCBANK,HDFCBANK,1002
2025-07-18,HDFCBANK,HDFCBANK,993.45001220703125
2025-07-21,HDFCBANK,HDFCBANK,989.0999755859375
2025-07-22,HDFCBANK,HDFCBANK,1006.5499877929688
2025-07-23,HDFCBANK,HDFCBANK,1005.5
2025-07-24,HDFCBANK,HDFCBANK,1018.8499755859375
2025-07-25,HDFCBANK,HDFCBANK,1007.5
2025-07-28,HDFCBANK,HDFCBANK,1001.5
2025-07-29,HDFCBANK,HDFCBANK,999.95001220703125
2025-07-30,HDFCBANK,HDFCBANK,1014
2025-07-31,HDFCBANK,HDFCBANK,1007.2999877929688
2025-08-01,HDFCBANK,HDFCBANK,1007
2025-08-04,HDFCBANK,HDFCBANK,1005.0499877929688
2025-08-05,HDFCBANK,HDFCBANK,993.25
2025-08-06,HDFCBANK,HDFCBANK,985.54998779296875
2025-08-07,HDFCBANK,HDFCBANK,990.04998779296875
2025-08-08,HDFCBANK,HDFCBANK,993.54998779296875
2025-08-11,HDFCBANK,HDFCBANK,987.95001220703125
2025-08-12,HDFCBANK,HDFCBANK,995.95001220703125
2025-08-13,HDFCBANK,HDFCBANK,997
2025-08-14,HDFCBANK,HDFCBANK,989
2025-08-18,HDFCBANK,HDFCBANK,1005
2025-08-19,HDFCBANK,HDFCBANK,999.1500244140625
2025-08-20,HDFCBANK,HDFCBANK,993.5
2025-08-21,HDFCBANK,HDFCBANK,998.75
2025-08-22,HDFCBANK,HDFCBANK,994.95001220703125
2025-08-25,HDFCBANK,HDFCBANK,980.0999755859375
2025-08-26,HDFCBANK,HDFCBANK,979.5
2025-08-28,HDFCBANK,HDFCBANK,967
2025-08-29,HDFCBANK,HDFCBANK,954
2025-09-01,HDFCBANK,HDFCBANK,949.5999755859375
2025-09-02,HDFCBANK,HDFCBANK,951
2025-09-03,HDFCBANK,HDFCBANK,945
2025-09-04,HDFCBANK,HDFCBANK,960.20001220703125
2025-09-05,HDFCBANK,HDFCBANK,967.5
2025-09-08,HDFCBANK,HDFCBANK,969
2025-09-09,HDFCBANK,HDFCBANK,974
2025-09-10,HDFCBANK,HDFCBANK,973.9000244140625
2025-09-11,HDFCBANK,HDFCBANK,960.29998779296875
2025-09-12,HDFCBANK,HDFCBANK,969.9000244140625
2025-09-15,HDFCBANK,HDFCBANK,969.5999755859375
2025-09-16,HDFCBANK,HDFCBANK,961.20001220703125
2025-09-17,HDFCBANK,HDFCBANK,965.1500244140625
2025-09-18,HDFCBANK,HDFCBANK,973.29998779296875
2025-09-19,HDFCBANK,HDFCBANK,974.9000244140625
2025-09-22,HDFCBANK,HDFCBANK,964
2025-09-23,HDFCBANK,HDFCBANK,967
2025-09-24,HDFCBANK,HDFCBANK,952.20001220703125
2025-09-25,HDFCBANK,HDFCBANK,952.5
2025-09-26,HDFCBANK,HDFCBANK,945.0999755859375
2025-09-29,HDFCBANK,HDFCBANK,946.04998779296875
2025-09-30,HDFCBANK,HDFCBANK,958.04998779296875
2025-10-01,HDFCBANK,HDFCBANK,952.70001220703125
2025-10-03,HDFCBANK,HDFCBANK,952
2025-10-06,HDFCBANK,HDFCBANK,971.9000244140625
2025-10-07,HDFCBANK,HDFCBANK,974
2025-10-08,HDFCBANK,HDFCBANK,976
2025-10-09,HDFCBANK,HDFCBANK,974.5
2025-10-10,HDFCBANK,HDFCBANK,979
2025-10-13,HDFCBANK,HDFCBANK,974.29998779296875
2025-10-14,HDFCBANK,HDFCBANK,970
2025-10-15,HDFCBANK,HDFCBANK,975
2025-10-16,HDFCBANK,HDFCBANK,982.6500244140625
2025-10-17,HDFCBANK,HDFCBANK,993.95001220703125
2025-10-20,HDFCBANK,HDFCBANK,997
2025-10-21,HDFCBANK,HDFCBANK,1006
2025-10-23,HDFCBANK,HDFCBANK,1016
2025-10-24,HDFCBANK,HDFCBANK,1011
2025-10-27,HDFCBANK,HDFCBANK,996.5
2025-10-28,HDFCBANK,HDFCBANK,997.6500244140625
2025-10-29,HDFCBANK,HDFCBANK,1004.9000244140625
2025-10-30,HDFCBANK,HDFCBANK,1000
2025-10-31,HDFCBANK,HDFCBANK,994
2025-11-03,HDFCBANK,HDFCBANK,985
2025-11-04,HDFCBANK,HDFCBANK,987
2025-11-06,HDFCBANK,HDFCBANK,981
2025-11-07,HDFCBANK,HDFCBANK,980
2025-11-10,HDFCBANK,HDFCBANK,982.29998779296875
2025-11-11,HDFCBANK,HDFCBANK,983.5
2025-11-12,HDFCBANK,HDFCBANK,998.79998779296875
2025-11-13,HDFCBANK,HDFCBANK,984
2025-11-14,HDFCBANK,HDFCBANK,976.04998779296875
2025-11-17,HDFCBANK,HDFCBANK,991.25
2025-11-18,HDFCBANK,HDFCBANK,997.6500244140625
2025-11-19,HDFCBANK,HDFCBANK,990
2025-11-20,HDFCBANK,HDFCBANK,995.29998779296875
2025-11-21,HDFCBANK,HDFCBANK,1003.0999755859375
2025-11-24,HDFCBANK,HDFCBANK,1000
2025-11-25,HDFCBANK,HDFCBANK,1004
2025-11-26,HDFCBANK,HDFCBANK,981.29998779296875
2025-11-27,HDFCBANK,HDFCBANK,1002.0999755859375
2025-11-28,HDFCBANK,HDFCBANK,1007
2025-12-01,HDFCBANK,HDFCBANK,1017.5
2025-12-02,HDFCBANK,HDFCBANK,988
2025-12-03,HDFCBANK,HDFCBANK,986
2025-12-04,HDFCBANK,HDFCBANK,1000
2025-12-05,HDFCBANK,HDFCBANK,992
2025-12-08,HDFCBANK,HDFCBANK,1000
2025-12-09,HDFCBANK,HDFCBANK,994.9000244140625
2025-12-10,HDFCBANK,HDFCBANK,997.5
2025-12-11,HDFCBANK,HDFCBANK,990
2025-12-12,HDFCBANK,HDFCBANK,1003
2025-12-15,HDFCBANK,HDFCBANK,992
2025-12-16,HDFCBANK,HDFCBANK,990.0999755859375
2025-12-17,HDFCBANK,HDFCBANK,996
2025-12-18,HDFCBANK,HDFCBANK,973.29998779296875
2025-12-19,HDFCBANK,HDFCBANK,987
2025-12-22,HDFCBANK,HDFCBANK,988
2025-12-23,HDFCBANK,HDFCBANK,990.5
2025-12-24,HDFCBANK,HDFCBANK,993
2025-12-26,HDFCBANK,HDFCBANK,996
2025-12-29,HDFCBANK,HDFCBANK,993.0999755859375
2025-12-30,HDFCBANK,HDFCBANK,990.20001220703125
2020-01-01,INFOSYS,INFOSYS,735
2020-01-02,INFOSYS,INFOSYS,738.9000244140625
2020-01-03,INFOSYS,INFOSYS,733.9000244140625
2020-01-06,INFOSYS,INFOSYS,746.0999755859375
2020-01-07,INFOSYS,INFOSYS,738
2020-01-08,INFOSYS,INFOSYS,724.95001220703125
2020-01-09,INFOSYS,INFOSYS,721.70001220703125
2020-01-10,INFOSYS,INFOSYS,740.45001220703125
2020-01-13,INFOSYS,INFOSYS,760
2020-01-14,INFOSYS,INFOSYS,769.95001220703125
2020-01-15,INFOSYS,INFOSYS,773.8499755859375
2020-01-16,INFOSYS,INFOSYS,770.70001220703125
2020-01-17,INFOSYS,INFOSYS,770.70001220703125
2020-01-20,INFOSYS,INFOSYS,771.5999755859375
2020-01-21,INFOSYS,INFOSYS,768.45001220703125
2020-01-22,INFOSYS,INFOSYS,768.45001220703125
2020-01-23,INFOSYS,INFOSYS,777.0999755859375
2020-01-24,INFOSYS,INFOSYS,775.75
2020-01-27,INFOSYS,INFOSYS,779.04998779296875
2020-01-28,INFOSYS,INFOSYS,781
2020-01-29,INFOSYS,INFOSYS,786.5999755859375
2020-01-30,INFOSYS,INFOSYS,789.70001220703125
2020-01-31,INFOSYS,INFOSYS,780.54998779296875
2020-02-03,INFOSYS,INFOSYS,782
2020-02-04,INFOSYS,INFOSYS,770.0999755859375
2020-02-05,INFOSYS,INFOSYS,781
2020-02-06,INFOSYS,INFOSYS,784.3499755859375
2020-02-07,INFOSYS,INFOSYS,775.95001220703125
2020-02-10,INFOSYS,INFOSYS,774
2020-02-11,INFOSYS,INFOSYS,779
2020-02-12,INFOSYS,INFOSYS,775.79998779296875
2020-02-13,INFOSYS,INFOSYS,785
2020-02-14,INFOSYS,INFOSYS,794.5
2020-02-17,INFOSYS,INFOSYS,790.29998779296875
2020-02-18,INFOSYS,INFOSYS,785
2020-02-19,INFOSYS,INFOSYS,800
2020-02-20,INFOSYS,INFOSYS,803.25
2020-02-24,INFOSYS,INFOSYS,800.0999755859375
2020-02-25,INFOSYS,INFOSYS,799
2020-02-26,INFOSYS,INFOSYS,793.95001220703125
2020-02-27,INFOSYS,INFOSYS,778
2020-02-28,INFOSYS,INFOSYS,750
2020-03-02,INFOSYS,INFOSYS,737
2020-03-03,INFOSYS,INFOSYS,755
2020-03-04,INFOSYS,INFOSYS,753.9000244140625
2020-03-05,INFOSYS,INFOSYS,763.75
2020-03-06,INFOSYS,INFOSYS,741
2020-03-09,INFOSYS,INFOSYS,724.5
2020-03-11,INFOSYS,INFOSYS,690.6500244140625
2020-03-12,INFOSYS,INFOSYS,668
2020-03-13,INFOSYS,INFOSYS,592
2020-03-16,INFOSYS,INFOSYS,622
2020-03-17,INFOSYS,INFOSYS,588.0999755859375
2020-03-18,INFOSYS,INFOSYS,568
2020-03-19,INFOSYS,INFOSYS,509.25
2020-03-20,INFOSYS,INFOSYS,549.5
2020-03-23,INFOSYS,INFOSYS,540
2020-03-24,INFOSYS,INFOSYS,522
2020-03-25,INFOSYS,INFOSYS,597
2020-03-26,INFOSYS,INFOSYS,615
2020-03-27,INFOSYS,INFOSYS,665.04998779296875
2020-03-30,INFOSYS,INFOSYS,625.0999755859375
2020-03-31,INFOSYS,INFOSYS,650
2020-04-01,INFOSYS,INFOSYS,634.3499755859375
2020-04-03,INFOSYS,INFOSYS,603.5
2020-04-07,INFOSYS,INFOSYS,615
2020-04-08,INFOSYS,INFOSYS,630
2020-04-09,INFOSYS,INFOSYS,646.79998779296875
2020-04-13,INFOSYS,INFOSYS,629
2020-04-15,INFOSYS,INFOSYS,651.4000244140625
2020-04-16,INFOSYS,INFOSYS,619.95001220703125
2020-04-17,INFOSYS,INFOSYS,644
2020-04-20,INFOSYS,INFOSYS,640
2020-04-21,INFOSYS,INFOSYS,627.79998779296875
2020-04-22,INFOSYS,INFOSYS,633.20001220703125
2020-04-23,INFOSYS,INFOSYS,647.04998779296875
2020-04-24,INFOSYS,INFOSYS,668.54998779296875
2020-04-27,INFOSYS,INFOSYS,661.04998779296875
2020-04-28,INFOSYS,INFOSYS,673
2020-04-29,INFOSYS,INFOSYS,666
2020-04-30,INFOSYS,INFOSYS,700
2020-05-04,INFOSYS,INFOSYS,689.79998779296875
2020-05-05,INFOSYS,INFOSYS,681.75
2020-05-06,INFOSYS,INFOSYS,676.9000244140625
2020-05-07,INFOSYS,INFOSYS,665.54998779296875
2020-05-08,INFOSYS,INFOSYS,672.25
2020-05-11,INFOSYS,INFOSYS,682.5
2020-05-12,INFOSYS,INFOSYS,678.5
2020-05-13,INFOSYS,INFOSYS,694.79998779296875
2020-05-14,INFOSYS,INFOSYS,659
2020-05-15,INFOSYS,INFOSYS,664.79998779296875
2020-05-18,INFOSYS,INFOSYS,659.8499755859375
2020-05-19,INFOSYS,INFOSYS,664
2020-05-20,INFOSYS,INFOSYS,668.5
2020-05-21,INFOSYS,INFOSYS,666.5
2020-05-22,INFOSYS,INFOSYS,675
2020-05-26,INFOSYS,INFOSYS,693
2020-05-27,INFOSYS,INFOSYS,686.04998779296875
2020-05-28,INFOSYS,INFOSYS,707
2020-05-29,INFOSYS,INFOSYS,692.5
2020-06-01,INFOSYS,INFOSYS,698.75
2020-06-02,INFOSYS,INFOSYS,700.5
2020-06-03,INFOSYS,INFOSYS,710.70001220703125
2020-06-04,INFOSYS,INFOSYS,702
2020-06-05,INFOSYS,INFOSYS,707
2020-06-08,INFOSYS,INFOSYS,707.6500244140625
2020-06-09,INFOSYS,INFOSYS,720
2020-06-10,INFOSYS,INFOSYS,715
2020-06-11,INFOSYS,INFOSYS,712
2020-06-12,INFOSYS,INFOSYS,675.79998779296875
2020-06-15,INFOSYS,INFOSYS,693
2020-06-16,INFOSYS,INFOSYS,702
2020-06-17,INFOSYS,INFOSYS,699.9000244140625
2020-06-18,INFOSYS,INFOSYS,708.20001220703125
2020-06-19,INFOSYS,INFOSYS,709
2020-06-22,INFOSYS,INFOSYS,707.0999755859375
2020-06-23,INFOSYS,INFOSYS,695.70001220703125
2020-06-24,INFOSYS,INFOSYS,716.9000244140625
2020-06-25,INFOSYS,INFOSYS,704.8499755859375
2020-06-26,INFOSYS,INFOSYS,710.20001220703125
2020-06-29,INFOSYS,INFOSYS,735.4000244140625
2020-06-30,INFOSYS,INFOSYS,732.79998779296875
2020-07-01,INFOSYS,INFOSYS,737.25
2020-07-02,INFOSYS,INFOSYS,737.3499755859375
2020-07-03,INFOSYS,INFOSYS,755
2020-07-06,INFOSYS,INFOSYS,765.20001220703125
2020-07-07,INFOSYS,INFOSYS,769.4000244140625
2020-07-08,INFOSYS,INFOSYS,784.9000244140625
2020-07-09,INFOSYS,INFOSYS,780
2020-07-10,INFOSYS,INFOSYS,773.5
2020-07-13,INFOSYS,INFOSYS,788
2020-07-14,INFOSYS,INFOSYS,792.95001220703125
2020-07-15,INFOSYS,INFOSYS,799
2020-07-16,INFOSYS,INFOSYS,900.0999755859375
2020-07-17,INFOSYS,INFOSYS,911
2020-07-20,INFOSYS,INFOSYS,908.5
2020-07-21,INFOSYS,INFOSYS,945
2020-07-22,INFOSYS,INFOSYS,938.95001220703125
2020-07-23,INFOSYS,INFOSYS,915.6500244140625
2020-07-24,INFOSYS,INFOSYS,903.25
2020-07-27,INFOSYS,INFOSYS,921.54998779296875
2020-07-28,INFOSYS,INFOSYS,946
2020-07-29,INFOSYS,INFOSYS,953.25
2020-07-30,INFOSYS,INFOSYS,962
2020-07-31,INFOSYS,INFOSYS,969.25
2020-08-03,INFOSYS,INFOSYS,960
2020-08-04,INFOSYS,INFOSYS,960.45001220703125
2020-08-05,INFOSYS,INFOSYS,952
2020-08-06,INFOSYS,INFOSYS,953.5
2020-08-07,INFOSYS,INFOSYS,969.45001220703125
2020-08-10,INFOSYS,INFOSYS,948.9000244140625
2020-08-11,INFOSYS,INFOSYS,949.9000244140625
2020-08-12,INFOSYS,INFOSYS,948
2020-08-13,INFOSYS,INFOSYS,954.79998779296875
2020-08-14,INFOSYS,INFOSYS,955.8499755859375
2020-08-17,INFOSYS,INFOSYS,954.0999755859375
2020-08-18,INFOSYS,INFOSYS,963.9000244140625
2020-08-19,INFOSYS,INFOSYS,970.9000244140625
2020-08-20,INFOSYS,INFOSYS,958.9000244140625
2020-08-21,INFOSYS,INFOSYS,963.04998779296875
2020-08-24,INFOSYS,INFOSYS,947
2020-08-25,INFOSYS,INFOSYS,947.5
2020-08-26,INFOSYS,INFOSYS,941.25
2020-08-27,INFOSYS,INFOSYS,960
2020-08-28,INFOSYS,INFOSYS,951.45001220703125
2020-08-31,INFOSYS,INFOSYS,935.25
2020-09-01,INFOSYS,INFOSYS,926.25
2020-09-02,INFOSYS,INFOSYS,915
2020-09-03,INFOSYS,INFOSYS,926.5
2020-09-04,INFOSYS,INFOSYS,915
2020-09-07,INFOSYS,INFOSYS,918.9000244140625
2020-09-08,INFOSYS,INFOSYS,929.95001220703125
2020-09-09,INFOSYS,INFOSYS,935
2020-09-10,INFOSYS,INFOSYS,935.29998779296875
2020-09-11,INFOSYS,INFOSYS,934.9000244140625
2020-09-14,INFOSYS,INFOSYS,957
2020-09-15,INFOSYS,INFOSYS,979.5
2020-09-16,INFOSYS,INFOSYS,986
2020-09-17,INFOSYS,INFOSYS,995
2020-09-18,INFOSYS,INFOSYS,1011
2020-09-21,INFOSYS,INFOSYS,1001
2020-09-22,INFOSYS,INFOSYS,1009
2020-09-23,INFOSYS,INFOSYS,1020.1500244140625
2020-09-24,INFOSYS,INFOSYS,1003
2020-09-25,INFOSYS,INFOSYS,975.79998779296875
2020-09-28,INFOSYS,INFOSYS,1014.7999877929688
2020-09-29,INFOSYS,INFOSYS,1018
2020-09-30,INFOSYS,INFOSYS,1009
2020-10-01,INFOSYS,INFOSYS,1020.5999755859375
2020-10-05,INFOSYS,INFOSYS,1018.0499877929688
2020-10-06,INFOSYS,INFOSYS,1055
2020-10-07,INFOSYS,INFOSYS,1044.9000244140625
2020-10-08,INFOSYS,INFOSYS,1090
2020-10-09,INFOSYS,INFOSYS,1095.0999755859375
2020-10-12,INFOSYS,INFOSYS,1123
2020-10-13,INFOSYS,INFOSYS,1135.550048828125
2020-10-14,INFOSYS,INFOSYS,1162
2020-10-15,INFOSYS,INFOSYS,1180
2020-10-16,INFOSYS,INFOSYS,1113.8499755859375
2020-10-19,INFOSYS,INFOSYS,1135
2020-10-20,INFOSYS,INFOSYS,1118.9000244140625
2020-10-21,INFOSYS,INFOSYS,1141.1500244140625
2020-10-22,INFOSYS,INFOSYS,1142
2020-10-23,INFOSYS,INFOSYS,1133
2020-10-26,INFOSYS,INFOSYS,1122.25
2020-10-27,INFOSYS,INFOSYS,1105.699951171875
2020-10-28,INFOSYS,INFOSYS,1095.5
2020-10-29,INFOSYS,INFOSYS,1070
2020-10-30,INFOSYS,INFOSYS,1072
2020-11-02,INFOSYS,INFOSYS,1065
2020-11-03,INFOSYS,INFOSYS,1072
2020-11-04,INFOSYS,INFOSYS,1068
2020-11-05,INFOSYS,INFOSYS,1109.9000244140625
2020-11-06,INFOSYS,INFOSYS,1108
2020-11-09,INFOSYS,INFOSYS,1129.300048828125
2020-11-10,INFOSYS,INFOSYS,1113.8499755859375
2020-11-11,INFOSYS,INFOSYS,1096
2020-11-12,INFOSYS,INFOSYS,1128.0999755859375
2020-11-13,INFOSYS,INFOSYS,1120
2020-11-14,INFOSYS,INFOSYS,1137
2020-11-17,INFOSYS,INFOSYS,1144.75
2020-11-18,INFOSYS,INFOSYS,1128.5
2020-11-19,INFOSYS,INFOSYS,1100
2020-11-20,INFOSYS,INFOSYS,1106
2020-11-23,INFOSYS,INFOSYS,1105
2020-11-24,INFOSYS,INFOSYS,1145
2020-11-25,INFOSYS,INFOSYS,1137
2020-11-26,INFOSYS,INFOSYS,1119.949951171875
2020-11-27,INFOSYS,INFOSYS,1118
2020-12-01,INFOSYS,INFOSYS,1105.050048828125
2020-12-02,INFOSYS,INFOSYS,1134
2020-12-03,INFOSYS,INFOSYS,1147
2020-12-04,INFOSYS,INFOSYS,1125
2020-12-07,INFOSYS,INFOSYS,1147.300048828125
2020-12-08,INFOSYS,INFOSYS,1145
2020-12-09,INFOSYS,INFOSYS,1168.050048828125
2020-12-10,INFOSYS,INFOSYS,1157.4000244140625
2020-12-11,INFOSYS,INFOSYS,1159.699951171875
2020-12-14,INFOSYS,INFOSYS,1169.4000244140625
2020-12-15,INFOSYS,INFOSYS,1156
2020-12-16,INFOSYS,INFOSYS,1160
2020-12-17,INFOSYS,INFOSYS,1165.9000244140625
2020-12-18,INFOSYS,INFOSYS,1182.8499755859375
2020-12-21,INFOSYS,INFOSYS,1188
2020-12-22,INFOSYS,INFOSYS,1182
2020-12-23,INFOSYS,INFOSYS,1238
2020-12-24,INFOSYS,INFOSYS,1249.9000244140625
2020-12-28,INFOSYS,INFOSYS,1238.449951171875
2020-12-29,INFOSYS,INFOSYS,1235
2020-12-30,INFOSYS,INFOSYS,1253
2020-12-31,INFOSYS,INFOSYS,1243
2021-01-01,INFOSYS,INFOSYS,1257.9000244140625
2021-01-04,INFOSYS,INFOSYS,1269
2021-01-05,INFOSYS,INFOSYS,1282
2021-01-06,INFOSYS,INFOSYS,1300
2021-01-07,INFOSYS,INFOSYS,1296
2021-01-08,INFOSYS,INFOSYS,1278.25
2021-01-11,INFOSYS,INFOSYS,1342.0999755859375
2021-01-12,INFOSYS,INFOSYS,1378
2021-01-13,INFOSYS,INFOSYS,1373.8499755859375
2021-01-14,INFOSYS,INFOSYS,1360
2021-01-15,INFOSYS,INFOSYS,1360
2021-01-18,INFOSYS,INFOSYS,1338
2021-01-19,INFOSYS,INFOSYS,1320
2021-01-20,INFOSYS,INFOSYS,1320.550048828125
2021-01-21,INFOSYS,INFOSYS,1350
2021-01-22,INFOSYS,INFOSYS,1327
2021-01-25,INFOSYS,INFOSYS,1345
2021-01-27,INFOSYS,INFOSYS,1319.5999755859375
2021-01-28,INFOSYS,INFOSYS,1291.800048828125
2021-01-29,INFOSYS,INFOSYS,1286.25
2021-02-01,INFOSYS,INFOSYS,1250.550048828125
2021-02-02,INFOSYS,INFOSYS,1280
2021-02-03,INFOSYS,INFOSYS,1277.6500244140625
2021-02-04,INFOSYS,INFOSYS,1285
2021-02-05,INFOSYS,INFOSYS,1286.4000244140625
2021-02-08,INFOSYS,INFOSYS,1285.5
2021-02-09,INFOSYS,INFOSYS,1306.9000244140625
2021-02-10,INFOSYS,INFOSYS,1295.800048828125
2021-02-11,INFOSYS,INFOSYS,1289
2021-02-12,INFOSYS,INFOSYS,1305
2021-02-15,INFOSYS,INFOSYS,1320
2021-02-16,INFOSYS,INFOSYS,1314
2021-02-17,INFOSYS,INFOSYS,1290.4000244140625
2021-02-18,INFOSYS,INFOSYS,1276
2021-02-19,INFOSYS,INFOSYS,1296.0999755859375
2021-02-22,INFOSYS,INFOSYS,1295
2021-02-23,INFOSYS,INFOSYS,1271.1500244140625
2021-02-24,INFOSYS,INFOSYS,1260.050048828125
2021-02-25,INFOSYS,INFOSYS,1288.449951171875
2021-02-26,INFOSYS,INFOSYS,1269
2021-03-01,INFOSYS,INFOSYS,1263.300048828125
2021-03-02,INFOSYS,INFOSYS,1282.25
2021-03-03,INFOSYS,INFOSYS,1319.199951171875
2021-03-04,INFOSYS,INFOSYS,1335
2021-03-05,INFOSYS,INFOSYS,1328.5
2021-03-08,INFOSYS,INFOSYS,1324.800048828125
2021-03-09,INFOSYS,INFOSYS,1329.5
2021-03-10,INFOSYS,INFOSYS,1356.9000244140625
2021-03-12,INFOSYS,INFOSYS,1373
2021-03-15,INFOSYS,INFOSYS,1370
2021-03-16,INFOSYS,INFOSYS,1386.050048828125
2021-03-17,INFOSYS,INFOSYS,1392.25
2021-03-18,INFOSYS,INFOSYS,1393.75
2021-03-19,INFOSYS,INFOSYS,1330
2021-03-22,INFOSYS,INFOSYS,1350.0999755859375
2021-03-23,INFOSYS,INFOSYS,1372.449951171875
2021-03-24,INFOSYS,INFOSYS,1357.8499755859375
2021-03-25,INFOSYS,INFOSYS,1346.75
2021-03-26,INFOSYS,INFOSYS,1344.699951171875
2021-03-30,INFOSYS,INFOSYS,1346.9000244140625
2021-03-31,INFOSYS,INFOSYS,1382
2021-04-01,INFOSYS,INFOSYS,1380
2021-04-05,INFOSYS,INFOSYS,1391
2021-04-06,INFOSYS,INFOSYS,1423
2021-04-07,INFOSYS,INFOSYS,1410.25
2021-04-08,INFOSYS,INFOSYS,1430
2021-04-09,INFOSYS,INFOSYS,1455
2021-04-12,INFOSYS,INFOSYS,1474
2021-04-13,INFOSYS,INFOSYS,1433
2021-04-15,INFOSYS,INFOSYS,1332.300048828125
2021-04-16,INFOSYS,INFOSYS,1365
2021-04-19,INFOSYS,INFOSYS,1340
2021-04-20,INFOSYS,INFOSYS,1379
2021-04-22,INFOSYS,INFOSYS,1355.550048828125
2021-04-23,INFOSYS,INFOSYS,1343
2021-04-26,INFOSYS,INFOSYS,1332.25
2021-04-27,INFOSYS,INFOSYS,1346
2021-04-28,INFOSYS,INFOSYS,1358
2021-04-29,INFOSYS,INFOSYS,1368
2021-04-30,INFOSYS,INFOSYS,1346.300048828125
2021-05-03,INFOSYS,INFOSYS,1340.800048828125
2021-05-04,INFOSYS,INFOSYS,1354
2021-05-05,INFOSYS,INFOSYS,1341.0999755859375
2021-05-06,INFOSYS,INFOSYS,1345
2021-05-07,INFOSYS,INFOSYS,1365.300048828125
2021-05-10,INFOSYS,INFOSYS,1349.8499755859375
2021-05-11,INFOSYS,INFOSYS,1336.9000244140625
2021-05-12,INFOSYS,INFOSYS,1330
2021-05-14,INFOSYS,INFOSYS,1326.8499755859375
2021-05-17,INFOSYS,INFOSYS,1320.300048828125
2021-05-18,INFOSYS,INFOSYS,1338
2021-05-19,INFOSYS,INFOSYS,1342
2021-05-20,INFOSYS,INFOSYS,1348.4000244140625
2021-05-21,INFOSYS,INFOSYS,1347.5
2021-05-24,INFOSYS,INFOSYS,1356.6500244140625
2021-05-25,INFOSYS,INFOSYS,1358
2021-05-26,INFOSYS,INFOSYS,1367.9000244140625
2021-05-27,INFOSYS,INFOSYS,1404.199951171875
2021-05-28,INFOSYS,INFOSYS,1409.75
2021-05-31,INFOSYS,INFOSYS,1401.5
2021-06-01,INFOSYS,INFOSYS,1400
2021-06-02,INFOSYS,INFOSYS,1380.75
2021-06-03,INFOSYS,INFOSYS,1388.0999755859375
2021-06-04,INFOSYS,INFOSYS,1393.949951171875
2021-06-07,INFOSYS,INFOSYS,1391
2021-06-08,INFOSYS,INFOSYS,1396
2021-06-09,INFOSYS,INFOSYS,1413.4000244140625
2021-06-10,INFOSYS,INFOSYS,1424
2021-06-11,INFOSYS,INFOSYS,1430.0999755859375
2021-06-14,INFOSYS,INFOSYS,1471
2021-06-15,INFOSYS,INFOSYS,1464
2021-06-16,INFOSYS,INFOSYS,1472.699951171875
2021-06-17,INFOSYS,INFOSYS,1475.0999755859375
2021-06-18,INFOSYS,INFOSYS,1509
2021-06-21,INFOSYS,INFOSYS,1493
2021-06-22,INFOSYS,INFOSYS,1509.699951171875
2021-06-23,INFOSYS,INFOSYS,1525
2021-06-24,INFOSYS,INFOSYS,1517
2021-06-25,INFOSYS,INFOSYS,1572
2021-06-28,INFOSYS,INFOSYS,1572.9000244140625
2021-06-29,INFOSYS,INFOSYS,1561
2021-06-30,INFOSYS,INFOSYS,1572.050048828125
2021-07-01,INFOSYS,INFOSYS,1576.8499755859375
2021-07-02,INFOSYS,INFOSYS,1558.949951171875
2021-07-05,INFOSYS,INFOSYS,1569.1500244140625
2021-07-06,INFOSYS,INFOSYS,1573.699951171875
2021-07-07,INFOSYS,INFOSYS,1566.050048828125
2021-07-08,INFOSYS,INFOSYS,1568
2021-07-09,INFOSYS,INFOSYS,1556
2021-07-12,INFOSYS,INFOSYS,1570.550048828125
2021-07-13,INFOSYS,INFOSYS,1556.4000244140625
2021-07-14,INFOSYS,INFOSYS,1554
2021-07-15,INFOSYS,INFOSYS,1557.9000244140625
2021-07-16,INFOSYS,INFOSYS,1573.75
2021-07-19,INFOSYS,INFOSYS,1544.699951171875
2021-07-20,INFOSYS,INFOSYS,1538.300048828125
2021-07-22,INFOSYS,INFOSYS,1561.4000244140625
2021-07-23,INFOSYS,INFOSYS,1588.550048828125
2021-07-26,INFOSYS,INFOSYS,1594.0999755859375
2021-07-27,INFOSYS,INFOSYS,1605
2021-07-28,INFOSYS,INFOSYS,1605.0999755859375
2021-07-29,INFOSYS,INFOSYS,1600.0999755859375
2021-07-30,INFOSYS,INFOSYS,1610
2021-08-02,INFOSYS,INFOSYS,1627.449951171875
2021-08-03,INFOSYS,INFOSYS,1647
2021-08-04,INFOSYS,INFOSYS,1669.0999755859375
2021-08-05,INFOSYS,INFOSYS,1649.5
2021-08-06,INFOSYS,INFOSYS,1657
2021-08-09,INFOSYS,INFOSYS,1661
2021-08-10,INFOSYS,INFOSYS,1668
2021-08-11,INFOSYS,INFOSYS,1674.800048828125
2021-08-12,INFOSYS,INFOSYS,1679.1500244140625
2021-08-13,INFOSYS,INFOSYS,1697
2021-08-16,INFOSYS,INFOSYS,1707.699951171875
2021-08-17,INFOSYS,INFOSYS,1703.9000244140625
2021-08-18,INFOSYS,INFOSYS,1729
2021-08-20,INFOSYS,INFOSYS,1716.0999755859375
2021-08-23,INFOSYS,INFOSYS,1735.75
2021-08-24,INFOSYS,INFOSYS,1750
2021-08-25,INFOSYS,INFOSYS,1718
2021-08-26,INFOSYS,INFOSYS,1734
2021-08-27,INFOSYS,INFOSYS,1725
2021-08-30,INFOSYS,INFOSYS,1703.050048828125
2021-08-31,INFOSYS,INFOSYS,1700.1500244140625
2021-09-01,INFOSYS,INFOSYS,1709.5
2021-09-02,INFOSYS,INFOSYS,1677.3499755859375
2021-09-03,INFOSYS,INFOSYS,1696.050048828125
2021-09-06,INFOSYS,INFOSYS,1705.1500244140625
2021-09-07,INFOSYS,INFOSYS,1730
2021-09-08,INFOSYS,INFOSYS,1700.8499755859375
2021-09-09,INFOSYS,INFOSYS,1685.9000244140625
2021-09-13,INFOSYS,INFOSYS,1683
2021-09-14,INFOSYS,INFOSYS,1695.949951171875
2021-09-15,INFOSYS,INFOSYS,1693.25
2021-09-16,INFOSYS,INFOSYS,1715.199951171875
2021-09-17,INFOSYS,INFOSYS,1697
2021-09-20,INFOSYS,INFOSYS,1685
2021-09-21,INFOSYS,INFOSYS,1700
2021-09-22,INFOSYS,INFOSYS,1717
2021-09-23,INFOSYS,INFOSYS,1732
2021-09-24,INFOSYS,INFOSYS,1758
2021-09-27,INFOSYS,INFOSYS,1768.75
2021-09-28,INFOSYS,INFOSYS,1710
2021-09-29,INFOSYS,INFOSYS,1659.25
2021-09-30,INFOSYS,INFOSYS,1703
2021-10-01,INFOSYS,INFOSYS,1665.0999755859375
2021-10-04,INFOSYS,INFOSYS,1672.5
2021-10-05,INFOSYS,INFOSYS,1671
2021-10-06,INFOSYS,INFOSYS,1702.0999755859375
2021-10-07,INFOSYS,INFOSYS,1687
2021-10-08,INFOSYS,INFOSYS,1705.25
2021-10-11,INFOSYS,INFOSYS,1682
2021-10-12,INFOSYS,INFOSYS,1677
2021-10-13,INFOSYS,INFOSYS,1695.949951171875
2021-10-14,INFOSYS,INFOSYS,1754
2021-10-18,INFOSYS,INFOSYS,1740
2021-10-19,INFOSYS,INFOSYS,1814
2021-10-20,INFOSYS,INFOSYS,1829.4000244140625
2021-10-21,INFOSYS,INFOSYS,1814
2021-10-22,INFOSYS,INFOSYS,1749.9000244140625
2021-10-25,INFOSYS,INFOSYS,1722.050048828125
2021-10-26,INFOSYS,INFOSYS,1710.050048828125
2021-10-27,INFOSYS,INFOSYS,1709.0999755859375
2021-10-28,INFOSYS,INFOSYS,1719.3499755859375
2021-10-29,INFOSYS,INFOSYS,1699
2021-11-01,INFOSYS,INFOSYS,1677.5
2021-11-02,INFOSYS,INFOSYS,1695
2021-11-03,INFOSYS,INFOSYS,1709
2021-11-04,INFOSYS,INFOSYS,1715
2021-11-08,INFOSYS,INFOSYS,1730
2021-11-09,INFOSYS,INFOSYS,1734.75
2021-11-10,INFOSYS,INFOSYS,1726
2021-11-11,INFOSYS,INFOSYS,1732.949951171875
2021-11-12,INFOSYS,INFOSYS,1743
2021-11-15,INFOSYS,INFOSYS,1782.0999755859375
2021-11-16,INFOSYS,INFOSYS,1790
2021-11-17,INFOSYS,INFOSYS,1792.550048828125
2021-11-18,INFOSYS,INFOSYS,1781.5999755859375
2021-11-22,INFOSYS,INFOSYS,1784
2021-11-23,INFOSYS,INFOSYS,1735.0999755859375
2021-11-24,INFOSYS,INFOSYS,1740
2021-11-25,INFOSYS,INFOSYS,1700
2021-11-26,INFOSYS,INFOSYS,1702.550048828125
2021-11-29,INFOSYS,INFOSYS,1691
2021-11-30,INFOSYS,INFOSYS,1704.550048828125
2021-12-01,INFOSYS,INFOSYS,1715
2021-12-02,INFOSYS,INFOSYS,1715
2021-12-03,INFOSYS,INFOSYS,1771.0999755859375
2021-12-06,INFOSYS,INFOSYS,1730
2021-12-07,INFOSYS,INFOSYS,1701.0999755859375
2021-12-08,INFOSYS,INFOSYS,1733
2021-12-09,INFOSYS,INFOSYS,1759
2021-12-10,INFOSYS,INFOSYS,1760
2021-12-13,INFOSYS,INFOSYS,1767.050048828125
2021-12-14,INFOSYS,INFOSYS,1730.9000244140625
2021-12-15,INFOSYS,INFOSYS,1745
2021-12-16,INFOSYS,INFOSYS,1762.6500244140625
2021-12-17,INFOSYS,INFOSYS,1820
2021-12-20,INFOSYS,INFOSYS,1801.699951171875
2021-12-21,INFOSYS,INFOSYS,1801
2021-12-22,INFOSYS,INFOSYS,1825
2021-12-23,INFOSYS,INFOSYS,1831.25
2021-12-24,INFOSYS,INFOSYS,1872.949951171875
2021-12-27,INFOSYS,INFOSYS,1860
2021-12-28,INFOSYS,INFOSYS,1880.699951171875
2021-12-29,INFOSYS,INFOSYS,1883.5
2021-12-30,INFOSYS,INFOSYS,1884.5
2021-12-31,INFOSYS,INFOSYS,1890
2022-01-03,INFOSYS,INFOSYS,1887.75
2022-01-04,INFOSYS,INFOSYS,1898.449951171875
2022-01-05,INFOSYS,INFOSYS,1900
2022-01-06,INFOSYS,INFOSYS,1828
2022-01-07,INFOSYS,INFOSYS,1815.449951171875
2022-01-10,INFOSYS,INFOSYS,1815
2022-01-11,INFOSYS,INFOSYS,1855
2022-01-12,INFOSYS,INFOSYS,1868.9000244140625
2022-01-13,INFOSYS,INFOSYS,1905
2022-01-14,INFOSYS,INFOSYS,1882
2022-01-17,INFOSYS,INFOSYS,1938.550048828125
2022-01-18,INFOSYS,INFOSYS,1922.0999755859375
2022-01-19,INFOSYS,INFOSYS,1916
2022-01-20,INFOSYS,INFOSYS,1844
2022-01-21,INFOSYS,INFOSYS,1795
2022-01-24,INFOSYS,INFOSYS,1765
2022-01-25,INFOSYS,INFOSYS,1726.5999755859375
2022-01-27,INFOSYS,INFOSYS,1702
2022-01-28,INFOSYS,INFOSYS,1681
2022-01-31,INFOSYS,INFOSYS,1718
2022-02-01,INFOSYS,INFOSYS,1766.0999755859375
2022-02-02,INFOSYS,INFOSYS,1789
2022-02-03,INFOSYS,INFOSYS,1779
2022-02-04,INFOSYS,INFOSYS,1732
2022-02-07,INFOSYS,INFOSYS,1722.199951171875
2022-02-08,INFOSYS,INFOSYS,1710
2022-02-09,INFOSYS,INFOSYS,1735
2022-02-10,INFOSYS,INFOSYS,1755.6500244140625
2022-02-11,INFOSYS,INFOSYS,1740
2022-02-14,INFOSYS,INFOSYS,1690
2022-02-15,INFOSYS,INFOSYS,1699
2022-02-16,INFOSYS,INFOSYS,1738.25
2022-02-17,INFOSYS,INFOSYS,1744
2022-02-18,INFOSYS,INFOSYS,1710
2022-02-21,INFOSYS,INFOSYS,1701
2022-02-22,INFOSYS,INFOSYS,1699.9000244140625
2022-02-23,INFOSYS,INFOSYS,1750
2022-02-24,INFOSYS,INFOSYS,1690.0999755859375
2022-02-25,INFOSYS,INFOSYS,1715
2022-02-28,INFOSYS,INFOSYS,1682.199951171875
2022-03-02,INFOSYS,INFOSYS,1710
2022-03-03,INFOSYS,INFOSYS,1720.199951171875
2022-03-04,INFOSYS,INFOSYS,1695.25
2022-03-07,INFOSYS,INFOSYS,1697
2022-03-08,INFOSYS,INFOSYS,1718.449951171875
2022-03-09,INFOSYS,INFOSYS,1791
2022-03-10,INFOSYS,INFOSYS,1844.75
2022-03-11,INFOSYS,INFOSYS,1814
2022-03-14,INFOSYS,INFOSYS,1831.550048828125
2022-03-15,INFOSYS,INFOSYS,1888.3499755859375
2022-03-16,INFOSYS,INFOSYS,1865
2022-03-17,INFOSYS,INFOSYS,1923.300048828125
2022-03-21,INFOSYS,INFOSYS,1861
2022-03-22,INFOSYS,INFOSYS,1850
2022-03-23,INFOSYS,INFOSYS,1897
2022-03-24,INFOSYS,INFOSYS,1856.1500244140625
2022-03-25,INFOSYS,INFOSYS,1892
2022-03-28,INFOSYS,INFOSYS,1866
2022-03-29,INFOSYS,INFOSYS,1873.9000244140625
2022-03-30,INFOSYS,INFOSYS,1910
2022-03-31,INFOSYS,INFOSYS,1900
2022-04-01,INFOSYS,INFOSYS,1886.8499755859375
2022-04-04,INFOSYS,INFOSYS,1889.75
2022-04-05,INFOSYS,INFOSYS,1883.800048828125
2022-04-06,INFOSYS,INFOSYS,1855
2022-04-07,INFOSYS,INFOSYS,1821.050048828125
2022-04-08,INFOSYS,INFOSYS,1823
2022-04-11,INFOSYS,INFOSYS,1814
2022-04-12,INFOSYS,INFOSYS,1757.5
2022-04-13,INFOSYS,INFOSYS,1754.949951171875
2022-04-18,INFOSYS,INFOSYS,1605.5
2022-04-19,INFOSYS,INFOSYS,1636.6500244140625
2022-04-20,INFOSYS,INFOSYS,1575
2022-04-21,INFOSYS,INFOSYS,1595
2022-04-22,INFOSYS,INFOSYS,1604.3499755859375
2022-04-25,INFOSYS,INFOSYS,1572.800048828125
2022-04-26,INFOSYS,INFOSYS,1577.199951171875
2022-04-27,INFOSYS,INFOSYS,1572.75
2022-04-28,INFOSYS,INFOSYS,1570
2022-04-29,INFOSYS,INFOSYS,1590
2022-05-02,INFOSYS,INFOSYS,1550.9000244140625
2022-05-04,INFOSYS,INFOSYS,1547.25
2022-05-05,INFOSYS,INFOSYS,1560.050048828125
2022-05-06,INFOSYS,INFOSYS,1550
2022-05-09,INFOSYS,INFOSYS,1540
2022-05-10,INFOSYS,INFOSYS,1558
2022-05-11,INFOSYS,INFOSYS,1549.949951171875
2022-05-12,INFOSYS,INFOSYS,1514
2022-05-13,INFOSYS,INFOSYS,1519.300048828125
2022-05-16,INFOSYS,INFOSYS,1510
2022-05-17,INFOSYS,INFOSYS,1494.9000244140625
2022-05-18,INFOSYS,INFOSYS,1522
2022-05-19,INFOSYS,INFOSYS,1481
2022-05-20,INFOSYS,INFOSYS,1453
2022-05-23,INFOSYS,INFOSYS,1455.0999755859375
2022-05-24,INFOSYS,INFOSYS,1468.5999755859375
2022-05-25,INFOSYS,INFOSYS,1435
2022-05-26,INFOSYS,INFOSYS,1418
2022-05-27,INFOSYS,INFOSYS,1443.949951171875
2022-05-30,INFOSYS,INFOSYS,1487
2022-05-31,INFOSYS,INFOSYS,1510.699951171875
2022-06-01,INFOSYS,INFOSYS,1513
2022-06-02,INFOSYS,INFOSYS,1484
2022-06-03,INFOSYS,INFOSYS,1524.9000244140625
2022-06-06,INFOSYS,INFOSYS,1516
2022-06-07,INFOSYS,INFOSYS,1519.8499755859375
2022-06-08,INFOSYS,INFOSYS,1520.199951171875
2022-06-09,INFOSYS,INFOSYS,1485
2022-06-10,INFOSYS,INFOSYS,1486.0999755859375
2022-06-13,INFOSYS,INFOSYS,1443.5999755859375
2022-06-14,INFOSYS,INFOSYS,1410
2022-06-15,INFOSYS,INFOSYS,1440.199951171875
2022-06-16,INFOSYS,INFOSYS,1438
2022-06-17,INFOSYS,INFOSYS,1391.050048828125
2022-06-20,INFOSYS,INFOSYS,1390.050048828125
2022-06-21,INFOSYS,INFOSYS,1424
2022-06-22,INFOSYS,INFOSYS,1436.050048828125
2022-06-23,INFOSYS,INFOSYS,1439.800048828125
2022-06-24,INFOSYS,INFOSYS,1458
2022-06-27,INFOSYS,INFOSYS,1468.050048828125
2022-06-28,INFOSYS,INFOSYS,1469
2022-06-29,INFOSYS,INFOSYS,1464.699951171875
2022-06-30,INFOSYS,INFOSYS,1465.050048828125
2022-07-01,INFOSYS,INFOSYS,1454
2022-07-04,INFOSYS,INFOSYS,1480.25
2022-07-05,INFOSYS,INFOSYS,1498.800048828125
2022-07-06,INFOSYS,INFOSYS,1482.199951171875
2022-07-07,INFOSYS,INFOSYS,1503.050048828125
2022-07-08,INFOSYS,INFOSYS,1515
2022-07-11,INFOSYS,INFOSYS,1495
2022-07-12,INFOSYS,INFOSYS,1461.800048828125
2022-07-13,INFOSYS,INFOSYS,1450
2022-07-14,INFOSYS,INFOSYS,1451
2022-07-15,INFOSYS,INFOSYS,1446
2022-07-18,INFOSYS,INFOSYS,1450
2022-07-19,INFOSYS,INFOSYS,1471.550048828125
2022-07-20,INFOSYS,INFOSYS,1501.25
2022-07-21,INFOSYS,INFOSYS,1517
2022-07-22,INFOSYS,INFOSYS,1534
2022-07-25,INFOSYS,INFOSYS,1480.0999755859375
2022-07-26,INFOSYS,INFOSYS,1496.6500244140625
2022-07-27,INFOSYS,INFOSYS,1451
2022-07-28,INFOSYS,INFOSYS,1496.4000244140625
2022-07-29,INFOSYS,INFOSYS,1532.800048828125
2022-08-01,INFOSYS,INFOSYS,1564
2022-08-02,INFOSYS,INFOSYS,1546.550048828125
2022-08-03,INFOSYS,INFOSYS,1549
2022-08-04,INFOSYS,INFOSYS,1587.5
2022-08-05,INFOSYS,INFOSYS,1608.4000244140625
2022-08-08,INFOSYS,INFOSYS,1617
2022-08-10,INFOSYS,INFOSYS,1621.199951171875
2022-08-11,INFOSYS,INFOSYS,1630
2022-08-12,INFOSYS,INFOSYS,1613.300048828125
2022-08-16,INFOSYS,INFOSYS,1609
2022-08-17,INFOSYS,INFOSYS,1596.449951171875
2022-08-18,INFOSYS,INFOSYS,1594.0999755859375
2022-08-19,INFOSYS,INFOSYS,1585.300048828125
2022-08-22,INFOSYS,INFOSYS,1586
2022-08-23,INFOSYS,INFOSYS,1548
2022-08-24,INFOSYS,INFOSYS,1535
2022-08-25,INFOSYS,INFOSYS,1548
2022-08-26,INFOSYS,INFOSYS,1535.1500244140625
2022-08-29,INFOSYS,INFOSYS,1468.550048828125
2022-08-30,INFOSYS,INFOSYS,1473.0999755859375
2022-09-01,INFOSYS,INFOSYS,1460.050048828125
2022-09-02,INFOSYS,INFOSYS,1478
2022-09-05,INFOSYS,INFOSYS,1451
2022-09-06,INFOSYS,INFOSYS,1461.300048828125
2022-09-07,INFOSYS,INFOSYS,1440
2022-09-08,INFOSYS,INFOSYS,1475
2022-09-09,INFOSYS,INFOSYS,1488
2022-09-12,INFOSYS,INFOSYS,1525.800048828125
2022-09-13,INFOSYS,INFOSYS,1551.9000244140625
2022-09-14,INFOSYS,INFOSYS,1497
2022-09-15,INFOSYS,INFOSYS,1475
2022-09-16,INFOSYS,INFOSYS,1425
2022-09-19,INFOSYS,INFOSYS,1392
2022-09-20,INFOSYS,INFOSYS,1407.949951171875
2022-09-21,INFOSYS,INFOSYS,1379.9000244140625
2022-09-22,INFOSYS,INFOSYS,1366.3499755859375
2022-09-23,INFOSYS,INFOSYS,1367.5
2022-09-26,INFOSYS,INFOSYS,1360
2022-09-27,INFOSYS,INFOSYS,1393.449951171875
2022-09-28,INFOSYS,INFOSYS,1379
2022-09-29,INFOSYS,INFOSYS,1404.9000244140625
2022-09-30,INFOSYS,INFOSYS,1388.949951171875
2022-10-03,INFOSYS,INFOSYS,1412
2022-10-04,INFOSYS,INFOSYS,1419.699951171875
2022-10-06,INFOSYS,INFOSYS,1445
2022-10-07,INFOSYS,INFOSYS,1446.3499755859375
2022-10-10,INFOSYS,INFOSYS,1426.3499755859375
2022-10-11,INFOSYS,INFOSYS,1462.6500244140625
2022-10-12,INFOSYS,INFOSYS,1437
2022-10-13,INFOSYS,INFOSYS,1431
2022-10-14,INFOSYS,INFOSYS,1485
2022-10-17,INFOSYS,INFOSYS,1476.9000244140625
2022-10-18,INFOSYS,INFOSYS,1510
2022-10-19,INFOSYS,INFOSYS,1504
2022-10-20,INFOSYS,INFOSYS,1475
2022-10-21,INFOSYS,INFOSYS,1500.300048828125
2022-10-24,INFOSYS,INFOSYS,1518.5
2022-10-25,INFOSYS,INFOSYS,1528.0999755859375
2022-10-27,INFOSYS,INFOSYS,1530.800048828125
2022-10-28,INFOSYS,INFOSYS,1526
2022-10-31,INFOSYS,INFOSYS,1530.25
2022-11-01,INFOSYS,INFOSYS,1553.050048828125
2022-11-02,INFOSYS,INFOSYS,1572
2022-11-03,INFOSYS,INFOSYS,1538.75
2022-11-04,INFOSYS,INFOSYS,1520.449951171875
2022-11-07,INFOSYS,INFOSYS,1521.4000244140625
2022-11-09,INFOSYS,INFOSYS,1529
2022-11-10,INFOSYS,INFOSYS,1485
2022-11-11,INFOSYS,INFOSYS,1546.6500244140625
2022-11-14,INFOSYS,INFOSYS,1575.1500244140625
2022-11-15,INFOSYS,INFOSYS,1577.8499755859375
2022-11-16,INFOSYS,INFOSYS,1597.1500244140625
2022-11-17,INFOSYS,INFOSYS,1597.199951171875
2022-11-18,INFOSYS,INFOSYS,1591.699951171875
2022-11-21,INFOSYS,INFOSYS,1582.0999755859375
2022-11-22,INFOSYS,INFOSYS,1569
2022-11-23,INFOSYS,INFOSYS,1588.9000244140625
2022-11-24,INFOSYS,INFOSYS,1589
2022-11-25,INFOSYS,INFOSYS,1631.4000244140625
2022-11-28,INFOSYS,INFOSYS,1628
2022-11-29,INFOSYS,INFOSYS,1621.199951171875
2022-11-30,INFOSYS,INFOSYS,1619.949951171875
2022-12-01,INFOSYS,INFOSYS,1656.199951171875
2022-12-02,INFOSYS,INFOSYS,1656
2022-12-05,INFOSYS,INFOSYS,1638
2022-12-06,INFOSYS,INFOSYS,1625
2022-12-07,INFOSYS,INFOSYS,1608
2022-12-08,INFOSYS,INFOSYS,1605.5
2022-12-09,INFOSYS,INFOSYS,1628
2022-12-12,INFOSYS,INFOSYS,1550
2022-12-13,INFOSYS,INFOSYS,1547.199951171875
2022-12-14,INFOSYS,INFOSYS,1582
2022-12-15,INFOSYS,INFOSYS,1569.300048828125
2022-12-16,INFOSYS,INFOSYS,1525
2022-12-19,INFOSYS,INFOSYS,1507.949951171875
2022-12-20,INFOSYS,INFOSYS,1501
2022-12-21,INFOSYS,INFOSYS,1515
2022-12-22,INFOSYS,INFOSYS,1521.5
2022-12-23,INFOSYS,INFOSYS,1508.699951171875
2022-12-26,INFOSYS,INFOSYS,1500.5
2022-12-27,INFOSYS,INFOSYS,1509.949951171875
2022-12-28,INFOSYS,INFOSYS,1505.0999755859375
2022-12-29,INFOSYS,INFOSYS,1504
2022-12-30,INFOSYS,INFOSYS,1528
2023-01-02,INFOSYS,INFOSYS,1514
2023-01-03,INFOSYS,INFOSYS,1519.8499755859375
2023-01-04,INFOSYS,INFOSYS,1521
2023-01-05,INFOSYS,INFOSYS,1505.9000244140625
2023-01-06,INFOSYS,INFOSYS,1470
2023-01-09,INFOSYS,INFOSYS,1448.199951171875
2023-01-10,INFOSYS,INFOSYS,1482
2023-01-11,INFOSYS,INFOSYS,1470
2023-01-12,INFOSYS,INFOSYS,1481.949951171875
2023-01-13,INFOSYS,INFOSYS,1483.5
2023-01-16,INFOSYS,INFOSYS,1510
2023-01-17,INFOSYS,INFOSYS,1527
2023-01-18,INFOSYS,INFOSYS,1544.75
2023-01-19,INFOSYS,INFOSYS,1539.9000244140625
2023-01-20,INFOSYS,INFOSYS,1538
2023-01-23,INFOSYS,INFOSYS,1535
2023-01-24,INFOSYS,INFOSYS,1560
2023-01-25,INFOSYS,INFOSYS,1547
2023-01-27,INFOSYS,INFOSYS,1546
2023-01-30,INFOSYS,INFOSYS,1528.800048828125
2023-01-31,INFOSYS,INFOSYS,1548.9000244140625
2023-02-01,INFOSYS,INFOSYS,1542.199951171875
2023-02-02,INFOSYS,INFOSYS,1552
2023-02-03,INFOSYS,INFOSYS,1597.5
2023-02-06,INFOSYS,INFOSYS,1598
2023-02-07,INFOSYS,INFOSYS,1569
2023-02-08,INFOSYS,INFOSYS,1565.5
2023-02-09,INFOSYS,INFOSYS,1596.199951171875
2023-02-10,INFOSYS,INFOSYS,1612.949951171875
2023-02-13,INFOSYS,INFOSYS,1597
2023-02-14,INFOSYS,INFOSYS,1584.699951171875
2023-02-15,INFOSYS,INFOSYS,1584
2023-02-16,INFOSYS,INFOSYS,1600
2023-02-17,INFOSYS,INFOSYS,1594
2023-02-20,INFOSYS,INFOSYS,1584.949951171875
2023-02-21,INFOSYS,INFOSYS,1598.699951171875
2023-02-22,INFOSYS,INFOSYS,1563
2023-02-23,INFOSYS,INFOSYS,1569.8499755859375
2023-02-24,INFOSYS,INFOSYS,1560
2023-02-27,INFOSYS,INFOSYS,1540
2023-02-28,INFOSYS,INFOSYS,1515.5999755859375
2023-03-01,INFOSYS,INFOSYS,1492.4000244140625
2023-03-02,INFOSYS,INFOSYS,1485
2023-03-03,INFOSYS,INFOSYS,1486.75
2023-03-06,INFOSYS,INFOSYS,1494.550048828125
2023-03-08,INFOSYS,INFOSYS,1490.550048828125
2023-03-09,INFOSYS,INFOSYS,1495
2023-03-10,INFOSYS,INFOSYS,1460
2023-03-13,INFOSYS,INFOSYS,1464.199951171875
2023-03-14,INFOSYS,INFOSYS,1441
2023-03-15,INFOSYS,INFOSYS,1438
2023-03-16,INFOSYS,INFOSYS,1417.800048828125
2023-03-17,INFOSYS,INFOSYS,1430
2023-03-20,INFOSYS,INFOSYS,1419.699951171875
2023-03-21,INFOSYS,INFOSYS,1399
2023-03-22,INFOSYS,INFOSYS,1403
2023-03-23,INFOSYS,INFOSYS,1383.949951171875
2023-03-24,INFOSYS,INFOSYS,1388
2023-03-27,INFOSYS,INFOSYS,1386.25
2023-03-28,INFOSYS,INFOSYS,1392.0999755859375
2023-03-29,INFOSYS,INFOSYS,1379
2023-03-31,INFOSYS,INFOSYS,1404
2023-04-03,INFOSYS,INFOSYS,1435
2023-04-05,INFOSYS,INFOSYS,1400
2023-04-06,INFOSYS,INFOSYS,1416
2023-04-10,INFOSYS,INFOSYS,1423.949951171875
2023-04-11,INFOSYS,INFOSYS,1428.9000244140625
2023-04-12,INFOSYS,INFOSYS,1413.050048828125
2023-04-13,INFOSYS,INFOSYS,1409.75
2023-04-17,INFOSYS,INFOSYS,1250.300048828125
2023-04-18,INFOSYS,INFOSYS,1269.949951171875
2023-04-19,INFOSYS,INFOSYS,1254.3499755859375
2023-04-20,INFOSYS,INFOSYS,1230.699951171875
2023-04-21,INFOSYS,INFOSYS,1228.0999755859375
2023-04-24,INFOSYS,INFOSYS,1228
2023-04-25,INFOSYS,INFOSYS,1225.949951171875
2023-04-26,INFOSYS,INFOSYS,1228
2023-04-27,INFOSYS,INFOSYS,1230
2023-04-28,INFOSYS,INFOSYS,1255.699951171875
2023-05-02,INFOSYS,INFOSYS,1254.550048828125
2023-05-03,INFOSYS,INFOSYS,1266
2023-05-04,INFOSYS,INFOSYS,1268.949951171875
2023-05-05,INFOSYS,INFOSYS,1279
2023-05-08,INFOSYS,INFOSYS,1262.449951171875
2023-05-09,INFOSYS,INFOSYS,1266
2023-05-10,INFOSYS,INFOSYS,1276.4000244140625
2023-05-11,INFOSYS,INFOSYS,1270.25
2023-05-12,INFOSYS,INFOSYS,1253.3499755859375
2023-05-15,INFOSYS,INFOSYS,1249.9000244140625
2023-05-16,INFOSYS,INFOSYS,1265
2023-05-17,INFOSYS,INFOSYS,1260.5999755859375
2023-05-18,INFOSYS,INFOSYS,1258.5999755859375
2023-05-19,INFOSYS,INFOSYS,1256.050048828125
2023-05-22,INFOSYS,INFOSYS,1272.949951171875
2023-05-23,INFOSYS,INFOSYS,1299.199951171875
2023-05-24,INFOSYS,INFOSYS,1296.300048828125
2023-05-25,INFOSYS,INFOSYS,1294.5
2023-05-26,INFOSYS,INFOSYS,1306
2023-05-29,INFOSYS,INFOSYS,1332.699951171875
2023-05-30,INFOSYS,INFOSYS,1315
2023-05-31,INFOSYS,INFOSYS,1319.8499755859375
2023-06-01,INFOSYS,INFOSYS,1322.550048828125
2023-06-02,INFOSYS,INFOSYS,1309
2023-06-05,INFOSYS,INFOSYS,1304
2023-06-06,INFOSYS,INFOSYS,1288.5999755859375
2023-06-07,INFOSYS,INFOSYS,1290.5
2023-06-08,INFOSYS,INFOSYS,1286.199951171875
2023-06-09,INFOSYS,INFOSYS,1282.5
2023-06-12,INFOSYS,INFOSYS,1273.5
2023-06-13,INFOSYS,INFOSYS,1299.9000244140625
2023-06-14,INFOSYS,INFOSYS,1306.3499755859375
2023-06-15,INFOSYS,INFOSYS,1293.949951171875
2023-06-16,INFOSYS,INFOSYS,1287
2023-06-19,INFOSYS,INFOSYS,1294
2023-06-20,INFOSYS,INFOSYS,1294
2023-06-21,INFOSYS,INFOSYS,1299.949951171875
2023-06-22,INFOSYS,INFOSYS,1289.4000244140625
2023-06-23,INFOSYS,INFOSYS,1276.449951171875
2023-06-26,INFOSYS,INFOSYS,1270.25
2023-06-27,INFOSYS,INFOSYS,1280
2023-06-28,INFOSYS,INFOSYS,1290
2023-06-30,INFOSYS,INFOSYS,1308.199951171875
2023-07-03,INFOSYS,INFOSYS,1330
2023-07-04,INFOSYS,INFOSYS,1344.300048828125
2023-07-05,INFOSYS,INFOSYS,1357.8499755859375
2023-07-06,INFOSYS,INFOSYS,1342.550048828125
2023-07-07,INFOSYS,INFOSYS,1334
2023-07-10,INFOSYS,INFOSYS,1336.550048828125
2023-07-11,INFOSYS,INFOSYS,1333.449951171875
2023-07-12,INFOSYS,INFOSYS,1351
2023-07-13,INFOSYS,INFOSYS,1334.9000244140625
2023-07-14,INFOSYS,INFOSYS,1380.6500244140625
2023-07-17,INFOSYS,INFOSYS,1425.949951171875
2023-07-18,INFOSYS,INFOSYS,1434
2023-07-19,INFOSYS,INFOSYS,1486
2023-07-20,INFOSYS,INFOSYS,1471
2023-07-21,INFOSYS,INFOSYS,1320.199951171875
2023-07-24,INFOSYS,INFOSYS,1341
2023-07-25,INFOSYS,INFOSYS,1337
2023-07-26,INFOSYS,INFOSYS,1343
2023-07-27,INFOSYS,INFOSYS,1358.5999755859375
2023-07-28,INFOSYS,INFOSYS,1353.8499755859375
2023-07-31,INFOSYS,INFOSYS,1348.75
2023-08-01,INFOSYS,INFOSYS,1362
2023-08-02,INFOSYS,INFOSYS,1369.300048828125
2023-08-03,INFOSYS,INFOSYS,1350
2023-08-04,INFOSYS,INFOSYS,1368.9000244140625
2023-08-07,INFOSYS,INFOSYS,1387.9000244140625
2023-08-08,INFOSYS,INFOSYS,1392.8499755859375
2023-08-09,INFOSYS,INFOSYS,1384
2023-08-10,INFOSYS,INFOSYS,1391.5999755859375
2023-08-11,INFOSYS,INFOSYS,1392
2023-08-14,INFOSYS,INFOSYS,1371.8499755859375
2023-08-16,INFOSYS,INFOSYS,1410.800048828125
2023-08-17,INFOSYS,INFOSYS,1420
2023-08-18,INFOSYS,INFOSYS,1403.699951171875
2023-08-21,INFOSYS,INFOSYS,1389.75
2023-08-22,INFOSYS,INFOSYS,1404.699951171875
2023-08-23,INFOSYS,INFOSYS,1416
2023-08-24,INFOSYS,INFOSYS,1421.5
2023-08-25,INFOSYS,INFOSYS,1413
2023-08-28,INFOSYS,INFOSYS,1420.0999755859375
2023-08-29,INFOSYS,INFOSYS,1424
2023-08-30,INFOSYS,INFOSYS,1427
2023-08-31,INFOSYS,INFOSYS,1435.1500244140625
2023-09-01,INFOSYS,INFOSYS,1430.949951171875
2023-09-04,INFOSYS,INFOSYS,1443
2023-09-05,INFOSYS,INFOSYS,1465
2023-09-06,INFOSYS,INFOSYS,1481.9000244140625
2023-09-07,INFOSYS,INFOSYS,1470.5999755859375
2023-09-08,INFOSYS,INFOSYS,1463.5
2023-09-11,INFOSYS,INFOSYS,1469.5999755859375
2023-09-12,INFOSYS,INFOSYS,1482.5
2023-09-13,INFOSYS,INFOSYS,1505
2023-09-14,INFOSYS,INFOSYS,1505
2023-09-15,INFOSYS,INFOSYS,1518
2023-09-18,INFOSYS,INFOSYS,1504.9000244140625
2023-09-20,INFOSYS,INFOSYS,1476.199951171875
2023-09-21,INFOSYS,INFOSYS,1486.550048828125
2023-09-22,INFOSYS,INFOSYS,1491.9000244140625
2023-09-25,INFOSYS,INFOSYS,1489.8499755859375
2023-09-26,INFOSYS,INFOSYS,1479.1500244140625
2023-09-27,INFOSYS,INFOSYS,1456
2023-09-28,INFOSYS,INFOSYS,1467.9000244140625
2023-09-29,INFOSYS,INFOSYS,1432.0999755859375
2023-10-03,INFOSYS,INFOSYS,1436.050048828125
2023-10-04,INFOSYS,INFOSYS,1425
2023-10-05,INFOSYS,INFOSYS,1452
2023-10-06,INFOSYS,INFOSYS,1469.5
2023-10-09,INFOSYS,INFOSYS,1464.9000244140625
2023-10-10,INFOSYS,INFOSYS,1483.9000244140625
2023-10-11,INFOSYS,INFOSYS,1497
2023-10-12,INFOSYS,INFOSYS,1491.9000244140625
2023-10-13,INFOSYS,INFOSYS,1405
2023-10-16,INFOSYS,INFOSYS,1432.0999755859375
2023-10-17,INFOSYS,INFOSYS,1440.25
2023-10-18,INFOSYS,INFOSYS,1442
2023-10-19,INFOSYS,INFOSYS,1426.0999755859375
2023-10-20,INFOSYS,INFOSYS,1430
2023-10-23,INFOSYS,INFOSYS,1425.5999755859375
2023-10-25,INFOSYS,INFOSYS,1399
2023-10-26,INFOSYS,INFOSYS,1355.050048828125
2023-10-27,INFOSYS,INFOSYS,1363.6500244140625
2023-10-30,INFOSYS,INFOSYS,1380.3499755859375
2023-10-31,INFOSYS,INFOSYS,1379.949951171875
2023-11-01,INFOSYS,INFOSYS,1373.050048828125
2023-11-02,INFOSYS,INFOSYS,1370
2023-11-03,INFOSYS,INFOSYS,1380.050048828125
2023-11-06,INFOSYS,INFOSYS,1393.9000244140625
2023-11-07,INFOSYS,INFOSYS,1400
2023-11-08,INFOSYS,INFOSYS,1405
2023-11-09,INFOSYS,INFOSYS,1395.9000244140625
2023-11-10,INFOSYS,INFOSYS,1369.949951171875
2023-11-13,INFOSYS,INFOSYS,1379.8499755859375
2023-11-15,INFOSYS,INFOSYS,1399
2023-11-16,INFOSYS,INFOSYS,1416.0999755859375
2023-11-17,INFOSYS,INFOSYS,1441.050048828125
2023-11-20,INFOSYS,INFOSYS,1442
2023-11-21,INFOSYS,INFOSYS,1442
2023-11-22,INFOSYS,INFOSYS,1436.199951171875
2023-11-23,INFOSYS,INFOSYS,1467.9000244140625
2023-11-24,INFOSYS,INFOSYS,1445.550048828125
2023-11-28,INFOSYS,INFOSYS,1444
2023-11-29,INFOSYS,INFOSYS,1451.0999755859375
2023-11-30,INFOSYS,INFOSYS,1453.25
2023-12-01,INFOSYS,INFOSYS,1459.9000244140625
2023-12-04,INFOSYS,INFOSYS,1460.449951171875
2023-12-05,INFOSYS,INFOSYS,1465.800048828125
2023-12-06,INFOSYS,INFOSYS,1456.75
2023-12-07,INFOSYS,INFOSYS,1472.8499755859375
2023-12-08,INFOSYS,INFOSYS,1470.4000244140625
2023-12-11,INFOSYS,INFOSYS,1490
2023-12-12,INFOSYS,INFOSYS,1477.5
2023-12-13,INFOSYS,INFOSYS,1476
2023-12-14,INFOSYS,INFOSYS,1463.4000244140625
2023-12-15,INFOSYS,INFOSYS,1523.050048828125
2023-12-18,INFOSYS,INFOSYS,1567.949951171875
2023-12-19,INFOSYS,INFOSYS,1570.0999755859375
2023-12-20,INFOSYS,INFOSYS,1565.050048828125
2023-12-21,INFOSYS,INFOSYS,1521.25
2023-12-22,INFOSYS,INFOSYS,1534.949951171875
2023-12-26,INFOSYS,INFOSYS,1535
2023-12-27,INFOSYS,INFOSYS,1544
2023-12-28,INFOSYS,INFOSYS,1568.949951171875
2023-12-29,INFOSYS,INFOSYS,1541.050048828125
2024-01-01,INFOSYS,INFOSYS,1539
2024-01-02,INFOSYS,INFOSYS,1546
2024-01-03,INFOSYS,INFOSYS,1519.949951171875
2024-01-04,INFOSYS,INFOSYS,1504.949951171875
2024-01-05,INFOSYS,INFOSYS,1506.75
2024-01-08,INFOSYS,INFOSYS,1528.949951171875
2024-01-09,INFOSYS,INFOSYS,1541.9000244140625
2024-01-10,INFOSYS,INFOSYS,1524.949951171875
2024-01-11,INFOSYS,INFOSYS,1524.9000244140625
2024-01-12,INFOSYS,INFOSYS,1562
2024-01-15,INFOSYS,INFOSYS,1644.949951171875
2024-01-16,INFOSYS,INFOSYS,1644.800048828125
2024-01-17,INFOSYS,INFOSYS,1620.25
2024-01-18,INFOSYS,INFOSYS,1642.6500244140625
2024-01-19,INFOSYS,INFOSYS,1651.5999755859375
2024-01-23,INFOSYS,INFOSYS,1650.0999755859375
2024-01-24,INFOSYS,INFOSYS,1659.9000244140625
2024-01-25,INFOSYS,INFOSYS,1672.949951171875
2024-01-29,INFOSYS,INFOSYS,1665.1500244140625
2024-01-30,INFOSYS,INFOSYS,1662.449951171875
2024-01-31,INFOSYS,INFOSYS,1648.25
2024-02-01,INFOSYS,INFOSYS,1659.550048828125
2024-02-02,INFOSYS,INFOSYS,1666.050048828125
2024-02-05,INFOSYS,INFOSYS,1694.75
2024-02-06,INFOSYS,INFOSYS,1686.75
2024-02-07,INFOSYS,INFOSYS,1729
2024-02-08,INFOSYS,INFOSYS,1698
2024-02-09,INFOSYS,INFOSYS,1684.699951171875
2024-02-12,INFOSYS,INFOSYS,1670.3499755859375
2024-02-13,INFOSYS,INFOSYS,1683
2024-02-14,INFOSYS,INFOSYS,1660.199951171875
2024-02-15,INFOSYS,INFOSYS,1677
2024-02-16,INFOSYS,INFOSYS,1689
2024-02-19,INFOSYS,INFOSYS,1705
2024-02-20,INFOSYS,INFOSYS,1685
2024-02-21,INFOSYS,INFOSYS,1674
2024-02-22,INFOSYS,INFOSYS,1665
2024-02-23,INFOSYS,INFOSYS,1697
2024-02-26,INFOSYS,INFOSYS,1674.949951171875
2024-02-27,INFOSYS,INFOSYS,1661
2024-02-28,INFOSYS,INFOSYS,1670
2024-02-29,INFOSYS,INFOSYS,1665
2024-03-01,INFOSYS,INFOSYS,1669
2024-03-04,INFOSYS,INFOSYS,1657.8499755859375
2024-03-05,INFOSYS,INFOSYS,1634
2024-03-06,INFOSYS,INFOSYS,1602.800048828125
2024-03-07,INFOSYS,INFOSYS,1616.5999755859375
2024-03-11,INFOSYS,INFOSYS,1608.1500244140625
2024-03-12,INFOSYS,INFOSYS,1600
2024-03-13,INFOSYS,INFOSYS,1612.9000244140625
2024-03-14,INFOSYS,INFOSYS,1614.4000244140625
2024-03-15,INFOSYS,INFOSYS,1641.0999755859375
2024-03-18,INFOSYS,INFOSYS,1630
2024-03-19,INFOSYS,INFOSYS,1592.3499755859375
2024-03-20,INFOSYS,INFOSYS,1563
2024-03-21,INFOSYS,INFOSYS,1564
2024-03-22,INFOSYS,INFOSYS,1521
2024-03-26,INFOSYS,INFOSYS,1492
2024-03-27,INFOSYS,INFOSYS,1496
2024-03-28,INFOSYS,INFOSYS,1487.1500244140625
2024-04-01,INFOSYS,INFOSYS,1525
2024-04-02,INFOSYS,INFOSYS,1484.8499755859375
2024-04-03,INFOSYS,INFOSYS,1479
2024-04-04,INFOSYS,INFOSYS,1490.550048828125
2024-04-05,INFOSYS,INFOSYS,1480.050048828125
2024-04-08,INFOSYS,INFOSYS,1483
2024-04-09,INFOSYS,INFOSYS,1490
2024-04-10,INFOSYS,INFOSYS,1500.3499755859375
2024-04-12,INFOSYS,INFOSYS,1504
2024-04-15,INFOSYS,INFOSYS,1480
2024-04-16,INFOSYS,INFOSYS,1451
2024-04-18,INFOSYS,INFOSYS,1421.0999755859375
2024-04-19,INFOSYS,INFOSYS,1385
2024-04-22,INFOSYS,INFOSYS,1419.9000244140625
2024-04-23,INFOSYS,INFOSYS,1443
2024-04-24,INFOSYS,INFOSYS,1444.300048828125
2024-04-25,INFOSYS,INFOSYS,1420
2024-04-26,INFOSYS,INFOSYS,1439.699951171875
2024-04-29,INFOSYS,INFOSYS,1429.949951171875
2024-04-30,INFOSYS,INFOSYS,1434.699951171875
2024-05-02,INFOSYS,INFOSYS,1413
2024-05-03,INFOSYS,INFOSYS,1422.0999755859375
2024-05-06,INFOSYS,INFOSYS,1420
2024-05-07,INFOSYS,INFOSYS,1424.949951171875
2024-05-08,INFOSYS,INFOSYS,1435.25
2024-05-09,INFOSYS,INFOSYS,1427.550048828125
2024-05-10,INFOSYS,INFOSYS,1435.050048828125
2024-05-13,INFOSYS,INFOSYS,1425
2024-05-14,INFOSYS,INFOSYS,1426.4000244140625
2024-05-15,INFOSYS,INFOSYS,1426
2024-05-16,INFOSYS,INFOSYS,1433.949951171875
2024-05-17,INFOSYS,INFOSYS,1457
2024-05-21,INFOSYS,INFOSYS,1430
2024-05-22,INFOSYS,INFOSYS,1428.75
2024-05-23,INFOSYS,INFOSYS,1454.699951171875
2024-05-24,INFOSYS,INFOSYS,1468.25
2024-05-27,INFOSYS,INFOSYS,1471.8499755859375
2024-05-28,INFOSYS,INFOSYS,1475.5
2024-05-29,INFOSYS,INFOSYS,1465.4000244140625
2024-05-30,INFOSYS,INFOSYS,1442.800048828125
2024-05-31,INFOSYS,INFOSYS,1409.800048828125
2024-06-03,INFOSYS,INFOSYS,1440
2024-06-04,INFOSYS,INFOSYS,1409
2024-06-05,INFOSYS,INFOSYS,1400.1500244140625
2024-06-06,INFOSYS,INFOSYS,1444.949951171875
2024-06-07,INFOSYS,INFOSYS,1481
2024-06-10,INFOSYS,INFOSYS,1525.300048828125
2024-06-11,INFOSYS,INFOSYS,1500.050048828125
2024-06-12,INFOSYS,INFOSYS,1507
2024-06-13,INFOSYS,INFOSYS,1495
2024-06-14,INFOSYS,INFOSYS,1503.699951171875
2024-06-18,INFOSYS,INFOSYS,1497
2024-06-19,INFOSYS,INFOSYS,1505
2024-06-20,INFOSYS,INFOSYS,1516.300048828125
2024-06-21,INFOSYS,INFOSYS,1545
2024-06-24,INFOSYS,INFOSYS,1524.550048828125
2024-06-25,INFOSYS,INFOSYS,1526
2024-06-26,INFOSYS,INFOSYS,1541
2024-06-27,INFOSYS,INFOSYS,1538.449951171875
2024-06-28,INFOSYS,INFOSYS,1572.550048828125
2024-07-01,INFOSYS,INFOSYS,1559.5
2024-07-02,INFOSYS,INFOSYS,1596.199951171875
2024-07-03,INFOSYS,INFOSYS,1625
2024-07-04,INFOSYS,INFOSYS,1628.199951171875
2024-07-05,INFOSYS,INFOSYS,1651.449951171875
2024-07-08,INFOSYS,INFOSYS,1643.0999755859375
2024-07-09,INFOSYS,INFOSYS,1659.9000244140625
2024-07-10,INFOSYS,INFOSYS,1657
2024-07-11,INFOSYS,INFOSYS,1656
2024-07-12,INFOSYS,INFOSYS,1680
2024-07-15,INFOSYS,INFOSYS,1726.199951171875
2024-07-16,INFOSYS,INFOSYS,1718.5999755859375
2024-07-18,INFOSYS,INFOSYS,1719
2024-07-19,INFOSYS,INFOSYS,1844
2024-07-22,INFOSYS,INFOSYS,1800.1500244140625
2024-07-23,INFOSYS,INFOSYS,1810
2024-07-24,INFOSYS,INFOSYS,1837.5
2024-07-25,INFOSYS,INFOSYS,1820
2024-07-26,INFOSYS,INFOSYS,1825.3499755859375
2024-07-29,INFOSYS,INFOSYS,1893.5999755859375
2024-07-30,INFOSYS,INFOSYS,1871.0999755859375
2024-07-31,INFOSYS,INFOSYS,1877
2024-08-01,INFOSYS,INFOSYS,1856.0999755859375
2024-08-02,INFOSYS,INFOSYS,1843
2024-08-05,INFOSYS,INFOSYS,1784.949951171875
2024-08-06,INFOSYS,INFOSYS,1760.199951171875
2024-08-07,INFOSYS,INFOSYS,1796
2024-08-08,INFOSYS,INFOSYS,1779.949951171875
2024-08-09,INFOSYS,INFOSYS,1771.25
2024-08-12,INFOSYS,INFOSYS,1773.050048828125
2024-08-13,INFOSYS,INFOSYS,1810
2024-08-14,INFOSYS,INFOSYS,1802
2024-08-16,INFOSYS,INFOSYS,1850
2024-08-19,INFOSYS,INFOSYS,1860
2024-08-20,INFOSYS,INFOSYS,1880
2024-08-21,INFOSYS,INFOSYS,1875.0999755859375
2024-08-22,INFOSYS,INFOSYS,1884
2024-08-23,INFOSYS,INFOSYS,1878.199951171875
2024-08-26,INFOSYS,INFOSYS,1870
2024-08-27,INFOSYS,INFOSYS,1876.1500244140625
2024-08-28,INFOSYS,INFOSYS,1906.9000244140625
2024-08-29,INFOSYS,INFOSYS,1933
2024-08-30,INFOSYS,INFOSYS,1938
2024-09-02,INFOSYS,INFOSYS,1943.3499755859375
2024-09-03,INFOSYS,INFOSYS,1967
2024-09-04,INFOSYS,INFOSYS,1921.0999755859375
2024-09-05,INFOSYS,INFOSYS,1926.25
2024-09-06,INFOSYS,INFOSYS,1922
2024-09-09,INFOSYS,INFOSYS,1890
2024-09-10,INFOSYS,INFOSYS,1904.9000244140625
2024-09-11,INFOSYS,INFOSYS,1914.699951171875
2024-09-12,INFOSYS,INFOSYS,1925
2024-09-13,INFOSYS,INFOSYS,1950.449951171875
2024-09-16,INFOSYS,INFOSYS,1945.75
2024-09-17,INFOSYS,INFOSYS,1947.75
2024-09-18,INFOSYS,INFOSYS,1938.75
2024-09-19,INFOSYS,INFOSYS,1910.5999755859375
2024-09-20,INFOSYS,INFOSYS,1905
2024-09-23,INFOSYS,INFOSYS,1909
2024-09-24,INFOSYS,INFOSYS,1888
2024-09-25,INFOSYS,INFOSYS,1886.3499755859375
2024-09-26,INFOSYS,INFOSYS,1897.800048828125
2024-09-27,INFOSYS,INFOSYS,1932.0999755859375
2024-09-30,INFOSYS,INFOSYS,1880
2024-10-01,INFOSYS,INFOSYS,1875
2024-10-03,INFOSYS,INFOSYS,1889.5
2024-10-04,INFOSYS,INFOSYS,1889.550048828125
2024-10-07,INFOSYS,INFOSYS,1923.199951171875
2024-10-08,INFOSYS,INFOSYS,1937.9000244140625
2024-10-09,INFOSYS,INFOSYS,1952.550048828125
2024-10-10,INFOSYS,INFOSYS,1957.9000244140625
2024-10-11,INFOSYS,INFOSYS,1918
2024-10-14,INFOSYS,INFOSYS,1932.1500244140625
2024-10-15,INFOSYS,INFOSYS,1960
2024-10-16,INFOSYS,INFOSYS,1955
2024-10-17,INFOSYS,INFOSYS,1935.199951171875
2024-10-18,INFOSYS,INFOSYS,1893.800048828125
2024-10-21,INFOSYS,INFOSYS,1891.0999755859375
2024-10-22,INFOSYS,INFOSYS,1858.199951171875
2024-10-23,INFOSYS,INFOSYS,1845.25
2024-10-24,INFOSYS,INFOSYS,1861.4000244140625
2024-10-25,INFOSYS,INFOSYS,1863.449951171875
2024-10-28,INFOSYS,INFOSYS,1859.699951171875
2024-10-29,INFOSYS,INFOSYS,1846
2024-10-30,INFOSYS,INFOSYS,1832
2024-10-31,INFOSYS,INFOSYS,1787.9000244140625
2024-11-01,INFOSYS,INFOSYS,1764.5
2024-11-04,INFOSYS,INFOSYS,1724.5
2024-11-05,INFOSYS,INFOSYS,1760
2024-11-06,INFOSYS,INFOSYS,1764
2024-11-07,INFOSYS,INFOSYS,1812.949951171875
2024-11-08,INFOSYS,INFOSYS,1818
2024-11-11,INFOSYS,INFOSYS,1829
2024-11-12,INFOSYS,INFOSYS,1871.0999755859375
2024-11-13,INFOSYS,INFOSYS,1861.0999755859375
2024-11-14,INFOSYS,INFOSYS,1865.5999755859375
2024-11-18,INFOSYS,INFOSYS,1849.199951171875
2024-11-19,INFOSYS,INFOSYS,1825.5
2024-11-21,INFOSYS,INFOSYS,1842
2024-11-22,INFOSYS,INFOSYS,1854.0999755859375
2024-11-25,INFOSYS,INFOSYS,1916
2024-11-26,INFOSYS,INFOSYS,1904.949951171875
2024-11-27,INFOSYS,INFOSYS,1930.0999755859375
2024-11-28,INFOSYS,INFOSYS,1914.9000244140625
2024-11-29,INFOSYS,INFOSYS,1851.0999755859375
2024-12-02,INFOSYS,INFOSYS,1859
2024-12-03,INFOSYS,INFOSYS,1887
2024-12-04,INFOSYS,INFOSYS,1884
2024-12-05,INFOSYS,INFOSYS,1900
2024-12-06,INFOSYS,INFOSYS,1932.800048828125
2024-12-09,INFOSYS,INFOSYS,1924.199951171875
2024-12-10,INFOSYS,INFOSYS,1939
2024-12-11,INFOSYS,INFOSYS,1955
2024-12-12,INFOSYS,INFOSYS,1975.199951171875
2024-12-13,INFOSYS,INFOSYS,1969.75
2024-12-16,INFOSYS,INFOSYS,1995.449951171875
2024-12-17,INFOSYS,INFOSYS,1968
2024-12-18,INFOSYS,INFOSYS,1966.800048828125
2024-12-19,INFOSYS,INFOSYS,1934
2024-12-20,INFOSYS,INFOSYS,1975.1500244140625
2024-12-23,INFOSYS,INFOSYS,1930.050048828125
2024-12-24,INFOSYS,INFOSYS,1927.050048828125
2024-12-26,INFOSYS,INFOSYS,1909.050048828125
2024-12-27,INFOSYS,INFOSYS,1909.4000244140625
2024-12-30,INFOSYS,INFOSYS,1915.699951171875
2024-12-31,INFOSYS,INFOSYS,1892.300048828125
2025-01-01,INFOSYS,INFOSYS,1874
2025-01-02,INFOSYS,INFOSYS,1887
2025-01-03,INFOSYS,INFOSYS,1952.949951171875
2025-01-06,INFOSYS,INFOSYS,1952
2025-01-07,INFOSYS,INFOSYS,1945
2025-01-08,INFOSYS,INFOSYS,1930
2025-01-09,INFOSYS,INFOSYS,1934.050048828125
2025-01-10,INFOSYS,INFOSYS,1937
2025-01-13,INFOSYS,INFOSYS,1956
2025-01-14,INFOSYS,INFOSYS,1968.8499755859375
2025-01-15,INFOSYS,INFOSYS,1947
2025-01-16,INFOSYS,INFOSYS,1965.949951171875
2025-01-17,INFOSYS,INFOSYS,1851
2025-01-20,INFOSYS,INFOSYS,1822.949951171875
2025-01-21,INFOSYS,INFOSYS,1819.050048828125
2025-01-22,INFOSYS,INFOSYS,1807.4000244140625
2025-01-23,INFOSYS,INFOSYS,1858
2025-01-24,INFOSYS,INFOSYS,1865.5
2025-01-27,INFOSYS,INFOSYS,1848.75
2025-01-28,INFOSYS,INFOSYS,1830
2025-01-29,INFOSYS,INFOSYS,1845
2025-01-30,INFOSYS,INFOSYS,1873.1500244140625
2025-01-31,INFOSYS,INFOSYS,1871
2025-02-01,INFOSYS,INFOSYS,1880.300048828125
2025-02-03,INFOSYS,INFOSYS,1836
2025-02-04,INFOSYS,INFOSYS,1889
2025-02-05,INFOSYS,INFOSYS,1906
2025-02-06,INFOSYS,INFOSYS,1917
2025-02-07,INFOSYS,INFOSYS,1919.300048828125
2025-02-10,INFOSYS,INFOSYS,1905
2025-02-11,INFOSYS,INFOSYS,1883.0999755859375
2025-02-12,INFOSYS,INFOSYS,1885
2025-02-13,INFOSYS,INFOSYS,1868.5
2025-02-14,INFOSYS,INFOSYS,1854
2025-02-17,INFOSYS,INFOSYS,1838.550048828125
2025-02-18,INFOSYS,INFOSYS,1842.300048828125
2025-02-19,INFOSYS,INFOSYS,1847.4000244140625
2025-02-20,INFOSYS,INFOSYS,1805.550048828125
2025-02-21,INFOSYS,INFOSYS,1821.800048828125
2025-02-24,INFOSYS,INFOSYS,1800.050048828125
2025-02-25,INFOSYS,INFOSYS,1745.1500244140625
2025-02-27,INFOSYS,INFOSYS,1755.199951171875
2025-02-28,INFOSYS,INFOSYS,1755.050048828125
2025-03-03,INFOSYS,INFOSYS,1692.300048828125
2025-03-04,INFOSYS,INFOSYS,1695
2025-03-05,INFOSYS,INFOSYS,1692.449951171875
2025-03-06,INFOSYS,INFOSYS,1715
2025-03-07,INFOSYS,INFOSYS,1703.0999755859375
2025-03-10,INFOSYS,INFOSYS,1686
2025-03-11,INFOSYS,INFOSYS,1680
2025-03-12,INFOSYS,INFOSYS,1636.9000244140625
2025-03-13,INFOSYS,INFOSYS,1599.25
2025-03-17,INFOSYS,INFOSYS,1545.1500244140625
2025-03-18,INFOSYS,INFOSYS,1590.050048828125
2025-03-19,INFOSYS,INFOSYS,1603
2025-03-20,INFOSYS,INFOSYS,1592
2025-03-21,INFOSYS,INFOSYS,1577.949951171875
2025-03-24,INFOSYS,INFOSYS,1597.949951171875
2025-03-25,INFOSYS,INFOSYS,1605
2025-03-26,INFOSYS,INFOSYS,1626
2025-03-27,INFOSYS,INFOSYS,1595.550048828125
2025-03-28,INFOSYS,INFOSYS,1590
2025-04-01,INFOSYS,INFOSYS,1539.25
2025-04-02,INFOSYS,INFOSYS,1535.199951171875
2025-04-03,INFOSYS,INFOSYS,1534.6500244140625
2025-04-04,INFOSYS,INFOSYS,1460.5
2025-04-07,INFOSYS,INFOSYS,1352
2025-04-08,INFOSYS,INFOSYS,1431
2025-04-09,INFOSYS,INFOSYS,1405.050048828125
2025-04-11,INFOSYS,INFOSYS,1411.25
2025-04-15,INFOSYS,INFOSYS,1445.5999755859375
2025-04-16,INFOSYS,INFOSYS,1425
2025-04-17,INFOSYS,INFOSYS,1398
2025-04-21,INFOSYS,INFOSYS,1410
2025-04-22,INFOSYS,INFOSYS,1440
2025-04-23,INFOSYS,INFOSYS,1446
2025-04-24,INFOSYS,INFOSYS,1469.9000244140625
2025-04-25,INFOSYS,INFOSYS,1475.5
2025-04-28,INFOSYS,INFOSYS,1480.199951171875
2025-04-29,INFOSYS,INFOSYS,1482
2025-04-30,INFOSYS,INFOSYS,1496.800048828125
2025-05-02,INFOSYS,INFOSYS,1499.699951171875
2025-05-05,INFOSYS,INFOSYS,1515
2025-05-06,INFOSYS,INFOSYS,1506
2025-05-07,INFOSYS,INFOSYS,1500
2025-05-08,INFOSYS,INFOSYS,1508
2025-05-09,INFOSYS,INFOSYS,1500.699951171875
2025-05-12,INFOSYS,INFOSYS,1537
2025-05-13,INFOSYS,INFOSYS,1609
2025-05-14,INFOSYS,INFOSYS,1574
2025-05-15,INFOSYS,INFOSYS,1589.800048828125
2025-05-16,INFOSYS,INFOSYS,1612.5999755859375
2025-05-19,INFOSYS,INFOSYS,1576.5
2025-05-20,INFOSYS,INFOSYS,1570
2025-05-21,INFOSYS,INFOSYS,1567.9000244140625
2025-05-22,INFOSYS,INFOSYS,1555.5
2025-05-23,INFOSYS,INFOSYS,1550
2025-05-26,INFOSYS,INFOSYS,1566.5999755859375
2025-05-27,INFOSYS,INFOSYS,1579.9000244140625
2025-05-28,INFOSYS,INFOSYS,1581
2025-05-29,INFOSYS,INFOSYS,1589
2025-05-30,INFOSYS,INFOSYS,1571
2025-06-02,INFOSYS,INFOSYS,1560
2025-06-03,INFOSYS,INFOSYS,1559
2025-06-04,INFOSYS,INFOSYS,1543
2025-06-05,INFOSYS,INFOSYS,1547.9000244140625
2025-06-06,INFOSYS,INFOSYS,1554.699951171875
2025-06-09,INFOSYS,INFOSYS,1578
2025-06-10,INFOSYS,INFOSYS,1584
2025-06-11,INFOSYS,INFOSYS,1590.0999755859375
2025-06-12,INFOSYS,INFOSYS,1617
2025-06-13,INFOSYS,INFOSYS,1576
2025-06-16,INFOSYS,INFOSYS,1600
2025-06-17,INFOSYS,INFOSYS,1620.699951171875
2025-06-18,INFOSYS,INFOSYS,1621
2025-06-19,INFOSYS,INFOSYS,1623.9000244140625
2025-06-20,INFOSYS,INFOSYS,1619
2025-06-23,INFOSYS,INFOSYS,1601
2025-06-24,INFOSYS,INFOSYS,1601
2025-06-25,INFOSYS,INFOSYS,1590
2025-06-26,INFOSYS,INFOSYS,1608.800048828125
2025-06-27,INFOSYS,INFOSYS,1619
2025-06-30,INFOSYS,INFOSYS,1615
2025-07-01,INFOSYS,INFOSYS,1609
2025-07-02,INFOSYS,INFOSYS,1618
2025-07-03,INFOSYS,INFOSYS,1618.5
2025-07-04,INFOSYS,INFOSYS,1625
2025-07-07,INFOSYS,INFOSYS,1640
2025-07-08,INFOSYS,INFOSYS,1628
2025-07-09,INFOSYS,INFOSYS,1637.800048828125
2025-07-10,INFOSYS,INFOSYS,1638.9000244140625
2025-07-11,INFOSYS,INFOSYS,1579.0999755859375
2025-07-14,INFOSYS,INFOSYS,1591.800048828125
2025-07-15,INFOSYS,INFOSYS,1565.0999755859375
2025-07-16,INFOSYS,INFOSYS,1579
2025-07-17,INFOSYS,INFOSYS,1598
2025-07-18,INFOSYS,INFOSYS,1592.0999755859375
2025-07-21,INFOSYS,INFOSYS,1580
2025-07-22,INFOSYS,INFOSYS,1565
2025-07-23,INFOSYS,INFOSYS,1576.300048828125
2025-07-24,INFOSYS,INFOSYS,1580
2025-07-25,INFOSYS,INFOSYS,1543.4000244140625
2025-07-28,INFOSYS,INFOSYS,1513.9000244140625
2025-07-29,INFOSYS,INFOSYS,1512.9000244140625
2025-07-30,INFOSYS,INFOSYS,1519.9000244140625
2025-07-31,INFOSYS,INFOSYS,1509.699951171875
2025-08-01,INFOSYS,INFOSYS,1493.9000244140625
2025-08-04,INFOSYS,INFOSYS,1461.5
2025-08-05,INFOSYS,INFOSYS,1478.699951171875
2025-08-06,INFOSYS,INFOSYS,1452
2025-08-07,INFOSYS,INFOSYS,1430
2025-08-08,INFOSYS,INFOSYS,1425
2025-08-11,INFOSYS,INFOSYS,1419.9000244140625
2025-08-12,INFOSYS,INFOSYS,1428.199951171875
2025-08-13,INFOSYS,INFOSYS,1425
2025-08-14,INFOSYS,INFOSYS,1426.199951171875
2025-08-18,INFOSYS,INFOSYS,1464.699951171875
2025-08-19,INFOSYS,INFOSYS,1432.699951171875
2025-08-20,INFOSYS,INFOSYS,1440.699951171875
2025-08-21,INFOSYS,INFOSYS,1508
2025-08-22,INFOSYS,INFOSYS,1498.0999755859375
2025-08-25,INFOSYS,INFOSYS,1506.699951171875
2025-08-26,INFOSYS,INFOSYS,1523
2025-08-28,INFOSYS,INFOSYS,1529.5999755859375
2025-08-29,INFOSYS,INFOSYS,1501.9000244140625
2025-09-01,INFOSYS,INFOSYS,1476.699951171875
2025-09-02,INFOSYS,INFOSYS,1499.4000244140625
2025-09-03,INFOSYS,INFOSYS,1500
2025-09-04,INFOSYS,INFOSYS,1484
2025-09-05,INFOSYS,INFOSYS,1470
2025-09-08,INFOSYS,INFOSYS,1451
2025-09-09,INFOSYS,INFOSYS,1481
2025-09-10,INFOSYS,INFOSYS,1510.0999755859375
2025-09-11,INFOSYS,INFOSYS,1523.9000244140625
2025-09-12,INFOSYS,INFOSYS,1537
2025-09-15,INFOSYS,INFOSYS,1525.5999755859375
2025-09-16,INFOSYS,INFOSYS,1508.4000244140625
2025-09-17,INFOSYS,INFOSYS,1516.9000244140625
2025-09-18,INFOSYS,INFOSYS,1550
2025-09-19,INFOSYS,INFOSYS,1544.5999755859375
2025-09-22,INFOSYS,INFOSYS,1482.699951171875
2025-09-23,INFOSYS,INFOSYS,1493
2025-09-24,INFOSYS,INFOSYS,1487.199951171875
2025-09-25,INFOSYS,INFOSYS,1489
2025-09-26,INFOSYS,INFOSYS,1475
2025-09-29,INFOSYS,INFOSYS,1460
2025-09-30,INFOSYS,INFOSYS,1443
2025-10-01,INFOSYS,INFOSYS,1446
2025-10-03,INFOSYS,INFOSYS,1439
2025-10-06,INFOSYS,INFOSYS,1446.5999755859375
2025-10-07,INFOSYS,INFOSYS,1477.699951171875
2025-10-08,INFOSYS,INFOSYS,1457
2025-10-09,INFOSYS,INFOSYS,1502
2025-10-10,INFOSYS,INFOSYS,1510
2025-10-13,INFOSYS,INFOSYS,1497
2025-10-14,INFOSYS,INFOSYS,1499
2025-10-15,INFOSYS,INFOSYS,1483.9000244140625
2025-10-16,INFOSYS,INFOSYS,1473.9000244140625
2025-10-17,INFOSYS,INFOSYS,1454.9000244140625
2025-10-20,INFOSYS,INFOSYS,1453.699951171875
2025-10-21,INFOSYS,INFOSYS,1478
2025-10-23,INFOSYS,INFOSYS,1510
2025-10-24,INFOSYS,INFOSYS,1539.5
2025-10-27,INFOSYS,INFOSYS,1510
2025-10-28,INFOSYS,INFOSYS,1499.699951171875
2025-10-29,INFOSYS,INFOSYS,1500.199951171875
2025-10-30,INFOSYS,INFOSYS,1507
2025-10-31,INFOSYS,INFOSYS,1490
2025-11-03,INFOSYS,INFOSYS,1482.300048828125
2025-11-04,INFOSYS,INFOSYS,1479.699951171875
2025-11-06,INFOSYS,INFOSYS,1478.5999755859375
2025-11-07,INFOSYS,INFOSYS,1470
2025-11-10,INFOSYS,INFOSYS,1490.0999755859375
2025-11-11,INFOSYS,INFOSYS,1525
2025-11-12,INFOSYS,INFOSYS,1540
2025-11-13,INFOSYS,INFOSYS,1557.0999755859375
2025-11-14,INFOSYS,INFOSYS,1520
2025-11-17,INFOSYS,INFOSYS,1496
2025-11-18,INFOSYS,INFOSYS,1506
2025-11-19,INFOSYS,INFOSYS,1490.5
2025-11-20,INFOSYS,INFOSYS,1555
2025-11-21,INFOSYS,INFOSYS,1531
2025-11-24,INFOSYS,INFOSYS,1563.5999755859375
2025-11-25,INFOSYS,INFOSYS,1549
2025-11-26,INFOSYS,INFOSYS,1532.0999755859375
2025-11-27,INFOSYS,INFOSYS,1564
2025-11-28,INFOSYS,INFOSYS,1565
2025-12-01,INFOSYS,INFOSYS,1562.5
2025-12-02,INFOSYS,INFOSYS,1567
2025-12-03,INFOSYS,INFOSYS,1555.0999755859375
2025-12-04,INFOSYS,INFOSYS,1568
2025-12-05,INFOSYS,INFOSYS,1610
2025-12-08,INFOSYS,INFOSYS,1617.0999755859375
2025-12-09,INFOSYS,INFOSYS,1601.199951171875
2025-12-10,INFOSYS,INFOSYS,1608
2025-12-11,INFOSYS,INFOSYS,1598
2025-12-12,INFOSYS,INFOSYS,1601.4000244140625
2025-12-15,INFOSYS,INFOSYS,1585
2025-12-16,INFOSYS,INFOSYS,1600
2025-12-17,INFOSYS,INFOSYS,1587.199951171875
2025-12-18,INFOSYS,INFOSYS,1610.5
2025-12-19,INFOSYS,INFOSYS,1650
2025-12-22,INFOSYS,INFOSYS,1664
2025-12-23,INFOSYS,INFOSYS,1679
2025-12-24,INFOSYS,INFOSYS,1661
2025-12-26,INFOSYS,INFOSYS,1663.4000244140625
2025-12-29,INFOSYS,INFOSYS,1658
2025-12-30,INFOSYS,INFOSYS,1647
2020-01-01,LT,LT,1308.4000244140625
2020-01-02,LT,LT,1312
2020-01-03,LT,LT,1344.949951171875
2020-01-06,LT,LT,1331
2020-01-07,LT,LT,1328
2020-01-08,LT,LT,1302
2020-01-09,LT,LT,1311
2020-01-10,LT,LT,1319
2020-01-13,LT,LT,1329
2020-01-14,LT,LT,1329.800048828125
2020-01-15,LT,LT,1325.5999755859375
2020-01-16,LT,LT,1327.699951171875
2020-01-17,LT,LT,1320.5999755859375
2020-01-20,LT,LT,1313.949951171875
2020-01-21,LT,LT,1304.75
2020-01-22,LT,LT,1311
2020-01-23,LT,LT,1307
2020-01-24,LT,LT,1332
2020-01-27,LT,LT,1340
2020-01-28,LT,LT,1350.9000244140625
2020-01-29,LT,LT,1353.0999755859375
2020-01-30,LT,LT,1365.949951171875
2020-01-31,LT,LT,1375.949951171875
2020-02-03,LT,LT,1290
2020-02-04,LT,LT,1296
2020-02-05,LT,LT,1297.9000244140625
2020-02-06,LT,LT,1322.9000244140625
2020-02-07,LT,LT,1313.050048828125
2020-02-10,LT,LT,1300
2020-02-11,LT,LT,1292
2020-02-12,LT,LT,1289.0999755859375
2020-02-13,LT,LT,1299
2020-02-14,LT,LT,1295
2020-02-17,LT,LT,1297
2020-02-18,LT,LT,1281.5
2020-02-19,LT,LT,1298
2020-02-20,LT,LT,1279.9000244140625
2020-02-24,LT,LT,1271.9000244140625
2020-02-25,LT,LT,1262.199951171875
2020-02-26,LT,LT,1235
2020-02-27,LT,LT,1212.3499755859375
2020-02-28,LT,LT,1189.6500244140625
2020-03-02,LT,LT,1205
2020-03-03,LT,LT,1166
2020-03-04,LT,LT,1185
2020-03-05,LT,LT,1180.0999755859375
2020-03-06,LT,LT,1148
2020-03-09,LT,LT,1135.800048828125
2020-03-11,LT,LT,1090
2020-03-12,LT,LT,1070
2020-03-13,LT,LT,950
2020-03-16,LT,LT,1014.25
2020-03-17,LT,LT,972
2020-03-18,LT,LT,968
2020-03-19,LT,LT,873.9000244140625
2020-03-20,LT,LT,849
2020-03-23,LT,LT,809
2020-03-24,LT,LT,755
2020-03-25,LT,LT,697.20001220703125
2020-03-26,LT,LT,787.75
2020-03-27,LT,LT,867.9000244140625
2020-03-30,LT,LT,801
2020-03-31,LT,LT,820
2020-04-01,LT,LT,806.8499755859375
2020-04-03,LT,LT,791.0999755859375
2020-04-07,LT,LT,805
2020-04-08,LT,LT,804
2020-04-09,LT,LT,834.3499755859375
2020-04-13,LT,LT,812.79998779296875
2020-04-15,LT,LT,890.95001220703125
2020-04-16,LT,LT,875.95001220703125
2020-04-17,LT,LT,930
2020-04-20,LT,LT,940.79998779296875
2020-04-21,LT,LT,897
2020-04-22,LT,LT,873
2020-04-23,LT,LT,860
2020-04-24,LT,LT,838
2020-04-27,LT,LT,861.95001220703125
2020-04-28,LT,LT,863.79998779296875
2020-04-29,LT,LT,862
2020-04-30,LT,LT,890.20001220703125
2020-05-04,LT,LT,880
2020-05-05,LT,LT,861
2020-05-06,LT,LT,838
2020-05-07,LT,LT,833
2020-05-08,LT,LT,833
2020-05-11,LT,LT,821.20001220703125
2020-05-12,LT,LT,817
2020-05-13,LT,LT,863.70001220703125
2020-05-14,LT,LT,858.9000244140625
2020-05-15,LT,LT,881.95001220703125
2020-05-18,LT,LT,869.9000244140625
2020-05-19,LT,LT,827.0999755859375
2020-05-20,LT,LT,800
2020-05-21,LT,LT,835.95001220703125
2020-05-22,LT,LT,815
2020-05-26,LT,LT,821.9000244140625
2020-05-27,LT,LT,831.95001220703125
2020-05-28,LT,LT,855
2020-05-29,LT,LT,893.20001220703125
2020-06-01,LT,LT,944.6500244140625
2020-06-02,LT,LT,935
2020-06-03,LT,LT,955.95001220703125
2020-06-04,LT,LT,961.04998779296875
2020-06-05,LT,LT,940
2020-06-08,LT,LT,979.5
2020-06-09,LT,LT,964.5
2020-06-10,LT,LT,957
2020-06-11,LT,LT,944
2020-06-12,LT,LT,890
2020-06-15,LT,LT,921.79998779296875
2020-06-16,LT,LT,920
2020-06-17,LT,LT,892.70001220703125
2020-06-18,LT,LT,876
2020-06-19,LT,LT,902
2020-06-22,LT,LT,905
2020-06-23,LT,LT,910
2020-06-24,LT,LT,979
2020-06-25,LT,LT,949.9000244140625
2020-06-26,LT,LT,955
2020-06-29,LT,LT,950
2020-06-30,LT,LT,948.70001220703125
2020-07-01,LT,LT,941
2020-07-02,LT,LT,936
2020-07-03,LT,LT,948
2020-07-06,LT,LT,953.0999755859375
2020-07-07,LT,LT,955
2020-07-08,LT,LT,944.95001220703125
2020-07-09,LT,LT,945
2020-07-10,LT,LT,940
2020-07-13,LT,LT,940
2020-07-14,LT,LT,928
2020-07-15,LT,LT,918.04998779296875
2020-07-16,LT,LT,913
2020-07-17,LT,LT,922.0999755859375
2020-07-20,LT,LT,929
2020-07-21,LT,LT,927
2020-07-22,LT,LT,939.20001220703125
2020-07-23,LT,LT,912
2020-07-24,LT,LT,914.4000244140625
2020-07-27,LT,LT,908
2020-07-28,LT,LT,908.79998779296875
2020-07-29,LT,LT,919.5999755859375
2020-07-30,LT,LT,929
2020-07-31,LT,LT,913.9000244140625
2020-08-03,LT,LT,913
2020-08-04,LT,LT,918
2020-08-05,LT,LT,923.95001220703125
2020-08-06,LT,LT,926.04998779296875
2020-08-07,LT,LT,922.54998779296875
2020-08-10,LT,LT,925
2020-08-11,LT,LT,969.5999755859375
2020-08-12,LT,LT,952
2020-08-13,LT,LT,957
2020-08-14,LT,LT,999.95001220703125
2020-08-17,LT,LT,1002
2020-08-18,LT,LT,1005.9500122070313
2020-08-19,LT,LT,1017.25
2020-08-20,LT,LT,986
2020-08-21,LT,LT,1010
2020-08-24,LT,LT,996
2020-08-25,LT,LT,993
2020-08-26,LT,LT,987
2020-08-27,LT,LT,975.25
2020-08-28,LT,LT,988
2020-08-31,LT,LT,988.0999755859375
2020-09-01,LT,LT,964.95001220703125
2020-09-02,LT,LT,956.45001220703125
2020-09-03,LT,LT,960
2020-09-04,LT,LT,948
2020-09-07,LT,LT,947.1500244140625
2020-09-08,LT,LT,936
2020-09-09,LT,LT,907.54998779296875
2020-09-10,LT,LT,917.70001220703125
2020-09-11,LT,LT,920
2020-09-14,LT,LT,922.4000244140625
2020-09-15,LT,LT,910
2020-09-16,LT,LT,915
2020-09-17,LT,LT,915
2020-09-18,LT,LT,911.20001220703125
2020-09-21,LT,LT,901
2020-09-22,LT,LT,887.95001220703125
2020-09-23,LT,LT,866.20001220703125
2020-09-24,LT,LT,856
2020-09-25,LT,LT,860.0999755859375
2020-09-28,LT,LT,898
2020-09-29,LT,LT,909.95001220703125
2020-09-30,LT,LT,897.79998779296875
2020-10-01,LT,LT,909.95001220703125
2020-10-05,LT,LT,907.95001220703125
2020-10-06,LT,LT,901.04998779296875
2020-10-07,LT,LT,895
2020-10-08,LT,LT,890.29998779296875
2020-10-09,LT,LT,887.4000244140625
2020-10-12,LT,LT,916.95001220703125
2020-10-13,LT,LT,907.95001220703125
2020-10-14,LT,LT,897
2020-10-15,LT,LT,913
2020-10-16,LT,LT,894
2020-10-19,LT,LT,899
2020-10-20,LT,LT,919
2020-10-21,LT,LT,924.95001220703125
2020-10-22,LT,LT,922
2020-10-23,LT,LT,940
2020-10-26,LT,LT,949.8499755859375
2020-10-27,LT,LT,960
2020-10-28,LT,LT,989.95001220703125
2020-10-29,LT,LT,951.0999755859375
2020-10-30,LT,LT,941
2020-11-02,LT,LT,930
2020-11-03,LT,LT,944.9000244140625
2020-11-04,LT,LT,934.25
2020-11-05,LT,LT,952
2020-11-06,LT,LT,959
2020-11-09,LT,LT,971
2020-11-10,LT,LT,975
2020-11-11,LT,LT,1040
2020-11-12,LT,LT,1054.9000244140625
2020-11-13,LT,LT,1065.050048828125
2020-11-14,LT,LT,1060.050048828125
2020-11-17,LT,LT,1063
2020-11-18,LT,LT,1080.9000244140625
2020-11-19,LT,LT,1125.050048828125
2020-11-20,LT,LT,1140
2020-11-23,LT,LT,1138.800048828125
2020-11-24,LT,LT,1135
2020-11-25,LT,LT,1141.5
2020-11-26,LT,LT,1130
2020-11-27,LT,LT,1129
2020-12-01,LT,LT,1140
2020-12-02,LT,LT,1120.050048828125
2020-12-03,LT,LT,1135
2020-12-04,LT,LT,1130
2020-12-07,LT,LT,1154.800048828125
2020-12-08,LT,LT,1174.949951171875
2020-12-09,LT,LT,1178
2020-12-10,LT,LT,1182
2020-12-11,LT,LT,1188
2020-12-14,LT,LT,1198.0999755859375
2020-12-15,LT,LT,1250
2020-12-16,LT,LT,1256.25
2020-12-17,LT,LT,1270
2020-12-18,LT,LT,1283.949951171875
2020-12-21,LT,LT,1276.25
2020-12-22,LT,LT,1235.25
2020-12-23,LT,LT,1268
2020-12-24,LT,LT,1275
2020-12-28,LT,LT,1275
2020-12-29,LT,LT,1294.949951171875
2020-12-30,LT,LT,1288.199951171875
2020-12-31,LT,LT,1293
2021-01-01,LT,LT,1283
2021-01-04,LT,LT,1305
2021-01-05,LT,LT,1307
2021-01-06,LT,LT,1308
2021-01-07,LT,LT,1330
2021-01-08,LT,LT,1349.800048828125
2021-01-11,LT,LT,1382
2021-01-12,LT,LT,1354
2021-01-13,LT,LT,1354
2021-01-14,LT,LT,1358
2021-01-15,LT,LT,1376.699951171875
2021-01-18,LT,LT,1345.199951171875
2021-01-19,LT,LT,1340.050048828125
2021-01-20,LT,LT,1369
2021-01-21,LT,LT,1395
2021-01-22,LT,LT,1362
2021-01-25,LT,LT,1370
2021-01-27,LT,LT,1368.800048828125
2021-01-28,LT,LT,1344.699951171875
2021-01-29,LT,LT,1362
2021-02-01,LT,LT,1345.75
2021-02-02,LT,LT,1474
2021-02-03,LT,LT,1530
2021-02-04,LT,LT,1525
2021-02-05,LT,LT,1534.4000244140625
2021-02-08,LT,LT,1521.1500244140625
2021-02-09,LT,LT,1557
2021-02-10,LT,LT,1560
2021-02-11,LT,LT,1549.4000244140625
2021-02-12,LT,LT,1535
2021-02-15,LT,LT,1527
2021-02-16,LT,LT,1540
2021-02-17,LT,LT,1544
2021-02-18,LT,LT,1542.199951171875
2021-02-19,LT,LT,1523.8499755859375
2021-02-22,LT,LT,1510.9000244140625
2021-02-23,LT,LT,1462
2021-02-24,LT,LT,1486.699951171875
2021-02-25,LT,LT,1534
2021-02-26,LT,LT,1482
2021-03-01,LT,LT,1456
2021-03-02,LT,LT,1479.300048828125
2021-03-03,LT,LT,1493.5
2021-03-04,LT,LT,1473
2021-03-05,LT,LT,1453.5999755859375
2021-03-08,LT,LT,1478
2021-03-09,LT,LT,1525
2021-03-10,LT,LT,1523
2021-03-12,LT,LT,1526.300048828125
2021-03-15,LT,LT,1520
2021-03-16,LT,LT,1488.300048828125
2021-03-17,LT,LT,1476
2021-03-18,LT,LT,1455.550048828125
2021-03-19,LT,LT,1415
2021-03-22,LT,LT,1409
2021-03-23,LT,LT,1401.9000244140625
2021-03-24,LT,LT,1400
2021-03-25,LT,LT,1361
2021-03-26,LT,LT,1386.300048828125
2021-03-30,LT,LT,1408
2021-03-31,LT,LT,1423.5999755859375
2021-04-01,LT,LT,1432
2021-04-05,LT,LT,1439
2021-04-06,LT,LT,1405.9000244140625
2021-04-07,LT,LT,1402
2021-04-08,LT,LT,1410
2021-04-09,LT,LT,1414
2021-04-12,LT,LT,1393.949951171875
2021-04-13,LT,LT,1347.25
2021-04-15,LT,LT,1378.949951171875
2021-04-16,LT,LT,1360.5
2021-04-19,LT,LT,1340
2021-04-20,LT,LT,1320
2021-04-22,LT,LT,1310
2021-04-23,LT,LT,1330
2021-04-26,LT,LT,1330.050048828125
2021-04-27,LT,LT,1339
2021-04-28,LT,LT,1384.8499755859375
2021-04-29,LT,LT,1383.949951171875
2021-04-30,LT,LT,1350
2021-05-03,LT,LT,1325.5
2021-05-04,LT,LT,1350
2021-05-05,LT,LT,1342.199951171875
2021-05-06,LT,LT,1344
2021-05-07,LT,LT,1347
2021-05-10,LT,LT,1347
2021-05-11,LT,LT,1380
2021-05-12,LT,LT,1380
2021-05-14,LT,LT,1394
2021-05-17,LT,LT,1433
2021-05-18,LT,LT,1405
2021-05-19,LT,LT,1414
2021-05-20,LT,LT,1410.800048828125
2021-05-21,LT,LT,1415
2021-05-24,LT,LT,1420
2021-05-25,LT,LT,1460
2021-05-26,LT,LT,1458.9000244140625
2021-05-27,LT,LT,1475.949951171875
2021-05-28,LT,LT,1487.0999755859375
2021-05-31,LT,LT,1472.300048828125
2021-06-01,LT,LT,1465.949951171875
2021-06-02,LT,LT,1468.300048828125
2021-06-03,LT,LT,1480.0999755859375
2021-06-04,LT,LT,1518.949951171875
2021-06-07,LT,LT,1545.449951171875
2021-06-08,LT,LT,1561
2021-06-09,LT,LT,1550
2021-06-10,LT,LT,1525
2021-06-11,LT,LT,1521
2021-06-14,LT,LT,1503.449951171875
2021-06-15,LT,LT,1520
2021-06-16,LT,LT,1505.8499755859375
2021-06-17,LT,LT,1481
2021-06-18,LT,LT,1487.550048828125
2021-06-21,LT,LT,1460
2021-06-22,LT,LT,1470.0999755859375
2021-06-23,LT,LT,1505
2021-06-24,LT,LT,1490
2021-06-25,LT,LT,1510.5
2021-06-28,LT,LT,1526
2021-06-29,LT,LT,1513
2021-06-30,LT,LT,1516
2021-07-01,LT,LT,1497.0999755859375
2021-07-02,LT,LT,1500
2021-07-05,LT,LT,1490
2021-07-06,LT,LT,1506
2021-07-07,LT,LT,1495
2021-07-08,LT,LT,1503
2021-07-09,LT,LT,1497.9000244140625
2021-07-12,LT,LT,1504.4000244140625
2021-07-13,LT,LT,1515
2021-07-14,LT,LT,1513.550048828125
2021-07-15,LT,LT,1550
2021-07-16,LT,LT,1609.3499755859375
2021-07-19,LT,LT,1600
2021-07-20,LT,LT,1609.8499755859375
2021-07-22,LT,LT,1610
2021-07-23,LT,LT,1644
2021-07-26,LT,LT,1611.75
2021-07-27,LT,LT,1610.1500244140625
2021-07-28,LT,LT,1592.449951171875
2021-07-29,LT,LT,1594
2021-07-30,LT,LT,1598
2021-08-02,LT,LT,1606.300048828125
2021-08-03,LT,LT,1625
2021-08-04,LT,LT,1640
2021-08-05,LT,LT,1620
2021-08-06,LT,LT,1627
2021-08-09,LT,LT,1620
2021-08-10,LT,LT,1606
2021-08-11,LT,LT,1590.199951171875
2021-08-12,LT,LT,1590
2021-08-13,LT,LT,1626
2021-08-16,LT,LT,1674
2021-08-17,LT,LT,1658
2021-08-18,LT,LT,1647
2021-08-20,LT,LT,1618.9000244140625
2021-08-23,LT,LT,1600.0999755859375
2021-08-24,LT,LT,1590
2021-08-25,LT,LT,1614.949951171875
2021-08-26,LT,LT,1593.800048828125
2021-08-27,LT,LT,1604
2021-08-30,LT,LT,1646.699951171875
2021-08-31,LT,LT,1660.050048828125
2021-09-01,LT,LT,1672.25
2021-09-02,LT,LT,1687.9000244140625
2021-09-03,LT,LT,1697
2021-09-06,LT,LT,1700
2021-09-07,LT,LT,1694.199951171875
2021-09-08,LT,LT,1682
2021-09-09,LT,LT,1655.199951171875
2021-09-13,LT,LT,1662.050048828125
2021-09-14,LT,LT,1676
2021-09-15,LT,LT,1700
2021-09-16,LT,LT,1709.5999755859375
2021-09-17,LT,LT,1724
2021-09-20,LT,LT,1700.199951171875
2021-09-21,LT,LT,1698.5999755859375
2021-09-22,LT,LT,1720.9000244140625
2021-09-23,LT,LT,1718.300048828125
2021-09-24,LT,LT,1780
2021-09-27,LT,LT,1772
2021-09-28,LT,LT,1745.300048828125
2021-09-29,LT,LT,1732
2021-09-30,LT,LT,1719.949951171875
2021-10-01,LT,LT,1697.5
2021-10-04,LT,LT,1696.5
2021-10-05,LT,LT,1714.5
2021-10-06,LT,LT,1716.699951171875
2021-10-07,LT,LT,1710
2021-10-08,LT,LT,1740
2021-10-11,LT,LT,1733.75
2021-10-12,LT,LT,1710.5
2021-10-13,LT,LT,1727
2021-10-14,LT,LT,1775
2021-10-18,LT,LT,1807.1500244140625
2021-10-19,LT,LT,1809.800048828125
2021-10-20,LT,LT,1855
2021-10-21,LT,LT,1815
2021-10-22,LT,LT,1816
2021-10-25,LT,LT,1792.25
2021-10-26,LT,LT,1785
2021-10-27,LT,LT,1801
2021-10-28,LT,LT,1799.550048828125
2021-10-29,LT,LT,1822
2021-11-01,LT,LT,1776
2021-11-02,LT,LT,1800
2021-11-03,LT,LT,1818
2021-11-04,LT,LT,1900
2021-11-08,LT,LT,1944.550048828125
2021-11-09,LT,LT,1933.5
2021-11-10,LT,LT,1932.699951171875
2021-11-11,LT,LT,1947.8499755859375
2021-11-12,LT,LT,1940
2021-11-15,LT,LT,1961.25
2021-11-16,LT,LT,1950
2021-11-17,LT,LT,1949
2021-11-18,LT,LT,1952.9000244140625
2021-11-22,LT,LT,1898.25
2021-11-23,LT,LT,1850
2021-11-24,LT,LT,1894
2021-11-25,LT,LT,1855
2021-11-26,LT,LT,1820
2021-11-29,LT,LT,1778
2021-11-30,LT,LT,1767.25
2021-12-01,LT,LT,1764
2021-12-02,LT,LT,1785.949951171875
2021-12-03,LT,LT,1799.949951171875
2021-12-06,LT,LT,1799
2021-12-07,LT,LT,1790.199951171875
2021-12-08,LT,LT,1802
2021-12-09,LT,LT,1835
2021-12-10,LT,LT,1879.800048828125
2021-12-13,LT,LT,1893.699951171875
2021-12-14,LT,LT,1850
2021-12-15,LT,LT,1866
2021-12-16,LT,LT,1892
2021-12-17,LT,LT,1866.5
2021-12-20,LT,LT,1821
2021-12-21,LT,LT,1817.9000244140625
2021-12-22,LT,LT,1827.550048828125
2021-12-23,LT,LT,1883
2021-12-24,LT,LT,1888.75
2021-12-27,LT,LT,1859.4000244140625
2021-12-28,LT,LT,1872.0999755859375
2021-12-29,LT,LT,1895
2021-12-30,LT,LT,1892.300048828125
2021-12-31,LT,LT,1887.3499755859375
2022-01-03,LT,LT,1895
2022-01-04,LT,LT,1922.8499755859375
2022-01-05,LT,LT,1940.699951171875
2022-01-06,LT,LT,1944.5
2022-01-07,LT,LT,1929.050048828125
2022-01-10,LT,LT,1910
2022-01-11,LT,LT,1949
2022-01-12,LT,LT,1978.5
2022-01-13,LT,LT,1975.550048828125
2022-01-14,LT,LT,2014
2022-01-17,LT,LT,2044.75
2022-01-18,LT,LT,2075.64990234375
2022-01-19,LT,LT,2019.9000244140625
2022-01-20,LT,LT,2020
2022-01-21,LT,LT,1982.1500244140625
2022-01-24,LT,LT,1955
2022-01-25,LT,LT,1895
2022-01-27,LT,LT,1914.550048828125
2022-01-28,LT,LT,1916.0999755859375
2022-01-31,LT,LT,1890.199951171875
2022-02-01,LT,LT,1928.6500244140625
2022-02-02,LT,LT,1995.0999755859375
2022-02-03,LT,LT,1981.5
2022-02-04,LT,LT,1948
2022-02-07,LT,LT,1932.5
2022-02-08,LT,LT,1890
2022-02-09,LT,LT,1884.5
2022-02-10,LT,LT,1892
2022-02-11,LT,LT,1889
2022-02-14,LT,LT,1843.25
2022-02-15,LT,LT,1810
2022-02-16,LT,LT,1876.050048828125
2022-02-17,LT,LT,1869
2022-02-18,LT,LT,1870
2022-02-21,LT,LT,1874.949951171875
2022-02-22,LT,LT,1813
2022-02-23,LT,LT,1849
2022-02-24,LT,LT,1783.25
2022-02-25,LT,LT,1782
2022-02-28,LT,LT,1764.9000244140625
2022-03-02,LT,LT,1800
2022-03-03,LT,LT,1810
2022-03-04,LT,LT,1740
2022-03-07,LT,LT,1658.25
2022-03-08,LT,LT,1627.9000244140625
2022-03-09,LT,LT,1676.5
2022-03-10,LT,LT,1740
2022-03-11,LT,LT,1720
2022-03-14,LT,LT,1735
2022-03-15,LT,LT,1748
2022-03-16,LT,LT,1761
2022-03-17,LT,LT,1781.1500244140625
2022-03-21,LT,LT,1805
2022-03-22,LT,LT,1756.300048828125
2022-03-23,LT,LT,1780
2022-03-24,LT,LT,1755
2022-03-25,LT,LT,1775.5999755859375
2022-03-28,LT,LT,1752
2022-03-29,LT,LT,1748.699951171875
2022-03-30,LT,LT,1766.9000244140625
2022-03-31,LT,LT,1779.949951171875
2022-04-01,LT,LT,1759
2022-04-04,LT,LT,1784
2022-04-05,LT,LT,1840
2022-04-06,LT,LT,1833
2022-04-07,LT,LT,1849.9000244140625
2022-04-08,LT,LT,1835.4000244140625
2022-04-11,LT,LT,1820.25
2022-04-12,LT,LT,1780
2022-04-13,LT,LT,1754.199951171875
2022-04-18,LT,LT,1746.300048828125
2022-04-19,LT,LT,1748.300048828125
2022-04-20,LT,LT,1709.949951171875
2022-04-21,LT,LT,1702.949951171875
2022-04-22,LT,LT,1701
2022-04-25,LT,LT,1675
2022-04-26,LT,LT,1680
2022-04-27,LT,LT,1675
2022-04-28,LT,LT,1690
2022-04-29,LT,LT,1731
2022-05-02,LT,LT,1668.5999755859375
2022-05-04,LT,LT,1679.5
2022-05-05,LT,LT,1650.699951171875
2022-05-06,LT,LT,1616
2022-05-09,LT,LT,1607.550048828125
2022-05-10,LT,LT,1611
2022-05-11,LT,LT,1600.5
2022-05-12,LT,LT,1550
2022-05-13,LT,LT,1530
2022-05-16,LT,LT,1550
2022-05-17,LT,LT,1545
2022-05-18,LT,LT,1623
2022-05-19,LT,LT,1550
2022-05-20,LT,LT,1569.4000244140625
2022-05-23,LT,LT,1629
2022-05-24,LT,LT,1644.800048828125
2022-05-25,LT,LT,1633
2022-05-26,LT,LT,1575
2022-05-27,LT,LT,1575.199951171875
2022-05-30,LT,LT,1620
2022-05-31,LT,LT,1660.5
2022-06-01,LT,LT,1653.550048828125
2022-06-02,LT,LT,1632
2022-06-03,LT,LT,1657.949951171875
2022-06-06,LT,LT,1652.1500244140625
2022-06-07,LT,LT,1630
2022-06-08,LT,LT,1595
2022-06-09,LT,LT,1556.199951171875
2022-06-10,LT,LT,1570
2022-06-13,LT,LT,1560.1500244140625
2022-06-14,LT,LT,1532.050048828125
2022-06-15,LT,LT,1547.949951171875
2022-06-16,LT,LT,1568.4000244140625
2022-06-17,LT,LT,1522
2022-06-20,LT,LT,1490
2022-06-21,LT,LT,1480
2022-06-22,LT,LT,1490
2022-06-23,LT,LT,1481.5
2022-06-24,LT,LT,1501.75
2022-06-27,LT,LT,1524
2022-06-28,LT,LT,1530
2022-06-29,LT,LT,1531.25
2022-06-30,LT,LT,1549.050048828125
2022-07-01,LT,LT,1560.949951171875
2022-07-04,LT,LT,1572.0999755859375
2022-07-05,LT,LT,1584
2022-07-06,LT,LT,1565.550048828125
2022-07-07,LT,LT,1565.9000244140625
2022-07-08,LT,LT,1621
2022-07-11,LT,LT,1684.949951171875
2022-07-12,LT,LT,1655
2022-07-13,LT,LT,1664
2022-07-14,LT,LT,1651.8499755859375
2022-07-15,LT,LT,1653.9000244140625
2022-07-18,LT,LT,1696.050048828125
2022-07-19,LT,LT,1719.949951171875
2022-07-20,LT,LT,1740.3499755859375
2022-07-21,LT,LT,1726.9000244140625
2022-07-22,LT,LT,1765.5
2022-07-25,LT,LT,1765
2022-07-26,LT,LT,1780.75
2022-07-27,LT,LT,1754
2022-07-28,LT,LT,1805
2022-07-29,LT,LT,1814.949951171875
2022-08-01,LT,LT,1808
2022-08-02,LT,LT,1809
2022-08-03,LT,LT,1793.050048828125
2022-08-04,LT,LT,1793.800048828125
2022-08-05,LT,LT,1782.949951171875
2022-08-08,LT,LT,1796.4000244140625
2022-08-10,LT,LT,1830
2022-08-11,LT,LT,1870.050048828125
2022-08-12,LT,LT,1865
2022-08-16,LT,LT,1860
2022-08-17,LT,LT,1861.449951171875
2022-08-18,LT,LT,1857
2022-08-19,LT,LT,1894.0999755859375
2022-08-22,LT,LT,1937.0999755859375
2022-08-23,LT,LT,1870
2022-08-24,LT,LT,1876
2022-08-25,LT,LT,1900
2022-08-26,LT,LT,1890.199951171875
2022-08-29,LT,LT,1870
2022-08-30,LT,LT,1893.9000244140625
2022-09-01,LT,LT,1905
2022-09-02,LT,LT,1900.5
2022-09-05,LT,LT,1947.949951171875
2022-09-06,LT,LT,1973.800048828125
2022-09-07,LT,LT,1941.0999755859375
2022-09-08,LT,LT,1967.9000244140625
2022-09-09,LT,LT,1977.3499755859375
2022-09-12,LT,LT,1949.75
2022-09-13,LT,LT,1968.9000244140625
2022-09-14,LT,LT,1964.6500244140625
2022-09-15,LT,LT,1959.0999755859375
2022-09-16,LT,LT,1947
2022-09-19,LT,LT,1921.0999755859375
2022-09-20,LT,LT,1931
2022-09-21,LT,LT,1921.0999755859375
2022-09-22,LT,LT,1882
2022-09-23,LT,LT,1890
2022-09-26,LT,LT,1849
2022-09-27,LT,LT,1856
2022-09-28,LT,LT,1829.699951171875
2022-09-29,LT,LT,1844.6500244140625
2022-09-30,LT,LT,1823.949951171875
2022-10-03,LT,LT,1852
2022-10-04,LT,LT,1835.300048828125
2022-10-06,LT,LT,1882
2022-10-07,LT,LT,1905
2022-10-10,LT,LT,1905
2022-10-11,LT,LT,1923.800048828125
2022-10-12,LT,LT,1880
2022-10-13,LT,LT,1901
2022-10-14,LT,LT,1900
2022-10-17,LT,LT,1902.9000244140625
2022-10-18,LT,LT,1893.0999755859375
2022-10-19,LT,LT,1920
2022-10-20,LT,LT,1898.6500244140625
2022-10-21,LT,LT,1913.699951171875
2022-10-24,LT,LT,1906
2022-10-25,LT,LT,1915
2022-10-27,LT,LT,1952.0999755859375
2022-10-28,LT,LT,1972
2022-10-31,LT,LT,1986
2022-11-01,LT,LT,2032
2022-11-02,LT,LT,2036.5
2022-11-03,LT,LT,2006
2022-11-04,LT,LT,2010
2022-11-07,LT,LT,2021.4000244140625
2022-11-09,LT,LT,2025.050048828125
2022-11-10,LT,LT,1995
2022-11-11,LT,LT,2003.5999755859375
2022-11-14,LT,LT,2013.050048828125
2022-11-15,LT,LT,2003
2022-11-16,LT,LT,1986
2022-11-17,LT,LT,2002
2022-11-18,LT,LT,2039
2022-11-21,LT,LT,2019
2022-11-22,LT,LT,2021.550048828125
2022-11-23,LT,LT,2038.949951171875
2022-11-24,LT,LT,2030.5
2022-11-25,LT,LT,2061
2022-11-28,LT,LT,2064.35009765625
2022-11-29,LT,LT,2070
2022-11-30,LT,LT,2053
2022-12-01,LT,LT,2085.25
2022-12-02,LT,LT,2096.10009765625
2022-12-05,LT,LT,2095.949951171875
2022-12-06,LT,LT,2081
2022-12-07,LT,LT,2096.300048828125
2022-12-08,LT,LT,2120
2022-12-09,LT,LT,2168
2022-12-12,LT,LT,2148.89990234375
2022-12-13,LT,LT,2170
2022-12-14,LT,LT,2176.949951171875
2022-12-15,LT,LT,2196.699951171875
2022-12-16,LT,LT,2161
2022-12-19,LT,LT,2171
2022-12-20,LT,LT,2179.89990234375
2022-12-21,LT,LT,2153.10009765625
2022-12-22,LT,LT,2144
2022-12-23,LT,LT,2094.5
2022-12-26,LT,LT,2052.75
2022-12-27,LT,LT,2101.550048828125
2022-12-28,LT,LT,2129
2022-12-29,LT,LT,2109.64990234375
2022-12-30,LT,LT,2115
2023-01-02,LT,LT,2092.89990234375
2023-01-03,LT,LT,2088
2023-01-04,LT,LT,2090.949951171875
2023-01-05,LT,LT,2080
2023-01-06,LT,LT,2090.199951171875
2023-01-09,LT,LT,2108
2023-01-10,LT,LT,2131.89990234375
2023-01-11,LT,LT,2106.10009765625
2023-01-12,LT,LT,2118.10009765625
2023-01-13,LT,LT,2161.89990234375
2023-01-16,LT,LT,2147
2023-01-17,LT,LT,2139.89990234375
2023-01-18,LT,LT,2221
2023-01-19,LT,LT,2259.85009765625
2023-01-20,LT,LT,2282.449951171875
2023-01-23,LT,LT,2255
2023-01-24,LT,LT,2244.699951171875
2023-01-25,LT,LT,2201
2023-01-27,LT,LT,2174.699951171875
2023-01-30,LT,LT,2129.39990234375
2023-01-31,LT,LT,2119.949951171875
2023-02-01,LT,LT,2133
2023-02-02,LT,LT,2135.60009765625
2023-02-03,LT,LT,2176.949951171875
2023-02-06,LT,LT,2164.25
2023-02-07,LT,LT,2162.25
2023-02-08,LT,LT,2160.550048828125
2023-02-09,LT,LT,2150
2023-02-10,LT,LT,2140.199951171875
2023-02-13,LT,LT,2173
2023-02-14,LT,LT,2215
2023-02-15,LT,LT,2186
2023-02-16,LT,LT,2186.800048828125
2023-02-17,LT,LT,2169.800048828125
2023-02-20,LT,LT,2233.699951171875
2023-02-21,LT,LT,2239
2023-02-22,LT,LT,2229
2023-02-23,LT,LT,2204
2023-02-24,LT,LT,2160
2023-02-27,LT,LT,2134.050048828125
2023-02-28,LT,LT,2115
2023-03-01,LT,LT,2100
2023-03-02,LT,LT,2129.949951171875
2023-03-03,LT,LT,2140
2023-03-06,LT,LT,2158.25
2023-03-08,LT,LT,2152
2023-03-09,LT,LT,2174.949951171875
2023-03-10,LT,LT,2171.5
2023-03-13,LT,LT,2164.050048828125
2023-03-14,LT,LT,2144.35009765625
2023-03-15,LT,LT,2164.199951171875
2023-03-16,LT,LT,2184.89990234375
2023-03-17,LT,LT,2186.699951171875
2023-03-20,LT,LT,2191.10009765625
2023-03-21,LT,LT,2182.699951171875
2023-03-22,LT,LT,2219.5
2023-03-23,LT,LT,2214
2023-03-24,LT,LT,2206
2023-03-27,LT,LT,2175.050048828125
2023-03-28,LT,LT,2167.75
2023-03-29,LT,LT,2137.64990234375
2023-03-31,LT,LT,2156.5
2023-04-03,LT,LT,2180
2023-04-05,LT,LT,2170
2023-04-06,LT,LT,2257.75
2023-04-10,LT,LT,2284.89990234375
2023-04-11,LT,LT,2320
2023-04-12,LT,LT,2304
2023-04-13,LT,LT,2294.800048828125
2023-04-17,LT,LT,2258.75
2023-04-18,LT,LT,2220
2023-04-19,LT,LT,2208.10009765625
2023-04-20,LT,LT,2225
2023-04-21,LT,LT,2240.14990234375
2023-04-24,LT,LT,2220
2023-04-25,LT,LT,2231.050048828125
2023-04-26,LT,LT,2247.85009765625
2023-04-27,LT,LT,2275.75
2023-04-28,LT,LT,2312.300048828125
2023-05-02,LT,LT,2373.199951171875
2023-05-03,LT,LT,2384.10009765625
2023-05-04,LT,LT,2361.800048828125
2023-05-05,LT,LT,2357
2023-05-08,LT,LT,2377.449951171875
2023-05-09,LT,LT,2367.64990234375
2023-05-10,LT,LT,2387
2023-05-11,LT,LT,2300
2023-05-12,LT,LT,2222.64990234375
2023-05-15,LT,LT,2220.89990234375
2023-05-16,LT,LT,2254.60009765625
2023-05-17,LT,LT,2224.35009765625
2023-05-18,LT,LT,2230
2023-05-19,LT,LT,2192
2023-05-22,LT,LT,2190
2023-05-23,LT,LT,2225.60009765625
2023-05-24,LT,LT,2200
2023-05-25,LT,LT,2190
2023-05-26,LT,LT,2209
2023-05-29,LT,LT,2225
2023-05-30,LT,LT,2230
2023-05-31,LT,LT,2201.10009765625
2023-06-01,LT,LT,2217
2023-06-02,LT,LT,2221
2023-06-05,LT,LT,2245
2023-06-06,LT,LT,2269
2023-06-07,LT,LT,2278
2023-06-08,LT,LT,2316.949951171875
2023-06-09,LT,LT,2345
2023-06-12,LT,LT,2365
2023-06-13,LT,LT,2345.85009765625
2023-06-14,LT,LT,2352.89990234375
2023-06-15,LT,LT,2355
2023-06-16,LT,LT,2363.75
2023-06-19,LT,LT,2379
2023-06-20,LT,LT,2364.949951171875
2023-06-21,LT,LT,2382
2023-06-22,LT,LT,2394.60009765625
2023-06-23,LT,LT,2418.949951171875
2023-06-26,LT,LT,2398.10009765625
2023-06-27,LT,LT,2387.449951171875
2023-06-28,LT,LT,2400
2023-06-30,LT,LT,2420
2023-07-03,LT,LT,2478.199951171875
2023-07-04,LT,LT,2458.199951171875
2023-07-05,LT,LT,2461
2023-07-06,LT,LT,2468.10009765625
2023-07-07,LT,LT,2482.75
2023-07-10,LT,LT,2450
2023-07-11,LT,LT,2447.199951171875
2023-07-12,LT,LT,2480.300048828125
2023-07-13,LT,LT,2466
2023-07-14,LT,LT,2450.25
2023-07-17,LT,LT,2475
2023-07-18,LT,LT,2469
2023-07-19,LT,LT,2474.60009765625
2023-07-20,LT,LT,2494
2023-07-21,LT,LT,2522
2023-07-24,LT,LT,2637.64990234375
2023-07-25,LT,LT,2616
2023-07-26,LT,LT,2591
2023-07-27,LT,LT,2668.949951171875
2023-07-28,LT,LT,2660.14990234375
2023-07-31,LT,LT,2655
2023-08-01,LT,LT,2681.35009765625
2023-08-02,LT,LT,2638
2023-08-03,LT,LT,2615
2023-08-04,LT,LT,2605
2023-08-07,LT,LT,2628
2023-08-08,LT,LT,2639.050048828125
2023-08-09,LT,LT,2635
2023-08-10,LT,LT,2640.10009765625
2023-08-11,LT,LT,2642.050048828125
2023-08-14,LT,LT,2637
2023-08-16,LT,LT,2669
2023-08-17,LT,LT,2691.050048828125
2023-08-18,LT,LT,2650
2023-08-21,LT,LT,2641.85009765625
2023-08-22,LT,LT,2668
2023-08-23,LT,LT,2689.550048828125
2023-08-24,LT,LT,2747.5
2023-08-25,LT,LT,2677.449951171875
2023-08-28,LT,LT,2653.550048828125
2023-08-29,LT,LT,2710
2023-08-30,LT,LT,2722.949951171875
2023-08-31,LT,LT,2720
2023-09-01,LT,LT,2710
2023-09-04,LT,LT,2733
2023-09-05,LT,LT,2720.5
2023-09-06,LT,LT,2740
2023-09-07,LT,LT,2733
2023-09-08,LT,LT,2888
2023-09-11,LT,LT,2905
2023-09-12,LT,LT,2951.60009765625
2023-09-13,LT,LT,2943.5
2023-09-14,LT,LT,2924.89990234375
2023-09-15,LT,LT,2933
2023-09-18,LT,LT,2910
2023-09-20,LT,LT,2926.949951171875
2023-09-21,LT,LT,2885.050048828125
2023-09-22,LT,LT,2908.699951171875
2023-09-25,LT,LT,2917.949951171875
2023-09-26,LT,LT,2915
2023-09-27,LT,LT,2922
2023-09-28,LT,LT,2989
2023-09-29,LT,LT,3040
2023-10-03,LT,LT,3040.5
2023-10-04,LT,LT,3064.10009765625
2023-10-05,LT,LT,3032.550048828125
2023-10-06,LT,LT,3114.949951171875
2023-10-09,LT,LT,3075
2023-10-10,LT,LT,3073.85009765625
2023-10-11,LT,LT,3090
2023-10-12,LT,LT,3094
2023-10-13,LT,LT,3067.75
2023-10-16,LT,LT,3098.949951171875
2023-10-17,LT,LT,3109.89990234375
2023-10-18,LT,LT,3068.64990234375
2023-10-19,LT,LT,3025.60009765625
2023-10-20,LT,LT,3039.949951171875
2023-10-23,LT,LT,3003
2023-10-25,LT,LT,2959
2023-10-26,LT,LT,2906
2023-10-27,LT,LT,2864.64990234375
2023-10-30,LT,LT,2899.199951171875
2023-10-31,LT,LT,2929.949951171875
2023-11-01,LT,LT,2947.449951171875
2023-11-02,LT,LT,2935
2023-11-03,LT,LT,2934
2023-11-06,LT,LT,2933
2023-11-07,LT,LT,2970
2023-11-08,LT,LT,2974.699951171875
2023-11-09,LT,LT,3003
2023-11-10,LT,LT,3021.050048828125
2023-11-13,LT,LT,3050
2023-11-15,LT,LT,3062.35009765625
2023-11-16,LT,LT,3057.949951171875
2023-11-17,LT,LT,3050
2023-11-20,LT,LT,3095.10009765625
2023-11-21,LT,LT,3088.5
2023-11-22,LT,LT,3074.85009765625
2023-11-23,LT,LT,3080
2023-11-24,LT,LT,3050
2023-11-28,LT,LT,3054
2023-11-29,LT,LT,3050
2023-11-30,LT,LT,3076.300048828125
2023-12-01,LT,LT,3129.949951171875
2023-12-04,LT,LT,3285
2023-12-05,LT,LT,3319.050048828125
2023-12-06,LT,LT,3330
2023-12-07,LT,LT,3392.300048828125
2023-12-08,LT,LT,3377
2023-12-11,LT,LT,3377.949951171875
2023-12-12,LT,LT,3375
2023-12-13,LT,LT,3352.949951171875
2023-12-14,LT,LT,3425.949951171875
2023-12-15,LT,LT,3435.14990234375
2023-12-18,LT,LT,3496
2023-12-19,LT,LT,3488.949951171875
2023-12-20,LT,LT,3505
2023-12-21,LT,LT,3390.050048828125
2023-12-22,LT,LT,3424
2023-12-26,LT,LT,3477.949951171875
2023-12-27,LT,LT,3510
2023-12-28,LT,LT,3545
2023-12-29,LT,LT,3531
2024-01-01,LT,LT,3538
2024-01-02,LT,LT,3525.050048828125
2024-01-03,LT,LT,3433
2024-01-04,LT,LT,3441.050048828125
2024-01-05,LT,LT,3464.949951171875
2024-01-08,LT,LT,3540
2024-01-09,LT,LT,3527.449951171875
2024-01-10,LT,LT,3549.949951171875
2024-01-11,LT,LT,3545.5
2024-01-12,LT,LT,3505.050048828125
2024-01-15,LT,LT,3576.10009765625
2024-01-16,LT,LT,3548
2024-01-17,LT,LT,3555
2024-01-18,LT,LT,3570.800048828125
2024-01-19,LT,LT,3603
2024-01-23,LT,LT,3637.60009765625
2024-01-24,LT,LT,3570
2024-01-25,LT,LT,3599.89990234375
2024-01-29,LT,LT,3604
2024-01-30,LT,LT,3715.949951171875
2024-01-31,LT,LT,3520
2024-02-01,LT,LT,3480
2024-02-02,LT,LT,3402.699951171875
2024-02-05,LT,LT,3375.5
2024-02-06,LT,LT,3346
2024-02-07,LT,LT,3445
2024-02-08,LT,LT,3413
2024-02-09,LT,LT,3336.25
2024-02-12,LT,LT,3330
2024-02-13,LT,LT,3312
2024-02-14,LT,LT,3290.050048828125
2024-02-15,LT,LT,3309
2024-02-16,LT,LT,3304.949951171875
2024-02-19,LT,LT,3400.550048828125
2024-02-20,LT,LT,3339.85009765625
2024-02-21,LT,LT,3356.89990234375
2024-02-22,LT,LT,3310
2024-02-23,LT,LT,3363.75
2024-02-26,LT,LT,3400
2024-02-27,LT,LT,3475
2024-02-28,LT,LT,3505
2024-02-29,LT,LT,3485
2024-03-01,LT,LT,3501.64990234375
2024-03-04,LT,LT,3670
2024-03-05,LT,LT,3631.199951171875
2024-03-06,LT,LT,3618
2024-03-07,LT,LT,3660.75
2024-03-11,LT,LT,3700
2024-03-12,LT,LT,3639.050048828125
2024-03-13,LT,LT,3634.89990234375
2024-03-14,LT,LT,3527.050048828125
2024-03-15,LT,LT,3598
2024-03-18,LT,LT,3537.14990234375
2024-03-19,LT,LT,3541
2024-03-20,LT,LT,3502.75
2024-03-21,LT,LT,3525.14990234375
2024-03-22,LT,LT,3546.199951171875
2024-03-26,LT,LT,3605
2024-03-27,LT,LT,3683
2024-03-28,LT,LT,3706.550048828125
2024-04-01,LT,LT,3780.85009765625
2024-04-02,LT,LT,3849.800048828125
2024-04-03,LT,LT,3799.699951171875
2024-04-04,LT,LT,3804.89990234375
2024-04-05,LT,LT,3770.10009765625
2024-04-08,LT,LT,3745
2024-04-09,LT,LT,3820
2024-04-10,LT,LT,3800
2024-04-12,LT,LT,3749.949951171875
2024-04-15,LT,LT,3626.050048828125
2024-04-16,LT,LT,3580.050048828125
2024-04-18,LT,LT,3561.949951171875
2024-04-19,LT,LT,3525
2024-04-22,LT,LT,3568.75
2024-04-23,LT,LT,3632.75
2024-04-24,LT,LT,3616.550048828125
2024-04-25,LT,LT,3616.10009765625
2024-04-26,LT,LT,3652
2024-04-29,LT,LT,3606.10009765625
2024-04-30,LT,LT,3639
2024-05-02,LT,LT,3590.050048828125
2024-05-03,LT,LT,3610
2024-05-06,LT,LT,3522.800048828125
2024-05-07,LT,LT,3479.39990234375
2024-05-08,LT,LT,3429
2024-05-09,LT,LT,3312.75
2024-05-10,LT,LT,3281.60009765625
2024-05-13,LT,LT,3267.050048828125
2024-05-14,LT,LT,3300
2024-05-15,LT,LT,3390
2024-05-16,LT,LT,3428.949951171875
2024-05-17,LT,LT,3475.949951171875
2024-05-21,LT,LT,3458
2024-05-22,LT,LT,3450.050048828125
2024-05-23,LT,LT,3460.89990234375
2024-05-24,LT,LT,3586
2024-05-27,LT,LT,3644.89990234375
2024-05-28,LT,LT,3652
2024-05-29,LT,LT,3611
2024-05-30,LT,LT,3626.050048828125
2024-05-31,LT,LT,3636.39990234375
2024-06-03,LT,LT,3855.39990234375
2024-06-04,LT,LT,3852
2024-06-05,LT,LT,3441.5
2024-06-06,LT,LT,3438
2024-06-07,LT,LT,3465.050048828125
2024-06-10,LT,LT,3521.050048828125
2024-06-11,LT,LT,3570
2024-06-12,LT,LT,3615
2024-06-13,LT,LT,3665.5
2024-06-14,LT,LT,3718
2024-06-18,LT,LT,3708
2024-06-19,LT,LT,3690
2024-06-20,LT,LT,3584.949951171875
2024-06-21,LT,LT,3604.050048828125
2024-06-24,LT,LT,3520.35009765625
2024-06-25,LT,LT,3556.5
2024-06-26,LT,LT,3601
2024-06-27,LT,LT,3597.449951171875
2024-06-28,LT,LT,3540
2024-07-01,LT,LT,3535.199951171875
2024-07-02,LT,LT,3535.050048828125
2024-07-03,LT,LT,3650.35009765625
2024-07-04,LT,LT,3616.10009765625
2024-07-05,LT,LT,3573.300048828125
2024-07-08,LT,LT,3640.10009765625
2024-07-09,LT,LT,3650
2024-07-10,LT,LT,3685.050048828125
2024-07-11,LT,LT,3660
2024-07-12,LT,LT,3630
2024-07-15,LT,LT,3670
2024-07-16,LT,LT,3646.10009765625
2024-07-18,LT,LT,3640
2024-07-19,LT,LT,3651
2024-07-22,LT,LT,3617.89990234375
2024-07-23,LT,LT,3669.60009765625
2024-07-24,LT,LT,3549
2024-07-25,LT,LT,3539
2024-07-26,LT,LT,3629
2024-07-29,LT,LT,3701
2024-07-30,LT,LT,3774.85009765625
2024-07-31,LT,LT,3777.050048828125
2024-08-01,LT,LT,3810
2024-08-02,LT,LT,3730.35009765625
2024-08-05,LT,LT,3597
2024-08-06,LT,LT,3548
2024-08-07,LT,LT,3630
2024-08-08,LT,LT,3621
2024-08-09,LT,LT,3600
2024-08-12,LT,LT,3579
2024-08-13,LT,LT,3580
2024-08-14,LT,LT,3558.949951171875
2024-08-16,LT,LT,3578
2024-08-19,LT,LT,3599.85009765625
2024-08-20,LT,LT,3562
2024-08-21,LT,LT,3590
2024-08-22,LT,LT,3607.050048828125
2024-08-23,LT,LT,3606.5
2024-08-26,LT,LT,3611
2024-08-27,LT,LT,3642.64990234375
2024-08-28,LT,LT,3705
2024-08-29,LT,LT,3690.5
2024-08-30,LT,LT,3718.35009765625
2024-09-02,LT,LT,3706
2024-09-03,LT,LT,3693.949951171875
2024-09-04,LT,LT,3650
2024-09-05,LT,LT,3668
2024-09-06,LT,LT,3615.10009765625
2024-09-09,LT,LT,3584
2024-09-10,LT,LT,3585
2024-09-11,LT,LT,3595
2024-09-12,LT,LT,3558
2024-09-13,LT,LT,3622
2024-09-16,LT,LT,3619.14990234375
2024-09-17,LT,LT,3668
2024-09-18,LT,LT,3689
2024-09-19,LT,LT,3750
2024-09-20,LT,LT,3700
2024-09-23,LT,LT,3800
2024-09-24,LT,LT,3787.699951171875
2024-09-25,LT,LT,3787.550048828125
2024-09-26,LT,LT,3801
2024-09-27,LT,LT,3738
2024-09-30,LT,LT,3699
2024-10-01,LT,LT,3667
2024-10-03,LT,LT,3582.5
2024-10-04,LT,LT,3515
2024-10-07,LT,LT,3505
2024-10-08,LT,LT,3492.949951171875
2024-10-09,LT,LT,3542.050048828125
2024-10-10,LT,LT,3515
2024-10-11,LT,LT,3469.39990234375
2024-10-14,LT,LT,3510
2024-10-15,LT,LT,3570
2024-10-16,LT,LT,3550
2024-10-17,LT,LT,3549.89990234375
2024-10-18,LT,LT,3569.949951171875
2024-10-21,LT,LT,3580
2024-10-22,LT,LT,3585
2024-10-23,LT,LT,3501.050048828125
2024-10-24,LT,LT,3444
2024-10-25,LT,LT,3425
2024-10-28,LT,LT,3316
2024-10-29,LT,LT,3316
2024-10-30,LT,LT,3379.949951171875
2024-10-31,LT,LT,3530
2024-11-01,LT,LT,3624.949951171875
2024-11-04,LT,LT,3624.949951171875
2024-11-05,LT,LT,3556
2024-11-06,LT,LT,3594
2024-11-07,LT,LT,3647.35009765625
2024-11-08,LT,LT,3640.39990234375
2024-11-11,LT,LT,3646
2024-11-12,LT,LT,3650
2024-11-13,LT,LT,3585
2024-11-14,LT,LT,3558
2024-11-18,LT,LT,3521.10009765625
2024-11-19,LT,LT,3559.89990234375
2024-11-21,LT,LT,3530
2024-11-22,LT,LT,3500
2024-11-25,LT,LT,3660
2024-11-26,LT,LT,3754.89990234375
2024-11-27,LT,LT,3704
2024-11-28,LT,LT,3700
2024-11-29,LT,LT,3635.10009765625
2024-12-02,LT,LT,3706.85009765625
2024-12-03,LT,LT,3721
2024-12-04,LT,LT,3775
2024-12-05,LT,LT,3810
2024-12-06,LT,LT,3832
2024-12-09,LT,LT,3867.5
2024-12-10,LT,LT,3955
2024-12-11,LT,LT,3923.14990234375
2024-12-12,LT,LT,3930
2024-12-13,LT,LT,3859
2024-12-16,LT,LT,3882
2024-12-17,LT,LT,3863.050048828125
2024-12-18,LT,LT,3807.199951171875
2024-12-19,LT,LT,3702.14990234375
2024-12-20,LT,LT,3716.35009765625
2024-12-23,LT,LT,3670
2024-12-24,LT,LT,3647.949951171875
2024-12-26,LT,LT,3658
2024-12-27,LT,LT,3632.39990234375
2024-12-30,LT,LT,3607.89990234375
2024-12-31,LT,LT,3562.550048828125
2025-01-01,LT,LT,3600
2025-01-02,LT,LT,3676.60009765625
2025-01-03,LT,LT,3708
2025-01-06,LT,LT,3684.75
2025-01-07,LT,LT,3607.10009765625
2025-01-08,LT,LT,3662
2025-01-09,LT,LT,3599.89990234375
2025-01-10,LT,LT,3499.949951171875
2025-01-13,LT,LT,3505.550048828125
2025-01-14,LT,LT,3465.85009765625
2025-01-15,LT,LT,3471.300048828125
2025-01-16,LT,LT,3535
2025-01-17,LT,LT,3524
2025-01-20,LT,LT,3574.89990234375
2025-01-21,LT,LT,3612.75
2025-01-22,LT,LT,3563
2025-01-23,LT,LT,3492
2025-01-24,LT,LT,3514.5
2025-01-27,LT,LT,3447.199951171875
2025-01-28,LT,LT,3464.949951171875
2025-01-29,LT,LT,3431
2025-01-30,LT,LT,3455
2025-01-31,LT,LT,3501.050048828125
2025-02-01,LT,LT,3578
2025-02-03,LT,LT,3420
2025-02-04,LT,LT,3316
2025-02-05,LT,LT,3444.64990234375
2025-02-06,LT,LT,3404
2025-02-07,LT,LT,3367
2025-02-10,LT,LT,3347.800048828125
2025-02-11,LT,LT,3360.949951171875
2025-02-12,LT,LT,3259
2025-02-13,LT,LT,3289.64990234375
2025-02-14,LT,LT,3275.050048828125
2025-02-17,LT,LT,3213.550048828125
2025-02-18,LT,LT,3227
2025-02-19,LT,LT,3220.14990234375
2025-02-20,LT,LT,3260.050048828125
2025-02-21,LT,LT,3275.800048828125
2025-02-24,LT,LT,3289.699951171875
2025-02-25,LT,LT,3233
2025-02-27,LT,LT,3238
2025-02-28,LT,LT,3199.800048828125
2025-03-03,LT,LT,3165.949951171875
2025-03-04,LT,LT,3171.050048828125
2025-03-05,LT,LT,3213
2025-03-06,LT,LT,3250.10009765625
2025-03-07,LT,LT,3259.89990234375
2025-03-10,LT,LT,3246
2025-03-11,LT,LT,3170.300048828125
2025-03-12,LT,LT,3205
2025-03-13,LT,LT,3202.25
2025-03-17,LT,LT,3190
2025-03-18,LT,LT,3173.449951171875
2025-03-19,LT,LT,3275
2025-03-20,LT,LT,3335.25
2025-03-21,LT,LT,3357
2025-03-24,LT,LT,3449
2025-03-25,LT,LT,3505
2025-03-26,LT,LT,3473
2025-03-27,LT,LT,3460
2025-03-28,LT,LT,3509.89990234375
2025-04-01,LT,LT,3480
2025-04-02,LT,LT,3433
2025-04-03,LT,LT,3400
2025-04-04,LT,LT,3400
2025-04-07,LT,LT,3049.050048828125
2025-04-08,LT,LT,3124.949951171875
2025-04-09,LT,LT,3158.800048828125
2025-04-11,LT,LT,3114
2025-04-15,LT,LT,3180
2025-04-16,LT,LT,3270
2025-04-17,LT,LT,3214.10009765625
2025-04-21,LT,LT,3249.5
2025-04-22,LT,LT,3280
2025-04-23,LT,LT,3275.39990234375
2025-04-24,LT,LT,3307
2025-04-25,LT,LT,3310
2025-04-28,LT,LT,3260
2025-04-29,LT,LT,3335
2025-04-30,LT,LT,3324
2025-05-02,LT,LT,3325
2025-05-05,LT,LT,3350
2025-05-06,LT,LT,3346
2025-05-07,LT,LT,3332
2025-05-08,LT,LT,3310.10009765625
2025-05-09,LT,LT,3331
2025-05-12,LT,LT,3513
2025-05-13,LT,LT,3587.199951171875
2025-05-14,LT,LT,3587
2025-05-15,LT,LT,3594
2025-05-16,LT,LT,3642
2025-05-19,LT,LT,3604.699951171875
2025-05-20,LT,LT,3630
2025-05-21,LT,LT,3565.699951171875
2025-05-22,LT,LT,3585
2025-05-23,LT,LT,3570
2025-05-26,LT,LT,3615.800048828125
2025-05-27,LT,LT,3648.699951171875
2025-05-28,LT,LT,3660
2025-05-29,LT,LT,3663.89990234375
2025-05-30,LT,LT,3655.300048828125
2025-06-02,LT,LT,3675.10009765625
2025-06-03,LT,LT,3655
2025-06-04,LT,LT,3645
2025-06-05,LT,LT,3629.89990234375
2025-06-06,LT,LT,3645
2025-06-09,LT,LT,3664
2025-06-10,LT,LT,3704
2025-06-11,LT,LT,3689.89990234375
2025-06-12,LT,LT,3684.800048828125
2025-06-13,LT,LT,3501.199951171875
2025-06-16,LT,LT,3575.5
2025-06-17,LT,LT,3622
2025-06-18,LT,LT,3622
2025-06-19,LT,LT,3607
2025-06-20,LT,LT,3614
2025-06-23,LT,LT,3645
2025-06-24,LT,LT,3637.10009765625
2025-06-25,LT,LT,3640
2025-06-26,LT,LT,3620.10009765625
2025-06-27,LT,LT,3665
2025-06-30,LT,LT,3682
2025-07-01,LT,LT,3669.800048828125
2025-07-02,LT,LT,3666.60009765625
2025-07-03,LT,LT,3605
2025-07-04,LT,LT,3590
2025-07-07,LT,LT,3599.89990234375
2025-07-08,LT,LT,3580
2025-07-09,LT,LT,3605
2025-07-10,LT,LT,3575
2025-07-11,LT,LT,3575
2025-07-14,LT,LT,3540.60009765625
2025-07-15,LT,LT,3519
2025-07-16,LT,LT,3504
2025-07-17,LT,LT,3515
2025-07-18,LT,LT,3489
2025-07-21,LT,LT,3467.60009765625
2025-07-22,LT,LT,3502
2025-07-23,LT,LT,3476.199951171875
2025-07-24,LT,LT,3484.89990234375
2025-07-25,LT,LT,3470
2025-07-28,LT,LT,3430.10009765625
2025-07-29,LT,LT,3418
2025-07-30,LT,LT,3622
2025-07-31,LT,LT,3625
2025-08-01,LT,LT,3636
2025-08-04,LT,LT,3595.199951171875
2025-08-05,LT,LT,3630
2025-08-06,LT,LT,3650
2025-08-07,LT,LT,3610.300048828125
2025-08-08,LT,LT,3641.60009765625
2025-08-11,LT,LT,3610
2025-08-12,LT,LT,3680
2025-08-13,LT,LT,3696
2025-08-14,LT,LT,3700
2025-08-18,LT,LT,3699
2025-08-19,LT,LT,3648.89990234375
2025-08-20,LT,LT,3613.5
2025-08-21,LT,LT,3599
2025-08-22,LT,LT,3610
2025-08-25,LT,LT,3616
2025-08-26,LT,LT,3599
2025-08-28,LT,LT,3540
2025-08-29,LT,LT,3575.60009765625
2025-09-01,LT,LT,3601
2025-09-02,LT,LT,3598.39990234375
2025-09-03,LT,LT,3594
2025-09-04,LT,LT,3622.89990234375
2025-09-05,LT,LT,3592.800048828125
2025-09-08,LT,LT,3570
2025-09-09,LT,LT,3547.199951171875
2025-09-10,LT,LT,3559
2025-09-11,LT,LT,3548
2025-09-12,LT,LT,3556.39990234375
2025-09-15,LT,LT,3581
2025-09-16,LT,LT,3603.89990234375
2025-09-17,LT,LT,3672
2025-09-18,LT,LT,3691
2025-09-19,LT,LT,3679
2025-09-22,LT,LT,3693.60009765625
2025-09-23,LT,LT,3646.89990234375
2025-09-24,LT,LT,3657.60009765625
2025-09-25,LT,LT,3684
2025-09-26,LT,LT,3664
2025-09-29,LT,LT,3738
2025-09-30,LT,LT,3695
2025-10-01,LT,LT,3658.89990234375
2025-10-03,LT,LT,3690
2025-10-06,LT,LT,3720
2025-10-07,LT,LT,3748
2025-10-08,LT,LT,3730
2025-10-09,LT,LT,3735.5
2025-10-10,LT,LT,3765
2025-10-13,LT,LT,3780
2025-10-14,LT,LT,3775
2025-10-15,LT,LT,3747
2025-10-16,LT,LT,3830.300048828125
2025-10-17,LT,LT,3860
2025-10-20,LT,LT,3862
2025-10-21,LT,LT,3892
2025-10-23,LT,LT,3890
2025-10-24,LT,LT,3929.300048828125
2025-10-27,LT,LT,3912
2025-10-28,LT,LT,3922.10009765625
2025-10-29,LT,LT,3988
2025-10-30,LT,LT,3980
2025-10-31,LT,LT,4001.10009765625
2025-11-03,LT,LT,4030
2025-11-04,LT,LT,3985
2025-11-06,LT,LT,3945
2025-11-07,LT,LT,3877.10009765625
2025-11-10,LT,LT,3895
2025-11-11,LT,LT,3929
2025-11-12,LT,LT,3970
2025-11-13,LT,LT,3954.60009765625
2025-11-14,LT,LT,4002
2025-11-17,LT,LT,4004.39990234375
2025-11-18,LT,LT,4020
2025-11-19,LT,LT,4007
2025-11-20,LT,LT,4035
2025-11-21,LT,LT,4026
2025-11-24,LT,LT,4025
2025-11-25,LT,LT,4013
2025-11-26,LT,LT,3999
2025-11-27,LT,LT,4071
2025-11-28,LT,LT,4085
2025-12-01,LT,LT,4087
2025-12-02,LT,LT,4066.5
2025-12-03,LT,LT,4032
2025-12-04,LT,LT,3990
2025-12-05,LT,LT,3999
2025-12-08,LT,LT,4047
2025-12-09,LT,LT,3990
2025-12-10,LT,LT,4000
2025-12-11,LT,LT,3993.199951171875
2025-12-12,LT,LT,4061
2025-12-15,LT,LT,4072.800048828125
2025-12-16,LT,LT,4083.699951171875
2025-12-17,LT,LT,4079
2025-12-18,LT,LT,4067
2025-12-19,LT,LT,4040.10009765625
2025-12-22,LT,LT,4081
2025-12-23,LT,LT,4089
2025-12-24,LT,LT,4065
2025-12-26,LT,LT,4052
2025-12-29,LT,LT,4053
2025-12-30,LT,LT,4039
2020-01-01,RELIANCE,RELIANCE,693.978515625
2020-01-02,RELIANCE,RELIANCE,691.23553466796875
2020-01-03,RELIANCE,RELIANCE,700.83599853515625
2020-01-06,RELIANCE,RELIANCE,694.89288330078125
2020-01-07,RELIANCE,RELIANCE,694.4356689453125
2020-01-08,RELIANCE,RELIANCE,692.6070556640625
2020-01-09,RELIANCE,RELIANCE,703.39617919921875
2020-01-10,RELIANCE,RELIANCE,709.4764404296875
2020-01-13,RELIANCE,RELIANCE,706.34490966796875
2020-01-14,RELIANCE,RELIANCE,704.03619384765625
2020-01-15,RELIANCE,RELIANCE,702.13897705078125
2020-01-16,RELIANCE,RELIANCE,699.00738525390625
2020-01-17,RELIANCE,RELIANCE,710.20794677734375
2020-01-20,RELIANCE,RELIANCE,735.5806884765625
2020-01-21,RELIANCE,RELIANCE,698.82452392578125
2020-01-22,RELIANCE,RELIANCE,705.8648681640625
2020-01-23,RELIANCE,RELIANCE,702.43609619140625
2020-01-24,RELIANCE,RELIANCE,698.093017578125
2020-01-27,RELIANCE,RELIANCE,692.56134033203125
2020-01-28,RELIANCE,RELIANCE,689.68115234375
2020-01-29,RELIANCE,RELIANCE,673.88604736328125
2020-01-30,RELIANCE,RELIANCE,676.1490478515625
2020-01-31,RELIANCE,RELIANCE,664.2626953125
2020-02-03,RELIANCE,RELIANCE,626.272216796875
2020-02-04,RELIANCE,RELIANCE,640.03289794921875
2020-02-05,RELIANCE,RELIANCE,655.98797607421875
2020-02-06,RELIANCE,RELIANCE,664.765625
2020-02-07,RELIANCE,RELIANCE,663.348388671875
2020-02-10,RELIANCE,RELIANCE,652.83355712890625
2020-02-11,RELIANCE,RELIANCE,661.70257568359375
2020-02-12,RELIANCE,RELIANCE,665.70281982421875
2020-02-13,RELIANCE,RELIANCE,675.57757568359375
2020-02-14,RELIANCE,RELIANCE,675.3489990234375
2020-02-17,RELIANCE,RELIANCE,680.720703125
2020-02-18,RELIANCE,RELIANCE,674.7318115234375
2020-02-19,RELIANCE,RELIANCE,676.30902099609375
2020-02-20,RELIANCE,RELIANCE,684.3780517578125
2020-02-24,RELIANCE,RELIANCE,671.92022705078125
2020-02-25,RELIANCE,RELIANCE,663.53125
2020-02-26,RELIANCE,RELIANCE,644.60455322265625
2020-02-27,RELIANCE,RELIANCE,634.546875
2020-02-28,RELIANCE,RELIANCE,619.4146728515625
2020-03-02,RELIANCE,RELIANCE,619.506103515625
2020-03-03,RELIANCE,RELIANCE,607.89410400390625
2020-03-04,RELIANCE,RELIANCE,618.08892822265625
2020-03-05,RELIANCE,RELIANCE,618.18035888671875
2020-03-06,RELIANCE,RELIANCE,580.60125732421875
2020-03-09,RELIANCE,RELIANCE,566.90911865234375
2020-03-11,RELIANCE,RELIANCE,506.5403137207031
2020-03-12,RELIANCE,RELIANCE,496.0255126953125
2020-03-13,RELIANCE,RELIANCE,456.25201416015625
2020-03-16,RELIANCE,RELIANCE,484.8477783203125
2020-03-17,RELIANCE,RELIANCE,478.7674560546875
2020-03-18,RELIANCE,RELIANCE,468.732666015625
2020-03-19,RELIANCE,RELIANCE,420.6387634277344
2020-03-20,RELIANCE,RELIANCE,429.5077819824219
2020-03-23,RELIANCE,RELIANCE,418.8558044433594
2020-03-24,RELIANCE,RELIANCE,425.1647033691406
2020-03-25,RELIANCE,RELIANCE,440.616943359375
2020-03-26,RELIANCE,RELIANCE,500.962890625
2020-03-27,RELIANCE,RELIANCE,500.59716796875
2020-03-30,RELIANCE,RELIANCE,475.7273254394531
2020-03-31,RELIANCE,RELIANCE,490.97381591796875
2020-04-01,RELIANCE,RELIANCE,513.054931640625
2020-04-03,RELIANCE,RELIANCE,518.63238525390625
2020-04-07,RELIANCE,RELIANCE,503.8430480957031
2020-04-08,RELIANCE,RELIANCE,539.456298828125
2020-04-09,RELIANCE,RELIANCE,554.99993896484375
2020-04-13,RELIANCE,RELIANCE,550.40545654296875
2020-04-15,RELIANCE,RELIANCE,547.2509765625
2020-04-16,RELIANCE,RELIANCE,525.6727294921875
2020-04-17,RELIANCE,RELIANCE,555.914306640625
2020-04-20,RELIANCE,RELIANCE,560.4859619140625
2020-04-21,RELIANCE,RELIANCE,553.1712646484375
2020-04-22,RELIANCE,RELIANCE,603.4595947265625
2020-04-23,RELIANCE,RELIANCE,625.1064453125
2020-04-24,RELIANCE,RELIANCE,617.2431640625
2020-04-27,RELIANCE,RELIANCE,655.5765380859375
2020-04-28,RELIANCE,RELIANCE,662.8912353515625
2020-04-29,RELIANCE,RELIANCE,660.5596923828125
2020-04-30,RELIANCE,RELIANCE,664.697021484375
2020-05-04,RELIANCE,RELIANCE,658.319580078125
2020-05-05,RELIANCE,RELIANCE,664.582763671875
2020-05-06,RELIANCE,RELIANCE,669.29156494140625
2020-05-07,RELIANCE,RELIANCE,665.17706298828125
2020-05-08,RELIANCE,RELIANCE,706.322021484375
2020-05-11,RELIANCE,RELIANCE,722.32281494140625
2020-05-12,RELIANCE,RELIANCE,715.3739013671875
2020-05-13,RELIANCE,RELIANCE,704.71026611328125
2020-05-14,RELIANCE,RELIANCE,677.9432373046875
2020-05-15,RELIANCE,RELIANCE,666.40576171875
2020-05-18,RELIANCE,RELIANCE,678.40478515625
2020-05-19,RELIANCE,RELIANCE,672.4052734375
2020-05-20,RELIANCE,RELIANCE,650.71478271484375
2020-05-21,RELIANCE,RELIANCE,662.25225830078125
2020-05-22,RELIANCE,RELIANCE,670.0054931640625
2020-05-26,RELIANCE,RELIANCE,668.32098388671875
2020-05-27,RELIANCE,RELIANCE,660.40625
2020-05-28,RELIANCE,RELIANCE,671.48223876953125
2020-05-29,RELIANCE,RELIANCE,677.48175048828125
2020-06-01,RELIANCE,RELIANCE,683.019775390625
2020-06-02,RELIANCE,RELIANCE,704.248779296875
2020-06-03,RELIANCE,RELIANCE,713.01727294921875
2020-06-04,RELIANCE,RELIANCE,712.55572509765625
2020-06-05,RELIANCE,RELIANCE,736.09222412109375
2020-06-08,RELIANCE,RELIANCE,746.891357421875
2020-06-09,RELIANCE,RELIANCE,720.07818603515625
2020-06-10,RELIANCE,RELIANCE,712.140380859375
2020-06-11,RELIANCE,RELIANCE,722.708740234375
2020-06-12,RELIANCE,RELIANCE,692.249755859375
2020-06-15,RELIANCE,RELIANCE,722.24725341796875
2020-06-16,RELIANCE,RELIANCE,758.2442626953125
2020-06-17,RELIANCE,RELIANCE,742.20709228515625
2020-06-18,RELIANCE,RELIANCE,741.6302490234375
2020-06-19,RELIANCE,RELIANCE,770.7047119140625
2020-06-22,RELIANCE,RELIANCE,818.423828125
2020-06-23,RELIANCE,RELIANCE,807.62469482421875
2020-06-24,RELIANCE,RELIANCE,801.1175537109375
2020-06-25,RELIANCE,RELIANCE,797.01019287109375
2020-06-26,RELIANCE,RELIANCE,797.8409423828125
2020-06-29,RELIANCE,RELIANCE,797.49481201171875
2020-06-30,RELIANCE,RELIANCE,801.625244140625
2020-07-01,RELIANCE,RELIANCE,793.77972412109375
2020-07-02,RELIANCE,RELIANCE,804.39422607421875
2020-07-03,RELIANCE,RELIANCE,821.37738037109375
2020-07-06,RELIANCE,RELIANCE,833.0072021484375
2020-07-07,RELIANCE,RELIANCE,858.38970947265625
2020-07-08,RELIANCE,RELIANCE,841.79876708984375
2020-07-09,RELIANCE,RELIANCE,834.85321044921875
2020-07-10,RELIANCE,RELIANCE,843.85247802734375
2020-07-13,RELIANCE,RELIANCE,878.39569091796875
2020-07-14,RELIANCE,RELIANCE,892.54071044921875
2020-07-15,RELIANCE,RELIANCE,894.36358642578125
2020-07-16,RELIANCE,RELIANCE,852.39019775390625
2020-07-17,RELIANCE,RELIANCE,851.46722412109375
2020-07-20,RELIANCE,RELIANCE,885.06439208984375
2020-07-21,RELIANCE,RELIANCE,894.84820556640625
2020-07-22,RELIANCE,RELIANCE,915.1541748046875
2020-07-23,RELIANCE,RELIANCE,924.82257080078125
2020-07-24,RELIANCE,RELIANCE,949.76666259765625
2020-07-27,RELIANCE,RELIANCE,1005.515869140625
2020-07-28,RELIANCE,RELIANCE,995.0859375
2020-07-29,RELIANCE,RELIANCE,1005.1005249023438
2020-07-30,RELIANCE,RELIANCE,968.68817138671875
2020-07-31,RELIANCE,RELIANCE,975.8414306640625
2020-08-03,RELIANCE,RELIANCE,946.67462158203125
2020-08-04,RELIANCE,RELIANCE,932.506591796875
2020-08-05,RELIANCE,RELIANCE,1000.9931640625
2020-08-06,RELIANCE,RELIANCE,995.45513916015625
2020-08-07,RELIANCE,RELIANCE,982.90234375
2020-08-10,RELIANCE,RELIANCE,996.42431640625
2020-08-11,RELIANCE,RELIANCE,985.2098388671875
2020-08-12,RELIANCE,RELIANCE,978.84112548828125
2020-08-13,RELIANCE,RELIANCE,982.0716552734375
2020-08-14,RELIANCE,RELIANCE,979.55645751953125
2020-08-17,RELIANCE,RELIANCE,971.4571533203125
2020-08-18,RELIANCE,RELIANCE,962.2271728515625
2020-08-19,RELIANCE,RELIANCE,988.0711669921875
2020-08-20,RELIANCE,RELIANCE,978.379638671875
2020-08-21,RELIANCE,RELIANCE,977.4566650390625
2020-08-24,RELIANCE,RELIANCE,965.1807861328125
2020-08-25,RELIANCE,RELIANCE,971.91864013671875
2020-08-26,RELIANCE,RELIANCE,962.2271728515625
2020-08-27,RELIANCE,RELIANCE,991.3016357421875
2020-08-28,RELIANCE,RELIANCE,978.379638671875
2020-08-31,RELIANCE,RELIANCE,1003.3006591796875
2020-09-01,RELIANCE,RELIANCE,969.149658203125
2020-09-02,RELIANCE,RELIANCE,965.4576416015625
2020-09-03,RELIANCE,RELIANCE,982.0716552734375
2020-09-04,RELIANCE,RELIANCE,961.5579833984375
2020-09-07,RELIANCE,RELIANCE,961.76568603515625
2020-09-08,RELIANCE,RELIANCE,965.4576416015625
2020-09-09,RELIANCE,RELIANCE,962.2271728515625
2020-09-10,RELIANCE,RELIANCE,1007.5003051757813
2020-09-11,RELIANCE,RELIANCE,1066.9876708984375
2020-09-14,RELIANCE,RELIANCE,1072.9871826171875
2020-09-15,RELIANCE,RELIANCE,1066.964599609375
2020-09-16,RELIANCE,RELIANCE,1070.6795654296875
2020-09-17,RELIANCE,RELIANCE,1070.6795654296875
2020-09-18,RELIANCE,RELIANCE,1068.0260009765625
2020-09-21,RELIANCE,RELIANCE,1061.4495849609375
2020-09-22,RELIANCE,RELIANCE,1050.8350830078125
2020-09-23,RELIANCE,RELIANCE,1042.9896240234375
2020-09-24,RELIANCE,RELIANCE,1018.9454956054688
2020-09-25,RELIANCE,RELIANCE,1010.22314453125
2020-09-28,RELIANCE,RELIANCE,1027.7601318359375
2020-09-29,RELIANCE,RELIANCE,1026.837158203125
2020-09-30,RELIANCE,RELIANCE,1042.9896240234375
2020-10-01,RELIANCE,RELIANCE,1044.7432861328125
2020-10-05,RELIANCE,RELIANCE,1035.6055908203125
2020-10-06,RELIANCE,RELIANCE,1026.9525146484375
2020-10-07,RELIANCE,RELIANCE,1031.4521484375
2020-10-08,RELIANCE,RELIANCE,1042.528076171875
2020-10-09,RELIANCE,RELIANCE,1031.4521484375
2020-10-12,RELIANCE,RELIANCE,1031.4521484375
2020-10-13,RELIANCE,RELIANCE,1029.4215087890625
2020-10-14,RELIANCE,RELIANCE,1051.7120361328125
2020-10-15,RELIANCE,RELIANCE,1056.8345947265625
2020-10-16,RELIANCE,RELIANCE,1022.22216796875
2020-10-19,RELIANCE,RELIANCE,1010.7077026367188
2020-10-20,RELIANCE,RELIANCE,1005.608154296875
2020-10-21,RELIANCE,RELIANCE,1000.5316772460938
2020-10-22,RELIANCE,RELIANCE,981.79473876953125
2020-10-23,RELIANCE,RELIANCE,971.91864013671875
2020-10-26,RELIANCE,RELIANCE,970.049560546875
2020-10-27,RELIANCE,RELIANCE,939.10601806640625
2020-10-28,RELIANCE,RELIANCE,942.29034423828125
2020-10-29,RELIANCE,RELIANCE,921.61517333984375
2020-10-30,RELIANCE,RELIANCE,938.45989990234375
2020-11-02,RELIANCE,RELIANCE,935.46014404296875
2020-11-03,RELIANCE,RELIANCE,872.23468017578125
2020-11-04,RELIANCE,RELIANCE,847.77520751953125
2020-11-05,RELIANCE,RELIANCE,902.2091064453125
2020-11-06,RELIANCE,RELIANCE,918.38470458984375
2020-11-09,RELIANCE,RELIANCE,951.6588134765625
2020-11-10,RELIANCE,RELIANCE,958.53515625
2020-11-11,RELIANCE,RELIANCE,964.07318115234375
2020-11-12,RELIANCE,RELIANCE,914.231201171875
2020-11-13,RELIANCE,RELIANCE,914.69268798828125
2020-11-14,RELIANCE,RELIANCE,929.87603759765625
2020-11-17,RELIANCE,RELIANCE,962.2271728515625
2020-11-18,RELIANCE,RELIANCE,919.884521484375
2020-11-19,RELIANCE,RELIANCE,917.09246826171875
2020-11-20,RELIANCE,RELIANCE,911.462158203125
2020-11-23,RELIANCE,RELIANCE,900.38616943359375
2020-11-24,RELIANCE,RELIANCE,906.38568115234375
2020-11-25,RELIANCE,RELIANCE,913.7696533203125
2020-11-26,RELIANCE,RELIANCE,901.332275390625
2020-11-27,RELIANCE,RELIANCE,895.5404052734375
2020-12-01,RELIANCE,RELIANCE,895.47119140625
2020-12-02,RELIANCE,RELIANCE,903.847412109375
2020-12-03,RELIANCE,RELIANCE,910.07769775390625
2020-12-04,RELIANCE,RELIANCE,908.69317626953125
2020-12-07,RELIANCE,RELIANCE,895.58660888671875
2020-12-08,RELIANCE,RELIANCE,905.0704345703125
2020-12-09,RELIANCE,RELIANCE,927.59161376953125
2020-12-10,RELIANCE,RELIANCE,932.96807861328125
2020-12-11,RELIANCE,RELIANCE,928.9991455078125
2020-12-14,RELIANCE,RELIANCE,926.6685791015625
2020-12-15,RELIANCE,RELIANCE,918.2462158203125
2020-12-16,RELIANCE,RELIANCE,917.461669921875
2020-12-17,RELIANCE,RELIANCE,915.846435546875
2020-12-18,RELIANCE,RELIANCE,913.81585693359375
2020-12-21,RELIANCE,RELIANCE,927.61468505859375
2020-12-22,RELIANCE,RELIANCE,899.46319580078125
2020-12-23,RELIANCE,RELIANCE,890.6947021484375
2020-12-24,RELIANCE,RELIANCE,898.5401611328125
2020-12-28,RELIANCE,RELIANCE,926.09173583984375
2020-12-29,RELIANCE,RELIANCE,927.1531982421875
2020-12-30,RELIANCE,RELIANCE,920.80755615234375
2020-12-31,RELIANCE,RELIANCE,919.99993896484375
2021-01-01,RELIANCE,RELIANCE,917.461669921875
2021-01-04,RELIANCE,RELIANCE,920.73834228515625
2021-01-05,RELIANCE,RELIANCE,908.69317626953125
2021-01-06,RELIANCE,RELIANCE,907.26251220703125
2021-01-07,RELIANCE,RELIANCE,886.3104248046875
2021-01-08,RELIANCE,RELIANCE,885.15667724609375
2021-01-11,RELIANCE,RELIANCE,894.755859375
2021-01-12,RELIANCE,RELIANCE,878.23419189453125
2021-01-13,RELIANCE,RELIANCE,906.177978515625
2021-01-14,RELIANCE,RELIANCE,897.6171875
2021-01-15,RELIANCE,RELIANCE,904.81658935546875
2021-01-18,RELIANCE,RELIANCE,899.50933837890625
2021-01-19,RELIANCE,RELIANCE,920.5306396484375
2021-01-20,RELIANCE,RELIANCE,932.87579345703125
2021-01-21,RELIANCE,RELIANCE,960.8426513671875
2021-01-22,RELIANCE,RELIANCE,974.22613525390625
2021-01-25,RELIANCE,RELIANCE,939.12908935546875
2021-01-27,RELIANCE,RELIANCE,888.38720703125
2021-01-28,RELIANCE,RELIANCE,867.68890380859375
2021-01-29,RELIANCE,RELIANCE,874.2191162109375
2021-02-01,RELIANCE,RELIANCE,858.11279296875
2021-02-02,RELIANCE,RELIANCE,883.42608642578125
2021-02-03,RELIANCE,RELIANCE,889.91015625
2021-02-04,RELIANCE,RELIANCE,887.9256591796875
2021-02-05,RELIANCE,RELIANCE,890.7177734375
2021-02-08,RELIANCE,RELIANCE,892.10223388671875
2021-02-09,RELIANCE,RELIANCE,905.43963623046875
2021-02-10,RELIANCE,RELIANCE,901.65533447265625
2021-02-11,RELIANCE,RELIANCE,913.7696533203125
2021-02-12,RELIANCE,RELIANCE,948.6129150390625
2021-02-15,RELIANCE,RELIANCE,945.17474365234375
2021-02-16,RELIANCE,RELIANCE,941.34429931640625
2021-02-17,RELIANCE,RELIANCE,950.68963623046875
2021-02-18,RELIANCE,RELIANCE,962.2271728515625
2021-02-19,RELIANCE,RELIANCE,949.30517578125
2021-02-22,RELIANCE,RELIANCE,959.919677734375
2021-02-23,RELIANCE,RELIANCE,945.15167236328125
2021-02-24,RELIANCE,RELIANCE,936.84466552734375
2021-02-25,RELIANCE,RELIANCE,958.07366943359375
2021-02-26,RELIANCE,RELIANCE,976.99517822265625
2021-03-01,RELIANCE,RELIANCE,973.85693359375
2021-03-02,RELIANCE,RELIANCE,979.30267333984375
2021-03-03,RELIANCE,RELIANCE,978.8642578125
2021-03-04,RELIANCE,RELIANCE,1006.0696411132813
2021-03-05,RELIANCE,RELIANCE,994.99365234375
2021-03-08,RELIANCE,RELIANCE,1000.7623901367188
2021-03-09,RELIANCE,RELIANCE,1015.2996215820313
2021-03-10,RELIANCE,RELIANCE,1018.5301513671875
2021-03-12,RELIANCE,RELIANCE,1012.9921264648438
2021-03-15,RELIANCE,RELIANCE,987.63275146484375
2021-03-16,RELIANCE,RELIANCE,975.61065673828125
2021-03-17,RELIANCE,RELIANCE,968.249755859375
2021-03-18,RELIANCE,RELIANCE,956.64300537109375
2021-03-19,RELIANCE,RELIANCE,918.84619140625
2021-03-22,RELIANCE,RELIANCE,955.76617431640625
2021-03-23,RELIANCE,RELIANCE,951.589599609375
2021-03-24,RELIANCE,RELIANCE,959.80426025390625
2021-03-25,RELIANCE,RELIANCE,947.920654296875
2021-03-26,RELIANCE,RELIANCE,928.53765869140625
2021-03-30,RELIANCE,RELIANCE,926.691650390625
2021-03-31,RELIANCE,RELIANCE,931.30670166015625
2021-04-01,RELIANCE,RELIANCE,931.30670166015625
2021-04-05,RELIANCE,RELIANCE,934.51409912109375
2021-04-06,RELIANCE,RELIANCE,924.845703125
2021-04-07,RELIANCE,RELIANCE,922.99969482421875
2021-04-08,RELIANCE,RELIANCE,928.076171875
2021-04-09,RELIANCE,RELIANCE,922.28436279296875
2021-04-12,RELIANCE,RELIANCE,904.07818603515625
2021-04-13,RELIANCE,RELIANCE,887.9256591796875
2021-04-15,RELIANCE,RELIANCE,888.98712158203125
2021-04-16,RELIANCE,RELIANCE,893.7406005859375
2021-04-19,RELIANCE,RELIANCE,878.6956787109375
2021-04-20,RELIANCE,RELIANCE,881.6954345703125
2021-04-22,RELIANCE,RELIANCE,873.2730712890625
2021-04-23,RELIANCE,RELIANCE,879.61871337890625
2021-04-26,RELIANCE,RELIANCE,886.0797119140625
2021-04-27,RELIANCE,RELIANCE,895.3096923828125
2021-04-28,RELIANCE,RELIANCE,922.0074462890625
2021-04-29,RELIANCE,RELIANCE,933.5679931640625
2021-04-30,RELIANCE,RELIANCE,926.92242431640625
2021-05-03,RELIANCE,RELIANCE,907.30865478515625
2021-05-04,RELIANCE,RELIANCE,899.9246826171875
2021-05-05,RELIANCE,RELIANCE,887.625732421875
2021-05-06,RELIANCE,RELIANCE,886.9334716796875
2021-05-07,RELIANCE,RELIANCE,894.27130126953125
2021-05-10,RELIANCE,RELIANCE,894.84820556640625
2021-05-11,RELIANCE,RELIANCE,883.772216796875
2021-05-12,RELIANCE,RELIANCE,890.7408447265625
2021-05-14,RELIANCE,RELIANCE,889.79473876953125
2021-05-17,RELIANCE,RELIANCE,894.06365966796875
2021-05-18,RELIANCE,RELIANCE,914.231201171875
2021-05-19,RELIANCE,RELIANCE,913.7696533203125
2021-05-20,RELIANCE,RELIANCE,922.030517578125
2021-05-21,RELIANCE,RELIANCE,919.30767822265625
2021-05-24,RELIANCE,RELIANCE,926.691650390625
2021-05-25,RELIANCE,RELIANCE,921.3382568359375
2021-05-26,RELIANCE,RELIANCE,911.462158203125
2021-05-27,RELIANCE,RELIANCE,909.29315185546875
2021-05-28,RELIANCE,RELIANCE,918.38470458984375
2021-05-31,RELIANCE,RELIANCE,970.0726318359375
2021-06-01,RELIANCE,RELIANCE,999.608642578125
2021-06-02,RELIANCE,RELIANCE,995.45513916015625
2021-06-03,RELIANCE,RELIANCE,1024.9910888671875
2021-06-04,RELIANCE,RELIANCE,1022.1298217773438
2021-06-07,RELIANCE,RELIANCE,1016.22265625
2021-06-08,RELIANCE,RELIANCE,1027.5755615234375
2021-06-09,RELIANCE,RELIANCE,1024.068115234375
2021-06-10,RELIANCE,RELIANCE,1012.2537231445313
2021-06-11,RELIANCE,RELIANCE,1007.4080200195313
2021-06-14,RELIANCE,RELIANCE,1022.22216796875
2021-06-15,RELIANCE,RELIANCE,1043.451171875
2021-06-16,RELIANCE,RELIANCE,1036.02099609375
2021-06-17,RELIANCE,RELIANCE,1015.2996215820313
2021-06-18,RELIANCE,RELIANCE,1027.06787109375
2021-06-21,RELIANCE,RELIANCE,1016.9149169921875
2021-06-22,RELIANCE,RELIANCE,1040.2205810546875
2021-06-23,RELIANCE,RELIANCE,1038.3746337890625
2021-06-24,RELIANCE,RELIANCE,1018.4609375
2021-06-25,RELIANCE,RELIANCE,993.83990478515625
2021-06-28,RELIANCE,RELIANCE,979.30267333984375
2021-06-29,RELIANCE,RELIANCE,964.30389404296875
2021-06-30,RELIANCE,RELIANCE,967.41900634765625
2021-07-01,RELIANCE,RELIANCE,977.4566650390625
2021-07-02,RELIANCE,RELIANCE,967.76513671875
2021-07-05,RELIANCE,RELIANCE,985.9713134765625
2021-07-06,RELIANCE,RELIANCE,989.89410400390625
2021-07-07,RELIANCE,RELIANCE,981.956298828125
2021-07-08,RELIANCE,RELIANCE,976.97210693359375
2021-07-09,RELIANCE,RELIANCE,963.61163330078125
2021-07-12,RELIANCE,RELIANCE,959.80426025390625
2021-07-13,RELIANCE,RELIANCE,969.149658203125
2021-07-14,RELIANCE,RELIANCE,969.3111572265625
2021-07-15,RELIANCE,RELIANCE,966.8421630859375
2021-07-16,RELIANCE,RELIANCE,963.49627685546875
2021-07-19,RELIANCE,RELIANCE,969.149658203125
2021-07-20,RELIANCE,RELIANCE,968.91888427734375
2021-07-22,RELIANCE,RELIANCE,977.91815185546875
2021-07-23,RELIANCE,RELIANCE,985.04833984375
2021-07-26,RELIANCE,RELIANCE,972.8416748046875
2021-07-27,RELIANCE,RELIANCE,958.44287109375
2021-07-28,RELIANCE,RELIANCE,949.76666259765625
2021-07-29,RELIANCE,RELIANCE,947.920654296875
2021-07-30,RELIANCE,RELIANCE,949.76666259765625
2021-08-02,RELIANCE,RELIANCE,948.05914306640625
2021-08-03,RELIANCE,RELIANCE,964.53466796875
2021-08-04,RELIANCE,RELIANCE,966.56524658203125
2021-08-05,RELIANCE,RELIANCE,975.74908447265625
2021-08-06,RELIANCE,RELIANCE,982.9715576171875
2021-08-09,RELIANCE,RELIANCE,960.38116455078125
2021-08-10,RELIANCE,RELIANCE,960.8426513671875
2021-08-11,RELIANCE,RELIANCE,967.7420654296875
2021-08-12,RELIANCE,RELIANCE,980.6409912109375
2021-08-13,RELIANCE,RELIANCE,977.13360595703125
2021-08-16,RELIANCE,RELIANCE,991.9246826171875
2021-08-17,RELIANCE,RELIANCE,1000.9239501953125
2021-08-18,RELIANCE,RELIANCE,1003.3006591796875
2021-08-20,RELIANCE,RELIANCE,988.994140625
2021-08-23,RELIANCE,RELIANCE,1003.3006591796875
2021-08-24,RELIANCE,RELIANCE,999.17022705078125
2021-08-25,RELIANCE,RELIANCE,1008.561767578125
2021-08-26,RELIANCE,RELIANCE,1018.9916381835938
2021-08-27,RELIANCE,RELIANCE,1032.3751220703125
2021-08-30,RELIANCE,RELIANCE,1038.3746337890625
2021-08-31,RELIANCE,RELIANCE,1050.7889404296875
2021-09-01,RELIANCE,RELIANCE,1048.9891357421875
2021-09-02,RELIANCE,RELIANCE,1040.68212890625
2021-09-03,RELIANCE,RELIANCE,1066.0645751953125
2021-09-06,RELIANCE,RELIANCE,1113.59912109375
2021-09-07,RELIANCE,RELIANCE,1121.444580078125
2021-09-08,RELIANCE,RELIANCE,1131.59765625
2021-09-09,RELIANCE,RELIANCE,1120.4754638671875
2021-09-13,RELIANCE,RELIANCE,1122.8291015625
2021-09-14,RELIANCE,RELIANCE,1096.0621337890625
2021-09-15,RELIANCE,RELIANCE,1093.0623779296875
2021-09-16,RELIANCE,RELIANCE,1099.0849609375
2021-09-17,RELIANCE,RELIANCE,1128.82861328125
2021-09-20,RELIANCE,RELIANCE,1094.7237548828125
2021-09-21,RELIANCE,RELIANCE,1109.9071044921875
2021-09-22,RELIANCE,RELIANCE,1111.2916259765625
2021-09-23,RELIANCE,RELIANCE,1129.4747314453125
2021-09-24,RELIANCE,RELIANCE,1155.387939453125
2021-09-27,RELIANCE,RELIANCE,1147.7501220703125
2021-09-28,RELIANCE,RELIANCE,1169.4405517578125
2021-09-29,RELIANCE,RELIANCE,1186.0545654296875
2021-09-30,RELIANCE,RELIANCE,1165.287109375
2021-10-01,RELIANCE,RELIANCE,1154.6495361328125
2021-10-04,RELIANCE,RELIANCE,1178.2091064453125
2021-10-05,RELIANCE,RELIANCE,1179.17822265625
2021-10-06,RELIANCE,RELIANCE,1209.1064453125
2021-10-07,RELIANCE,RELIANCE,1197.592041015625
2021-10-08,RELIANCE,RELIANCE,1193.0924072265625
2021-10-11,RELIANCE,RELIANCE,1246.6956787109375
2021-10-12,RELIANCE,RELIANCE,1220.6671142578125
2021-10-13,RELIANCE,RELIANCE,1236.3580322265625
2021-10-14,RELIANCE,RELIANCE,1246.2110595703125
2021-10-18,RELIANCE,RELIANCE,1231.5584716796875
2021-10-19,RELIANCE,RELIANCE,1257.033203125
2021-10-20,RELIANCE,RELIANCE,1265.7786865234375
2021-10-21,RELIANCE,RELIANCE,1258.6947021484375
2021-10-22,RELIANCE,RELIANCE,1209.1295166015625
2021-10-25,RELIANCE,RELIANCE,1236.819580078125
2021-10-26,RELIANCE,RELIANCE,1207.791259765625
2021-10-27,RELIANCE,RELIANCE,1223.8975830078125
2021-10-28,RELIANCE,RELIANCE,1209.1295166015625
2021-10-29,RELIANCE,RELIANCE,1198.122802734375
2021-11-01,RELIANCE,RELIANCE,1170.47900390625
2021-11-02,RELIANCE,RELIANCE,1174.51708984375
2021-11-03,RELIANCE,RELIANCE,1156.5416259765625
2021-11-04,RELIANCE,RELIANCE,1150.4959716796875
2021-11-08,RELIANCE,RELIANCE,1162.70263671875
2021-11-09,RELIANCE,RELIANCE,1156.05712890625
2021-11-10,RELIANCE,RELIANCE,1161.4566650390625
2021-11-11,RELIANCE,RELIANCE,1172.232666015625
2021-11-12,RELIANCE,RELIANCE,1182.7779541015625
2021-11-15,RELIANCE,RELIANCE,1199.8995361328125
2021-11-16,RELIANCE,RELIANCE,1187.0006103515625
2021-11-17,RELIANCE,RELIANCE,1153.2650146484375
2021-11-18,RELIANCE,RELIANCE,1135.28955078125
2021-11-22,RELIANCE,RELIANCE,1124.259765625
2021-11-23,RELIANCE,RELIANCE,1076.7021484375
2021-11-24,RELIANCE,RELIANCE,1098.36962890625
2021-11-25,RELIANCE,RELIANCE,1095.13916015625
2021-11-26,RELIANCE,RELIANCE,1138.8892822265625
2021-11-29,RELIANCE,RELIANCE,1125.644287109375
2021-11-30,RELIANCE,RELIANCE,1138.9815673828125
2021-12-01,RELIANCE,RELIANCE,1122.8291015625
2021-12-02,RELIANCE,RELIANCE,1139.76611328125
2021-12-03,RELIANCE,RELIANCE,1153.01123046875
2021-12-06,RELIANCE,RELIANCE,1114.983642578125
2021-12-07,RELIANCE,RELIANCE,1096.5928955078125
2021-12-08,RELIANCE,RELIANCE,1118.7218017578125
2021-12-09,RELIANCE,RELIANCE,1123.7520751953125
2021-12-10,RELIANCE,RELIANCE,1126.1749267578125
2021-12-13,RELIANCE,RELIANCE,1141.5198974609375
2021-12-14,RELIANCE,RELIANCE,1098.36962890625
2021-12-15,RELIANCE,RELIANCE,1100.215576171875
2021-12-16,RELIANCE,RELIANCE,1110.2301025390625
2021-12-17,RELIANCE,RELIANCE,1106.69970703125
2021-12-20,RELIANCE,RELIANCE,1069.6873779296875
2021-12-21,RELIANCE,RELIANCE,1066.6876220703125
2021-12-22,RELIANCE,RELIANCE,1072.94091796875
2021-12-23,RELIANCE,RELIANCE,1095.6005859375
2021-12-24,RELIANCE,RELIANCE,1093.754638671875
2021-12-27,RELIANCE,RELIANCE,1089.85498046875
2021-12-28,RELIANCE,RELIANCE,1096.3389892578125
2021-12-29,RELIANCE,RELIANCE,1103.4461669921875
2021-12-30,RELIANCE,RELIANCE,1107.599609375
2021-12-31,RELIANCE,RELIANCE,1095.13916015625
2022-01-03,RELIANCE,RELIANCE,1091.4471435546875
2022-01-04,RELIANCE,RELIANCE,1114.9375
2022-01-05,RELIANCE,RELIANCE,1136.212646484375
2022-01-06,RELIANCE,RELIANCE,1131.2283935546875
2022-01-07,RELIANCE,RELIANCE,1121.883056640625
2022-01-10,RELIANCE,RELIANCE,1131.59765625
2022-01-11,RELIANCE,RELIANCE,1124.213623046875
2022-01-12,RELIANCE,RELIANCE,1140.5045166015625
2022-01-13,RELIANCE,RELIANCE,1163.5565185546875
2022-01-14,RELIANCE,RELIANCE,1169.902099609375
2022-01-17,RELIANCE,RELIANCE,1171.28662109375
2022-01-18,RELIANCE,RELIANCE,1179.0167236328125
2022-01-19,RELIANCE,RELIANCE,1167.5946044921875
2022-01-20,RELIANCE,RELIANCE,1153.772705078125
2022-01-21,RELIANCE,RELIANCE,1131.59765625
2022-01-24,RELIANCE,RELIANCE,1142.2120361328125
2022-01-25,RELIANCE,RELIANCE,1084.31689453125
2022-01-27,RELIANCE,RELIANCE,1078.0635986328125
2022-01-28,RELIANCE,RELIANCE,1091.4471435546875
2022-01-31,RELIANCE,RELIANCE,1089.23193359375
2022-02-01,RELIANCE,RELIANCE,1111.2916259765625
2022-02-02,RELIANCE,RELIANCE,1110.830078125
2022-02-03,RELIANCE,RELIANCE,1103.9075927734375
2022-02-04,RELIANCE,RELIANCE,1080.37109375
2022-02-07,RELIANCE,RELIANCE,1080.8326416015625
2022-02-08,RELIANCE,RELIANCE,1075.5946044921875
2022-02-09,RELIANCE,RELIANCE,1094.2852783203125
2022-02-10,RELIANCE,RELIANCE,1105.6151123046875
2022-02-11,RELIANCE,RELIANCE,1095.2545166015625
2022-02-14,RELIANCE,RELIANCE,1080.0250244140625
2022-02-15,RELIANCE,RELIANCE,1085.078369140625
2022-02-16,RELIANCE,RELIANCE,1121.444580078125
2022-02-17,RELIANCE,RELIANCE,1116.875732421875
2022-02-18,RELIANCE,RELIANCE,1128.0902099609375
2022-02-21,RELIANCE,RELIANCE,1113.1375732421875
2022-02-22,RELIANCE,RELIANCE,1085.8629150390625
2022-02-23,RELIANCE,RELIANCE,1108.1072998046875
2022-02-24,RELIANCE,RELIANCE,1063.757080078125
2022-02-25,RELIANCE,RELIANCE,1052.2657470703125
2022-02-28,RELIANCE,RELIANCE,1035.1441650390625
2022-03-02,RELIANCE,RELIANCE,1077.3482666015625
2022-03-03,RELIANCE,RELIANCE,1107.599609375
2022-03-04,RELIANCE,RELIANCE,1085.9090576171875
2022-03-07,RELIANCE,RELIANCE,1051.61962890625
2022-03-08,RELIANCE,RELIANCE,1020.6068725585938
2022-03-09,RELIANCE,RELIANCE,1031.9136962890625
2022-03-10,RELIANCE,RELIANCE,1107.599609375
2022-03-11,RELIANCE,RELIANCE,1096.546630859375
2022-03-14,RELIANCE,RELIANCE,1101.553955078125
2022-03-15,RELIANCE,RELIANCE,1120.49853515625
2022-03-16,RELIANCE,RELIANCE,1099.2926025390625
2022-03-17,RELIANCE,RELIANCE,1122.7137451171875
2022-03-21,RELIANCE,RELIANCE,1127.9056396484375
2022-03-22,RELIANCE,RELIANCE,1135.335693359375
2022-03-23,RELIANCE,RELIANCE,1164.3641357421875
2022-03-24,RELIANCE,RELIANCE,1158.3646240234375
2022-03-25,RELIANCE,RELIANCE,1191.8233642578125
2022-03-28,RELIANCE,RELIANCE,1204.5145263671875
2022-03-29,RELIANCE,RELIANCE,1217.4365234375
2022-03-30,RELIANCE,RELIANCE,1218.3134765625
2022-03-31,RELIANCE,RELIANCE,1229.8740234375
2022-04-01,RELIANCE,RELIANCE,1216.5135498046875
2022-04-04,RELIANCE,RELIANCE,1225.48974609375
2022-04-05,RELIANCE,RELIANCE,1223.482177734375
2022-04-06,RELIANCE,RELIANCE,1193.9462890625
2022-04-07,RELIANCE,RELIANCE,1197.63818359375
2022-04-08,RELIANCE,RELIANCE,1181.4395751953125
2022-04-11,RELIANCE,RELIANCE,1199.8995361328125
2022-04-12,RELIANCE,RELIANCE,1193.9000244140625
2022-04-13,RELIANCE,RELIANCE,1188.13134765625
2022-04-18,RELIANCE,RELIANCE,1168.9791259765625
2022-04-19,RELIANCE,RELIANCE,1180.5166015625
2022-04-20,RELIANCE,RELIANCE,1226.251220703125
2022-04-21,RELIANCE,RELIANCE,1269.5399169921875
2022-04-22,RELIANCE,RELIANCE,1273.23193359375
2022-04-25,RELIANCE,RELIANCE,1265.6171875
2022-04-26,RELIANCE,RELIANCE,1250.66455078125
2022-04-27,RELIANCE,RELIANCE,1271.8243408203125
2022-04-28,RELIANCE,RELIANCE,1296.79150390625
2022-04-29,RELIANCE,RELIANCE,1318.11279296875
2022-05-02,RELIANCE,RELIANCE,1274.66259765625
2022-05-04,RELIANCE,RELIANCE,1285.277099609375
2022-05-05,RELIANCE,RELIANCE,1256.894775390625
2022-05-06,RELIANCE,RELIANCE,1205.5299072265625
2022-05-09,RELIANCE,RELIANCE,1188.3389892578125
2022-05-10,RELIANCE,RELIANCE,1151.442138671875
2022-05-11,RELIANCE,RELIANCE,1141.1275634765625
2022-05-12,RELIANCE,RELIANCE,1120.2908935546875
2022-05-13,RELIANCE,RELIANCE,1119.5986328125
2022-05-16,RELIANCE,RELIANCE,1123.498291015625
2022-05-17,RELIANCE,RELIANCE,1123.7982177734375
2022-05-18,RELIANCE,RELIANCE,1172.048095703125
2022-05-19,RELIANCE,RELIANCE,1146.3656005859375
2022-05-20,RELIANCE,RELIANCE,1159.518310546875
2022-05-23,RELIANCE,RELIANCE,1214.436767578125
2022-05-24,RELIANCE,RELIANCE,1203.130126953125
2022-05-25,RELIANCE,RELIANCE,1216.0521240234375
2022-05-26,RELIANCE,RELIANCE,1211.16015625
2022-05-27,RELIANCE,RELIANCE,1196.692138671875
2022-05-30,RELIANCE,RELIANCE,1206.822021484375
2022-05-31,RELIANCE,RELIANCE,1219.005615234375
2022-06-01,RELIANCE,RELIANCE,1215.72900390625
2022-06-02,RELIANCE,RELIANCE,1215.590576171875
2022-06-03,RELIANCE,RELIANCE,1266.3555908203125
2022-06-06,RELIANCE,RELIANCE,1282.9696044921875
2022-06-07,RELIANCE,RELIANCE,1278.308349609375
2022-06-08,RELIANCE,RELIANCE,1279.6236572265625
2022-06-09,RELIANCE,RELIANCE,1250.66455078125
2022-06-10,RELIANCE,RELIANCE,1279.2314453125
2022-06-13,RELIANCE,RELIANCE,1222.974609375
2022-06-14,RELIANCE,RELIANCE,1222.9976806640625
2022-06-15,RELIANCE,RELIANCE,1207.9989013671875
2022-06-16,RELIANCE,RELIANCE,1210.5140380859375
2022-06-17,RELIANCE,RELIANCE,1181.4395751953125
2022-06-20,RELIANCE,RELIANCE,1202.20703125
2022-06-21,RELIANCE,RELIANCE,1181.4395751953125
2022-06-22,RELIANCE,RELIANCE,1180.562744140625
2022-06-23,RELIANCE,RELIANCE,1160.6951904296875
2022-06-24,RELIANCE,RELIANCE,1144.5196533203125
2022-06-27,RELIANCE,RELIANCE,1174.4940185546875
2022-06-28,RELIANCE,RELIANCE,1145.48876953125
2022-06-29,RELIANCE,RELIANCE,1157.0723876953125
2022-06-30,RELIANCE,RELIANCE,1190.6695556640625
2022-07-01,RELIANCE,RELIANCE,1188.31591796875
2022-07-04,RELIANCE,RELIANCE,1097.885009765625
2022-07-05,RELIANCE,RELIANCE,1118.214111328125
2022-07-06,RELIANCE,RELIANCE,1116.875732421875
2022-07-07,RELIANCE,RELIANCE,1119.552490234375
2022-07-08,RELIANCE,RELIANCE,1115.9066162109375
2022-07-11,RELIANCE,RELIANCE,1096.75439453125
2022-07-12,RELIANCE,RELIANCE,1109.445556640625
2022-07-13,RELIANCE,RELIANCE,1120.1986083984375
2022-07-14,RELIANCE,RELIANCE,1102.0616455078125
2022-07-15,RELIANCE,RELIANCE,1114.5220947265625
2022-07-18,RELIANCE,RELIANCE,1117.2911376953125
2022-07-19,RELIANCE,RELIANCE,1107.738037109375
2022-07-20,RELIANCE,RELIANCE,1172.2095947265625
2022-07-21,RELIANCE,RELIANCE,1150.9805908203125
2022-07-22,RELIANCE,RELIANCE,1153.7496337890625
2022-07-25,RELIANCE,RELIANCE,1138.727783203125
2022-07-26,RELIANCE,RELIANCE,1117.3372802734375
2022-07-27,RELIANCE,RELIANCE,1116.8065185546875
2022-07-28,RELIANCE,RELIANCE,1124.213623046875
2022-07-29,RELIANCE,RELIANCE,1142.0736083984375
2022-08-01,RELIANCE,RELIANCE,1162.5872802734375
2022-08-02,RELIANCE,RELIANCE,1187.2083740234375
2022-08-03,RELIANCE,RELIANCE,1199.8995361328125
2022-08-04,RELIANCE,RELIANCE,1204.5145263671875
2022-08-05,RELIANCE,RELIANCE,1188.8236083984375
2022-08-08,RELIANCE,RELIANCE,1168.0560302734375
2022-08-10,RELIANCE,RELIANCE,1189.2388916015625
2022-08-11,RELIANCE,RELIANCE,1201.3302001953125
2022-08-12,RELIANCE,RELIANCE,1195.4229736328125
2022-08-16,RELIANCE,RELIANCE,1221.2208251953125
2022-08-17,RELIANCE,RELIANCE,1229.8970947265625
2022-08-18,RELIANCE,RELIANCE,1227.589599609375
2022-08-19,RELIANCE,RELIANCE,1222.974609375
2022-08-22,RELIANCE,RELIANCE,1207.7451171875
2022-08-23,RELIANCE,RELIANCE,1197.130615234375
2022-08-24,RELIANCE,RELIANCE,1218.40576171875
2022-08-25,RELIANCE,RELIANCE,1222.489990234375
2022-08-26,RELIANCE,RELIANCE,1215.1290283203125
2022-08-29,RELIANCE,RELIANCE,1192.97705078125
2022-08-30,RELIANCE,RELIANCE,1206.360595703125
2022-09-01,RELIANCE,RELIANCE,1191.892578125
2022-09-02,RELIANCE,RELIANCE,1181.6241455078125
2022-09-05,RELIANCE,RELIANCE,1168.0560302734375
2022-09-06,RELIANCE,RELIANCE,1187.4390869140625
2022-09-07,RELIANCE,RELIANCE,1188.362060546875
2022-09-08,RELIANCE,RELIANCE,1194.4769287109375
2022-09-09,RELIANCE,RELIANCE,1204.5145263671875
2022-09-12,RELIANCE,RELIANCE,1186.308349609375
2022-09-13,RELIANCE,RELIANCE,1208.20654296875
2022-09-14,RELIANCE,RELIANCE,1188.362060546875
2022-09-15,RELIANCE,RELIANCE,1192.0540771484375
2022-09-16,RELIANCE,RELIANCE,1173.940185546875
2022-09-19,RELIANCE,RELIANCE,1153.38037109375
2022-09-20,RELIANCE,RELIANCE,1164.1102294921875
2022-09-21,RELIANCE,RELIANCE,1152.249755859375
2022-09-22,RELIANCE,RELIANCE,1147.28857421875
2022-09-23,RELIANCE,RELIANCE,1146.8271484375
2022-09-26,RELIANCE,RELIANCE,1104.8536376953125
2022-09-27,RELIANCE,RELIANCE,1104.83056640625
2022-09-28,RELIANCE,RELIANCE,1089.3011474609375
2022-09-29,RELIANCE,RELIANCE,1089.1396484375
2022-09-30,RELIANCE,RELIANCE,1066.526123046875
2022-10-03,RELIANCE,RELIANCE,1103.6768798828125
2022-10-04,RELIANCE,RELIANCE,1106.5843505859375
2022-10-06,RELIANCE,RELIANCE,1120.983154296875
2022-10-07,RELIANCE,RELIANCE,1114.360595703125
2022-10-10,RELIANCE,RELIANCE,1109.9071044921875
2022-10-11,RELIANCE,RELIANCE,1114.060546875
2022-10-12,RELIANCE,RELIANCE,1085.4476318359375
2022-10-13,RELIANCE,RELIANCE,1094.4007568359375
2022-10-14,RELIANCE,RELIANCE,1114.5220947265625
2022-10-17,RELIANCE,RELIANCE,1086.8321533203125
2022-10-18,RELIANCE,RELIANCE,1117.7525634765625
2022-10-19,RELIANCE,RELIANCE,1132.7513427734375
2022-10-20,RELIANCE,RELIANCE,1146.8271484375
2022-10-21,RELIANCE,RELIANCE,1157.3031005859375
2022-10-24,RELIANCE,RELIANCE,1135.28955078125
2022-10-25,RELIANCE,RELIANCE,1153.2880859375
2022-10-27,RELIANCE,RELIANCE,1134.3665771484375
2022-10-28,RELIANCE,RELIANCE,1137.5970458984375
2022-10-31,RELIANCE,RELIANCE,1172.671142578125
2022-11-01,RELIANCE,RELIANCE,1199.8995361328125
2022-11-02,RELIANCE,RELIANCE,1168.656005859375
2022-11-03,RELIANCE,RELIANCE,1167.525390625
2022-11-04,RELIANCE,RELIANCE,1178.6243896484375
2022-11-07,RELIANCE,RELIANCE,1195.74609375
2022-11-09,RELIANCE,RELIANCE,1204.653076171875
2022-11-10,RELIANCE,RELIANCE,1195.2845458984375
2022-11-11,RELIANCE,RELIANCE,1199.8995361328125
2022-11-14,RELIANCE,RELIANCE,1214.0906982421875
2022-11-15,RELIANCE,RELIANCE,1210.1910400390625
2022-11-16,RELIANCE,RELIANCE,1204.5145263671875
2022-11-17,RELIANCE,RELIANCE,1192.9539794921875
2022-11-18,RELIANCE,RELIANCE,1203.0146484375
2022-11-21,RELIANCE,RELIANCE,1194.361572265625
2022-11-22,RELIANCE,RELIANCE,1174.51708984375
2022-11-23,RELIANCE,RELIANCE,1188.362060546875
2022-11-24,RELIANCE,RELIANCE,1184.2086181640625
2022-11-25,RELIANCE,RELIANCE,1194.8231201171875
2022-11-28,RELIANCE,RELIANCE,1204.0069580078125
2022-11-29,RELIANCE,RELIANCE,1247.8724365234375
2022-11-30,RELIANCE,RELIANCE,1251.818359375
2022-12-01,RELIANCE,RELIANCE,1265.3402099609375
2022-12-02,RELIANCE,RELIANCE,1259.89453125
2022-12-05,RELIANCE,RELIANCE,1251.5875244140625
2022-12-06,RELIANCE,RELIANCE,1229.9432373046875
2022-12-07,RELIANCE,RELIANCE,1239.1270751953125
2022-12-08,RELIANCE,RELIANCE,1227.589599609375
2022-12-09,RELIANCE,RELIANCE,1221.1285400390625
2022-12-12,RELIANCE,RELIANCE,1193.2078857421875
2022-12-13,RELIANCE,RELIANCE,1205.9451904296875
2022-12-14,RELIANCE,RELIANCE,1217.2750244140625
2022-12-15,RELIANCE,RELIANCE,1201.0533447265625
2022-12-16,RELIANCE,RELIANCE,1186.51611328125
2022-12-19,RELIANCE,RELIANCE,1191.131103515625
2022-12-20,RELIANCE,RELIANCE,1192.469482421875
2022-12-21,RELIANCE,RELIANCE,1209.591064453125
2022-12-22,RELIANCE,RELIANCE,1198.9765625
2022-12-23,RELIANCE,RELIANCE,1182.9625244140625
2022-12-26,RELIANCE,RELIANCE,1160.5567626953125
2022-12-27,RELIANCE,RELIANCE,1167.5946044921875
2022-12-28,RELIANCE,RELIANCE,1171.28662109375
2022-12-29,RELIANCE,RELIANCE,1166.2100830078125
2022-12-30,RELIANCE,RELIANCE,1174.563232421875
2023-01-02,RELIANCE,RELIANCE,1176.8245849609375
2023-01-03,RELIANCE,RELIANCE,1183.7701416015625
2023-01-04,RELIANCE,RELIANCE,1180.0550537109375
2023-01-05,RELIANCE,RELIANCE,1164.5948486328125
2023-01-06,RELIANCE,RELIANCE,1166.048583984375
2023-01-09,RELIANCE,RELIANCE,1174.655517578125
2023-01-10,RELIANCE,RELIANCE,1202.6685791015625
2023-01-11,RELIANCE,RELIANCE,1177.9783935546875
2023-01-12,RELIANCE,RELIANCE,1165.2178955078125
2023-01-13,RELIANCE,RELIANCE,1134.5511474609375
2023-01-16,RELIANCE,RELIANCE,1141.150634765625
2023-01-17,RELIANCE,RELIANCE,1134.3665771484375
2023-01-18,RELIANCE,RELIANCE,1141.5198974609375
2023-01-19,RELIANCE,RELIANCE,1141.242919921875
2023-01-20,RELIANCE,RELIANCE,1142.2120361328125
2023-01-23,RELIANCE,RELIANCE,1130.213134765625
2023-01-24,RELIANCE,RELIANCE,1126.0595703125
2023-01-25,RELIANCE,RELIANCE,1113.3453369140625
2023-01-27,RELIANCE,RELIANCE,1100.4002685546875
2023-01-30,RELIANCE,RELIANCE,1076.0792236328125
2023-01-31,RELIANCE,RELIANCE,1099.2926025390625
2023-02-01,RELIANCE,RELIANCE,1098.3465576171875
2023-02-02,RELIANCE,RELIANCE,1069.756591796875
2023-02-03,RELIANCE,RELIANCE,1084.0631103515625
2023-02-06,RELIANCE,RELIANCE,1068.3720703125
2023-02-07,RELIANCE,RELIANCE,1066.9876708984375
2023-02-08,RELIANCE,RELIANCE,1067.4490966796875
2023-02-09,RELIANCE,RELIANCE,1086.1168212890625
2023-02-10,RELIANCE,RELIANCE,1086.7860107421875
2023-02-13,RELIANCE,RELIANCE,1080.001953125
2023-02-14,RELIANCE,RELIANCE,1075.2716064453125
2023-02-15,RELIANCE,RELIANCE,1096.5235595703125
2023-02-16,RELIANCE,RELIANCE,1130.4207763671875
2023-02-17,RELIANCE,RELIANCE,1116.82958984375
2023-02-20,RELIANCE,RELIANCE,1128.3670654296875
2023-02-21,RELIANCE,RELIANCE,1118.6756591796875
2023-02-22,RELIANCE,RELIANCE,1119.5755615234375
2023-02-23,RELIANCE,RELIANCE,1097.4466552734375
2023-02-24,RELIANCE,RELIANCE,1094.6776123046875
2023-02-27,RELIANCE,RELIANCE,1099.2926025390625
2023-02-28,RELIANCE,RELIANCE,1087.3397216796875
2023-03-01,RELIANCE,RELIANCE,1081.755615234375
2023-03-02,RELIANCE,RELIANCE,1078.525146484375
2023-03-03,RELIANCE,RELIANCE,1084.13232421875
2023-03-06,RELIANCE,RELIANCE,1107.599609375
2023-03-08,RELIANCE,RELIANCE,1111.6146240234375
2023-03-09,RELIANCE,RELIANCE,1114.983642578125
2023-03-10,RELIANCE,RELIANCE,1080.6019287109375
2023-03-13,RELIANCE,RELIANCE,1074.8331298828125
2023-03-14,RELIANCE,RELIANCE,1052.2196044921875
2023-03-15,RELIANCE,RELIANCE,1054.11181640625
2023-03-16,RELIANCE,RELIANCE,1035.1441650390625
2023-03-17,RELIANCE,RELIANCE,1035.9517822265625
2023-03-20,RELIANCE,RELIANCE,1022.22216796875
2023-03-21,RELIANCE,RELIANCE,1024.0450439453125
2023-03-22,RELIANCE,RELIANCE,1054.527099609375
2023-03-23,RELIANCE,RELIANCE,1046.681640625
2023-03-24,RELIANCE,RELIANCE,1036.1824951171875
2023-03-27,RELIANCE,RELIANCE,1023.3759155273438
2023-03-28,RELIANCE,RELIANCE,1036.067138671875
2023-03-29,RELIANCE,RELIANCE,1033.298095703125
2023-03-31,RELIANCE,RELIANCE,1040.68212890625
2023-04-03,RELIANCE,RELIANCE,1082.2171630859375
2023-04-05,RELIANCE,RELIANCE,1083.6015625
2023-04-06,RELIANCE,RELIANCE,1069.8258056640625
2023-04-10,RELIANCE,RELIANCE,1084.524658203125
2023-04-11,RELIANCE,RELIANCE,1077.140625
2023-04-12,RELIANCE,RELIANCE,1078.22509765625
2023-04-13,RELIANCE,RELIANCE,1085.9090576171875
2023-04-17,RELIANCE,RELIANCE,1119.114013671875
2023-04-18,RELIANCE,RELIANCE,1096.985107421875
2023-04-19,RELIANCE,RELIANCE,1079.47119140625
2023-04-20,RELIANCE,RELIANCE,1086.416748046875
2023-04-21,RELIANCE,RELIANCE,1084.8245849609375
2023-04-24,RELIANCE,RELIANCE,1096.0621337890625
2023-04-25,RELIANCE,RELIANCE,1091.9085693359375
2023-04-26,RELIANCE,RELIANCE,1097.9080810546875
2023-04-27,RELIANCE,RELIANCE,1096.0621337890625
2023-04-28,RELIANCE,RELIANCE,1099.2926025390625
2023-05-02,RELIANCE,RELIANCE,1124.305908203125
2023-05-03,RELIANCE,RELIANCE,1128.3670654296875
2023-05-04,RELIANCE,RELIANCE,1117.3603515625
2023-05-05,RELIANCE,RELIANCE,1126.5211181640625
2023-05-08,RELIANCE,RELIANCE,1130.674560546875
2023-05-09,RELIANCE,RELIANCE,1142.2120361328125
2023-05-10,RELIANCE,RELIANCE,1149.1346435546875
2023-05-11,RELIANCE,RELIANCE,1153.2650146484375
2023-05-12,RELIANCE,RELIANCE,1139.812255859375
2023-05-15,RELIANCE,RELIANCE,1149.0885009765625
2023-05-16,RELIANCE,RELIANCE,1150.9805908203125
2023-05-17,RELIANCE,RELIANCE,1136.674072265625
2023-05-18,RELIANCE,RELIANCE,1130.4669189453125
2023-05-19,RELIANCE,RELIANCE,1123.313720703125
2023-05-22,RELIANCE,RELIANCE,1123.7520751953125
2023-05-23,RELIANCE,RELIANCE,1135.589599609375
2023-05-24,RELIANCE,RELIANCE,1128.782470703125
2023-05-25,RELIANCE,RELIANCE,1123.2445068359375
2023-05-26,RELIANCE,RELIANCE,1134.3665771484375
2023-05-29,RELIANCE,RELIANCE,1163.4410400390625
2023-05-30,RELIANCE,RELIANCE,1163.2564697265625
2023-05-31,RELIANCE,RELIANCE,1153.7496337890625
2023-06-01,RELIANCE,RELIANCE,1144.5888671875
2023-06-02,RELIANCE,RELIANCE,1140.3660888671875
2023-06-05,RELIANCE,RELIANCE,1138.6124267578125
2023-06-06,RELIANCE,RELIANCE,1146.11181640625
2023-06-07,RELIANCE,RELIANCE,1147.7501220703125
2023-06-08,RELIANCE,RELIANCE,1156.5185546875
2023-06-09,RELIANCE,RELIANCE,1156.9801025390625
2023-06-12,RELIANCE,RELIANCE,1142.44287109375
2023-06-13,RELIANCE,RELIANCE,1151.442138671875
2023-06-14,RELIANCE,RELIANCE,1163.4410400390625
2023-06-15,RELIANCE,RELIANCE,1177.6552734375
2023-06-16,RELIANCE,RELIANCE,1181.5318603515625
2023-06-19,RELIANCE,RELIANCE,1192.515625
2023-06-20,RELIANCE,RELIANCE,1175.6939697265625
2023-06-21,RELIANCE,RELIANCE,1180.0550537109375
2023-06-22,RELIANCE,RELIANCE,1179.5936279296875
2023-06-23,RELIANCE,RELIANCE,1167.0869140625
2023-06-26,RELIANCE,RELIANCE,1156.9801025390625
2023-06-27,RELIANCE,RELIANCE,1152.157470703125
2023-06-28,RELIANCE,RELIANCE,1159.7491455078125
2023-06-30,RELIANCE,RELIANCE,1175.1632080078125
2023-07-03,RELIANCE,RELIANCE,1180.5396728515625
2023-07-04,RELIANCE,RELIANCE,1211.4371337890625
2023-07-05,RELIANCE,RELIANCE,1204.0531005859375
2023-07-06,RELIANCE,RELIANCE,1188.8466796875
2023-07-07,RELIANCE,RELIANCE,1216.0521240234375
2023-07-10,RELIANCE,RELIANCE,1240.9268798828125
2023-07-11,RELIANCE,RELIANCE,1270.462890625
2023-07-12,RELIANCE,RELIANCE,1276.64697265625
2023-07-13,RELIANCE,RELIANCE,1284.7694091796875
2023-07-14,RELIANCE,RELIANCE,1269.12451171875
2023-07-17,RELIANCE,RELIANCE,1267.7401123046875
2023-07-18,RELIANCE,RELIANCE,1300.0450439453125
2023-07-19,RELIANCE,RELIANCE,1306.0445556640625
2023-07-20,RELIANCE,RELIANCE,1290
2023-07-21,RELIANCE,RELIANCE,1304.5
2023-07-24,RELIANCE,RELIANCE,1240.5
2023-07-25,RELIANCE,RELIANCE,1247
2023-07-26,RELIANCE,RELIANCE,1242.5
2023-07-27,RELIANCE,RELIANCE,1267.0250244140625
2023-07-28,RELIANCE,RELIANCE,1256.0250244140625
2023-07-31,RELIANCE,RELIANCE,1263.925048828125
2023-08-01,RELIANCE,RELIANCE,1277.5
2023-08-02,RELIANCE,RELIANCE,1254.5999755859375
2023-08-03,RELIANCE,RELIANCE,1237.6500244140625
2023-08-04,RELIANCE,RELIANCE,1249.4000244140625
2023-08-07,RELIANCE,RELIANCE,1260.5
2023-08-08,RELIANCE,RELIANCE,1264
2023-08-09,RELIANCE,RELIANCE,1252.425048828125
2023-08-10,RELIANCE,RELIANCE,1262.4749755859375
2023-08-11,RELIANCE,RELIANCE,1266.2249755859375
2023-08-14,RELIANCE,RELIANCE,1269.5
2023-08-16,RELIANCE,RELIANCE,1275.5
2023-08-17,RELIANCE,RELIANCE,1283.550048828125
2023-08-18,RELIANCE,RELIANCE,1265.625
2023-08-21,RELIANCE,RELIANCE,1269.9749755859375
2023-08-22,RELIANCE,RELIANCE,1258.449951171875
2023-08-23,RELIANCE,RELIANCE,1262.0999755859375
2023-08-24,RELIANCE,RELIANCE,1269.949951171875
2023-08-25,RELIANCE,RELIANCE,1228
2023-08-28,RELIANCE,RELIANCE,1236
2023-08-29,RELIANCE,RELIANCE,1226.0250244140625
2023-08-30,RELIANCE,RELIANCE,1216
2023-08-31,RELIANCE,RELIANCE,1211.5
2023-09-01,RELIANCE,RELIANCE,1203.2750244140625
2023-09-04,RELIANCE,RELIANCE,1206.324951171875
2023-09-05,RELIANCE,RELIANCE,1210
2023-09-06,RELIANCE,RELIANCE,1210.550048828125
2023-09-07,RELIANCE,RELIANCE,1210.8499755859375
2023-09-08,RELIANCE,RELIANCE,1220
2023-09-11,RELIANCE,RELIANCE,1226
2023-09-12,RELIANCE,RELIANCE,1241.5
2023-09-13,RELIANCE,RELIANCE,1220
2023-09-14,RELIANCE,RELIANCE,1230
2023-09-15,RELIANCE,RELIANCE,1234
2023-09-18,RELIANCE,RELIANCE,1220.0250244140625
2023-09-20,RELIANCE,RELIANCE,1211.5250244140625
2023-09-21,RELIANCE,RELIANCE,1187.4749755859375
2023-09-22,RELIANCE,RELIANCE,1188
2023-09-25,RELIANCE,RELIANCE,1175.199951171875
2023-09-26,RELIANCE,RELIANCE,1169.2750244140625
2023-09-27,RELIANCE,RELIANCE,1171.75
2023-09-28,RELIANCE,RELIANCE,1191.5
2023-09-29,RELIANCE,RELIANCE,1170.9000244140625
2023-10-03,RELIANCE,RELIANCE,1164.9749755859375
2023-10-04,RELIANCE,RELIANCE,1154.5
2023-10-05,RELIANCE,RELIANCE,1159.625
2023-10-06,RELIANCE,RELIANCE,1158.5250244140625
2023-10-09,RELIANCE,RELIANCE,1154.050048828125
2023-10-10,RELIANCE,RELIANCE,1153.2750244140625
2023-10-11,RELIANCE,RELIANCE,1157.2249755859375
2023-10-12,RELIANCE,RELIANCE,1171.925048828125
2023-10-13,RELIANCE,RELIANCE,1170
2023-10-16,RELIANCE,RELIANCE,1172.5
2023-10-17,RELIANCE,RELIANCE,1178
2023-10-18,RELIANCE,RELIANCE,1177.625
2023-10-19,RELIANCE,RELIANCE,1156
2023-10-20,RELIANCE,RELIANCE,1150
2023-10-23,RELIANCE,RELIANCE,1145
2023-10-25,RELIANCE,RELIANCE,1125.0250244140625
2023-10-26,RELIANCE,RELIANCE,1125.5
2023-10-27,RELIANCE,RELIANCE,1120
2023-10-30,RELIANCE,RELIANCE,1137
2023-10-31,RELIANCE,RELIANCE,1164
2023-11-01,RELIANCE,RELIANCE,1144.574951171875
2023-11-02,RELIANCE,RELIANCE,1156.9749755859375
2023-11-03,RELIANCE,RELIANCE,1163.5999755859375
2023-11-06,RELIANCE,RELIANCE,1166.1500244140625
2023-11-07,RELIANCE,RELIANCE,1167.0250244140625
2023-11-08,RELIANCE,RELIANCE,1166
2023-11-09,RELIANCE,RELIANCE,1167.925048828125
2023-11-10,RELIANCE,RELIANCE,1152.7750244140625
2023-11-13,RELIANCE,RELIANCE,1161.449951171875
2023-11-15,RELIANCE,RELIANCE,1170
2023-11-16,RELIANCE,RELIANCE,1175.550048828125
2023-11-17,RELIANCE,RELIANCE,1176.449951171875
2023-11-20,RELIANCE,RELIANCE,1174.2750244140625
2023-11-21,RELIANCE,RELIANCE,1183
2023-11-22,RELIANCE,RELIANCE,1187.5
2023-11-23,RELIANCE,RELIANCE,1194.0999755859375
2023-11-24,RELIANCE,RELIANCE,1195.800048828125
2023-11-28,RELIANCE,RELIANCE,1196.949951171875
2023-11-29,RELIANCE,RELIANCE,1204
2023-11-30,RELIANCE,RELIANCE,1197.3499755859375
2023-12-01,RELIANCE,RELIANCE,1189
2023-12-04,RELIANCE,RELIANCE,1225
2023-12-05,RELIANCE,RELIANCE,1219.5
2023-12-06,RELIANCE,RELIANCE,1223.550048828125
2023-12-07,RELIANCE,RELIANCE,1230
2023-12-08,RELIANCE,RELIANCE,1231.925048828125
2023-12-11,RELIANCE,RELIANCE,1228
2023-12-12,RELIANCE,RELIANCE,1230
2023-12-13,RELIANCE,RELIANCE,1211
2023-12-14,RELIANCE,RELIANCE,1227
2023-12-15,RELIANCE,RELIANCE,1239
2023-12-18,RELIANCE,RELIANCE,1247.800048828125
2023-12-19,RELIANCE,RELIANCE,1277.5
2023-12-20,RELIANCE,RELIANCE,1285.5250244140625
2023-12-21,RELIANCE,RELIANCE,1263.5
2023-12-22,RELIANCE,RELIANCE,1279.800048828125
2023-12-26,RELIANCE,RELIANCE,1284
2023-12-27,RELIANCE,RELIANCE,1291
2023-12-28,RELIANCE,RELIANCE,1294.9000244140625
2023-12-29,RELIANCE,RELIANCE,1305.550048828125
2024-01-01,RELIANCE,RELIANCE,1290.2750244140625
2024-01-02,RELIANCE,RELIANCE,1292.5
2024-01-03,RELIANCE,RELIANCE,1305
2024-01-04,RELIANCE,RELIANCE,1294
2024-01-05,RELIANCE,RELIANCE,1301.449951171875
2024-01-08,RELIANCE,RELIANCE,1305
2024-01-09,RELIANCE,RELIANCE,1300
2024-01-10,RELIANCE,RELIANCE,1288.5
2024-01-11,RELIANCE,RELIANCE,1329.5
2024-01-12,RELIANCE,RELIANCE,1359.9000244140625
2024-01-15,RELIANCE,RELIANCE,1375
2024-01-16,RELIANCE,RELIANCE,1389.9749755859375
2024-01-17,RELIANCE,RELIANCE,1359.5
2024-01-18,RELIANCE,RELIANCE,1351.4000244140625
2024-01-19,RELIANCE,RELIANCE,1376
2024-01-23,RELIANCE,RELIANCE,1371.75
2024-01-24,RELIANCE,RELIANCE,1335.2249755859375
2024-01-25,RELIANCE,RELIANCE,1342.949951171875
2024-01-29,RELIANCE,RELIANCE,1364.5
2024-01-30,RELIANCE,RELIANCE,1459.949951171875
2024-01-31,RELIANCE,RELIANCE,1404
2024-02-01,RELIANCE,RELIANCE,1435
2024-02-02,RELIANCE,RELIANCE,1433.175048828125
2024-02-05,RELIANCE,RELIANCE,1460.75
2024-02-06,RELIANCE,RELIANCE,1441.8499755859375
2024-02-07,RELIANCE,RELIANCE,1435.925048828125
2024-02-08,RELIANCE,RELIANCE,1450
2024-02-09,RELIANCE,RELIANCE,1454
2024-02-12,RELIANCE,RELIANCE,1460.75
2024-02-13,RELIANCE,RELIANCE,1455.5
2024-02-14,RELIANCE,RELIANCE,1457.5
2024-02-15,RELIANCE,RELIANCE,1483.3499755859375
2024-02-16,RELIANCE,RELIANCE,1476.4749755859375
2024-02-19,RELIANCE,RELIANCE,1462.050048828125
2024-02-20,RELIANCE,RELIANCE,1475.0250244140625
2024-02-21,RELIANCE,RELIANCE,1474
2024-02-22,RELIANCE,RELIANCE,1468.1500244140625
2024-02-23,RELIANCE,RELIANCE,1489.5
2024-02-26,RELIANCE,RELIANCE,1493.550048828125
2024-02-27,RELIANCE,RELIANCE,1483.0250244140625
2024-02-28,RELIANCE,RELIANCE,1483
2024-02-29,RELIANCE,RELIANCE,1465
2024-03-01,RELIANCE,RELIANCE,1463.5
2024-03-04,RELIANCE,RELIANCE,1490.4749755859375
2024-03-05,RELIANCE,RELIANCE,1505.7750244140625
2024-03-06,RELIANCE,RELIANCE,1493.449951171875
2024-03-07,RELIANCE,RELIANCE,1502.9749755859375
2024-03-11,RELIANCE,RELIANCE,1489
2024-03-12,RELIANCE,RELIANCE,1466.5999755859375
2024-03-13,RELIANCE,RELIANCE,1479.7750244140625
2024-03-14,RELIANCE,RELIANCE,1439.699951171875
2024-03-15,RELIANCE,RELIANCE,1425.949951171875
2024-03-18,RELIANCE,RELIANCE,1420
2024-03-19,RELIANCE,RELIANCE,1428.75
2024-03-20,RELIANCE,RELIANCE,1427.949951171875
2024-03-21,RELIANCE,RELIANCE,1452.5250244140625
2024-03-22,RELIANCE,RELIANCE,1449.9749755859375
2024-03-26,RELIANCE,RELIANCE,1445
2024-03-27,RELIANCE,RELIANCE,1448
2024-03-28,RELIANCE,RELIANCE,1492.875
2024-04-01,RELIANCE,RELIANCE,1492.4749755859375
2024-04-02,RELIANCE,RELIANCE,1484
2024-04-03,RELIANCE,RELIANCE,1482.074951171875
2024-04-04,RELIANCE,RELIANCE,1479.75
2024-04-05,RELIANCE,RELIANCE,1460.875
2024-04-08,RELIANCE,RELIANCE,1462.9749755859375
2024-04-09,RELIANCE,RELIANCE,1489
2024-04-10,RELIANCE,RELIANCE,1466.3499755859375
2024-04-12,RELIANCE,RELIANCE,1475.875
2024-04-15,RELIANCE,RELIANCE,1461
2024-04-16,RELIANCE,RELIANCE,1453.3499755859375
2024-04-18,RELIANCE,RELIANCE,1463.5
2024-04-19,RELIANCE,RELIANCE,1456.7750244140625
2024-04-22,RELIANCE,RELIANCE,1472.449951171875
2024-04-23,RELIANCE,RELIANCE,1479
2024-04-24,RELIANCE,RELIANCE,1463.5
2024-04-25,RELIANCE,RELIANCE,1442.5
2024-04-26,RELIANCE,RELIANCE,1463.949951171875
2024-04-29,RELIANCE,RELIANCE,1450
2024-04-30,RELIANCE,RELIANCE,1468
2024-05-02,RELIANCE,RELIANCE,1472
2024-05-03,RELIANCE,RELIANCE,1471
2024-05-06,RELIANCE,RELIANCE,1435.5
2024-05-07,RELIANCE,RELIANCE,1415.9749755859375
2024-05-08,RELIANCE,RELIANCE,1397.5
2024-05-09,RELIANCE,RELIANCE,1413
2024-05-10,RELIANCE,RELIANCE,1396.75
2024-05-13,RELIANCE,RELIANCE,1399.9000244140625
2024-05-14,RELIANCE,RELIANCE,1400.9749755859375
2024-05-15,RELIANCE,RELIANCE,1420.5
2024-05-16,RELIANCE,RELIANCE,1418.550048828125
2024-05-17,RELIANCE,RELIANCE,1423.050048828125
2024-05-21,RELIANCE,RELIANCE,1425.5999755859375
2024-05-22,RELIANCE,RELIANCE,1436.2750244140625
2024-05-23,RELIANCE,RELIANCE,1458.550048828125
2024-05-24,RELIANCE,RELIANCE,1483.625
2024-05-27,RELIANCE,RELIANCE,1480.2249755859375
2024-05-28,RELIANCE,RELIANCE,1468
2024-05-29,RELIANCE,RELIANCE,1446.5
2024-05-30,RELIANCE,RELIANCE,1435.5
2024-05-31,RELIANCE,RELIANCE,1431.300048828125
2024-06-03,RELIANCE,RELIANCE,1483
2024-06-04,RELIANCE,RELIANCE,1498.050048828125
2024-06-05,RELIANCE,RELIANCE,1422
2024-06-06,RELIANCE,RELIANCE,1435
2024-06-07,RELIANCE,RELIANCE,1428.5
2024-06-10,RELIANCE,RELIANCE,1469.949951171875
2024-06-11,RELIANCE,RELIANCE,1469
2024-06-12,RELIANCE,RELIANCE,1457.5
2024-06-13,RELIANCE,RELIANCE,1472
2024-06-14,RELIANCE,RELIANCE,1470
2024-06-18,RELIANCE,RELIANCE,1487.3499755859375
2024-06-19,RELIANCE,RELIANCE,1487.5
2024-06-20,RELIANCE,RELIANCE,1459
2024-06-21,RELIANCE,RELIANCE,1473.625
2024-06-24,RELIANCE,RELIANCE,1445.5250244140625
2024-06-25,RELIANCE,RELIANCE,1443
2024-06-26,RELIANCE,RELIANCE,1446.050048828125
2024-06-27,RELIANCE,RELIANCE,1513.75
2024-06-28,RELIANCE,RELIANCE,1531.0250244140625
2024-07-01,RELIANCE,RELIANCE,1562.5250244140625
2024-07-02,RELIANCE,RELIANCE,1569.5
2024-07-03,RELIANCE,RELIANCE,1566.324951171875
2024-07-04,RELIANCE,RELIANCE,1557
2024-07-05,RELIANCE,RELIANCE,1553.824951171875
2024-07-08,RELIANCE,RELIANCE,1589
2024-07-09,RELIANCE,RELIANCE,1597.5999755859375
2024-07-10,RELIANCE,RELIANCE,1595
2024-07-11,RELIANCE,RELIANCE,1587.5
2024-07-12,RELIANCE,RELIANCE,1584.5
2024-07-15,RELIANCE,RELIANCE,1604.449951171875
2024-07-16,RELIANCE,RELIANCE,1593.5
2024-07-18,RELIANCE,RELIANCE,1576
2024-07-19,RELIANCE,RELIANCE,1586
2024-07-22,RELIANCE,RELIANCE,1537.25
2024-07-23,RELIANCE,RELIANCE,1501
2024-07-24,RELIANCE,RELIANCE,1485
2024-07-25,RELIANCE,RELIANCE,1481
2024-07-26,RELIANCE,RELIANCE,1492.4000244140625
2024-07-29,RELIANCE,RELIANCE,1511.949951171875
2024-07-30,RELIANCE,RELIANCE,1517.0250244140625
2024-07-31,RELIANCE,RELIANCE,1504
2024-08-01,RELIANCE,RELIANCE,1512
2024-08-02,RELIANCE,RELIANCE,1505
2024-08-05,RELIANCE,RELIANCE,1480
2024-08-06,RELIANCE,RELIANCE,1455.1500244140625
2024-08-07,RELIANCE,RELIANCE,1469
2024-08-08,RELIANCE,RELIANCE,1457.5250244140625
2024-08-09,RELIANCE,RELIANCE,1460
2024-08-12,RELIANCE,RELIANCE,1470
2024-08-13,RELIANCE,RELIANCE,1460.75
2024-08-14,RELIANCE,RELIANCE,1463.550048828125
2024-08-16,RELIANCE,RELIANCE,1468.6500244140625
2024-08-19,RELIANCE,RELIANCE,1482.5
2024-08-20,RELIANCE,RELIANCE,1497.2249755859375
2024-08-21,RELIANCE,RELIANCE,1493.25
2024-08-22,RELIANCE,RELIANCE,1503
2024-08-23,RELIANCE,RELIANCE,1503.75
2024-08-26,RELIANCE,RELIANCE,1506.9749755859375
2024-08-27,RELIANCE,RELIANCE,1510.5
2024-08-28,RELIANCE,RELIANCE,1505
2024-08-29,RELIANCE,RELIANCE,1503.0999755859375
2024-08-30,RELIANCE,RELIANCE,1534
2024-09-02,RELIANCE,RELIANCE,1510.875
2024-09-03,RELIANCE,RELIANCE,1521.25
2024-09-04,RELIANCE,RELIANCE,1500.699951171875
2024-09-05,RELIANCE,RELIANCE,1519.050048828125
2024-09-06,RELIANCE,RELIANCE,1492.5
2024-09-09,RELIANCE,RELIANCE,1466.5
2024-09-10,RELIANCE,RELIANCE,1460.5
2024-09-11,RELIANCE,RELIANCE,1463.050048828125
2024-09-12,RELIANCE,RELIANCE,1457
2024-09-13,RELIANCE,RELIANCE,1476.4000244140625
2024-09-16,RELIANCE,RELIANCE,1477.550048828125
2024-09-17,RELIANCE,RELIANCE,1474
2024-09-18,RELIANCE,RELIANCE,1470
2024-09-19,RELIANCE,RELIANCE,1466.25
2024-09-20,RELIANCE,RELIANCE,1474
2024-09-23,RELIANCE,RELIANCE,1491
2024-09-24,RELIANCE,RELIANCE,1488.5
2024-09-25,RELIANCE,RELIANCE,1483.9000244140625
2024-09-26,RELIANCE,RELIANCE,1490.6500244140625
2024-09-27,RELIANCE,RELIANCE,1499
2024-09-30,RELIANCE,RELIANCE,1519.4000244140625
2024-10-01,RELIANCE,RELIANCE,1480.6500244140625
2024-10-03,RELIANCE,RELIANCE,1436.574951171875
2024-10-04,RELIANCE,RELIANCE,1403.925048828125
2024-10-07,RELIANCE,RELIANCE,1393.5
2024-10-08,RELIANCE,RELIANCE,1372.9749755859375
2024-10-09,RELIANCE,RELIANCE,1397.5250244140625
2024-10-10,RELIANCE,RELIANCE,1380.0250244140625
2024-10-11,RELIANCE,RELIANCE,1370
2024-10-14,RELIANCE,RELIANCE,1379.449951171875
2024-10-15,RELIANCE,RELIANCE,1358.5250244140625
2024-10-16,RELIANCE,RELIANCE,1340
2024-10-17,RELIANCE,RELIANCE,1365.699951171875
2024-10-18,RELIANCE,RELIANCE,1352.175048828125
2024-10-21,RELIANCE,RELIANCE,1367.125
2024-10-22,RELIANCE,RELIANCE,1369.199951171875
2024-10-23,RELIANCE,RELIANCE,1337.5
2024-10-24,RELIANCE,RELIANCE,1335.2750244140625
2024-10-25,RELIANCE,RELIANCE,1343.5
2024-10-28,RELIANCE,RELIANCE,1337
2024-10-29,RELIANCE,RELIANCE,1328.0999755859375
2024-10-30,RELIANCE,RELIANCE,1335
2024-10-31,RELIANCE,RELIANCE,1340
2024-11-01,RELIANCE,RELIANCE,1333.050048828125
2024-11-04,RELIANCE,RELIANCE,1337.8499755859375
2024-11-05,RELIANCE,RELIANCE,1293
2024-11-06,RELIANCE,RELIANCE,1310
2024-11-07,RELIANCE,RELIANCE,1324
2024-11-08,RELIANCE,RELIANCE,1297.6500244140625
2024-11-11,RELIANCE,RELIANCE,1278.949951171875
2024-11-12,RELIANCE,RELIANCE,1275.550048828125
2024-11-13,RELIANCE,RELIANCE,1270.25
2024-11-14,RELIANCE,RELIANCE,1253.5999755859375
2024-11-18,RELIANCE,RELIANCE,1267.5999755859375
2024-11-19,RELIANCE,RELIANCE,1260.75
2024-11-21,RELIANCE,RELIANCE,1241.6500244140625
2024-11-22,RELIANCE,RELIANCE,1229.4000244140625
2024-11-25,RELIANCE,RELIANCE,1290
2024-11-26,RELIANCE,RELIANCE,1294.949951171875
2024-11-27,RELIANCE,RELIANCE,1293.5
2024-11-28,RELIANCE,RELIANCE,1289.949951171875
2024-11-29,RELIANCE,RELIANCE,1280
2024-12-02,RELIANCE,RELIANCE,1288
2024-12-03,RELIANCE,RELIANCE,1317
2024-12-04,RELIANCE,RELIANCE,1326
2024-12-05,RELIANCE,RELIANCE,1314.3499755859375
2024-12-06,RELIANCE,RELIANCE,1323.9000244140625
2024-12-09,RELIANCE,RELIANCE,1303
2024-12-10,RELIANCE,RELIANCE,1289.25
2024-12-11,RELIANCE,RELIANCE,1285
2024-12-12,RELIANCE,RELIANCE,1270
2024-12-13,RELIANCE,RELIANCE,1260
2024-12-16,RELIANCE,RELIANCE,1275
2024-12-17,RELIANCE,RELIANCE,1261.050048828125
2024-12-18,RELIANCE,RELIANCE,1240.6500244140625
2024-12-19,RELIANCE,RELIANCE,1239
2024-12-20,RELIANCE,RELIANCE,1224
2024-12-23,RELIANCE,RELIANCE,1215
2024-12-24,RELIANCE,RELIANCE,1222.300048828125
2024-12-26,RELIANCE,RELIANCE,1224.25
2024-12-27,RELIANCE,RELIANCE,1218.300048828125
2024-12-30,RELIANCE,RELIANCE,1216.4000244140625
2024-12-31,RELIANCE,RELIANCE,1208
2025-01-01,RELIANCE,RELIANCE,1214.8499755859375
2025-01-02,RELIANCE,RELIANCE,1221.25
2025-01-03,RELIANCE,RELIANCE,1243.9000244140625
2025-01-06,RELIANCE,RELIANCE,1253.949951171875
2025-01-07,RELIANCE,RELIANCE,1222
2025-01-08,RELIANCE,RELIANCE,1249
2025-01-09,RELIANCE,RELIANCE,1267
2025-01-10,RELIANCE,RELIANCE,1253.8499755859375
2025-01-13,RELIANCE,RELIANCE,1230
2025-01-14,RELIANCE,RELIANCE,1244.0999755859375
2025-01-15,RELIANCE,RELIANCE,1244.949951171875
2025-01-16,RELIANCE,RELIANCE,1258.9000244140625
2025-01-17,RELIANCE,RELIANCE,1322.25
2025-01-20,RELIANCE,RELIANCE,1316
2025-01-21,RELIANCE,RELIANCE,1310.5
2025-01-22,RELIANCE,RELIANCE,1278.300048828125
2025-01-23,RELIANCE,RELIANCE,1270
2025-01-24,RELIANCE,RELIANCE,1266
2025-01-27,RELIANCE,RELIANCE,1239.0999755859375
2025-01-28,RELIANCE,RELIANCE,1238
2025-01-29,RELIANCE,RELIANCE,1236
2025-01-30,RELIANCE,RELIANCE,1235.550048828125
2025-01-31,RELIANCE,RELIANCE,1255.8499755859375
2025-02-01,RELIANCE,RELIANCE,1265.0999755859375
2025-02-03,RELIANCE,RELIANCE,1251
2025-02-04,RELIANCE,RELIANCE,1248.050048828125
2025-02-05,RELIANCE,RELIANCE,1282.6500244140625
2025-02-06,RELIANCE,RELIANCE,1273.699951171875
2025-02-07,RELIANCE,RELIANCE,1276.1500244140625
2025-02-10,RELIANCE,RELIANCE,1264.5
2025-02-11,RELIANCE,RELIANCE,1264.550048828125
2025-02-12,RELIANCE,RELIANCE,1219.449951171875
2025-02-13,RELIANCE,RELIANCE,1217.050048828125
2025-02-14,RELIANCE,RELIANCE,1219
2025-02-17,RELIANCE,RELIANCE,1211.0999755859375
2025-02-18,RELIANCE,RELIANCE,1224.8499755859375
2025-02-19,RELIANCE,RELIANCE,1219.5
2025-02-20,RELIANCE,RELIANCE,1223.949951171875
2025-02-21,RELIANCE,RELIANCE,1228.699951171875
2025-02-24,RELIANCE,RELIANCE,1216.550048828125
2025-02-25,RELIANCE,RELIANCE,1211
2025-02-27,RELIANCE,RELIANCE,1212.800048828125
2025-02-28,RELIANCE,RELIANCE,1202
2025-03-03,RELIANCE,RELIANCE,1204
2025-03-04,RELIANCE,RELIANCE,1162.199951171875
2025-03-05,RELIANCE,RELIANCE,1161
2025-03-06,RELIANCE,RELIANCE,1197
2025-03-07,RELIANCE,RELIANCE,1216
2025-03-10,RELIANCE,RELIANCE,1245
2025-03-11,RELIANCE,RELIANCE,1240
2025-03-12,RELIANCE,RELIANCE,1258
2025-03-13,RELIANCE,RELIANCE,1260.050048828125
2025-03-17,RELIANCE,RELIANCE,1242.1500244140625
2025-03-18,RELIANCE,RELIANCE,1238.8499755859375
2025-03-19,RELIANCE,RELIANCE,1241.050048828125
2025-03-20,RELIANCE,RELIANCE,1251.8499755859375
2025-03-21,RELIANCE,RELIANCE,1275
2025-03-24,RELIANCE,RELIANCE,1291
2025-03-25,RELIANCE,RELIANCE,1307.699951171875
2025-03-26,RELIANCE,RELIANCE,1291
2025-03-27,RELIANCE,RELIANCE,1278.1500244140625
2025-03-28,RELIANCE,RELIANCE,1280
2025-04-01,RELIANCE,RELIANCE,1264.5999755859375
2025-04-02,RELIANCE,RELIANCE,1247.550048828125
2025-04-03,RELIANCE,RELIANCE,1233.050048828125
2025-04-04,RELIANCE,RELIANCE,1241.0999755859375
2025-04-07,RELIANCE,RELIANCE,1132.199951171875
2025-04-08,RELIANCE,RELIANCE,1172
2025-04-09,RELIANCE,RELIANCE,1169.5
2025-04-11,RELIANCE,RELIANCE,1195.1500244140625
2025-04-15,RELIANCE,RELIANCE,1251
2025-04-16,RELIANCE,RELIANCE,1234.0999755859375
2025-04-17,RELIANCE,RELIANCE,1240.199951171875
2025-04-21,RELIANCE,RELIANCE,1270
2025-04-22,RELIANCE,RELIANCE,1300
2025-04-23,RELIANCE,RELIANCE,1297
2025-04-24,RELIANCE,RELIANCE,1292.4000244140625
2025-04-25,RELIANCE,RELIANCE,1303.5
2025-04-28,RELIANCE,RELIANCE,1340
2025-04-29,RELIANCE,RELIANCE,1371
2025-04-30,RELIANCE,RELIANCE,1402
2025-05-02,RELIANCE,RELIANCE,1414
2025-05-05,RELIANCE,RELIANCE,1431
2025-05-06,RELIANCE,RELIANCE,1431
2025-05-07,RELIANCE,RELIANCE,1420.9000244140625
2025-05-08,RELIANCE,RELIANCE,1404.0999755859375
2025-05-09,RELIANCE,RELIANCE,1385.5
2025-05-12,RELIANCE,RELIANCE,1400
2025-05-13,RELIANCE,RELIANCE,1433.5
2025-05-14,RELIANCE,RELIANCE,1420
2025-05-15,RELIANCE,RELIANCE,1425
2025-05-16,RELIANCE,RELIANCE,1453.199951171875
2025-05-19,RELIANCE,RELIANCE,1452.0999755859375
2025-05-20,RELIANCE,RELIANCE,1438.199951171875
2025-05-21,RELIANCE,RELIANCE,1423.9000244140625
2025-05-22,RELIANCE,RELIANCE,1421.199951171875
2025-05-23,RELIANCE,RELIANCE,1406.5999755859375
2025-05-26,RELIANCE,RELIANCE,1432
2025-05-27,RELIANCE,RELIANCE,1426.0999755859375
2025-05-28,RELIANCE,RELIANCE,1420.0999755859375
2025-05-29,RELIANCE,RELIANCE,1412.0999755859375
2025-05-30,RELIANCE,RELIANCE,1418
2025-06-02,RELIANCE,RELIANCE,1412.0999755859375
2025-06-03,RELIANCE,RELIANCE,1422.300048828125
2025-06-04,RELIANCE,RELIANCE,1414.699951171875
2025-06-05,RELIANCE,RELIANCE,1428
2025-06-06,RELIANCE,RELIANCE,1441
2025-06-09,RELIANCE,RELIANCE,1457
2025-06-10,RELIANCE,RELIANCE,1450
2025-06-11,RELIANCE,RELIANCE,1445.800048828125
2025-06-12,RELIANCE,RELIANCE,1453.5
2025-06-13,RELIANCE,RELIANCE,1424
2025-06-16,RELIANCE,RELIANCE,1426.9000244140625
2025-06-17,RELIANCE,RELIANCE,1448
2025-06-18,RELIANCE,RELIANCE,1430
2025-06-19,RELIANCE,RELIANCE,1430.0999755859375
2025-06-20,RELIANCE,RELIANCE,1431
2025-06-23,RELIANCE,RELIANCE,1453
2025-06-24,RELIANCE,RELIANCE,1465
2025-06-25,RELIANCE,RELIANCE,1464
2025-06-26,RELIANCE,RELIANCE,1469.0999755859375
2025-06-27,RELIANCE,RELIANCE,1499.4000244140625
2025-06-30,RELIANCE,RELIANCE,1513.800048828125
2025-07-01,RELIANCE,RELIANCE,1500.5999755859375
2025-07-02,RELIANCE,RELIANCE,1528.4000244140625
2025-07-03,RELIANCE,RELIANCE,1520.800048828125
2025-07-04,RELIANCE,RELIANCE,1524
2025-07-07,RELIANCE,RELIANCE,1526.5999755859375
2025-07-08,RELIANCE,RELIANCE,1536
2025-07-09,RELIANCE,RELIANCE,1536.699951171875
2025-07-10,RELIANCE,RELIANCE,1519.699951171875
2025-07-11,RELIANCE,RELIANCE,1512
2025-07-14,RELIANCE,RELIANCE,1492.199951171875
2025-07-15,RELIANCE,RELIANCE,1486.199951171875
2025-07-16,RELIANCE,RELIANCE,1473
2025-07-17,RELIANCE,RELIANCE,1487.4000244140625
2025-07-18,RELIANCE,RELIANCE,1484.800048828125
2025-07-21,RELIANCE,RELIANCE,1465
2025-07-22,RELIANCE,RELIANCE,1427.4000244140625
2025-07-23,RELIANCE,RELIANCE,1426
2025-07-24,RELIANCE,RELIANCE,1419.199951171875
2025-07-25,RELIANCE,RELIANCE,1398.9000244140625
2025-07-28,RELIANCE,RELIANCE,1392.300048828125
2025-07-29,RELIANCE,RELIANCE,1383
2025-07-30,RELIANCE,RELIANCE,1418.0999755859375
2025-07-31,RELIANCE,RELIANCE,1388.0999755859375
2025-08-01,RELIANCE,RELIANCE,1386.9000244140625
2025-08-04,RELIANCE,RELIANCE,1395.0999755859375
2025-08-05,RELIANCE,RELIANCE,1411
2025-08-06,RELIANCE,RELIANCE,1391.9000244140625
2025-08-07,RELIANCE,RELIANCE,1387.699951171875
2025-08-08,RELIANCE,RELIANCE,1385
2025-08-11,RELIANCE,RELIANCE,1370
2025-08-12,RELIANCE,RELIANCE,1381.9000244140625
2025-08-13,RELIANCE,RELIANCE,1388
2025-08-14,RELIANCE,RELIANCE,1377.300048828125
2025-08-18,RELIANCE,RELIANCE,1390
2025-08-19,RELIANCE,RELIANCE,1390
2025-08-20,RELIANCE,RELIANCE,1413
2025-08-21,RELIANCE,RELIANCE,1425
2025-08-22,RELIANCE,RELIANCE,1420
2025-08-25,RELIANCE,RELIANCE,1414.699951171875
2025-08-26,RELIANCE,RELIANCE,1408
2025-08-28,RELIANCE,RELIANCE,1389.9000244140625
2025-08-29,RELIANCE,RELIANCE,1381.0999755859375
2025-09-01,RELIANCE,RELIANCE,1356
2025-09-02,RELIANCE,RELIANCE,1354.800048828125
2025-09-03,RELIANCE,RELIANCE,1369.699951171875
2025-09-04,RELIANCE,RELIANCE,1371.800048828125
2025-09-05,RELIANCE,RELIANCE,1363
2025-09-08,RELIANCE,RELIANCE,1380
2025-09-09,RELIANCE,RELIANCE,1376.5999755859375
2025-09-10,RELIANCE,RELIANCE,1383.9000244140625
2025-09-11,RELIANCE,RELIANCE,1376
2025-09-12,RELIANCE,RELIANCE,1383.300048828125
2025-09-15,RELIANCE,RELIANCE,1393
2025-09-16,RELIANCE,RELIANCE,1404.699951171875
2025-09-17,RELIANCE,RELIANCE,1407
2025-09-18,RELIANCE,RELIANCE,1420.4000244140625
2025-09-19,RELIANCE,RELIANCE,1414.9000244140625
2025-09-22,RELIANCE,RELIANCE,1403.9000244140625
2025-09-23,RELIANCE,RELIANCE,1391
2025-09-24,RELIANCE,RELIANCE,1385.300048828125
2025-09-25,RELIANCE,RELIANCE,1381.300048828125
2025-09-26,RELIANCE,RELIANCE,1372
2025-09-29,RELIANCE,RELIANCE,1381.5999755859375
2025-09-30,RELIANCE,RELIANCE,1377.0999755859375
2025-10-01,RELIANCE,RELIANCE,1367
2025-10-03,RELIANCE,RELIANCE,1363.199951171875
2025-10-06,RELIANCE,RELIANCE,1360
2025-10-07,RELIANCE,RELIANCE,1376
2025-10-08,RELIANCE,RELIANCE,1384.800048828125
2025-10-09,RELIANCE,RELIANCE,1374
2025-10-10,RELIANCE,RELIANCE,1377.800048828125
2025-10-13,RELIANCE,RELIANCE,1376.9000244140625
2025-10-14,RELIANCE,RELIANCE,1380
2025-10-15,RELIANCE,RELIANCE,1383
2025-10-16,RELIANCE,RELIANCE,1375.0999755859375
2025-10-17,RELIANCE,RELIANCE,1401
2025-10-20,RELIANCE,RELIANCE,1440
2025-10-21,RELIANCE,RELIANCE,1468
2025-10-23,RELIANCE,RELIANCE,1475
2025-10-24,RELIANCE,RELIANCE,1450
2025-10-27,RELIANCE,RELIANCE,1463
2025-10-28,RELIANCE,RELIANCE,1484.0999755859375
2025-10-29,RELIANCE,RELIANCE,1490
2025-10-30,RELIANCE,RELIANCE,1500
2025-10-31,RELIANCE,RELIANCE,1490.4000244140625
2025-11-03,RELIANCE,RELIANCE,1486
2025-11-04,RELIANCE,RELIANCE,1483.9000244140625
2025-11-06,RELIANCE,RELIANCE,1484
2025-11-07,RELIANCE,RELIANCE,1494.5999755859375
2025-11-10,RELIANCE,RELIANCE,1477.9000244140625
2025-11-11,RELIANCE,RELIANCE,1497
2025-11-12,RELIANCE,RELIANCE,1505
2025-11-13,RELIANCE,RELIANCE,1515
2025-11-14,RELIANCE,RELIANCE,1505.5
2025-11-17,RELIANCE,RELIANCE,1520.9000244140625
2025-11-18,RELIANCE,RELIANCE,1521.699951171875
2025-11-19,RELIANCE,RELIANCE,1517.4000244140625
2025-11-20,RELIANCE,RELIANCE,1530
2025-11-21,RELIANCE,RELIANCE,1541
2025-11-24,RELIANCE,RELIANCE,1550
2025-11-25,RELIANCE,RELIANCE,1535.9000244140625
2025-11-26,RELIANCE,RELIANCE,1542.300048828125
2025-11-27,RELIANCE,RELIANCE,1575
2025-11-28,RELIANCE,RELIANCE,1568
2025-12-01,RELIANCE,RELIANCE,1575
2025-12-02,RELIANCE,RELIANCE,1561.0999755859375
2025-12-03,RELIANCE,RELIANCE,1545.199951171875
2025-12-04,RELIANCE,RELIANCE,1536
2025-12-05,RELIANCE,RELIANCE,1530.4000244140625
2025-12-08,RELIANCE,RELIANCE,1539.199951171875
2025-12-09,RELIANCE,RELIANCE,1540.300048828125
2025-12-10,RELIANCE,RELIANCE,1534
2025-12-11,RELIANCE,RELIANCE,1536.9000244140625
2025-12-12,RELIANCE,RELIANCE,1550.800048828125
2025-12-15,RELIANCE,RELIANCE,1551.199951171875
2025-12-16,RELIANCE,RELIANCE,1545
2025-12-17,RELIANCE,RELIANCE,1550
2025-12-18,RELIANCE,RELIANCE,1535.199951171875
2025-12-19,RELIANCE,RELIANCE,1554.4000244140625
2025-12-22,RELIANCE,RELIANCE,1573.5
2025-12-23,RELIANCE,RELIANCE,1580.9000244140625
2025-12-24,RELIANCE,RELIANCE,1572.699951171875
2025-12-26,RELIANCE,RELIANCE,1554.699951171875
2025-12-29,RELIANCE,RELIANCE,1554.9000244140625
2025-12-30,RELIANCE,RELIANCE,1547
2020-01-01,TCS,TCS,2168
2020-01-02,TCS,TCS,2179.949951171875
2020-01-03,TCS,TCS,2164
2020-01-06,TCS,TCS,2205
2020-01-07,TCS,TCS,2200.5
2020-01-08,TCS,TCS,2205
2020-01-09,TCS,TCS,2248.75
2020-01-10,TCS,TCS,2228
2020-01-13,TCS,TCS,2217.85009765625
2020-01-14,TCS,TCS,2195
2020-01-15,TCS,TCS,2213
2020-01-16,TCS,TCS,2226.949951171875
2020-01-17,TCS,TCS,2240.75
2020-01-20,TCS,TCS,2194.89990234375
2020-01-21,TCS,TCS,2169.949951171875
2020-01-22,TCS,TCS,2181
2020-01-23,TCS,TCS,2209.800048828125
2020-01-24,TCS,TCS,2190.949951171875
2020-01-27,TCS,TCS,2189.699951171875
2020-01-28,TCS,TCS,2174
2020-01-29,TCS,TCS,2185
2020-01-30,TCS,TCS,2160
2020-01-31,TCS,TCS,2139.39990234375
2020-02-03,TCS,TCS,2152
2020-02-04,TCS,TCS,2129
2020-02-05,TCS,TCS,2115
2020-02-06,TCS,TCS,2145
2020-02-07,TCS,TCS,2139
2020-02-10,TCS,TCS,2140.89990234375
2020-02-11,TCS,TCS,2163
2020-02-12,TCS,TCS,2151.10009765625
2020-02-13,TCS,TCS,2172.949951171875
2020-02-14,TCS,TCS,2188
2020-02-17,TCS,TCS,2196.949951171875
2020-02-18,TCS,TCS,2199.949951171875
2020-02-19,TCS,TCS,2215.75
2020-02-20,TCS,TCS,2204.5
2020-02-24,TCS,TCS,2156
2020-02-25,TCS,TCS,2115.5
2020-02-26,TCS,TCS,2154
2020-02-27,TCS,TCS,2119.949951171875
2020-02-28,TCS,TCS,2068
2020-03-02,TCS,TCS,2035
2020-03-03,TCS,TCS,2020
2020-03-04,TCS,TCS,2056
2020-03-05,TCS,TCS,2085.699951171875
2020-03-06,TCS,TCS,2098
2020-03-09,TCS,TCS,2075
2020-03-11,TCS,TCS,1933
2020-03-12,TCS,TCS,1904
2020-03-13,TCS,TCS,1687.9000244140625
2020-03-16,TCS,TCS,1755
2020-03-17,TCS,TCS,1730
2020-03-18,TCS,TCS,1676.800048828125
2020-03-19,TCS,TCS,1559.699951171875
2020-03-20,TCS,TCS,1630
2020-03-23,TCS,TCS,1620
2020-03-24,TCS,TCS,1653.050048828125
2020-03-25,TCS,TCS,1700
2020-03-26,TCS,TCS,1831.5999755859375
2020-03-27,TCS,TCS,1820
2020-03-30,TCS,TCS,1766
2020-03-31,TCS,TCS,1837.4000244140625
2020-04-01,TCS,TCS,1825.9000244140625
2020-04-03,TCS,TCS,1740
2020-04-07,TCS,TCS,1710
2020-04-08,TCS,TCS,1760
2020-04-09,TCS,TCS,1750.449951171875
2020-04-13,TCS,TCS,1761
2020-04-15,TCS,TCS,1785
2020-04-16,TCS,TCS,1709.949951171875
2020-04-17,TCS,TCS,1800
2020-04-20,TCS,TCS,1830
2020-04-21,TCS,TCS,1765
2020-04-22,TCS,TCS,1737.6500244140625
2020-04-23,TCS,TCS,1780
2020-04-24,TCS,TCS,1840.699951171875
2020-04-27,TCS,TCS,1832.300048828125
2020-04-28,TCS,TCS,1865
2020-04-29,TCS,TCS,1874
2020-04-30,TCS,TCS,1980
2020-05-04,TCS,TCS,1966
2020-05-05,TCS,TCS,1955.0999755859375
2020-05-06,TCS,TCS,1939.800048828125
2020-05-07,TCS,TCS,1910
2020-05-08,TCS,TCS,1939.0999755859375
2020-05-11,TCS,TCS,1909
2020-05-12,TCS,TCS,1933.4000244140625
2020-05-13,TCS,TCS,1994
2020-05-14,TCS,TCS,1910
2020-05-15,TCS,TCS,1916
2020-05-18,TCS,TCS,1907
2020-05-19,TCS,TCS,1903
2020-05-20,TCS,TCS,1950
2020-05-21,TCS,TCS,1946
2020-05-22,TCS,TCS,1977.0999755859375
2020-05-26,TCS,TCS,2015
2020-05-27,TCS,TCS,1959
2020-05-28,TCS,TCS,1988.5
2020-05-29,TCS,TCS,1982
2020-06-01,TCS,TCS,1990
2020-06-02,TCS,TCS,2060.199951171875
2020-06-03,TCS,TCS,2051.85009765625
2020-06-04,TCS,TCS,2046.75
2020-06-05,TCS,TCS,2091.60009765625
2020-06-08,TCS,TCS,2078.25
2020-06-09,TCS,TCS,2063.10009765625
2020-06-10,TCS,TCS,2077.050048828125
2020-06-11,TCS,TCS,2100
2020-06-12,TCS,TCS,2011.199951171875
2020-06-15,TCS,TCS,2039.0999755859375
2020-06-16,TCS,TCS,2065
2020-06-17,TCS,TCS,2046
2020-06-18,TCS,TCS,2045
2020-06-19,TCS,TCS,2042
2020-06-22,TCS,TCS,2050
2020-06-23,TCS,TCS,2027
2020-06-24,TCS,TCS,2034
2020-06-25,TCS,TCS,2035
2020-06-26,TCS,TCS,2025
2020-06-29,TCS,TCS,2108
2020-06-30,TCS,TCS,2100
2020-07-01,TCS,TCS,2079.699951171875
2020-07-02,TCS,TCS,2102
2020-07-03,TCS,TCS,2163.64990234375
2020-07-06,TCS,TCS,2205
2020-07-07,TCS,TCS,2275
2020-07-08,TCS,TCS,2270
2020-07-09,TCS,TCS,2229
2020-07-10,TCS,TCS,2205.25
2020-07-13,TCS,TCS,2220
2020-07-14,TCS,TCS,2210
2020-07-15,TCS,TCS,2185
2020-07-16,TCS,TCS,2244
2020-07-17,TCS,TCS,2237
2020-07-20,TCS,TCS,2201
2020-07-21,TCS,TCS,2230
2020-07-22,TCS,TCS,2231
2020-07-23,TCS,TCS,2190.949951171875
2020-07-24,TCS,TCS,2154.5
2020-07-27,TCS,TCS,2165
2020-07-28,TCS,TCS,2215
2020-07-29,TCS,TCS,2292
2020-07-30,TCS,TCS,2285.89990234375
2020-07-31,TCS,TCS,2303.14990234375
2020-08-03,TCS,TCS,2290.449951171875
2020-08-04,TCS,TCS,2259.949951171875
2020-08-05,TCS,TCS,2260
2020-08-06,TCS,TCS,2275
2020-08-07,TCS,TCS,2308
2020-08-10,TCS,TCS,2318
2020-08-11,TCS,TCS,2283
2020-08-12,TCS,TCS,2288.35009765625
2020-08-13,TCS,TCS,2273
2020-08-14,TCS,TCS,2277
2020-08-17,TCS,TCS,2263
2020-08-18,TCS,TCS,2262.800048828125
2020-08-19,TCS,TCS,2276.35009765625
2020-08-20,TCS,TCS,2257
2020-08-21,TCS,TCS,2260
2020-08-24,TCS,TCS,2250.60009765625
2020-08-25,TCS,TCS,2245
2020-08-26,TCS,TCS,2242
2020-08-27,TCS,TCS,2266
2020-08-28,TCS,TCS,2268.39990234375
2020-08-31,TCS,TCS,2240
2020-09-01,TCS,TCS,2269
2020-09-02,TCS,TCS,2247
2020-09-03,TCS,TCS,2268
2020-09-04,TCS,TCS,2275
2020-09-07,TCS,TCS,2289
2020-09-08,TCS,TCS,2335.949951171875
2020-09-09,TCS,TCS,2325
2020-09-10,TCS,TCS,2335
2020-09-11,TCS,TCS,2330.949951171875
2020-09-14,TCS,TCS,2384.10009765625
2020-09-15,TCS,TCS,2491.39990234375
2020-09-16,TCS,TCS,2488.949951171875
2020-09-17,TCS,TCS,2480
2020-09-18,TCS,TCS,2485
2020-09-21,TCS,TCS,2465
2020-09-22,TCS,TCS,2485
2020-09-23,TCS,TCS,2510
2020-09-24,TCS,TCS,2450
2020-09-25,TCS,TCS,2368
2020-09-28,TCS,TCS,2440
2020-09-29,TCS,TCS,2434.85009765625
2020-09-30,TCS,TCS,2489
2020-10-01,TCS,TCS,2510
2020-10-05,TCS,TCS,2620
2020-10-06,TCS,TCS,2736
2020-10-07,TCS,TCS,2742
2020-10-08,TCS,TCS,2800
2020-10-09,TCS,TCS,2810
2020-10-12,TCS,TCS,2815.5
2020-10-13,TCS,TCS,2845
2020-10-14,TCS,TCS,2842
2020-10-15,TCS,TCS,2811
2020-10-16,TCS,TCS,2750.10009765625
2020-10-19,TCS,TCS,2774
2020-10-20,TCS,TCS,2725
2020-10-21,TCS,TCS,2739
2020-10-22,TCS,TCS,2661
2020-10-23,TCS,TCS,2687.800048828125
2020-10-26,TCS,TCS,2689.949951171875
2020-10-27,TCS,TCS,2699.75
2020-10-28,TCS,TCS,2650
2020-10-29,TCS,TCS,2608
2020-10-30,TCS,TCS,2636.10009765625
2020-11-02,TCS,TCS,2660
2020-11-03,TCS,TCS,2604
2020-11-04,TCS,TCS,2610
2020-11-05,TCS,TCS,2685
2020-11-06,TCS,TCS,2699
2020-11-09,TCS,TCS,2731.10009765625
2020-11-10,TCS,TCS,2697.199951171875
2020-11-11,TCS,TCS,2667.949951171875
2020-11-12,TCS,TCS,2686
2020-11-13,TCS,TCS,2655.75
2020-11-14,TCS,TCS,2677.949951171875
2020-11-17,TCS,TCS,2695
2020-11-18,TCS,TCS,2661
2020-11-19,TCS,TCS,2637
2020-11-20,TCS,TCS,2655
2020-11-23,TCS,TCS,2690
2020-11-24,TCS,TCS,2734.39990234375
2020-11-25,TCS,TCS,2729
2020-11-26,TCS,TCS,2686
2020-11-27,TCS,TCS,2705
2020-12-01,TCS,TCS,2679
2020-12-02,TCS,TCS,2719
2020-12-03,TCS,TCS,2773.89990234375
2020-12-04,TCS,TCS,2710.800048828125
2020-12-07,TCS,TCS,2715
2020-12-08,TCS,TCS,2740
2020-12-09,TCS,TCS,2815
2020-12-10,TCS,TCS,2818
2020-12-11,TCS,TCS,2792.699951171875
2020-12-14,TCS,TCS,2802
2020-12-15,TCS,TCS,2786
2020-12-16,TCS,TCS,2779
2020-12-17,TCS,TCS,2811
2020-12-18,TCS,TCS,2868
2020-12-21,TCS,TCS,2861
2020-12-22,TCS,TCS,2834
2020-12-23,TCS,TCS,2876.050048828125
2020-12-24,TCS,TCS,2909
2020-12-28,TCS,TCS,2910
2020-12-29,TCS,TCS,2920
2020-12-30,TCS,TCS,2934.39990234375
2020-12-31,TCS,TCS,2900
2021-01-01,TCS,TCS,2880
2021-01-04,TCS,TCS,2950
2021-01-05,TCS,TCS,3039.60009765625
2021-01-06,TCS,TCS,3100
2021-01-07,TCS,TCS,3075
2021-01-08,TCS,TCS,3090
2021-01-11,TCS,TCS,3230
2021-01-12,TCS,TCS,3176.449951171875
2021-01-13,TCS,TCS,3175
2021-01-14,TCS,TCS,3155
2021-01-15,TCS,TCS,3235
2021-01-18,TCS,TCS,3250
2021-01-19,TCS,TCS,3233
2021-01-20,TCS,TCS,3270
2021-01-21,TCS,TCS,3305
2021-01-22,TCS,TCS,3241.89990234375
2021-01-25,TCS,TCS,3308.949951171875
2021-01-27,TCS,TCS,3300
2021-01-28,TCS,TCS,3230
2021-01-29,TCS,TCS,3210.050048828125
2021-02-01,TCS,TCS,3100
2021-02-02,TCS,TCS,3174
2021-02-03,TCS,TCS,3213
2021-02-04,TCS,TCS,3216.050048828125
2021-02-05,TCS,TCS,3198.949951171875
2021-02-08,TCS,TCS,3189.5
2021-02-09,TCS,TCS,3195
2021-02-10,TCS,TCS,3185
2021-02-11,TCS,TCS,3215
2021-02-12,TCS,TCS,3184.199951171875
2021-02-15,TCS,TCS,3209
2021-02-16,TCS,TCS,3150
2021-02-17,TCS,TCS,3105.10009765625
2021-02-18,TCS,TCS,3065
2021-02-19,TCS,TCS,3058
2021-02-22,TCS,TCS,3096
2021-02-23,TCS,TCS,2970
2021-02-24,TCS,TCS,2972
2021-02-25,TCS,TCS,2974
2021-02-26,TCS,TCS,2960
2021-03-01,TCS,TCS,2926
2021-03-02,TCS,TCS,2960
2021-03-03,TCS,TCS,3035
2021-03-04,TCS,TCS,3023
2021-03-05,TCS,TCS,3016.10009765625
2021-03-08,TCS,TCS,3016
2021-03-09,TCS,TCS,3006.949951171875
2021-03-10,TCS,TCS,3075
2021-03-12,TCS,TCS,3075
2021-03-15,TCS,TCS,3041
2021-03-16,TCS,TCS,3060
2021-03-17,TCS,TCS,3105
2021-03-18,TCS,TCS,3125.949951171875
2021-03-19,TCS,TCS,3030
2021-03-22,TCS,TCS,3048.699951171875
2021-03-23,TCS,TCS,3140
2021-03-24,TCS,TCS,3111.199951171875
2021-03-25,TCS,TCS,3112.199951171875
2021-03-26,TCS,TCS,3090.64990234375
2021-03-30,TCS,TCS,3083
2021-03-31,TCS,TCS,3155
2021-04-01,TCS,TCS,3191.10009765625
2021-04-05,TCS,TCS,3171
2021-04-06,TCS,TCS,3275
2021-04-07,TCS,TCS,3259
2021-04-08,TCS,TCS,3270
2021-04-09,TCS,TCS,3354
2021-04-12,TCS,TCS,3322.25
2021-04-13,TCS,TCS,3214
2021-04-15,TCS,TCS,3160.300048828125
2021-04-16,TCS,TCS,3229
2021-04-19,TCS,TCS,3169
2021-04-20,TCS,TCS,3225
2021-04-22,TCS,TCS,3148
2021-04-23,TCS,TCS,3105
2021-04-26,TCS,TCS,3102.050048828125
2021-04-27,TCS,TCS,3106
2021-04-28,TCS,TCS,3149.949951171875
2021-04-29,TCS,TCS,3145.60009765625
2021-04-30,TCS,TCS,3099
2021-05-03,TCS,TCS,3024.89990234375
2021-05-04,TCS,TCS,3062.800048828125
2021-05-05,TCS,TCS,3070
2021-05-06,TCS,TCS,3105.5
2021-05-07,TCS,TCS,3133
2021-05-10,TCS,TCS,3145.949951171875
2021-05-11,TCS,TCS,3125
2021-05-12,TCS,TCS,3120
2021-05-14,TCS,TCS,3098.5
2021-05-17,TCS,TCS,3055
2021-05-18,TCS,TCS,3100
2021-05-19,TCS,TCS,3084
2021-05-20,TCS,TCS,3067.10009765625
2021-05-21,TCS,TCS,3061
2021-05-24,TCS,TCS,3081.5
2021-05-25,TCS,TCS,3092
2021-05-26,TCS,TCS,3120
2021-05-27,TCS,TCS,3161.949951171875
2021-05-28,TCS,TCS,3189.5
2021-05-31,TCS,TCS,3150
2021-06-01,TCS,TCS,3168.60009765625
2021-06-02,TCS,TCS,3150.85009765625
2021-06-03,TCS,TCS,3154.550048828125
2021-06-04,TCS,TCS,3128
2021-06-07,TCS,TCS,3145
2021-06-08,TCS,TCS,3198
2021-06-09,TCS,TCS,3202
2021-06-10,TCS,TCS,3210
2021-06-11,TCS,TCS,3211.550048828125
2021-06-14,TCS,TCS,3279
2021-06-15,TCS,TCS,3298
2021-06-16,TCS,TCS,3262.10009765625
2021-06-17,TCS,TCS,3265.5
2021-06-18,TCS,TCS,3350.89990234375
2021-06-21,TCS,TCS,3265
2021-06-22,TCS,TCS,3304
2021-06-23,TCS,TCS,3329
2021-06-24,TCS,TCS,3284
2021-06-25,TCS,TCS,3375.25
2021-06-28,TCS,TCS,3391.5
2021-06-29,TCS,TCS,3342
2021-06-30,TCS,TCS,3346
2021-07-01,TCS,TCS,3358
2021-07-02,TCS,TCS,3331
2021-07-05,TCS,TCS,3342
2021-07-06,TCS,TCS,3313
2021-07-07,TCS,TCS,3275
2021-07-08,TCS,TCS,3298
2021-07-09,TCS,TCS,3250
2021-07-12,TCS,TCS,3235
2021-07-13,TCS,TCS,3214
2021-07-14,TCS,TCS,3187
2021-07-15,TCS,TCS,3227.60009765625
2021-07-16,TCS,TCS,3213
2021-07-19,TCS,TCS,3180
2021-07-20,TCS,TCS,3184.60009765625
2021-07-22,TCS,TCS,3190
2021-07-23,TCS,TCS,3230
2021-07-26,TCS,TCS,3200
2021-07-27,TCS,TCS,3200
2021-07-28,TCS,TCS,3188
2021-07-29,TCS,TCS,3200.25
2021-07-30,TCS,TCS,3219
2021-08-02,TCS,TCS,3180
2021-08-03,TCS,TCS,3229
2021-08-04,TCS,TCS,3300
2021-08-05,TCS,TCS,3275
2021-08-06,TCS,TCS,3272.550048828125
2021-08-09,TCS,TCS,3323.89990234375
2021-08-10,TCS,TCS,3315.60009765625
2021-08-11,TCS,TCS,3350
2021-08-12,TCS,TCS,3326
2021-08-13,TCS,TCS,3360.75
2021-08-16,TCS,TCS,3460
2021-08-17,TCS,TCS,3482.10009765625
2021-08-18,TCS,TCS,3573.85009765625
2021-08-20,TCS,TCS,3506
2021-08-23,TCS,TCS,3580
2021-08-24,TCS,TCS,3657
2021-08-25,TCS,TCS,3610
2021-08-26,TCS,TCS,3660
2021-08-27,TCS,TCS,3666
2021-08-30,TCS,TCS,3715
2021-08-31,TCS,TCS,3709.39990234375
2021-09-01,TCS,TCS,3796
2021-09-02,TCS,TCS,3734
2021-09-03,TCS,TCS,3825
2021-09-06,TCS,TCS,3849.699951171875
2021-09-07,TCS,TCS,3864
2021-09-08,TCS,TCS,3810
2021-09-09,TCS,TCS,3789.699951171875
2021-09-13,TCS,TCS,3767
2021-09-14,TCS,TCS,3849.949951171875
2021-09-15,TCS,TCS,3882.10009765625
2021-09-16,TCS,TCS,3930
2021-09-17,TCS,TCS,3920
2021-09-20,TCS,TCS,3809
2021-09-21,TCS,TCS,3858
2021-09-22,TCS,TCS,3862.5
2021-09-23,TCS,TCS,3870
2021-09-24,TCS,TCS,3890
2021-09-27,TCS,TCS,3900
2021-09-28,TCS,TCS,3850
2021-09-29,TCS,TCS,3759.800048828125
2021-09-30,TCS,TCS,3805
2021-10-01,TCS,TCS,3781.75
2021-10-04,TCS,TCS,3724.800048828125
2021-10-05,TCS,TCS,3754
2021-10-06,TCS,TCS,3836
2021-10-07,TCS,TCS,3830
2021-10-08,TCS,TCS,3925
2021-10-11,TCS,TCS,3755
2021-10-12,TCS,TCS,3706
2021-10-13,TCS,TCS,3650
2021-10-14,TCS,TCS,3625
2021-10-18,TCS,TCS,3603.449951171875
2021-10-19,TCS,TCS,3669
2021-10-20,TCS,TCS,3612
2021-10-21,TCS,TCS,3604.10009765625
2021-10-22,TCS,TCS,3560
2021-10-25,TCS,TCS,3503
2021-10-26,TCS,TCS,3494.5
2021-10-27,TCS,TCS,3483
2021-10-28,TCS,TCS,3518
2021-10-29,TCS,TCS,3400.050048828125
2021-11-01,TCS,TCS,3437.949951171875
2021-11-02,TCS,TCS,3494
2021-11-03,TCS,TCS,3504.199951171875
2021-11-04,TCS,TCS,3512.949951171875
2021-11-08,TCS,TCS,3548
2021-11-09,TCS,TCS,3508
2021-11-10,TCS,TCS,3498
2021-11-11,TCS,TCS,3480
2021-11-12,TCS,TCS,3506
2021-11-15,TCS,TCS,3528
2021-11-16,TCS,TCS,3569
2021-11-17,TCS,TCS,3550.60009765625
2021-11-18,TCS,TCS,3515.14990234375
2021-11-22,TCS,TCS,3478.39990234375
2021-11-23,TCS,TCS,3445
2021-11-24,TCS,TCS,3472.199951171875
2021-11-25,TCS,TCS,3443.89990234375
2021-11-26,TCS,TCS,3425
2021-11-29,TCS,TCS,3447.14990234375
2021-11-30,TCS,TCS,3491
2021-12-01,TCS,TCS,3535
2021-12-02,TCS,TCS,3589.199951171875
2021-12-03,TCS,TCS,3646.449951171875
2021-12-06,TCS,TCS,3640.449951171875
2021-12-07,TCS,TCS,3562.5
2021-12-08,TCS,TCS,3601
2021-12-09,TCS,TCS,3610
2021-12-10,TCS,TCS,3585
2021-12-13,TCS,TCS,3650
2021-12-14,TCS,TCS,3605
2021-12-15,TCS,TCS,3620
2021-12-16,TCS,TCS,3582
2021-12-17,TCS,TCS,3602.5
2021-12-20,TCS,TCS,3589
2021-12-21,TCS,TCS,3582.64990234375
2021-12-22,TCS,TCS,3624
2021-12-23,TCS,TCS,3648
2021-12-24,TCS,TCS,3685
2021-12-27,TCS,TCS,3671
2021-12-28,TCS,TCS,3710
2021-12-29,TCS,TCS,3692.25
2021-12-30,TCS,TCS,3681.35009765625
2021-12-31,TCS,TCS,3742.800048828125
2022-01-03,TCS,TCS,3750
2022-01-04,TCS,TCS,3831.10009765625
2022-01-05,TCS,TCS,3865
2022-01-06,TCS,TCS,3812
2022-01-07,TCS,TCS,3820
2022-01-10,TCS,TCS,3978
2022-01-11,TCS,TCS,3856
2022-01-12,TCS,TCS,3925
2022-01-13,TCS,TCS,3918
2022-01-14,TCS,TCS,3877.85009765625
2022-01-17,TCS,TCS,3992.699951171875
2022-01-18,TCS,TCS,4033.949951171875
2022-01-19,TCS,TCS,4012
2022-01-20,TCS,TCS,3910
2022-01-21,TCS,TCS,3807
2022-01-24,TCS,TCS,3840
2022-01-25,TCS,TCS,3769.5
2022-01-27,TCS,TCS,3731
2022-01-28,TCS,TCS,3646
2022-01-31,TCS,TCS,3749
2022-02-01,TCS,TCS,3770
2022-02-02,TCS,TCS,3827.89990234375
2022-02-03,TCS,TCS,3851
2022-02-04,TCS,TCS,3815.300048828125
2022-02-07,TCS,TCS,3791
2022-02-08,TCS,TCS,3791.550048828125
2022-02-09,TCS,TCS,3750
2022-02-10,TCS,TCS,3789.800048828125
2022-02-11,TCS,TCS,3752.5
2022-02-14,TCS,TCS,3724
2022-02-15,TCS,TCS,3786
2022-02-16,TCS,TCS,3844
2022-02-17,TCS,TCS,3825
2022-02-18,TCS,TCS,3769
2022-02-21,TCS,TCS,3810
2022-02-22,TCS,TCS,3650
2022-02-23,TCS,TCS,3611
2022-02-24,TCS,TCS,3474
2022-02-25,TCS,TCS,3468
2022-02-28,TCS,TCS,3490
2022-03-02,TCS,TCS,3552.5
2022-03-03,TCS,TCS,3562.85009765625
2022-03-04,TCS,TCS,3501.5
2022-03-07,TCS,TCS,3450
2022-03-08,TCS,TCS,3460
2022-03-09,TCS,TCS,3605
2022-03-10,TCS,TCS,3684
2022-03-11,TCS,TCS,3603.25
2022-03-14,TCS,TCS,3580
2022-03-15,TCS,TCS,3659
2022-03-16,TCS,TCS,3640.5
2022-03-17,TCS,TCS,3696.60009765625
2022-03-21,TCS,TCS,3696
2022-03-22,TCS,TCS,3640
2022-03-23,TCS,TCS,3708
2022-03-24,TCS,TCS,3700
2022-03-25,TCS,TCS,3759.89990234375
2022-03-28,TCS,TCS,3695
2022-03-29,TCS,TCS,3694.75
2022-03-30,TCS,TCS,3738
2022-03-31,TCS,TCS,3740
2022-04-01,TCS,TCS,3748
2022-04-04,TCS,TCS,3762
2022-04-05,TCS,TCS,3772
2022-04-06,TCS,TCS,3809.300048828125
2022-04-07,TCS,TCS,3745.5
2022-04-08,TCS,TCS,3690
2022-04-11,TCS,TCS,3690
2022-04-12,TCS,TCS,3683
2022-04-13,TCS,TCS,3707
2022-04-18,TCS,TCS,3610
2022-04-19,TCS,TCS,3550
2022-04-20,TCS,TCS,3500
2022-04-21,TCS,TCS,3580
2022-04-22,TCS,TCS,3581.10009765625
2022-04-25,TCS,TCS,3558
2022-04-26,TCS,TCS,3575.14990234375
2022-04-27,TCS,TCS,3546
2022-04-28,TCS,TCS,3588
2022-04-29,TCS,TCS,3597
2022-05-02,TCS,TCS,3519.89990234375
2022-05-04,TCS,TCS,3538.5
2022-05-05,TCS,TCS,3512.10009765625
2022-05-06,TCS,TCS,3459
2022-05-09,TCS,TCS,3398
2022-05-10,TCS,TCS,3434
2022-05-11,TCS,TCS,3435
2022-05-12,TCS,TCS,3378
2022-05-13,TCS,TCS,3435
2022-05-16,TCS,TCS,3415
2022-05-17,TCS,TCS,3370
2022-05-18,TCS,TCS,3465
2022-05-19,TCS,TCS,3397
2022-05-20,TCS,TCS,3310
2022-05-23,TCS,TCS,3304.800048828125
2022-05-24,TCS,TCS,3315.14990234375
2022-05-25,TCS,TCS,3292.85009765625
2022-05-26,TCS,TCS,3191
2022-05-27,TCS,TCS,3253.199951171875
2022-05-30,TCS,TCS,3297
2022-05-31,TCS,TCS,3354.14990234375
2022-06-01,TCS,TCS,3388
2022-06-02,TCS,TCS,3355
2022-06-03,TCS,TCS,3459.39990234375
2022-06-06,TCS,TCS,3418
2022-06-07,TCS,TCS,3401.050048828125
2022-06-08,TCS,TCS,3380.14990234375
2022-06-09,TCS,TCS,3385
2022-06-10,TCS,TCS,3382
2022-06-13,TCS,TCS,3290
2022-06-14,TCS,TCS,3190
2022-06-15,TCS,TCS,3218.5
2022-06-16,TCS,TCS,3240
2022-06-17,TCS,TCS,3092
2022-06-20,TCS,TCS,3094
2022-06-21,TCS,TCS,3130
2022-06-22,TCS,TCS,3199.89990234375
2022-06-23,TCS,TCS,3222.949951171875
2022-06-24,TCS,TCS,3339
2022-06-27,TCS,TCS,3350
2022-06-28,TCS,TCS,3307
2022-06-29,TCS,TCS,3271
2022-06-30,TCS,TCS,3272
2022-07-01,TCS,TCS,3260
2022-07-04,TCS,TCS,3312
2022-07-05,TCS,TCS,3255
2022-07-06,TCS,TCS,3218.5
2022-07-07,TCS,TCS,3271
2022-07-08,TCS,TCS,3300
2022-07-11,TCS,TCS,3206.14990234375
2022-07-12,TCS,TCS,3114.89990234375
2022-07-13,TCS,TCS,3104
2022-07-14,TCS,TCS,3056
2022-07-15,TCS,TCS,3018.550048828125
2022-07-18,TCS,TCS,3023
2022-07-19,TCS,TCS,3030.050048828125
2022-07-20,TCS,TCS,3107.800048828125
2022-07-21,TCS,TCS,3167
2022-07-22,TCS,TCS,3185
2022-07-25,TCS,TCS,3165
2022-07-26,TCS,TCS,3164.699951171875
2022-07-27,TCS,TCS,3115
2022-07-28,TCS,TCS,3216
2022-07-29,TCS,TCS,3290
2022-08-01,TCS,TCS,3327
2022-08-02,TCS,TCS,3290
2022-08-03,TCS,TCS,3280
2022-08-04,TCS,TCS,3350
2022-08-05,TCS,TCS,3361.199951171875
2022-08-08,TCS,TCS,3365
2022-08-10,TCS,TCS,3385
2022-08-11,TCS,TCS,3400
2022-08-12,TCS,TCS,3419
2022-08-16,TCS,TCS,3411
2022-08-17,TCS,TCS,3385.10009765625
2022-08-18,TCS,TCS,3390
2022-08-19,TCS,TCS,3387
2022-08-22,TCS,TCS,3365
2022-08-23,TCS,TCS,3319.949951171875
2022-08-24,TCS,TCS,3292
2022-08-25,TCS,TCS,3276
2022-08-26,TCS,TCS,3234.300048828125
2022-08-29,TCS,TCS,3125
2022-08-30,TCS,TCS,3155
2022-09-01,TCS,TCS,3190
2022-09-02,TCS,TCS,3163
2022-09-05,TCS,TCS,3123.64990234375
2022-09-06,TCS,TCS,3135.5
2022-09-07,TCS,TCS,3102
2022-09-08,TCS,TCS,3170
2022-09-09,TCS,TCS,3195
2022-09-12,TCS,TCS,3239.89990234375
2022-09-13,TCS,TCS,3263.449951171875
2022-09-14,TCS,TCS,3135
2022-09-15,TCS,TCS,3130
2022-09-16,TCS,TCS,3076
2022-09-19,TCS,TCS,3036
2022-09-20,TCS,TCS,3050
2022-09-21,TCS,TCS,3028
2022-09-22,TCS,TCS,2990
2022-09-23,TCS,TCS,3004
2022-09-26,TCS,TCS,2959.85009765625
2022-09-27,TCS,TCS,3009.39990234375
2022-09-28,TCS,TCS,2980
2022-09-29,TCS,TCS,3054
2022-09-30,TCS,TCS,2990.85009765625
2022-10-03,TCS,TCS,2995
2022-10-04,TCS,TCS,3029.949951171875
2022-10-06,TCS,TCS,3111
2022-10-07,TCS,TCS,3097.39990234375
2022-10-10,TCS,TCS,3010
2022-10-11,TCS,TCS,3100
2022-10-12,TCS,TCS,3084.89990234375
2022-10-13,TCS,TCS,3100.75
2022-10-14,TCS,TCS,3145
2022-10-17,TCS,TCS,3072.64990234375
2022-10-18,TCS,TCS,3150
2022-10-19,TCS,TCS,3159
2022-10-20,TCS,TCS,3105
2022-10-21,TCS,TCS,3157.800048828125
2022-10-24,TCS,TCS,3170.10009765625
2022-10-25,TCS,TCS,3180.5
2022-10-27,TCS,TCS,3160.699951171875
2022-10-28,TCS,TCS,3150
2022-10-31,TCS,TCS,3199
2022-11-01,TCS,TCS,3214.5
2022-11-02,TCS,TCS,3270
2022-11-03,TCS,TCS,3228.050048828125
2022-11-04,TCS,TCS,3217
2022-11-07,TCS,TCS,3229
2022-11-09,TCS,TCS,3249.800048828125
2022-11-10,TCS,TCS,3170
2022-11-11,TCS,TCS,3269.60009765625
2022-11-14,TCS,TCS,3324
2022-11-15,TCS,TCS,3321
2022-11-16,TCS,TCS,3338.89990234375
2022-11-17,TCS,TCS,3340
2022-11-18,TCS,TCS,3350
2022-11-21,TCS,TCS,3322.5
2022-11-22,TCS,TCS,3280
2022-11-23,TCS,TCS,3330
2022-11-24,TCS,TCS,3316.25
2022-11-25,TCS,TCS,3383
2022-11-28,TCS,TCS,3366
2022-11-29,TCS,TCS,3383
2022-11-30,TCS,TCS,3383
2022-12-01,TCS,TCS,3425
2022-12-02,TCS,TCS,3458.10009765625
2022-12-05,TCS,TCS,3433
2022-12-06,TCS,TCS,3400.050048828125
2022-12-07,TCS,TCS,3368.300048828125
2022-12-08,TCS,TCS,3360
2022-12-09,TCS,TCS,3374.10009765625
2022-12-12,TCS,TCS,3255.5
2022-12-13,TCS,TCS,3277.199951171875
2022-12-14,TCS,TCS,3348.800048828125
2022-12-15,TCS,TCS,3358.800048828125
2022-12-16,TCS,TCS,3275
2022-12-19,TCS,TCS,3227
2022-12-20,TCS,TCS,3198.89990234375
2022-12-21,TCS,TCS,3249
2022-12-22,TCS,TCS,3294
2022-12-23,TCS,TCS,3217
2022-12-26,TCS,TCS,3228.35009765625
2022-12-27,TCS,TCS,3269.199951171875
2022-12-28,TCS,TCS,3249.800048828125
2022-12-29,TCS,TCS,3231.10009765625
2022-12-30,TCS,TCS,3286.050048828125
2023-01-02,TCS,TCS,3261
2023-01-03,TCS,TCS,3252
2023-01-04,TCS,TCS,3306.699951171875
2023-01-05,TCS,TCS,3330.199951171875
2023-01-06,TCS,TCS,3300
2023-01-09,TCS,TCS,3229
2023-01-10,TCS,TCS,3285
2023-01-11,TCS,TCS,3290.10009765625
2023-01-12,TCS,TCS,3329
2023-01-13,TCS,TCS,3342.89990234375
2023-01-16,TCS,TCS,3317
2023-01-17,TCS,TCS,3330
2023-01-18,TCS,TCS,3380
2023-01-19,TCS,TCS,3380
2023-01-20,TCS,TCS,3365
2023-01-23,TCS,TCS,3388
2023-01-24,TCS,TCS,3425
2023-01-25,TCS,TCS,3425.300048828125
2023-01-27,TCS,TCS,3426
2023-01-30,TCS,TCS,3420
2023-01-31,TCS,TCS,3449
2023-02-01,TCS,TCS,3363
2023-02-02,TCS,TCS,3427
2023-02-03,TCS,TCS,3504
2023-02-06,TCS,TCS,3473.14990234375
2023-02-07,TCS,TCS,3468.89990234375
2023-02-08,TCS,TCS,3478.050048828125
2023-02-09,TCS,TCS,3515
2023-02-10,TCS,TCS,3520
2023-02-13,TCS,TCS,3549
2023-02-14,TCS,TCS,3505
2023-02-15,TCS,TCS,3487
2023-02-16,TCS,TCS,3527.199951171875
2023-02-17,TCS,TCS,3526.14990234375
2023-02-20,TCS,TCS,3502
2023-02-21,TCS,TCS,3494
2023-02-22,TCS,TCS,3414.949951171875
2023-02-23,TCS,TCS,3421
2023-02-24,TCS,TCS,3422.5
2023-02-27,TCS,TCS,3390
2023-02-28,TCS,TCS,3328.5
2023-03-01,TCS,TCS,3323
2023-03-02,TCS,TCS,3361
2023-03-03,TCS,TCS,3354
2023-03-06,TCS,TCS,3361.89990234375
2023-03-08,TCS,TCS,3364
2023-03-09,TCS,TCS,3385
2023-03-10,TCS,TCS,3312.89990234375
2023-03-13,TCS,TCS,3333
2023-03-14,TCS,TCS,3280
2023-03-15,TCS,TCS,3250
2023-03-16,TCS,TCS,3208
2023-03-17,TCS,TCS,3150.5
2023-03-20,TCS,TCS,3169.64990234375
2023-03-21,TCS,TCS,3143.300048828125
2023-03-22,TCS,TCS,3130.050048828125
2023-03-23,TCS,TCS,3114.89990234375
2023-03-24,TCS,TCS,3148.89990234375
2023-03-27,TCS,TCS,3135
2023-03-28,TCS,TCS,3127
2023-03-29,TCS,TCS,3129
2023-03-31,TCS,TCS,3189.949951171875
2023-04-03,TCS,TCS,3224.949951171875
2023-04-05,TCS,TCS,3185.5
2023-04-06,TCS,TCS,3225
2023-04-10,TCS,TCS,3220
2023-04-11,TCS,TCS,3264
2023-04-12,TCS,TCS,3227.949951171875
2023-04-13,TCS,TCS,3210
2023-04-17,TCS,TCS,3134.10009765625
2023-04-18,TCS,TCS,3154.949951171875
2023-04-19,TCS,TCS,3130.75
2023-04-20,TCS,TCS,3090
2023-04-21,TCS,TCS,3110
2023-04-24,TCS,TCS,3151.10009765625
2023-04-25,TCS,TCS,3183
2023-04-26,TCS,TCS,3181
2023-04-27,TCS,TCS,3185
2023-04-28,TCS,TCS,3200.39990234375
2023-05-02,TCS,TCS,3235
2023-05-03,TCS,TCS,3216
2023-05-04,TCS,TCS,3180.14990234375
2023-05-05,TCS,TCS,3220
2023-05-08,TCS,TCS,3245
2023-05-09,TCS,TCS,3252.60009765625
2023-05-10,TCS,TCS,3290
2023-05-11,TCS,TCS,3309
2023-05-12,TCS,TCS,3279.14990234375
2023-05-15,TCS,TCS,3284
2023-05-16,TCS,TCS,3256.199951171875
2023-05-17,TCS,TCS,3255.949951171875
2023-05-18,TCS,TCS,3225.949951171875
2023-05-19,TCS,TCS,3210
2023-05-22,TCS,TCS,3230
2023-05-23,TCS,TCS,3306
2023-05-24,TCS,TCS,3276
2023-05-25,TCS,TCS,3294
2023-05-26,TCS,TCS,3293.5
2023-05-29,TCS,TCS,3360.800048828125
2023-05-30,TCS,TCS,3315
2023-05-31,TCS,TCS,3309
2023-06-01,TCS,TCS,3314
2023-06-02,TCS,TCS,3326.25
2023-06-05,TCS,TCS,3315
2023-06-06,TCS,TCS,3280
2023-06-07,TCS,TCS,3253
2023-06-08,TCS,TCS,3261
2023-06-09,TCS,TCS,3245
2023-06-12,TCS,TCS,3215
2023-06-13,TCS,TCS,3260
2023-06-14,TCS,TCS,3243.699951171875
2023-06-15,TCS,TCS,3245.300048828125
2023-06-16,TCS,TCS,3197
2023-06-19,TCS,TCS,3190
2023-06-20,TCS,TCS,3214
2023-06-21,TCS,TCS,3250
2023-06-22,TCS,TCS,3260
2023-06-23,TCS,TCS,3237.300048828125
2023-06-26,TCS,TCS,3205
2023-06-27,TCS,TCS,3202
2023-06-28,TCS,TCS,3208
2023-06-30,TCS,TCS,3220
2023-07-03,TCS,TCS,3314.300048828125
2023-07-04,TCS,TCS,3290
2023-07-05,TCS,TCS,3320
2023-07-06,TCS,TCS,3306.550048828125
2023-07-07,TCS,TCS,3302
2023-07-10,TCS,TCS,3324.75
2023-07-11,TCS,TCS,3295
2023-07-12,TCS,TCS,3280.949951171875
2023-07-13,TCS,TCS,3284
2023-07-14,TCS,TCS,3365
2023-07-17,TCS,TCS,3510
2023-07-18,TCS,TCS,3476
2023-07-19,TCS,TCS,3500
2023-07-20,TCS,TCS,3453.10009765625
2023-07-21,TCS,TCS,3404.050048828125
2023-07-24,TCS,TCS,3381
2023-07-25,TCS,TCS,3397.5
2023-07-26,TCS,TCS,3400.35009765625
2023-07-27,TCS,TCS,3394.949951171875
2023-07-28,TCS,TCS,3385
2023-07-31,TCS,TCS,3364.39990234375
2023-08-01,TCS,TCS,3415
2023-08-02,TCS,TCS,3434.949951171875
2023-08-03,TCS,TCS,3420
2023-08-04,TCS,TCS,3401.25
2023-08-07,TCS,TCS,3453.949951171875
2023-08-08,TCS,TCS,3484.050048828125
2023-08-09,TCS,TCS,3464.89990234375
2023-08-10,TCS,TCS,3450
2023-08-11,TCS,TCS,3438.10009765625
2023-08-14,TCS,TCS,3440.699951171875
2023-08-16,TCS,TCS,3450
2023-08-17,TCS,TCS,3455
2023-08-18,TCS,TCS,3410
2023-08-21,TCS,TCS,3375
2023-08-22,TCS,TCS,3400
2023-08-23,TCS,TCS,3388
2023-08-24,TCS,TCS,3408
2023-08-25,TCS,TCS,3375
2023-08-28,TCS,TCS,3394
2023-08-29,TCS,TCS,3381.050048828125
2023-08-30,TCS,TCS,3398
2023-08-31,TCS,TCS,3401
2023-09-01,TCS,TCS,3366
2023-09-04,TCS,TCS,3378
2023-09-05,TCS,TCS,3420
2023-09-06,TCS,TCS,3434
2023-09-07,TCS,TCS,3430.800048828125
2023-09-08,TCS,TCS,3455.25
2023-09-11,TCS,TCS,3462
2023-09-12,TCS,TCS,3492
2023-09-13,TCS,TCS,3571.10009765625
2023-09-14,TCS,TCS,3570.050048828125
2023-09-15,TCS,TCS,3567.85009765625
2023-09-18,TCS,TCS,3580.050048828125
2023-09-20,TCS,TCS,3580
2023-09-21,TCS,TCS,3588.550048828125
2023-09-22,TCS,TCS,3584
2023-09-25,TCS,TCS,3602.5
2023-09-26,TCS,TCS,3567.60009765625
2023-09-27,TCS,TCS,3590
2023-09-28,TCS,TCS,3600
2023-09-29,TCS,TCS,3537.199951171875
2023-10-03,TCS,TCS,3534.199951171875
2023-10-04,TCS,TCS,3486.300048828125
2023-10-05,TCS,TCS,3554
2023-10-06,TCS,TCS,3591
2023-10-09,TCS,TCS,3645.050048828125
2023-10-10,TCS,TCS,3640.050048828125
2023-10-11,TCS,TCS,3650
2023-10-12,TCS,TCS,3575
2023-10-13,TCS,TCS,3530
2023-10-16,TCS,TCS,3566
2023-10-17,TCS,TCS,3530
2023-10-18,TCS,TCS,3511
2023-10-19,TCS,TCS,3469.5
2023-10-20,TCS,TCS,3450.39990234375
2023-10-23,TCS,TCS,3473
2023-10-25,TCS,TCS,3390.5
2023-10-26,TCS,TCS,3368.050048828125
2023-10-27,TCS,TCS,3350
2023-10-30,TCS,TCS,3350
2023-10-31,TCS,TCS,3399
2023-11-01,TCS,TCS,3355
2023-11-02,TCS,TCS,3343.199951171875
2023-11-03,TCS,TCS,3382
2023-11-06,TCS,TCS,3375
2023-11-07,TCS,TCS,3378
2023-11-08,TCS,TCS,3371.449951171875
2023-11-09,TCS,TCS,3390.10009765625
2023-11-10,TCS,TCS,3338
2023-11-13,TCS,TCS,3356
2023-11-15,TCS,TCS,3383.10009765625
2023-11-16,TCS,TCS,3430.050048828125
2023-11-17,TCS,TCS,3497.85009765625
2023-11-20,TCS,TCS,3491.25
2023-11-21,TCS,TCS,3519.60009765625
2023-11-22,TCS,TCS,3500
2023-11-23,TCS,TCS,3530
2023-11-24,TCS,TCS,3494.25
2023-11-28,TCS,TCS,3457.10009765625
2023-11-29,TCS,TCS,3481
2023-11-30,TCS,TCS,3499.449951171875
2023-12-01,TCS,TCS,3500
2023-12-04,TCS,TCS,3544.64990234375
2023-12-05,TCS,TCS,3538
2023-12-06,TCS,TCS,3532.60009765625
2023-12-07,TCS,TCS,3605
2023-12-08,TCS,TCS,3633
2023-12-11,TCS,TCS,3622.89990234375
2023-12-12,TCS,TCS,3638.949951171875
2023-12-13,TCS,TCS,3643.550048828125
2023-12-14,TCS,TCS,3630
2023-12-15,TCS,TCS,3666.699951171875
2023-12-18,TCS,TCS,3858.10009765625
2023-12-19,TCS,TCS,3845
2023-12-20,TCS,TCS,3827.25
2023-12-21,TCS,TCS,3756.25
2023-12-22,TCS,TCS,3800
2023-12-26,TCS,TCS,3819.85009765625
2023-12-27,TCS,TCS,3799
2023-12-28,TCS,TCS,3824
2023-12-29,TCS,TCS,3792
2024-01-01,TCS,TCS,3790
2024-01-02,TCS,TCS,3811.10009765625
2024-01-03,TCS,TCS,3767
2024-01-04,TCS,TCS,3701.75
2024-01-05,TCS,TCS,3675
2024-01-08,TCS,TCS,3737.89990234375
2024-01-09,TCS,TCS,3709.949951171875
2024-01-10,TCS,TCS,3690
2024-01-11,TCS,TCS,3724
2024-01-12,TCS,TCS,3848
2024-01-15,TCS,TCS,3960
2024-01-16,TCS,TCS,3899
2024-01-17,TCS,TCS,3819
2024-01-18,TCS,TCS,3898
2024-01-19,TCS,TCS,3945
2024-01-23,TCS,TCS,3900
2024-01-24,TCS,TCS,3880
2024-01-25,TCS,TCS,3839.89990234375
2024-01-29,TCS,TCS,3800.800048828125
2024-01-30,TCS,TCS,3807.449951171875
2024-01-31,TCS,TCS,3811.199951171875
2024-02-01,TCS,TCS,3820
2024-02-02,TCS,TCS,3875.050048828125
2024-02-05,TCS,TCS,3983
2024-02-06,TCS,TCS,3997
2024-02-07,TCS,TCS,4153
2024-02-08,TCS,TCS,4090
2024-02-09,TCS,TCS,4136.5498046875
2024-02-12,TCS,TCS,4130
2024-02-13,TCS,TCS,4125.4501953125
2024-02-14,TCS,TCS,4107
2024-02-15,TCS,TCS,4128
2024-02-16,TCS,TCS,4113.25
2024-02-19,TCS,TCS,4123.0498046875
2024-02-20,TCS,TCS,4082.10009765625
2024-02-21,TCS,TCS,4013
2024-02-22,TCS,TCS,3971
2024-02-23,TCS,TCS,4130
2024-02-26,TCS,TCS,4036
2024-02-27,TCS,TCS,3999
2024-02-28,TCS,TCS,4095.60009765625
2024-02-29,TCS,TCS,4099
2024-03-01,TCS,TCS,4107.2001953125
2024-03-04,TCS,TCS,4105
2024-03-05,TCS,TCS,4062
2024-03-06,TCS,TCS,3994.050048828125
2024-03-07,TCS,TCS,4065
2024-03-11,TCS,TCS,4089
2024-03-12,TCS,TCS,4122.35009765625
2024-03-13,TCS,TCS,4205
2024-03-14,TCS,TCS,4153.4501953125
2024-03-15,TCS,TCS,4192.60009765625
2024-03-18,TCS,TCS,4215.25
2024-03-19,TCS,TCS,4051.25
2024-03-20,TCS,TCS,3986
2024-03-21,TCS,TCS,3990.050048828125
2024-03-22,TCS,TCS,3897
2024-03-26,TCS,TCS,3875
2024-03-27,TCS,TCS,3888.5
2024-03-28,TCS,TCS,3850.10009765625
2024-04-01,TCS,TCS,3897.699951171875
2024-04-02,TCS,TCS,3890
2024-04-03,TCS,TCS,3851
2024-04-04,TCS,TCS,3975.89990234375
2024-04-05,TCS,TCS,3978
2024-04-08,TCS,TCS,3983
2024-04-09,TCS,TCS,3984
2024-04-10,TCS,TCS,3956.39990234375
2024-04-12,TCS,TCS,3971
2024-04-15,TCS,TCS,4001.39990234375
2024-04-16,TCS,TCS,3902
2024-04-18,TCS,TCS,3876.800048828125
2024-04-19,TCS,TCS,3838
2024-04-22,TCS,TCS,3837
2024-04-23,TCS,TCS,3877.050048828125
2024-04-24,TCS,TCS,3890
2024-04-25,TCS,TCS,3811.199951171875
2024-04-26,TCS,TCS,3855.14990234375
2024-04-29,TCS,TCS,3838
2024-04-30,TCS,TCS,3872
2024-05-02,TCS,TCS,3778.050048828125
2024-05-03,TCS,TCS,3890.14990234375
2024-05-06,TCS,TCS,3853
2024-05-07,TCS,TCS,3930.800048828125
2024-05-08,TCS,TCS,3961
2024-05-09,TCS,TCS,3962
2024-05-10,TCS,TCS,3962.60009765625
2024-05-13,TCS,TCS,3884.5
2024-05-14,TCS,TCS,3936
2024-05-15,TCS,TCS,3904.5
2024-05-16,TCS,TCS,3891.10009765625
2024-05-17,TCS,TCS,3919
2024-05-21,TCS,TCS,3830.60009765625
2024-05-22,TCS,TCS,3835
2024-05-23,TCS,TCS,3840.949951171875
2024-05-24,TCS,TCS,3878.25
2024-05-27,TCS,TCS,3855
2024-05-28,TCS,TCS,3858
2024-05-29,TCS,TCS,3848.89990234375
2024-05-30,TCS,TCS,3777
2024-05-31,TCS,TCS,3740
2024-06-03,TCS,TCS,3732.800048828125
2024-06-04,TCS,TCS,3700
2024-06-05,TCS,TCS,3716
2024-06-06,TCS,TCS,3781
2024-06-07,TCS,TCS,3837.300048828125
2024-06-10,TCS,TCS,3895
2024-06-11,TCS,TCS,3845
2024-06-12,TCS,TCS,3874.39990234375
2024-06-13,TCS,TCS,3856.800048828125
2024-06-14,TCS,TCS,3889
2024-06-18,TCS,TCS,3826.050048828125
2024-06-19,TCS,TCS,3827.64990234375
2024-06-20,TCS,TCS,3796
2024-06-21,TCS,TCS,3827
2024-06-24,TCS,TCS,3808.75
2024-06-25,TCS,TCS,3817
2024-06-26,TCS,TCS,3844.5
2024-06-27,TCS,TCS,3831
2024-06-28,TCS,TCS,3917.800048828125
2024-07-01,TCS,TCS,3884
2024-07-02,TCS,TCS,3993.60009765625
2024-07-03,TCS,TCS,4020
2024-07-04,TCS,TCS,3999.85009765625
2024-07-05,TCS,TCS,4010
2024-07-08,TCS,TCS,4022
2024-07-09,TCS,TCS,3985
2024-07-10,TCS,TCS,3983.699951171875
2024-07-11,TCS,TCS,3931
2024-07-12,TCS,TCS,3980
2024-07-15,TCS,TCS,4235.7001953125
2024-07-16,TCS,TCS,4172
2024-07-18,TCS,TCS,4160
2024-07-19,TCS,TCS,4317.39990234375
2024-07-22,TCS,TCS,4299.9501953125
2024-07-23,TCS,TCS,4283
2024-07-24,TCS,TCS,4287.5
2024-07-25,TCS,TCS,4295
2024-07-26,TCS,TCS,4350
2024-07-29,TCS,TCS,4415
2024-07-30,TCS,TCS,4391.10009765625
2024-07-31,TCS,TCS,4350
2024-08-01,TCS,TCS,4399.39990234375
2024-08-02,TCS,TCS,4365
2024-08-05,TCS,TCS,4239
2024-08-06,TCS,TCS,4170.9501953125
2024-08-07,TCS,TCS,4228
2024-08-08,TCS,TCS,4181
2024-08-09,TCS,TCS,4217
2024-08-12,TCS,TCS,4230
2024-08-13,TCS,TCS,4213
2024-08-14,TCS,TCS,4209
2024-08-16,TCS,TCS,4350
2024-08-19,TCS,TCS,4421
2024-08-20,TCS,TCS,4505
2024-08-21,TCS,TCS,4518
2024-08-22,TCS,TCS,4560
2024-08-23,TCS,TCS,4500
2024-08-26,TCS,TCS,4489
2024-08-27,TCS,TCS,4505
2024-08-28,TCS,TCS,4498.75
2024-08-29,TCS,TCS,4460
2024-08-30,TCS,TCS,4500
2024-09-02,TCS,TCS,4576
2024-09-03,TCS,TCS,4521.0498046875
2024-09-04,TCS,TCS,4476.9501953125
2024-09-05,TCS,TCS,4481
2024-09-06,TCS,TCS,4473.9501953125
2024-09-09,TCS,TCS,4455
2024-09-10,TCS,TCS,4442.4501953125
2024-09-11,TCS,TCS,4521.4501953125
2024-09-12,TCS,TCS,4510.25
2024-09-13,TCS,TCS,4530
2024-09-16,TCS,TCS,4527
2024-09-17,TCS,TCS,4513.25
2024-09-18,TCS,TCS,4497.0498046875
2024-09-19,TCS,TCS,4390.0498046875
2024-09-20,TCS,TCS,4316.89990234375
2024-09-23,TCS,TCS,4300
2024-09-24,TCS,TCS,4251.64990234375
2024-09-25,TCS,TCS,4252.35009765625
2024-09-26,TCS,TCS,4260
2024-09-27,TCS,TCS,4335
2024-09-30,TCS,TCS,4286.89990234375
2024-10-01,TCS,TCS,4255.5498046875
2024-10-03,TCS,TCS,4262.60009765625
2024-10-04,TCS,TCS,4225
2024-10-07,TCS,TCS,4273.89990234375
2024-10-08,TCS,TCS,4272.60009765625
2024-10-09,TCS,TCS,4260
2024-10-10,TCS,TCS,4253.25
2024-10-11,TCS,TCS,4143
2024-10-14,TCS,TCS,4140
2024-10-15,TCS,TCS,4131.0498046875
2024-10-16,TCS,TCS,4085
2024-10-17,TCS,TCS,4112.7998046875
2024-10-18,TCS,TCS,4090
2024-10-21,TCS,TCS,4132.60009765625
2024-10-22,TCS,TCS,4066
2024-10-23,TCS,TCS,3999.60009765625
2024-10-24,TCS,TCS,4004
2024-10-25,TCS,TCS,4057.050048828125
2024-10-28,TCS,TCS,4068.949951171875
2024-10-29,TCS,TCS,4095.85009765625
2024-10-30,TCS,TCS,4075
2024-10-31,TCS,TCS,4070
2024-11-01,TCS,TCS,3989.85009765625
2024-11-04,TCS,TCS,3966.300048828125
2024-11-05,TCS,TCS,3941.10009765625
2024-11-06,TCS,TCS,4003.60009765625
2024-11-07,TCS,TCS,4169.7001953125
2024-11-08,TCS,TCS,4155
2024-11-11,TCS,TCS,4128.2001953125
2024-11-12,TCS,TCS,4216
2024-11-13,TCS,TCS,4178.10009765625
2024-11-14,TCS,TCS,4135
2024-11-18,TCS,TCS,4213
2024-11-19,TCS,TCS,4019.89990234375
2024-11-21,TCS,TCS,4044.89990234375
2024-11-22,TCS,TCS,4071
2024-11-25,TCS,TCS,4280
2024-11-26,TCS,TCS,4321.0498046875
2024-11-27,TCS,TCS,4358.9501953125
2024-11-28,TCS,TCS,4319
2024-11-29,TCS,TCS,4220
2024-12-02,TCS,TCS,4270
2024-12-03,TCS,TCS,4314.35009765625
2024-12-04,TCS,TCS,4313.5498046875
2024-12-05,TCS,TCS,4400.7998046875
2024-12-06,TCS,TCS,4453
2024-12-09,TCS,TCS,4430.4501953125
2024-12-10,TCS,TCS,4426.14990234375
2024-12-11,TCS,TCS,4431.85009765625
2024-12-12,TCS,TCS,4430.0498046875
2024-12-13,TCS,TCS,4434.9501953125
2024-12-16,TCS,TCS,4459
2024-12-17,TCS,TCS,4410
2024-12-18,TCS,TCS,4311.7001953125
2024-12-19,TCS,TCS,4282
2024-12-20,TCS,TCS,4329
2024-12-23,TCS,TCS,4200.0498046875
2024-12-24,TCS,TCS,4158.2998046875
2024-12-26,TCS,TCS,4179.5
2024-12-27,TCS,TCS,4163
2024-12-30,TCS,TCS,4151
2024-12-31,TCS,TCS,4135
2025-01-01,TCS,TCS,4094.39990234375
2025-01-02,TCS,TCS,4120
2025-01-03,TCS,TCS,4179.9501953125
2025-01-06,TCS,TCS,4105.5
2025-01-07,TCS,TCS,4114.9501953125
2025-01-08,TCS,TCS,4034.89990234375
2025-01-09,TCS,TCS,4101
2025-01-10,TCS,TCS,4200
2025-01-13,TCS,TCS,4245
2025-01-14,TCS,TCS,4302
2025-01-15,TCS,TCS,4218
2025-01-16,TCS,TCS,4260
2025-01-17,TCS,TCS,4159.89990234375
2025-01-20,TCS,TCS,4145.7998046875
2025-01-21,TCS,TCS,4095.300048828125
2025-01-22,TCS,TCS,4050
2025-01-23,TCS,TCS,4168
2025-01-24,TCS,TCS,4104
2025-01-27,TCS,TCS,4102
2025-01-28,TCS,TCS,4070.800048828125
2025-01-29,TCS,TCS,4054
2025-01-30,TCS,TCS,4099.89990234375
2025-01-31,TCS,TCS,4110
2025-02-01,TCS,TCS,4113
2025-02-03,TCS,TCS,4030.89990234375
2025-02-04,TCS,TCS,4083.699951171875
2025-02-05,TCS,TCS,4150
2025-02-06,TCS,TCS,4105.39990234375
2025-02-07,TCS,TCS,4090
2025-02-10,TCS,TCS,4040
2025-02-11,TCS,TCS,4018.39990234375
2025-02-12,TCS,TCS,3971.10009765625
2025-02-13,TCS,TCS,3968
2025-02-14,TCS,TCS,3925
2025-02-17,TCS,TCS,3856.5
2025-02-18,TCS,TCS,3898.39990234375
2025-02-19,TCS,TCS,3872.199951171875
2025-02-20,TCS,TCS,3761.5
2025-02-21,TCS,TCS,3776.10009765625
2025-02-24,TCS,TCS,3743.14990234375
2025-02-25,TCS,TCS,3625
2025-02-27,TCS,TCS,3611.699951171875
2025-02-28,TCS,TCS,3584.949951171875
2025-03-03,TCS,TCS,3485
2025-03-04,TCS,TCS,3474
2025-03-05,TCS,TCS,3520.85009765625
2025-03-06,TCS,TCS,3557
2025-03-07,TCS,TCS,3600
2025-03-10,TCS,TCS,3606.5
2025-03-11,TCS,TCS,3558
2025-03-12,TCS,TCS,3565
2025-03-13,TCS,TCS,3502.300048828125
2025-03-17,TCS,TCS,3489
2025-03-18,TCS,TCS,3497.699951171875
2025-03-19,TCS,TCS,3547
2025-03-20,TCS,TCS,3512
2025-03-21,TCS,TCS,3475
2025-03-24,TCS,TCS,3600
2025-03-25,TCS,TCS,3645
2025-03-26,TCS,TCS,3647.75
2025-03-27,TCS,TCS,3614.85009765625
2025-03-28,TCS,TCS,3651
2025-04-01,TCS,TCS,3572.699951171875
2025-04-02,TCS,TCS,3544
2025-04-03,TCS,TCS,3491
2025-04-04,TCS,TCS,3362.60009765625
2025-04-07,TCS,TCS,3100
2025-04-08,TCS,TCS,3302.050048828125
2025-04-09,TCS,TCS,3260.550048828125
2025-04-11,TCS,TCS,3289.550048828125
2025-04-15,TCS,TCS,3314.39990234375
2025-04-16,TCS,TCS,3248.199951171875
2025-04-17,TCS,TCS,3245.5
2025-04-21,TCS,TCS,3290.10009765625
2025-04-22,TCS,TCS,3322.60009765625
2025-04-23,TCS,TCS,3365
2025-04-24,TCS,TCS,3401.10009765625
2025-04-25,TCS,TCS,3420
2025-04-28,TCS,TCS,3435
2025-04-29,TCS,TCS,3455
2025-04-30,TCS,TCS,3472
2025-05-02,TCS,TCS,3472
2025-05-05,TCS,TCS,3450
2025-05-06,TCS,TCS,3460
2025-05-07,TCS,TCS,3420.60009765625
2025-05-08,TCS,TCS,3448
2025-05-09,TCS,TCS,3399
2025-05-12,TCS,TCS,3505
2025-05-13,TCS,TCS,3620.39990234375
2025-05-14,TCS,TCS,3521
2025-05-15,TCS,TCS,3564
2025-05-16,TCS,TCS,3593.89990234375
2025-05-19,TCS,TCS,3550
2025-05-20,TCS,TCS,3531.800048828125
2025-05-21,TCS,TCS,3508
2025-05-22,TCS,TCS,3495
2025-05-23,TCS,TCS,3477
2025-05-26,TCS,TCS,3521
2025-05-27,TCS,TCS,3532
2025-05-28,TCS,TCS,3520
2025-05-29,TCS,TCS,3504.699951171875
2025-05-30,TCS,TCS,3490
2025-06-02,TCS,TCS,3450
2025-06-03,TCS,TCS,3446
2025-06-04,TCS,TCS,3389
2025-06-05,TCS,TCS,3409
2025-06-06,TCS,TCS,3371.10009765625
2025-06-09,TCS,TCS,3400
2025-06-10,TCS,TCS,3440
2025-06-11,TCS,TCS,3470
2025-06-12,TCS,TCS,3471.89990234375
2025-06-13,TCS,TCS,3393.199951171875
2025-06-16,TCS,TCS,3440
2025-06-17,TCS,TCS,3510
2025-06-18,TCS,TCS,3519.10009765625
2025-06-19,TCS,TCS,3450
2025-06-20,TCS,TCS,3425
2025-06-23,TCS,TCS,3415
2025-06-24,TCS,TCS,3434.60009765625
2025-06-25,TCS,TCS,3407.300048828125
2025-06-26,TCS,TCS,3444.800048828125
2025-06-27,TCS,TCS,3455
2025-06-30,TCS,TCS,3439.89990234375
2025-07-01,TCS,TCS,3455
2025-07-02,TCS,TCS,3487.199951171875
2025-07-03,TCS,TCS,3430
2025-07-04,TCS,TCS,3408
2025-07-07,TCS,TCS,3418.300048828125
2025-07-08,TCS,TCS,3405
2025-07-09,TCS,TCS,3410
2025-07-10,TCS,TCS,3380
2025-07-11,TCS,TCS,3299.89990234375
2025-07-14,TCS,TCS,3266
2025-07-15,TCS,TCS,3206
2025-07-16,TCS,TCS,3227
2025-07-17,TCS,TCS,3224.10009765625
2025-07-18,TCS,TCS,3225
2025-07-21,TCS,TCS,3190
2025-07-22,TCS,TCS,3159.60009765625
2025-07-23,TCS,TCS,3159.60009765625
2025-07-24,TCS,TCS,3165.10009765625
2025-07-25,TCS,TCS,3140
2025-07-28,TCS,TCS,3110
2025-07-29,TCS,TCS,3060
2025-07-30,TCS,TCS,3060
2025-07-31,TCS,TCS,3041.699951171875
2025-08-01,TCS,TCS,3029.89990234375
2025-08-04,TCS,TCS,3009.10009765625
2025-08-05,TCS,TCS,3074.39990234375
2025-08-06,TCS,TCS,3063
2025-08-07,TCS,TCS,3016
2025-08-08,TCS,TCS,3048.10009765625
2025-08-11,TCS,TCS,3036.39990234375
2025-08-12,TCS,TCS,3041
2025-08-13,TCS,TCS,3036.10009765625
2025-08-14,TCS,TCS,3034
2025-08-18,TCS,TCS,3046.5
2025-08-19,TCS,TCS,3011.199951171875
2025-08-20,TCS,TCS,3010.89990234375
2025-08-21,TCS,TCS,3130
2025-08-22,TCS,TCS,3086
2025-08-25,TCS,TCS,3087.300048828125
2025-08-26,TCS,TCS,3129
2025-08-28,TCS,TCS,3145
2025-08-29,TCS,TCS,3093
2025-09-01,TCS,TCS,3090
2025-09-02,TCS,TCS,3121.10009765625
2025-09-03,TCS,TCS,3129.89990234375
2025-09-04,TCS,TCS,3116
2025-09-05,TCS,TCS,3097.10009765625
2025-09-08,TCS,TCS,3050
2025-09-09,TCS,TCS,3032.10009765625
2025-09-10,TCS,TCS,3056.39990234375
2025-09-11,TCS,TCS,3139
2025-09-12,TCS,TCS,3144
2025-09-15,TCS,TCS,3134
2025-09-16,TCS,TCS,3128
2025-09-17,TCS,TCS,3152
2025-09-18,TCS,TCS,3185
2025-09-19,TCS,TCS,3170
2025-09-22,TCS,TCS,3095
2025-09-23,TCS,TCS,3070
2025-09-24,TCS,TCS,3050
2025-09-25,TCS,TCS,3022
2025-09-26,TCS,TCS,2941
2025-09-29,TCS,TCS,2916
2025-09-30,TCS,TCS,2911
2025-10-01,TCS,TCS,2891
2025-10-03,TCS,TCS,2924
2025-10-06,TCS,TCS,2902
2025-10-07,TCS,TCS,2995
2025-10-08,TCS,TCS,2975
2025-10-09,TCS,TCS,3034
2025-10-10,TCS,TCS,3050
2025-10-13,TCS,TCS,3027
2025-10-14,TCS,TCS,3021
2025-10-15,TCS,TCS,2971
2025-10-16,TCS,TCS,2969.89990234375
2025-10-17,TCS,TCS,2970
2025-10-20,TCS,TCS,2985.5
2025-10-21,TCS,TCS,3031.10009765625
2025-10-23,TCS,TCS,3055
2025-10-24,TCS,TCS,3080
2025-10-27,TCS,TCS,3066.5
2025-10-28,TCS,TCS,3076
2025-10-29,TCS,TCS,3057.89990234375
2025-10-30,TCS,TCS,3049.10009765625
2025-10-31,TCS,TCS,3035
2025-11-03,TCS,TCS,3046.89990234375
2025-11-04,TCS,TCS,3019.60009765625
2025-11-06,TCS,TCS,2990.10009765625
2025-11-07,TCS,TCS,3001
2025-11-10,TCS,TCS,2993
2025-11-11,TCS,TCS,3045
2025-11-12,TCS,TCS,3060
2025-11-13,TCS,TCS,3131.800048828125
2025-11-14,TCS,TCS,3090
2025-11-17,TCS,TCS,3106
2025-11-18,TCS,TCS,3102
2025-11-19,TCS,TCS,3097
2025-11-20,TCS,TCS,3148
2025-11-21,TCS,TCS,3144.800048828125
2025-11-24,TCS,TCS,3158
2025-11-25,TCS,TCS,3145.300048828125
2025-11-26,TCS,TCS,3118.800048828125
2025-11-27,TCS,TCS,3180
2025-11-28,TCS,TCS,3140
2025-12-01,TCS,TCS,3137.89990234375
2025-12-02,TCS,TCS,3131
2025-12-03,TCS,TCS,3140
2025-12-04,TCS,TCS,3194
2025-12-05,TCS,TCS,3230
2025-12-08,TCS,TCS,3243
2025-12-09,TCS,TCS,3230
2025-12-10,TCS,TCS,3225
2025-12-11,TCS,TCS,3205
2025-12-12,TCS,TCS,3197.699951171875
2025-12-15,TCS,TCS,3211.10009765625
2025-12-16,TCS,TCS,3220
2025-12-17,TCS,TCS,3200.5
2025-12-18,TCS,TCS,3228
2025-12-19,TCS,TCS,3299
2025-12-22,TCS,TCS,3310
2025-12-23,TCS,TCS,3319.89990234375
2025-12-24,TCS,TCS,3304.10009765625
2025-12-26,TCS,TCS,3313.10009765625
2025-12-29,TCS,TCS,3280
2025-12-30,TCS,TCS,3250
